perfil_id,version_perfil,vigencia_desde,pais,moneda,descripcion_visible,nivel_informacion_visible,estado_alcance_mvp,actividad_1_familia,actividad_1_codigo_cuoc,actividad_1_ocupacion_cuoc,actividad_1_codigo_denominacion_cuoc,actividad_1_denominacion_cuoc,actividad_1_rol,actividad_1_modalidad_ingreso,actividad_1_visible,actividad_2_familia,actividad_2_codigo_cuoc,actividad_2_ocupacion_cuoc,actividad_2_codigo_denominacion_cuoc,actividad_2_denominacion_cuoc,actividad_2_rol,actividad_2_modalidad_ingreso,actividad_2_visible,cantidad_fuentes_ingreso,estado_ingresos_extraible,hobby_1,hobby_2,meta_declarada,horizonte_meta,responsabilidad_declarada,personas_a_cargo_declaradas,realidad_sintetica_completa,informacion_extraible,informacion_no_determinable,historia_financiera_controlada,liquidez_inicial,deuda_inicial,consentimiento_analisis,particion,es_sintetico,version_esquema,huella_registro,estado_ingreso_actual,ingreso_mensual_neto,actividad_principal_declarada,ingreso_principal,modalidad_ingreso_principal,tiene_ingreso_adicional,ingreso_adicional,modalidad_ingreso_adicional,objetivo_proximo,hobbies,responsabilidad_financiera,tipos_deuda,nivel_endeudamiento_pct,estado_calculo_endeudamiento,habito_ahorro
PERF_0001,perfil_estructurado_v2.0,2026-04-01,Colombia,COP,Actividad principal declarada: Ingeniero de software / Ingeniera de software. Estado de ingreso actual: mixto. Ingreso mensual neto declarado: 4476667 COP. Ingreso adicional: actividad independiente adicional. Hobbies declarados: pintura | turismo_y_viajes. Objetivo: crear fondo emergencia.,parcial,dentro_del_mvp,ingenieria_y_desarrollo_de_software,25120,Desarrolladores de software / Desarrolladoras de software,25120.031,Ingeniero de software / Ingeniera de software,principal,mixto,si,,,,,,,,no_aplica,2,ingresos_mixtos_declarados,pintura,turismo_y_viajes,crear_fondo_emergencia,6_meses,gastos_de_un_hijo,1.0,actividad_principal:ingenieria_y_desarrollo_de_software | actividad_secundaria:ninguna | hobbies:pintura | turismo_y_viajes | meta:crear_fondo_emergencia | responsabilidad:gastos_de_un_hijo | historia:acumulacion_estable,ingenieria_y_desarrollo_de_software | pintura | turismo_y_viajes | crear_fondo_emergencia | gastos_de_un_hijo,otras_fuentes_no_declaradas,acumulacion_estable,1662767,8031665,si,train,si,fincoach_mvp_estructurado_v2.0,a3dbf14a4c3b5f04a658dafb73c87ba937ac8e1cb5b5dfd425a4b4336b4c708d,mixto,4476667,Ingeniero de software / Ingeniera de software,Ingeniero de software / Ingeniera de software,mixto,si,actividad independiente adicional,variable,crear fondo emergencia,pintura | turismo_y_viajes,gastos de un hijo,credito,4.93,calculado,media
PERF_0002,perfil_estructurado_v2.0,2026-04-01,Colombia,COP,Actividad principal declarada: Nutricionista dietista. Estado de ingreso actual: fijo. Ingreso mensual neto declarado: 1060000 COP. Hobbies declarados: cocina_y_reposteria | fotografia_y_video. Objetivo: ampliar actividad economica.,parcial,dentro_del_mvp,nutricion_y_dietetica,22650,Nutricionistas dietistas,22650.014,Nutricionista dietista,principal,estable,si,,,,,,,,no_aplica,1,ingreso_fijo_declarado,cocina_y_reposteria,fotografia_y_video,ampliar_actividad_economica,6_meses,aporte_hogar_compartido,0.0,actividad_principal:nutricion_y_dietetica | actividad_secundaria:ninguna | hobbies:cocina_y_reposteria | fotografia_y_video | meta:ampliar_actividad_economica | responsabilidad:aporte_hogar_compartido | historia:equilibrio_sostenible,nutricion_y_dietetica | ampliar_actividad_economica | aporte_hogar_compartido,hobbies,equilibrio_sostenible,10224606,3753786,si,train,si,fincoach_mvp_estructurado_v2.0,1b9611065e98a60ce43f91343a0b0f28434cc88b0eba79b26e0efa71a40abe4f,fijo,1060000,Nutricionista dietista,Nutricionista dietista,fijo,no,,,ampliar actividad economica,cocina_y_reposteria | fotografia_y_video,aporte hogar compartido,credito,0.0,calculado,alta
PERF_0003,perfil_estructurado_v2.0,2026-04-01,Colombia,COP,Actividad principal declarada: Disc jockey. Estado de ingreso actual: mixto. Ingreso mensual neto declarado: 8749000 COP. Ingreso adicional: Editor de video / Editora de video. Hobbies declarados: manualidades_y_artesanias | impresion_3d.,parcial,dentro_del_mvp,musica_y_entretenimiento_dj,26521,Intérpretes musicales,26521.035,Disc jockey,principal,mixto,si,diseno_audiovisual_y_edicion_de_video,26541.0,"Productores, directores y editores de cine, teatro y afines / Productoras, directoras y editoras de cine, teatro y afines",26541.06,Editor de video / Editora de video,secundaria,variable,si,2,ingresos_mixtos_declarados,manualidades_y_artesanias,impresion_3d,,,,,actividad_principal:musica_y_entretenimiento_dj | actividad_secundaria:diseno_audiovisual_y_edicion_de_video | hobbies:manualidades_y_artesanias | impresion_3d | meta:crear_fondo_emergencia | responsabilidad:apoyo_mensual_madre_o_padre | historia:variable_resiliente,musica_y_entretenimiento_dj | diseno_audiovisual_y_edicion_de_video | manualidades_y_artesanias | impresion_3d,meta | responsabilidades,variable_resiliente,4102250,8758948,si,train,si,fincoach_mvp_estructurado_v2.0,23472239aed46f6e97a66cadd5f43b3dc3ebf3dbe3d9631edf58cf4e8a9a0ef7,mixto,8749000,Disc jockey,Disc jockey,mixto,si,Editor de video / Editora de video,variable,no declarado,manualidades_y_artesanias | impresion_3d,no declarada,credito,3.16,calculado,baja
PERF_0004,perfil_estructurado_v2.0,2026-04-01,Colombia,COP,Actividad principal declarada: Ciclista. Estado de ingreso actual: variable. Ingreso mensual neto declarado: 7895333 COP. Hobbies declarados: musica | fotografia_y_video.,parcial,dentro_del_mvp,deporte_competitivo_ciclismo,34210,Atletas y deportistas,34210.007,Ciclista,principal,variable,si,nutricion_y_dietetica,22650.0,Nutricionistas dietistas,22650.014,Nutricionista dietista,secundaria,mixto,si,1,ingreso_variable_declarado,musica,fotografia_y_video,,,gastos_de_un_hijo,1.0,actividad_principal:deporte_competitivo_ciclismo | actividad_secundaria:nutricion_y_dietetica | hobbies:musica | fotografia_y_video | meta:crear_fondo_emergencia | responsabilidad:gastos_de_un_hijo | historia:uso_planificado_reserva,deporte_competitivo_ciclismo | nutricion_y_dietetica | musica | fotografia_y_video | gastos_de_un_hijo,meta,uso_planificado_reserva,22524685,17967899,si,train,si,fincoach_mvp_estructurado_v2.0,7904283a32e391c982d3a70dd3b5b003f8db23513c611ec48d5d5b33084c0067,variable,7895333,Ciclista,Ciclista,variable,no,,,no declarado,musica | fotografia_y_video,gastos de un hijo,credito,10.9,calculado,media
PERF_0005,perfil_estructurado_v2.0,2026-04-01,Colombia,COP,Actividad principal declarada: Repartidor de domicilios / Repartidora de domicilios. Estado de ingreso actual: fijo. Ingreso mensual neto declarado: 500000 COP. Hobbies declarados: fotografia_y_video | ciclismo.,parcial,dentro_del_mvp,domicilios_mensajeria_y_reparto,96211,"Mandaderos, maleteros y repartidores / Mandaderas, maleteras y repartidoras",96211.011,Repartidor de domicilios / Repartidora de domicilios,principal,estable,si,ventas_al_por_menor,52230.0,"Vendedores y auxiliares de venta en tiendas, almacenes y afines / Vendedoras y auxiliares de venta en tiendas, almacenes y afines",52230.032,Vendedor de tienda / Vendedora de tienda,secundaria,mixto,si,1,ingreso_fijo_declarado,fotografia_y_video,ciclismo,,,apoyo_parcial_a_dos_familiares,2.0,actividad_principal:domicilios_mensajeria_y_reparto | actividad_secundaria:ventas_al_por_menor | hobbies:fotografia_y_video | ciclismo | meta:pagar_deuda | responsabilidad:apoyo_parcial_a_dos_familiares | historia:deterioro_reciente,domicilios_mensajeria_y_reparto | ventas_al_por_menor | fotografia_y_video | ciclismo | apoyo_parcial_a_dos_familiares,meta,deterioro_reciente,6806139,4450913,si,train,si,fincoach_mvp_estructurado_v2.0,986717d4d1d54683d1023c8b2d177228d55c2e76ef6339c563fff3e933a2f267,fijo,500000,Repartidor de domicilios / Repartidora de domicilios,Repartidor de domicilios / Repartidora de domicilios,fijo,no,,,no declarado,fotografia_y_video | ciclismo,apoyo parcial a dos familiares,credito,35.5,calculado,alta
PERF_0006,perfil_estructurado_v2.0,2026-04-01,Colombia,COP,Actividad principal declarada: Vendedor de tienda / Vendedora de tienda. Estado de ingreso actual: apoyo. Ingreso mensual neto declarado: 500000 COP. Hobbies declarados: videojuegos_y_streaming | musica.,parcial,dentro_del_mvp,ventas_al_por_menor,52230,"Vendedores y auxiliares de venta en tiendas, almacenes y afines / Vendedoras y auxiliares de venta en tiendas, almacenes y afines",52230.032,Vendedor de tienda / Vendedora de tienda,principal,apoyo,si,domicilios_mensajeria_y_reparto,96211.0,"Mandaderos, maleteros y repartidores / Mandaderas, maleteras y repartidoras",96211.011,Repartidor de domicilios / Repartidora de domicilios,secundaria,variable,si,1,apoyo_declarado,videojuegos_y_streaming,musica,,,,,actividad_principal:ventas_al_por_menor | actividad_secundaria:domicilios_mensajeria_y_reparto | hobbies:videojuegos_y_streaming | musica | meta:pagar_deuda | responsabilidad:apoyo_parcial_a_dos_familiares | historia:fragilidad_sostenida,ventas_al_por_menor | domicilios_mensajeria_y_reparto | videojuegos_y_streaming | musica,meta | responsabilidades,fragilidad_sostenida,1430442,13237229,si,train,si,fincoach_mvp_estructurado_v2.0,225ac5f1ea480e6b8756f1321c9aebba8d16c36b8db0cde22598c81cc50fd8c2,apoyo,500000,Vendedor de tienda / Vendedora de tienda,apoyo familiar o de terceros,apoyo,no,,,no declarado,videojuegos_y_streaming | musica,no declarada,credito,100.0,calculado,baja
PERF_0007,perfil_estructurado_v2.0,2026-04-01,Colombia,COP,Actividad principal declarada: Editor de video / Editora de video. Estado de ingreso actual: apoyo. Ingreso mensual neto declarado: 500000 COP. Hobbies declarados: turismo_y_viajes | impresion_3d.,parcial,dentro_del_mvp,diseno_audiovisual_y_edicion_de_video,26541,"Productores, directores y editores de cine, teatro y afines / Productoras, directoras y editoras de cine, teatro y afines",26541.06,Editor de video / Editora de video,principal,apoyo,si,nutricion_y_dietetica,22650.0,Nutricionistas dietistas,22650.014,Nutricionista dietista,secundaria,mixto,si,1,apoyo_declarado,turismo_y_viajes,impresion_3d,,,,,actividad_principal:diseno_audiovisual_y_edicion_de_video | actividad_secundaria:nutricion_y_dietetica | hobbies:turismo_y_viajes | impresion_3d | meta:mejorar_vivienda | responsabilidad:gastos_de_un_hijo | historia:situacion_critica,diseno_audiovisual_y_edicion_de_video | nutricion_y_dietetica | turismo_y_viajes | impresion_3d,meta | responsabilidades,situacion_critica,1539316,9167711,si,train,si,fincoach_mvp_estructurado_v2.0,a6feb9af30f0d21a9353df931e20e7441fa11541c6942df82076be960506c070,apoyo,500000,Editor de video / Editora de video,apoyo familiar o de terceros,apoyo,no,,,no declarado,turismo_y_viajes | impresion_3d,no declarada,credito,100.0,calculado,baja
PERF_0008,perfil_estructurado_v2.0,2026-04-01,Colombia,COP,Actividad principal declarada: Docente de educación básica secundaria. Estado de ingreso actual: fijo. Ingreso mensual neto declarado: 510000 COP. Hobbies declarados: impresion_3d | videojuegos_y_streaming. Objetivo: hacer viaje.,parcial,dentro_del_mvp,docencia_y_formacion,23300,Profesores de educación secundaria / Profesoras de educación secundaria,23300.001,Docente de educación básica secundaria,principal,estable,si,deporte_competitivo_ciclismo,34210.0,Atletas y deportistas,34210.007,Ciclista,secundaria,mixto,no,1,ingreso_fijo_declarado,impresion_3d,videojuegos_y_streaming,hacer_viaje,6_a_12_meses,apoyo_parcial_a_dos_familiares,2.0,actividad_principal:docencia_y_formacion | actividad_secundaria:deporte_competitivo_ciclismo | hobbies:impresion_3d | videojuegos_y_streaming | meta:hacer_viaje | responsabilidad:apoyo_parcial_a_dos_familiares | historia:acumulacion_estable,docencia_y_formacion | hacer_viaje | apoyo_parcial_a_dos_familiares,segunda_actividad_economica | hobbies,acumulacion_estable,12785018,3190706,si,train,si,fincoach_mvp_estructurado_v2.0,e95e84e9d7094e3229ea1b38388d6527690c2f1cfbce1236d113aa0ec735f029,fijo,510000,Docente de educación básica secundaria,Docente de educación básica secundaria,fijo,no,,,hacer viaje,impresion_3d | videojuegos_y_streaming,apoyo parcial a dos familiares,credito,60.92,calculado,alta
PERF_0009,perfil_estructurado_v2.0,2026-04-01,Colombia,COP,Actividad principal declarada: Horticultor / Horticultora. Estado de ingreso actual: variable. Ingreso mensual neto declarado: 4231667 COP. Hobbies declarados: jardineria_y_agricultura_urbana. Objetivo: hacer viaje.,parcial,dentro_del_mvp,agricultura,61131,"Agricultores de huertas, invernaderos, viveros y jardines / Agricultoras de huertas, invernaderos, viveros y jardines",61131.017,Horticultor / Horticultora,principal,variable,si,,,,,,,,no_aplica,1,ingreso_variable_declarado,jardineria_y_agricultura_urbana,,hacer_viaje,6_a_12_meses,aporte_hogar_compartido,0.0,actividad_principal:agricultura | actividad_secundaria:ninguna | hobbies:jardineria_y_agricultura_urbana | meta:hacer_viaje | responsabilidad:aporte_hogar_compartido | historia:equilibrio_sostenible,agricultura | jardineria_y_agricultura_urbana | hacer_viaje | aporte_hogar_compartido,otras_fuentes_no_declaradas,equilibrio_sostenible,4075186,6129906,si,train,si,fincoach_mvp_estructurado_v2.0,6ad911b02668238b045285f7f415b55ba2b387f4d53e263c974218f23b4aef97,variable,4231667,Horticultor / Horticultora,Horticultor / Horticultora,variable,no,,,hacer viaje,jardineria_y_agricultura_urbana,aporte hogar compartido,credito,6.6,calculado,baja
PERF_0010,perfil_estructurado_v2.0,2026-04-01,Colombia,COP,Actividad principal declarada: Barbero / Barbera. Estado de ingreso actual: variable. Ingreso mensual neto declarado: 4574000 COP. Hobbies declarados: ciclismo. Objetivo: mejorar vivienda.,parcial,dentro_del_mvp,peluqueria_y_barberia,51410,Peluqueros / Peluqueras,51410.001,Barbero / Barbera,principal,variable,si,,,,,,,,no_aplica,1,ingreso_variable_declarado,ciclismo,,mejorar_vivienda,12_meses,,,actividad_principal:peluqueria_y_barberia | actividad_secundaria:ninguna | hobbies:ciclismo | meta:mejorar_vivienda | responsabilidad:medicamentos_de_un_familiar | historia:variable_resiliente,peluqueria_y_barberia | ciclismo | mejorar_vivienda,responsabilidades,variable_resiliente,7460242,8032317,si,train,si,fincoach_mvp_estructurado_v2.0,1940c672ff129e053e08bd3e05173fc4d87f05bb74975681f85cc4a3af70f7d6,variable,4574000,Barbero / Barbera,Barbero / Barbera,variable,no,,,mejorar vivienda,ciclismo,no declarada,credito,3.17,calculado,media
PERF_0011,perfil_estructurado_v2.0,2026-04-01,Colombia,COP,Actividad principal declarada: Ingeniero de software / Ingeniera de software. Estado de ingreso actual: variable. Ingreso mensual neto declarado: 9371000 COP. Hobbies declarados: pintura | jardineria_y_agricultura_urbana.,parcial,dentro_del_mvp,ingenieria_y_desarrollo_de_software,25120,Desarrolladores de software / Desarrolladoras de software,25120.031,Ingeniero de software / Ingeniera de software,principal,variable,si,domicilios_mensajeria_y_reparto,96211.0,"Mandaderos, maleteros y repartidores / Mandaderas, maleteras y repartidoras",96211.011,Repartidor de domicilios / Repartidora de domicilios,secundaria,variable,no,1,ingreso_variable_declarado,pintura,jardineria_y_agricultura_urbana,,,apoyo_mensual_madre_o_padre,1.0,actividad_principal:ingenieria_y_desarrollo_de_software | actividad_secundaria:domicilios_mensajeria_y_reparto | hobbies:pintura | jardineria_y_agricultura_urbana | meta:comprar_bicicleta | responsabilidad:apoyo_mensual_madre_o_padre | historia:uso_planificado_reserva,ingenieria_y_desarrollo_de_software | pintura | jardineria_y_agricultura_urbana | apoyo_mensual_madre_o_padre,segunda_actividad_economica | meta,uso_planificado_reserva,24683766,0,si,train,si,fincoach_mvp_estructurado_v2.0,91e5c6a4abc1052ea859a575abfa7b259785ca3a2b5c4dfaaebe1356bb62531e,variable,9371000,Ingeniero de software / Ingeniera de software,Ingeniero de software / Ingeniera de software,variable,no,,,no declarado,pintura | jardineria_y_agricultura_urbana,apoyo mensual madre o padre,sin_deuda,0.0,calculado,baja
PERF_0012,perfil_estructurado_v2.0,2026-04-01,Colombia,COP,Actividad principal declarada: Nutricionista dietista. Estado de ingreso actual: mixto. Ingreso mensual neto declarado: 3599667 COP. Ingreso adicional: Docente de educación básica secundaria. Hobbies declarados: cocina_y_reposteria | fotografia_y_video.,parcial,dentro_del_mvp,nutricion_y_dietetica,22650,Nutricionistas dietistas,22650.014,Nutricionista dietista,principal,mixto,si,docencia_y_formacion,23300.0,Profesores de educación secundaria / Profesoras de educación secundaria,23300.001,Docente de educación básica secundaria,secundaria,estable,no,2,ingresos_mixtos_declarados,cocina_y_reposteria,fotografia_y_video,,,ninguna_declarada,0.0,actividad_principal:nutricion_y_dietetica | actividad_secundaria:docencia_y_formacion | hobbies:cocina_y_reposteria | fotografia_y_video | meta:crear_fondo_emergencia | responsabilidad:ninguna_declarada | historia:deterioro_reciente,nutricion_y_dietetica | cocina_y_reposteria | fotografia_y_video | ninguna_declarada,segunda_actividad_economica | meta,deterioro_reciente,10893628,4926817,si,validation,si,fincoach_mvp_estructurado_v2.0,a3dd25d83913f28b416b299eb8fd79cd16c2abd4c9c9c31361b3352ac2348ef0,mixto,3599667,Nutricionista dietista,Nutricionista dietista,mixto,si,Docente de educación básica secundaria,variable,no declarado,cocina_y_reposteria | fotografia_y_video,ninguna declarada,credito,5.06,calculado,baja
PERF_0013,perfil_estructurado_v2.0,2026-04-01,Colombia,COP,Actividad principal declarada: Disc jockey. Estado de ingreso actual: variable. Ingreso mensual neto declarado: 3251667 COP. Hobbies declarados: manualidades_y_artesanias | cocina_y_reposteria.,parcial,dentro_del_mvp,musica_y_entretenimiento_dj,26521,Intérpretes musicales,26521.035,Disc jockey,principal,variable,si,nutricion_y_dietetica,22650.0,Nutricionistas dietistas,22650.014,Nutricionista dietista,secundaria,mixto,si,1,ingreso_variable_declarado,manualidades_y_artesanias,cocina_y_reposteria,,,medicamentos_de_un_familiar,1.0,actividad_principal:musica_y_entretenimiento_dj | actividad_secundaria:nutricion_y_dietetica | hobbies:manualidades_y_artesanias | cocina_y_reposteria | meta:comprar_equipo_de_trabajo | responsabilidad:medicamentos_de_un_familiar | historia:fragilidad_sostenida,musica_y_entretenimiento_dj | nutricion_y_dietetica | medicamentos_de_un_familiar,hobbies | meta,fragilidad_sostenida,311051,10672528,si,train,si,fincoach_mvp_estructurado_v2.0,0457124305e9c421d8e450b9e166c38a655df81f0cf9d4da3ff0729815155a61,variable,3251667,Disc jockey,Disc jockey,variable,no,,,no declarado,manualidades_y_artesanias | cocina_y_reposteria,medicamentos de un familiar,credito,10.43,calculado,baja
PERF_0014,perfil_estructurado_v2.0,2026-04-01,Colombia,COP,Actividad principal declarada: Ciclista. Estado de ingreso actual: mixto. Ingreso mensual neto declarado: 2827667 COP. Ingreso adicional: actividad independiente adicional. Hobbies declarados: musica.,parcial,dentro_del_mvp,deporte_competitivo_ciclismo,34210,Atletas y deportistas,34210.007,Ciclista,principal,mixto,si,,,,,,,,no_aplica,2,ingresos_mixtos_declarados,musica,,,,,,actividad_principal:deporte_competitivo_ciclismo | actividad_secundaria:ninguna | hobbies:musica | meta:hacer_viaje | responsabilidad:gastos_de_un_hijo | historia:situacion_critica,deporte_competitivo_ciclismo | musica,meta | responsabilidades,situacion_critica,251250,18555669,si,train,si,fincoach_mvp_estructurado_v2.0,ef8ff775c5e4ba98d15365628d9d93e826d28fefd18d8688e5439de7026c690e,mixto,2827667,Ciclista,Ciclista,mixto,si,actividad independiente adicional,variable,no declarado,musica,no declarada,credito,26.59,calculado,alta
PERF_0015,perfil_estructurado_v2.0,2026-04-01,Colombia,COP,Actividad principal declarada: Repartidor de domicilios / Repartidora de domicilios. Estado de ingreso actual: mixto. Ingreso mensual neto declarado: 5225000 COP. Ingreso adicional: actividad independiente adicional. Hobbies declarados: fotografia_y_video | pintura.,parcial,dentro_del_mvp,domicilios_mensajeria_y_reparto,96211,"Mandaderos, maleteros y repartidores / Mandaderas, maleteras y repartidoras",96211.011,Repartidor de domicilios / Repartidora de domicilios,principal,mixto,si,,,,,,,,no_aplica,2,ingresos_mixtos_declarados,fotografia_y_video,pintura,,,,,actividad_principal:domicilios_mensajeria_y_reparto | actividad_secundaria:ninguna | hobbies:fotografia_y_video | pintura | meta:comprar_equipo_de_trabajo | responsabilidad:medicamentos_de_un_familiar | historia:acumulacion_estable,domicilios_mensajeria_y_reparto | fotografia_y_video | pintura,meta | responsabilidades,acumulacion_estable,2727718,4522374,si,train,si,fincoach_mvp_estructurado_v2.0,222e94048d947a867430e44b697dbd5ca04bbd65f75d5a6e1ebc54fe16ed0e82,mixto,5225000,Repartidor de domicilios / Repartidora de domicilios,Repartidor de domicilios / Repartidora de domicilios,mixto,si,actividad independiente adicional,variable,no declarado,fotografia_y_video | pintura,no declarada,credito,2.57,calculado,baja
PERF_0016,perfil_estructurado_v2.0,2026-04-01,Colombia,COP,Actividad principal declarada: Vendedor de tienda / Vendedora de tienda. Estado de ingreso actual: apoyo. Ingreso mensual neto declarado: 1240000 COP. Hobbies declarados: videojuegos_y_streaming.,minima,dentro_del_mvp,ventas_al_por_menor,52230,"Vendedores y auxiliares de venta en tiendas, almacenes y afines / Vendedoras y auxiliares de venta en tiendas, almacenes y afines",52230.032,Vendedor de tienda / Vendedora de tienda,principal,apoyo,si,,,,,,,,no_aplica,1,apoyo_declarado,videojuegos_y_streaming,,,,,,actividad_principal:ventas_al_por_menor | actividad_secundaria:ninguna | hobbies:videojuegos_y_streaming | meta:hacer_certificacion_profesional | responsabilidad:ninguna_declarada | historia:equilibrio_sostenible,ventas_al_por_menor,hobbies | meta | responsabilidades,equilibrio_sostenible,9942745,1326817,si,test,si,fincoach_mvp_estructurado_v2.0,d814a145ba39b3908efcd02b6e5bb4074ab2f2ccfd1d1b585ddc8f0055d7c1e2,apoyo,1240000,Vendedor de tienda / Vendedora de tienda,apoyo familiar o de terceros,apoyo,no,,,no declarado,videojuegos_y_streaming,no declarada,credito,28.95,calculado,baja
PERF_0017,perfil_estructurado_v2.0,2026-04-01,Colombia,COP,Actividad principal declarada: Editor de video / Editora de video. Estado de ingreso actual: fijo. Ingreso mensual neto declarado: 580000 COP. Hobbies declarados: turismo_y_viajes | cocina_y_reposteria. Objetivo: mejorar vivienda.,parcial,dentro_del_mvp,diseno_audiovisual_y_edicion_de_video,26541,"Productores, directores y editores de cine, teatro y afines / Productoras, directoras y editoras de cine, teatro y afines",26541.06,Editor de video / Editora de video,principal,estable,si,,,,,,,,no_aplica,1,ingreso_fijo_declarado,turismo_y_viajes,cocina_y_reposteria,mejorar_vivienda,12_meses,,,actividad_principal:diseno_audiovisual_y_edicion_de_video | actividad_secundaria:ninguna | hobbies:turismo_y_viajes | cocina_y_reposteria | meta:mejorar_vivienda | responsabilidad:apoyo_parcial_a_dos_familiares | historia:variable_resiliente,diseno_audiovisual_y_edicion_de_video | turismo_y_viajes | cocina_y_reposteria | mejorar_vivienda,responsabilidades,variable_resiliente,4893149,5341698,si,train,si,fincoach_mvp_estructurado_v2.0,2910fe08fa59a274ceb944e8bfee78908f449c746265c58f831cddcb59194981,fijo,580000,Editor de video / Editora de video,Editor de video / Editora de video,fijo,no,,,mejorar vivienda,turismo_y_viajes | cocina_y_reposteria,no declarada,credito,61.72,calculado,alta
PERF_0018,perfil_estructurado_v2.0,2026-04-01,Colombia,COP,Actividad principal declarada: Docente de educación básica secundaria. Estado de ingreso actual: fijo. Ingreso mensual neto declarado: 1201000 COP. Hobbies declarados: impresion_3d | fotografia_y_video. Objetivo: comprar bicicleta.,parcial,dentro_del_mvp,docencia_y_formacion,23300,Profesores de educación secundaria / Profesoras de educación secundaria,23300.001,Docente de educación básica secundaria,principal,estable,si,deporte_competitivo_ciclismo,34210.0,Atletas y deportistas,34210.007,Ciclista,secundaria,mixto,no,1,ingreso_fijo_declarado,impresion_3d,fotografia_y_video,comprar_bicicleta,6_meses,apoyo_mensual_madre_o_padre,1.0,actividad_principal:docencia_y_formacion | actividad_secundaria:deporte_competitivo_ciclismo | hobbies:impresion_3d | fotografia_y_video | meta:comprar_bicicleta | responsabilidad:apoyo_mensual_madre_o_padre | historia:uso_planificado_reserva,docencia_y_formacion | impresion_3d | fotografia_y_video | comprar_bicicleta | apoyo_mensual_madre_o_padre,segunda_actividad_economica,uso_planificado_reserva,28754785,17678033,si,test,si,fincoach_mvp_estructurado_v2.0,584a6f5e2a888abc1e54494a36a0ccb77a34a2986293d6b21d28aa1493583ae3,fijo,1201000,Docente de educación básica secundaria,Docente de educación básica secundaria,fijo,no,,,comprar bicicleta,impresion_3d | fotografia_y_video,apoyo mensual madre o padre,credito,29.39,calculado,baja
PERF_0019,perfil_estructurado_v2.0,2026-04-01,Colombia,COP,Actividad principal declarada: Horticultor / Horticultora. Estado de ingreso actual: variable. Ingreso mensual neto declarado: 1766667 COP. Hobbies declarados: jardineria_y_agricultura_urbana | videojuegos_y_streaming.,parcial,dentro_del_mvp,agricultura,61131,"Agricultores de huertas, invernaderos, viveros y jardines / Agricultoras de huertas, invernaderos, viveros y jardines",61131.017,Horticultor / Horticultora,principal,variable,si,,,,,,,,no_aplica,1,ingreso_variable_declarado,jardineria_y_agricultura_urbana,videojuegos_y_streaming,,,medicamentos_de_un_familiar,1.0,actividad_principal:agricultura | actividad_secundaria:ninguna | hobbies:jardineria_y_agricultura_urbana | videojuegos_y_streaming | meta:crear_fondo_emergencia | responsabilidad:medicamentos_de_un_familiar | historia:deterioro_reciente,agricultura | jardineria_y_agricultura_urbana | videojuegos_y_streaming | medicamentos_de_un_familiar,meta,deterioro_reciente,730786,0,si,test,si,fincoach_mvp_estructurado_v2.0,97cc79514fa3ab80ebd2f4b183be35cc9ede708171cb72e87570c1a765e9060a,variable,1766667,Horticultor / Horticultora,Horticultor / Horticultora,variable,no,,,no declarado,jardineria_y_agricultura_urbana | videojuegos_y_streaming,medicamentos de un familiar,sin_deuda,0.0,calculado,baja
PERF_0020,perfil_estructurado_v2.0,2026-04-01,Colombia,COP,Actividad principal declarada: Barbero / Barbera. Estado de ingreso actual: mixto. Ingreso mensual neto declarado: 2170000 COP. Ingreso adicional: actividad independiente adicional. Hobbies declarados: ciclismo | fotografia_y_video. Objetivo: hacer certificacion profesional.,parcial,dentro_del_mvp,peluqueria_y_barberia,51410,Peluqueros / Peluqueras,51410.001,Barbero / Barbera,principal,mixto,si,,,,,,,,no_aplica,2,ingresos_mixtos_declarados,ciclismo,fotografia_y_video,hacer_certificacion_profesional,3_a_6_meses,,,actividad_principal:peluqueria_y_barberia | actividad_secundaria:ninguna | hobbies:ciclismo | fotografia_y_video | meta:hacer_certificacion_profesional | responsabilidad:medicamentos_de_un_familiar | historia:fragilidad_sostenida,peluqueria_y_barberia | ciclismo | fotografia_y_video | hacer_certificacion_profesional,responsabilidades,fragilidad_sostenida,1099415,9754037,si,train,si,fincoach_mvp_estructurado_v2.0,b930ceab64d818c342ec0c8f064303052f3b2cd0834d56362d7bc002efb2b819,mixto,2170000,Barbero / Barbera,Barbero / Barbera,mixto,si,actividad independiente adicional,variable,hacer certificacion profesional,ciclismo | fotografia_y_video,no declarada,credito,22.47,calculado,alta
PERF_0021,perfil_estructurado_v2.0,2026-04-01,Colombia,COP,Actividad principal declarada: Ingeniero de software / Ingeniera de software. Estado de ingreso actual: mixto. Ingreso mensual neto declarado: 6405667 COP. Ingreso adicional: Editor de video / Editora de video. Hobbies declarados: pintura. Objetivo: mejorar vivienda.,parcial,dentro_del_mvp,ingenieria_y_desarrollo_de_software,25120,Desarrolladores de software / Desarrolladoras de software,25120.031,Ingeniero de software / Ingeniera de software,principal,mixto,si,diseno_audiovisual_y_edicion_de_video,26541.0,"Productores, directores y editores de cine, teatro y afines / Productoras, directoras y editoras de cine, teatro y afines",26541.06,Editor de video / Editora de video,secundaria,variable,no,2,ingresos_mixtos_declarados,pintura,,mejorar_vivienda,12_meses,gastos_de_un_hijo,1.0,actividad_principal:ingenieria_y_desarrollo_de_software | actividad_secundaria:diseno_audiovisual_y_edicion_de_video | hobbies:pintura | meta:mejorar_vivienda | responsabilidad:gastos_de_un_hijo | historia:situacion_critica,ingenieria_y_desarrollo_de_software | pintura | mejorar_vivienda | gastos_de_un_hijo,segunda_actividad_economica,situacion_critica,3620757,30803921,si,train,si,fincoach_mvp_estructurado_v2.0,bf4089b0c0e6983a116e8a3e199a9602a8d8e75397e9591cde87492d1883e8d5,mixto,6405667,Ingeniero de software / Ingeniera de software,Ingeniero de software / Ingeniera de software,mixto,si,Editor de video / Editora de video,variable,mejorar vivienda,pintura,gastos de un hijo,credito,21.84,calculado,baja
PERF_0022,perfil_estructurado_v2.0,2026-04-01,Colombia,COP,Actividad principal declarada: Nutricionista dietista. Estado de ingreso actual: variable. Ingreso mensual neto declarado: 7090667 COP. Hobbies declarados: cocina_y_reposteria. Objetivo: mejorar vivienda.,amplia,dentro_del_mvp,nutricion_y_dietetica,22650,Nutricionistas dietistas,22650.014,Nutricionista dietista,principal,variable,si,docencia_y_formacion,23300.0,Profesores de educación secundaria / Profesoras de educación secundaria,23300.001,Docente de educación básica secundaria,secundaria,estable,si,1,ingreso_variable_declarado,cocina_y_reposteria,,mejorar_vivienda,12_meses,ninguna_declarada,0.0,actividad_principal:nutricion_y_dietetica | actividad_secundaria:docencia_y_formacion | hobbies:cocina_y_reposteria | meta:mejorar_vivienda | responsabilidad:ninguna_declarada | historia:acumulacion_estable,nutricion_y_dietetica | docencia_y_formacion | cocina_y_reposteria | mejorar_vivienda | ninguna_declarada,otras_fuentes_no_declaradas,acumulacion_estable,2466961,10827152,si,train,si,fincoach_mvp_estructurado_v2.0,eab17b4ed4a9b4a629b1a7781ca84f87e9a62d69f85d08471a31a61f9a622f0e,variable,7090667,Nutricionista dietista,Nutricionista dietista,variable,no,,,mejorar vivienda,cocina_y_reposteria,ninguna declarada,credito,6.78,calculado,media
PERF_0023,perfil_estructurado_v2.0,2026-04-01,Colombia,COP,Actividad principal declarada: Disc jockey. Estado de ingreso actual: mixto. Ingreso mensual neto declarado: 5906333 COP. Ingreso adicional: actividad independiente adicional. Hobbies declarados: manualidades_y_artesanias.,parcial,dentro_del_mvp,musica_y_entretenimiento_dj,26521,Intérpretes musicales,26521.035,Disc jockey,principal,mixto,si,,,,,,,,no_aplica,2,ingresos_mixtos_declarados,manualidades_y_artesanias,,,,,,actividad_principal:musica_y_entretenimiento_dj | actividad_secundaria:ninguna | hobbies:manualidades_y_artesanias | meta:crear_fondo_emergencia | responsabilidad:ninguna_declarada | historia:equilibrio_sostenible,musica_y_entretenimiento_dj | manualidades_y_artesanias,meta | responsabilidades,equilibrio_sostenible,11403012,7635145,si,train,si,fincoach_mvp_estructurado_v2.0,58ae605bdaf5b9ef5a4591d8d094bb7888729e73b2924205677ff103ecefea6b,mixto,5906333,Disc jockey,Disc jockey,mixto,si,actividad independiente adicional,variable,no declarado,manualidades_y_artesanias,no declarada,credito,11.56,calculado,alta
PERF_0024,perfil_estructurado_v2.0,2026-04-01,Colombia,COP,Actividad principal declarada: Ciclista. Estado de ingreso actual: variable. Ingreso mensual neto declarado: 3631667 COP. Hobbies declarados: musica | cocina_y_reposteria.,parcial,dentro_del_mvp,deporte_competitivo_ciclismo,34210,Atletas y deportistas,34210.007,Ciclista,principal,variable,si,docencia_y_formacion,23300.0,Profesores de educación secundaria / Profesoras de educación secundaria,23300.001,Docente de educación básica secundaria,secundaria,estable,no,1,ingreso_variable_declarado,musica,cocina_y_reposteria,,,,,actividad_principal:deporte_competitivo_ciclismo | actividad_secundaria:docencia_y_formacion | hobbies:musica | cocina_y_reposteria | meta:crear_fondo_emergencia | responsabilidad:medicamentos_de_un_familiar | historia:variable_resiliente,deporte_competitivo_ciclismo | musica | cocina_y_reposteria,segunda_actividad_economica | meta | responsabilidades,variable_resiliente,2756957,1615260,si,train,si,fincoach_mvp_estructurado_v2.0,c545da3b193a62e147e51c93a3bd09be77923e2412f16ec3091b4cdf9109fbb0,variable,3631667,Ciclista,Ciclista,variable,no,,,no declarado,musica | cocina_y_reposteria,no declarada,credito,12.38,calculado,media
PERF_0025,perfil_estructurado_v2.0,2026-04-01,Colombia,COP,Actividad principal declarada: Repartidor de domicilios / Repartidora de domicilios. Estado de ingreso actual: fijo. Ingreso mensual neto declarado: 500000 COP. Hobbies declarados: fotografia_y_video | pintura. Objetivo: comprar bicicleta.,amplia,dentro_del_mvp,domicilios_mensajeria_y_reparto,96211,"Mandaderos, maleteros y repartidores / Mandaderas, maleteras y repartidoras",96211.011,Repartidor de domicilios / Repartidora de domicilios,principal,estable,si,nutricion_y_dietetica,22650.0,Nutricionistas dietistas,22650.014,Nutricionista dietista,secundaria,mixto,si,1,ingreso_fijo_declarado,fotografia_y_video,pintura,comprar_bicicleta,6_meses,,,actividad_principal:domicilios_mensajeria_y_reparto | actividad_secundaria:nutricion_y_dietetica | hobbies:fotografia_y_video | pintura | meta:comprar_bicicleta | responsabilidad:gastos_de_un_hijo | historia:uso_planificado_reserva,domicilios_mensajeria_y_reparto | nutricion_y_dietetica | fotografia_y_video | pintura | comprar_bicicleta,responsabilidades,uso_planificado_reserva,11228282,0,si,validation,si,fincoach_mvp_estructurado_v2.0,2c7726059bee241453639bb9f8f01a26b364f61f1c49f21e8196c41a504fa264,fijo,500000,Repartidor de domicilios / Repartidora de domicilios,Repartidor de domicilios / Repartidora de domicilios,fijo,no,,,comprar bicicleta,fotografia_y_video | pintura,no declarada,sin_deuda,0.0,calculado,media
PERF_0026,perfil_estructurado_v2.0,2026-04-01,Colombia,COP,Actividad principal declarada: Vendedor de tienda / Vendedora de tienda. Estado de ingreso actual: apoyo. Ingreso mensual neto declarado: 830000 COP. Hobbies declarados: videojuegos_y_streaming. Objetivo: ampliar actividad economica.,amplia,dentro_del_mvp,ventas_al_por_menor,52230,"Vendedores y auxiliares de venta en tiendas, almacenes y afines / Vendedoras y auxiliares de venta en tiendas, almacenes y afines",52230.032,Vendedor de tienda / Vendedora de tienda,principal,apoyo,si,docencia_y_formacion,23300.0,Profesores de educación secundaria / Profesoras de educación secundaria,23300.001,Docente de educación básica secundaria,secundaria,estable,si,1,apoyo_declarado,videojuegos_y_streaming,,ampliar_actividad_economica,6_meses,apoyo_mensual_madre_o_padre,1.0,actividad_principal:ventas_al_por_menor | actividad_secundaria:docencia_y_formacion | hobbies:videojuegos_y_streaming | meta:ampliar_actividad_economica | responsabilidad:apoyo_mensual_madre_o_padre | historia:deterioro_reciente,ventas_al_por_menor | docencia_y_formacion | videojuegos_y_streaming | ampliar_actividad_economica | apoyo_mensual_madre_o_padre,otras_fuentes_no_declaradas,deterioro_reciente,5379671,13333018,si,test,si,fincoach_mvp_estructurado_v2.0,35b00bdccb063a299ccd2795bbb5957c33324cde04f89d69d55d8eb3195881b4,apoyo,830000,Vendedor de tienda / Vendedora de tienda,apoyo familiar o de terceros,apoyo,no,,,ampliar actividad economica,videojuegos_y_streaming,apoyo mensual madre o padre,credito,29.04,calculado,baja
PERF_0027,perfil_estructurado_v2.0,2026-04-01,Colombia,COP,Actividad principal declarada: Editor de video / Editora de video. Estado de ingreso actual: apoyo. Ingreso mensual neto declarado: 640000 COP. Hobbies declarados: turismo_y_viajes | ciclismo. Objetivo: hacer certificacion profesional.,parcial,dentro_del_mvp,diseno_audiovisual_y_edicion_de_video,26541,"Productores, directores y editores de cine, teatro y afines / Productoras, directoras y editoras de cine, teatro y afines",26541.06,Editor de video / Editora de video,principal,apoyo,si,,,,,,,,no_aplica,1,apoyo_declarado,turismo_y_viajes,ciclismo,hacer_certificacion_profesional,3_a_6_meses,aporte_hogar_compartido,0.0,actividad_principal:diseno_audiovisual_y_edicion_de_video | actividad_secundaria:ninguna | hobbies:turismo_y_viajes | ciclismo | meta:hacer_certificacion_profesional | responsabilidad:aporte_hogar_compartido | historia:fragilidad_sostenida,diseno_audiovisual_y_edicion_de_video | turismo_y_viajes | ciclismo | hacer_certificacion_profesional | aporte_hogar_compartido,otras_fuentes_no_declaradas,fragilidad_sostenida,1633583,14426435,si,train,si,fincoach_mvp_estructurado_v2.0,eb044c7b95997f8946c11ac8a43ccbfa4c5d3f623004ad7501a6284b290068fc,apoyo,640000,Editor de video / Editora de video,apoyo familiar o de terceros,apoyo,no,,,hacer certificacion profesional,turismo_y_viajes | ciclismo,aporte hogar compartido,credito,100.0,calculado,baja
PERF_0028,perfil_estructurado_v2.0,2026-04-01,Colombia,COP,Actividad principal declarada: Docente de educación básica secundaria. Estado de ingreso actual: fijo. Ingreso mensual neto declarado: 500000 COP. Hobbies declarados: impresion_3d.,parcial,dentro_del_mvp,docencia_y_formacion,23300,Profesores de educación secundaria / Profesoras de educación secundaria,23300.001,Docente de educación básica secundaria,principal,estable,si,peluqueria_y_barberia,51410.0,Peluqueros / Peluqueras,51410.001,Barbero / Barbera,secundaria,variable,si,1,ingreso_fijo_declarado,impresion_3d,,,,,,actividad_principal:docencia_y_formacion | actividad_secundaria:peluqueria_y_barberia | hobbies:impresion_3d | meta:ampliar_actividad_economica | responsabilidad:ninguna_declarada | historia:situacion_critica,docencia_y_formacion | peluqueria_y_barberia | impresion_3d,meta | responsabilidades,situacion_critica,347476,19227498,si,train,si,fincoach_mvp_estructurado_v2.0,c877d3758016d53cbd74871cfdb8200a3a285ff864e091150ccf5f07b01da6d0,fijo,500000,Docente de educación básica secundaria,Docente de educación básica secundaria,fijo,no,,,no declarado,impresion_3d,no declarada,credito,100.0,calculado,media
PERF_0029,perfil_estructurado_v2.0,2026-04-01,Colombia,COP,Actividad principal declarada: Horticultor / Horticultora. Estado de ingreso actual: sin_ingresos. Hobbies declarados: jardineria_y_agricultura_urbana | ciclismo.,parcial,dentro_del_mvp,agricultura,61131,"Agricultores de huertas, invernaderos, viveros y jardines / Agricultoras de huertas, invernaderos, viveros y jardines",61131.017,Horticultor / Horticultora,principal,sin_ingresos,si,ingenieria_y_desarrollo_de_software,25120.0,Desarrolladores de software / Desarrolladoras de software,25120.031,Ingeniero de software / Ingeniera de software,secundaria,mixto,no,0,sin_ingresos_declarados,jardineria_y_agricultura_urbana,ciclismo,,,,,actividad_principal:agricultura | actividad_secundaria:ingenieria_y_desarrollo_de_software | hobbies:jardineria_y_agricultura_urbana | ciclismo | meta:pagar_deuda | responsabilidad:ninguna_declarada | historia:acumulacion_estable,agricultura | jardineria_y_agricultura_urbana | ciclismo,segunda_actividad_economica | meta | responsabilidades,acumulacion_estable,2648451,2349065,si,train,si,fincoach_mvp_estructurado_v2.0,cc9a8b6f7755154b80749ee55173691668385f6a628bff2634ce462b7f80e9e0,sin_ingresos,0,Horticultor / Horticultora,sin ingresos actualmente; experiencia en Horticultor / Horticultora,sin_ingresos,no,,,no declarado,jardineria_y_agricultura_urbana | ciclismo,no declarada,credito,,no_calculable_sin_ingresos,nunca
PERF_0030,perfil_estructurado_v2.0,2026-04-01,Colombia,COP,Actividad principal declarada: Barbero / Barbera. Estado de ingreso actual: sin_ingresos. Hobbies declarados: ciclismo | pintura.,parcial,dentro_del_mvp,peluqueria_y_barberia,51410,Peluqueros / Peluqueras,51410.001,Barbero / Barbera,principal,sin_ingresos,si,,,,,,,,no_aplica,0,sin_ingresos_declarados,ciclismo,pintura,,,ninguna_declarada,0.0,actividad_principal:peluqueria_y_barberia | actividad_secundaria:ninguna | hobbies:ciclismo | pintura | meta:ampliar_actividad_economica | responsabilidad:ninguna_declarada | historia:equilibrio_sostenible,peluqueria_y_barberia | ciclismo | pintura | ninguna_declarada,meta,equilibrio_sostenible,5180030,0,si,train,si,fincoach_mvp_estructurado_v2.0,ece79d46cb012782f39d76a6be4cc400765e916c3d31609e7572711f656a2bee,sin_ingresos,0,Barbero / Barbera,sin ingresos actualmente; experiencia en Barbero / Barbera,sin_ingresos,no,,,no declarado,ciclismo | pintura,ninguna declarada,sin_deuda,0.0,sin_ingresos_sin_pago_observado,nunca
PERF_0031,perfil_estructurado_v2.0,2026-04-01,Colombia,COP,Actividad principal declarada: Ingeniero de software / Ingeniera de software. Estado de ingreso actual: mixto. Ingreso mensual neto declarado: 4758667 COP. Ingreso adicional: actividad independiente adicional. Hobbies declarados: pintura | impresion_3d. Objetivo: mejorar vivienda.,parcial,dentro_del_mvp,ingenieria_y_desarrollo_de_software,25120,Desarrolladores de software / Desarrolladoras de software,25120.031,Ingeniero de software / Ingeniera de software,principal,mixto,si,,,,,,,,no_aplica,2,ingresos_mixtos_declarados,pintura,impresion_3d,mejorar_vivienda,12_meses,ninguna_declarada,0.0,actividad_principal:ingenieria_y_desarrollo_de_software | actividad_secundaria:ninguna | hobbies:pintura | impresion_3d | meta:mejorar_vivienda | responsabilidad:ninguna_declarada | historia:variable_resiliente,ingenieria_y_desarrollo_de_software | pintura | impresion_3d | mejorar_vivienda | ninguna_declarada,otras_fuentes_no_declaradas,variable_resiliente,16253535,2322931,si,train,si,fincoach_mvp_estructurado_v2.0,33df25022f97df6212f0d2da1112d139e6684c895b1fbc1f432c550cdd47738d,mixto,4758667,Ingeniero de software / Ingeniera de software,Ingeniero de software / Ingeniera de software,mixto,si,actividad independiente adicional,variable,mejorar vivienda,pintura | impresion_3d,ninguna declarada,credito,18.06,calculado,media
PERF_0032,perfil_estructurado_v2.0,2026-04-01,Colombia,COP,Actividad principal declarada: Nutricionista dietista. Estado de ingreso actual: fijo. Ingreso mensual neto declarado: 1278333 COP. Hobbies declarados: cocina_y_reposteria. Objetivo: hacer viaje.,parcial,dentro_del_mvp,nutricion_y_dietetica,22650,Nutricionistas dietistas,22650.014,Nutricionista dietista,principal,estable,si,,,,,,,,no_aplica,1,ingreso_fijo_declarado,cocina_y_reposteria,,hacer_viaje,6_a_12_meses,,,actividad_principal:nutricion_y_dietetica | actividad_secundaria:ninguna | hobbies:cocina_y_reposteria | meta:hacer_viaje | responsabilidad:ninguna_declarada | historia:uso_planificado_reserva,nutricion_y_dietetica | cocina_y_reposteria | hacer_viaje,responsabilidades,uso_planificado_reserva,7969194,0,si,test,si,fincoach_mvp_estructurado_v2.0,316b29f151a780b09bfff428cfd5e8eac8b4cc1d50e786b4966d186aa67954b9,fijo,1278333,Nutricionista dietista,Nutricionista dietista,fijo,no,,,hacer viaje,cocina_y_reposteria,no declarada,sin_deuda,0.0,calculado,alta
PERF_0033,perfil_estructurado_v2.0,2026-04-01,Colombia,COP,Actividad principal declarada: Disc jockey. Estado de ingreso actual: variable. Ingreso mensual neto declarado: 2723000 COP. Hobbies declarados: manualidades_y_artesanias. Objetivo: crear fondo emergencia.,parcial,dentro_del_mvp,musica_y_entretenimiento_dj,26521,Intérpretes musicales,26521.035,Disc jockey,principal,variable,si,,,,,,,,no_aplica,1,ingreso_variable_declarado,manualidades_y_artesanias,,crear_fondo_emergencia,6_meses,ninguna_declarada,0.0,actividad_principal:musica_y_entretenimiento_dj | actividad_secundaria:ninguna | hobbies:manualidades_y_artesanias | meta:crear_fondo_emergencia | responsabilidad:ninguna_declarada | historia:deterioro_reciente,musica_y_entretenimiento_dj | manualidades_y_artesanias | crear_fondo_emergencia | ninguna_declarada,otras_fuentes_no_declaradas,deterioro_reciente,7152554,0,si,train,si,fincoach_mvp_estructurado_v2.0,617eaade63aceddc50a350859d132aca7af0a48b7e46030ab65e5487633f93b2,variable,2723000,Disc jockey,Disc jockey,variable,no,,,crear fondo emergencia,manualidades_y_artesanias,ninguna declarada,sin_deuda,0.0,calculado,baja
PERF_0034,perfil_estructurado_v2.0,2026-04-01,Colombia,COP,Actividad principal declarada: Ciclista. Estado de ingreso actual: estacional. Ingreso mensual neto declarado: 4036000 COP. Hobbies declarados: musica | ciclismo. Objetivo: pagar deuda.,parcial,dentro_del_mvp,deporte_competitivo_ciclismo,34210,Atletas y deportistas,34210.007,Ciclista,principal,estacional,si,peluqueria_y_barberia,51410.0,Peluqueros / Peluqueras,51410.001,Barbero / Barbera,secundaria,variable,no,1,ingreso_estacional_declarado,musica,ciclismo,pagar_deuda,3_a_12_meses,medicamentos_de_un_familiar,1.0,actividad_principal:deporte_competitivo_ciclismo | actividad_secundaria:peluqueria_y_barberia | hobbies:musica | ciclismo | meta:pagar_deuda | responsabilidad:medicamentos_de_un_familiar | historia:fragilidad_sostenida,deporte_competitivo_ciclismo | musica | ciclismo | pagar_deuda | medicamentos_de_un_familiar,segunda_actividad_economica,fragilidad_sostenida,1168717,18397463,si,train,si,fincoach_mvp_estructurado_v2.0,ea0177b2cd7e75293f1babd6365c0af94dc5a2f6e0ab80ee2eb80ae4ccbc6b00,estacional,4036000,Ciclista,Ciclista,estacional,no,,,pagar deuda,musica | ciclismo,medicamentos de un familiar,credito,25.64,calculado,media
PERF_0035,perfil_estructurado_v2.0,2026-04-01,Colombia,COP,Actividad principal declarada: Repartidor de domicilios / Repartidora de domicilios. Estado de ingreso actual: mixto. Ingreso mensual neto declarado: 1077667 COP. Ingreso adicional: actividad independiente adicional. Hobbies declarados: fotografia_y_video | turismo_y_viajes. Objetivo: hacer certificacion profesional.,parcial,dentro_del_mvp,domicilios_mensajeria_y_reparto,96211,"Mandaderos, maleteros y repartidores / Mandaderas, maleteras y repartidoras",96211.011,Repartidor de domicilios / Repartidora de domicilios,principal,mixto,si,,,,,,,,no_aplica,2,ingresos_mixtos_declarados,fotografia_y_video,turismo_y_viajes,hacer_certificacion_profesional,3_a_6_meses,,,actividad_principal:domicilios_mensajeria_y_reparto | actividad_secundaria:ninguna | hobbies:fotografia_y_video | turismo_y_viajes | meta:hacer_certificacion_profesional | responsabilidad:ninguna_declarada | historia:situacion_critica,domicilios_mensajeria_y_reparto | fotografia_y_video | turismo_y_viajes | hacer_certificacion_profesional,responsabilidades,situacion_critica,538243,3072926,si,train,si,fincoach_mvp_estructurado_v2.0,e8d7a1949ebeceff1e761affc041f10c7a196a8b2bfc498aa1796b97e50f38e0,mixto,1077667,Repartidor de domicilios / Repartidora de domicilios,Repartidor de domicilios / Repartidora de domicilios,mixto,si,actividad independiente adicional,variable,hacer certificacion profesional,fotografia_y_video | turismo_y_viajes,no declarada,credito,31.95,calculado,alta
PERF_0036,perfil_estructurado_v2.0,2026-04-01,Colombia,COP,Actividad principal declarada: Vendedor de tienda / Vendedora de tienda. Estado de ingreso actual: estacional. Ingreso mensual neto declarado: 7528500 COP. Hobbies declarados: videojuegos_y_streaming | fotografia_y_video. Objetivo: comprar equipo de trabajo.,parcial,dentro_del_mvp,ventas_al_por_menor,52230,"Vendedores y auxiliares de venta en tiendas, almacenes y afines / Vendedoras y auxiliares de venta en tiendas, almacenes y afines",52230.032,Vendedor de tienda / Vendedora de tienda,principal,estacional,si,,,,,,,,no_aplica,1,ingreso_estacional_declarado,videojuegos_y_streaming,fotografia_y_video,comprar_equipo_de_trabajo,6_a_12_meses,,,actividad_principal:ventas_al_por_menor | actividad_secundaria:ninguna | hobbies:videojuegos_y_streaming | fotografia_y_video | meta:comprar_equipo_de_trabajo | responsabilidad:medicamentos_de_un_familiar | historia:acumulacion_estable,ventas_al_por_menor | videojuegos_y_streaming | fotografia_y_video | comprar_equipo_de_trabajo,responsabilidades,acumulacion_estable,13031859,7289869,si,train,si,fincoach_mvp_estructurado_v2.0,a9d4108050b08324eeff56ed939a24a5770d18a259240dfc37536bb198a1f22d,estacional,7528500,Vendedor de tienda / Vendedora de tienda,Vendedor de tienda / Vendedora de tienda,estacional,no,,,comprar equipo de trabajo,videojuegos_y_streaming | fotografia_y_video,no declarada,credito,3.07,calculado,media
PERF_0037,perfil_estructurado_v2.0,2026-04-01,Colombia,COP,Actividad principal declarada: Editor de video / Editora de video. Estado de ingreso actual: mixto. Ingreso mensual neto declarado: 7970667 COP. Ingreso adicional: Ciclista. Hobbies declarados: turismo_y_viajes. Objetivo: mejorar vivienda.,parcial,dentro_del_mvp,diseno_audiovisual_y_edicion_de_video,26541,"Productores, directores y editores de cine, teatro y afines / Productoras, directoras y editoras de cine, teatro y afines",26541.06,Editor de video / Editora de video,principal,mixto,si,deporte_competitivo_ciclismo,34210.0,Atletas y deportistas,34210.007,Ciclista,secundaria,mixto,no,2,ingresos_mixtos_declarados,turismo_y_viajes,,mejorar_vivienda,12_meses,,,actividad_principal:diseno_audiovisual_y_edicion_de_video | actividad_secundaria:deporte_competitivo_ciclismo | hobbies:turismo_y_viajes | meta:mejorar_vivienda | responsabilidad:gastos_de_un_hijo | historia:equilibrio_sostenible,diseno_audiovisual_y_edicion_de_video | mejorar_vivienda,segunda_actividad_economica | hobbies | responsabilidades,equilibrio_sostenible,2444781,17624813,si,train,si,fincoach_mvp_estructurado_v2.0,b81cc46066b82ae614fc7020ed4f4f624fcd7d7a088185c53e9bc020cbfe58ea,mixto,7970667,Editor de video / Editora de video,Editor de video / Editora de video,mixto,si,Ciclista,variable,mejorar vivienda,turismo_y_viajes,no declarada,credito,12.32,calculado,media
PERF_0038,perfil_estructurado_v2.0,2026-04-01,Colombia,COP,Actividad principal declarada: Docente de educación básica secundaria. Estado de ingreso actual: fijo. Ingreso mensual neto declarado: 5489667 COP. Hobbies declarados: impresion_3d | manualidades_y_artesanias.,parcial,dentro_del_mvp,docencia_y_formacion,23300,Profesores de educación secundaria / Profesoras de educación secundaria,23300.001,Docente de educación básica secundaria,principal,estable,si,,,,,,,,no_aplica,1,ingreso_fijo_declarado,impresion_3d,manualidades_y_artesanias,,,,,actividad_principal:docencia_y_formacion | actividad_secundaria:ninguna | hobbies:impresion_3d | manualidades_y_artesanias | meta:ampliar_actividad_economica | responsabilidad:apoyo_parcial_a_dos_familiares | historia:variable_resiliente,docencia_y_formacion | impresion_3d | manualidades_y_artesanias,meta | responsabilidades,variable_resiliente,17324598,14536777,si,train,si,fincoach_mvp_estructurado_v2.0,e91456b133f37b86ef620f2a72d5c84a600a5f708166739206d0231489fd9851,fijo,5489667,Docente de educación básica secundaria,Docente de educación básica secundaria,fijo,no,,,no declarado,impresion_3d | manualidades_y_artesanias,no declarada,credito,15.88,calculado,alta
PERF_0039,perfil_estructurado_v2.0,2026-04-01,Colombia,COP,Actividad principal declarada: Horticultor / Horticultora. Estado de ingreso actual: variable. Ingreso mensual neto declarado: 4653667 COP. Hobbies declarados: jardineria_y_agricultura_urbana. Objetivo: mejorar vivienda.,parcial,dentro_del_mvp,agricultura,61131,"Agricultores de huertas, invernaderos, viveros y jardines / Agricultoras de huertas, invernaderos, viveros y jardines",61131.017,Horticultor / Horticultora,principal,variable,si,,,,,,,,no_aplica,1,ingreso_variable_declarado,jardineria_y_agricultura_urbana,,mejorar_vivienda,12_meses,,,actividad_principal:agricultura | actividad_secundaria:ninguna | hobbies:jardineria_y_agricultura_urbana | meta:mejorar_vivienda | responsabilidad:apoyo_mensual_madre_o_padre | historia:uso_planificado_reserva,agricultura | jardineria_y_agricultura_urbana | mejorar_vivienda,responsabilidades,uso_planificado_reserva,14892633,12240642,si,test,si,fincoach_mvp_estructurado_v2.0,9f45f3e2d01fa27d52a53aae4e27374b1cb50456ff541f95c5b11900ac4f70d0,variable,4653667,Horticultor / Horticultora,Horticultor / Horticultora,variable,no,,,mejorar vivienda,jardineria_y_agricultura_urbana,no declarada,credito,6.5,calculado,baja
PERF_0040,perfil_estructurado_v2.0,2026-04-01,Colombia,COP,Actividad principal declarada: Barbero / Barbera. Estado de ingreso actual: estacional. Ingreso mensual neto declarado: 2537500 COP. Hobbies declarados: ciclismo.,parcial,dentro_del_mvp,peluqueria_y_barberia,51410,Peluqueros / Peluqueras,51410.001,Barbero / Barbera,principal,estacional,si,,,,,,,,no_aplica,1,ingreso_estacional_declarado,ciclismo,,,,aporte_hogar_compartido,0.0,actividad_principal:peluqueria_y_barberia | actividad_secundaria:ninguna | hobbies:ciclismo | meta:comprar_bicicleta | responsabilidad:aporte_hogar_compartido | historia:deterioro_reciente,peluqueria_y_barberia | ciclismo | aporte_hogar_compartido,meta,deterioro_reciente,2655334,0,si,validation,si,fincoach_mvp_estructurado_v2.0,8b2769b6e961d636239aab14fc6dc42ecf5e4fa37e939a10ac679fb915338729,estacional,2537500,Barbero / Barbera,Barbero / Barbera,estacional,no,,,no declarado,ciclismo,aporte hogar compartido,sin_deuda,0.0,calculado,media
PERF_0041,perfil_estructurado_v2.0,2026-04-01,Colombia,COP,Actividad principal declarada: Ingeniero de software / Ingeniera de software. Estado de ingreso actual: mixto. Ingreso mensual neto declarado: 5184667 COP. Ingreso adicional: actividad independiente adicional. Hobbies declarados: pintura | fotografia_y_video.,parcial,dentro_del_mvp,ingenieria_y_desarrollo_de_software,25120,Desarrolladores de software / Desarrolladoras de software,25120.031,Ingeniero de software / Ingeniera de software,principal,mixto,si,,,,,,,,no_aplica,2,ingresos_mixtos_declarados,pintura,fotografia_y_video,,,,,actividad_principal:ingenieria_y_desarrollo_de_software | actividad_secundaria:ninguna | hobbies:pintura | fotografia_y_video | meta:mejorar_vivienda | responsabilidad:ninguna_declarada | historia:fragilidad_sostenida,ingenieria_y_desarrollo_de_software | pintura | fotografia_y_video,meta | responsabilidades,fragilidad_sostenida,2192946,18340258,si,test,si,fincoach_mvp_estructurado_v2.0,6bd9319d76406b3554ba8ec3d511939a093455ab7a6339097b8245aa4dc39478,mixto,5184667,Ingeniero de software / Ingeniera de software,Ingeniero de software / Ingeniera de software,mixto,si,actividad independiente adicional,variable,no declarado,pintura | fotografia_y_video,no declarada,credito,16.99,calculado,alta
PERF_0042,perfil_estructurado_v2.0,2026-04-01,Colombia,COP,Actividad principal declarada: Nutricionista dietista. Estado de ingreso actual: mixto. Ingreso mensual neto declarado: 4719000 COP. Ingreso adicional: Barbero / Barbera. Hobbies declarados: cocina_y_reposteria | fotografia_y_video.,parcial,dentro_del_mvp,nutricion_y_dietetica,22650,Nutricionistas dietistas,22650.014,Nutricionista dietista,principal,mixto,si,peluqueria_y_barberia,51410.0,Peluqueros / Peluqueras,51410.001,Barbero / Barbera,secundaria,variable,no,2,ingresos_mixtos_declarados,cocina_y_reposteria,fotografia_y_video,,,apoyo_mensual_madre_o_padre,1.0,actividad_principal:nutricion_y_dietetica | actividad_secundaria:peluqueria_y_barberia | hobbies:cocina_y_reposteria | fotografia_y_video | meta:hacer_viaje | responsabilidad:apoyo_mensual_madre_o_padre | historia:situacion_critica,nutricion_y_dietetica | cocina_y_reposteria | fotografia_y_video | apoyo_mensual_madre_o_padre,segunda_actividad_economica | meta,situacion_critica,2343231,22276196,si,train,si,fincoach_mvp_estructurado_v2.0,ea5ae7401600423211ad581fe5a83e22c083dcf3e71ef284d5002cabf8293a66,mixto,4719000,Nutricionista dietista,Nutricionista dietista,mixto,si,Barbero / Barbera,variable,no declarado,cocina_y_reposteria | fotografia_y_video,apoyo mensual madre o padre,credito,15.68,calculado,baja
PERF_0043,perfil_estructurado_v2.0,2026-04-01,Colombia,COP,Actividad principal declarada: Disc jockey. Estado de ingreso actual: fijo. Ingreso mensual neto declarado: 560000 COP. Hobbies declarados: manualidades_y_artesanias | jardineria_y_agricultura_urbana. Objetivo: hacer certificacion profesional.,amplia,dentro_del_mvp,musica_y_entretenimiento_dj,26521,Intérpretes musicales,26521.035,Disc jockey,principal,estable,si,agricultura,61131.0,"Agricultores de huertas, invernaderos, viveros y jardines / Agricultoras de huertas, invernaderos, viveros y jardines",61131.017,Horticultor / Horticultora,secundaria,estacional,si,1,ingreso_fijo_declarado,manualidades_y_artesanias,jardineria_y_agricultura_urbana,hacer_certificacion_profesional,3_a_6_meses,,,actividad_principal:musica_y_entretenimiento_dj | actividad_secundaria:agricultura | hobbies:manualidades_y_artesanias | jardineria_y_agricultura_urbana | meta:hacer_certificacion_profesional | responsabilidad:aporte_hogar_compartido | historia:acumulacion_estable,musica_y_entretenimiento_dj | agricultura | manualidades_y_artesanias | jardineria_y_agricultura_urbana | hacer_certificacion_profesional,responsabilidades,acumulacion_estable,6449850,0,si,test,si,fincoach_mvp_estructurado_v2.0,4bc3c3e629ac2211302ae2d9025b5515308680049ee8cf372483b395bb93abc9,fijo,560000,Disc jockey,Disc jockey,fijo,no,,,hacer certificacion profesional,manualidades_y_artesanias | jardineria_y_agricultura_urbana,no declarada,sin_deuda,0.0,calculado,media
PERF_0044,perfil_estructurado_v2.0,2026-04-01,Colombia,COP,Actividad principal declarada: Ciclista. Estado de ingreso actual: fijo. Ingreso mensual neto declarado: 660000 COP. Hobbies declarados: musica | cocina_y_reposteria. Objetivo: pagar deuda.,amplia,dentro_del_mvp,deporte_competitivo_ciclismo,34210,Atletas y deportistas,34210.007,Ciclista,principal,estable,si,ventas_al_por_menor,52230.0,"Vendedores y auxiliares de venta en tiendas, almacenes y afines / Vendedoras y auxiliares de venta en tiendas, almacenes y afines",52230.032,Vendedor de tienda / Vendedora de tienda,secundaria,mixto,si,1,ingreso_fijo_declarado,musica,cocina_y_reposteria,pagar_deuda,3_a_12_meses,,,actividad_principal:deporte_competitivo_ciclismo | actividad_secundaria:ventas_al_por_menor | hobbies:musica | cocina_y_reposteria | meta:pagar_deuda | responsabilidad:medicamentos_de_un_familiar | historia:equilibrio_sostenible,deporte_competitivo_ciclismo | ventas_al_por_menor | musica | cocina_y_reposteria | pagar_deuda,responsabilidades,equilibrio_sostenible,3172244,13330046,si,test,si,fincoach_mvp_estructurado_v2.0,7de32562793814c39ea75a3495900c286772cb48dae0d54f71b7938a6030da1e,fijo,660000,Ciclista,Ciclista,fijo,no,,,pagar deuda,musica | cocina_y_reposteria,no declarada,credito,48.33,calculado,alta
PERF_0045,perfil_estructurado_v2.0,2026-04-01,Colombia,COP,Actividad principal declarada: Repartidor de domicilios / Repartidora de domicilios. Estado de ingreso actual: apoyo. Ingreso mensual neto declarado: 500000 COP. Hobbies declarados: fotografia_y_video. Objetivo: pagar deuda.,parcial,dentro_del_mvp,domicilios_mensajeria_y_reparto,96211,"Mandaderos, maleteros y repartidores / Mandaderas, maleteras y repartidoras",96211.011,Repartidor de domicilios / Repartidora de domicilios,principal,apoyo,si,,,,,,,,no_aplica,1,apoyo_declarado,fotografia_y_video,,pagar_deuda,3_a_12_meses,,,actividad_principal:domicilios_mensajeria_y_reparto | actividad_secundaria:ninguna | hobbies:fotografia_y_video | meta:pagar_deuda | responsabilidad:medicamentos_de_un_familiar | historia:variable_resiliente,domicilios_mensajeria_y_reparto | fotografia_y_video | pagar_deuda,responsabilidades,variable_resiliente,4623594,6211319,si,train,si,fincoach_mvp_estructurado_v2.0,92ec4073baecbd640380c607e93b7a41f66309bb65a36c0b669fed438fd0b12e,apoyo,500000,Repartidor de domicilios / Repartidora de domicilios,apoyo familiar o de terceros,apoyo,no,,,pagar deuda,fotografia_y_video,no declarada,credito,33.6,calculado,baja
PERF_0046,perfil_estructurado_v2.0,2026-04-01,Colombia,COP,Actividad principal declarada: Vendedor de tienda / Vendedora de tienda. Estado de ingreso actual: fijo. Ingreso mensual neto declarado: 570000 COP. Hobbies declarados: videojuegos_y_streaming | jardineria_y_agricultura_urbana. Objetivo: hacer certificacion profesional.,parcial,dentro_del_mvp,ventas_al_por_menor,52230,"Vendedores y auxiliares de venta en tiendas, almacenes y afines / Vendedoras y auxiliares de venta en tiendas, almacenes y afines",52230.032,Vendedor de tienda / Vendedora de tienda,principal,estable,si,,,,,,,,no_aplica,1,ingreso_fijo_declarado,videojuegos_y_streaming,jardineria_y_agricultura_urbana,hacer_certificacion_profesional,3_a_6_meses,ninguna_declarada,0.0,actividad_principal:ventas_al_por_menor | actividad_secundaria:ninguna | hobbies:videojuegos_y_streaming | jardineria_y_agricultura_urbana | meta:hacer_certificacion_profesional | responsabilidad:ninguna_declarada | historia:uso_planificado_reserva,ventas_al_por_menor | videojuegos_y_streaming | jardineria_y_agricultura_urbana | hacer_certificacion_profesional | ninguna_declarada,otras_fuentes_no_declaradas,uso_planificado_reserva,7431240,4714216,si,train,si,fincoach_mvp_estructurado_v2.0,acd53929e407f2a879e77a2a847616580ac52b5845fed1452db5316714e3762d,fijo,570000,Vendedor de tienda / Vendedora de tienda,Vendedor de tienda / Vendedora de tienda,fijo,no,,,hacer certificacion profesional,videojuegos_y_streaming | jardineria_y_agricultura_urbana,ninguna declarada,credito,31.4,calculado,media
PERF_0047,perfil_estructurado_v2.0,2026-04-01,Colombia,COP,Actividad principal declarada: Editor de video / Editora de video. Estado de ingreso actual: fijo. Ingreso mensual neto declarado: 890000 COP. Hobbies declarados: turismo_y_viajes | cocina_y_reposteria. Objetivo: ampliar actividad economica.,parcial,dentro_del_mvp,diseno_audiovisual_y_edicion_de_video,26541,"Productores, directores y editores de cine, teatro y afines / Productoras, directoras y editoras de cine, teatro y afines",26541.06,Editor de video / Editora de video,principal,estable,si,,,,,,,,no_aplica,1,ingreso_fijo_declarado,turismo_y_viajes,cocina_y_reposteria,ampliar_actividad_economica,6_meses,apoyo_parcial_a_dos_familiares,2.0,actividad_principal:diseno_audiovisual_y_edicion_de_video | actividad_secundaria:ninguna | hobbies:turismo_y_viajes | cocina_y_reposteria | meta:ampliar_actividad_economica | responsabilidad:apoyo_parcial_a_dos_familiares | historia:deterioro_reciente,diseno_audiovisual_y_edicion_de_video | turismo_y_viajes | cocina_y_reposteria | ampliar_actividad_economica | apoyo_parcial_a_dos_familiares,otras_fuentes_no_declaradas,deterioro_reciente,13303693,0,si,train,si,fincoach_mvp_estructurado_v2.0,21cd48dc297186657e1bbc26e9f500cc7b1f4b47a67d339322de5ff3b9c346ce,fijo,890000,Editor de video / Editora de video,Editor de video / Editora de video,fijo,no,,,ampliar actividad economica,turismo_y_viajes | cocina_y_reposteria,apoyo parcial a dos familiares,sin_deuda,0.0,calculado,alta
PERF_0048,perfil_estructurado_v2.0,2026-04-01,Colombia,COP,Actividad principal declarada: Docente de educación básica secundaria. Estado de ingreso actual: variable. Ingreso mensual neto declarado: 4025000 COP. Hobbies declarados: impresion_3d | turismo_y_viajes. Objetivo: comprar equipo de trabajo.,parcial,dentro_del_mvp,docencia_y_formacion,23300,Profesores de educación secundaria / Profesoras de educación secundaria,23300.001,Docente de educación básica secundaria,principal,variable,si,domicilios_mensajeria_y_reparto,96211.0,"Mandaderos, maleteros y repartidores / Mandaderas, maleteras y repartidoras",96211.011,Repartidor de domicilios / Repartidora de domicilios,secundaria,variable,no,1,ingreso_variable_declarado,impresion_3d,turismo_y_viajes,comprar_equipo_de_trabajo,6_a_12_meses,,,actividad_principal:docencia_y_formacion | actividad_secundaria:domicilios_mensajeria_y_reparto | hobbies:impresion_3d | turismo_y_viajes | meta:comprar_equipo_de_trabajo | responsabilidad:gastos_de_un_hijo | historia:fragilidad_sostenida,docencia_y_formacion | impresion_3d | turismo_y_viajes | comprar_equipo_de_trabajo,segunda_actividad_economica | responsabilidades,fragilidad_sostenida,339918,9810803,si,train,si,fincoach_mvp_estructurado_v2.0,911ee8af74f12749f7122cabaffffd324ad2f32ea18dfa0b45596c004accd31f,variable,4025000,Docente de educación básica secundaria,Docente de educación básica secundaria,variable,no,,,comprar equipo de trabajo,impresion_3d | turismo_y_viajes,no declarada,credito,16.12,calculado,media
PERF_0049,perfil_estructurado_v2.0,2026-04-01,Colombia,COP,Actividad principal declarada: Horticultor / Horticultora. Estado de ingreso actual: variable. Ingreso mensual neto declarado: 2954333 COP. Hobbies declarados: jardineria_y_agricultura_urbana. Objetivo: comprar bicicleta.,parcial,dentro_del_mvp,agricultura,61131,"Agricultores de huertas, invernaderos, viveros y jardines / Agricultoras de huertas, invernaderos, viveros y jardines",61131.017,Horticultor / Horticultora,principal,variable,si,,,,,,,,no_aplica,1,ingreso_variable_declarado,jardineria_y_agricultura_urbana,,comprar_bicicleta,6_meses,,,actividad_principal:agricultura | actividad_secundaria:ninguna | hobbies:jardineria_y_agricultura_urbana | meta:comprar_bicicleta | responsabilidad:gastos_de_un_hijo | historia:situacion_critica,agricultura | jardineria_y_agricultura_urbana | comprar_bicicleta,responsabilidades,situacion_critica,1864371,22281500,si,train,si,fincoach_mvp_estructurado_v2.0,63a96108004a0823d76db77961769985430926b4e0ca18a35d756754c9aa78a2,variable,2954333,Horticultor / Horticultora,Horticultor / Horticultora,variable,no,,,comprar bicicleta,jardineria_y_agricultura_urbana,no declarada,credito,18.99,calculado,baja
PERF_0050,perfil_estructurado_v2.0,2026-04-01,Colombia,COP,Actividad principal declarada: Barbero / Barbera. Estado de ingreso actual: estacional. Ingreso mensual neto declarado: 6399000 COP. Hobbies declarados: ciclismo | jardineria_y_agricultura_urbana. Objetivo: hacer viaje.,parcial,dentro_del_mvp,peluqueria_y_barberia,51410,Peluqueros / Peluqueras,51410.001,Barbero / Barbera,principal,estacional,si,,,,,,,,no_aplica,1,ingreso_estacional_declarado,ciclismo,jardineria_y_agricultura_urbana,hacer_viaje,6_a_12_meses,,,actividad_principal:peluqueria_y_barberia | actividad_secundaria:ninguna | hobbies:ciclismo | jardineria_y_agricultura_urbana | meta:hacer_viaje | responsabilidad:medicamentos_de_un_familiar | historia:acumulacion_estable,peluqueria_y_barberia | hacer_viaje,hobbies | responsabilidades,acumulacion_estable,10297987,7501768,si,test,si,fincoach_mvp_estructurado_v2.0,8696cbf5b9517452bcc7f1b487f2e004d5741ee88f9f87f41bb71cc13d092e48,estacional,6399000,Barbero / Barbera,Barbero / Barbera,estacional,no,,,hacer viaje,ciclismo | jardineria_y_agricultura_urbana,no declarada,credito,2.61,calculado,media
PERF_0051,perfil_estructurado_v2.0,2026-04-01,Colombia,COP,Actividad principal declarada: Ingeniero de software / Ingeniera de software. Estado de ingreso actual: variable. Ingreso mensual neto declarado: 11181000 COP. Hobbies declarados: pintura. Objetivo: mejorar vivienda.,parcial,dentro_del_mvp,ingenieria_y_desarrollo_de_software,25120,Desarrolladores de software / Desarrolladoras de software,25120.031,Ingeniero de software / Ingeniera de software,principal,variable,si,,,,,,,,no_aplica,1,ingreso_variable_declarado,pintura,,mejorar_vivienda,12_meses,,,actividad_principal:ingenieria_y_desarrollo_de_software | actividad_secundaria:ninguna | hobbies:pintura | meta:mejorar_vivienda | responsabilidad:aporte_hogar_compartido | historia:equilibrio_sostenible,ingenieria_y_desarrollo_de_software | pintura | mejorar_vivienda,responsabilidades,equilibrio_sostenible,28331959,0,si,test,si,fincoach_mvp_estructurado_v2.0,c12b60473ab78c511815096d3453e100035cad46713a0d658450cbb6374270fa,variable,11181000,Ingeniero de software / Ingeniera de software,Ingeniero de software / Ingeniera de software,variable,no,,,mejorar vivienda,pintura,no declarada,sin_deuda,0.0,calculado,baja
PERF_0052,perfil_estructurado_v2.0,2026-04-01,Colombia,COP,Actividad principal declarada: Nutricionista dietista. Estado de ingreso actual: estacional. Ingreso mensual neto declarado: 6929500 COP. Hobbies declarados: cocina_y_reposteria.,parcial,dentro_del_mvp,nutricion_y_dietetica,22650,Nutricionistas dietistas,22650.014,Nutricionista dietista,principal,estacional,si,,,,,,,,no_aplica,1,ingreso_estacional_declarado,cocina_y_reposteria,,,,apoyo_mensual_madre_o_padre,1.0,actividad_principal:nutricion_y_dietetica | actividad_secundaria:ninguna | hobbies:cocina_y_reposteria | meta:mejorar_vivienda | responsabilidad:apoyo_mensual_madre_o_padre | historia:variable_resiliente,nutricion_y_dietetica | cocina_y_reposteria | apoyo_mensual_madre_o_padre,meta,variable_resiliente,11266828,5621688,si,train,si,fincoach_mvp_estructurado_v2.0,734d5a912434460c23e3e198b32f502b315a511556fd89583d76911049d3a1cd,estacional,6929500,Nutricionista dietista,Nutricionista dietista,estacional,no,,,no declarado,cocina_y_reposteria,apoyo mensual madre o padre,credito,10.67,calculado,media
PERF_0053,perfil_estructurado_v2.0,2026-04-01,Colombia,COP,Actividad principal declarada: Disc jockey. Estado de ingreso actual: estacional. Ingreso mensual neto declarado: 4489500 COP. Hobbies declarados: manualidades_y_artesanias. Objetivo: crear fondo emergencia.,parcial,dentro_del_mvp,musica_y_entretenimiento_dj,26521,Intérpretes musicales,26521.035,Disc jockey,principal,estacional,si,,,,,,,,no_aplica,1,ingreso_estacional_declarado,manualidades_y_artesanias,,crear_fondo_emergencia,6_meses,gastos_de_un_hijo,1.0,actividad_principal:musica_y_entretenimiento_dj | actividad_secundaria:ninguna | hobbies:manualidades_y_artesanias | meta:crear_fondo_emergencia | responsabilidad:gastos_de_un_hijo | historia:uso_planificado_reserva,musica_y_entretenimiento_dj | manualidades_y_artesanias | crear_fondo_emergencia | gastos_de_un_hijo,otras_fuentes_no_declaradas,uso_planificado_reserva,14969973,0,si,train,si,fincoach_mvp_estructurado_v2.0,8859991b6d76cfd840d3ed18a7ecea86cd96613d67862e0f77e463e95ce37e0f,estacional,4489500,Disc jockey,Disc jockey,estacional,no,,,crear fondo emergencia,manualidades_y_artesanias,gastos de un hijo,sin_deuda,0.0,calculado,baja
PERF_0054,perfil_estructurado_v2.0,2026-04-01,Colombia,COP,Actividad principal declarada: Ciclista. Estado de ingreso actual: apoyo. Ingreso mensual neto declarado: 500000 COP. Hobbies declarados: musica. Objetivo: comprar equipo de trabajo.,parcial,dentro_del_mvp,deporte_competitivo_ciclismo,34210,Atletas y deportistas,34210.007,Ciclista,principal,apoyo,si,musica_y_entretenimiento_dj,26521.0,Intérpretes musicales,26521.035,Disc jockey,secundaria,variable,si,1,apoyo_declarado,musica,,comprar_equipo_de_trabajo,6_a_12_meses,,,actividad_principal:deporte_competitivo_ciclismo | actividad_secundaria:musica_y_entretenimiento_dj | hobbies:musica | meta:comprar_equipo_de_trabajo | responsabilidad:apoyo_parcial_a_dos_familiares | historia:deterioro_reciente,deporte_competitivo_ciclismo | musica_y_entretenimiento_dj | comprar_equipo_de_trabajo,hobbies | responsabilidades,deterioro_reciente,6768332,0,si,train,si,fincoach_mvp_estructurado_v2.0,b6ded4b713d72e1ceb2ac5211d2c9ba0c5037c08d467e0856ee6f79fbf5ea341,apoyo,500000,Ciclista,apoyo familiar o de terceros,apoyo,no,,,comprar equipo de trabajo,musica,no declarada,sin_deuda,0.0,calculado,baja
PERF_0055,perfil_estructurado_v2.0,2026-04-01,Colombia,COP,Actividad principal declarada: Repartidor de domicilios / Repartidora de domicilios. Estado de ingreso actual: fijo. Ingreso mensual neto declarado: 500000 COP. Hobbies declarados: fotografia_y_video. Objetivo: ampliar actividad economica.,parcial,dentro_del_mvp,domicilios_mensajeria_y_reparto,96211,"Mandaderos, maleteros y repartidores / Mandaderas, maleteras y repartidoras",96211.011,Repartidor de domicilios / Repartidora de domicilios,principal,estable,si,,,,,,,,no_aplica,1,ingreso_fijo_declarado,fotografia_y_video,,ampliar_actividad_economica,6_meses,aporte_hogar_compartido,0.0,actividad_principal:domicilios_mensajeria_y_reparto | actividad_secundaria:ninguna | hobbies:fotografia_y_video | meta:ampliar_actividad_economica | responsabilidad:aporte_hogar_compartido | historia:fragilidad_sostenida,domicilios_mensajeria_y_reparto | fotografia_y_video | ampliar_actividad_economica | aporte_hogar_compartido,otras_fuentes_no_declaradas,fragilidad_sostenida,142441,13189055,si,train,si,fincoach_mvp_estructurado_v2.0,3f74204b59dcb81de38049cefdbad3361cd947cfc1bf6fe5205ba302301d57b6,fijo,500000,Repartidor de domicilios / Repartidora de domicilios,Repartidor de domicilios / Repartidora de domicilios,fijo,no,,,ampliar actividad economica,fotografia_y_video,aporte hogar compartido,credito,100.0,calculado,media
PERF_0056,perfil_estructurado_v2.0,2026-04-01,Colombia,COP,Actividad principal declarada: Vendedor de tienda / Vendedora de tienda. Estado de ingreso actual: fijo. Ingreso mensual neto declarado: 500000 COP. Hobbies declarados: videojuegos_y_streaming | turismo_y_viajes. Objetivo: pagar deuda.,parcial,dentro_del_mvp,ventas_al_por_menor,52230,"Vendedores y auxiliares de venta en tiendas, almacenes y afines / Vendedoras y auxiliares de venta en tiendas, almacenes y afines",52230.032,Vendedor de tienda / Vendedora de tienda,principal,estable,si,agricultura,61131.0,"Agricultores de huertas, invernaderos, viveros y jardines / Agricultoras de huertas, invernaderos, viveros y jardines",61131.017,Horticultor / Horticultora,secundaria,estacional,no,1,ingreso_fijo_declarado,videojuegos_y_streaming,turismo_y_viajes,pagar_deuda,3_a_12_meses,,,actividad_principal:ventas_al_por_menor | actividad_secundaria:agricultura | hobbies:videojuegos_y_streaming | turismo_y_viajes | meta:pagar_deuda | responsabilidad:apoyo_mensual_madre_o_padre | historia:situacion_critica,ventas_al_por_menor | pagar_deuda,segunda_actividad_economica | hobbies | responsabilidades,situacion_critica,386122,18182612,si,train,si,fincoach_mvp_estructurado_v2.0,c300cd4011574f0ed7ccc8bf9f1fc3f3a6380e9754b3743620e6bc33babb17ff,fijo,500000,Vendedor de tienda / Vendedora de tienda,Vendedor de tienda / Vendedora de tienda,fijo,no,,,pagar deuda,videojuegos_y_streaming | turismo_y_viajes,no declarada,credito,97.0,calculado,alta
PERF_0057,perfil_estructurado_v2.0,2026-04-01,Colombia,COP,Actividad principal declarada: Editor de video / Editora de video. Estado de ingreso actual: variable. Ingreso mensual neto declarado: 9872000 COP. Hobbies declarados: turismo_y_viajes | cocina_y_reposteria. Objetivo: ampliar actividad economica.,parcial,dentro_del_mvp,diseno_audiovisual_y_edicion_de_video,26541,"Productores, directores y editores de cine, teatro y afines / Productoras, directoras y editoras de cine, teatro y afines",26541.06,Editor de video / Editora de video,principal,variable,si,docencia_y_formacion,23300.0,Profesores de educación secundaria / Profesoras de educación secundaria,23300.001,Docente de educación básica secundaria,secundaria,estable,no,1,ingreso_variable_declarado,turismo_y_viajes,cocina_y_reposteria,ampliar_actividad_economica,6_meses,apoyo_mensual_madre_o_padre,1.0,actividad_principal:diseno_audiovisual_y_edicion_de_video | actividad_secundaria:docencia_y_formacion | hobbies:turismo_y_viajes | cocina_y_reposteria | meta:ampliar_actividad_economica | responsabilidad:apoyo_mensual_madre_o_padre | historia:acumulacion_estable,diseno_audiovisual_y_edicion_de_video | turismo_y_viajes | cocina_y_reposteria | ampliar_actividad_economica | apoyo_mensual_madre_o_padre,segunda_actividad_economica,acumulacion_estable,10750446,0,si,train,si,fincoach_mvp_estructurado_v2.0,31c302e5e3cf0cae6895257029edef74be5e8d2dceb06504eb57f5c856eaed3a,variable,9872000,Editor de video / Editora de video,Editor de video / Editora de video,variable,no,,,ampliar actividad economica,turismo_y_viajes | cocina_y_reposteria,apoyo mensual madre o padre,sin_deuda,0.0,calculado,baja
PERF_0058,perfil_estructurado_v2.0,2026-04-01,Colombia,COP,Actividad principal declarada: Docente de educación básica secundaria. Estado de ingreso actual: fijo. Ingreso mensual neto declarado: 4374667 COP. Hobbies declarados: impresion_3d | videojuegos_y_streaming. Objetivo: hacer certificacion profesional.,parcial,dentro_del_mvp,docencia_y_formacion,23300,Profesores de educación secundaria / Profesoras de educación secundaria,23300.001,Docente de educación básica secundaria,principal,estable,si,,,,,,,,no_aplica,1,ingreso_fijo_declarado,impresion_3d,videojuegos_y_streaming,hacer_certificacion_profesional,3_a_6_meses,ninguna_declarada,0.0,actividad_principal:docencia_y_formacion | actividad_secundaria:ninguna | hobbies:impresion_3d | videojuegos_y_streaming | meta:hacer_certificacion_profesional | responsabilidad:ninguna_declarada | historia:equilibrio_sostenible,docencia_y_formacion | impresion_3d | videojuegos_y_streaming | hacer_certificacion_profesional | ninguna_declarada,otras_fuentes_no_declaradas,equilibrio_sostenible,2222355,8388100,si,validation,si,fincoach_mvp_estructurado_v2.0,23640a8e94b7976d07c10de48220f0b9640c97778122cf148e6ba22cb99e8a2b,fijo,4374667,Docente de educación básica secundaria,Docente de educación básica secundaria,fijo,no,,,hacer certificacion profesional,impresion_3d | videojuegos_y_streaming,ninguna declarada,credito,6.67,calculado,media
PERF_0059,perfil_estructurado_v2.0,2026-04-01,Colombia,COP,Actividad principal declarada: Horticultor / Horticultora. Estado de ingreso actual: fijo. Ingreso mensual neto declarado: 920000 COP. Hobbies declarados: jardineria_y_agricultura_urbana.,parcial,dentro_del_mvp,agricultura,61131,"Agricultores de huertas, invernaderos, viveros y jardines / Agricultoras de huertas, invernaderos, viveros y jardines",61131.017,Horticultor / Horticultora,principal,estable,si,,,,,,,,no_aplica,1,ingreso_fijo_declarado,jardineria_y_agricultura_urbana,,,,apoyo_mensual_madre_o_padre,1.0,actividad_principal:agricultura | actividad_secundaria:ninguna | hobbies:jardineria_y_agricultura_urbana | meta:pagar_deuda | responsabilidad:apoyo_mensual_madre_o_padre | historia:variable_resiliente,agricultura | jardineria_y_agricultura_urbana | apoyo_mensual_madre_o_padre,meta,variable_resiliente,1620631,1974861,si,test,si,fincoach_mvp_estructurado_v2.0,2fdcacb5a3808f0835ab36eef652573b25d7d2f4c3f84f7555212865dc005e3d,fijo,920000,Horticultor / Horticultora,Horticultor / Horticultora,fijo,no,,,no declarado,jardineria_y_agricultura_urbana,apoyo mensual madre o padre,credito,24.31,calculado,alta
PERF_0060,perfil_estructurado_v2.0,2026-04-01,Colombia,COP,Actividad principal declarada: Barbero / Barbera. Estado de ingreso actual: apoyo. Ingreso mensual neto declarado: 593667 COP. Hobbies declarados: ciclismo | videojuegos_y_streaming. Objetivo: comprar equipo de trabajo.,amplia,dentro_del_mvp,peluqueria_y_barberia,51410,Peluqueros / Peluqueras,51410.001,Barbero / Barbera,principal,apoyo,si,docencia_y_formacion,23300.0,Profesores de educación secundaria / Profesoras de educación secundaria,23300.001,Docente de educación básica secundaria,secundaria,estable,si,1,apoyo_declarado,ciclismo,videojuegos_y_streaming,comprar_equipo_de_trabajo,6_a_12_meses,medicamentos_de_un_familiar,1.0,actividad_principal:peluqueria_y_barberia | actividad_secundaria:docencia_y_formacion | hobbies:ciclismo | videojuegos_y_streaming | meta:comprar_equipo_de_trabajo | responsabilidad:medicamentos_de_un_familiar | historia:uso_planificado_reserva,peluqueria_y_barberia | docencia_y_formacion | ciclismo | videojuegos_y_streaming | comprar_equipo_de_trabajo | medicamentos_de_un_familiar,otras_fuentes_no_declaradas,uso_planificado_reserva,12394315,5447102,si,validation,si,fincoach_mvp_estructurado_v2.0,2cd8cafd148192cd64b7ad7784232e638234a12dab48a1b264194f1f3761cb0d,apoyo,593667,Barbero / Barbera,apoyo familiar o de terceros,apoyo,no,,,comprar equipo de trabajo,ciclismo | videojuegos_y_streaming,medicamentos de un familiar,credito,29.56,calculado,baja
PERF_0061,perfil_estructurado_v2.0,2026-04-01,Colombia,COP,Actividad principal declarada: Ingeniero de software / Ingeniera de software. Estado de ingreso actual: estacional. Ingreso mensual neto declarado: 9334000 COP. Hobbies declarados: pintura | jardineria_y_agricultura_urbana. Objetivo: comprar equipo de trabajo.,parcial,dentro_del_mvp,ingenieria_y_desarrollo_de_software,25120,Desarrolladores de software / Desarrolladoras de software,25120.031,Ingeniero de software / Ingeniera de software,principal,estacional,si,,,,,,,,no_aplica,1,ingreso_estacional_declarado,pintura,jardineria_y_agricultura_urbana,comprar_equipo_de_trabajo,6_a_12_meses,ninguna_declarada,0.0,actividad_principal:ingenieria_y_desarrollo_de_software | actividad_secundaria:ninguna | hobbies:pintura | jardineria_y_agricultura_urbana | meta:comprar_equipo_de_trabajo | responsabilidad:ninguna_declarada | historia:deterioro_reciente,ingenieria_y_desarrollo_de_software | pintura | jardineria_y_agricultura_urbana | comprar_equipo_de_trabajo | ninguna_declarada,otras_fuentes_no_declaradas,deterioro_reciente,6165264,0,si,train,si,fincoach_mvp_estructurado_v2.0,45049ff10ef7c2d16ecc1d37397e07484b0989bd8037107cb65ed8a2ba25426f,estacional,9334000,Ingeniero de software / Ingeniera de software,Ingeniero de software / Ingeniera de software,estacional,no,,,comprar equipo de trabajo,pintura | jardineria_y_agricultura_urbana,ninguna declarada,sin_deuda,0.0,calculado,baja
PERF_0062,perfil_estructurado_v2.0,2026-04-01,Colombia,COP,Actividad principal declarada: Nutricionista dietista. Estado de ingreso actual: fijo. Ingreso mensual neto declarado: 740000 COP. Hobbies declarados: cocina_y_reposteria | ciclismo. Objetivo: mejorar vivienda.,parcial,dentro_del_mvp,nutricion_y_dietetica,22650,Nutricionistas dietistas,22650.014,Nutricionista dietista,principal,estable,si,,,,,,,,no_aplica,1,ingreso_fijo_declarado,cocina_y_reposteria,ciclismo,mejorar_vivienda,12_meses,,,actividad_principal:nutricion_y_dietetica | actividad_secundaria:ninguna | hobbies:cocina_y_reposteria | ciclismo | meta:mejorar_vivienda | responsabilidad:gastos_de_un_hijo | historia:fragilidad_sostenida,nutricion_y_dietetica | cocina_y_reposteria | ciclismo | mejorar_vivienda,responsabilidades,fragilidad_sostenida,1118941,15508493,si,train,si,fincoach_mvp_estructurado_v2.0,8e8bff11e30d0dcf5fd0fedbbefe0c9679b869a22873867625bc073321f40dc5,fijo,740000,Nutricionista dietista,Nutricionista dietista,fijo,no,,,mejorar vivienda,cocina_y_reposteria | ciclismo,no declarada,credito,52.75,calculado,alta
PERF_0063,perfil_estructurado_v2.0,2026-04-01,Colombia,COP,Actividad principal declarada: Disc jockey. Estado de ingreso actual: mixto. Ingreso mensual neto declarado: 3156000 COP. Ingreso adicional: actividad independiente adicional. Hobbies declarados: manualidades_y_artesanias | fotografia_y_video. Objetivo: comprar bicicleta.,parcial,dentro_del_mvp,musica_y_entretenimiento_dj,26521,Intérpretes musicales,26521.035,Disc jockey,principal,mixto,si,,,,,,,,no_aplica,2,ingresos_mixtos_declarados,manualidades_y_artesanias,fotografia_y_video,comprar_bicicleta,6_meses,gastos_de_un_hijo,1.0,actividad_principal:musica_y_entretenimiento_dj | actividad_secundaria:ninguna | hobbies:manualidades_y_artesanias | fotografia_y_video | meta:comprar_bicicleta | responsabilidad:gastos_de_un_hijo | historia:situacion_critica,musica_y_entretenimiento_dj | manualidades_y_artesanias | fotografia_y_video | comprar_bicicleta | gastos_de_un_hijo,otras_fuentes_no_declaradas,situacion_critica,1273099,10707783,si,train,si,fincoach_mvp_estructurado_v2.0,5bcb4eeda4b969a5fcf181bda4828b37feea9bead48ef52543a1d3eb00536a03,mixto,3156000,Disc jockey,Disc jockey,mixto,si,actividad independiente adicional,variable,comprar bicicleta,manualidades_y_artesanias | fotografia_y_video,gastos de un hijo,credito,19.55,calculado,baja
PERF_0064,perfil_estructurado_v2.0,2026-04-01,Colombia,COP,Actividad principal declarada: Ciclista. Estado de ingreso actual: mixto. Ingreso mensual neto declarado: 5606333 COP. Ingreso adicional: actividad independiente adicional. Hobbies declarados: musica | videojuegos_y_streaming. Objetivo: hacer certificacion profesional.,parcial,dentro_del_mvp,deporte_competitivo_ciclismo,34210,Atletas y deportistas,34210.007,Ciclista,principal,mixto,si,,,,,,,,no_aplica,2,ingresos_mixtos_declarados,musica,videojuegos_y_streaming,hacer_certificacion_profesional,3_a_6_meses,,,actividad_principal:deporte_competitivo_ciclismo | actividad_secundaria:ninguna | hobbies:musica | videojuegos_y_streaming | meta:hacer_certificacion_profesional | responsabilidad:ninguna_declarada | historia:acumulacion_estable,deporte_competitivo_ciclismo | musica | videojuegos_y_streaming | hacer_certificacion_profesional,responsabilidades,acumulacion_estable,6796126,0,si,validation,si,fincoach_mvp_estructurado_v2.0,ac83249a41a401aed1ec29162b609584aed9143378df2ccf1c770add1948b570,mixto,5606333,Ciclista,Ciclista,mixto,si,actividad independiente adicional,variable,hacer certificacion profesional,musica | videojuegos_y_streaming,no declarada,sin_deuda,0.0,calculado,media
PERF_0065,perfil_estructurado_v2.0,2026-04-01,Colombia,COP,Actividad principal declarada: Repartidor de domicilios / Repartidora de domicilios. Estado de ingreso actual: fijo. Ingreso mensual neto declarado: 500000 COP. Hobbies declarados: fotografia_y_video.,parcial,dentro_del_mvp,domicilios_mensajeria_y_reparto,96211,"Mandaderos, maleteros y repartidores / Mandaderas, maleteras y repartidoras",96211.011,Repartidor de domicilios / Repartidora de domicilios,principal,estable,si,ventas_al_por_menor,52230.0,"Vendedores y auxiliares de venta en tiendas, almacenes y afines / Vendedoras y auxiliares de venta en tiendas, almacenes y afines",52230.032,Vendedor de tienda / Vendedora de tienda,secundaria,mixto,no,1,ingreso_fijo_declarado,fotografia_y_video,,,,gastos_de_un_hijo,1.0,actividad_principal:domicilios_mensajeria_y_reparto | actividad_secundaria:ventas_al_por_menor | hobbies:fotografia_y_video | meta:comprar_bicicleta | responsabilidad:gastos_de_un_hijo | historia:equilibrio_sostenible,domicilios_mensajeria_y_reparto | gastos_de_un_hijo,segunda_actividad_economica | hobbies | meta,equilibrio_sostenible,1713170,9537357,si,train,si,fincoach_mvp_estructurado_v2.0,5646a7f71b864b2f4f2b4d870f5ea7f741627ed5d27bf336bc0dbccf6ab01a6c,fijo,500000,Repartidor de domicilios / Repartidora de domicilios,Repartidor de domicilios / Repartidora de domicilios,fijo,no,,,no declarado,fotografia_y_video,gastos de un hijo,credito,55.2,calculado,alta
PERF_0066,perfil_estructurado_v2.0,2026-04-01,Colombia,COP,Actividad principal declarada: Vendedor de tienda / Vendedora de tienda. Estado de ingreso actual: sin_ingresos. Hobbies declarados: videojuegos_y_streaming | jardineria_y_agricultura_urbana. Objetivo: pagar deuda.,parcial,dentro_del_mvp,ventas_al_por_menor,52230,"Vendedores y auxiliares de venta en tiendas, almacenes y afines / Vendedoras y auxiliares de venta en tiendas, almacenes y afines",52230.032,Vendedor de tienda / Vendedora de tienda,principal,sin_ingresos,si,musica_y_entretenimiento_dj,26521.0,Intérpretes musicales,26521.035,Disc jockey,secundaria,variable,no,0,sin_ingresos_declarados,videojuegos_y_streaming,jardineria_y_agricultura_urbana,pagar_deuda,3_a_12_meses,apoyo_parcial_a_dos_familiares,2.0,actividad_principal:ventas_al_por_menor | actividad_secundaria:musica_y_entretenimiento_dj | hobbies:videojuegos_y_streaming | jardineria_y_agricultura_urbana | meta:pagar_deuda | responsabilidad:apoyo_parcial_a_dos_familiares | historia:variable_resiliente,ventas_al_por_menor | pagar_deuda | apoyo_parcial_a_dos_familiares,segunda_actividad_economica | hobbies,variable_resiliente,2750437,1752544,si,validation,si,fincoach_mvp_estructurado_v2.0,1938f406199408fbf5d570f29809bbb4e6fde6b3e345b22157e6f5f43bd54651,sin_ingresos,0,Vendedor de tienda / Vendedora de tienda,sin ingresos actualmente; experiencia en Vendedor de tienda / Vendedora de tienda,sin_ingresos,no,,,pagar deuda,videojuegos_y_streaming | jardineria_y_agricultura_urbana,apoyo parcial a dos familiares,credito,,no_calculable_sin_ingresos,nunca
PERF_0067,perfil_estructurado_v2.0,2026-04-01,Colombia,COP,Actividad principal declarada: Editor de video / Editora de video. Estado de ingreso actual: fijo. Ingreso mensual neto declarado: 820000 COP. Hobbies declarados: turismo_y_viajes | jardineria_y_agricultura_urbana. Objetivo: comprar bicicleta.,parcial,dentro_del_mvp,diseno_audiovisual_y_edicion_de_video,26541,"Productores, directores y editores de cine, teatro y afines / Productoras, directoras y editoras de cine, teatro y afines",26541.06,Editor de video / Editora de video,principal,estable,si,,,,,,,,no_aplica,1,ingreso_fijo_declarado,turismo_y_viajes,jardineria_y_agricultura_urbana,comprar_bicicleta,6_meses,medicamentos_de_un_familiar,1.0,actividad_principal:diseno_audiovisual_y_edicion_de_video | actividad_secundaria:ninguna | hobbies:turismo_y_viajes | jardineria_y_agricultura_urbana | meta:comprar_bicicleta | responsabilidad:medicamentos_de_un_familiar | historia:uso_planificado_reserva,diseno_audiovisual_y_edicion_de_video | turismo_y_viajes | jardineria_y_agricultura_urbana | comprar_bicicleta | medicamentos_de_un_familiar,otras_fuentes_no_declaradas,uso_planificado_reserva,24369626,15299653,si,validation,si,fincoach_mvp_estructurado_v2.0,65af0e2f8f5151cf508f0ae380567aa90f67cddba38f1a8be37834819a80d2da,fijo,820000,Editor de video / Editora de video,Editor de video / Editora de video,fijo,no,,,comprar bicicleta,turismo_y_viajes | jardineria_y_agricultura_urbana,medicamentos de un familiar,credito,64.57,calculado,media
PERF_0068,perfil_estructurado_v2.0,2026-04-01,Colombia,COP,Actividad principal declarada: Docente de educación básica secundaria. Estado de ingreso actual: variable. Ingreso mensual neto declarado: 5950000 COP. Hobbies declarados: impresion_3d. Objetivo: comprar bicicleta.,parcial,dentro_del_mvp,docencia_y_formacion,23300,Profesores de educación secundaria / Profesoras de educación secundaria,23300.001,Docente de educación básica secundaria,principal,variable,si,deporte_competitivo_ciclismo,34210.0,Atletas y deportistas,34210.007,Ciclista,secundaria,mixto,no,1,ingreso_variable_declarado,impresion_3d,,comprar_bicicleta,6_meses,,,actividad_principal:docencia_y_formacion | actividad_secundaria:deporte_competitivo_ciclismo | hobbies:impresion_3d | meta:comprar_bicicleta | responsabilidad:gastos_de_un_hijo | historia:deterioro_reciente,docencia_y_formacion | impresion_3d | comprar_bicicleta,segunda_actividad_economica | responsabilidades,deterioro_reciente,5539670,10384992,si,train,si,fincoach_mvp_estructurado_v2.0,2862aef61fd94363deb0d2ebc3252343f34739b51de0a1666b1c1236a82de4e4,variable,5950000,Docente de educación básica secundaria,Docente de educación básica secundaria,variable,no,,,comprar bicicleta,impresion_3d,no declarada,credito,4.87,calculado,media
PERF_0069,perfil_estructurado_v2.0,2026-04-01,Colombia,COP,Actividad principal declarada: Horticultor / Horticultora. Estado de ingreso actual: variable. Ingreso mensual neto declarado: 3738667 COP. Hobbies declarados: jardineria_y_agricultura_urbana | cocina_y_reposteria.,parcial,dentro_del_mvp,agricultura,61131,"Agricultores de huertas, invernaderos, viveros y jardines / Agricultoras de huertas, invernaderos, viveros y jardines",61131.017,Horticultor / Horticultora,principal,variable,si,,,,,,,,no_aplica,1,ingreso_variable_declarado,jardineria_y_agricultura_urbana,cocina_y_reposteria,,,ninguna_declarada,0.0,actividad_principal:agricultura | actividad_secundaria:ninguna | hobbies:jardineria_y_agricultura_urbana | cocina_y_reposteria | meta:ampliar_actividad_economica | responsabilidad:ninguna_declarada | historia:fragilidad_sostenida,agricultura | jardineria_y_agricultura_urbana | cocina_y_reposteria | ninguna_declarada,meta,fragilidad_sostenida,459058,14900181,si,validation,si,fincoach_mvp_estructurado_v2.0,3f70c461847846e35305beefae8644c73fa99758311c993e97c8bb6b150cbd57,variable,3738667,Horticultor / Horticultora,Horticultor / Horticultora,variable,no,,,no declarado,jardineria_y_agricultura_urbana | cocina_y_reposteria,ninguna declarada,credito,14.26,calculado,baja
PERF_0070,perfil_estructurado_v2.0,2026-04-01,Colombia,COP,Actividad principal declarada: Barbero / Barbera. Estado de ingreso actual: variable. Ingreso mensual neto declarado: 3270333 COP. Hobbies declarados: ciclismo.,parcial,dentro_del_mvp,peluqueria_y_barberia,51410,Peluqueros / Peluqueras,51410.001,Barbero / Barbera,principal,variable,si,ventas_al_por_menor,52230.0,"Vendedores y auxiliares de venta en tiendas, almacenes y afines / Vendedoras y auxiliares de venta en tiendas, almacenes y afines",52230.032,Vendedor de tienda / Vendedora de tienda,secundaria,mixto,no,1,ingreso_variable_declarado,ciclismo,,,,,,actividad_principal:peluqueria_y_barberia | actividad_secundaria:ventas_al_por_menor | hobbies:ciclismo | meta:crear_fondo_emergencia | responsabilidad:aporte_hogar_compartido | historia:situacion_critica,peluqueria_y_barberia | ciclismo,segunda_actividad_economica | meta | responsabilidades,situacion_critica,1166230,16459799,si,train,si,fincoach_mvp_estructurado_v2.0,b1327bdd83a7316d55c0aa5294c1bf3aafd1fa0011bdfc19bf6ba50acef8f3e8,variable,3270333,Barbero / Barbera,Barbero / Barbera,variable,no,,,no declarado,ciclismo,no declarada,credito,27.09,calculado,media
PERF_0071,perfil_estructurado_v2.0,2026-04-01,Colombia,COP,Actividad principal declarada: Ingeniero de software / Ingeniera de software. Estado de ingreso actual: sin_ingresos. Hobbies declarados: pintura. Objetivo: mejorar vivienda.,parcial,dentro_del_mvp,ingenieria_y_desarrollo_de_software,25120,Desarrolladores de software / Desarrolladoras de software,25120.031,Ingeniero de software / Ingeniera de software,principal,sin_ingresos,si,,,,,,,,no_aplica,0,sin_ingresos_declarados,pintura,,mejorar_vivienda,12_meses,aporte_hogar_compartido,0.0,actividad_principal:ingenieria_y_desarrollo_de_software | actividad_secundaria:ninguna | hobbies:pintura | meta:mejorar_vivienda | responsabilidad:aporte_hogar_compartido | historia:acumulacion_estable,ingenieria_y_desarrollo_de_software | mejorar_vivienda | aporte_hogar_compartido,hobbies,acumulacion_estable,6171297,19120901,si,validation,si,fincoach_mvp_estructurado_v2.0,21f02828f43ba722a77e5b624439764c609ce66ff783ad51b280e905eaf1f658,sin_ingresos,0,Ingeniero de software / Ingeniera de software,sin ingresos actualmente; experiencia en Ingeniero de software / Ingeniera de software,sin_ingresos,no,,,mejorar vivienda,pintura,aporte hogar compartido,credito,,no_calculable_sin_ingresos,nunca
PERF_0072,perfil_estructurado_v2.0,2026-04-01,Colombia,COP,Actividad principal declarada: Nutricionista dietista. Estado de ingreso actual: sin_ingresos. Hobbies declarados: cocina_y_reposteria. Objetivo: hacer certificacion profesional.,amplia,dentro_del_mvp,nutricion_y_dietetica,22650,Nutricionistas dietistas,22650.014,Nutricionista dietista,principal,sin_ingresos,si,diseno_audiovisual_y_edicion_de_video,26541.0,"Productores, directores y editores de cine, teatro y afines / Productoras, directoras y editoras de cine, teatro y afines",26541.06,Editor de video / Editora de video,secundaria,variable,si,0,sin_ingresos_declarados,cocina_y_reposteria,,hacer_certificacion_profesional,3_a_6_meses,,,actividad_principal:nutricion_y_dietetica | actividad_secundaria:diseno_audiovisual_y_edicion_de_video | hobbies:cocina_y_reposteria | meta:hacer_certificacion_profesional | responsabilidad:apoyo_parcial_a_dos_familiares | historia:equilibrio_sostenible,nutricion_y_dietetica | diseno_audiovisual_y_edicion_de_video | cocina_y_reposteria | hacer_certificacion_profesional,responsabilidades,equilibrio_sostenible,14298481,0,si,train,si,fincoach_mvp_estructurado_v2.0,f4d4be8aac49f216062a8e00b72c759db5558fe70613e0b6d66c8c8b86294263,sin_ingresos,0,Nutricionista dietista,sin ingresos actualmente; experiencia en Nutricionista dietista,sin_ingresos,no,,,hacer certificacion profesional,cocina_y_reposteria,no declarada,sin_deuda,0.0,sin_ingresos_sin_pago_observado,nunca
PERF_0073,perfil_estructurado_v2.0,2026-04-01,Colombia,COP,Actividad principal declarada: Disc jockey. Estado de ingreso actual: variable. Ingreso mensual neto declarado: 4244667 COP. Hobbies declarados: manualidades_y_artesanias | musica. Objetivo: comprar bicicleta.,parcial,dentro_del_mvp,musica_y_entretenimiento_dj,26521,Intérpretes musicales,26521.035,Disc jockey,principal,variable,si,deporte_competitivo_ciclismo,34210.0,Atletas y deportistas,34210.007,Ciclista,secundaria,mixto,no,1,ingreso_variable_declarado,manualidades_y_artesanias,musica,comprar_bicicleta,6_meses,,,actividad_principal:musica_y_entretenimiento_dj | actividad_secundaria:deporte_competitivo_ciclismo | hobbies:manualidades_y_artesanias | musica | meta:comprar_bicicleta | responsabilidad:gastos_de_un_hijo | historia:variable_resiliente,musica_y_entretenimiento_dj | manualidades_y_artesanias | musica | comprar_bicicleta,segunda_actividad_economica | responsabilidades,variable_resiliente,2398519,11612324,si,train,si,fincoach_mvp_estructurado_v2.0,c8ec500209815b5bac7e625907c1be3252628486bbee71927f5a5f18d8fe8fa5,variable,4244667,Disc jockey,Disc jockey,variable,no,,,comprar bicicleta,manualidades_y_artesanias | musica,no declarada,credito,6.44,calculado,baja
PERF_0074,perfil_estructurado_v2.0,2026-04-01,Colombia,COP,Actividad principal declarada: Ciclista. Estado de ingreso actual: fijo. Ingreso mensual neto declarado: 1040000 COP. Hobbies declarados: musica | jardineria_y_agricultura_urbana.,parcial,dentro_del_mvp,deporte_competitivo_ciclismo,34210,Atletas y deportistas,34210.007,Ciclista,principal,estable,si,,,,,,,,no_aplica,1,ingreso_fijo_declarado,musica,jardineria_y_agricultura_urbana,,,,,actividad_principal:deporte_competitivo_ciclismo | actividad_secundaria:ninguna | hobbies:musica | jardineria_y_agricultura_urbana | meta:hacer_viaje | responsabilidad:gastos_de_un_hijo | historia:uso_planificado_reserva,deporte_competitivo_ciclismo | musica | jardineria_y_agricultura_urbana,meta | responsabilidades,uso_planificado_reserva,15205723,0,si,train,si,fincoach_mvp_estructurado_v2.0,39a79a7bca6531740faee8f09b435cd258e69cd5c36cb03d2a6c015ba3d9c532,fijo,1040000,Ciclista,Ciclista,fijo,no,,,no declarado,musica | jardineria_y_agricultura_urbana,no declarada,sin_deuda,0.0,calculado,alta
PERF_0075,perfil_estructurado_v2.0,2026-04-01,Colombia,COP,Actividad principal declarada: Repartidor de domicilios / Repartidora de domicilios. Estado de ingreso actual: variable. Ingreso mensual neto declarado: 2147000 COP. Hobbies declarados: fotografia_y_video | pintura. Objetivo: comprar equipo de trabajo.,parcial,dentro_del_mvp,domicilios_mensajeria_y_reparto,96211,"Mandaderos, maleteros y repartidores / Mandaderas, maleteras y repartidoras",96211.011,Repartidor de domicilios / Repartidora de domicilios,principal,variable,si,,,,,,,,no_aplica,1,ingreso_variable_declarado,fotografia_y_video,pintura,comprar_equipo_de_trabajo,6_a_12_meses,apoyo_mensual_madre_o_padre,1.0,actividad_principal:domicilios_mensajeria_y_reparto | actividad_secundaria:ninguna | hobbies:fotografia_y_video | pintura | meta:comprar_equipo_de_trabajo | responsabilidad:apoyo_mensual_madre_o_padre | historia:deterioro_reciente,domicilios_mensajeria_y_reparto | fotografia_y_video | pintura | comprar_equipo_de_trabajo | apoyo_mensual_madre_o_padre,otras_fuentes_no_declaradas,deterioro_reciente,1263917,0,si,train,si,fincoach_mvp_estructurado_v2.0,240bad2bcbe245d97d6dc32469f146a9525a5ab8f36686e5ba2f23739b74b667,variable,2147000,Repartidor de domicilios / Repartidora de domicilios,Repartidor de domicilios / Repartidora de domicilios,variable,no,,,comprar equipo de trabajo,fotografia_y_video | pintura,apoyo mensual madre o padre,sin_deuda,0.0,calculado,baja
PERF_0076,perfil_estructurado_v2.0,2026-04-01,Colombia,COP,Actividad principal declarada: Vendedor de tienda / Vendedora de tienda. Estado de ingreso actual: sin_ingresos. Hobbies declarados: videojuegos_y_streaming | musica. Objetivo: mejorar vivienda.,parcial,dentro_del_mvp,ventas_al_por_menor,52230,"Vendedores y auxiliares de venta en tiendas, almacenes y afines / Vendedoras y auxiliares de venta en tiendas, almacenes y afines",52230.032,Vendedor de tienda / Vendedora de tienda,principal,sin_ingresos,si,,,,,,,,no_aplica,0,sin_ingresos_declarados,videojuegos_y_streaming,musica,mejorar_vivienda,12_meses,ninguna_declarada,0.0,actividad_principal:ventas_al_por_menor | actividad_secundaria:ninguna | hobbies:videojuegos_y_streaming | musica | meta:mejorar_vivienda | responsabilidad:ninguna_declarada | historia:fragilidad_sostenida,ventas_al_por_menor | videojuegos_y_streaming | musica | mejorar_vivienda | ninguna_declarada,otras_fuentes_no_declaradas,fragilidad_sostenida,275048,17055050,si,train,si,fincoach_mvp_estructurado_v2.0,7398ba13c56938a170a0b335a305e77d1b6414f3d863e966d2c2eac5c3ace765,sin_ingresos,0,Vendedor de tienda / Vendedora de tienda,sin ingresos actualmente; experiencia en Vendedor de tienda / Vendedora de tienda,sin_ingresos,no,,,mejorar vivienda,videojuegos_y_streaming | musica,ninguna declarada,credito,,no_calculable_sin_ingresos,nunca
PERF_0077,perfil_estructurado_v2.0,2026-04-01,Colombia,COP,Actividad principal declarada: Editor de video / Editora de video. Estado de ingreso actual: mixto. Ingreso mensual neto declarado: 3785000 COP. Ingreso adicional: Docente de educación básica secundaria. Hobbies declarados: turismo_y_viajes | impresion_3d. Objetivo: hacer viaje.,parcial,dentro_del_mvp,diseno_audiovisual_y_edicion_de_video,26541,"Productores, directores y editores de cine, teatro y afines / Productoras, directoras y editoras de cine, teatro y afines",26541.06,Editor de video / Editora de video,principal,mixto,si,docencia_y_formacion,23300.0,Profesores de educación secundaria / Profesoras de educación secundaria,23300.001,Docente de educación básica secundaria,secundaria,estable,no,2,ingresos_mixtos_declarados,turismo_y_viajes,impresion_3d,hacer_viaje,6_a_12_meses,gastos_de_un_hijo,1.0,actividad_principal:diseno_audiovisual_y_edicion_de_video | actividad_secundaria:docencia_y_formacion | hobbies:turismo_y_viajes | impresion_3d | meta:hacer_viaje | responsabilidad:gastos_de_un_hijo | historia:situacion_critica,diseno_audiovisual_y_edicion_de_video | hacer_viaje | gastos_de_un_hijo,segunda_actividad_economica | hobbies,situacion_critica,1387275,14153624,si,test,si,fincoach_mvp_estructurado_v2.0,b3a424c30a848c1d00a614f41cd6fe16d37bedb7b170f4f5a0a7fb1d29d11ebc,mixto,3785000,Editor de video / Editora de video,Editor de video / Editora de video,mixto,si,Docente de educación básica secundaria,variable,hacer viaje,turismo_y_viajes | impresion_3d,gastos de un hijo,credito,40.26,calculado,alta
PERF_0078,perfil_estructurado_v2.0,2026-04-01,Colombia,COP,Actividad principal declarada: Docente de educación básica secundaria. Estado de ingreso actual: mixto. Ingreso mensual neto declarado: 7029000 COP. Ingreso adicional: actividad independiente adicional. Hobbies declarados: impresion_3d | manualidades_y_artesanias.,parcial,dentro_del_mvp,docencia_y_formacion,23300,Profesores de educación secundaria / Profesoras de educación secundaria,23300.001,Docente de educación básica secundaria,principal,mixto,si,,,,,,,,no_aplica,2,ingresos_mixtos_declarados,impresion_3d,manualidades_y_artesanias,,,,,actividad_principal:docencia_y_formacion | actividad_secundaria:ninguna | hobbies:impresion_3d | manualidades_y_artesanias | meta:pagar_deuda | responsabilidad:apoyo_mensual_madre_o_padre | historia:acumulacion_estable,docencia_y_formacion | impresion_3d | manualidades_y_artesanias,meta | responsabilidades,acumulacion_estable,13024574,11565215,si,test,si,fincoach_mvp_estructurado_v2.0,a5619d4f896d8f18659086117f64156f46fbc89baef4bf0e4f8afcc21efeaaa3,mixto,7029000,Docente de educación básica secundaria,Docente de educación básica secundaria,mixto,si,actividad independiente adicional,variable,no declarado,impresion_3d | manualidades_y_artesanias,no declarada,credito,1.81,calculado,baja
PERF_0079,perfil_estructurado_v2.0,2026-04-01,Colombia,COP,Actividad principal declarada: Horticultor / Horticultora. Estado de ingreso actual: variable. Ingreso mensual neto declarado: 6342333 COP. Hobbies declarados: jardineria_y_agricultura_urbana | manualidades_y_artesanias. Objetivo: comprar bicicleta.,amplia,dentro_del_mvp,agricultura,61131,"Agricultores de huertas, invernaderos, viveros y jardines / Agricultoras de huertas, invernaderos, viveros y jardines",61131.017,Horticultor / Horticultora,principal,variable,si,domicilios_mensajeria_y_reparto,96211.0,"Mandaderos, maleteros y repartidores / Mandaderas, maleteras y repartidoras",96211.011,Repartidor de domicilios / Repartidora de domicilios,secundaria,variable,si,1,ingreso_variable_declarado,jardineria_y_agricultura_urbana,manualidades_y_artesanias,comprar_bicicleta,6_meses,ninguna_declarada,0.0,actividad_principal:agricultura | actividad_secundaria:domicilios_mensajeria_y_reparto | hobbies:jardineria_y_agricultura_urbana | manualidades_y_artesanias | meta:comprar_bicicleta | responsabilidad:ninguna_declarada | historia:equilibrio_sostenible,agricultura | domicilios_mensajeria_y_reparto | jardineria_y_agricultura_urbana | manualidades_y_artesanias | comprar_bicicleta | ninguna_declarada,otras_fuentes_no_declaradas,equilibrio_sostenible,3167730,0,si,train,si,fincoach_mvp_estructurado_v2.0,4a159280c6a5176a8137f4c8e7094da0c23ca7d5207e0ba02f6f40893c43623b,variable,6342333,Horticultor / Horticultora,Horticultor / Horticultora,variable,no,,,comprar bicicleta,jardineria_y_agricultura_urbana | manualidades_y_artesanias,ninguna declarada,sin_deuda,0.0,calculado,baja
PERF_0080,perfil_estructurado_v2.0,2026-04-01,Colombia,COP,Actividad principal declarada: Barbero / Barbera. Estado de ingreso actual: variable. Ingreso mensual neto declarado: 5382667 COP. Hobbies declarados: ciclismo. Objetivo: crear fondo emergencia.,parcial,dentro_del_mvp,peluqueria_y_barberia,51410,Peluqueros / Peluqueras,51410.001,Barbero / Barbera,principal,variable,si,diseno_audiovisual_y_edicion_de_video,26541.0,"Productores, directores y editores de cine, teatro y afines / Productoras, directoras y editoras de cine, teatro y afines",26541.06,Editor de video / Editora de video,secundaria,variable,no,1,ingreso_variable_declarado,ciclismo,,crear_fondo_emergencia,6_meses,aporte_hogar_compartido,0.0,actividad_principal:peluqueria_y_barberia | actividad_secundaria:diseno_audiovisual_y_edicion_de_video | hobbies:ciclismo | meta:crear_fondo_emergencia | responsabilidad:aporte_hogar_compartido | historia:variable_resiliente,peluqueria_y_barberia | crear_fondo_emergencia | aporte_hogar_compartido,segunda_actividad_economica | hobbies,variable_resiliente,6622965,2577264,si,train,si,fincoach_mvp_estructurado_v2.0,4caab3410a7b0182a6e1bac7b2b05a9fe56fb52ceda0102dc93f93a46b24c3e2,variable,5382667,Barbero / Barbera,Barbero / Barbera,variable,no,,,crear fondo emergencia,ciclismo,aporte hogar compartido,credito,2.71,calculado,media
PERF_0081,perfil_estructurado_v2.0,2026-04-01,Colombia,COP,Actividad principal declarada: Ingeniero de software / Ingeniera de software. Estado de ingreso actual: fijo. Ingreso mensual neto declarado: 1750000 COP. Hobbies declarados: pintura | jardineria_y_agricultura_urbana. Objetivo: hacer viaje.,parcial,dentro_del_mvp,ingenieria_y_desarrollo_de_software,25120,Desarrolladores de software / Desarrolladoras de software,25120.031,Ingeniero de software / Ingeniera de software,principal,estable,si,,,,,,,,no_aplica,1,ingreso_fijo_declarado,pintura,jardineria_y_agricultura_urbana,hacer_viaje,6_a_12_meses,gastos_de_un_hijo,1.0,actividad_principal:ingenieria_y_desarrollo_de_software | actividad_secundaria:ninguna | hobbies:pintura | jardineria_y_agricultura_urbana | meta:hacer_viaje | responsabilidad:gastos_de_un_hijo | historia:uso_planificado_reserva,ingenieria_y_desarrollo_de_software | pintura | jardineria_y_agricultura_urbana | hacer_viaje | gastos_de_un_hijo,otras_fuentes_no_declaradas,uso_planificado_reserva,20628740,3918997,si,train,si,fincoach_mvp_estructurado_v2.0,79af88b8005c479c429dc23bd32f3f3178e5c2307ebb04b845831fdf7e9030f5,fijo,1750000,Ingeniero de software / Ingeniera de software,Ingeniero de software / Ingeniera de software,fijo,no,,,hacer viaje,pintura | jardineria_y_agricultura_urbana,gastos de un hijo,credito,39.71,calculado,baja
PERF_0082,perfil_estructurado_v2.0,2026-04-01,Colombia,COP,Actividad principal declarada: Nutricionista dietista. Estado de ingreso actual: apoyo. Ingreso mensual neto declarado: 1420000 COP. Hobbies declarados: cocina_y_reposteria. Objetivo: pagar deuda.,parcial,dentro_del_mvp,nutricion_y_dietetica,22650,Nutricionistas dietistas,22650.014,Nutricionista dietista,principal,apoyo,si,docencia_y_formacion,23300.0,Profesores de educación secundaria / Profesoras de educación secundaria,23300.001,Docente de educación básica secundaria,secundaria,estable,no,1,apoyo_declarado,cocina_y_reposteria,,pagar_deuda,3_a_12_meses,aporte_hogar_compartido,0.0,actividad_principal:nutricion_y_dietetica | actividad_secundaria:docencia_y_formacion | hobbies:cocina_y_reposteria | meta:pagar_deuda | responsabilidad:aporte_hogar_compartido | historia:deterioro_reciente,nutricion_y_dietetica | pagar_deuda | aporte_hogar_compartido,segunda_actividad_economica | hobbies,deterioro_reciente,14299393,1939071,si,train,si,fincoach_mvp_estructurado_v2.0,f752354e4eaafc060c73b6391f5f8ee56f420158d43c30e7246bca8c0f51fa3f,apoyo,1420000,Nutricionista dietista,apoyo familiar o de terceros,apoyo,no,,,pagar deuda,cocina_y_reposteria,aporte hogar compartido,credito,36.3,calculado,baja
PERF_0083,perfil_estructurado_v2.0,2026-04-01,Colombia,COP,Actividad principal declarada: Disc jockey. Estado de ingreso actual: mixto. Ingreso mensual neto declarado: 2903333 COP. Ingreso adicional: actividad independiente adicional. Hobbies declarados: manualidades_y_artesanias.,parcial,dentro_del_mvp,musica_y_entretenimiento_dj,26521,Intérpretes musicales,26521.035,Disc jockey,principal,mixto,si,,,,,,,,no_aplica,2,ingresos_mixtos_declarados,manualidades_y_artesanias,,,,medicamentos_de_un_familiar,1.0,actividad_principal:musica_y_entretenimiento_dj | actividad_secundaria:ninguna | hobbies:manualidades_y_artesanias | meta:ampliar_actividad_economica | responsabilidad:medicamentos_de_un_familiar | historia:fragilidad_sostenida,musica_y_entretenimiento_dj | manualidades_y_artesanias | medicamentos_de_un_familiar,meta,fragilidad_sostenida,608614,17057048,si,train,si,fincoach_mvp_estructurado_v2.0,575f6b45441ba08c87305aaa62411c03a01217eea9cdb832a54cb0241db532d2,mixto,2903333,Disc jockey,Disc jockey,mixto,si,actividad independiente adicional,variable,no declarado,manualidades_y_artesanias,medicamentos de un familiar,credito,9.78,calculado,alta
PERF_0084,perfil_estructurado_v2.0,2026-04-01,Colombia,COP,Actividad principal declarada: Ciclista. Estado de ingreso actual: fijo. Ingreso mensual neto declarado: 500000 COP. Hobbies declarados: musica. Objetivo: ampliar actividad economica.,parcial,dentro_del_mvp,deporte_competitivo_ciclismo,34210,Atletas y deportistas,34210.007,Ciclista,principal,estable,si,musica_y_entretenimiento_dj,26521.0,Intérpretes musicales,26521.035,Disc jockey,secundaria,variable,no,1,ingreso_fijo_declarado,musica,,ampliar_actividad_economica,6_meses,apoyo_parcial_a_dos_familiares,2.0,actividad_principal:deporte_competitivo_ciclismo | actividad_secundaria:musica_y_entretenimiento_dj | hobbies:musica | meta:ampliar_actividad_economica | responsabilidad:apoyo_parcial_a_dos_familiares | historia:situacion_critica,deporte_competitivo_ciclismo | musica | ampliar_actividad_economica | apoyo_parcial_a_dos_familiares,segunda_actividad_economica,situacion_critica,1180330,14949189,si,validation,si,fincoach_mvp_estructurado_v2.0,c14e67e803b7110578d40119fed63dc344c5438a1e7d4f5d0c154592864c1a01,fijo,500000,Ciclista,Ciclista,fijo,no,,,ampliar actividad economica,musica,apoyo parcial a dos familiares,credito,100.0,calculado,baja
PERF_0085,perfil_estructurado_v2.0,2026-04-01,Colombia,COP,Actividad principal declarada: Repartidor de domicilios / Repartidora de domicilios. Estado de ingreso actual: fijo. Ingreso mensual neto declarado: 500000 COP. Hobbies declarados: fotografia_y_video. Objetivo: hacer certificacion profesional.,amplia,dentro_del_mvp,domicilios_mensajeria_y_reparto,96211,"Mandaderos, maleteros y repartidores / Mandaderas, maleteras y repartidoras",96211.011,Repartidor de domicilios / Repartidora de domicilios,principal,estable,si,ingenieria_y_desarrollo_de_software,25120.0,Desarrolladores de software / Desarrolladoras de software,25120.031,Ingeniero de software / Ingeniera de software,secundaria,mixto,si,1,ingreso_fijo_declarado,fotografia_y_video,,hacer_certificacion_profesional,3_a_6_meses,apoyo_mensual_madre_o_padre,1.0,actividad_principal:domicilios_mensajeria_y_reparto | actividad_secundaria:ingenieria_y_desarrollo_de_software | hobbies:fotografia_y_video | meta:hacer_certificacion_profesional | responsabilidad:apoyo_mensual_madre_o_padre | historia:acumulacion_estable,domicilios_mensajeria_y_reparto | ingenieria_y_desarrollo_de_software | fotografia_y_video | hacer_certificacion_profesional | apoyo_mensual_madre_o_padre,otras_fuentes_no_declaradas,acumulacion_estable,7388583,4731191,si,train,si,fincoach_mvp_estructurado_v2.0,57231d04ca28a94237f274b9c48be723a1aebff697890e24e1cd1284807393be,fijo,500000,Repartidor de domicilios / Repartidora de domicilios,Repartidor de domicilios / Repartidora de domicilios,fijo,no,,,hacer certificacion profesional,fotografia_y_video,apoyo mensual madre o padre,credito,15.73,calculado,media
PERF_0086,perfil_estructurado_v2.0,2026-04-01,Colombia,COP,Actividad principal declarada: Vendedor de tienda / Vendedora de tienda. Estado de ingreso actual: fijo. Ingreso mensual neto declarado: 2120000 COP. Hobbies declarados: videojuegos_y_streaming | manualidades_y_artesanias. Objetivo: mejorar vivienda.,parcial,dentro_del_mvp,ventas_al_por_menor,52230,"Vendedores y auxiliares de venta en tiendas, almacenes y afines / Vendedoras y auxiliares de venta en tiendas, almacenes y afines",52230.032,Vendedor de tienda / Vendedora de tienda,principal,estable,si,,,,,,,,no_aplica,1,ingreso_fijo_declarado,videojuegos_y_streaming,manualidades_y_artesanias,mejorar_vivienda,12_meses,,,actividad_principal:ventas_al_por_menor | actividad_secundaria:ninguna | hobbies:videojuegos_y_streaming | manualidades_y_artesanias | meta:mejorar_vivienda | responsabilidad:apoyo_parcial_a_dos_familiares | historia:equilibrio_sostenible,ventas_al_por_menor | videojuegos_y_streaming | manualidades_y_artesanias | mejorar_vivienda,responsabilidades,equilibrio_sostenible,15629454,0,si,validation,si,fincoach_mvp_estructurado_v2.0,ab35e46222d5805e3463a0fc6e45a5df8b8cfaf62ee68697e37203b01946a85c,fijo,2120000,Vendedor de tienda / Vendedora de tienda,Vendedor de tienda / Vendedora de tienda,fijo,no,,,mejorar vivienda,videojuegos_y_streaming | manualidades_y_artesanias,no declarada,sin_deuda,0.0,calculado,alta
PERF_0087,perfil_estructurado_v2.0,2026-04-01,Colombia,COP,Actividad principal declarada: Editor de video / Editora de video. Estado de ingreso actual: estacional. Ingreso mensual neto declarado: 4885500 COP. Hobbies declarados: turismo_y_viajes.,parcial,dentro_del_mvp,diseno_audiovisual_y_edicion_de_video,26541,"Productores, directores y editores de cine, teatro y afines / Productoras, directoras y editoras de cine, teatro y afines",26541.06,Editor de video / Editora de video,principal,estacional,si,,,,,,,,no_aplica,1,ingreso_estacional_declarado,turismo_y_viajes,,,,medicamentos_de_un_familiar,1.0,actividad_principal:diseno_audiovisual_y_edicion_de_video | actividad_secundaria:ninguna | hobbies:turismo_y_viajes | meta:hacer_viaje | responsabilidad:medicamentos_de_un_familiar | historia:variable_resiliente,diseno_audiovisual_y_edicion_de_video | turismo_y_viajes | medicamentos_de_un_familiar,meta,variable_resiliente,13711715,2833126,si,train,si,fincoach_mvp_estructurado_v2.0,83edda68372ffdd05d3ba6f5d9f0d16e8278e4d26fb1bb9fcb89f7b641e757da,estacional,4885500,Editor de video / Editora de video,Editor de video / Editora de video,estacional,no,,,no declarado,turismo_y_viajes,medicamentos de un familiar,credito,5.46,calculado,baja
PERF_0088,perfil_estructurado_v2.0,2026-04-01,Colombia,COP,Actividad principal declarada: Docente de educación básica secundaria. Estado de ingreso actual: mixto. Ingreso mensual neto declarado: 6272000 COP. Ingreso adicional: actividad independiente adicional. Hobbies declarados: impresion_3d | turismo_y_viajes. Objetivo: crear fondo emergencia.,parcial,dentro_del_mvp,docencia_y_formacion,23300,Profesores de educación secundaria / Profesoras de educación secundaria,23300.001,Docente de educación básica secundaria,principal,mixto,si,,,,,,,,no_aplica,2,ingresos_mixtos_declarados,impresion_3d,turismo_y_viajes,crear_fondo_emergencia,6_meses,,,actividad_principal:docencia_y_formacion | actividad_secundaria:ninguna | hobbies:impresion_3d | turismo_y_viajes | meta:crear_fondo_emergencia | responsabilidad:ninguna_declarada | historia:uso_planificado_reserva,docencia_y_formacion | impresion_3d | turismo_y_viajes | crear_fondo_emergencia,responsabilidades,uso_planificado_reserva,16293778,0,si,train,si,fincoach_mvp_estructurado_v2.0,b1e23626569913acfcf9a93c38dd710d9ca81262f9ab9d6919ecf2dbba37f7f5,mixto,6272000,Docente de educación básica secundaria,Docente de educación básica secundaria,mixto,si,actividad independiente adicional,variable,crear fondo emergencia,impresion_3d | turismo_y_viajes,no declarada,sin_deuda,0.0,calculado,media
PERF_0089,perfil_estructurado_v2.0,2026-04-01,Colombia,COP,Actividad principal declarada: Horticultor / Horticultora. Estado de ingreso actual: fijo. Ingreso mensual neto declarado: 500000 COP. Hobbies declarados: jardineria_y_agricultura_urbana. Objetivo: hacer certificacion profesional.,parcial,dentro_del_mvp,agricultura,61131,"Agricultores de huertas, invernaderos, viveros y jardines / Agricultoras de huertas, invernaderos, viveros y jardines",61131.017,Horticultor / Horticultora,principal,estable,si,nutricion_y_dietetica,22650.0,Nutricionistas dietistas,22650.014,Nutricionista dietista,secundaria,mixto,si,1,ingreso_fijo_declarado,jardineria_y_agricultura_urbana,,hacer_certificacion_profesional,3_a_6_meses,,,actividad_principal:agricultura | actividad_secundaria:nutricion_y_dietetica | hobbies:jardineria_y_agricultura_urbana | meta:hacer_certificacion_profesional | responsabilidad:apoyo_parcial_a_dos_familiares | historia:deterioro_reciente,agricultura | nutricion_y_dietetica | hacer_certificacion_profesional,hobbies | responsabilidades,deterioro_reciente,5697019,4125811,si,train,si,fincoach_mvp_estructurado_v2.0,a9083a9cc332a515d02bd49c63943de2b1261de5d9a419018344f0c97a6e25ac,fijo,500000,Horticultor / Horticultora,Horticultor / Horticultora,fijo,no,,,hacer certificacion profesional,jardineria_y_agricultura_urbana,no declarada,credito,46.2,calculado,alta
PERF_0090,perfil_estructurado_v2.0,2026-04-01,Colombia,COP,Actividad principal declarada: Barbero / Barbera. Estado de ingreso actual: estacional. Ingreso mensual neto declarado: 3884000 COP. Hobbies declarados: ciclismo | musica.,parcial,dentro_del_mvp,peluqueria_y_barberia,51410,Peluqueros / Peluqueras,51410.001,Barbero / Barbera,principal,estacional,si,,,,,,,,no_aplica,1,ingreso_estacional_declarado,ciclismo,musica,,,aporte_hogar_compartido,0.0,actividad_principal:peluqueria_y_barberia | actividad_secundaria:ninguna | hobbies:ciclismo | musica | meta:mejorar_vivienda | responsabilidad:aporte_hogar_compartido | historia:fragilidad_sostenida,peluqueria_y_barberia | ciclismo | musica | aporte_hogar_compartido,meta,fragilidad_sostenida,1668744,14791558,si,train,si,fincoach_mvp_estructurado_v2.0,6b7ef3969e7b395296ee56104ce8eeaf7e696d36b152d9168769f2735b2ed440,estacional,3884000,Barbero / Barbera,Barbero / Barbera,estacional,no,,,no declarado,ciclismo | musica,aporte hogar compartido,credito,17.18,calculado,media
PERF_0091,perfil_estructurado_v2.0,2026-04-01,Colombia,COP,Actividad principal declarada: Ingeniero de software / Ingeniera de software. Estado de ingreso actual: variable. Ingreso mensual neto declarado: 4811667 COP. Hobbies declarados: pintura | fotografia_y_video.,parcial,dentro_del_mvp,ingenieria_y_desarrollo_de_software,25120,Desarrolladores de software / Desarrolladoras de software,25120.031,Ingeniero de software / Ingeniera de software,principal,variable,si,docencia_y_formacion,23300.0,Profesores de educación secundaria / Profesoras de educación secundaria,23300.001,Docente de educación básica secundaria,secundaria,estable,si,1,ingreso_variable_declarado,pintura,fotografia_y_video,,,,,actividad_principal:ingenieria_y_desarrollo_de_software | actividad_secundaria:docencia_y_formacion | hobbies:pintura | fotografia_y_video | meta:mejorar_vivienda | responsabilidad:apoyo_parcial_a_dos_familiares | historia:situacion_critica,ingenieria_y_desarrollo_de_software | docencia_y_formacion | pintura | fotografia_y_video,meta | responsabilidades,situacion_critica,815972,12533015,si,validation,si,fincoach_mvp_estructurado_v2.0,b88fadb38df88f46c3ff5b22aefa213cae044f3b41070a41787b26638a426ea1,variable,4811667,Ingeniero de software / Ingeniera de software,Ingeniero de software / Ingeniera de software,variable,no,,,no declarado,pintura | fotografia_y_video,no declarada,credito,46.76,calculado,baja
PERF_0092,perfil_estructurado_v2.0,2026-04-01,Colombia,COP,Actividad principal declarada: Nutricionista dietista. Estado de ingreso actual: variable. Ingreso mensual neto declarado: 5117000 COP. Hobbies declarados: cocina_y_reposteria.,minima,dentro_del_mvp,nutricion_y_dietetica,22650,Nutricionistas dietistas,22650.014,Nutricionista dietista,principal,variable,si,,,,,,,,no_aplica,1,ingreso_variable_declarado,cocina_y_reposteria,,,,,,actividad_principal:nutricion_y_dietetica | actividad_secundaria:ninguna | hobbies:cocina_y_reposteria | meta:comprar_equipo_de_trabajo | responsabilidad:apoyo_mensual_madre_o_padre | historia:acumulacion_estable,nutricion_y_dietetica,hobbies | meta | responsabilidades,acumulacion_estable,6667705,1054709,si,test,si,fincoach_mvp_estructurado_v2.0,5289b4f002f73bff48bcf0b30a4febac3b28288f845b364969558c4d5365a2b9,variable,5117000,Nutricionista dietista,Nutricionista dietista,variable,no,,,no declarado,cocina_y_reposteria,no declarada,credito,3.52,calculado,media
PERF_0093,perfil_estructurado_v2.0,2026-04-01,Colombia,COP,Actividad principal declarada: Disc jockey. Estado de ingreso actual: fijo. Ingreso mensual neto declarado: 500000 COP. Hobbies declarados: manualidades_y_artesanias | pintura. Objetivo: comprar equipo de trabajo.,amplia,dentro_del_mvp,musica_y_entretenimiento_dj,26521,Intérpretes musicales,26521.035,Disc jockey,principal,estable,si,deporte_competitivo_ciclismo,34210.0,Atletas y deportistas,34210.007,Ciclista,secundaria,mixto,si,1,ingreso_fijo_declarado,manualidades_y_artesanias,pintura,comprar_equipo_de_trabajo,6_a_12_meses,apoyo_parcial_a_dos_familiares,2.0,actividad_principal:musica_y_entretenimiento_dj | actividad_secundaria:deporte_competitivo_ciclismo | hobbies:manualidades_y_artesanias | pintura | meta:comprar_equipo_de_trabajo | responsabilidad:apoyo_parcial_a_dos_familiares | historia:equilibrio_sostenible,musica_y_entretenimiento_dj | deporte_competitivo_ciclismo | manualidades_y_artesanias | pintura | comprar_equipo_de_trabajo | apoyo_parcial_a_dos_familiares,otras_fuentes_no_declaradas,equilibrio_sostenible,6683962,0,si,train,si,fincoach_mvp_estructurado_v2.0,dd4f015ade9ec225cd4a42a8119268170a3b4ea2769650e8bdc5ab98f2f3ebdc,fijo,500000,Disc jockey,Disc jockey,fijo,no,,,comprar equipo de trabajo,manualidades_y_artesanias | pintura,apoyo parcial a dos familiares,sin_deuda,0.0,calculado,baja
PERF_0094,perfil_estructurado_v2.0,2026-04-01,Colombia,COP,Actividad principal declarada: Ciclista. Estado de ingreso actual: apoyo. Ingreso mensual neto declarado: 500000 COP. Hobbies declarados: musica | turismo_y_viajes.,parcial,dentro_del_mvp,deporte_competitivo_ciclismo,34210,Atletas y deportistas,34210.007,Ciclista,principal,apoyo,si,domicilios_mensajeria_y_reparto,96211.0,"Mandaderos, maleteros y repartidores / Mandaderas, maleteras y repartidoras",96211.011,Repartidor de domicilios / Repartidora de domicilios,secundaria,variable,no,1,apoyo_declarado,musica,turismo_y_viajes,,,,,actividad_principal:deporte_competitivo_ciclismo | actividad_secundaria:domicilios_mensajeria_y_reparto | hobbies:musica | turismo_y_viajes | meta:comprar_bicicleta | responsabilidad:gastos_de_un_hijo | historia:variable_resiliente,deporte_competitivo_ciclismo | musica | turismo_y_viajes,segunda_actividad_economica | meta | responsabilidades,variable_resiliente,9990222,5522105,si,train,si,fincoach_mvp_estructurado_v2.0,3f61d2f5b23dc4e8f2e12e21f6b58e645480b2575d09e2dd7fa96798d635ef3b,apoyo,500000,Ciclista,apoyo familiar o de terceros,apoyo,no,,,no declarado,musica | turismo_y_viajes,no declarada,credito,61.2,calculado,baja
PERF_0095,perfil_estructurado_v2.0,2026-04-01,Colombia,COP,Actividad principal declarada: Repartidor de domicilios / Repartidora de domicilios. Estado de ingreso actual: sin_ingresos. Hobbies declarados: fotografia_y_video. Objetivo: ampliar actividad economica.,parcial,dentro_del_mvp,domicilios_mensajeria_y_reparto,96211,"Mandaderos, maleteros y repartidores / Mandaderas, maleteras y repartidoras",96211.011,Repartidor de domicilios / Repartidora de domicilios,principal,sin_ingresos,si,,,,,,,,no_aplica,0,sin_ingresos_declarados,fotografia_y_video,,ampliar_actividad_economica,6_meses,medicamentos_de_un_familiar,1.0,actividad_principal:domicilios_mensajeria_y_reparto | actividad_secundaria:ninguna | hobbies:fotografia_y_video | meta:ampliar_actividad_economica | responsabilidad:medicamentos_de_un_familiar | historia:uso_planificado_reserva,domicilios_mensajeria_y_reparto | fotografia_y_video | ampliar_actividad_economica | medicamentos_de_un_familiar,otras_fuentes_no_declaradas,uso_planificado_reserva,6174519,0,si,test,si,fincoach_mvp_estructurado_v2.0,eeabf6c4f241d5c1ffdd38f5d0a872c5bc8a3100c6f54f972b7ba4cab2d7b9cf,sin_ingresos,0,Repartidor de domicilios / Repartidora de domicilios,sin ingresos actualmente; experiencia en Repartidor de domicilios / Repartidora de domicilios,sin_ingresos,no,,,ampliar actividad economica,fotografia_y_video,medicamentos de un familiar,sin_deuda,0.0,sin_ingresos_sin_pago_observado,nunca
PERF_0096,perfil_estructurado_v2.0,2026-04-01,Colombia,COP,Actividad principal declarada: Vendedor de tienda / Vendedora de tienda. Estado de ingreso actual: mixto. Ingreso mensual neto declarado: 2210000 COP. Ingreso adicional: actividad independiente adicional. Hobbies declarados: videojuegos_y_streaming. Objetivo: ampliar actividad economica.,parcial,dentro_del_mvp,ventas_al_por_menor,52230,"Vendedores y auxiliares de venta en tiendas, almacenes y afines / Vendedoras y auxiliares de venta en tiendas, almacenes y afines",52230.032,Vendedor de tienda / Vendedora de tienda,principal,mixto,si,,,,,,,,no_aplica,2,ingresos_mixtos_declarados,videojuegos_y_streaming,,ampliar_actividad_economica,6_meses,,,actividad_principal:ventas_al_por_menor | actividad_secundaria:ninguna | hobbies:videojuegos_y_streaming | meta:ampliar_actividad_economica | responsabilidad:medicamentos_de_un_familiar | historia:deterioro_reciente,ventas_al_por_menor | videojuegos_y_streaming | ampliar_actividad_economica,responsabilidades,deterioro_reciente,1172161,1808744,si,train,si,fincoach_mvp_estructurado_v2.0,e205bf5b5314a3e1ac3fa108af13eaa1fd507ad10c447ab33c1065ba8536d997,mixto,2210000,Vendedor de tienda / Vendedora de tienda,Vendedor de tienda / Vendedora de tienda,mixto,si,actividad independiente adicional,variable,ampliar actividad economica,videojuegos_y_streaming,no declarada,credito,11.0,calculado,baja
PERF_0097,perfil_estructurado_v2.0,2026-04-01,Colombia,COP,Actividad principal declarada: Editor de video / Editora de video. Estado de ingreso actual: estacional. Ingreso mensual neto declarado: 5602000 COP. Hobbies declarados: turismo_y_viajes. Objetivo: mejorar vivienda.,parcial,dentro_del_mvp,diseno_audiovisual_y_edicion_de_video,26541,"Productores, directores y editores de cine, teatro y afines / Productoras, directoras y editoras de cine, teatro y afines",26541.06,Editor de video / Editora de video,principal,estacional,si,docencia_y_formacion,23300.0,Profesores de educación secundaria / Profesoras de educación secundaria,23300.001,Docente de educación básica secundaria,secundaria,estable,no,1,ingreso_estacional_declarado,turismo_y_viajes,,mejorar_vivienda,12_meses,apoyo_parcial_a_dos_familiares,2.0,actividad_principal:diseno_audiovisual_y_edicion_de_video | actividad_secundaria:docencia_y_formacion | hobbies:turismo_y_viajes | meta:mejorar_vivienda | responsabilidad:apoyo_parcial_a_dos_familiares | historia:fragilidad_sostenida,diseno_audiovisual_y_edicion_de_video | turismo_y_viajes | mejorar_vivienda | apoyo_parcial_a_dos_familiares,segunda_actividad_economica,fragilidad_sostenida,1716825,21518542,si,test,si,fincoach_mvp_estructurado_v2.0,057a1b728629c9f2436ce4ec8629e01e1c6d27d01cc3711d5e18527f05fbfd4d,estacional,5602000,Editor de video / Editora de video,Editor de video / Editora de video,estacional,no,,,mejorar vivienda,turismo_y_viajes,apoyo parcial a dos familiares,credito,12.42,calculado,baja
PERF_0098,perfil_estructurado_v2.0,2026-04-01,Colombia,COP,Actividad principal declarada: Docente de educación básica secundaria. Estado de ingreso actual: mixto. Ingreso mensual neto declarado: 2347667 COP. Ingreso adicional: actividad independiente adicional. Hobbies declarados: impresion_3d | cocina_y_reposteria. Objetivo: comprar equipo de trabajo.,parcial,dentro_del_mvp,docencia_y_formacion,23300,Profesores de educación secundaria / Profesoras de educación secundaria,23300.001,Docente de educación básica secundaria,principal,mixto,si,,,,,,,,no_aplica,2,ingresos_mixtos_declarados,impresion_3d,cocina_y_reposteria,comprar_equipo_de_trabajo,6_a_12_meses,,,actividad_principal:docencia_y_formacion | actividad_secundaria:ninguna | hobbies:impresion_3d | cocina_y_reposteria | meta:comprar_equipo_de_trabajo | responsabilidad:ninguna_declarada | historia:situacion_critica,docencia_y_formacion | comprar_equipo_de_trabajo,hobbies | responsabilidades,situacion_critica,1058921,7375645,si,test,si,fincoach_mvp_estructurado_v2.0,7740e42d9a3f33d34c614a1186757511f93430f6620da03386cb6d91b168da04,mixto,2347667,Docente de educación básica secundaria,Docente de educación básica secundaria,mixto,si,actividad independiente adicional,variable,comprar equipo de trabajo,impresion_3d | cocina_y_reposteria,no declarada,credito,30.01,calculado,alta
PERF_0099,perfil_estructurado_v2.0,2026-04-01,Colombia,COP,Actividad principal declarada: Horticultor / Horticultora. Estado de ingreso actual: variable. Ingreso mensual neto declarado: 4739667 COP. Hobbies declarados: jardineria_y_agricultura_urbana | impresion_3d. Objetivo: comprar equipo de trabajo.,parcial,dentro_del_mvp,agricultura,61131,"Agricultores de huertas, invernaderos, viveros y jardines / Agricultoras de huertas, invernaderos, viveros y jardines",61131.017,Horticultor / Horticultora,principal,variable,si,,,,,,,,no_aplica,1,ingreso_variable_declarado,jardineria_y_agricultura_urbana,impresion_3d,comprar_equipo_de_trabajo,6_a_12_meses,,,actividad_principal:agricultura | actividad_secundaria:ninguna | hobbies:jardineria_y_agricultura_urbana | impresion_3d | meta:comprar_equipo_de_trabajo | responsabilidad:gastos_de_un_hijo | historia:acumulacion_estable,agricultura | jardineria_y_agricultura_urbana | impresion_3d | comprar_equipo_de_trabajo,responsabilidades,acumulacion_estable,1288258,3826816,si,train,si,fincoach_mvp_estructurado_v2.0,739ffaf49b004a50d54c919df0601d9e0d460feac353aa325970b4fb79984ca0,variable,4739667,Horticultor / Horticultora,Horticultor / Horticultora,variable,no,,,comprar equipo de trabajo,jardineria_y_agricultura_urbana | impresion_3d,no declarada,credito,2.39,calculado,baja
PERF_0100,perfil_estructurado_v2.0,2026-04-01,Colombia,COP,Actividad principal declarada: Barbero / Barbera. Estado de ingreso actual: fijo. Ingreso mensual neto declarado: 586000 COP. Hobbies declarados: ciclismo. Objetivo: comprar bicicleta.,parcial,dentro_del_mvp,peluqueria_y_barberia,51410,Peluqueros / Peluqueras,51410.001,Barbero / Barbera,principal,estable,si,,,,,,,,no_aplica,1,ingreso_fijo_declarado,ciclismo,,comprar_bicicleta,6_meses,gastos_de_un_hijo,1.0,actividad_principal:peluqueria_y_barberia | actividad_secundaria:ninguna | hobbies:ciclismo | meta:comprar_bicicleta | responsabilidad:gastos_de_un_hijo | historia:equilibrio_sostenible,peluqueria_y_barberia | comprar_bicicleta | gastos_de_un_hijo,hobbies,equilibrio_sostenible,1353689,796025,si,train,si,fincoach_mvp_estructurado_v2.0,f2b2de45f2514b9f2d2d18d5fd51006d11a77e51e22f03b817924affbd440b2b,fijo,586000,Barbero / Barbera,Barbero / Barbera,fijo,no,,,comprar bicicleta,ciclismo,gastos de un hijo,credito,35.67,calculado,media
PERF_0101,perfil_estructurado_v2.0,2026-04-01,Colombia,COP,Actividad principal declarada: Ingeniero de software / Ingeniera de software. Estado de ingreso actual: sin_ingresos. Hobbies declarados: pintura | videojuegos_y_streaming. Objetivo: pagar deuda.,parcial,dentro_del_mvp,ingenieria_y_desarrollo_de_software,25120,Desarrolladores de software / Desarrolladoras de software,25120.031,Ingeniero de software / Ingeniera de software,principal,sin_ingresos,si,diseno_audiovisual_y_edicion_de_video,26541.0,"Productores, directores y editores de cine, teatro y afines / Productoras, directoras y editoras de cine, teatro y afines",26541.06,Editor de video / Editora de video,secundaria,variable,si,0,sin_ingresos_declarados,pintura,videojuegos_y_streaming,pagar_deuda,3_a_12_meses,,,actividad_principal:ingenieria_y_desarrollo_de_software | actividad_secundaria:diseno_audiovisual_y_edicion_de_video | hobbies:pintura | videojuegos_y_streaming | meta:pagar_deuda | responsabilidad:aporte_hogar_compartido | historia:variable_resiliente,ingenieria_y_desarrollo_de_software | diseno_audiovisual_y_edicion_de_video | pagar_deuda,hobbies | responsabilidades,variable_resiliente,7704798,0,si,train,si,fincoach_mvp_estructurado_v2.0,b078120b58d084b69e0ab88a3981df94c73d219d6dc701b3189b10134b52034c,sin_ingresos,0,Ingeniero de software / Ingeniera de software,sin ingresos actualmente; experiencia en Ingeniero de software / Ingeniera de software,sin_ingresos,no,,,pagar deuda,pintura | videojuegos_y_streaming,no declarada,sin_deuda,0.0,sin_ingresos_sin_pago_observado,nunca
PERF_0102,perfil_estructurado_v2.0,2026-04-01,Colombia,COP,Actividad principal declarada: Nutricionista dietista. Estado de ingreso actual: variable. Ingreso mensual neto declarado: 6081000 COP. Hobbies declarados: cocina_y_reposteria | turismo_y_viajes. Objetivo: hacer viaje.,amplia,dentro_del_mvp,nutricion_y_dietetica,22650,Nutricionistas dietistas,22650.014,Nutricionista dietista,principal,variable,si,agricultura,61131.0,"Agricultores de huertas, invernaderos, viveros y jardines / Agricultoras de huertas, invernaderos, viveros y jardines",61131.017,Horticultor / Horticultora,secundaria,estacional,si,1,ingreso_variable_declarado,cocina_y_reposteria,turismo_y_viajes,hacer_viaje,6_a_12_meses,,,actividad_principal:nutricion_y_dietetica | actividad_secundaria:agricultura | hobbies:cocina_y_reposteria | turismo_y_viajes | meta:hacer_viaje | responsabilidad:medicamentos_de_un_familiar | historia:uso_planificado_reserva,nutricion_y_dietetica | agricultura | cocina_y_reposteria | turismo_y_viajes | hacer_viaje,responsabilidades,uso_planificado_reserva,19991553,3927922,si,validation,si,fincoach_mvp_estructurado_v2.0,3d3f2487adb385cfd7c53fd4c57d2e10fedb399c9ff11744e282d29d0a4afb6c,variable,6081000,Nutricionista dietista,Nutricionista dietista,variable,no,,,hacer viaje,cocina_y_reposteria | turismo_y_viajes,no declarada,credito,12.04,calculado,media
PERF_0103,perfil_estructurado_v2.0,2026-04-01,Colombia,COP,Actividad principal declarada: Disc jockey. Estado de ingreso actual: mixto. Ingreso mensual neto declarado: 6489000 COP. Ingreso adicional: Docente de educación básica secundaria. Hobbies declarados: manualidades_y_artesanias | ciclismo.,parcial,dentro_del_mvp,musica_y_entretenimiento_dj,26521,Intérpretes musicales,26521.035,Disc jockey,principal,mixto,si,docencia_y_formacion,23300.0,Profesores de educación secundaria / Profesoras de educación secundaria,23300.001,Docente de educación básica secundaria,secundaria,estable,si,2,ingresos_mixtos_declarados,manualidades_y_artesanias,ciclismo,,,apoyo_parcial_a_dos_familiares,2.0,actividad_principal:musica_y_entretenimiento_dj | actividad_secundaria:docencia_y_formacion | hobbies:manualidades_y_artesanias | ciclismo | meta:comprar_bicicleta | responsabilidad:apoyo_parcial_a_dos_familiares | historia:deterioro_reciente,musica_y_entretenimiento_dj | docencia_y_formacion | apoyo_parcial_a_dos_familiares,hobbies | meta,deterioro_reciente,10264240,0,si,train,si,fincoach_mvp_estructurado_v2.0,aaa7f1456a6f38599de0bae0580f5be064c0d8ef1afc4ada34b2f33e23be5725,mixto,6489000,Disc jockey,Disc jockey,mixto,si,Docente de educación básica secundaria,variable,no declarado,manualidades_y_artesanias | ciclismo,apoyo parcial a dos familiares,sin_deuda,0.0,calculado,media
PERF_0104,perfil_estructurado_v2.0,2026-04-01,Colombia,COP,Actividad principal declarada: Ciclista. Estado de ingreso actual: mixto. Ingreso mensual neto declarado: 3290333 COP. Ingreso adicional: Disc jockey. Hobbies declarados: musica | turismo_y_viajes. Objetivo: mejorar vivienda.,parcial,dentro_del_mvp,deporte_competitivo_ciclismo,34210,Atletas y deportistas,34210.007,Ciclista,principal,mixto,si,musica_y_entretenimiento_dj,26521.0,Intérpretes musicales,26521.035,Disc jockey,secundaria,variable,no,2,ingresos_mixtos_declarados,musica,turismo_y_viajes,mejorar_vivienda,12_meses,medicamentos_de_un_familiar,1.0,actividad_principal:deporte_competitivo_ciclismo | actividad_secundaria:musica_y_entretenimiento_dj | hobbies:musica | turismo_y_viajes | meta:mejorar_vivienda | responsabilidad:medicamentos_de_un_familiar | historia:fragilidad_sostenida,deporte_competitivo_ciclismo | musica | turismo_y_viajes | mejorar_vivienda | medicamentos_de_un_familiar,segunda_actividad_economica,fragilidad_sostenida,381673,15637176,si,train,si,fincoach_mvp_estructurado_v2.0,31de0dfc0303ae90e06b8c12d80f03ae8b90572709f8e0ec397c866ebcac06c5,mixto,3290333,Ciclista,Ciclista,mixto,si,Disc jockey,variable,mejorar vivienda,musica | turismo_y_viajes,medicamentos de un familiar,credito,22.39,calculado,alta
PERF_0105,perfil_estructurado_v2.0,2026-04-01,Colombia,COP,Actividad principal declarada: Repartidor de domicilios / Repartidora de domicilios. Estado de ingreso actual: estacional. Ingreso mensual neto declarado: 1553500 COP. Hobbies declarados: fotografia_y_video. Objetivo: hacer certificacion profesional.,parcial,dentro_del_mvp,domicilios_mensajeria_y_reparto,96211,"Mandaderos, maleteros y repartidores / Mandaderas, maleteras y repartidoras",96211.011,Repartidor de domicilios / Repartidora de domicilios,principal,estacional,si,,,,,,,,no_aplica,1,ingreso_estacional_declarado,fotografia_y_video,,hacer_certificacion_profesional,3_a_6_meses,aporte_hogar_compartido,0.0,actividad_principal:domicilios_mensajeria_y_reparto | actividad_secundaria:ninguna | hobbies:fotografia_y_video | meta:hacer_certificacion_profesional | responsabilidad:aporte_hogar_compartido | historia:situacion_critica,domicilios_mensajeria_y_reparto | hacer_certificacion_profesional | aporte_hogar_compartido,hobbies,situacion_critica,222854,5460188,si,train,si,fincoach_mvp_estructurado_v2.0,057d05814635db87e3f9dab84c8898c0288f3eef24133c03181376e2c19e677a,estacional,1553500,Repartidor de domicilios / Repartidora de domicilios,Repartidor de domicilios / Repartidora de domicilios,estacional,no,,,hacer certificacion profesional,fotografia_y_video,aporte hogar compartido,credito,21.67,calculado,baja
PERF_0106,perfil_estructurado_v2.0,2026-04-01,Colombia,COP,Actividad principal declarada: Vendedor de tienda / Vendedora de tienda. Estado de ingreso actual: mixto. Ingreso mensual neto declarado: 10297333 COP. Ingreso adicional: Disc jockey. Hobbies declarados: videojuegos_y_streaming | turismo_y_viajes. Objetivo: mejorar vivienda.,parcial,dentro_del_mvp,ventas_al_por_menor,52230,"Vendedores y auxiliares de venta en tiendas, almacenes y afines / Vendedoras y auxiliares de venta en tiendas, almacenes y afines",52230.032,Vendedor de tienda / Vendedora de tienda,principal,mixto,si,musica_y_entretenimiento_dj,26521.0,Intérpretes musicales,26521.035,Disc jockey,secundaria,variable,si,2,ingresos_mixtos_declarados,videojuegos_y_streaming,turismo_y_viajes,mejorar_vivienda,12_meses,apoyo_parcial_a_dos_familiares,2.0,actividad_principal:ventas_al_por_menor | actividad_secundaria:musica_y_entretenimiento_dj | hobbies:videojuegos_y_streaming | turismo_y_viajes | meta:mejorar_vivienda | responsabilidad:apoyo_parcial_a_dos_familiares | historia:acumulacion_estable,ventas_al_por_menor | musica_y_entretenimiento_dj | mejorar_vivienda | apoyo_parcial_a_dos_familiares,hobbies,acumulacion_estable,4653013,8092850,si,train,si,fincoach_mvp_estructurado_v2.0,0e4f96bfa9b4f7227f05fbab48fc2758ed7c5bff858f8c835c2b80667a5175dd,mixto,10297333,Vendedor de tienda / Vendedora de tienda,Vendedor de tienda / Vendedora de tienda,mixto,si,Disc jockey,variable,mejorar vivienda,videojuegos_y_streaming | turismo_y_viajes,apoyo parcial a dos familiares,credito,4.81,calculado,media
PERF_0107,perfil_estructurado_v2.0,2026-04-01,Colombia,COP,Actividad principal declarada: Editor de video / Editora de video. Estado de ingreso actual: variable. Ingreso mensual neto declarado: 4855333 COP. Hobbies declarados: turismo_y_viajes.,parcial,dentro_del_mvp,diseno_audiovisual_y_edicion_de_video,26541,"Productores, directores y editores de cine, teatro y afines / Productoras, directoras y editoras de cine, teatro y afines",26541.06,Editor de video / Editora de video,principal,variable,si,,,,,,,,no_aplica,1,ingreso_variable_declarado,turismo_y_viajes,,,,,,actividad_principal:diseno_audiovisual_y_edicion_de_video | actividad_secundaria:ninguna | hobbies:turismo_y_viajes | meta:hacer_certificacion_profesional | responsabilidad:medicamentos_de_un_familiar | historia:equilibrio_sostenible,diseno_audiovisual_y_edicion_de_video | turismo_y_viajes,meta | responsabilidades,equilibrio_sostenible,6116237,8610757,si,train,si,fincoach_mvp_estructurado_v2.0,072ddf20c3f5ab40c1d69d7b8dca6d551536091ef86a77df4e745ac420a5fbff,variable,4855333,Editor de video / Editora de video,Editor de video / Editora de video,variable,no,,,no declarado,turismo_y_viajes,no declarada,credito,9.23,calculado,baja
PERF_0108,perfil_estructurado_v2.0,2026-04-01,Colombia,COP,Actividad principal declarada: Docente de educación básica secundaria. Estado de ingreso actual: apoyo. Ingreso mensual neto declarado: 4350000 COP. Hobbies declarados: impresion_3d | cocina_y_reposteria. Objetivo: crear fondo emergencia.,parcial,dentro_del_mvp,docencia_y_formacion,23300,Profesores de educación secundaria / Profesoras de educación secundaria,23300.001,Docente de educación básica secundaria,principal,apoyo,si,,,,,,,,no_aplica,1,apoyo_declarado,impresion_3d,cocina_y_reposteria,crear_fondo_emergencia,6_meses,medicamentos_de_un_familiar,1.0,actividad_principal:docencia_y_formacion | actividad_secundaria:ninguna | hobbies:impresion_3d | cocina_y_reposteria | meta:crear_fondo_emergencia | responsabilidad:medicamentos_de_un_familiar | historia:variable_resiliente,docencia_y_formacion | impresion_3d | cocina_y_reposteria | crear_fondo_emergencia | medicamentos_de_un_familiar,otras_fuentes_no_declaradas,variable_resiliente,7398949,11146414,si,train,si,fincoach_mvp_estructurado_v2.0,c4ea334d4414166c2eb93467be9c2eee74f87fe7b15a4119554c5a64065bd5d7,apoyo,4350000,Docente de educación básica secundaria,apoyo familiar o de terceros,apoyo,no,,,crear fondo emergencia,impresion_3d | cocina_y_reposteria,medicamentos de un familiar,credito,10.14,calculado,baja
PERF_0109,perfil_estructurado_v2.0,2026-04-01,Colombia,COP,Actividad principal declarada: Horticultor / Horticultora. Estado de ingreso actual: variable. Ingreso mensual neto declarado: 2888333 COP. Hobbies declarados: jardineria_y_agricultura_urbana. Objetivo: ampliar actividad economica.,parcial,dentro_del_mvp,agricultura,61131,"Agricultores de huertas, invernaderos, viveros y jardines / Agricultoras de huertas, invernaderos, viveros y jardines",61131.017,Horticultor / Horticultora,principal,variable,si,,,,,,,,no_aplica,1,ingreso_variable_declarado,jardineria_y_agricultura_urbana,,ampliar_actividad_economica,6_meses,medicamentos_de_un_familiar,1.0,actividad_principal:agricultura | actividad_secundaria:ninguna | hobbies:jardineria_y_agricultura_urbana | meta:ampliar_actividad_economica | responsabilidad:medicamentos_de_un_familiar | historia:uso_planificado_reserva,agricultura | ampliar_actividad_economica | medicamentos_de_un_familiar,hobbies,uso_planificado_reserva,8904322,4208765,si,train,si,fincoach_mvp_estructurado_v2.0,191a0a179509da81346f5ff242170a602910cb9710843fbbfa6ee0bd13b5898a,variable,2888333,Horticultor / Horticultora,Horticultor / Horticultora,variable,no,,,ampliar actividad economica,jardineria_y_agricultura_urbana,medicamentos de un familiar,credito,14.18,calculado,baja
PERF_0110,perfil_estructurado_v2.0,2026-04-01,Colombia,COP,Actividad principal declarada: Barbero / Barbera. Estado de ingreso actual: sin_ingresos. Hobbies declarados: ciclismo.,parcial,dentro_del_mvp,peluqueria_y_barberia,51410,Peluqueros / Peluqueras,51410.001,Barbero / Barbera,principal,sin_ingresos,si,agricultura,61131.0,"Agricultores de huertas, invernaderos, viveros y jardines / Agricultoras de huertas, invernaderos, viveros y jardines",61131.017,Horticultor / Horticultora,secundaria,estacional,si,0,sin_ingresos_declarados,ciclismo,,,,,,actividad_principal:peluqueria_y_barberia | actividad_secundaria:agricultura | hobbies:ciclismo | meta:comprar_bicicleta | responsabilidad:gastos_de_un_hijo | historia:deterioro_reciente,peluqueria_y_barberia | agricultura | ciclismo,meta | responsabilidades,deterioro_reciente,13454509,5528457,si,train,si,fincoach_mvp_estructurado_v2.0,e644e4a3b18d171da86c0ab0848709fed30d0eab3c05c8c29f811cc50deb2109,sin_ingresos,0,Barbero / Barbera,sin ingresos actualmente; experiencia en Barbero / Barbera,sin_ingresos,no,,,no declarado,ciclismo,no declarada,credito,,no_calculable_sin_ingresos,nunca
PERF_0111,perfil_estructurado_v2.0,2026-04-01,Colombia,COP,Actividad principal declarada: Ingeniero de software / Ingeniera de software. Estado de ingreso actual: mixto. Ingreso mensual neto declarado: 4116333 COP. Ingreso adicional: actividad independiente adicional. Hobbies declarados: pintura | cocina_y_reposteria.,parcial,dentro_del_mvp,ingenieria_y_desarrollo_de_software,25120,Desarrolladores de software / Desarrolladoras de software,25120.031,Ingeniero de software / Ingeniera de software,principal,mixto,si,,,,,,,,no_aplica,2,ingresos_mixtos_declarados,pintura,cocina_y_reposteria,,,ninguna_declarada,0.0,actividad_principal:ingenieria_y_desarrollo_de_software | actividad_secundaria:ninguna | hobbies:pintura | cocina_y_reposteria | meta:mejorar_vivienda | responsabilidad:ninguna_declarada | historia:fragilidad_sostenida,ingenieria_y_desarrollo_de_software | pintura | cocina_y_reposteria | ninguna_declarada,meta,fragilidad_sostenida,1519560,28028897,si,train,si,fincoach_mvp_estructurado_v2.0,f9c93f0ab81e2439775c78a0070657e9016ddb4adf8ee3e1acb8491a0ee50fc7,mixto,4116333,Ingeniero de software / Ingeniera de software,Ingeniero de software / Ingeniera de software,mixto,si,actividad independiente adicional,variable,no declarado,pintura | cocina_y_reposteria,ninguna declarada,credito,6.22,calculado,baja
PERF_0112,perfil_estructurado_v2.0,2026-04-01,Colombia,COP,Actividad principal declarada: Nutricionista dietista. Estado de ingreso actual: mixto. Ingreso mensual neto declarado: 4417667 COP. Ingreso adicional: Docente de educación básica secundaria. Hobbies declarados: cocina_y_reposteria | fotografia_y_video. Objetivo: comprar bicicleta.,amplia,dentro_del_mvp,nutricion_y_dietetica,22650,Nutricionistas dietistas,22650.014,Nutricionista dietista,principal,mixto,si,docencia_y_formacion,23300.0,Profesores de educación secundaria / Profesoras de educación secundaria,23300.001,Docente de educación básica secundaria,secundaria,estable,si,2,ingresos_mixtos_declarados,cocina_y_reposteria,fotografia_y_video,comprar_bicicleta,6_meses,,,actividad_principal:nutricion_y_dietetica | actividad_secundaria:docencia_y_formacion | hobbies:cocina_y_reposteria | fotografia_y_video | meta:comprar_bicicleta | responsabilidad:ninguna_declarada | historia:situacion_critica,nutricion_y_dietetica | docencia_y_formacion | cocina_y_reposteria | fotografia_y_video | comprar_bicicleta,responsabilidades,situacion_critica,1559422,16113973,si,train,si,fincoach_mvp_estructurado_v2.0,2e0bce84efd1ad49a5a389750a2266f5b87c0c764cafaad7ca9a1012c543fd4b,mixto,4417667,Nutricionista dietista,Nutricionista dietista,mixto,si,Docente de educación básica secundaria,variable,comprar bicicleta,cocina_y_reposteria | fotografia_y_video,no declarada,credito,31.43,calculado,media
PERF_0113,perfil_estructurado_v2.0,2026-04-01,Colombia,COP,Actividad principal declarada: Disc jockey. Estado de ingreso actual: apoyo. Ingreso mensual neto declarado: 550000 COP. Hobbies declarados: manualidades_y_artesanias | impresion_3d.,parcial,dentro_del_mvp,musica_y_entretenimiento_dj,26521,Intérpretes musicales,26521.035,Disc jockey,principal,apoyo,si,domicilios_mensajeria_y_reparto,96211.0,"Mandaderos, maleteros y repartidores / Mandaderas, maleteras y repartidoras",96211.011,Repartidor de domicilios / Repartidora de domicilios,secundaria,variable,si,1,apoyo_declarado,manualidades_y_artesanias,impresion_3d,,,,,actividad_principal:musica_y_entretenimiento_dj | actividad_secundaria:domicilios_mensajeria_y_reparto | hobbies:manualidades_y_artesanias | impresion_3d | meta:crear_fondo_emergencia | responsabilidad:gastos_de_un_hijo | historia:acumulacion_estable,musica_y_entretenimiento_dj | domicilios_mensajeria_y_reparto,hobbies | meta | responsabilidades,acumulacion_estable,17245689,0,si,validation,si,fincoach_mvp_estructurado_v2.0,abfcabd5907c8801b73ae1183bcad0157fe06f1dc6e1626faf5453d6094239ca,apoyo,550000,Disc jockey,apoyo familiar o de terceros,apoyo,no,,,no declarado,manualidades_y_artesanias | impresion_3d,no declarada,sin_deuda,0.0,calculado,baja
PERF_0114,perfil_estructurado_v2.0,2026-04-01,Colombia,COP,Actividad principal declarada: Ciclista. Estado de ingreso actual: apoyo. Ingreso mensual neto declarado: 500000 COP. Hobbies declarados: musica. Objetivo: comprar equipo de trabajo.,amplia,dentro_del_mvp,deporte_competitivo_ciclismo,34210,Atletas y deportistas,34210.007,Ciclista,principal,apoyo,si,nutricion_y_dietetica,22650.0,Nutricionistas dietistas,22650.014,Nutricionista dietista,secundaria,mixto,si,1,apoyo_declarado,musica,,comprar_equipo_de_trabajo,6_a_12_meses,aporte_hogar_compartido,0.0,actividad_principal:deporte_competitivo_ciclismo | actividad_secundaria:nutricion_y_dietetica | hobbies:musica | meta:comprar_equipo_de_trabajo | responsabilidad:aporte_hogar_compartido | historia:equilibrio_sostenible,deporte_competitivo_ciclismo | nutricion_y_dietetica | musica | comprar_equipo_de_trabajo | aporte_hogar_compartido,otras_fuentes_no_declaradas,equilibrio_sostenible,2689020,0,si,train,si,fincoach_mvp_estructurado_v2.0,e42ae922e7d4b78f8928d213344c0d1a9cf5680437f53df910640207677394dc,apoyo,500000,Ciclista,apoyo familiar o de terceros,apoyo,no,,,comprar equipo de trabajo,musica,aporte hogar compartido,sin_deuda,0.0,calculado,baja
PERF_0115,perfil_estructurado_v2.0,2026-04-01,Colombia,COP,Actividad principal declarada: Repartidor de domicilios / Repartidora de domicilios. Estado de ingreso actual: fijo. Ingreso mensual neto declarado: 500000 COP. Hobbies declarados: fotografia_y_video | manualidades_y_artesanias.,parcial,dentro_del_mvp,domicilios_mensajeria_y_reparto,96211,"Mandaderos, maleteros y repartidores / Mandaderas, maleteras y repartidoras",96211.011,Repartidor de domicilios / Repartidora de domicilios,principal,estable,si,docencia_y_formacion,23300.0,Profesores de educación secundaria / Profesoras de educación secundaria,23300.001,Docente de educación básica secundaria,secundaria,estable,no,1,ingreso_fijo_declarado,fotografia_y_video,manualidades_y_artesanias,,,medicamentos_de_un_familiar,1.0,actividad_principal:domicilios_mensajeria_y_reparto | actividad_secundaria:docencia_y_formacion | hobbies:fotografia_y_video | manualidades_y_artesanias | meta:mejorar_vivienda | responsabilidad:medicamentos_de_un_familiar | historia:variable_resiliente,domicilios_mensajeria_y_reparto | fotografia_y_video | manualidades_y_artesanias | medicamentos_de_un_familiar,segunda_actividad_economica | meta,variable_resiliente,2655600,0,si,train,si,fincoach_mvp_estructurado_v2.0,2afdab420b0fb19c83f53cf137e944b5dcf2231841ef872139099aeb3e228388,fijo,500000,Repartidor de domicilios / Repartidora de domicilios,Repartidor de domicilios / Repartidora de domicilios,fijo,no,,,no declarado,fotografia_y_video | manualidades_y_artesanias,medicamentos de un familiar,sin_deuda,0.0,calculado,media
PERF_0116,perfil_estructurado_v2.0,2026-04-01,Colombia,COP,Actividad principal declarada: Vendedor de tienda / Vendedora de tienda. Estado de ingreso actual: fijo. Ingreso mensual neto declarado: 500000 COP. Hobbies declarados: videojuegos_y_streaming. Objetivo: hacer certificacion profesional.,parcial,dentro_del_mvp,ventas_al_por_menor,52230,"Vendedores y auxiliares de venta en tiendas, almacenes y afines / Vendedoras y auxiliares de venta en tiendas, almacenes y afines",52230.032,Vendedor de tienda / Vendedora de tienda,principal,estable,si,musica_y_entretenimiento_dj,26521.0,Intérpretes musicales,26521.035,Disc jockey,secundaria,variable,no,1,ingreso_fijo_declarado,videojuegos_y_streaming,,hacer_certificacion_profesional,3_a_6_meses,apoyo_parcial_a_dos_familiares,2.0,actividad_principal:ventas_al_por_menor | actividad_secundaria:musica_y_entretenimiento_dj | hobbies:videojuegos_y_streaming | meta:hacer_certificacion_profesional | responsabilidad:apoyo_parcial_a_dos_familiares | historia:uso_planificado_reserva,ventas_al_por_menor | videojuegos_y_streaming | hacer_certificacion_profesional | apoyo_parcial_a_dos_familiares,segunda_actividad_economica,uso_planificado_reserva,13157027,3430566,si,train,si,fincoach_mvp_estructurado_v2.0,e670cd484c5d38260b04f4fb6288db154548d33ce3880a7f9ccb57422c8816ee,fijo,500000,Vendedor de tienda / Vendedora de tienda,Vendedor de tienda / Vendedora de tienda,fijo,no,,,hacer certificacion profesional,videojuegos_y_streaming,apoyo parcial a dos familiares,credito,84.53,calculado,alta
PERF_0117,perfil_estructurado_v2.0,2026-04-01,Colombia,COP,Actividad principal declarada: Editor de video / Editora de video. Estado de ingreso actual: sin_ingresos. Hobbies declarados: turismo_y_viajes.,parcial,dentro_del_mvp,diseno_audiovisual_y_edicion_de_video,26541,"Productores, directores y editores de cine, teatro y afines / Productoras, directoras y editoras de cine, teatro y afines",26541.06,Editor de video / Editora de video,principal,sin_ingresos,si,peluqueria_y_barberia,51410.0,Peluqueros / Peluqueras,51410.001,Barbero / Barbera,secundaria,variable,si,0,sin_ingresos_declarados,turismo_y_viajes,,,,,,actividad_principal:diseno_audiovisual_y_edicion_de_video | actividad_secundaria:peluqueria_y_barberia | hobbies:turismo_y_viajes | meta:hacer_viaje | responsabilidad:apoyo_parcial_a_dos_familiares | historia:deterioro_reciente,diseno_audiovisual_y_edicion_de_video | peluqueria_y_barberia | turismo_y_viajes,meta | responsabilidades,deterioro_reciente,6044612,0,si,train,si,fincoach_mvp_estructurado_v2.0,ae72edb78779f2ef17bf1fdecef8f067a631aedf9133aafdd755400bc33af38a,sin_ingresos,0,Editor de video / Editora de video,sin ingresos actualmente; experiencia en Editor de video / Editora de video,sin_ingresos,no,,,no declarado,turismo_y_viajes,no declarada,sin_deuda,0.0,sin_ingresos_sin_pago_observado,nunca
PERF_0118,perfil_estructurado_v2.0,2026-04-01,Colombia,COP,Actividad principal declarada: Docente de educación básica secundaria. Estado de ingreso actual: variable. Ingreso mensual neto declarado: 5009333 COP. Hobbies declarados: impresion_3d | videojuegos_y_streaming. Objetivo: mejorar vivienda.,amplia,dentro_del_mvp,docencia_y_formacion,23300,Profesores de educación secundaria / Profesoras de educación secundaria,23300.001,Docente de educación básica secundaria,principal,variable,si,deporte_competitivo_ciclismo,34210.0,Atletas y deportistas,34210.007,Ciclista,secundaria,mixto,si,1,ingreso_variable_declarado,impresion_3d,videojuegos_y_streaming,mejorar_vivienda,12_meses,,,actividad_principal:docencia_y_formacion | actividad_secundaria:deporte_competitivo_ciclismo | hobbies:impresion_3d | videojuegos_y_streaming | meta:mejorar_vivienda | responsabilidad:gastos_de_un_hijo | historia:fragilidad_sostenida,docencia_y_formacion | deporte_competitivo_ciclismo | impresion_3d | videojuegos_y_streaming | mejorar_vivienda,responsabilidades,fragilidad_sostenida,1880140,24662556,si,train,si,fincoach_mvp_estructurado_v2.0,9dbbf217d5ef175e14fcc9344d840778cd1b8550ece1ddff7591f21eb866c48d,variable,5009333,Docente de educación básica secundaria,Docente de educación básica secundaria,variable,no,,,mejorar vivienda,impresion_3d | videojuegos_y_streaming,no declarada,credito,12.64,calculado,media
PERF_0119,perfil_estructurado_v2.0,2026-04-01,Colombia,COP,Actividad principal declarada: Horticultor / Horticultora. Estado de ingreso actual: sin_ingresos. Hobbies declarados: jardineria_y_agricultura_urbana | manualidades_y_artesanias. Objetivo: mejorar vivienda.,amplia,dentro_del_mvp,agricultura,61131,"Agricultores de huertas, invernaderos, viveros y jardines / Agricultoras de huertas, invernaderos, viveros y jardines",61131.017,Horticultor / Horticultora,principal,sin_ingresos,si,diseno_audiovisual_y_edicion_de_video,26541.0,"Productores, directores y editores de cine, teatro y afines / Productoras, directoras y editoras de cine, teatro y afines",26541.06,Editor de video / Editora de video,secundaria,variable,si,0,sin_ingresos_declarados,jardineria_y_agricultura_urbana,manualidades_y_artesanias,mejorar_vivienda,12_meses,,,actividad_principal:agricultura | actividad_secundaria:diseno_audiovisual_y_edicion_de_video | hobbies:jardineria_y_agricultura_urbana | manualidades_y_artesanias | meta:mejorar_vivienda | responsabilidad:apoyo_mensual_madre_o_padre | historia:situacion_critica,agricultura | diseno_audiovisual_y_edicion_de_video | jardineria_y_agricultura_urbana | manualidades_y_artesanias | mejorar_vivienda,responsabilidades,situacion_critica,1588184,10577351,si,train,si,fincoach_mvp_estructurado_v2.0,a8a6826d2e3e556dd4c92b1c61a6e3783e5a612278e41ccb63785cc56e0698a1,sin_ingresos,0,Horticultor / Horticultora,sin ingresos actualmente; experiencia en Horticultor / Horticultora,sin_ingresos,no,,,mejorar vivienda,jardineria_y_agricultura_urbana | manualidades_y_artesanias,no declarada,credito,,no_calculable_sin_ingresos,nunca
PERF_0120,perfil_estructurado_v2.0,2026-04-01,Colombia,COP,Actividad principal declarada: Barbero / Barbera. Estado de ingreso actual: variable. Ingreso mensual neto declarado: 6780667 COP. Hobbies declarados: ciclismo | videojuegos_y_streaming.,parcial,dentro_del_mvp,peluqueria_y_barberia,51410,Peluqueros / Peluqueras,51410.001,Barbero / Barbera,principal,variable,si,,,,,,,,no_aplica,1,ingreso_variable_declarado,ciclismo,videojuegos_y_streaming,,,gastos_de_un_hijo,1.0,actividad_principal:peluqueria_y_barberia | actividad_secundaria:ninguna | hobbies:ciclismo | videojuegos_y_streaming | meta:ampliar_actividad_economica | responsabilidad:gastos_de_un_hijo | historia:acumulacion_estable,peluqueria_y_barberia | ciclismo | videojuegos_y_streaming | gastos_de_un_hijo,meta,acumulacion_estable,14573466,11989558,si,train,si,fincoach_mvp_estructurado_v2.0,4c88a74c1066a95d4877b8fa432ad2c4aa5e6a20305490ba512af5f4175fa78b,variable,6780667,Barbero / Barbera,Barbero / Barbera,variable,no,,,no declarado,ciclismo | videojuegos_y_streaming,gastos de un hijo,credito,5.89,calculado,media
PERF_0121,perfil_estructurado_v2.0,2026-04-01,Colombia,COP,Actividad principal declarada: Ingeniero de software / Ingeniera de software. Estado de ingreso actual: mixto. Ingreso mensual neto declarado: 7071000 COP. Ingreso adicional: actividad independiente adicional. Hobbies declarados: pintura.,parcial,dentro_del_mvp,ingenieria_y_desarrollo_de_software,25120,Desarrolladores de software / Desarrolladoras de software,25120.031,Ingeniero de software / Ingeniera de software,principal,mixto,si,,,,,,,,no_aplica,2,ingresos_mixtos_declarados,pintura,,,,,,actividad_principal:ingenieria_y_desarrollo_de_software | actividad_secundaria:ninguna | hobbies:pintura | meta:ampliar_actividad_economica | responsabilidad:apoyo_mensual_madre_o_padre | historia:equilibrio_sostenible,ingenieria_y_desarrollo_de_software | pintura,meta | responsabilidades,equilibrio_sostenible,3755265,4494403,si,train,si,fincoach_mvp_estructurado_v2.0,63d2368b611fc93ba118a3fc218c51b04fd17ac62d30850a2915fea3a7cb69af,mixto,7071000,Ingeniero de software / Ingeniera de software,Ingeniero de software / Ingeniera de software,mixto,si,actividad independiente adicional,variable,no declarado,pintura,no declarada,credito,5.96,calculado,media
PERF_0122,perfil_estructurado_v2.0,2026-04-01,Colombia,COP,Actividad principal declarada: Nutricionista dietista. Estado de ingreso actual: fijo. Ingreso mensual neto declarado: 500000 COP. Hobbies declarados: cocina_y_reposteria. Objetivo: hacer certificacion profesional.,amplia,dentro_del_mvp,nutricion_y_dietetica,22650,Nutricionistas dietistas,22650.014,Nutricionista dietista,principal,estable,si,musica_y_entretenimiento_dj,26521.0,Intérpretes musicales,26521.035,Disc jockey,secundaria,variable,si,1,ingreso_fijo_declarado,cocina_y_reposteria,,hacer_certificacion_profesional,3_a_6_meses,,,actividad_principal:nutricion_y_dietetica | actividad_secundaria:musica_y_entretenimiento_dj | hobbies:cocina_y_reposteria | meta:hacer_certificacion_profesional | responsabilidad:apoyo_mensual_madre_o_padre | historia:variable_resiliente,nutricion_y_dietetica | musica_y_entretenimiento_dj | cocina_y_reposteria | hacer_certificacion_profesional,responsabilidades,variable_resiliente,7872510,8088398,si,train,si,fincoach_mvp_estructurado_v2.0,5b09dbadda1be230e339e8fd0b35b5391f9428378f0b2e37823de844bec02a6f,fijo,500000,Nutricionista dietista,Nutricionista dietista,fijo,no,,,hacer certificacion profesional,cocina_y_reposteria,no declarada,credito,0.0,calculado,alta
PERF_0123,perfil_estructurado_v2.0,2026-04-01,Colombia,COP,Actividad principal declarada: Disc jockey. Estado de ingreso actual: variable. Ingreso mensual neto declarado: 3155000 COP. Hobbies declarados: manualidades_y_artesanias. Objetivo: hacer viaje.,parcial,dentro_del_mvp,musica_y_entretenimiento_dj,26521,Intérpretes musicales,26521.035,Disc jockey,principal,variable,si,diseno_audiovisual_y_edicion_de_video,26541.0,"Productores, directores y editores de cine, teatro y afines / Productoras, directoras y editoras de cine, teatro y afines",26541.06,Editor de video / Editora de video,secundaria,variable,si,1,ingreso_variable_declarado,manualidades_y_artesanias,,hacer_viaje,6_a_12_meses,,,actividad_principal:musica_y_entretenimiento_dj | actividad_secundaria:diseno_audiovisual_y_edicion_de_video | hobbies:manualidades_y_artesanias | meta:hacer_viaje | responsabilidad:gastos_de_un_hijo | historia:uso_planificado_reserva,musica_y_entretenimiento_dj | diseno_audiovisual_y_edicion_de_video | hacer_viaje,hobbies | responsabilidades,uso_planificado_reserva,13398357,0,si,train,si,fincoach_mvp_estructurado_v2.0,a7e2006736f4b786b04262c2b842be3e8d7100ee2bd1dbdff324518a1ae2e0a4,variable,3155000,Disc jockey,Disc jockey,variable,no,,,hacer viaje,manualidades_y_artesanias,no declarada,sin_deuda,0.0,calculado,baja
PERF_0124,perfil_estructurado_v2.0,2026-04-01,Colombia,COP,Actividad principal declarada: Ciclista. Estado de ingreso actual: mixto. Ingreso mensual neto declarado: 6917333 COP. Ingreso adicional: actividad independiente adicional. Hobbies declarados: musica. Objetivo: comprar equipo de trabajo.,parcial,dentro_del_mvp,deporte_competitivo_ciclismo,34210,Atletas y deportistas,34210.007,Ciclista,principal,mixto,si,,,,,,,,no_aplica,2,ingresos_mixtos_declarados,musica,,comprar_equipo_de_trabajo,6_a_12_meses,medicamentos_de_un_familiar,1.0,actividad_principal:deporte_competitivo_ciclismo | actividad_secundaria:ninguna | hobbies:musica | meta:comprar_equipo_de_trabajo | responsabilidad:medicamentos_de_un_familiar | historia:deterioro_reciente,deporte_competitivo_ciclismo | musica | comprar_equipo_de_trabajo | medicamentos_de_un_familiar,otras_fuentes_no_declaradas,deterioro_reciente,6534973,3409543,si,train,si,fincoach_mvp_estructurado_v2.0,9fc2474309c91a1cf65107626815186c3128c6fa29b5e86afcef091d4675d19e,mixto,6917333,Ciclista,Ciclista,mixto,si,actividad independiente adicional,variable,comprar equipo de trabajo,musica,medicamentos de un familiar,credito,10.67,calculado,media
PERF_0125,perfil_estructurado_v2.0,2026-04-01,Colombia,COP,Actividad principal declarada: Repartidor de domicilios / Repartidora de domicilios. Estado de ingreso actual: variable. Ingreso mensual neto declarado: 3824333 COP. Hobbies declarados: fotografia_y_video | manualidades_y_artesanias.,parcial,dentro_del_mvp,domicilios_mensajeria_y_reparto,96211,"Mandaderos, maleteros y repartidores / Mandaderas, maleteras y repartidoras",96211.011,Repartidor de domicilios / Repartidora de domicilios,principal,variable,si,deporte_competitivo_ciclismo,34210.0,Atletas y deportistas,34210.007,Ciclista,secundaria,mixto,no,1,ingreso_variable_declarado,fotografia_y_video,manualidades_y_artesanias,,,aporte_hogar_compartido,0.0,actividad_principal:domicilios_mensajeria_y_reparto | actividad_secundaria:deporte_competitivo_ciclismo | hobbies:fotografia_y_video | manualidades_y_artesanias | meta:hacer_viaje | responsabilidad:aporte_hogar_compartido | historia:fragilidad_sostenida,domicilios_mensajeria_y_reparto | fotografia_y_video | manualidades_y_artesanias | aporte_hogar_compartido,segunda_actividad_economica | meta,fragilidad_sostenida,412310,23497287,si,train,si,fincoach_mvp_estructurado_v2.0,56139dfc243d15f7bd93dd3bdbd3bb9a7e57476bf7fee7126ee722843cb8e425,variable,3824333,Repartidor de domicilios / Repartidora de domicilios,Repartidor de domicilios / Repartidora de domicilios,variable,no,,,no declarado,fotografia_y_video | manualidades_y_artesanias,aporte hogar compartido,credito,23.79,calculado,baja
PERF_0126,perfil_estructurado_v2.0,2026-04-01,Colombia,COP,Actividad principal declarada: Vendedor de tienda / Vendedora de tienda. Estado de ingreso actual: mixto. Ingreso mensual neto declarado: 3169000 COP. Ingreso adicional: Barbero / Barbera. Hobbies declarados: videojuegos_y_streaming | impresion_3d.,parcial,dentro_del_mvp,ventas_al_por_menor,52230,"Vendedores y auxiliares de venta en tiendas, almacenes y afines / Vendedoras y auxiliares de venta en tiendas, almacenes y afines",52230.032,Vendedor de tienda / Vendedora de tienda,principal,mixto,si,peluqueria_y_barberia,51410.0,Peluqueros / Peluqueras,51410.001,Barbero / Barbera,secundaria,variable,no,2,ingresos_mixtos_declarados,videojuegos_y_streaming,impresion_3d,,,medicamentos_de_un_familiar,1.0,actividad_principal:ventas_al_por_menor | actividad_secundaria:peluqueria_y_barberia | hobbies:videojuegos_y_streaming | impresion_3d | meta:hacer_certificacion_profesional | responsabilidad:medicamentos_de_un_familiar | historia:situacion_critica,ventas_al_por_menor | medicamentos_de_un_familiar,segunda_actividad_economica | hobbies | meta,situacion_critica,612968,22401436,si,train,si,fincoach_mvp_estructurado_v2.0,e655e40f6869ed460a88c6d0e4bd0a2215a179c3cf90f0d392f13fc49acfe05d,mixto,3169000,Vendedor de tienda / Vendedora de tienda,Vendedor de tienda / Vendedora de tienda,mixto,si,Barbero / Barbera,variable,no declarado,videojuegos_y_streaming | impresion_3d,medicamentos de un familiar,credito,19.26,calculado,baja
PERF_0127,perfil_estructurado_v2.0,2026-04-01,Colombia,COP,Actividad principal declarada: Editor de video / Editora de video. Estado de ingreso actual: mixto. Ingreso mensual neto declarado: 7422667 COP. Ingreso adicional: actividad independiente adicional. Hobbies declarados: turismo_y_viajes | impresion_3d. Objetivo: hacer certificacion profesional.,parcial,dentro_del_mvp,diseno_audiovisual_y_edicion_de_video,26541,"Productores, directores y editores de cine, teatro y afines / Productoras, directoras y editoras de cine, teatro y afines",26541.06,Editor de video / Editora de video,principal,mixto,si,,,,,,,,no_aplica,2,ingresos_mixtos_declarados,turismo_y_viajes,impresion_3d,hacer_certificacion_profesional,3_a_6_meses,apoyo_parcial_a_dos_familiares,2.0,actividad_principal:diseno_audiovisual_y_edicion_de_video | actividad_secundaria:ninguna | hobbies:turismo_y_viajes | impresion_3d | meta:hacer_certificacion_profesional | responsabilidad:apoyo_parcial_a_dos_familiares | historia:acumulacion_estable,diseno_audiovisual_y_edicion_de_video | turismo_y_viajes | impresion_3d | hacer_certificacion_profesional | apoyo_parcial_a_dos_familiares,otras_fuentes_no_declaradas,acumulacion_estable,10680870,0,si,train,si,fincoach_mvp_estructurado_v2.0,69fbc386100fca8db7e49047a4db6d14a6598fb9f234fecc7ac7bd3b70dabb3c,mixto,7422667,Editor de video / Editora de video,Editor de video / Editora de video,mixto,si,actividad independiente adicional,variable,hacer certificacion profesional,turismo_y_viajes | impresion_3d,apoyo parcial a dos familiares,sin_deuda,0.0,calculado,media
PERF_0128,perfil_estructurado_v2.0,2026-04-01,Colombia,COP,Actividad principal declarada: Docente de educación básica secundaria. Estado de ingreso actual: fijo. Ingreso mensual neto declarado: 560000 COP. Hobbies declarados: impresion_3d | cocina_y_reposteria.,parcial,dentro_del_mvp,docencia_y_formacion,23300,Profesores de educación secundaria / Profesoras de educación secundaria,23300.001,Docente de educación básica secundaria,principal,estable,si,ventas_al_por_menor,52230.0,"Vendedores y auxiliares de venta en tiendas, almacenes y afines / Vendedoras y auxiliares de venta en tiendas, almacenes y afines",52230.032,Vendedor de tienda / Vendedora de tienda,secundaria,mixto,no,1,ingreso_fijo_declarado,impresion_3d,cocina_y_reposteria,,,,,actividad_principal:docencia_y_formacion | actividad_secundaria:ventas_al_por_menor | hobbies:impresion_3d | cocina_y_reposteria | meta:comprar_bicicleta | responsabilidad:apoyo_mensual_madre_o_padre | historia:equilibrio_sostenible,docencia_y_formacion | impresion_3d | cocina_y_reposteria,segunda_actividad_economica | meta | responsabilidades,equilibrio_sostenible,16622110,9148664,si,train,si,fincoach_mvp_estructurado_v2.0,26c023735f1fc32e88111ce013e9a8acfc3f8600cf61098e076637c37da1d68b,fijo,560000,Docente de educación básica secundaria,Docente de educación básica secundaria,fijo,no,,,no declarado,impresion_3d | cocina_y_reposteria,no declarada,credito,100.0,calculado,alta
PERF_0129,perfil_estructurado_v2.0,2026-04-01,Colombia,COP,Actividad principal declarada: Horticultor / Horticultora. Estado de ingreso actual: variable. Ingreso mensual neto declarado: 3715333 COP. Hobbies declarados: jardineria_y_agricultura_urbana. Objetivo: ampliar actividad economica.,parcial,dentro_del_mvp,agricultura,61131,"Agricultores de huertas, invernaderos, viveros y jardines / Agricultoras de huertas, invernaderos, viveros y jardines",61131.017,Horticultor / Horticultora,principal,variable,si,,,,,,,,no_aplica,1,ingreso_variable_declarado,jardineria_y_agricultura_urbana,,ampliar_actividad_economica,6_meses,,,actividad_principal:agricultura | actividad_secundaria:ninguna | hobbies:jardineria_y_agricultura_urbana | meta:ampliar_actividad_economica | responsabilidad:ninguna_declarada | historia:variable_resiliente,agricultura | ampliar_actividad_economica,hobbies | responsabilidades,variable_resiliente,9666158,6275912,si,train,si,fincoach_mvp_estructurado_v2.0,6f85b0975e0305318482fdbffc2efcc49b32dbde5aafebd5b009d9fbfae9bfde,variable,3715333,Horticultor / Horticultora,Horticultor / Horticultora,variable,no,,,ampliar actividad economica,jardineria_y_agricultura_urbana,no declarada,credito,9.04,calculado,baja
PERF_0130,perfil_estructurado_v2.0,2026-04-01,Colombia,COP,Actividad principal declarada: Barbero / Barbera. Estado de ingreso actual: fijo. Ingreso mensual neto declarado: 854667 COP. Hobbies declarados: ciclismo | pintura. Objetivo: mejorar vivienda.,parcial,dentro_del_mvp,peluqueria_y_barberia,51410,Peluqueros / Peluqueras,51410.001,Barbero / Barbera,principal,estable,si,,,,,,,,no_aplica,1,ingreso_fijo_declarado,ciclismo,pintura,mejorar_vivienda,12_meses,,,actividad_principal:peluqueria_y_barberia | actividad_secundaria:ninguna | hobbies:ciclismo | pintura | meta:mejorar_vivienda | responsabilidad:apoyo_parcial_a_dos_familiares | historia:uso_planificado_reserva,peluqueria_y_barberia | mejorar_vivienda,hobbies | responsabilidades,uso_planificado_reserva,16494349,7061417,si,train,si,fincoach_mvp_estructurado_v2.0,a2b89b4a57577504fc05eba24ac830828378b8139f0cce17601cc74258b12a27,fijo,854667,Barbero / Barbera,Barbero / Barbera,fijo,no,,,mejorar vivienda,ciclismo | pintura,no declarada,credito,100.0,calculado,media
PERF_0131,perfil_estructurado_v2.0,2026-04-01,Colombia,COP,Actividad principal declarada: Ingeniero de software / Ingeniera de software. Estado de ingreso actual: fijo. Ingreso mensual neto declarado: 2221667 COP. Hobbies declarados: pintura. Objetivo: crear fondo emergencia.,parcial,dentro_del_mvp,ingenieria_y_desarrollo_de_software,25120,Desarrolladores de software / Desarrolladoras de software,25120.031,Ingeniero de software / Ingeniera de software,principal,estable,si,agricultura,61131.0,"Agricultores de huertas, invernaderos, viveros y jardines / Agricultoras de huertas, invernaderos, viveros y jardines",61131.017,Horticultor / Horticultora,secundaria,estacional,no,1,ingreso_fijo_declarado,pintura,,crear_fondo_emergencia,6_meses,aporte_hogar_compartido,0.0,actividad_principal:ingenieria_y_desarrollo_de_software | actividad_secundaria:agricultura | hobbies:pintura | meta:crear_fondo_emergencia | responsabilidad:aporte_hogar_compartido | historia:deterioro_reciente,ingenieria_y_desarrollo_de_software | pintura | crear_fondo_emergencia | aporte_hogar_compartido,segunda_actividad_economica,deterioro_reciente,22112305,4058484,si,train,si,fincoach_mvp_estructurado_v2.0,ae83547cf422414ba5478af38e95f6c6c19340a7b536e099df50dfe3ad70a462,fijo,2221667,Ingeniero de software / Ingeniera de software,Ingeniero de software / Ingeniera de software,fijo,no,,,crear fondo emergencia,pintura,aporte hogar compartido,credito,30.41,calculado,alta
PERF_0132,perfil_estructurado_v2.0,2026-04-01,Colombia,COP,Actividad principal declarada: Nutricionista dietista. Estado de ingreso actual: sin_ingresos. Hobbies declarados: cocina_y_reposteria. Objetivo: pagar deuda.,parcial,dentro_del_mvp,nutricion_y_dietetica,22650,Nutricionistas dietistas,22650.014,Nutricionista dietista,principal,sin_ingresos,si,,,,,,,,no_aplica,0,sin_ingresos_declarados,cocina_y_reposteria,,pagar_deuda,3_a_12_meses,aporte_hogar_compartido,0.0,actividad_principal:nutricion_y_dietetica | actividad_secundaria:ninguna | hobbies:cocina_y_reposteria | meta:pagar_deuda | responsabilidad:aporte_hogar_compartido | historia:fragilidad_sostenida,nutricion_y_dietetica | cocina_y_reposteria | pagar_deuda | aporte_hogar_compartido,otras_fuentes_no_declaradas,fragilidad_sostenida,1441060,17329856,si,test,si,fincoach_mvp_estructurado_v2.0,347bdd3cd05464b5ff7500d6f072d4bc51e4ebea7eef5c2cf3794677a792dafa,sin_ingresos,0,Nutricionista dietista,sin ingresos actualmente; experiencia en Nutricionista dietista,sin_ingresos,no,,,pagar deuda,cocina_y_reposteria,aporte hogar compartido,credito,,no_calculable_sin_ingresos,nunca
PERF_0133,perfil_estructurado_v2.0,2026-04-01,Colombia,COP,Actividad principal declarada: Disc jockey. Estado de ingreso actual: estacional. Ingreso mensual neto declarado: 2848500 COP. Hobbies declarados: manualidades_y_artesanias.,parcial,dentro_del_mvp,musica_y_entretenimiento_dj,26521,Intérpretes musicales,26521.035,Disc jockey,principal,estacional,si,peluqueria_y_barberia,51410.0,Peluqueros / Peluqueras,51410.001,Barbero / Barbera,secundaria,variable,si,1,ingreso_estacional_declarado,manualidades_y_artesanias,,,,ninguna_declarada,0.0,actividad_principal:musica_y_entretenimiento_dj | actividad_secundaria:peluqueria_y_barberia | hobbies:manualidades_y_artesanias | meta:comprar_bicicleta | responsabilidad:ninguna_declarada | historia:situacion_critica,musica_y_entretenimiento_dj | peluqueria_y_barberia | manualidades_y_artesanias | ninguna_declarada,meta,situacion_critica,1818755,10798753,si,test,si,fincoach_mvp_estructurado_v2.0,f722275d35060ce53fefa9575787e1a702b96c4ab50af773293b108357b5daf1,estacional,2848500,Disc jockey,Disc jockey,estacional,no,,,no declarado,manualidades_y_artesanias,ninguna declarada,credito,22.75,calculado,baja
PERF_0134,perfil_estructurado_v2.0,2026-04-01,Colombia,COP,Actividad principal declarada: Ciclista. Estado de ingreso actual: variable. Ingreso mensual neto declarado: 4607667 COP. Hobbies declarados: musica | cocina_y_reposteria. Objetivo: comprar equipo de trabajo.,parcial,dentro_del_mvp,deporte_competitivo_ciclismo,34210,Atletas y deportistas,34210.007,Ciclista,principal,variable,si,docencia_y_formacion,23300.0,Profesores de educación secundaria / Profesoras de educación secundaria,23300.001,Docente de educación básica secundaria,secundaria,estable,no,1,ingreso_variable_declarado,musica,cocina_y_reposteria,comprar_equipo_de_trabajo,6_a_12_meses,,,actividad_principal:deporte_competitivo_ciclismo | actividad_secundaria:docencia_y_formacion | hobbies:musica | cocina_y_reposteria | meta:comprar_equipo_de_trabajo | responsabilidad:medicamentos_de_un_familiar | historia:acumulacion_estable,deporte_competitivo_ciclismo | musica | cocina_y_reposteria | comprar_equipo_de_trabajo,segunda_actividad_economica | responsabilidades,acumulacion_estable,1931547,0,si,train,si,fincoach_mvp_estructurado_v2.0,1cd57bd007f9d342997613fb036a0900fb1d0c2f2b775dc3b8457422c8a21b48,variable,4607667,Ciclista,Ciclista,variable,no,,,comprar equipo de trabajo,musica | cocina_y_reposteria,no declarada,sin_deuda,0.0,calculado,media
PERF_0135,perfil_estructurado_v2.0,2026-04-01,Colombia,COP,Actividad principal declarada: Repartidor de domicilios / Repartidora de domicilios. Estado de ingreso actual: sin_ingresos. Hobbies declarados: fotografia_y_video. Objetivo: pagar deuda.,parcial,dentro_del_mvp,domicilios_mensajeria_y_reparto,96211,"Mandaderos, maleteros y repartidores / Mandaderas, maleteras y repartidoras",96211.011,Repartidor de domicilios / Repartidora de domicilios,principal,sin_ingresos,si,diseno_audiovisual_y_edicion_de_video,26541.0,"Productores, directores y editores de cine, teatro y afines / Productoras, directoras y editoras de cine, teatro y afines",26541.06,Editor de video / Editora de video,secundaria,variable,si,0,sin_ingresos_declarados,fotografia_y_video,,pagar_deuda,3_a_12_meses,apoyo_mensual_madre_o_padre,1.0,actividad_principal:domicilios_mensajeria_y_reparto | actividad_secundaria:diseno_audiovisual_y_edicion_de_video | hobbies:fotografia_y_video | meta:pagar_deuda | responsabilidad:apoyo_mensual_madre_o_padre | historia:equilibrio_sostenible,domicilios_mensajeria_y_reparto | diseno_audiovisual_y_edicion_de_video | pagar_deuda | apoyo_mensual_madre_o_padre,hobbies,equilibrio_sostenible,6838931,0,si,train,si,fincoach_mvp_estructurado_v2.0,1874075cab3e8a59c3d0e4d66b06dca17658e6d42b860c30bbadf88464ad2857,sin_ingresos,0,Repartidor de domicilios / Repartidora de domicilios,sin ingresos actualmente; experiencia en Repartidor de domicilios / Repartidora de domicilios,sin_ingresos,no,,,pagar deuda,fotografia_y_video,apoyo mensual madre o padre,sin_deuda,0.0,sin_ingresos_sin_pago_observado,nunca
PERF_0136,perfil_estructurado_v2.0,2026-04-01,Colombia,COP,Actividad principal declarada: Vendedor de tienda / Vendedora de tienda. Estado de ingreso actual: variable. Ingreso mensual neto declarado: 4962667 COP. Hobbies declarados: videojuegos_y_streaming | turismo_y_viajes.,minima,dentro_del_mvp,ventas_al_por_menor,52230,"Vendedores y auxiliares de venta en tiendas, almacenes y afines / Vendedoras y auxiliares de venta en tiendas, almacenes y afines",52230.032,Vendedor de tienda / Vendedora de tienda,principal,variable,si,,,,,,,,no_aplica,1,ingreso_variable_declarado,videojuegos_y_streaming,turismo_y_viajes,,,,,actividad_principal:ventas_al_por_menor | actividad_secundaria:ninguna | hobbies:videojuegos_y_streaming | turismo_y_viajes | meta:comprar_bicicleta | responsabilidad:medicamentos_de_un_familiar | historia:variable_resiliente,ventas_al_por_menor,hobbies | meta | responsabilidades,variable_resiliente,4733757,9208815,si,train,si,fincoach_mvp_estructurado_v2.0,a38d3806fc19f9b70ccd81e9cfeeafac185c5faf2aabcc7eccf6f01f507d75d4,variable,4962667,Vendedor de tienda / Vendedora de tienda,Vendedor de tienda / Vendedora de tienda,variable,no,,,no declarado,videojuegos_y_streaming | turismo_y_viajes,no declarada,credito,3.47,calculado,media
PERF_0137,perfil_estructurado_v2.0,2026-04-01,Colombia,COP,Actividad principal declarada: Editor de video / Editora de video. Estado de ingreso actual: fijo. Ingreso mensual neto declarado: 500000 COP. Hobbies declarados: turismo_y_viajes | fotografia_y_video.,parcial,dentro_del_mvp,diseno_audiovisual_y_edicion_de_video,26541,"Productores, directores y editores de cine, teatro y afines / Productoras, directoras y editoras de cine, teatro y afines",26541.06,Editor de video / Editora de video,principal,estable,si,,,,,,,,no_aplica,1,ingreso_fijo_declarado,turismo_y_viajes,fotografia_y_video,,,,,actividad_principal:diseno_audiovisual_y_edicion_de_video | actividad_secundaria:ninguna | hobbies:turismo_y_viajes | fotografia_y_video | meta:comprar_equipo_de_trabajo | responsabilidad:gastos_de_un_hijo | historia:uso_planificado_reserva,diseno_audiovisual_y_edicion_de_video | turismo_y_viajes | fotografia_y_video,meta | responsabilidades,uso_planificado_reserva,10441496,0,si,train,si,fincoach_mvp_estructurado_v2.0,0ebee529a7c76946d33e50eea30150b10165d079fc0d3d479218188a8871b13e,fijo,500000,Editor de video / Editora de video,Editor de video / Editora de video,fijo,no,,,no declarado,turismo_y_viajes | fotografia_y_video,no declarada,sin_deuda,0.0,calculado,alta
PERF_0138,perfil_estructurado_v2.0,2026-04-01,Colombia,COP,Actividad principal declarada: Docente de educación básica secundaria. Estado de ingreso actual: sin_ingresos. Hobbies declarados: impresion_3d | cocina_y_reposteria. Objetivo: comprar equipo de trabajo.,amplia,dentro_del_mvp,docencia_y_formacion,23300,Profesores de educación secundaria / Profesoras de educación secundaria,23300.001,Docente de educación básica secundaria,principal,sin_ingresos,si,deporte_competitivo_ciclismo,34210.0,Atletas y deportistas,34210.007,Ciclista,secundaria,mixto,si,0,sin_ingresos_declarados,impresion_3d,cocina_y_reposteria,comprar_equipo_de_trabajo,6_a_12_meses,,,actividad_principal:docencia_y_formacion | actividad_secundaria:deporte_competitivo_ciclismo | hobbies:impresion_3d | cocina_y_reposteria | meta:comprar_equipo_de_trabajo | responsabilidad:apoyo_parcial_a_dos_familiares | historia:deterioro_reciente,docencia_y_formacion | deporte_competitivo_ciclismo | impresion_3d | cocina_y_reposteria | comprar_equipo_de_trabajo,responsabilidades,deterioro_reciente,10917570,4271533,si,train,si,fincoach_mvp_estructurado_v2.0,8fd7715e825ae04b2f2e1f159f8ff820ad1435b319e763c4eb47b9ec7b14c86a,sin_ingresos,0,Docente de educación básica secundaria,sin ingresos actualmente; experiencia en Docente de educación básica secundaria,sin_ingresos,no,,,comprar equipo de trabajo,impresion_3d | cocina_y_reposteria,no declarada,credito,,no_calculable_sin_ingresos,nunca
PERF_0139,perfil_estructurado_v2.0,2026-04-01,Colombia,COP,Actividad principal declarada: Horticultor / Horticultora. Estado de ingreso actual: apoyo. Ingreso mensual neto declarado: 517667 COP. Hobbies declarados: jardineria_y_agricultura_urbana.,parcial,dentro_del_mvp,agricultura,61131,"Agricultores de huertas, invernaderos, viveros y jardines / Agricultoras de huertas, invernaderos, viveros y jardines",61131.017,Horticultor / Horticultora,principal,apoyo,si,,,,,,,,no_aplica,1,apoyo_declarado,jardineria_y_agricultura_urbana,,,,gastos_de_un_hijo,1.0,actividad_principal:agricultura | actividad_secundaria:ninguna | hobbies:jardineria_y_agricultura_urbana | meta:ampliar_actividad_economica | responsabilidad:gastos_de_un_hijo | historia:fragilidad_sostenida,agricultura | gastos_de_un_hijo,hobbies | meta,fragilidad_sostenida,579032,3139317,si,train,si,fincoach_mvp_estructurado_v2.0,251278f5bd4d49b81c46f7a80c6eae297bab6fc4cafdda5c28d9c2488f6cbb58,apoyo,517667,Horticultor / Horticultora,apoyo familiar o de terceros,apoyo,no,,,no declarado,jardineria_y_agricultura_urbana,gastos de un hijo,credito,24.73,calculado,baja
PERF_0140,perfil_estructurado_v2.0,2026-04-01,Colombia,COP,Actividad principal declarada: Barbero / Barbera. Estado de ingreso actual: fijo. Ingreso mensual neto declarado: 591667 COP. Hobbies declarados: ciclismo | manualidades_y_artesanias.,parcial,dentro_del_mvp,peluqueria_y_barberia,51410,Peluqueros / Peluqueras,51410.001,Barbero / Barbera,principal,estable,si,,,,,,,,no_aplica,1,ingreso_fijo_declarado,ciclismo,manualidades_y_artesanias,,,apoyo_mensual_madre_o_padre,1.0,actividad_principal:peluqueria_y_barberia | actividad_secundaria:ninguna | hobbies:ciclismo | manualidades_y_artesanias | meta:mejorar_vivienda | responsabilidad:apoyo_mensual_madre_o_padre | historia:situacion_critica,peluqueria_y_barberia | ciclismo | manualidades_y_artesanias | apoyo_mensual_madre_o_padre,meta,situacion_critica,171200,10194475,si,test,si,fincoach_mvp_estructurado_v2.0,8e4f1a2fd90c1de906b34bd83165ffc9608f0be95849a4cec0be9c18bfbd8e72,fijo,591667,Barbero / Barbera,Barbero / Barbera,fijo,no,,,no declarado,ciclismo | manualidades_y_artesanias,apoyo mensual madre o padre,credito,86.62,calculado,alta
PERF_0141,perfil_estructurado_v2.0,2026-04-01,Colombia,COP,Actividad principal declarada: Ingeniero de software / Ingeniera de software. Estado de ingreso actual: mixto. Ingreso mensual neto declarado: 10495667 COP. Ingreso adicional: Nutricionista dietista. Hobbies declarados: pintura. Objetivo: pagar deuda.,amplia,dentro_del_mvp,ingenieria_y_desarrollo_de_software,25120,Desarrolladores de software / Desarrolladoras de software,25120.031,Ingeniero de software / Ingeniera de software,principal,mixto,si,nutricion_y_dietetica,22650.0,Nutricionistas dietistas,22650.014,Nutricionista dietista,secundaria,mixto,si,2,ingresos_mixtos_declarados,pintura,,pagar_deuda,3_a_12_meses,,,actividad_principal:ingenieria_y_desarrollo_de_software | actividad_secundaria:nutricion_y_dietetica | hobbies:pintura | meta:pagar_deuda | responsabilidad:aporte_hogar_compartido | historia:acumulacion_estable,ingenieria_y_desarrollo_de_software | nutricion_y_dietetica | pintura | pagar_deuda,responsabilidades,acumulacion_estable,16591655,11888568,si,train,si,fincoach_mvp_estructurado_v2.0,21de2e3b22ea54bbdbb081d5fcab99302acf69d0f537214a3bc1b3d14b1ec287,mixto,10495667,Ingeniero de software / Ingeniera de software,Ingeniero de software / Ingeniera de software,mixto,si,Nutricionista dietista,variable,pagar deuda,pintura,no declarada,credito,7.18,calculado,baja
PERF_0142,perfil_estructurado_v2.0,2026-04-01,Colombia,COP,Actividad principal declarada: Nutricionista dietista. Estado de ingreso actual: sin_ingresos. Hobbies declarados: cocina_y_reposteria. Objetivo: hacer viaje.,parcial,dentro_del_mvp,nutricion_y_dietetica,22650,Nutricionistas dietistas,22650.014,Nutricionista dietista,principal,sin_ingresos,si,,,,,,,,no_aplica,0,sin_ingresos_declarados,cocina_y_reposteria,,hacer_viaje,6_a_12_meses,apoyo_mensual_madre_o_padre,1.0,actividad_principal:nutricion_y_dietetica | actividad_secundaria:ninguna | hobbies:cocina_y_reposteria | meta:hacer_viaje | responsabilidad:apoyo_mensual_madre_o_padre | historia:equilibrio_sostenible,nutricion_y_dietetica | hacer_viaje | apoyo_mensual_madre_o_padre,hobbies,equilibrio_sostenible,9374467,0,si,train,si,fincoach_mvp_estructurado_v2.0,121ab2a87b76b2f5f9fdef5c5171fe4e04c8b938557637d333c977f27541d82f,sin_ingresos,0,Nutricionista dietista,sin ingresos actualmente; experiencia en Nutricionista dietista,sin_ingresos,no,,,hacer viaje,cocina_y_reposteria,apoyo mensual madre o padre,sin_deuda,0.0,sin_ingresos_sin_pago_observado,nunca
PERF_0143,perfil_estructurado_v2.0,2026-04-01,Colombia,COP,Actividad principal declarada: Disc jockey. Estado de ingreso actual: variable. Ingreso mensual neto declarado: 5822667 COP. Hobbies declarados: manualidades_y_artesanias. Objetivo: comprar bicicleta.,parcial,dentro_del_mvp,musica_y_entretenimiento_dj,26521,Intérpretes musicales,26521.035,Disc jockey,principal,variable,si,,,,,,,,no_aplica,1,ingreso_variable_declarado,manualidades_y_artesanias,,comprar_bicicleta,6_meses,,,actividad_principal:musica_y_entretenimiento_dj | actividad_secundaria:ninguna | hobbies:manualidades_y_artesanias | meta:comprar_bicicleta | responsabilidad:apoyo_mensual_madre_o_padre | historia:variable_resiliente,musica_y_entretenimiento_dj | manualidades_y_artesanias | comprar_bicicleta,responsabilidades,variable_resiliente,14139321,9766422,si,validation,si,fincoach_mvp_estructurado_v2.0,0383e73bbd54cf70388c98971e991a28c2ce4ccfcd7970cded0efc368f853b62,variable,5822667,Disc jockey,Disc jockey,variable,no,,,comprar bicicleta,manualidades_y_artesanias,no declarada,credito,5.59,calculado,baja
PERF_0144,perfil_estructurado_v2.0,2026-04-01,Colombia,COP,Actividad principal declarada: Ciclista. Estado de ingreso actual: fijo. Ingreso mensual neto declarado: 500000 COP. Hobbies declarados: musica. Objetivo: pagar deuda.,amplia,dentro_del_mvp,deporte_competitivo_ciclismo,34210,Atletas y deportistas,34210.007,Ciclista,principal,estable,si,peluqueria_y_barberia,51410.0,Peluqueros / Peluqueras,51410.001,Barbero / Barbera,secundaria,variable,si,1,ingreso_fijo_declarado,musica,,pagar_deuda,3_a_12_meses,gastos_de_un_hijo,1.0,actividad_principal:deporte_competitivo_ciclismo | actividad_secundaria:peluqueria_y_barberia | hobbies:musica | meta:pagar_deuda | responsabilidad:gastos_de_un_hijo | historia:uso_planificado_reserva,deporte_competitivo_ciclismo | peluqueria_y_barberia | musica | pagar_deuda | gastos_de_un_hijo,otras_fuentes_no_declaradas,uso_planificado_reserva,8833944,0,si,train,si,fincoach_mvp_estructurado_v2.0,43fd42379e98a61a2a4fe76a9e68707aca6ebae16b9486af8265fc52b29f3c9e,fijo,500000,Ciclista,Ciclista,fijo,no,,,pagar deuda,musica,gastos de un hijo,sin_deuda,0.0,calculado,baja
PERF_0145,perfil_estructurado_v2.0,2026-04-01,Colombia,COP,Actividad principal declarada: Repartidor de domicilios / Repartidora de domicilios. Estado de ingreso actual: apoyo. Ingreso mensual neto declarado: 500000 COP. Hobbies declarados: fotografia_y_video | manualidades_y_artesanias. Objetivo: pagar deuda.,parcial,dentro_del_mvp,domicilios_mensajeria_y_reparto,96211,"Mandaderos, maleteros y repartidores / Mandaderas, maleteras y repartidoras",96211.011,Repartidor de domicilios / Repartidora de domicilios,principal,apoyo,si,,,,,,,,no_aplica,1,apoyo_declarado,fotografia_y_video,manualidades_y_artesanias,pagar_deuda,3_a_12_meses,gastos_de_un_hijo,1.0,actividad_principal:domicilios_mensajeria_y_reparto | actividad_secundaria:ninguna | hobbies:fotografia_y_video | manualidades_y_artesanias | meta:pagar_deuda | responsabilidad:gastos_de_un_hijo | historia:deterioro_reciente,domicilios_mensajeria_y_reparto | fotografia_y_video | manualidades_y_artesanias | pagar_deuda | gastos_de_un_hijo,otras_fuentes_no_declaradas,deterioro_reciente,1950755,0,si,test,si,fincoach_mvp_estructurado_v2.0,8e4624e067a3e710945764ca13e1dc2d39bdc650ed5bedafd6b95472719932ea,apoyo,500000,Repartidor de domicilios / Repartidora de domicilios,apoyo familiar o de terceros,apoyo,no,,,pagar deuda,fotografia_y_video | manualidades_y_artesanias,gastos de un hijo,sin_deuda,0.0,calculado,baja
PERF_0146,perfil_estructurado_v2.0,2026-04-01,Colombia,COP,Actividad principal declarada: Vendedor de tienda / Vendedora de tienda. Estado de ingreso actual: fijo. Ingreso mensual neto declarado: 910000 COP. Hobbies declarados: videojuegos_y_streaming | pintura. Objetivo: comprar equipo de trabajo.,parcial,dentro_del_mvp,ventas_al_por_menor,52230,"Vendedores y auxiliares de venta en tiendas, almacenes y afines / Vendedoras y auxiliares de venta en tiendas, almacenes y afines",52230.032,Vendedor de tienda / Vendedora de tienda,principal,estable,si,agricultura,61131.0,"Agricultores de huertas, invernaderos, viveros y jardines / Agricultoras de huertas, invernaderos, viveros y jardines",61131.017,Horticultor / Horticultora,secundaria,estacional,no,1,ingreso_fijo_declarado,videojuegos_y_streaming,pintura,comprar_equipo_de_trabajo,6_a_12_meses,gastos_de_un_hijo,1.0,actividad_principal:ventas_al_por_menor | actividad_secundaria:agricultura | hobbies:videojuegos_y_streaming | pintura | meta:comprar_equipo_de_trabajo | responsabilidad:gastos_de_un_hijo | historia:fragilidad_sostenida,ventas_al_por_menor | comprar_equipo_de_trabajo | gastos_de_un_hijo,segunda_actividad_economica | hobbies,fragilidad_sostenida,573765,14859858,si,train,si,fincoach_mvp_estructurado_v2.0,260559dfb226cd0b8df612d5a04e277417ab5c3385ab0cf8e6b9ed079fd6f6e9,fijo,910000,Vendedor de tienda / Vendedora de tienda,Vendedor de tienda / Vendedora de tienda,fijo,no,,,comprar equipo de trabajo,videojuegos_y_streaming | pintura,gastos de un hijo,credito,65.27,calculado,alta
PERF_0147,perfil_estructurado_v2.0,2026-04-01,Colombia,COP,Actividad principal declarada: Editor de video / Editora de video. Estado de ingreso actual: apoyo. Ingreso mensual neto declarado: 500000 COP. Hobbies declarados: turismo_y_viajes.,parcial,dentro_del_mvp,diseno_audiovisual_y_edicion_de_video,26541,"Productores, directores y editores de cine, teatro y afines / Productoras, directoras y editoras de cine, teatro y afines",26541.06,Editor de video / Editora de video,principal,apoyo,si,,,,,,,,no_aplica,1,apoyo_declarado,turismo_y_viajes,,,,ninguna_declarada,0.0,actividad_principal:diseno_audiovisual_y_edicion_de_video | actividad_secundaria:ninguna | hobbies:turismo_y_viajes | meta:crear_fondo_emergencia | responsabilidad:ninguna_declarada | historia:situacion_critica,diseno_audiovisual_y_edicion_de_video | turismo_y_viajes | ninguna_declarada,meta,situacion_critica,2192159,12579836,si,train,si,fincoach_mvp_estructurado_v2.0,b2ab9797318eb4f3a864982462b02aa36a9cbc86ec9666da3c6647ce8c4b6039,apoyo,500000,Editor de video / Editora de video,apoyo familiar o de terceros,apoyo,no,,,no declarado,turismo_y_viajes,ninguna declarada,credito,100.0,calculado,baja
PERF_0148,perfil_estructurado_v2.0,2026-04-01,Colombia,COP,Actividad principal declarada: Docente de educación básica secundaria. Estado de ingreso actual: apoyo. Ingreso mensual neto declarado: 3810000 COP. Hobbies declarados: impresion_3d. Objetivo: mejorar vivienda.,parcial,dentro_del_mvp,docencia_y_formacion,23300,Profesores de educación secundaria / Profesoras de educación secundaria,23300.001,Docente de educación básica secundaria,principal,apoyo,si,,,,,,,,no_aplica,1,apoyo_declarado,impresion_3d,,mejorar_vivienda,12_meses,apoyo_parcial_a_dos_familiares,2.0,actividad_principal:docencia_y_formacion | actividad_secundaria:ninguna | hobbies:impresion_3d | meta:mejorar_vivienda | responsabilidad:apoyo_parcial_a_dos_familiares | historia:acumulacion_estable,docencia_y_formacion | mejorar_vivienda | apoyo_parcial_a_dos_familiares,hobbies,acumulacion_estable,4319284,0,si,train,si,fincoach_mvp_estructurado_v2.0,d9336c9865b9b9d8f096046daadfe186c24345b11b572f8fa863c557087940a7,apoyo,3810000,Docente de educación básica secundaria,apoyo familiar o de terceros,apoyo,no,,,mejorar vivienda,impresion_3d,apoyo parcial a dos familiares,sin_deuda,0.0,calculado,baja
PERF_0149,perfil_estructurado_v2.0,2026-04-01,Colombia,COP,Actividad principal declarada: Horticultor / Horticultora. Estado de ingreso actual: fijo. Ingreso mensual neto declarado: 1340000 COP. Hobbies declarados: jardineria_y_agricultura_urbana | fotografia_y_video. Objetivo: comprar bicicleta.,parcial,dentro_del_mvp,agricultura,61131,"Agricultores de huertas, invernaderos, viveros y jardines / Agricultoras de huertas, invernaderos, viveros y jardines",61131.017,Horticultor / Horticultora,principal,estable,si,,,,,,,,no_aplica,1,ingreso_fijo_declarado,jardineria_y_agricultura_urbana,fotografia_y_video,comprar_bicicleta,6_meses,,,actividad_principal:agricultura | actividad_secundaria:ninguna | hobbies:jardineria_y_agricultura_urbana | fotografia_y_video | meta:comprar_bicicleta | responsabilidad:apoyo_mensual_madre_o_padre | historia:equilibrio_sostenible,agricultura | jardineria_y_agricultura_urbana | fotografia_y_video | comprar_bicicleta,responsabilidades,equilibrio_sostenible,7128327,5182903,si,train,si,fincoach_mvp_estructurado_v2.0,c88b1368f09b413b6ded030d6f2f2f5be6b38eeff92509712d168540333a2873,fijo,1340000,Horticultor / Horticultora,Horticultor / Horticultora,fijo,no,,,comprar bicicleta,jardineria_y_agricultura_urbana | fotografia_y_video,no declarada,credito,20.2,calculado,alta
PERF_0150,perfil_estructurado_v2.0,2026-04-01,Colombia,COP,Actividad principal declarada: Barbero / Barbera. Estado de ingreso actual: mixto. Ingreso mensual neto declarado: 3039000 COP. Ingreso adicional: actividad independiente adicional. Hobbies declarados: ciclismo.,parcial,dentro_del_mvp,peluqueria_y_barberia,51410,Peluqueros / Peluqueras,51410.001,Barbero / Barbera,principal,mixto,si,,,,,,,,no_aplica,2,ingresos_mixtos_declarados,ciclismo,,,,gastos_de_un_hijo,1.0,actividad_principal:peluqueria_y_barberia | actividad_secundaria:ninguna | hobbies:ciclismo | meta:hacer_certificacion_profesional | responsabilidad:gastos_de_un_hijo | historia:variable_resiliente,peluqueria_y_barberia | ciclismo | gastos_de_un_hijo,meta,variable_resiliente,2007940,7924293,si,train,si,fincoach_mvp_estructurado_v2.0,c45b32d176f2b8cfae820be34882887ad886b1bed6b1f5f61702748135b6c438,mixto,3039000,Barbero / Barbera,Barbero / Barbera,mixto,si,actividad independiente adicional,variable,no declarado,ciclismo,gastos de un hijo,credito,11.98,calculado,baja
PERF_0151,perfil_estructurado_v2.0,2026-04-01,Colombia,COP,Actividad principal declarada: Ingeniero de software / Ingeniera de software. Estado de ingreso actual: estacional. Ingreso mensual neto declarado: 7144000 COP. Hobbies declarados: pintura | videojuegos_y_streaming.,parcial,dentro_del_mvp,ingenieria_y_desarrollo_de_software,25120,Desarrolladores de software / Desarrolladoras de software,25120.031,Ingeniero de software / Ingeniera de software,principal,estacional,si,nutricion_y_dietetica,22650.0,Nutricionistas dietistas,22650.014,Nutricionista dietista,secundaria,mixto,no,1,ingreso_estacional_declarado,pintura,videojuegos_y_streaming,,,,,actividad_principal:ingenieria_y_desarrollo_de_software | actividad_secundaria:nutricion_y_dietetica | hobbies:pintura | videojuegos_y_streaming | meta:comprar_equipo_de_trabajo | responsabilidad:apoyo_parcial_a_dos_familiares | historia:uso_planificado_reserva,ingenieria_y_desarrollo_de_software | pintura | videojuegos_y_streaming,segunda_actividad_economica | meta | responsabilidades,uso_planificado_reserva,21473008,0,si,train,si,fincoach_mvp_estructurado_v2.0,011baed875b2e36f233978b9fe5b931bc3d3181a9d167705e5eccc5fa7e4caf2,estacional,7144000,Ingeniero de software / Ingeniera de software,Ingeniero de software / Ingeniera de software,estacional,no,,,no declarado,pintura | videojuegos_y_streaming,no declarada,sin_deuda,0.0,calculado,baja
PERF_0152,perfil_estructurado_v2.0,2026-04-01,Colombia,COP,Actividad principal declarada: Nutricionista dietista. Estado de ingreso actual: estacional. Ingreso mensual neto declarado: 4908000 COP. Hobbies declarados: cocina_y_reposteria | impresion_3d. Objetivo: hacer viaje.,amplia,dentro_del_mvp,nutricion_y_dietetica,22650,Nutricionistas dietistas,22650.014,Nutricionista dietista,principal,estacional,si,docencia_y_formacion,23300.0,Profesores de educación secundaria / Profesoras de educación secundaria,23300.001,Docente de educación básica secundaria,secundaria,estable,si,1,ingreso_estacional_declarado,cocina_y_reposteria,impresion_3d,hacer_viaje,6_a_12_meses,gastos_de_un_hijo,1.0,actividad_principal:nutricion_y_dietetica | actividad_secundaria:docencia_y_formacion | hobbies:cocina_y_reposteria | impresion_3d | meta:hacer_viaje | responsabilidad:gastos_de_un_hijo | historia:deterioro_reciente,nutricion_y_dietetica | docencia_y_formacion | cocina_y_reposteria | impresion_3d | hacer_viaje | gastos_de_un_hijo,otras_fuentes_no_declaradas,deterioro_reciente,9999621,3100170,si,train,si,fincoach_mvp_estructurado_v2.0,a918d0022037f12ef6cdb1f94b9c074757b567f17547d31af6790a7474a69c81,estacional,4908000,Nutricionista dietista,Nutricionista dietista,estacional,no,,,hacer viaje,cocina_y_reposteria | impresion_3d,gastos de un hijo,credito,8.58,calculado,media
PERF_0153,perfil_estructurado_v2.0,2026-04-01,Colombia,COP,Actividad principal declarada: Disc jockey. Estado de ingreso actual: apoyo. Ingreso mensual neto declarado: 500000 COP. Hobbies declarados: manualidades_y_artesanias | pintura.,parcial,dentro_del_mvp,musica_y_entretenimiento_dj,26521,Intérpretes musicales,26521.035,Disc jockey,principal,apoyo,si,diseno_audiovisual_y_edicion_de_video,26541.0,"Productores, directores y editores de cine, teatro y afines / Productoras, directoras y editoras de cine, teatro y afines",26541.06,Editor de video / Editora de video,secundaria,variable,si,1,apoyo_declarado,manualidades_y_artesanias,pintura,,,apoyo_mensual_madre_o_padre,1.0,actividad_principal:musica_y_entretenimiento_dj | actividad_secundaria:diseno_audiovisual_y_edicion_de_video | hobbies:manualidades_y_artesanias | pintura | meta:comprar_equipo_de_trabajo | responsabilidad:apoyo_mensual_madre_o_padre | historia:fragilidad_sostenida,musica_y_entretenimiento_dj | diseno_audiovisual_y_edicion_de_video | apoyo_mensual_madre_o_padre,hobbies | meta,fragilidad_sostenida,676283,11732518,si,validation,si,fincoach_mvp_estructurado_v2.0,2fe5d38be385d53c1ef67a168670bb6afac5c12b7494849eee9e402a33fa8824,apoyo,500000,Disc jockey,apoyo familiar o de terceros,apoyo,no,,,no declarado,manualidades_y_artesanias | pintura,apoyo mensual madre o padre,credito,100.0,calculado,baja
PERF_0154,perfil_estructurado_v2.0,2026-04-01,Colombia,COP,Actividad principal declarada: Ciclista. Estado de ingreso actual: estacional. Ingreso mensual neto declarado: 4495500 COP. Hobbies declarados: musica | cocina_y_reposteria. Objetivo: ampliar actividad economica.,parcial,dentro_del_mvp,deporte_competitivo_ciclismo,34210,Atletas y deportistas,34210.007,Ciclista,principal,estacional,si,peluqueria_y_barberia,51410.0,Peluqueros / Peluqueras,51410.001,Barbero / Barbera,secundaria,variable,si,1,ingreso_estacional_declarado,musica,cocina_y_reposteria,ampliar_actividad_economica,6_meses,,,actividad_principal:deporte_competitivo_ciclismo | actividad_secundaria:peluqueria_y_barberia | hobbies:musica | cocina_y_reposteria | meta:ampliar_actividad_economica | responsabilidad:gastos_de_un_hijo | historia:situacion_critica,deporte_competitivo_ciclismo | peluqueria_y_barberia | ampliar_actividad_economica,hobbies | responsabilidades,situacion_critica,1783725,33372333,si,train,si,fincoach_mvp_estructurado_v2.0,37fbf69e04aa892f3c1791f9e01a7e6354436aeeaba89174f5a295fd18aff3e0,estacional,4495500,Ciclista,Ciclista,estacional,no,,,ampliar actividad economica,musica | cocina_y_reposteria,no declarada,credito,21.93,calculado,media
PERF_0155,perfil_estructurado_v2.0,2026-04-01,Colombia,COP,Actividad principal declarada: Repartidor de domicilios / Repartidora de domicilios. Estado de ingreso actual: apoyo. Ingreso mensual neto declarado: 500000 COP. Hobbies declarados: fotografia_y_video | impresion_3d.,parcial,dentro_del_mvp,domicilios_mensajeria_y_reparto,96211,"Mandaderos, maleteros y repartidores / Mandaderas, maleteras y repartidoras",96211.011,Repartidor de domicilios / Repartidora de domicilios,principal,apoyo,si,musica_y_entretenimiento_dj,26521.0,Intérpretes musicales,26521.035,Disc jockey,secundaria,variable,si,1,apoyo_declarado,fotografia_y_video,impresion_3d,,,,,actividad_principal:domicilios_mensajeria_y_reparto | actividad_secundaria:musica_y_entretenimiento_dj | hobbies:fotografia_y_video | impresion_3d | meta:ampliar_actividad_economica | responsabilidad:medicamentos_de_un_familiar | historia:acumulacion_estable,domicilios_mensajeria_y_reparto | musica_y_entretenimiento_dj,hobbies | meta | responsabilidades,acumulacion_estable,4555262,8977181,si,train,si,fincoach_mvp_estructurado_v2.0,7d689f0ca5955d86cc877fd9e1548fec8fb42258e0907cf88f06e0f68564543b,apoyo,500000,Repartidor de domicilios / Repartidora de domicilios,apoyo familiar o de terceros,apoyo,no,,,no declarado,fotografia_y_video | impresion_3d,no declarada,credito,45.4,calculado,baja
PERF_0156,perfil_estructurado_v2.0,2026-04-01,Colombia,COP,Actividad principal declarada: Vendedor de tienda / Vendedora de tienda. Estado de ingreso actual: variable. Ingreso mensual neto declarado: 5122000 COP. Hobbies declarados: videojuegos_y_streaming. Objetivo: crear fondo emergencia.,parcial,dentro_del_mvp,ventas_al_por_menor,52230,"Vendedores y auxiliares de venta en tiendas, almacenes y afines / Vendedoras y auxiliares de venta en tiendas, almacenes y afines",52230.032,Vendedor de tienda / Vendedora de tienda,principal,variable,si,nutricion_y_dietetica,22650.0,Nutricionistas dietistas,22650.014,Nutricionista dietista,secundaria,mixto,no,1,ingreso_variable_declarado,videojuegos_y_streaming,,crear_fondo_emergencia,6_meses,,,actividad_principal:ventas_al_por_menor | actividad_secundaria:nutricion_y_dietetica | hobbies:videojuegos_y_streaming | meta:crear_fondo_emergencia | responsabilidad:medicamentos_de_un_familiar | historia:equilibrio_sostenible,ventas_al_por_menor | videojuegos_y_streaming | crear_fondo_emergencia,segunda_actividad_economica | responsabilidades,equilibrio_sostenible,1750100,9256613,si,train,si,fincoach_mvp_estructurado_v2.0,78980b4145b9b7ef070bee8ffe19d72605ae00249fd4616867d71b682b92c7c0,variable,5122000,Vendedor de tienda / Vendedora de tienda,Vendedor de tienda / Vendedora de tienda,variable,no,,,crear fondo emergencia,videojuegos_y_streaming,no declarada,credito,7.42,calculado,media
PERF_0157,perfil_estructurado_v2.0,2026-04-01,Colombia,COP,Actividad principal declarada: Editor de video / Editora de video. Estado de ingreso actual: variable. Ingreso mensual neto declarado: 5430000 COP. Hobbies declarados: turismo_y_viajes | pintura.,parcial,dentro_del_mvp,diseno_audiovisual_y_edicion_de_video,26541,"Productores, directores y editores de cine, teatro y afines / Productoras, directoras y editoras de cine, teatro y afines",26541.06,Editor de video / Editora de video,principal,variable,si,domicilios_mensajeria_y_reparto,96211.0,"Mandaderos, maleteros y repartidores / Mandaderas, maleteras y repartidoras",96211.011,Repartidor de domicilios / Repartidora de domicilios,secundaria,variable,no,1,ingreso_variable_declarado,turismo_y_viajes,pintura,,,,,actividad_principal:diseno_audiovisual_y_edicion_de_video | actividad_secundaria:domicilios_mensajeria_y_reparto | hobbies:turismo_y_viajes | pintura | meta:comprar_bicicleta | responsabilidad:ninguna_declarada | historia:variable_resiliente,diseno_audiovisual_y_edicion_de_video | turismo_y_viajes | pintura,segunda_actividad_economica | meta | responsabilidades,variable_resiliente,11548496,7006001,si,train,si,fincoach_mvp_estructurado_v2.0,36af6b10fc7902bdd2873d749a792d61dcf9fab21d50f7f83a8b4094a34590d0,variable,5430000,Editor de video / Editora de video,Editor de video / Editora de video,variable,no,,,no declarado,turismo_y_viajes | pintura,no declarada,credito,3.34,calculado,baja
PERF_0158,perfil_estructurado_v2.0,2026-04-01,Colombia,COP,Actividad principal declarada: Docente de educación básica secundaria. Estado de ingreso actual: sin_ingresos. Hobbies declarados: impresion_3d | videojuegos_y_streaming.,minima,dentro_del_mvp,docencia_y_formacion,23300,Profesores de educación secundaria / Profesoras de educación secundaria,23300.001,Docente de educación básica secundaria,principal,sin_ingresos,si,,,,,,,,no_aplica,0,sin_ingresos_declarados,impresion_3d,videojuegos_y_streaming,,,,,actividad_principal:docencia_y_formacion | actividad_secundaria:ninguna | hobbies:impresion_3d | videojuegos_y_streaming | meta:comprar_equipo_de_trabajo | responsabilidad:medicamentos_de_un_familiar | historia:uso_planificado_reserva,docencia_y_formacion,hobbies | meta | responsabilidades,uso_planificado_reserva,14357617,12482533,si,train,si,fincoach_mvp_estructurado_v2.0,48a43fcf27e4105631003fd2ad94b4e0701152c0e5d9cc1c0fb26311e112b416,sin_ingresos,0,Docente de educación básica secundaria,sin ingresos actualmente; experiencia en Docente de educación básica secundaria,sin_ingresos,no,,,no declarado,impresion_3d | videojuegos_y_streaming,no declarada,credito,,no_calculable_sin_ingresos,nunca
PERF_0159,perfil_estructurado_v2.0,2026-04-01,Colombia,COP,Actividad principal declarada: Horticultor / Horticultora. Estado de ingreso actual: fijo. Ingreso mensual neto declarado: 1454333 COP. Hobbies declarados: jardineria_y_agricultura_urbana | pintura. Objetivo: mejorar vivienda.,parcial,dentro_del_mvp,agricultura,61131,"Agricultores de huertas, invernaderos, viveros y jardines / Agricultoras de huertas, invernaderos, viveros y jardines",61131.017,Horticultor / Horticultora,principal,estable,si,docencia_y_formacion,23300.0,Profesores de educación secundaria / Profesoras de educación secundaria,23300.001,Docente de educación básica secundaria,secundaria,estable,no,1,ingreso_fijo_declarado,jardineria_y_agricultura_urbana,pintura,mejorar_vivienda,12_meses,,,actividad_principal:agricultura | actividad_secundaria:docencia_y_formacion | hobbies:jardineria_y_agricultura_urbana | pintura | meta:mejorar_vivienda | responsabilidad:medicamentos_de_un_familiar | historia:deterioro_reciente,agricultura | jardineria_y_agricultura_urbana | pintura | mejorar_vivienda,segunda_actividad_economica | responsabilidades,deterioro_reciente,5488610,0,si,train,si,fincoach_mvp_estructurado_v2.0,2679a35bdb1cc1a6c7cd605b066cb8f88ea2f4322c9b29f4d31545594d2a52da,fijo,1454333,Horticultor / Horticultora,Horticultor / Horticultora,fijo,no,,,mejorar vivienda,jardineria_y_agricultura_urbana | pintura,no declarada,sin_deuda,0.0,calculado,baja
PERF_0160,perfil_estructurado_v2.0,2026-04-01,Colombia,COP,Actividad principal declarada: Barbero / Barbera. Estado de ingreso actual: variable. Ingreso mensual neto declarado: 2769667 COP. Hobbies declarados: ciclismo | turismo_y_viajes. Objetivo: mejorar vivienda.,amplia,dentro_del_mvp,peluqueria_y_barberia,51410,Peluqueros / Peluqueras,51410.001,Barbero / Barbera,principal,variable,si,ingenieria_y_desarrollo_de_software,25120.0,Desarrolladores de software / Desarrolladoras de software,25120.031,Ingeniero de software / Ingeniera de software,secundaria,mixto,si,1,ingreso_variable_declarado,ciclismo,turismo_y_viajes,mejorar_vivienda,12_meses,aporte_hogar_compartido,0.0,actividad_principal:peluqueria_y_barberia | actividad_secundaria:ingenieria_y_desarrollo_de_software | hobbies:ciclismo | turismo_y_viajes | meta:mejorar_vivienda | responsabilidad:aporte_hogar_compartido | historia:fragilidad_sostenida,peluqueria_y_barberia | ingenieria_y_desarrollo_de_software | ciclismo | turismo_y_viajes | mejorar_vivienda | aporte_hogar_compartido,otras_fuentes_no_declaradas,fragilidad_sostenida,891846,15223895,si,test,si,fincoach_mvp_estructurado_v2.0,1d4b03baf4677f62f36215e49016fb24471fc1b19438a9bd2e1784e1168f84c8,variable,2769667,Barbero / Barbera,Barbero / Barbera,variable,no,,,mejorar vivienda,ciclismo | turismo_y_viajes,aporte hogar compartido,credito,14.51,calculado,media
PERF_0161,perfil_estructurado_v2.0,2026-04-01,Colombia,COP,Actividad principal declarada: Ingeniero de software / Ingeniera de software. Estado de ingreso actual: fijo. Ingreso mensual neto declarado: 580000 COP. Hobbies declarados: pintura. Objetivo: hacer certificacion profesional.,parcial,dentro_del_mvp,ingenieria_y_desarrollo_de_software,25120,Desarrolladores de software / Desarrolladoras de software,25120.031,Ingeniero de software / Ingeniera de software,principal,estable,si,,,,,,,,no_aplica,1,ingreso_fijo_declarado,pintura,,hacer_certificacion_profesional,3_a_6_meses,,,actividad_principal:ingenieria_y_desarrollo_de_software | actividad_secundaria:ninguna | hobbies:pintura | meta:hacer_certificacion_profesional | responsabilidad:aporte_hogar_compartido | historia:situacion_critica,ingenieria_y_desarrollo_de_software | pintura | hacer_certificacion_profesional,responsabilidades,situacion_critica,1696174,8827064,si,train,si,fincoach_mvp_estructurado_v2.0,5c5b0a3efe64ed57b49e835b58fd4f9170e81474fc072fc5d19756876f5de0b6,fijo,580000,Ingeniero de software / Ingeniera de software,Ingeniero de software / Ingeniera de software,fijo,no,,,hacer certificacion profesional,pintura,no declarada,credito,100.0,calculado,alta
PERF_0162,perfil_estructurado_v2.0,2026-04-01,Colombia,COP,Actividad principal declarada: Nutricionista dietista. Estado de ingreso actual: sin_ingresos. Hobbies declarados: cocina_y_reposteria | pintura. Objetivo: ampliar actividad economica.,parcial,dentro_del_mvp,nutricion_y_dietetica,22650,Nutricionistas dietistas,22650.014,Nutricionista dietista,principal,sin_ingresos,si,domicilios_mensajeria_y_reparto,96211.0,"Mandaderos, maleteros y repartidores / Mandaderas, maleteras y repartidoras",96211.011,Repartidor de domicilios / Repartidora de domicilios,secundaria,variable,no,0,sin_ingresos_declarados,cocina_y_reposteria,pintura,ampliar_actividad_economica,6_meses,gastos_de_un_hijo,1.0,actividad_principal:nutricion_y_dietetica | actividad_secundaria:domicilios_mensajeria_y_reparto | hobbies:cocina_y_reposteria | pintura | meta:ampliar_actividad_economica | responsabilidad:gastos_de_un_hijo | historia:acumulacion_estable,nutricion_y_dietetica | ampliar_actividad_economica | gastos_de_un_hijo,segunda_actividad_economica | hobbies,acumulacion_estable,3343337,8798054,si,validation,si,fincoach_mvp_estructurado_v2.0,d66ebba451f581ab45fdfc65f3f302790650a26ed51d551d02a6f0ae69305731,sin_ingresos,0,Nutricionista dietista,sin ingresos actualmente; experiencia en Nutricionista dietista,sin_ingresos,no,,,ampliar actividad economica,cocina_y_reposteria | pintura,gastos de un hijo,credito,,no_calculable_sin_ingresos,nunca
PERF_0163,perfil_estructurado_v2.0,2026-04-01,Colombia,COP,Actividad principal declarada: Disc jockey. Estado de ingreso actual: variable. Ingreso mensual neto declarado: 3789333 COP. Hobbies declarados: manualidades_y_artesanias | cocina_y_reposteria.,parcial,dentro_del_mvp,musica_y_entretenimiento_dj,26521,Intérpretes musicales,26521.035,Disc jockey,principal,variable,si,,,,,,,,no_aplica,1,ingreso_variable_declarado,manualidades_y_artesanias,cocina_y_reposteria,,,apoyo_mensual_madre_o_padre,1.0,actividad_principal:musica_y_entretenimiento_dj | actividad_secundaria:ninguna | hobbies:manualidades_y_artesanias | cocina_y_reposteria | meta:crear_fondo_emergencia | responsabilidad:apoyo_mensual_madre_o_padre | historia:equilibrio_sostenible,musica_y_entretenimiento_dj | manualidades_y_artesanias | cocina_y_reposteria | apoyo_mensual_madre_o_padre,meta,equilibrio_sostenible,1014829,809471,si,test,si,fincoach_mvp_estructurado_v2.0,ecad24ef5ee66653dc4d8c12fa43e2ca21ef0b505462baf14a4b8a31804ee1fd,variable,3789333,Disc jockey,Disc jockey,variable,no,,,no declarado,manualidades_y_artesanias | cocina_y_reposteria,apoyo mensual madre o padre,credito,5.95,calculado,baja
PERF_0164,perfil_estructurado_v2.0,2026-04-01,Colombia,COP,Actividad principal declarada: Ciclista. Estado de ingreso actual: variable. Ingreso mensual neto declarado: 7375000 COP. Hobbies declarados: musica.,parcial,dentro_del_mvp,deporte_competitivo_ciclismo,34210,Atletas y deportistas,34210.007,Ciclista,principal,variable,si,,,,,,,,no_aplica,1,ingreso_variable_declarado,musica,,,,,,actividad_principal:deporte_competitivo_ciclismo | actividad_secundaria:ninguna | hobbies:musica | meta:crear_fondo_emergencia | responsabilidad:apoyo_mensual_madre_o_padre | historia:variable_resiliente,deporte_competitivo_ciclismo | musica,meta | responsabilidades,variable_resiliente,2012502,3897117,si,test,si,fincoach_mvp_estructurado_v2.0,2166896937068930c273b7140fd3a20e314958feb280b3a712c90375fae8f230,variable,7375000,Ciclista,Ciclista,variable,no,,,no declarado,musica,no declarada,credito,10.45,calculado,media
PERF_0165,perfil_estructurado_v2.0,2026-04-01,Colombia,COP,Actividad principal declarada: Repartidor de domicilios / Repartidora de domicilios. Estado de ingreso actual: variable. Ingreso mensual neto declarado: 3694667 COP. Hobbies declarados: fotografia_y_video | musica. Objetivo: mejorar vivienda.,parcial,dentro_del_mvp,domicilios_mensajeria_y_reparto,96211,"Mandaderos, maleteros y repartidores / Mandaderas, maleteras y repartidoras",96211.011,Repartidor de domicilios / Repartidora de domicilios,principal,variable,si,,,,,,,,no_aplica,1,ingreso_variable_declarado,fotografia_y_video,musica,mejorar_vivienda,12_meses,apoyo_parcial_a_dos_familiares,2.0,actividad_principal:domicilios_mensajeria_y_reparto | actividad_secundaria:ninguna | hobbies:fotografia_y_video | musica | meta:mejorar_vivienda | responsabilidad:apoyo_parcial_a_dos_familiares | historia:uso_planificado_reserva,domicilios_mensajeria_y_reparto | fotografia_y_video | musica | mejorar_vivienda | apoyo_parcial_a_dos_familiares,otras_fuentes_no_declaradas,uso_planificado_reserva,15088421,9565093,si,train,si,fincoach_mvp_estructurado_v2.0,a3e702f7ef3687062f48eb6390cac5b32557bc8c7c66e3652c5a2caaeb77b83d,variable,3694667,Repartidor de domicilios / Repartidora de domicilios,Repartidor de domicilios / Repartidora de domicilios,variable,no,,,mejorar vivienda,fotografia_y_video | musica,apoyo parcial a dos familiares,credito,9.71,calculado,baja
PERF_0166,perfil_estructurado_v2.0,2026-04-01,Colombia,COP,Actividad principal declarada: Vendedor de tienda / Vendedora de tienda. Estado de ingreso actual: estacional. Ingreso mensual neto declarado: 5216000 COP. Hobbies declarados: videojuegos_y_streaming | jardineria_y_agricultura_urbana.,parcial,dentro_del_mvp,ventas_al_por_menor,52230,"Vendedores y auxiliares de venta en tiendas, almacenes y afines / Vendedoras y auxiliares de venta en tiendas, almacenes y afines",52230.032,Vendedor de tienda / Vendedora de tienda,principal,estacional,si,,,,,,,,no_aplica,1,ingreso_estacional_declarado,videojuegos_y_streaming,jardineria_y_agricultura_urbana,,,aporte_hogar_compartido,0.0,actividad_principal:ventas_al_por_menor | actividad_secundaria:ninguna | hobbies:videojuegos_y_streaming | jardineria_y_agricultura_urbana | meta:crear_fondo_emergencia | responsabilidad:aporte_hogar_compartido | historia:deterioro_reciente,ventas_al_por_menor | videojuegos_y_streaming | jardineria_y_agricultura_urbana | aporte_hogar_compartido,meta,deterioro_reciente,3229547,0,si,train,si,fincoach_mvp_estructurado_v2.0,9b72352f131c95a49577ff5d83346952bf60693fed8984524e7514cc1f399140,estacional,5216000,Vendedor de tienda / Vendedora de tienda,Vendedor de tienda / Vendedora de tienda,estacional,no,,,no declarado,videojuegos_y_streaming | jardineria_y_agricultura_urbana,aporte hogar compartido,sin_deuda,0.0,calculado,media
PERF_0167,perfil_estructurado_v2.0,2026-04-01,Colombia,COP,Actividad principal declarada: Editor de video / Editora de video. Estado de ingreso actual: variable. Ingreso mensual neto declarado: 2219667 COP. Hobbies declarados: turismo_y_viajes. Objetivo: comprar equipo de trabajo.,parcial,dentro_del_mvp,diseno_audiovisual_y_edicion_de_video,26541,"Productores, directores y editores de cine, teatro y afines / Productoras, directoras y editoras de cine, teatro y afines",26541.06,Editor de video / Editora de video,principal,variable,si,,,,,,,,no_aplica,1,ingreso_variable_declarado,turismo_y_viajes,,comprar_equipo_de_trabajo,6_a_12_meses,medicamentos_de_un_familiar,1.0,actividad_principal:diseno_audiovisual_y_edicion_de_video | actividad_secundaria:ninguna | hobbies:turismo_y_viajes | meta:comprar_equipo_de_trabajo | responsabilidad:medicamentos_de_un_familiar | historia:fragilidad_sostenida,diseno_audiovisual_y_edicion_de_video | turismo_y_viajes | comprar_equipo_de_trabajo | medicamentos_de_un_familiar,otras_fuentes_no_declaradas,fragilidad_sostenida,807223,11976320,si,train,si,fincoach_mvp_estructurado_v2.0,55d7705225a358cbb21d5d5fb288292759a56fee81a3e91d8a2cd89fa539d9c9,variable,2219667,Editor de video / Editora de video,Editor de video / Editora de video,variable,no,,,comprar equipo de trabajo,turismo_y_viajes,medicamentos de un familiar,credito,12.78,calculado,baja
PERF_0168,perfil_estructurado_v2.0,2026-04-01,Colombia,COP,Actividad principal declarada: Docente de educación básica secundaria. Estado de ingreso actual: fijo. Ingreso mensual neto declarado: 1750000 COP. Hobbies declarados: impresion_3d | musica. Objetivo: comprar bicicleta.,parcial,dentro_del_mvp,docencia_y_formacion,23300,Profesores de educación secundaria / Profesoras de educación secundaria,23300.001,Docente de educación básica secundaria,principal,estable,si,,,,,,,,no_aplica,1,ingreso_fijo_declarado,impresion_3d,musica,comprar_bicicleta,6_meses,,,actividad_principal:docencia_y_formacion | actividad_secundaria:ninguna | hobbies:impresion_3d | musica | meta:comprar_bicicleta | responsabilidad:apoyo_mensual_madre_o_padre | historia:situacion_critica,docencia_y_formacion | impresion_3d | musica | comprar_bicicleta,responsabilidades,situacion_critica,1248760,6630040,si,train,si,fincoach_mvp_estructurado_v2.0,a48243450a6c25446b6a9b317a5e61acb3cd7ed1c0ab5eba0ce32522be7ebf45,fijo,1750000,Docente de educación básica secundaria,Docente de educación básica secundaria,fijo,no,,,comprar bicicleta,impresion_3d | musica,no declarada,credito,33.92,calculado,baja
PERF_0169,perfil_estructurado_v2.0,2026-04-01,Colombia,COP,Actividad principal declarada: Horticultor / Horticultora. Estado de ingreso actual: fijo. Ingreso mensual neto declarado: 1740000 COP. Hobbies declarados: jardineria_y_agricultura_urbana | videojuegos_y_streaming. Objetivo: comprar bicicleta.,parcial,dentro_del_mvp,agricultura,61131,"Agricultores de huertas, invernaderos, viveros y jardines / Agricultoras de huertas, invernaderos, viveros y jardines",61131.017,Horticultor / Horticultora,principal,estable,si,,,,,,,,no_aplica,1,ingreso_fijo_declarado,jardineria_y_agricultura_urbana,videojuegos_y_streaming,comprar_bicicleta,6_meses,apoyo_parcial_a_dos_familiares,2.0,actividad_principal:agricultura | actividad_secundaria:ninguna | hobbies:jardineria_y_agricultura_urbana | videojuegos_y_streaming | meta:comprar_bicicleta | responsabilidad:apoyo_parcial_a_dos_familiares | historia:acumulacion_estable,agricultura | jardineria_y_agricultura_urbana | videojuegos_y_streaming | comprar_bicicleta | apoyo_parcial_a_dos_familiares,otras_fuentes_no_declaradas,acumulacion_estable,5065916,1028770,si,train,si,fincoach_mvp_estructurado_v2.0,df1f2d1d587a934f9a47795b98dbc0f2bb5115cbf712772c8fb66445cfa3cc64,fijo,1740000,Horticultor / Horticultora,Horticultor / Horticultora,fijo,no,,,comprar bicicleta,jardineria_y_agricultura_urbana | videojuegos_y_streaming,apoyo parcial a dos familiares,credito,24.37,calculado,media
PERF_0170,perfil_estructurado_v2.0,2026-04-01,Colombia,COP,Actividad principal declarada: Barbero / Barbera. Estado de ingreso actual: mixto. Ingreso mensual neto declarado: 6725667 COP. Ingreso adicional: Editor de video / Editora de video. Hobbies declarados: ciclismo | fotografia_y_video.,parcial,dentro_del_mvp,peluqueria_y_barberia,51410,Peluqueros / Peluqueras,51410.001,Barbero / Barbera,principal,mixto,si,diseno_audiovisual_y_edicion_de_video,26541.0,"Productores, directores y editores de cine, teatro y afines / Productoras, directoras y editoras de cine, teatro y afines",26541.06,Editor de video / Editora de video,secundaria,variable,si,2,ingresos_mixtos_declarados,ciclismo,fotografia_y_video,,,,,actividad_principal:peluqueria_y_barberia | actividad_secundaria:diseno_audiovisual_y_edicion_de_video | hobbies:ciclismo | fotografia_y_video | meta:crear_fondo_emergencia | responsabilidad:apoyo_parcial_a_dos_familiares | historia:equilibrio_sostenible,peluqueria_y_barberia | diseno_audiovisual_y_edicion_de_video | ciclismo | fotografia_y_video,meta | responsabilidades,equilibrio_sostenible,3271559,0,si,validation,si,fincoach_mvp_estructurado_v2.0,80ca472f2d318e0c4334f88733225694ef5ff459c049898d74ebc50d4a5e24f7,mixto,6725667,Barbero / Barbera,Barbero / Barbera,mixto,si,Editor de video / Editora de video,variable,no declarado,ciclismo | fotografia_y_video,no declarada,sin_deuda,0.0,calculado,alta
PERF_0171,perfil_estructurado_v2.0,2026-04-01,Colombia,COP,Actividad principal declarada: Ingeniero de software / Ingeniera de software. Estado de ingreso actual: mixto. Ingreso mensual neto declarado: 9243333 COP. Ingreso adicional: actividad independiente adicional. Hobbies declarados: pintura.,parcial,dentro_del_mvp,ingenieria_y_desarrollo_de_software,25120,Desarrolladores de software / Desarrolladoras de software,25120.031,Ingeniero de software / Ingeniera de software,principal,mixto,si,,,,,,,,no_aplica,2,ingresos_mixtos_declarados,pintura,,,,apoyo_parcial_a_dos_familiares,2.0,actividad_principal:ingenieria_y_desarrollo_de_software | actividad_secundaria:ninguna | hobbies:pintura | meta:crear_fondo_emergencia | responsabilidad:apoyo_parcial_a_dos_familiares | historia:variable_resiliente,ingenieria_y_desarrollo_de_software | pintura | apoyo_parcial_a_dos_familiares,meta,variable_resiliente,3548499,0,si,test,si,fincoach_mvp_estructurado_v2.0,26fefa60efbe6c8588a7c5cb235919a66eece332db655212770bdb19a9cf1bfc,mixto,9243333,Ingeniero de software / Ingeniera de software,Ingeniero de software / Ingeniera de software,mixto,si,actividad independiente adicional,variable,no declarado,pintura,apoyo parcial a dos familiares,sin_deuda,0.0,calculado,baja
PERF_0172,perfil_estructurado_v2.0,2026-04-01,Colombia,COP,Actividad principal declarada: Nutricionista dietista. Estado de ingreso actual: sin_ingresos. Hobbies declarados: cocina_y_reposteria | videojuegos_y_streaming.,parcial,dentro_del_mvp,nutricion_y_dietetica,22650,Nutricionistas dietistas,22650.014,Nutricionista dietista,principal,sin_ingresos,si,deporte_competitivo_ciclismo,34210.0,Atletas y deportistas,34210.007,Ciclista,secundaria,mixto,si,0,sin_ingresos_declarados,cocina_y_reposteria,videojuegos_y_streaming,,,,,actividad_principal:nutricion_y_dietetica | actividad_secundaria:deporte_competitivo_ciclismo | hobbies:cocina_y_reposteria | videojuegos_y_streaming | meta:hacer_certificacion_profesional | responsabilidad:ninguna_declarada | historia:uso_planificado_reserva,nutricion_y_dietetica | deporte_competitivo_ciclismo | cocina_y_reposteria | videojuegos_y_streaming,meta | responsabilidades,uso_planificado_reserva,20297008,0,si,train,si,fincoach_mvp_estructurado_v2.0,6ee9fe6ddf749befa6de38bb0495d743684a49367489faab88ef100b9681b3b2,sin_ingresos,0,Nutricionista dietista,sin ingresos actualmente; experiencia en Nutricionista dietista,sin_ingresos,no,,,no declarado,cocina_y_reposteria | videojuegos_y_streaming,no declarada,sin_deuda,0.0,sin_ingresos_sin_pago_observado,nunca
PERF_0173,perfil_estructurado_v2.0,2026-04-01,Colombia,COP,Actividad principal declarada: Disc jockey. Estado de ingreso actual: apoyo. Ingreso mensual neto declarado: 500000 COP. Hobbies declarados: manualidades_y_artesanias | pintura. Objetivo: hacer certificacion profesional.,parcial,dentro_del_mvp,musica_y_entretenimiento_dj,26521,Intérpretes musicales,26521.035,Disc jockey,principal,apoyo,si,agricultura,61131.0,"Agricultores de huertas, invernaderos, viveros y jardines / Agricultoras de huertas, invernaderos, viveros y jardines",61131.017,Horticultor / Horticultora,secundaria,estacional,no,1,apoyo_declarado,manualidades_y_artesanias,pintura,hacer_certificacion_profesional,3_a_6_meses,,,actividad_principal:musica_y_entretenimiento_dj | actividad_secundaria:agricultura | hobbies:manualidades_y_artesanias | pintura | meta:hacer_certificacion_profesional | responsabilidad:medicamentos_de_un_familiar | historia:deterioro_reciente,musica_y_entretenimiento_dj | manualidades_y_artesanias | pintura | hacer_certificacion_profesional,segunda_actividad_economica | responsabilidades,deterioro_reciente,4950230,5746444,si,train,si,fincoach_mvp_estructurado_v2.0,ba8a2789da4899e729213169cd2d8939e3f7f8c6f25793e6260ba3dcb49e5c48,apoyo,500000,Disc jockey,apoyo familiar o de terceros,apoyo,no,,,hacer certificacion profesional,manualidades_y_artesanias | pintura,no declarada,credito,32.6,calculado,baja
PERF_0174,perfil_estructurado_v2.0,2026-04-01,Colombia,COP,Actividad principal declarada: Ciclista. Estado de ingreso actual: estacional. Ingreso mensual neto declarado: 6415500 COP. Hobbies declarados: musica.,minima,dentro_del_mvp,deporte_competitivo_ciclismo,34210,Atletas y deportistas,34210.007,Ciclista,principal,estacional,si,musica_y_entretenimiento_dj,26521.0,Intérpretes musicales,26521.035,Disc jockey,secundaria,variable,no,1,ingreso_estacional_declarado,musica,,,,,,actividad_principal:deporte_competitivo_ciclismo | actividad_secundaria:musica_y_entretenimiento_dj | hobbies:musica | meta:pagar_deuda | responsabilidad:apoyo_parcial_a_dos_familiares | historia:fragilidad_sostenida,deporte_competitivo_ciclismo,segunda_actividad_economica | hobbies | meta | responsabilidades,fragilidad_sostenida,2915408,29626467,si,train,si,fincoach_mvp_estructurado_v2.0,d35243b95eb1a426e74bc80c36d69146e18a779c413beefb73c84b3d8c6d9f57,estacional,6415500,Ciclista,Ciclista,estacional,no,,,no declarado,musica,no declarada,credito,23.7,calculado,media
PERF_0175,perfil_estructurado_v2.0,2026-04-01,Colombia,COP,Actividad principal declarada: Repartidor de domicilios / Repartidora de domicilios. Estado de ingreso actual: fijo. Ingreso mensual neto declarado: 500000 COP. Hobbies declarados: fotografia_y_video. Objetivo: hacer viaje.,parcial,dentro_del_mvp,domicilios_mensajeria_y_reparto,96211,"Mandaderos, maleteros y repartidores / Mandaderas, maleteras y repartidoras",96211.011,Repartidor de domicilios / Repartidora de domicilios,principal,estable,si,,,,,,,,no_aplica,1,ingreso_fijo_declarado,fotografia_y_video,,hacer_viaje,6_a_12_meses,apoyo_parcial_a_dos_familiares,2.0,actividad_principal:domicilios_mensajeria_y_reparto | actividad_secundaria:ninguna | hobbies:fotografia_y_video | meta:hacer_viaje | responsabilidad:apoyo_parcial_a_dos_familiares | historia:situacion_critica,domicilios_mensajeria_y_reparto | fotografia_y_video | hacer_viaje | apoyo_parcial_a_dos_familiares,otras_fuentes_no_declaradas,situacion_critica,786875,9635935,si,validation,si,fincoach_mvp_estructurado_v2.0,b9da8140258c15751a3b57b32b78f5e88e395962f1212eb78898774fa0d59e72,fijo,500000,Repartidor de domicilios / Repartidora de domicilios,Repartidor de domicilios / Repartidora de domicilios,fijo,no,,,hacer viaje,fotografia_y_video,apoyo parcial a dos familiares,credito,100.0,calculado,media
PERF_0176,perfil_estructurado_v2.0,2026-04-01,Colombia,COP,Actividad principal declarada: Vendedor de tienda / Vendedora de tienda. Estado de ingreso actual: fijo. Ingreso mensual neto declarado: 780000 COP. Hobbies declarados: videojuegos_y_streaming. Objetivo: mejorar vivienda.,amplia,dentro_del_mvp,ventas_al_por_menor,52230,"Vendedores y auxiliares de venta en tiendas, almacenes y afines / Vendedoras y auxiliares de venta en tiendas, almacenes y afines",52230.032,Vendedor de tienda / Vendedora de tienda,principal,estable,si,ingenieria_y_desarrollo_de_software,25120.0,Desarrolladores de software / Desarrolladoras de software,25120.031,Ingeniero de software / Ingeniera de software,secundaria,mixto,si,1,ingreso_fijo_declarado,videojuegos_y_streaming,,mejorar_vivienda,12_meses,,,actividad_principal:ventas_al_por_menor | actividad_secundaria:ingenieria_y_desarrollo_de_software | hobbies:videojuegos_y_streaming | meta:mejorar_vivienda | responsabilidad:aporte_hogar_compartido | historia:acumulacion_estable,ventas_al_por_menor | ingenieria_y_desarrollo_de_software | videojuegos_y_streaming | mejorar_vivienda,responsabilidades,acumulacion_estable,8445451,10695517,si,train,si,fincoach_mvp_estructurado_v2.0,2cb65aa48e64f16372c02f3b4d94c61fe536bb06a18aa8ef93cb12fd1bf862e6,fijo,780000,Vendedor de tienda / Vendedora de tienda,Vendedor de tienda / Vendedora de tienda,fijo,no,,,mejorar vivienda,videojuegos_y_streaming,no declarada,credito,28.21,calculado,alta
PERF_0177,perfil_estructurado_v2.0,2026-04-01,Colombia,COP,Actividad principal declarada: Editor de video / Editora de video. Estado de ingreso actual: fijo. Ingreso mensual neto declarado: 500000 COP. Hobbies declarados: turismo_y_viajes | jardineria_y_agricultura_urbana. Objetivo: crear fondo emergencia.,parcial,dentro_del_mvp,diseno_audiovisual_y_edicion_de_video,26541,"Productores, directores y editores de cine, teatro y afines / Productoras, directoras y editoras de cine, teatro y afines",26541.06,Editor de video / Editora de video,principal,estable,si,,,,,,,,no_aplica,1,ingreso_fijo_declarado,turismo_y_viajes,jardineria_y_agricultura_urbana,crear_fondo_emergencia,6_meses,ninguna_declarada,0.0,actividad_principal:diseno_audiovisual_y_edicion_de_video | actividad_secundaria:ninguna | hobbies:turismo_y_viajes | jardineria_y_agricultura_urbana | meta:crear_fondo_emergencia | responsabilidad:ninguna_declarada | historia:equilibrio_sostenible,diseno_audiovisual_y_edicion_de_video | turismo_y_viajes | jardineria_y_agricultura_urbana | crear_fondo_emergencia | ninguna_declarada,otras_fuentes_no_declaradas,equilibrio_sostenible,4263924,2918370,si,validation,si,fincoach_mvp_estructurado_v2.0,09ba0d3dae99ce51103626ef0595f95a3d0969560e3c17f0919c4b38e1b3db7d,fijo,500000,Editor de video / Editora de video,Editor de video / Editora de video,fijo,no,,,crear fondo emergencia,turismo_y_viajes | jardineria_y_agricultura_urbana,ninguna declarada,credito,54.8,calculado,baja
PERF_0178,perfil_estructurado_v2.0,2026-04-01,Colombia,COP,Actividad principal declarada: Docente de educación básica secundaria. Estado de ingreso actual: estacional. Ingreso mensual neto declarado: 6869000 COP. Hobbies declarados: impresion_3d.,parcial,dentro_del_mvp,docencia_y_formacion,23300,Profesores de educación secundaria / Profesoras de educación secundaria,23300.001,Docente de educación básica secundaria,principal,estacional,si,ingenieria_y_desarrollo_de_software,25120.0,Desarrolladores de software / Desarrolladoras de software,25120.031,Ingeniero de software / Ingeniera de software,secundaria,mixto,no,1,ingreso_estacional_declarado,impresion_3d,,,,aporte_hogar_compartido,0.0,actividad_principal:docencia_y_formacion | actividad_secundaria:ingenieria_y_desarrollo_de_software | hobbies:impresion_3d | meta:pagar_deuda | responsabilidad:aporte_hogar_compartido | historia:variable_resiliente,docencia_y_formacion | impresion_3d | aporte_hogar_compartido,segunda_actividad_economica | meta,variable_resiliente,3989327,6535887,si,validation,si,fincoach_mvp_estructurado_v2.0,05fc8cc78aea0f1200db45d3decf9e37cc28b7b022e7dcd0eb4d36af1c0afa14,estacional,6869000,Docente de educación básica secundaria,Docente de educación básica secundaria,estacional,no,,,no declarado,impresion_3d,aporte hogar compartido,credito,10.11,calculado,media
PERF_0179,perfil_estructurado_v2.0,2026-04-01,Colombia,COP,Actividad principal declarada: Horticultor / Horticultora. Estado de ingreso actual: estacional. Ingreso mensual neto declarado: 2530333 COP. Hobbies declarados: jardineria_y_agricultura_urbana. Objetivo: ampliar actividad economica.,parcial,dentro_del_mvp,agricultura,61131,"Agricultores de huertas, invernaderos, viveros y jardines / Agricultoras de huertas, invernaderos, viveros y jardines",61131.017,Horticultor / Horticultora,principal,estacional,si,,,,,,,,no_aplica,1,ingreso_estacional_declarado,jardineria_y_agricultura_urbana,,ampliar_actividad_economica,6_meses,apoyo_mensual_madre_o_padre,1.0,actividad_principal:agricultura | actividad_secundaria:ninguna | hobbies:jardineria_y_agricultura_urbana | meta:ampliar_actividad_economica | responsabilidad:apoyo_mensual_madre_o_padre | historia:uso_planificado_reserva,agricultura | jardineria_y_agricultura_urbana | ampliar_actividad_economica | apoyo_mensual_madre_o_padre,otras_fuentes_no_declaradas,uso_planificado_reserva,9278805,7412685,si,train,si,fincoach_mvp_estructurado_v2.0,9223c1ef6c2a7caeb9c3b3619265eed33376d6a660f37018f8a07e9fa7f19bc0,estacional,2530333,Horticultor / Horticultora,Horticultor / Horticultora,estacional,no,,,ampliar actividad economica,jardineria_y_agricultura_urbana,apoyo mensual madre o padre,credito,10.65,calculado,baja
PERF_0180,perfil_estructurado_v2.0,2026-04-01,Colombia,COP,Actividad principal declarada: Barbero / Barbera. Estado de ingreso actual: fijo. Ingreso mensual neto declarado: 577333 COP. Hobbies declarados: ciclismo | pintura.,parcial,dentro_del_mvp,peluqueria_y_barberia,51410,Peluqueros / Peluqueras,51410.001,Barbero / Barbera,principal,estable,si,domicilios_mensajeria_y_reparto,96211.0,"Mandaderos, maleteros y repartidores / Mandaderas, maleteras y repartidoras",96211.011,Repartidor de domicilios / Repartidora de domicilios,secundaria,variable,si,1,ingreso_fijo_declarado,ciclismo,pintura,,,,,actividad_principal:peluqueria_y_barberia | actividad_secundaria:domicilios_mensajeria_y_reparto | hobbies:ciclismo | pintura | meta:pagar_deuda | responsabilidad:aporte_hogar_compartido | historia:deterioro_reciente,peluqueria_y_barberia | domicilios_mensajeria_y_reparto | ciclismo | pintura,meta | responsabilidades,deterioro_reciente,4585472,3006740,si,train,si,fincoach_mvp_estructurado_v2.0,9f4f9f5b0509d94146253ed3a9f773477d2dc6eb724118257a3b47e69bf7b999,fijo,577333,Barbero / Barbera,Barbero / Barbera,fijo,no,,,no declarado,ciclismo | pintura,no declarada,credito,64.17,calculado,baja
PERF_0181,perfil_estructurado_v2.0,2026-04-01,Colombia,COP,Actividad principal declarada: Ingeniero de software / Ingeniera de software. Estado de ingreso actual: sin_ingresos. Hobbies declarados: pintura | turismo_y_viajes. Objetivo: hacer viaje.,parcial,dentro_del_mvp,ingenieria_y_desarrollo_de_software,25120,Desarrolladores de software / Desarrolladoras de software,25120.031,Ingeniero de software / Ingeniera de software,principal,sin_ingresos,si,,,,,,,,no_aplica,0,sin_ingresos_declarados,pintura,turismo_y_viajes,hacer_viaje,6_a_12_meses,apoyo_parcial_a_dos_familiares,2.0,actividad_principal:ingenieria_y_desarrollo_de_software | actividad_secundaria:ninguna | hobbies:pintura | turismo_y_viajes | meta:hacer_viaje | responsabilidad:apoyo_parcial_a_dos_familiares | historia:fragilidad_sostenida,ingenieria_y_desarrollo_de_software | pintura | turismo_y_viajes | hacer_viaje | apoyo_parcial_a_dos_familiares,otras_fuentes_no_declaradas,fragilidad_sostenida,2639675,22436601,si,train,si,fincoach_mvp_estructurado_v2.0,360c592b82ab2f235b0f460ebff072b01f14a1fc2881515689f708a9deb8d567,sin_ingresos,0,Ingeniero de software / Ingeniera de software,sin ingresos actualmente; experiencia en Ingeniero de software / Ingeniera de software,sin_ingresos,no,,,hacer viaje,pintura | turismo_y_viajes,apoyo parcial a dos familiares,credito,,no_calculable_sin_ingresos,nunca
PERF_0182,perfil_estructurado_v2.0,2026-04-01,Colombia,COP,Actividad principal declarada: Nutricionista dietista. Estado de ingreso actual: variable. Ingreso mensual neto declarado: 2406667 COP. Hobbies declarados: cocina_y_reposteria. Objetivo: comprar equipo de trabajo.,parcial,dentro_del_mvp,nutricion_y_dietetica,22650,Nutricionistas dietistas,22650.014,Nutricionista dietista,principal,variable,si,diseno_audiovisual_y_edicion_de_video,26541.0,"Productores, directores y editores de cine, teatro y afines / Productoras, directoras y editoras de cine, teatro y afines",26541.06,Editor de video / Editora de video,secundaria,variable,si,1,ingreso_variable_declarado,cocina_y_reposteria,,comprar_equipo_de_trabajo,6_a_12_meses,,,actividad_principal:nutricion_y_dietetica | actividad_secundaria:diseno_audiovisual_y_edicion_de_video | hobbies:cocina_y_reposteria | meta:comprar_equipo_de_trabajo | responsabilidad:apoyo_mensual_madre_o_padre | historia:situacion_critica,nutricion_y_dietetica | diseno_audiovisual_y_edicion_de_video | comprar_equipo_de_trabajo,hobbies | responsabilidades,situacion_critica,724022,8909140,si,train,si,fincoach_mvp_estructurado_v2.0,2b9f2de4c1e31daf4210bbbe6ba9c05c99ae30e4b60e543ad00027288a36a3c0,variable,2406667,Nutricionista dietista,Nutricionista dietista,variable,no,,,comprar equipo de trabajo,cocina_y_reposteria,no declarada,credito,18.12,calculado,media
PERF_0183,perfil_estructurado_v2.0,2026-04-01,Colombia,COP,Actividad principal declarada: Disc jockey. Estado de ingreso actual: mixto. Ingreso mensual neto declarado: 4422000 COP. Ingreso adicional: Horticultor / Horticultora. Hobbies declarados: manualidades_y_artesanias | turismo_y_viajes. Objetivo: crear fondo emergencia.,amplia,dentro_del_mvp,musica_y_entretenimiento_dj,26521,Intérpretes musicales,26521.035,Disc jockey,principal,mixto,si,agricultura,61131.0,"Agricultores de huertas, invernaderos, viveros y jardines / Agricultoras de huertas, invernaderos, viveros y jardines",61131.017,Horticultor / Horticultora,secundaria,estacional,si,2,ingresos_mixtos_declarados,manualidades_y_artesanias,turismo_y_viajes,crear_fondo_emergencia,6_meses,medicamentos_de_un_familiar,1.0,actividad_principal:musica_y_entretenimiento_dj | actividad_secundaria:agricultura | hobbies:manualidades_y_artesanias | turismo_y_viajes | meta:crear_fondo_emergencia | responsabilidad:medicamentos_de_un_familiar | historia:acumulacion_estable,musica_y_entretenimiento_dj | agricultura | manualidades_y_artesanias | turismo_y_viajes | crear_fondo_emergencia | medicamentos_de_un_familiar,otras_fuentes_no_declaradas,acumulacion_estable,7353611,0,si,train,si,fincoach_mvp_estructurado_v2.0,bfd4c21fab8771de6bd03b22e7c02262bbece62bdcb12cd94905c27cc13378ff,mixto,4422000,Disc jockey,Disc jockey,mixto,si,Horticultor / Horticultora,variable,crear fondo emergencia,manualidades_y_artesanias | turismo_y_viajes,medicamentos de un familiar,sin_deuda,0.0,calculado,baja
PERF_0184,perfil_estructurado_v2.0,2026-04-01,Colombia,COP,Actividad principal declarada: Ciclista. Estado de ingreso actual: variable. Ingreso mensual neto declarado: 7028333 COP. Hobbies declarados: musica. Objetivo: ampliar actividad economica.,parcial,dentro_del_mvp,deporte_competitivo_ciclismo,34210,Atletas y deportistas,34210.007,Ciclista,principal,variable,si,,,,,,,,no_aplica,1,ingreso_variable_declarado,musica,,ampliar_actividad_economica,6_meses,gastos_de_un_hijo,1.0,actividad_principal:deporte_competitivo_ciclismo | actividad_secundaria:ninguna | hobbies:musica | meta:ampliar_actividad_economica | responsabilidad:gastos_de_un_hijo | historia:equilibrio_sostenible,deporte_competitivo_ciclismo | musica | ampliar_actividad_economica | gastos_de_un_hijo,otras_fuentes_no_declaradas,equilibrio_sostenible,2396570,10861862,si,test,si,fincoach_mvp_estructurado_v2.0,60f93d8f3fd1690b5b7cd9915990e550feae70abc21a80310c94ea40f93bdcc5,variable,7028333,Ciclista,Ciclista,variable,no,,,ampliar actividad economica,musica,gastos de un hijo,credito,5.9,calculado,media
PERF_0185,perfil_estructurado_v2.0,2026-04-01,Colombia,COP,Actividad principal declarada: Repartidor de domicilios / Repartidora de domicilios. Estado de ingreso actual: fijo. Ingreso mensual neto declarado: 500000 COP. Hobbies declarados: fotografia_y_video | ciclismo. Objetivo: ampliar actividad economica.,parcial,dentro_del_mvp,domicilios_mensajeria_y_reparto,96211,"Mandaderos, maleteros y repartidores / Mandaderas, maleteras y repartidoras",96211.011,Repartidor de domicilios / Repartidora de domicilios,principal,estable,si,,,,,,,,no_aplica,1,ingreso_fijo_declarado,fotografia_y_video,ciclismo,ampliar_actividad_economica,6_meses,medicamentos_de_un_familiar,1.0,actividad_principal:domicilios_mensajeria_y_reparto | actividad_secundaria:ninguna | hobbies:fotografia_y_video | ciclismo | meta:ampliar_actividad_economica | responsabilidad:medicamentos_de_un_familiar | historia:variable_resiliente,domicilios_mensajeria_y_reparto | fotografia_y_video | ciclismo | ampliar_actividad_economica | medicamentos_de_un_familiar,otras_fuentes_no_declaradas,variable_resiliente,2726997,9349751,si,test,si,fincoach_mvp_estructurado_v2.0,971d4e9238663cc33cb860cdb6e892685bc866d0c6d7d3cfe309cf920ec8c9cc,fijo,500000,Repartidor de domicilios / Repartidora de domicilios,Repartidor de domicilios / Repartidora de domicilios,fijo,no,,,ampliar actividad economica,fotografia_y_video | ciclismo,medicamentos de un familiar,credito,89.8,calculado,alta
PERF_0186,perfil_estructurado_v2.0,2026-04-01,Colombia,COP,Actividad principal declarada: Vendedor de tienda / Vendedora de tienda. Estado de ingreso actual: mixto. Ingreso mensual neto declarado: 5128333 COP. Ingreso adicional: actividad independiente adicional. Hobbies declarados: videojuegos_y_streaming.,minima,dentro_del_mvp,ventas_al_por_menor,52230,"Vendedores y auxiliares de venta en tiendas, almacenes y afines / Vendedoras y auxiliares de venta en tiendas, almacenes y afines",52230.032,Vendedor de tienda / Vendedora de tienda,principal,mixto,si,,,,,,,,no_aplica,2,ingresos_mixtos_declarados,videojuegos_y_streaming,,,,,,actividad_principal:ventas_al_por_menor | actividad_secundaria:ninguna | hobbies:videojuegos_y_streaming | meta:hacer_viaje | responsabilidad:ninguna_declarada | historia:uso_planificado_reserva,ventas_al_por_menor,hobbies | meta | responsabilidades,uso_planificado_reserva,21390420,1999584,si,test,si,fincoach_mvp_estructurado_v2.0,4196e8eaed0d3dc2a521c4a9418f99b6308c70414c03d19cdc8ba8cbcd4d250f,mixto,5128333,Vendedor de tienda / Vendedora de tienda,Vendedor de tienda / Vendedora de tienda,mixto,si,actividad independiente adicional,variable,no declarado,videojuegos_y_streaming,no declarada,credito,14.7,calculado,baja
PERF_0187,perfil_estructurado_v2.0,2026-04-01,Colombia,COP,Actividad principal declarada: Editor de video / Editora de video. Estado de ingreso actual: sin_ingresos. Hobbies declarados: turismo_y_viajes.,parcial,dentro_del_mvp,diseno_audiovisual_y_edicion_de_video,26541,"Productores, directores y editores de cine, teatro y afines / Productoras, directoras y editoras de cine, teatro y afines",26541.06,Editor de video / Editora de video,principal,sin_ingresos,si,deporte_competitivo_ciclismo,34210.0,Atletas y deportistas,34210.007,Ciclista,secundaria,mixto,no,0,sin_ingresos_declarados,turismo_y_viajes,,,,apoyo_parcial_a_dos_familiares,2.0,actividad_principal:diseno_audiovisual_y_edicion_de_video | actividad_secundaria:deporte_competitivo_ciclismo | hobbies:turismo_y_viajes | meta:comprar_bicicleta | responsabilidad:apoyo_parcial_a_dos_familiares | historia:deterioro_reciente,diseno_audiovisual_y_edicion_de_video | turismo_y_viajes | apoyo_parcial_a_dos_familiares,segunda_actividad_economica | meta,deterioro_reciente,12634952,0,si,test,si,fincoach_mvp_estructurado_v2.0,3b535d7bc1d0f8a03db7d3368c350cd4cc3d889dcae6e10c4633836010da546d,sin_ingresos,0,Editor de video / Editora de video,sin ingresos actualmente; experiencia en Editor de video / Editora de video,sin_ingresos,no,,,no declarado,turismo_y_viajes,apoyo parcial a dos familiares,sin_deuda,0.0,sin_ingresos_sin_pago_observado,nunca
PERF_0188,perfil_estructurado_v2.0,2026-04-01,Colombia,COP,Actividad principal declarada: Docente de educación básica secundaria. Estado de ingreso actual: mixto. Ingreso mensual neto declarado: 5224000 COP. Ingreso adicional: actividad independiente adicional. Hobbies declarados: impresion_3d | cocina_y_reposteria. Objetivo: mejorar vivienda.,parcial,dentro_del_mvp,docencia_y_formacion,23300,Profesores de educación secundaria / Profesoras de educación secundaria,23300.001,Docente de educación básica secundaria,principal,mixto,si,,,,,,,,no_aplica,2,ingresos_mixtos_declarados,impresion_3d,cocina_y_reposteria,mejorar_vivienda,12_meses,,,actividad_principal:docencia_y_formacion | actividad_secundaria:ninguna | hobbies:impresion_3d | cocina_y_reposteria | meta:mejorar_vivienda | responsabilidad:medicamentos_de_un_familiar | historia:fragilidad_sostenida,docencia_y_formacion | impresion_3d | cocina_y_reposteria | mejorar_vivienda,responsabilidades,fragilidad_sostenida,1374468,17152613,si,validation,si,fincoach_mvp_estructurado_v2.0,5bdaa5ff771fe17906cbbfa37d23106e607732cd168207e0eabe15cc8eeea212,mixto,5224000,Docente de educación básica secundaria,Docente de educación básica secundaria,mixto,si,actividad independiente adicional,variable,mejorar vivienda,impresion_3d | cocina_y_reposteria,no declarada,credito,11.97,calculado,alta
PERF_0189,perfil_estructurado_v2.0,2026-04-01,Colombia,COP,Actividad principal declarada: Horticultor / Horticultora. Estado de ingreso actual: mixto. Ingreso mensual neto declarado: 1804000 COP. Ingreso adicional: actividad independiente adicional. Hobbies declarados: jardineria_y_agricultura_urbana | cocina_y_reposteria. Objetivo: mejorar vivienda.,parcial,dentro_del_mvp,agricultura,61131,"Agricultores de huertas, invernaderos, viveros y jardines / Agricultoras de huertas, invernaderos, viveros y jardines",61131.017,Horticultor / Horticultora,principal,mixto,si,,,,,,,,no_aplica,2,ingresos_mixtos_declarados,jardineria_y_agricultura_urbana,cocina_y_reposteria,mejorar_vivienda,12_meses,ninguna_declarada,0.0,actividad_principal:agricultura | actividad_secundaria:ninguna | hobbies:jardineria_y_agricultura_urbana | cocina_y_reposteria | meta:mejorar_vivienda | responsabilidad:ninguna_declarada | historia:situacion_critica,agricultura | jardineria_y_agricultura_urbana | cocina_y_reposteria | mejorar_vivienda | ninguna_declarada,otras_fuentes_no_declaradas,situacion_critica,670062,13035604,si,validation,si,fincoach_mvp_estructurado_v2.0,f46ef188b7816d01a9ff5ed4d8a69a2690ec1c34b02ecfcf58000e90b1008400,mixto,1804000,Horticultor / Horticultora,Horticultor / Horticultora,mixto,si,actividad independiente adicional,variable,mejorar vivienda,jardineria_y_agricultura_urbana | cocina_y_reposteria,ninguna declarada,credito,36.55,calculado,baja
PERF_0190,perfil_estructurado_v2.0,2026-04-01,Colombia,COP,Actividad principal declarada: Barbero / Barbera. Estado de ingreso actual: mixto. Ingreso mensual neto declarado: 6420333 COP. Ingreso adicional: actividad independiente adicional. Hobbies declarados: ciclismo | pintura. Objetivo: comprar equipo de trabajo.,parcial,dentro_del_mvp,peluqueria_y_barberia,51410,Peluqueros / Peluqueras,51410.001,Barbero / Barbera,principal,mixto,si,,,,,,,,no_aplica,2,ingresos_mixtos_declarados,ciclismo,pintura,comprar_equipo_de_trabajo,6_a_12_meses,aporte_hogar_compartido,0.0,actividad_principal:peluqueria_y_barberia | actividad_secundaria:ninguna | hobbies:ciclismo | pintura | meta:comprar_equipo_de_trabajo | responsabilidad:aporte_hogar_compartido | historia:acumulacion_estable,peluqueria_y_barberia | ciclismo | pintura | comprar_equipo_de_trabajo | aporte_hogar_compartido,otras_fuentes_no_declaradas,acumulacion_estable,4246608,6835957,si,train,si,fincoach_mvp_estructurado_v2.0,1ff55246ea2945f17f14cd2b3adc771348738ea065b511fd1c11f1cbc9ed05c2,mixto,6420333,Barbero / Barbera,Barbero / Barbera,mixto,si,actividad independiente adicional,variable,comprar equipo de trabajo,ciclismo | pintura,aporte hogar compartido,credito,3.05,calculado,media
PERF_0191,perfil_estructurado_v2.0,2026-04-01,Colombia,COP,Actividad principal declarada: Ingeniero de software / Ingeniera de software. Estado de ingreso actual: variable. Ingreso mensual neto declarado: 7983333 COP. Hobbies declarados: pintura | manualidades_y_artesanias.,parcial,dentro_del_mvp,ingenieria_y_desarrollo_de_software,25120,Desarrolladores de software / Desarrolladoras de software,25120.031,Ingeniero de software / Ingeniera de software,principal,variable,si,,,,,,,,no_aplica,1,ingreso_variable_declarado,pintura,manualidades_y_artesanias,,,,,actividad_principal:ingenieria_y_desarrollo_de_software | actividad_secundaria:ninguna | hobbies:pintura | manualidades_y_artesanias | meta:pagar_deuda | responsabilidad:medicamentos_de_un_familiar | historia:equilibrio_sostenible,ingenieria_y_desarrollo_de_software | pintura | manualidades_y_artesanias,meta | responsabilidades,equilibrio_sostenible,4069497,1796184,si,validation,si,fincoach_mvp_estructurado_v2.0,dd809d27e592f9c54955ded3de7b1440d35a74054ebabce459a1cf925d1ca6b2,variable,7983333,Ingeniero de software / Ingeniera de software,Ingeniero de software / Ingeniera de software,variable,no,,,no declarado,pintura | manualidades_y_artesanias,no declarada,credito,5.98,calculado,baja
PERF_0192,perfil_estructurado_v2.0,2026-04-01,Colombia,COP,Actividad principal declarada: Nutricionista dietista. Estado de ingreso actual: variable. Ingreso mensual neto declarado: 5147667 COP. Hobbies declarados: cocina_y_reposteria.,parcial,dentro_del_mvp,nutricion_y_dietetica,22650,Nutricionistas dietistas,22650.014,Nutricionista dietista,principal,variable,si,ventas_al_por_menor,52230.0,"Vendedores y auxiliares de venta en tiendas, almacenes y afines / Vendedoras y auxiliares de venta en tiendas, almacenes y afines",52230.032,Vendedor de tienda / Vendedora de tienda,secundaria,mixto,si,1,ingreso_variable_declarado,cocina_y_reposteria,,,,apoyo_mensual_madre_o_padre,1.0,actividad_principal:nutricion_y_dietetica | actividad_secundaria:ventas_al_por_menor | hobbies:cocina_y_reposteria | meta:comprar_equipo_de_trabajo | responsabilidad:apoyo_mensual_madre_o_padre | historia:variable_resiliente,nutricion_y_dietetica | ventas_al_por_menor | cocina_y_reposteria | apoyo_mensual_madre_o_padre,meta,variable_resiliente,13100343,11919121,si,train,si,fincoach_mvp_estructurado_v2.0,deb2e7680ffd07878d250de49ccc4a35ac89d747f665c7529c14b72cffc9ec77,variable,5147667,Nutricionista dietista,Nutricionista dietista,variable,no,,,no declarado,cocina_y_reposteria,apoyo mensual madre o padre,credito,8.39,calculado,media
PERF_0193,perfil_estructurado_v2.0,2026-04-01,Colombia,COP,Actividad principal declarada: Disc jockey. Estado de ingreso actual: variable. Ingreso mensual neto declarado: 3891000 COP. Hobbies declarados: manualidades_y_artesanias | turismo_y_viajes.,parcial,dentro_del_mvp,musica_y_entretenimiento_dj,26521,Intérpretes musicales,26521.035,Disc jockey,principal,variable,si,agricultura,61131.0,"Agricultores de huertas, invernaderos, viveros y jardines / Agricultoras de huertas, invernaderos, viveros y jardines",61131.017,Horticultor / Horticultora,secundaria,estacional,si,1,ingreso_variable_declarado,manualidades_y_artesanias,turismo_y_viajes,,,,,actividad_principal:musica_y_entretenimiento_dj | actividad_secundaria:agricultura | hobbies:manualidades_y_artesanias | turismo_y_viajes | meta:hacer_viaje | responsabilidad:apoyo_parcial_a_dos_familiares | historia:uso_planificado_reserva,musica_y_entretenimiento_dj | agricultura | manualidades_y_artesanias | turismo_y_viajes,meta | responsabilidades,uso_planificado_reserva,11409675,5373079,si,train,si,fincoach_mvp_estructurado_v2.0,1e1378f2bde6f1186fcb47cb8de4a9d33e3df98e915e570d16d1684e3bf4c5dd,variable,3891000,Disc jockey,Disc jockey,variable,no,,,no declarado,manualidades_y_artesanias | turismo_y_viajes,no declarada,credito,7.51,calculado,baja
PERF_0194,perfil_estructurado_v2.0,2026-04-01,Colombia,COP,Actividad principal declarada: Ciclista. Estado de ingreso actual: variable. Ingreso mensual neto declarado: 6810333 COP. Hobbies declarados: musica | manualidades_y_artesanias. Objetivo: ampliar actividad economica.,parcial,dentro_del_mvp,deporte_competitivo_ciclismo,34210,Atletas y deportistas,34210.007,Ciclista,principal,variable,si,,,,,,,,no_aplica,1,ingreso_variable_declarado,musica,manualidades_y_artesanias,ampliar_actividad_economica,6_meses,gastos_de_un_hijo,1.0,actividad_principal:deporte_competitivo_ciclismo | actividad_secundaria:ninguna | hobbies:musica | manualidades_y_artesanias | meta:ampliar_actividad_economica | responsabilidad:gastos_de_un_hijo | historia:deterioro_reciente,deporte_competitivo_ciclismo | musica | manualidades_y_artesanias | ampliar_actividad_economica | gastos_de_un_hijo,otras_fuentes_no_declaradas,deterioro_reciente,3654389,6784325,si,validation,si,fincoach_mvp_estructurado_v2.0,05da7911397bee1c0daa854425a4b54bb80d68cbe931994602c83e6b74d85ef2,variable,6810333,Ciclista,Ciclista,variable,no,,,ampliar actividad economica,musica | manualidades_y_artesanias,gastos de un hijo,credito,15.45,calculado,media
PERF_0195,perfil_estructurado_v2.0,2026-04-01,Colombia,COP,Actividad principal declarada: Repartidor de domicilios / Repartidora de domicilios. Estado de ingreso actual: estacional. Ingreso mensual neto declarado: 2475000 COP. Hobbies declarados: fotografia_y_video | impresion_3d.,parcial,dentro_del_mvp,domicilios_mensajeria_y_reparto,96211,"Mandaderos, maleteros y repartidores / Mandaderas, maleteras y repartidoras",96211.011,Repartidor de domicilios / Repartidora de domicilios,principal,estacional,si,,,,,,,,no_aplica,1,ingreso_estacional_declarado,fotografia_y_video,impresion_3d,,,apoyo_mensual_madre_o_padre,1.0,actividad_principal:domicilios_mensajeria_y_reparto | actividad_secundaria:ninguna | hobbies:fotografia_y_video | impresion_3d | meta:comprar_equipo_de_trabajo | responsabilidad:apoyo_mensual_madre_o_padre | historia:fragilidad_sostenida,domicilios_mensajeria_y_reparto | fotografia_y_video | impresion_3d | apoyo_mensual_madre_o_padre,meta,fragilidad_sostenida,148716,11110135,si,validation,si,fincoach_mvp_estructurado_v2.0,3a7bc2efed968eafe5b3a0c20b88e3f0c0920766c45d7cfb63bd8933fdc32707,estacional,2475000,Repartidor de domicilios / Repartidora de domicilios,Repartidor de domicilios / Repartidora de domicilios,estacional,no,,,no declarado,fotografia_y_video | impresion_3d,apoyo mensual madre o padre,credito,15.19,calculado,baja
PERF_0196,perfil_estructurado_v2.0,2026-04-01,Colombia,COP,Actividad principal declarada: Vendedor de tienda / Vendedora de tienda. Estado de ingreso actual: mixto. Ingreso mensual neto declarado: 3296667 COP. Ingreso adicional: actividad independiente adicional. Hobbies declarados: videojuegos_y_streaming.,parcial,dentro_del_mvp,ventas_al_por_menor,52230,"Vendedores y auxiliares de venta en tiendas, almacenes y afines / Vendedoras y auxiliares de venta en tiendas, almacenes y afines",52230.032,Vendedor de tienda / Vendedora de tienda,principal,mixto,si,,,,,,,,no_aplica,2,ingresos_mixtos_declarados,videojuegos_y_streaming,,,,,,actividad_principal:ventas_al_por_menor | actividad_secundaria:ninguna | hobbies:videojuegos_y_streaming | meta:mejorar_vivienda | responsabilidad:apoyo_mensual_madre_o_padre | historia:situacion_critica,ventas_al_por_menor | videojuegos_y_streaming,meta | responsabilidades,situacion_critica,232889,16228171,si,validation,si,fincoach_mvp_estructurado_v2.0,713552cb17f00f3976cc47014fe6950d24046de19cf376c8400f618366ec1b6c,mixto,3296667,Vendedor de tienda / Vendedora de tienda,Vendedor de tienda / Vendedora de tienda,mixto,si,actividad independiente adicional,variable,no declarado,videojuegos_y_streaming,no declarada,credito,33.67,calculado,media
PERF_0197,perfil_estructurado_v2.0,2026-04-01,Colombia,COP,Actividad principal declarada: Editor de video / Editora de video. Estado de ingreso actual: fijo. Ingreso mensual neto declarado: 860000 COP. Hobbies declarados: turismo_y_viajes. Objetivo: comprar equipo de trabajo.,amplia,dentro_del_mvp,diseno_audiovisual_y_edicion_de_video,26541,"Productores, directores y editores de cine, teatro y afines / Productoras, directoras y editoras de cine, teatro y afines",26541.06,Editor de video / Editora de video,principal,estable,si,nutricion_y_dietetica,22650.0,Nutricionistas dietistas,22650.014,Nutricionista dietista,secundaria,mixto,si,1,ingreso_fijo_declarado,turismo_y_viajes,,comprar_equipo_de_trabajo,6_a_12_meses,ninguna_declarada,0.0,actividad_principal:diseno_audiovisual_y_edicion_de_video | actividad_secundaria:nutricion_y_dietetica | hobbies:turismo_y_viajes | meta:comprar_equipo_de_trabajo | responsabilidad:ninguna_declarada | historia:acumulacion_estable,diseno_audiovisual_y_edicion_de_video | nutricion_y_dietetica | turismo_y_viajes | comprar_equipo_de_trabajo | ninguna_declarada,otras_fuentes_no_declaradas,acumulacion_estable,15958779,11657711,si,validation,si,fincoach_mvp_estructurado_v2.0,4b83618c0f37cff0a7232b15c19e8fcf398f7aaecb4d7e16e421833cbb40f5ac,fijo,860000,Editor de video / Editora de video,Editor de video / Editora de video,fijo,no,,,comprar equipo de trabajo,turismo_y_viajes,ninguna declarada,credito,38.29,calculado,alta
PERF_0198,perfil_estructurado_v2.0,2026-04-01,Colombia,COP,Actividad principal declarada: Docente de educación básica secundaria. Estado de ingreso actual: variable. Ingreso mensual neto declarado: 6736000 COP. Hobbies declarados: impresion_3d | turismo_y_viajes.,parcial,dentro_del_mvp,docencia_y_formacion,23300,Profesores de educación secundaria / Profesoras de educación secundaria,23300.001,Docente de educación básica secundaria,principal,variable,si,,,,,,,,no_aplica,1,ingreso_variable_declarado,impresion_3d,turismo_y_viajes,,,apoyo_mensual_madre_o_padre,1.0,actividad_principal:docencia_y_formacion | actividad_secundaria:ninguna | hobbies:impresion_3d | turismo_y_viajes | meta:ampliar_actividad_economica | responsabilidad:apoyo_mensual_madre_o_padre | historia:equilibrio_sostenible,docencia_y_formacion | apoyo_mensual_madre_o_padre,hobbies | meta,equilibrio_sostenible,1955574,0,si,train,si,fincoach_mvp_estructurado_v2.0,043ea84487ca292f441fafd9f0f1426d534c3fc2f4053b6b9309322127cde6d8,variable,6736000,Docente de educación básica secundaria,Docente de educación básica secundaria,variable,no,,,no declarado,impresion_3d | turismo_y_viajes,apoyo mensual madre o padre,sin_deuda,0.0,calculado,media
PERF_0199,perfil_estructurado_v2.0,2026-04-01,Colombia,COP,Actividad principal declarada: Horticultor / Horticultora. Estado de ingreso actual: variable. Ingreso mensual neto declarado: 5238667 COP. Hobbies declarados: jardineria_y_agricultura_urbana | ciclismo. Objetivo: comprar bicicleta.,parcial,dentro_del_mvp,agricultura,61131,"Agricultores de huertas, invernaderos, viveros y jardines / Agricultoras de huertas, invernaderos, viveros y jardines",61131.017,Horticultor / Horticultora,principal,variable,si,docencia_y_formacion,23300.0,Profesores de educación secundaria / Profesoras de educación secundaria,23300.001,Docente de educación básica secundaria,secundaria,estable,no,1,ingreso_variable_declarado,jardineria_y_agricultura_urbana,ciclismo,comprar_bicicleta,6_meses,aporte_hogar_compartido,0.0,actividad_principal:agricultura | actividad_secundaria:docencia_y_formacion | hobbies:jardineria_y_agricultura_urbana | ciclismo | meta:comprar_bicicleta | responsabilidad:aporte_hogar_compartido | historia:variable_resiliente,agricultura | jardineria_y_agricultura_urbana | ciclismo | comprar_bicicleta | aporte_hogar_compartido,segunda_actividad_economica,variable_resiliente,6824982,3122861,si,validation,si,fincoach_mvp_estructurado_v2.0,2fb2de9249448e7f4f1555c8bf7e68d54dd4ab49a0af4763b1078c52a85f43a9,variable,5238667,Horticultor / Horticultora,Horticultor / Horticultora,variable,no,,,comprar bicicleta,jardineria_y_agricultura_urbana | ciclismo,aporte hogar compartido,credito,4.38,calculado,baja
PERF_0200,perfil_estructurado_v2.0,2026-04-01,Colombia,COP,Actividad principal declarada: Barbero / Barbera. Estado de ingreso actual: fijo. Ingreso mensual neto declarado: 640000 COP. Hobbies declarados: ciclismo. Objetivo: hacer viaje.,parcial,dentro_del_mvp,peluqueria_y_barberia,51410,Peluqueros / Peluqueras,51410.001,Barbero / Barbera,principal,estable,si,musica_y_entretenimiento_dj,26521.0,Intérpretes musicales,26521.035,Disc jockey,secundaria,variable,si,1,ingreso_fijo_declarado,ciclismo,,hacer_viaje,6_a_12_meses,,,actividad_principal:peluqueria_y_barberia | actividad_secundaria:musica_y_entretenimiento_dj | hobbies:ciclismo | meta:hacer_viaje | responsabilidad:gastos_de_un_hijo | historia:uso_planificado_reserva,peluqueria_y_barberia | musica_y_entretenimiento_dj | hacer_viaje,hobbies | responsabilidades,uso_planificado_reserva,11241419,0,si,train,si,fincoach_mvp_estructurado_v2.0,3ab95eeb65dae7f7679e74de926d393e3efb7562a18d83389e30767f9254533b,fijo,640000,Barbero / Barbera,Barbero / Barbera,fijo,no,,,hacer viaje,ciclismo,no declarada,sin_deuda,0.0,calculado,alta
