ventana_id,perfil_id,estado_alcance_mvp,fecha_corte,periodo_desde,periodo_hasta,tipo_ventana,dias_observados,transacciones_observadas,porcentaje_transacciones_clasificables,ingresos_generados,apoyos_recibidos,prestamos_recibidos,devoluciones_y_reembolsos,otros_recursos_recibidos,gastos_totales,gastos_esenciales,gastos_hobbies,inversion_productiva,pagos_deuda,transferencias_propias,liquidez_inicial,liquidez_final,deuda_inicial,deuda_final,actividad_A,balance_operativo_B,presion_deficit_Q,caida_maxima_M,tiempo_sin_recuperar_U_dias,recuperacion_R,curvatura_K,variabilidad_ingresos_V,cobertura_esencial_L_meses,dependencia_externa_X,crecimiento_deuda_J,estado_trayectoria,estado_calculo,calidad_datos,nivel_incertidumbre,factores_positivos,factores_atencion,informacion_faltante,explicacion_periodo,fuente_etiqueta,particion,historia_financiera_controlada,es_sintetico,version_metodologia,version_esquema,huella_registro,ingresos_fijos,ingresos_variables,ingresos_estacionales,periodos_sin_ingreso,gastos_fijos,gastos_variables,pagos_capital,pagos_intereses,nueva_deuda
VEN_0001_1,PERF_0001,dentro_del_mvp,2026-04-30,2026-04-01,2026-04-30,acumulada_30_dias,30,31,93.5484,1350000,0,0,0,0,3534000,2754000,177000,333000,135000,0,1662767,-521233,8031665,7896665,4884000,-2184000,2184000,2764000,25,0.0,0.0,0.0,0.0,0.0,-0.0168,situacion_critica,calculado,alta,baja,evidencia_temporal_disponible,balance_negativo,ninguna_relevante_para_el_periodo,La ventana entre 2026-04-01 y 2026-04-30 muestra un balance de -2184000 COP y una cobertura estimada de 0.00 meses. Este resultado describe el periodo y no a la persona.,historia_controlada_recalculada_v2,train,acumulacion_estable,si,roadmap_14_mvp_estructurado_v2.0,fincoach_mvp_estructurado_v2.0,a932fbc0ed3dcae484576c15a12395435d2dabcfecc0d30a358076e7be5245f1,1350000,0,0,0,2487000,1047000,135000,0,0
VEN_0001_2,PERF_0001,dentro_del_mvp,2026-05-31,2026-04-01,2026-05-31,acumulada_61_dias,61,63,95.2381,6283000,0,0,0,0,7068000,4417000,322000,1516000,389000,33000,1662767,877767,8031665,7642665,13351000,-785000,785000,4260000,56,0.3914,59931.1475,0.5703,0.3974,0.0,-0.0484,fragilidad_sostenida,calculado,alta,baja,evidencia_temporal_disponible,balance_negativo,ninguna_relevante_para_el_periodo,La ventana entre 2026-04-01 y 2026-05-31 muestra un balance de -785000 COP y una cobertura estimada de 0.40 meses. Este resultado describe el periodo y no a la persona.,historia_controlada_recalculada_v2,train,acumulacion_estable,si,roadmap_14_mvp_estructurado_v2.0,fincoach_mvp_estructurado_v2.0,e6d2aec8c515a9a14472e1a362c29ffd296d2efcf9c3054a5e3a6e958b5745ca,6283000,0,0,0,5210000,1858000,389000,0,0
VEN_0001_3,PERF_0001,dentro_del_mvp,2026-06-30,2026-04-01,2026-06-30,acumulada_91_dias,91,96,94.7917,13430000,0,0,0,0,10602000,6811000,598000,1749000,662000,168000,1662767,4490767,8031665,7512665,24032000,2828000,0,4260000,0,1.0,43945.7755,0.5335,1.978,0.0,-0.0646,variable_resiliente,calculado,alta,baja,balance_no_negativo,sin_factor_dominante,ninguna_relevante_para_el_periodo,La ventana entre 2026-04-01 y 2026-06-30 muestra un balance de 2828000 COP y una cobertura estimada de 1.98 meses. Este resultado describe el periodo y no a la persona.,historia_controlada_recalculada_v2,train,acumulacion_estable,si,roadmap_14_mvp_estructurado_v2.0,fincoach_mvp_estructurado_v2.0,6f2f344a0d4e3f950cc9684a926c113b4c78a7aa26cce03a92885581ce58234e,13430000,0,0,0,8272000,2330000,519000,143000,0
VEN_0002_1,PERF_0002,dentro_del_mvp,2026-04-30,2026-04-01,2026-04-30,acumulada_30_dias,30,30,96.6667,1060000,0,0,0,0,3583000,2241000,116000,656000,0,363000,10224606,7701606,3753786,3753786,4643000,-2523000,2523000,2523000,28,0.7532,0.0,0.0,3.4367,0.0,0.0,uso_planificado_reserva,calculado,alta,baja,evidencia_temporal_disponible,balance_negativo,ninguna_relevante_para_el_periodo,La ventana entre 2026-04-01 y 2026-04-30 muestra un balance de -2523000 COP y una cobertura estimada de 3.44 meses. Este resultado describe el periodo y no a la persona.,historia_controlada_recalculada_v2,train,equilibrio_sostenible,si,roadmap_14_mvp_estructurado_v2.0,fincoach_mvp_estructurado_v2.0,52aa931bd24a0b8154789a512d2f7b3e86ad1f14f5759130583d163c3881a4c1,1060000,0,0,0,2564000,1019000,0,0,0
VEN_0002_2,PERF_0002,dentro_del_mvp,2026-05-31,2026-04-01,2026-05-31,acumulada_61_dias,61,61,98.3607,2120000,0,0,0,0,7166000,4303000,348000,1410000,0,363000,10224606,5178606,3753786,3753786,9286000,-5046000,5046000,5046000,59,0.5065,1378.6885,0.0,2.407,0.0,0.0,uso_planificado_reserva,calculado,alta,baja,evidencia_temporal_disponible,balance_negativo,ninguna_relevante_para_el_periodo,La ventana entre 2026-04-01 y 2026-05-31 muestra un balance de -5046000 COP y una cobertura estimada de 2.41 meses. Este resultado describe el periodo y no a la persona.,historia_controlada_recalculada_v2,train,equilibrio_sostenible,si,roadmap_14_mvp_estructurado_v2.0,fincoach_mvp_estructurado_v2.0,1e1bd256ca4f23f018e68dcf873ca493ab0085fa6a1ebc098fc3567f426b17be,2120000,0,0,0,4771000,2395000,0,0,0
VEN_0002_3,PERF_0002,dentro_del_mvp,2026-06-30,2026-04-01,2026-06-30,acumulada_91_dias,91,89,98.8764,3180000,0,0,0,0,10749000,5893000,603000,2273000,0,840000,10224606,2655606,3753786,3753786,13929000,-7569000,7569000,7569000,89,0.2597,-454.5127,0.0,1.3519,0.0,0.0,fragilidad_sostenida,calculado,alta,baja,evidencia_temporal_disponible,balance_negativo,ninguna_relevante_para_el_periodo,La ventana entre 2026-04-01 y 2026-06-30 muestra un balance de -7569000 COP y una cobertura estimada de 1.35 meses. Este resultado describe el periodo y no a la persona.,historia_controlada_recalculada_v2,train,equilibrio_sostenible,si,roadmap_14_mvp_estructurado_v2.0,fincoach_mvp_estructurado_v2.0,4a812ba8c02b76897440a9ed429511e224a06dbea3da81cd96942e5ac902a13d,3180000,0,0,0,7601000,3148000,0,0,0
VEN_0003_1,PERF_0003,dentro_del_mvp,2026-04-30,2026-04-01,2026-04-30,acumulada_30_dias,30,31,96.7742,6091000,0,0,0,0,5971000,3805000,366000,470000,177000,584000,4102250,4222250,8758948,8581948,12062000,120000,0,1887000,2,0.9449,0.0,0.0,1.1097,0.0,-0.0202,equilibrio_sostenible,calculado,alta,baja,balance_no_negativo,sin_factor_dominante,ninguna_relevante_para_el_periodo,La ventana entre 2026-04-01 y 2026-04-30 muestra un balance de 120000 COP y una cobertura estimada de 1.11 meses. Este resultado describe el periodo y no a la persona.,historia_controlada_recalculada_v2,train,variable_resiliente,si,roadmap_14_mvp_estructurado_v2.0,fincoach_mvp_estructurado_v2.0,8645719256d0d9f53492c60f3296fe5581253e01110056594381428127882eb7,6091000,0,0,0,3538000,2433000,177000,0,0
VEN_0003_2,PERF_0003,dentro_del_mvp,2026-05-31,2026-04-01,2026-05-31,acumulada_61_dias,61,65,95.3846,15956000,0,0,0,0,10144000,6481000,940000,915000,354000,740000,4102250,9914250,8758948,8404948,26100000,5812000,0,1887000,6,0.9969,91278.6885,0.2365,3.0595,0.0,-0.0404,variable_resiliente,calculado,alta,baja,balance_no_negativo,sin_factor_dominante,ninguna_relevante_para_el_periodo,La ventana entre 2026-04-01 y 2026-05-31 muestra un balance de 5812000 COP y una cobertura estimada de 3.06 meses. Este resultado describe el periodo y no a la persona.,historia_controlada_recalculada_v2,train,variable_resiliente,si,roadmap_14_mvp_estructurado_v2.0,fincoach_mvp_estructurado_v2.0,bf0f1e90ac4526f4ad676bff59522c1deafb71bfe9f5fc23e42b0e250293c3cd,15956000,0,0,0,7120000,3024000,354000,0,0
VEN_0003_3,PERF_0003,dentro_del_mvp,2026-06-30,2026-04-01,2026-06-30,acumulada_91_dias,91,99,95.9596,26247000,0,0,0,0,14317000,9160000,1394000,1383000,830000,740000,4102250,16032250,8758948,8136948,40564000,11930000,0,1887000,0,1.0,35820.2126,0.2157,5.2507,0.0,-0.071,variable_resiliente,calculado,alta,baja,balance_no_negativo,sin_factor_dominante,ninguna_relevante_para_el_periodo,La ventana entre 2026-04-01 y 2026-06-30 muestra un balance de 11930000 COP y una cobertura estimada de 5.25 meses. Este resultado describe el periodo y no a la persona.,historia_controlada_recalculada_v2,train,variable_resiliente,si,roadmap_14_mvp_estructurado_v2.0,fincoach_mvp_estructurado_v2.0,a482b32d0f27462b1099cbdeed730488b28bc96ba0cc7eb8b2b3a40e42bbef79,26247000,0,0,0,10244000,4073000,622000,208000,0
VEN_0004_1,PERF_0004,dentro_del_mvp,2026-04-30,2026-04-01,2026-04-30,acumulada_30_dias,30,33,100.0,10975000,0,0,0,0,5860000,3456000,270000,1212000,193000,372000,22524685,27639685,17967899,17967899,16835000,5115000,0,2863000,0,1.0,0.0,0.0,7.9976,0.0,0.0,acumulacion_estable,calculado,alta,baja,balance_no_negativo,sin_factor_dominante,ninguna_relevante_para_el_periodo,La ventana entre 2026-04-01 y 2026-04-30 muestra un balance de 5115000 COP y una cobertura estimada de 8.00 meses. Este resultado describe el periodo y no a la persona.,historia_controlada_recalculada_v2,train,uso_planificado_reserva,si,roadmap_14_mvp_estructurado_v2.0,fincoach_mvp_estructurado_v2.0,8dabca93ffc541f0a295a0fce733a1fa6df199e8f68abf5cfec2cbb5c84877fd,10178000,797000,0,0,3874000,1986000,0,193000,0
VEN_0004_2,PERF_0004,dentro_del_mvp,2026-05-31,2026-04-01,2026-05-31,acumulada_61_dias,61,66,98.4848,16757000,0,0,0,0,21270000,12245000,1628000,3049000,1605000,1085000,22524685,18011685,17967899,17208899,38027000,-4513000,4513000,12469000,32,0.6517,-244483.6066,0.3099,2.9419,0.0,-0.0422,deterioro_reciente,calculado,alta,baja,evidencia_temporal_disponible,balance_negativo,ninguna_relevante_para_el_periodo,La ventana entre 2026-04-01 y 2026-05-31 muestra un balance de -4513000 COP y una cobertura estimada de 2.94 meses. Este resultado describe el periodo y no a la persona.,historia_controlada_recalculada_v2,train,uso_planificado_reserva,si,roadmap_14_mvp_estructurado_v2.0,fincoach_mvp_estructurado_v2.0,c95db4d8c8f9753ca981a74a1bec9bdfb28519bae48bba2cf5a7377b5d322c61,15960000,797000,0,0,14726000,6544000,759000,846000,0
VEN_0004_3,PERF_0004,dentro_del_mvp,2026-06-30,2026-04-01,2026-06-30,acumulada_91_dias,91,98,97.9592,23686000,0,0,0,0,36680000,20557000,3682000,3709000,2582000,3050000,22524685,9530685,17967899,17208899,60366000,-12994000,12994000,18109000,62,0.3448,-68807.6022,0.2821,1.3909,0.0,-0.0422,deterioro_reciente,calculado,alta,baja,evidencia_temporal_disponible,balance_negativo,ninguna_relevante_para_el_periodo,La ventana entre 2026-04-01 y 2026-06-30 muestra un balance de -12994000 COP y una cobertura estimada de 1.39 meses. Este resultado describe el periodo y no a la persona.,historia_controlada_recalculada_v2,train,uso_planificado_reserva,si,roadmap_14_mvp_estructurado_v2.0,fincoach_mvp_estructurado_v2.0,105528a1f8001b5a6ef581a3c3897624537c6273186a7e01094fe6ffe7bb81e6,22341000,1345000,0,0,24196000,12484000,759000,1823000,0
VEN_0005_1,PERF_0005,dentro_del_mvp,2026-04-30,2026-04-01,2026-04-30,acumulada_30_dias,30,24,95.8333,500000,0,0,0,0,3175000,1819000,266000,643000,184000,0,6806139,4131139,4450913,4266913,3675000,-2675000,2675000,2675000,29,0.607,0.0,0.0,2.2711,0.0,-0.0413,uso_planificado_reserva,calculado,alta,baja,evidencia_temporal_disponible,balance_negativo,ninguna_relevante_para_el_periodo,La ventana entre 2026-04-01 y 2026-04-30 muestra un balance de -2675000 COP y una cobertura estimada de 2.27 meses. Este resultado describe el periodo y no a la persona.,historia_controlada_recalculada_v2,train,deterioro_reciente,si,roadmap_14_mvp_estructurado_v2.0,fincoach_mvp_estructurado_v2.0,fabc48b03b743fe3e0b07151c9563cf618a8377793b328109d8673ceda05c7a1,500000,0,0,0,1983000,1192000,184000,0,0
VEN_0005_2,PERF_0005,dentro_del_mvp,2026-05-31,2026-04-01,2026-05-31,acumulada_61_dias,61,45,95.5556,1000000,0,0,0,0,6350000,4059000,266000,1116000,355000,60000,6806139,1456139,4450913,4266913,7350000,-5350000,5350000,5350000,60,0.2139,1461.7486,0.0,0.7175,0.0,-0.0413,fragilidad_sostenida,calculado,alta,baja,evidencia_temporal_disponible,balance_negativo,ninguna_relevante_para_el_periodo,La ventana entre 2026-04-01 y 2026-05-31 muestra un balance de -5350000 COP y una cobertura estimada de 0.72 meses. Este resultado describe el periodo y no a la persona.,historia_controlada_recalculada_v2,train,deterioro_reciente,si,roadmap_14_mvp_estructurado_v2.0,fincoach_mvp_estructurado_v2.0,dd9c73ee3a824696c422f904e1c7853c049250133534e40c62c77e53ab507978,1000000,0,0,0,4052000,2298000,184000,171000,0
VEN_0005_3,PERF_0005,dentro_del_mvp,2026-06-30,2026-04-01,2026-06-30,acumulada_91_dias,91,65,95.3846,1500000,0,0,120000,0,10962000,7359000,651000,1587000,355000,60000,6806139,-2535861,4450913,4266913,12462000,-9462000,9462000,9462000,90,0.0,-16273.1039,0.0,0.0,0.0,-0.0413,situacion_critica,calculado,alta,baja,evidencia_temporal_disponible,balance_negativo,ninguna_relevante_para_el_periodo,La ventana entre 2026-04-01 y 2026-06-30 muestra un balance de -9462000 COP y una cobertura estimada de 0.00 meses. Este resultado describe el periodo y no a la persona.,historia_controlada_recalculada_v2,train,deterioro_reciente,si,roadmap_14_mvp_estructurado_v2.0,fincoach_mvp_estructurado_v2.0,ebb64609edae74a2a7bc994d986fe8a17d46ca152e47f29557ad72ec72095f38,1500000,120000,0,0,6828000,4134000,184000,171000,0
VEN_0006_1,PERF_0006,dentro_del_mvp,2026-04-30,2026-04-01,2026-04-30,acumulada_30_dias,30,26,100.0,0,500000,0,0,0,7996000,4480000,709000,1955000,281000,0,1430442,-6065558,13237229,13237229,8496000,-7496000,7496000,7496000,28,0.0,0.0,0.0,0.0,1.0,0.0,situacion_critica,calculado,alta,baja,evidencia_temporal_disponible,balance_negativo,motivo_de_periodos_sin_ingreso,La ventana entre 2026-04-01 y 2026-04-30 muestra un balance de -7496000 COP y una cobertura estimada de 0.00 meses. Este resultado describe el periodo y no a la persona.,historia_controlada_recalculada_v2,train,fragilidad_sostenida,si,roadmap_14_mvp_estructurado_v2.0,fincoach_mvp_estructurado_v2.0,af2b0a979caad753cd43bdc6a663dfc5bc9043ea578a4e120248b0a23ac04546,500000,0,0,1,5019000,2977000,0,281000,0
VEN_0006_2,PERF_0006,dentro_del_mvp,2026-05-31,2026-04-01,2026-05-31,acumulada_61_dias,61,47,97.8723,0,1000000,680000,0,0,18202000,9357000,1233000,2742000,1318000,413000,1430442,-15091558,13237229,13569229,19202000,-17202000,17202000,17202000,59,0.0,-32133.3333,0.0,0.0,1.0,0.0251,situacion_critica,calculado,alta,baja,evidencia_temporal_disponible,balance_negativo,motivo_de_periodos_sin_ingreso,La ventana entre 2026-04-01 y 2026-05-31 muestra un balance de -17202000 COP y una cobertura estimada de 0.00 meses. Este resultado describe el periodo y no a la persona.,historia_controlada_recalculada_v2,train,fragilidad_sostenida,si,roadmap_14_mvp_estructurado_v2.0,fincoach_mvp_estructurado_v2.0,144eae6f8e889fd153fbbcfb44117af27dc49d37f1b09237e33869c8f5808163,1680000,0,0,2,12814000,5388000,348000,970000,680000
VEN_0006_3,PERF_0006,dentro_del_mvp,2026-06-30,2026-04-01,2026-06-30,acumulada_91_dias,91,70,98.5714,0,1500000,1360000,0,0,28408000,17046000,2054000,2742000,1956000,413000,1430442,-24117558,13237229,13611229,29908000,-26908000,26908000,25548000,89,0.0,-13692.3077,0.0,0.0,1.0,0.0283,situacion_critica,calculado,alta,baja,evidencia_temporal_disponible,balance_negativo,motivo_de_periodos_sin_ingreso,La ventana entre 2026-04-01 y 2026-06-30 muestra un balance de -26908000 COP y una cobertura estimada de 0.00 meses. Este resultado describe el periodo y no a la persona.,historia_controlada_recalculada_v2,train,fragilidad_sostenida,si,roadmap_14_mvp_estructurado_v2.0,fincoach_mvp_estructurado_v2.0,adb394b22cd5d900bb0d2e5daa61d89a27474a34897049cc373449e29328e899,2860000,0,0,3,19104000,9304000,986000,970000,1360000
VEN_0007_1,PERF_0007,dentro_del_mvp,2026-04-30,2026-04-01,2026-04-30,acumulada_30_dias,30,24,100.0,0,500000,674000,0,0,10116000,5106000,719000,2810000,562000,0,1539316,-7402684,9167711,9841711,10616000,-9616000,9616000,8942000,29,0.0,0.0,0.0,0.0,1.0,0.0735,situacion_critica,calculado,alta,baja,evidencia_temporal_disponible,balance_negativo,motivo_de_periodos_sin_ingreso,La ventana entre 2026-04-01 y 2026-04-30 muestra un balance de -9616000 COP y una cobertura estimada de 0.00 meses. Este resultado describe el periodo y no a la persona.,historia_controlada_recalculada_v2,train,situacion_critica,si,roadmap_14_mvp_estructurado_v2.0,fincoach_mvp_estructurado_v2.0,2bdafea7c663965b0b12d73a738ea1d183623352db118d8ea45929bb53788385,1174000,0,0,1,5879000,4237000,0,562000,674000
VEN_0007_2,PERF_0007,dentro_del_mvp,2026-05-31,2026-04-01,2026-05-31,acumulada_61_dias,61,44,97.7273,0,1000000,1910000,0,0,22891000,13079000,1239000,3689000,2167000,680000,1539316,-18441684,9167711,9472711,23891000,-21891000,21891000,19981000,60,0.0,-38335.5191,0.0,0.0,1.0,0.0333,situacion_critica,calculado,alta,baja,evidencia_temporal_disponible,balance_negativo,motivo_de_periodos_sin_ingreso,La ventana entre 2026-04-01 y 2026-05-31 muestra un balance de -21891000 COP y una cobertura estimada de 0.00 meses. Este resultado describe el periodo y no a la persona.,historia_controlada_recalculada_v2,train,situacion_critica,si,roadmap_14_mvp_estructurado_v2.0,fincoach_mvp_estructurado_v2.0,fe803b418d560fe4b09a3e6bdb2bebd52d912cea3e5b982444238623e4df553f,2910000,0,0,2,14196000,8695000,1605000,562000,1910000
VEN_0007_3,PERF_0007,dentro_del_mvp,2026-06-30,2026-04-01,2026-06-30,acumulada_91_dias,91,64,98.4375,0,1500000,3146000,0,0,35666000,20407000,2006000,6132000,2751000,2104000,1539316,-29480684,9167711,10708711,37166000,-34166000,34166000,32256000,90,0.0,-16581.697,0.0,0.0,1.0,0.1681,situacion_critica,calculado,alta,baja,evidencia_temporal_disponible,balance_negativo,motivo_de_periodos_sin_ingreso,La ventana entre 2026-04-01 y 2026-06-30 muestra un balance de -34166000 COP y una cobertura estimada de 0.00 meses. Este resultado describe el periodo y no a la persona.,historia_controlada_recalculada_v2,train,situacion_critica,si,roadmap_14_mvp_estructurado_v2.0,fincoach_mvp_estructurado_v2.0,0db83b76dff0841a1f340afcb470cd4c9b5d293970888d3d06f5d5ff214576e6,4646000,0,0,3,22097000,13569000,1605000,1146000,3146000
VEN_0008_1,PERF_0008,dentro_del_mvp,2026-04-30,2026-04-01,2026-04-30,acumulada_30_dias,30,25,100.0,510000,0,0,0,0,4256000,2302000,169000,609000,404000,426000,12785018,9039018,3190706,3190706,4766000,-3746000,3746000,3746000,28,0.707,0.0,0.0,3.9266,0.0,0.0,uso_planificado_reserva,calculado,alta,baja,evidencia_temporal_disponible,balance_negativo,ninguna_relevante_para_el_periodo,La ventana entre 2026-04-01 y 2026-04-30 muestra un balance de -3746000 COP y una cobertura estimada de 3.93 meses. Este resultado describe el periodo y no a la persona.,historia_controlada_recalculada_v2,train,acumulacion_estable,si,roadmap_14_mvp_estructurado_v2.0,fincoach_mvp_estructurado_v2.0,11d32121ca49e00d181f2a09f64573c6540b55a7edf628f8331f363389c616ca,510000,0,0,0,3113000,1143000,0,404000,0
VEN_0008_2,PERF_0008,dentro_del_mvp,2026-05-31,2026-04-01,2026-05-31,acumulada_61_dias,61,53,98.1132,1020000,0,0,0,0,8512000,5002000,428000,609000,803000,734000,12785018,5293018,3190706,3028706,9532000,-7492000,7492000,7492000,59,0.414,2046.9945,0.0,2.1164,0.0,-0.0508,fragilidad_sostenida,calculado,alta,baja,evidencia_temporal_disponible,balance_negativo,ninguna_relevante_para_el_periodo,La ventana entre 2026-04-01 y 2026-05-31 muestra un balance de -7492000 COP y una cobertura estimada de 2.12 meses. Este resultado describe el periodo y no a la persona.,historia_controlada_recalculada_v2,train,acumulacion_estable,si,roadmap_14_mvp_estructurado_v2.0,fincoach_mvp_estructurado_v2.0,d7dca172edc5e29c81438d17b91564886985cb05e4b4142011ea100432655c0e,1020000,0,0,0,5941000,2571000,162000,641000,0
VEN_0008_3,PERF_0008,dentro_del_mvp,2026-06-30,2026-04-01,2026-06-30,acumulada_91_dias,91,77,97.4026,1530000,0,0,30000,0,12768000,7858000,952000,1145000,932000,807000,12785018,1577018,3190706,2899706,14298000,-11238000,11238000,11208000,89,0.1233,-674.8334,0.0,0.6021,0.0,-0.0912,fragilidad_sostenida,calculado,alta,baja,evidencia_temporal_disponible,balance_negativo,ninguna_relevante_para_el_periodo,La ventana entre 2026-04-01 y 2026-06-30 muestra un balance de -11238000 COP y una cobertura estimada de 0.60 meses. Este resultado describe el periodo y no a la persona.,historia_controlada_recalculada_v2,train,acumulacion_estable,si,roadmap_14_mvp_estructurado_v2.0,fincoach_mvp_estructurado_v2.0,a9abf6f2cea401dace06d23558d1a439575538394228797401c70f50c07f7e63,1530000,30000,0,0,8577000,4191000,291000,641000,0
VEN_0009_1,PERF_0009,dentro_del_mvp,2026-04-30,2026-04-01,2026-04-30,acumulada_30_dias,30,33,100.0,4015000,0,0,0,0,3942000,2186000,247000,722000,442000,105000,4075186,4148186,6129906,5955906,7957000,73000,0,1809000,5,0.8816,0.0,0.0,1.8976,0.0,-0.0284,equilibrio_sostenible,calculado,alta,baja,balance_no_negativo,sin_factor_dominante,ninguna_relevante_para_el_periodo,La ventana entre 2026-04-01 y 2026-04-30 muestra un balance de 73000 COP y una cobertura estimada de 1.90 meses. Este resultado describe el periodo y no a la persona.,historia_controlada_recalculada_v2,train,equilibrio_sostenible,si,roadmap_14_mvp_estructurado_v2.0,fincoach_mvp_estructurado_v2.0,ba7f4aa229927a662fa6b27f3c12fa4ced4950cda398022bce009a24eb9f8c8a,4015000,0,0,0,3332000,610000,174000,268000,0
VEN_0009_2,PERF_0009,dentro_del_mvp,2026-05-31,2026-04-01,2026-05-31,acumulada_61_dias,61,65,95.3846,8199000,0,0,0,0,7884000,3802000,733000,1438000,559000,380000,4075186,4390186,6129906,5955906,16083000,315000,0,2265000,29,0.7959,2730.6011,0.0206,2.3094,0.0,-0.0284,equilibrio_sostenible,calculado,alta,baja,balance_no_negativo,sin_factor_dominante,ninguna_relevante_para_el_periodo,La ventana entre 2026-04-01 y 2026-05-31 muestra un balance de 315000 COP y una cobertura estimada de 2.31 meses. Este resultado describe el periodo y no a la persona.,historia_controlada_recalculada_v2,train,equilibrio_sostenible,si,roadmap_14_mvp_estructurado_v2.0,fincoach_mvp_estructurado_v2.0,54283b26d7ce811fd22941b2ef3c636d47e9b886dfffb56a7488c15f3cd54e59,8110000,89000,0,0,6547000,1337000,174000,385000,0
VEN_0009_3,PERF_0009,dentro_del_mvp,2026-06-30,2026-04-01,2026-06-30,acumulada_91_dias,91,97,96.9072,12695000,0,0,0,0,11826000,6376000,1041000,2113000,559000,420000,4075186,4944186,6129906,5955906,24521000,869000,0,2265000,15,0.7967,4385.5161,0.0471,2.3263,0.0,-0.0284,equilibrio_sostenible,calculado,alta,baja,balance_no_negativo,sin_factor_dominante,ninguna_relevante_para_el_periodo,La ventana entre 2026-04-01 y 2026-06-30 muestra un balance de 869000 COP y una cobertura estimada de 2.33 meses. Este resultado describe el periodo y no a la persona.,historia_controlada_recalculada_v2,train,equilibrio_sostenible,si,roadmap_14_mvp_estructurado_v2.0,fincoach_mvp_estructurado_v2.0,c3ff0c48f1e6cb736688017ab6f1d137cb07866edbfb9b06c88c1c1b79ac255d,12606000,89000,0,0,9564000,2262000,174000,385000,0
VEN_0010_1,PERF_0010,dentro_del_mvp,2026-04-30,2026-04-01,2026-04-30,acumulada_30_dias,30,32,93.75,4525000,0,0,0,0,3893000,2024000,443000,857000,176000,132000,7460242,8092242,8032317,7856317,8418000,632000,0,1311000,16,0.8788,0.0,0.0,3.9981,0.0,-0.0219,acumulacion_estable,calculado,alta,baja,balance_no_negativo,sin_factor_dominante,ninguna_relevante_para_el_periodo,La ventana entre 2026-04-01 y 2026-04-30 muestra un balance de 632000 COP y una cobertura estimada de 4.00 meses. Este resultado describe el periodo y no a la persona.,historia_controlada_recalculada_v2,train,variable_resiliente,si,roadmap_14_mvp_estructurado_v2.0,fincoach_mvp_estructurado_v2.0,df723aba0812815aa125a6b0d57ac23b02bda5e5153d27eb5b4562f4e49153c8,4349000,176000,0,0,2695000,1198000,176000,0,0
VEN_0010_2,PERF_0010,dentro_del_mvp,2026-05-31,2026-04-01,2026-05-31,acumulada_61_dias,61,64,93.75,7468000,0,0,120000,0,9108000,5406000,881000,1798000,320000,132000,7460242,5940242,8032317,7856317,16576000,-1640000,1640000,3360000,47,0.6451,-47951.9126,0.2118,2.1976,0.0,-0.0219,uso_planificado_reserva,calculado,alta,baja,evidencia_temporal_disponible,balance_negativo,ninguna_relevante_para_el_periodo,La ventana entre 2026-04-01 y 2026-05-31 muestra un balance de -1640000 COP y una cobertura estimada de 2.20 meses. Este resultado describe el periodo y no a la persona.,historia_controlada_recalculada_v2,train,variable_resiliente,si,roadmap_14_mvp_estructurado_v2.0,fincoach_mvp_estructurado_v2.0,28ec8cb27790dbfa746241f4f3c2d85e0cdf722d10655c91d7e132881c2fd054,7292000,296000,0,0,6258000,2850000,176000,144000,0
VEN_0010_3,PERF_0010,dentro_del_mvp,2026-06-30,2026-04-01,2026-06-30,acumulada_91_dias,91,95,94.7368,13297000,425000,0,120000,0,11829000,6977000,1046000,2066000,435000,378000,7460242,9473242,8032317,7741317,25551000,1893000,0,4278000,4,0.9845,47687.4437,0.2662,4.0733,0.0307,-0.0362,variable_resiliente,calculado,alta,baja,balance_no_negativo,sin_factor_dominante,ninguna_relevante_para_el_periodo,La ventana entre 2026-04-01 y 2026-06-30 muestra un balance de 1893000 COP y una cobertura estimada de 4.07 meses. Este resultado describe el periodo y no a la persona.,historia_controlada_recalculada_v2,train,variable_resiliente,si,roadmap_14_mvp_estructurado_v2.0,fincoach_mvp_estructurado_v2.0,5f1f7d0a94099fe146ce69941554b159129cc0c91b14e3432b683b2adf96de9b,13121000,721000,0,0,8178000,3651000,291000,144000,0
VEN_0011_1,PERF_0011,dentro_del_mvp,2026-04-30,2026-04-01,2026-04-30,acumulada_30_dias,30,30,93.3333,12265000,0,0,0,0,7212000,4946000,112000,882000,0,592000,24683766,29736766,0,0,19477000,5053000,0,2045000,8,0.9357,0.0,0.0,6.0123,0.0,0.0,acumulacion_estable,calculado,alta,baja,balance_no_negativo,sin_factor_dominante,ninguna_relevante_para_el_periodo,La ventana entre 2026-04-01 y 2026-04-30 muestra un balance de 5053000 COP y una cobertura estimada de 6.01 meses. Este resultado describe el periodo y no a la persona.,historia_controlada_recalculada_v2,train,uso_planificado_reserva,si,roadmap_14_mvp_estructurado_v2.0,fincoach_mvp_estructurado_v2.0,91d433dc63bf4d1026e0677ea7c14f3f0afcbfc1bd4940c45e0f06d1610bcb10,12265000,0,0,0,4925000,2287000,0,0,0
VEN_0011_2,PERF_0011,dentro_del_mvp,2026-05-31,2026-04-01,2026-05-31,acumulada_61_dias,61,60,95.0,19914000,464000,0,0,0,26180000,14613000,350000,5036000,0,2370000,24683766,18881766,0,0,46558000,-5802000,5802000,14015000,39,0.5941,-263548.0874,0.2318,2.5842,0.0228,0.0,deterioro_reciente,calculado,alta,baja,evidencia_temporal_disponible,balance_negativo,ninguna_relevante_para_el_periodo,La ventana entre 2026-04-01 y 2026-05-31 muestra un balance de -5802000 COP y una cobertura estimada de 2.58 meses. Este resultado describe el periodo y no a la persona.,historia_controlada_recalculada_v2,train,uso_planificado_reserva,si,roadmap_14_mvp_estructurado_v2.0,fincoach_mvp_estructurado_v2.0,7f8b10382ab6d116f00b42c408ddf9e1ad147a7309edee19cf2444e0b06f60f2,19914000,464000,0,0,15915000,10265000,0,0,0
VEN_0011_3,PERF_0011,dentro_del_mvp,2026-06-30,2026-04-01,2026-06-30,acumulada_91_dias,91,90,94.4444,27649000,464000,0,0,0,45148000,27876000,1231000,6802000,0,3411000,24683766,7648766,0,0,73261000,-17035000,17035000,24133000,69,0.2407,-92083.0481,0.2339,0.8232,0.0165,0.0,deterioro_reciente,calculado,alta,baja,evidencia_temporal_disponible,balance_negativo,ninguna_relevante_para_el_periodo,La ventana entre 2026-04-01 y 2026-06-30 muestra un balance de -17035000 COP y una cobertura estimada de 0.82 meses. Este resultado describe el periodo y no a la persona.,historia_controlada_recalculada_v2,train,uso_planificado_reserva,si,roadmap_14_mvp_estructurado_v2.0,fincoach_mvp_estructurado_v2.0,d43149f3f97d12158f016a8d65c15cf89f75b7d14727342bae531506e0c8aeba,27649000,464000,0,0,27805000,17343000,0,0,0
VEN_0012_1,PERF_0012,dentro_del_mvp,2026-04-30,2026-04-01,2026-04-30,acumulada_30_dias,30,29,96.5517,1020000,421000,0,0,0,4029000,2141000,479000,820000,185000,219000,10893628,8305628,4926817,4741817,5470000,-2588000,2588000,2588000,29,0.7624,0.0,0.0,3.8793,0.2922,-0.0375,uso_planificado_reserva,calculado,alta,baja,evidencia_temporal_disponible,balance_negativo,ninguna_relevante_para_el_periodo,La ventana entre 2026-04-01 y 2026-04-30 muestra un balance de -2588000 COP y una cobertura estimada de 3.88 meses. Este resultado describe el periodo y no a la persona.,historia_controlada_recalculada_v2,validation,deterioro_reciente,si,roadmap_14_mvp_estructurado_v2.0,fincoach_mvp_estructurado_v2.0,73663938388f138ed057f8f5c9d7d7cbe21bd46afc108a622fa014b191d1ca16,1020000,421000,0,0,2742000,1287000,185000,0,0
VEN_0012_2,PERF_0012,dentro_del_mvp,2026-05-31,2026-04-01,2026-05-31,acumulada_61_dias,61,61,98.3607,6037000,421000,0,0,0,8058000,4560000,801000,1230000,364000,506000,10893628,9293628,4926817,4741817,14516000,-1600000,1600000,4005000,60,0.8531,60037.1585,0.6621,4.0762,0.0652,-0.0375,uso_planificado_reserva,calculado,alta,baja,evidencia_temporal_disponible,balance_negativo,ninguna_relevante_para_el_periodo,La ventana entre 2026-04-01 y 2026-05-31 muestra un balance de -1600000 COP y una cobertura estimada de 4.08 meses. Este resultado describe el periodo y no a la persona.,historia_controlada_recalculada_v2,validation,deterioro_reciente,si,roadmap_14_mvp_estructurado_v2.0,fincoach_mvp_estructurado_v2.0,6d129a986cb9b8c6cf5cf62aae8f6a9e7fbcc3ce572620859481f820a45e4039,6037000,421000,0,0,4794000,3264000,185000,179000,0
VEN_0012_3,PERF_0012,dentro_del_mvp,2026-06-30,2026-04-01,2026-06-30,acumulada_91_dias,91,93,98.9247,10096000,703000,0,0,0,13911000,7396000,1000000,3299000,364000,941000,10893628,7781628,4926817,4741817,24710000,-3112000,3112000,4005000,90,0.7143,-7968.294,0.5063,3.1564,0.0651,-0.0375,uso_planificado_reserva,calculado,alta,baja,evidencia_temporal_disponible,balance_negativo,ninguna_relevante_para_el_periodo,La ventana entre 2026-04-01 y 2026-06-30 muestra un balance de -3112000 COP y una cobertura estimada de 3.16 meses. Este resultado describe el periodo y no a la persona.,historia_controlada_recalculada_v2,validation,deterioro_reciente,si,roadmap_14_mvp_estructurado_v2.0,fincoach_mvp_estructurado_v2.0,cefc5a04660f25ffa318e4eae2f13da456c93933f3de779a39cc6dfe88347cb3,10096000,703000,0,0,9449000,4462000,185000,179000,0
VEN_0013_1,PERF_0013,dentro_del_mvp,2026-04-30,2026-04-01,2026-04-30,acumulada_30_dias,30,34,94.1176,3517000,0,0,0,0,6854000,4504000,688000,751000,0,467000,311051,-3025949,10672528,10672528,10371000,-3337000,3337000,3732000,29,0.0,0.0,0.0,0.0,0.0,0.0,situacion_critica,calculado,alta,baja,evidencia_temporal_disponible,balance_negativo,ninguna_relevante_para_el_periodo,La ventana entre 2026-04-01 y 2026-04-30 muestra un balance de -3337000 COP y una cobertura estimada de 0.00 meses. Este resultado describe el periodo y no a la persona.,historia_controlada_recalculada_v2,train,fragilidad_sostenida,si,roadmap_14_mvp_estructurado_v2.0,fincoach_mvp_estructurado_v2.0,2fff590aec5c18e7cba344175953947daf8dd51f7557b6750e5e0c6a1103d94e,3517000,0,0,0,4066000,2788000,0,0,0
VEN_0013_2,PERF_0013,dentro_del_mvp,2026-05-31,2026-04-01,2026-05-31,acumulada_61_dias,61,67,95.5224,6610000,0,0,260000,0,15602000,9407000,1789000,1171000,318000,885000,311051,-8420949,10672528,10672528,22212000,-8992000,8992000,9178000,60,0.0,-36176.5027,0.0641,0.0,0.0,0.0,situacion_critica,calculado,alta,baja,evidencia_temporal_disponible,balance_negativo,ninguna_relevante_para_el_periodo,La ventana entre 2026-04-01 y 2026-05-31 muestra un balance de -8992000 COP y una cobertura estimada de 0.00 meses. Este resultado describe el periodo y no a la persona.,historia_controlada_recalculada_v2,train,fragilidad_sostenida,si,roadmap_14_mvp_estructurado_v2.0,fincoach_mvp_estructurado_v2.0,9fe51e51f997fae422ccb14dc25779605e2e250633532d2822dd16078157de4d,6610000,260000,0,0,9616000,5986000,0,318000,0
VEN_0013_3,PERF_0013,dentro_del_mvp,2026-06-30,2026-04-01,2026-06-30,acumulada_91_dias,91,100,97.0,9755000,0,583000,260000,0,24350000,13950000,2108000,3716000,678000,979000,311051,-13440949,10672528,10895528,34105000,-14595000,14595000,14219000,90,0.0,-12974.7793,0.0581,0.0,0.055,0.0209,situacion_critica,calculado,alta,baja,evidencia_temporal_disponible,balance_negativo,ninguna_relevante_para_el_periodo,La ventana entre 2026-04-01 y 2026-06-30 muestra un balance de -14595000 COP y una cobertura estimada de 0.00 meses. Este resultado describe el periodo y no a la persona.,historia_controlada_recalculada_v2,train,fragilidad_sostenida,si,roadmap_14_mvp_estructurado_v2.0,fincoach_mvp_estructurado_v2.0,451013bacb690886ac8501573f1a76e8208fb7bb7aaf41bac781b8f675bfbf75,9755000,843000,0,0,13584000,10766000,360000,318000,583000
VEN_0014_1,PERF_0014,dentro_del_mvp,2026-04-30,2026-04-01,2026-04-30,acumulada_30_dias,30,30,100.0,2145000,0,634000,280000,0,9504000,4508000,825000,1668000,1205000,672000,251250,-6193750,18555669,18962669,11649000,-7359000,7359000,6445000,29,0.0,0.0,0.0,0.0,0.2073,0.0219,situacion_critica,calculado,alta,baja,evidencia_temporal_disponible,balance_negativo,ninguna_relevante_para_el_periodo,La ventana entre 2026-04-01 y 2026-04-30 muestra un balance de -7359000 COP y una cobertura estimada de 0.00 meses. Este resultado describe el periodo y no a la persona.,historia_controlada_recalculada_v2,train,situacion_critica,si,roadmap_14_mvp_estructurado_v2.0,fincoach_mvp_estructurado_v2.0,ecc03193e2f5814c7427d975c693af300626ea7230549135b8f840542899c9e5,2779000,280000,0,0,6625000,2879000,227000,978000,634000
VEN_0014_2,PERF_0014,dentro_del_mvp,2026-05-31,2026-04-01,2026-05-31,acumulada_61_dias,61,63,98.4127,5256000,0,1796000,280000,0,21506000,11386000,1737000,3962000,1205000,1038000,251250,-13922750,18555669,20124669,26762000,-16250000,16250000,15116000,60,0.0,-21093.4426,0.1838,0.0,0.245,0.0846,situacion_critica,calculado,alta,baja,evidencia_temporal_disponible,balance_negativo,ninguna_relevante_para_el_periodo,La ventana entre 2026-04-01 y 2026-05-31 muestra un balance de -16250000 COP y una cobertura estimada de 0.00 meses. Este resultado describe el periodo y no a la persona.,historia_controlada_recalculada_v2,train,situacion_critica,si,roadmap_14_mvp_estructurado_v2.0,fincoach_mvp_estructurado_v2.0,529bfafe551c1a2c08d343cfca39644e1c9a4d306e345fcae0ca8b29f47697ba,7052000,280000,0,0,15706000,5800000,227000,978000,1796000
VEN_0014_3,PERF_0014,dentro_del_mvp,2026-06-30,2026-04-01,2026-06-30,acumulada_91_dias,91,95,97.8947,8483000,0,2958000,330000,0,33508000,19229000,2882000,5271000,1504000,1336000,251250,-21485750,18555669,21286669,41991000,-25025000,25025000,21737000,90,0.0,-8606.5574,0.1715,0.0,0.2513,0.1472,situacion_critica,calculado,alta,baja,evidencia_temporal_disponible,balance_negativo,ninguna_relevante_para_el_periodo,La ventana entre 2026-04-01 y 2026-06-30 muestra un balance de -25025000 COP y una cobertura estimada de 0.00 meses. Este resultado describe el periodo y no a la persona.,historia_controlada_recalculada_v2,train,situacion_critica,si,roadmap_14_mvp_estructurado_v2.0,fincoach_mvp_estructurado_v2.0,cd65027600b0253281fe84ffc5664bda454bcf498c451772212b19e6546e0b88,11441000,330000,0,0,25770000,7738000,227000,1277000,2958000
VEN_0015_1,PERF_0015,dentro_del_mvp,2026-04-30,2026-04-01,2026-04-30,acumulada_30_dias,30,30,96.6667,3637000,0,0,0,0,3048000,1526000,515000,627000,0,0,2727718,3316718,4522374,4522374,6685000,589000,0,2130000,0,1.0,0.0,0.0,2.1735,0.0,0.0,equilibrio_sostenible,calculado,alta,baja,balance_no_negativo,sin_factor_dominante,ninguna_relevante_para_el_periodo,La ventana entre 2026-04-01 y 2026-04-30 muestra un balance de 589000 COP y una cobertura estimada de 2.17 meses. Este resultado describe el periodo y no a la persona.,historia_controlada_recalculada_v2,train,acumulacion_estable,si,roadmap_14_mvp_estructurado_v2.0,fincoach_mvp_estructurado_v2.0,4575fe9922876e21d5b1f34d44315ddcc9354920496aacf50a14679d9c616b2d,3637000,0,0,0,2081000,967000,0,0,0
VEN_0015_2,PERF_0015,dentro_del_mvp,2026-05-31,2026-04-01,2026-05-31,acumulada_61_dias,61,63,98.4127,9547000,0,0,30000,0,6096000,3798000,808000,627000,159000,127000,2727718,6208718,4522374,4363374,15643000,3451000,0,2130000,5,0.9142,36940.4372,0.2381,3.2695,0.0,-0.0352,variable_resiliente,calculado,alta,baja,balance_no_negativo,sin_factor_dominante,ninguna_relevante_para_el_periodo,La ventana entre 2026-04-01 y 2026-05-31 muestra un balance de 3451000 COP y una cobertura estimada de 3.27 meses. Este resultado describe el periodo y no a la persona.,historia_controlada_recalculada_v2,train,acumulacion_estable,si,roadmap_14_mvp_estructurado_v2.0,fincoach_mvp_estructurado_v2.0,99fbd63523200bed9377a7d1d71f49fd06393fd8b6de5908b002f07c05c16830,9547000,30000,0,0,4201000,1895000,159000,0,0
VEN_0015_3,PERF_0015,dentro_del_mvp,2026-06-30,2026-04-01,2026-06-30,acumulada_91_dias,91,96,97.9167,15675000,0,0,30000,0,9144000,5332000,846000,1356000,269000,193000,2727718,9288718,4522374,4363374,24819000,6531000,0,2130000,0,1.0,15195.4603,0.2156,5.2262,0.0,-0.0352,variable_resiliente,calculado,alta,baja,balance_no_negativo,sin_factor_dominante,ninguna_relevante_para_el_periodo,La ventana entre 2026-04-01 y 2026-06-30 muestra un balance de 6531000 COP y una cobertura estimada de 5.23 meses. Este resultado describe el periodo y no a la persona.,historia_controlada_recalculada_v2,train,acumulacion_estable,si,roadmap_14_mvp_estructurado_v2.0,fincoach_mvp_estructurado_v2.0,7984aac73c137a73dad6aa67606bf2cc22c2c35d44b8afb7a460f957a8de4a4b,15675000,30000,0,0,6319000,2825000,159000,110000,0
VEN_0016_1,PERF_0016,dentro_del_mvp,2026-04-30,2026-04-01,2026-04-30,acumulada_30_dias,30,30,96.6667,0,1240000,516000,50000,0,4660000,2742000,255000,954000,0,143000,9942745,7088745,1326817,1842817,5900000,-3420000,3420000,3370000,29,0.713,0.0,0.0,2.5852,0.9723,0.3889,uso_planificado_reserva,calculado,alta,baja,evidencia_temporal_disponible,balance_negativo,motivo_de_periodos_sin_ingreso,La ventana entre 2026-04-01 y 2026-04-30 muestra un balance de -3420000 COP y una cobertura estimada de 2.59 meses. Este resultado describe el periodo y no a la persona.,historia_controlada_recalculada_v2,test,equilibrio_sostenible,si,roadmap_14_mvp_estructurado_v2.0,fincoach_mvp_estructurado_v2.0,68779b94348a4484b6468a1668921574bb503a45251007ff5ec2726eccec9c83,1290000,516000,0,1,3669000,991000,0,0,516000
VEN_0016_2,PERF_0016,dentro_del_mvp,2026-05-31,2026-04-01,2026-05-31,acumulada_61_dias,61,58,98.2759,0,2480000,516000,50000,0,9320000,5976000,674000,1289000,182000,293000,9942745,3668745,1326817,1660817,11800000,-6840000,6840000,6274000,60,0.369,1868.8525,0.0,1.2278,0.9836,0.2517,fragilidad_sostenida,calculado,alta,baja,evidencia_temporal_disponible,balance_negativo,motivo_de_periodos_sin_ingreso,La ventana entre 2026-04-01 y 2026-05-31 muestra un balance de -6840000 COP y una cobertura estimada de 1.23 meses. Este resultado describe el periodo y no a la persona.,historia_controlada_recalculada_v2,test,equilibrio_sostenible,si,roadmap_14_mvp_estructurado_v2.0,fincoach_mvp_estructurado_v2.0,a6ed4da07a7ddbd389bf55df2515b2c1fc3cdd6409e883069d06a35de40a81cd,2530000,516000,0,2,6789000,2531000,182000,0,516000
VEN_0016_3,PERF_0016,dentro_del_mvp,2026-06-30,2026-04-01,2026-06-30,acumulada_91_dias,91,88,97.7273,0,3720000,1560000,110000,0,13980000,8508000,951000,2034000,718000,406000,9942745,1352745,1326817,2490817,17700000,-10260000,10260000,8590000,90,0.1361,-616.1052,0.0,0.477,0.9796,0.8773,fragilidad_sostenida,calculado,alta,baja,evidencia_temporal_disponible,balance_negativo,motivo_de_periodos_sin_ingreso,La ventana entre 2026-04-01 y 2026-06-30 muestra un balance de -10260000 COP y una cobertura estimada de 0.48 meses. Este resultado describe el periodo y no a la persona.,historia_controlada_recalculada_v2,test,equilibrio_sostenible,si,roadmap_14_mvp_estructurado_v2.0,fincoach_mvp_estructurado_v2.0,73155a28bc48f067fa854b54b7a79f73df8b5d9edc18260643c454082c9f2f19,3830000,1560000,0,3,9520000,4460000,396000,322000,1560000
VEN_0017_1,PERF_0017,dentro_del_mvp,2026-04-30,2026-04-01,2026-04-30,acumulada_30_dias,30,24,100.0,580000,0,0,0,0,3767000,1838000,494000,499000,406000,0,4893149,1706149,5341698,5139698,4347000,-3187000,3187000,3187000,29,0.3487,0.0,0.0,0.9283,0.0,-0.0378,fragilidad_sostenida,calculado,alta,baja,evidencia_temporal_disponible,balance_negativo,ninguna_relevante_para_el_periodo,La ventana entre 2026-04-01 y 2026-04-30 muestra un balance de -3187000 COP y una cobertura estimada de 0.93 meses. Este resultado describe el periodo y no a la persona.,historia_controlada_recalculada_v2,train,variable_resiliente,si,roadmap_14_mvp_estructurado_v2.0,fincoach_mvp_estructurado_v2.0,5ef15efede3fed09bd83213226809294f0bfa61ae5200aa57e98b1ee8b1fd555,580000,0,0,0,2816000,951000,202000,204000,0
VEN_0017_2,PERF_0017,dentro_del_mvp,2026-05-31,2026-04-01,2026-05-31,acumulada_61_dias,61,48,97.9167,1160000,0,803000,0,0,6400000,3383000,858000,824000,616000,189000,4893149,456149,5341698,5732698,7560000,-5240000,5240000,4437000,60,0.0932,20331.694,0.0,0.2697,0.4091,0.0732,fragilidad_sostenida,calculado,alta,baja,evidencia_temporal_disponible,balance_negativo,ninguna_relevante_para_el_periodo,La ventana entre 2026-04-01 y 2026-05-31 muestra un balance de -5240000 COP y una cobertura estimada de 0.27 meses. Este resultado describe el periodo y no a la persona.,historia_controlada_recalculada_v2,train,variable_resiliente,si,roadmap_14_mvp_estructurado_v2.0,fincoach_mvp_estructurado_v2.0,7775c8e284f5c35596f817f18286eb6df18da2675e05b843f8b5a210d4073c73,1160000,803000,0,0,4845000,1555000,412000,204000,803000
VEN_0017_3,PERF_0017,dentro_del_mvp,2026-06-30,2026-04-01,2026-06-30,acumulada_91_dias,91,73,93.1507,1740000,0,803000,0,0,11446000,5988000,1331000,1372000,1074000,189000,4893149,-4009851,5341698,5561698,13186000,-9706000,9706000,8903000,90,0.0,-20757.7013,0.0,0.0,0.3158,0.0412,situacion_critica,calculado,alta,baja,evidencia_temporal_disponible,balance_negativo,ninguna_relevante_para_el_periodo,La ventana entre 2026-04-01 y 2026-06-30 muestra un balance de -9706000 COP y una cobertura estimada de 0.00 meses. Este resultado describe el periodo y no a la persona.,historia_controlada_recalculada_v2,train,variable_resiliente,si,roadmap_14_mvp_estructurado_v2.0,fincoach_mvp_estructurado_v2.0,28f5fb3426758760bfa224f9b23d4faa076739cadf460be1d034a60cd80253cd,1740000,803000,0,0,8860000,2586000,583000,491000,803000
VEN_0018_1,PERF_0018,dentro_del_mvp,2026-04-30,2026-04-01,2026-04-30,acumulada_30_dias,30,29,96.5517,920000,0,0,0,194000,5624000,3338000,277000,1635000,0,66000,28754785,24244785,17678033,17678033,6544000,-4704000,4704000,4510000,29,0.8432,0.0,0.0,7.2633,0.1741,0.0,uso_planificado_reserva,calculado,alta,baja,evidencia_temporal_disponible,balance_negativo,ninguna_relevante_para_el_periodo,La ventana entre 2026-04-01 y 2026-04-30 muestra un balance de -4704000 COP y una cobertura estimada de 7.26 meses. Este resultado describe el periodo y no a la persona.,historia_controlada_recalculada_v2,test,uso_planificado_reserva,si,roadmap_14_mvp_estructurado_v2.0,fincoach_mvp_estructurado_v2.0,81f816ef818e073c049333b9a541a0f21e01970d29bf9ffa78cd36020984f863,920000,194000,0,0,3397000,2227000,0,0,0
VEN_0018_2,PERF_0018,dentro_del_mvp,2026-05-31,2026-04-01,2026-05-31,acumulada_61_dias,61,58,98.2759,1840000,0,0,0,194000,20415000,13315000,1499000,3100000,353000,482000,28754785,10373785,17678033,17678033,22255000,-18575000,18575000,18381000,60,0.3608,-147708.1967,0.0,1.5582,0.0954,0.0,deterioro_reciente,calculado,alta,baja,evidencia_temporal_disponible,balance_negativo,ninguna_relevante_para_el_periodo,La ventana entre 2026-04-01 y 2026-05-31 muestra un balance de -18575000 COP y una cobertura estimada de 1.56 meses. Este resultado describe el periodo y no a la persona.,historia_controlada_recalculada_v2,test,uso_planificado_reserva,si,roadmap_14_mvp_estructurado_v2.0,fincoach_mvp_estructurado_v2.0,dc55b5f8a93c99e2558c65d7fdcef24baaacf68ad4c07d02358e554dccdd3603,1840000,194000,0,0,12334000,8081000,0,353000,0
VEN_0018_3,PERF_0018,dentro_del_mvp,2026-06-30,2026-04-01,2026-06-30,acumulada_91_dias,91,85,97.6471,2760000,0,0,0,843000,35206000,22765000,2472000,5864000,353000,997000,28754785,-2848215,17678033,17678033,37966000,-32446000,32446000,31603000,90,0.0,-52041.2538,0.0,0.0,0.234,0.0,situacion_critica,calculado,alta,baja,evidencia_temporal_disponible,balance_negativo,ninguna_relevante_para_el_periodo,La ventana entre 2026-04-01 y 2026-06-30 muestra un balance de -32446000 COP y una cobertura estimada de 0.00 meses. Este resultado describe el periodo y no a la persona.,historia_controlada_recalculada_v2,test,uso_planificado_reserva,si,roadmap_14_mvp_estructurado_v2.0,fincoach_mvp_estructurado_v2.0,cf9389d69960374b9a7b45e34e396bd5d75f1a3318cf16ee8ecd7cce9f5b80dd,2760000,843000,0,0,21795000,13411000,0,353000,0
VEN_0019_1,PERF_0019,dentro_del_mvp,2026-04-30,2026-04-01,2026-04-30,acumulada_30_dias,30,34,97.0588,1805000,0,0,0,0,1825000,1053000,157000,380000,0,46000,730786,710786,0,0,3630000,-20000,20000,1535000,27,0.4247,0.0,0.0,0.675,0.0,0.0,fragilidad_sostenida,calculado,alta,baja,evidencia_temporal_disponible,balance_negativo,ninguna_relevante_para_el_periodo,La ventana entre 2026-04-01 y 2026-04-30 muestra un balance de -20000 COP y una cobertura estimada de 0.68 meses. Este resultado describe el periodo y no a la persona.,historia_controlada_recalculada_v2,test,deterioro_reciente,si,roadmap_14_mvp_estructurado_v2.0,fincoach_mvp_estructurado_v2.0,7846804762ebb92898152226a2a8461ef17cae1f4936639653ed2b55734bfee0,1805000,0,0,0,1445000,380000,0,0,0
VEN_0019_2,PERF_0019,dentro_del_mvp,2026-05-31,2026-04-01,2026-05-31,acumulada_61_dias,61,67,97.0149,3755000,0,0,0,82000,3650000,2171000,278000,703000,0,97000,730786,917786,0,0,7405000,105000,0,1725000,58,0.5483,2387.9781,0.0386,0.8455,0.0214,0.0,equilibrio_sostenible,calculado,alta,baja,balance_no_negativo,sin_factor_dominante,ninguna_relevante_para_el_periodo,La ventana entre 2026-04-01 y 2026-05-31 muestra un balance de 105000 COP y una cobertura estimada de 0.85 meses. Este resultado describe el periodo y no a la persona.,historia_controlada_recalculada_v2,test,deterioro_reciente,si,roadmap_14_mvp_estructurado_v2.0,fincoach_mvp_estructurado_v2.0,ebf53946a17253c75f2d35b9e78651823f7896bb1798c60f031062a7d6b7874d,3755000,82000,0,0,2869000,781000,0,0,0
VEN_0019_3,PERF_0019,dentro_del_mvp,2026-06-30,2026-04-01,2026-06-30,acumulada_91_dias,91,100,94.0,5218000,0,0,0,82000,6301000,3474000,685000,876000,0,271000,730786,-270214,0,0,11519000,-1083000,1083000,2040000,88,0.0,-13622.4104,0.1174,0.0,0.0155,0.0,situacion_critica,calculado,alta,baja,evidencia_temporal_disponible,balance_negativo,ninguna_relevante_para_el_periodo,La ventana entre 2026-04-01 y 2026-06-30 muestra un balance de -1083000 COP y una cobertura estimada de 0.00 meses. Este resultado describe el periodo y no a la persona.,historia_controlada_recalculada_v2,test,deterioro_reciente,si,roadmap_14_mvp_estructurado_v2.0,fincoach_mvp_estructurado_v2.0,53a26bb905c1822de0f69653e83b66763f532386aba524a910c672d421e65f97,5218000,82000,0,0,4788000,1513000,0,0,0
VEN_0020_1,PERF_0020,dentro_del_mvp,2026-04-30,2026-04-01,2026-04-30,acumulada_30_dias,30,31,100.0,1550000,0,0,0,111000,4626000,2915000,167000,507000,0,391000,1099415,-1865585,9754037,9754037,6176000,-3076000,3076000,2977000,29,0.0,0.0,0.0,0.0,0.0668,0.0,situacion_critica,calculado,alta,baja,evidencia_temporal_disponible,balance_negativo,ninguna_relevante_para_el_periodo,La ventana entre 2026-04-01 y 2026-04-30 muestra un balance de -3076000 COP y una cobertura estimada de 0.00 meses. Este resultado describe el periodo y no a la persona.,historia_controlada_recalculada_v2,train,fragilidad_sostenida,si,roadmap_14_mvp_estructurado_v2.0,fincoach_mvp_estructurado_v2.0,44ed6770475c9092bca027e69d586ecd214b32eb13c0d48f552615bc1b154232,1550000,111000,0,0,3439000,1187000,0,0,0
VEN_0020_2,PERF_0020,dentro_del_mvp,2026-05-31,2026-04-01,2026-05-31,acumulada_61_dias,61,64,96.875,3930000,0,394000,0,111000,10530000,6731000,634000,972000,573000,821000,1099415,-4995585,9754037,9796037,14460000,-6600000,6600000,6095000,60,0.0,-5663.388,0.2112,0.0,0.1139,0.0043,situacion_critica,calculado,alta,baja,evidencia_temporal_disponible,balance_negativo,ninguna_relevante_para_el_periodo,La ventana entre 2026-04-01 y 2026-05-31 muestra un balance de -6600000 COP y una cobertura estimada de 0.00 meses. Este resultado describe el periodo y no a la persona.,historia_controlada_recalculada_v2,train,fragilidad_sostenida,si,roadmap_14_mvp_estructurado_v2.0,fincoach_mvp_estructurado_v2.0,87e79784494cd7d8f31a825d65c3e3a9637158e20551bafc665de90181b3d274,4324000,111000,0,0,8367000,2163000,352000,221000,394000
VEN_0020_3,PERF_0020,dentro_del_mvp,2026-06-30,2026-04-01,2026-06-30,acumulada_91_dias,91,97,96.9072,6399000,0,788000,240000,111000,16434000,9220000,1278000,2300000,975000,1244000,1099415,-7796585,9754037,10190037,22833000,-10035000,10035000,8896000,90,0.0,-2078.004,0.194,0.0,0.1193,0.0447,situacion_critica,calculado,alta,baja,evidencia_temporal_disponible,balance_negativo,ninguna_relevante_para_el_periodo,La ventana entre 2026-04-01 y 2026-06-30 muestra un balance de -10035000 COP y una cobertura estimada de 0.00 meses. Este resultado describe el periodo y no a la persona.,historia_controlada_recalculada_v2,train,fragilidad_sostenida,si,roadmap_14_mvp_estructurado_v2.0,fincoach_mvp_estructurado_v2.0,ea2e5739840b9a24a44ec846dd74ebb76fed2a0fc96b8ebc5f1c0e0dc7681abd,7187000,351000,0,0,12802000,3632000,352000,623000,788000
VEN_0021_1,PERF_0021,dentro_del_mvp,2026-04-30,2026-04-01,2026-04-30,acumulada_30_dias,30,29,93.1034,7009000,0,1415000,0,0,21222000,14038000,1186000,2063000,1317000,1154000,3620757,-9177243,30803921,30901921,28231000,-14213000,14213000,15529000,29,0.0,0.0,0.0,0.0,0.168,0.0032,situacion_critica,calculado,alta,baja,evidencia_temporal_disponible,balance_negativo,ninguna_relevante_para_el_periodo,La ventana entre 2026-04-01 y 2026-04-30 muestra un balance de -14213000 COP y una cobertura estimada de 0.00 meses. Este resultado describe el periodo y no a la persona.,historia_controlada_recalculada_v2,train,situacion_critica,si,roadmap_14_mvp_estructurado_v2.0,fincoach_mvp_estructurado_v2.0,1d06c446ca9ddf9f1910e4938b8766481ef499d1c027251f9b6648d857b6989d,8424000,0,0,0,13994000,7228000,1317000,0,1415000
VEN_0021_2,PERF_0021,dentro_del_mvp,2026-05-31,2026-04-01,2026-05-31,acumulada_61_dias,61,60,95.0,13565000,0,4009000,0,0,48022000,34054000,2877000,6203000,1317000,1750000,3620757,-26827243,30803921,33495921,61587000,-34457000,34457000,34852000,60,0.0,-91102.1858,0.0334,0.0,0.2281,0.0874,situacion_critica,calculado,alta,baja,evidencia_temporal_disponible,balance_negativo,ninguna_relevante_para_el_periodo,La ventana entre 2026-04-01 y 2026-05-31 muestra un balance de -34457000 COP y una cobertura estimada de 0.00 meses. Este resultado describe el periodo y no a la persona.,historia_controlada_recalculada_v2,train,situacion_critica,si,roadmap_14_mvp_estructurado_v2.0,fincoach_mvp_estructurado_v2.0,84ae0ece701054bb385d807b2c2830955d11eb62a9602df57c46e7921c6e093a,17574000,0,0,0,28815000,19207000,1317000,0,4009000
VEN_0021_3,PERF_0021,dentro_del_mvp,2026-06-30,2026-04-01,2026-06-30,acumulada_91_dias,91,91,95.6044,19217000,0,6603000,0,0,74822000,52486000,3702000,10508000,2798000,2495000,3620757,-45381243,30803921,36089921,94039000,-55605000,55605000,49711000,90,0.0,-46175.1036,0.0881,0.0,0.2557,0.1716,situacion_critica,calculado,alta,baja,evidencia_temporal_disponible,balance_negativo,ninguna_relevante_para_el_periodo,La ventana entre 2026-04-01 y 2026-06-30 muestra un balance de -55605000 COP y una cobertura estimada de 0.00 meses. Este resultado describe el periodo y no a la persona.,historia_controlada_recalculada_v2,train,situacion_critica,si,roadmap_14_mvp_estructurado_v2.0,fincoach_mvp_estructurado_v2.0,ad020c2bbe46daa2d8448b77b0ad758f797ae34f3ccef9a2edbdd79436cb874b,25820000,0,0,0,49816000,25006000,1317000,1481000,6603000
VEN_0022_1,PERF_0022,dentro_del_mvp,2026-04-30,2026-04-01,2026-04-30,acumulada_30_dias,30,32,100.0,7793000,0,0,0,0,4165000,2166000,669000,247000,539000,269000,2466961,6094961,10827152,10288152,11958000,3628000,0,1415000,2,0.9156,0.0,0.0,2.8139,0.0,-0.0498,equilibrio_sostenible,calculado,alta,baja,balance_no_negativo,sin_factor_dominante,ninguna_relevante_para_el_periodo,La ventana entre 2026-04-01 y 2026-04-30 muestra un balance de 3628000 COP y una cobertura estimada de 2.81 meses. Este resultado describe el periodo y no a la persona.,historia_controlada_recalculada_v2,train,acumulacion_estable,si,roadmap_14_mvp_estructurado_v2.0,fincoach_mvp_estructurado_v2.0,09c593fc2697ab66ff8ebfc5f4a697187bdd8895237cfb87653df3c3e94fce2b,5311000,2482000,0,0,2869000,1296000,539000,0,0
VEN_0022_2,PERF_0022,dentro_del_mvp,2026-05-31,2026-04-01,2026-05-31,acumulada_61_dias,61,64,98.4375,14388000,0,0,0,0,8330000,4092000,1005000,1541000,539000,493000,2466961,8524961,10827152,10288152,22718000,6058000,0,1415000,3,0.9283,-21621.8579,0.0833,4.1666,0.0,-0.0498,acumulacion_estable,calculado,alta,baja,balance_no_negativo,sin_factor_dominante,ninguna_relevante_para_el_periodo,La ventana entre 2026-04-01 y 2026-05-31 muestra un balance de 6058000 COP y una cobertura estimada de 4.17 meses. Este resultado describe el periodo y no a la persona.,historia_controlada_recalculada_v2,train,acumulacion_estable,si,roadmap_14_mvp_estructurado_v2.0,fincoach_mvp_estructurado_v2.0,130d898c3af9dcededa9cc86e727ec52bd96a1bb592ceb59fc86c9fef470073f,10059000,4329000,0,0,5065000,3265000,539000,0,0
VEN_0022_3,PERF_0022,dentro_del_mvp,2026-06-30,2026-04-01,2026-06-30,acumulada_91_dias,91,95,97.8947,21272000,0,0,0,0,12495000,6836000,1257000,1775000,961000,604000,2466961,11243961,10827152,10180152,33767000,8777000,0,1992000,2,0.9925,-2860.926,0.072,4.9344,0.0,-0.0598,acumulacion_estable,calculado,alta,baja,balance_no_negativo,sin_factor_dominante,ninguna_relevante_para_el_periodo,La ventana entre 2026-04-01 y 2026-06-30 muestra un balance de 8777000 COP y una cobertura estimada de 4.93 meses. Este resultado describe el periodo y no a la persona.,historia_controlada_recalculada_v2,train,acumulacion_estable,si,roadmap_14_mvp_estructurado_v2.0,fincoach_mvp_estructurado_v2.0,7e4fc681194b9d491115ed3dd5df56c8487d37968e68ef6b5f93ec13f819a7e9,14811000,6461000,0,0,8576000,3919000,647000,314000,0
VEN_0023_1,PERF_0023,dentro_del_mvp,2026-04-30,2026-04-01,2026-04-30,acumulada_30_dias,30,30,96.6667,4522000,0,0,0,0,5495000,3989000,653000,0,500000,220000,11403012,10430012,7635145,7135145,10017000,-973000,973000,2277000,29,0.9147,0.0,0.0,2.6147,0.0,-0.0655,uso_planificado_reserva,calculado,alta,baja,evidencia_temporal_disponible,balance_negativo,ninguna_relevante_para_el_periodo,La ventana entre 2026-04-01 y 2026-04-30 muestra un balance de -973000 COP y una cobertura estimada de 2.61 meses. Este resultado describe el periodo y no a la persona.,historia_controlada_recalculada_v2,train,equilibrio_sostenible,si,roadmap_14_mvp_estructurado_v2.0,fincoach_mvp_estructurado_v2.0,7f63cfb91567ce75b8d224a375ac7e16895f81a2fef589b1b71ec401c57905f6,4522000,0,0,0,3066000,2429000,500000,0,0
VEN_0023_2,PERF_0023,dentro_del_mvp,2026-05-31,2026-04-01,2026-05-31,acumulada_61_dias,61,62,96.7742,11215000,0,0,50000,0,10990000,7496000,715000,980000,500000,220000,11403012,11678012,7635145,7135145,22205000,225000,0,2305000,4,0.9506,36121.8579,0.1936,3.1158,0.0,-0.0655,variable_resiliente,calculado,alta,baja,balance_no_negativo,sin_factor_dominante,ninguna_relevante_para_el_periodo,La ventana entre 2026-04-01 y 2026-05-31 muestra un balance de 225000 COP y una cobertura estimada de 3.12 meses. Este resultado describe el periodo y no a la persona.,historia_controlada_recalculada_v2,train,equilibrio_sostenible,si,roadmap_14_mvp_estructurado_v2.0,fincoach_mvp_estructurado_v2.0,1f733f002d97582034d90e65f244d66d8a514685c748af26a69a8de8fc8f50be,11215000,50000,0,0,6687000,4303000,500000,0,0
VEN_0023_3,PERF_0023,dentro_del_mvp,2026-06-30,2026-04-01,2026-06-30,acumulada_91_dias,91,94,97.8723,17719000,0,0,50000,0,16485000,10574000,838000,1580000,1365000,584000,11403012,12687012,7635145,6641145,34204000,1234000,0,2520000,2,0.953,9871.915,0.1662,3.5995,0.0,-0.1302,variable_resiliente,calculado,alta,baja,balance_no_negativo,sin_factor_dominante,ninguna_relevante_para_el_periodo,La ventana entre 2026-04-01 y 2026-06-30 muestra un balance de 1234000 COP y una cobertura estimada de 3.60 meses. Este resultado describe el periodo y no a la persona.,historia_controlada_recalculada_v2,train,equilibrio_sostenible,si,roadmap_14_mvp_estructurado_v2.0,fincoach_mvp_estructurado_v2.0,9387ca162ebcca6a281ee1bfaa3b3df63fa9893380ec6aba9d63429d6b6c5c3d,17719000,50000,0,0,10627000,5858000,994000,371000,0
VEN_0024_1,PERF_0024,dentro_del_mvp,2026-04-30,2026-04-01,2026-04-30,acumulada_30_dias,30,32,100.0,4067000,0,0,0,0,3883000,2655000,239000,130000,405000,101000,2756957,2940957,1615260,1210260,7950000,184000,0,2201000,2,0.8774,0.0,0.0,1.1077,0.0,-0.2507,equilibrio_sostenible,calculado,alta,baja,balance_no_negativo,sin_factor_dominante,ninguna_relevante_para_el_periodo,La ventana entre 2026-04-01 y 2026-04-30 muestra un balance de 184000 COP y una cobertura estimada de 1.11 meses. Este resultado describe el periodo y no a la persona.,historia_controlada_recalculada_v2,train,variable_resiliente,si,roadmap_14_mvp_estructurado_v2.0,fincoach_mvp_estructurado_v2.0,ac207e40f8e8ba4996f469066f1d69ce45fbe58f20dd45606e72fddbb37c93b2,2760000,1307000,0,0,2375000,1508000,405000,0,0
VEN_0024_2,PERF_0024,dentro_del_mvp,2026-05-31,2026-04-01,2026-05-31,acumulada_61_dias,61,63,98.4127,7318000,0,0,0,0,9085000,5033000,647000,1248000,1019000,240000,2756957,989957,1615260,1051260,16403000,-1767000,1767000,3851000,33,0.2953,-35100.5464,0.1115,0.3934,0.0,-0.3492,fragilidad_sostenida,calculado,alta,baja,evidencia_temporal_disponible,balance_negativo,ninguna_relevante_para_el_periodo,La ventana entre 2026-04-01 y 2026-05-31 muestra un balance de -1767000 COP y una cobertura estimada de 0.39 meses. Este resultado describe el periodo y no a la persona.,historia_controlada_recalculada_v2,train,variable_resiliente,si,roadmap_14_mvp_estructurado_v2.0,fincoach_mvp_estructurado_v2.0,8347e97e09b93e1516b0d14d6f9968963561cd93d4b0b058fba491c537e422ae,5101000,2217000,0,0,6451000,2634000,564000,455000,0
VEN_0024_3,PERF_0024,dentro_del_mvp,2026-06-30,2026-04-01,2026-06-30,acumulada_91_dias,91,94,96.8085,10895000,0,0,0,0,14287000,7404000,875000,2726000,1349000,472000,2756957,-635043,1615260,1051260,25182000,-3392000,3392000,5754000,63,0.0,-8307.5122,0.0923,0.0,0.0,-0.3492,situacion_critica,calculado,alta,baja,evidencia_temporal_disponible,balance_negativo,ninguna_relevante_para_el_periodo,La ventana entre 2026-04-01 y 2026-06-30 muestra un balance de -3392000 COP y una cobertura estimada de 0.00 meses. Este resultado describe el periodo y no a la persona.,historia_controlada_recalculada_v2,train,variable_resiliente,si,roadmap_14_mvp_estructurado_v2.0,fincoach_mvp_estructurado_v2.0,ca4b0621064cd54f5f4e0a7185fca35876b0f41eabfa838133a5531f3147dd8e,7356000,3539000,0,0,9882000,4405000,564000,785000,0
VEN_0025_1,PERF_0025,dentro_del_mvp,2026-04-30,2026-04-01,2026-04-30,acumulada_30_dias,30,25,96.0,500000,0,0,0,0,3838000,1830000,595000,832000,0,334000,11228282,7890282,0,0,4338000,-3338000,3338000,3338000,29,0.7027,0.0,0.0,4.3116,0.0,0.0,uso_planificado_reserva,calculado,alta,baja,evidencia_temporal_disponible,balance_negativo,ninguna_relevante_para_el_periodo,La ventana entre 2026-04-01 y 2026-04-30 muestra un balance de -3338000 COP y una cobertura estimada de 4.31 meses. Este resultado describe el periodo y no a la persona.,historia_controlada_recalculada_v2,validation,uso_planificado_reserva,si,roadmap_14_mvp_estructurado_v2.0,fincoach_mvp_estructurado_v2.0,6481555d9de85fcc2e49cedec0db9610b3205b8167fa4bf934a65c550ea6e9db,500000,0,0,0,2397000,1441000,0,0,0
VEN_0025_2,PERF_0025,dentro_del_mvp,2026-05-31,2026-04-01,2026-05-31,acumulada_61_dias,61,44,95.4545,1000000,0,0,0,0,13932000,8545000,747000,3567000,0,334000,11228282,-1703718,0,0,14932000,-12932000,12932000,12932000,60,0.0,-100733.3333,0.0,0.0,0.0,0.0,situacion_critica,calculado,alta,baja,evidencia_temporal_disponible,balance_negativo,ninguna_relevante_para_el_periodo,La ventana entre 2026-04-01 y 2026-05-31 muestra un balance de -12932000 COP y una cobertura estimada de 0.00 meses. Este resultado describe el periodo y no a la persona.,historia_controlada_recalculada_v2,validation,uso_planificado_reserva,si,roadmap_14_mvp_estructurado_v2.0,fincoach_mvp_estructurado_v2.0,9d90659af2f33b403d6a559623832bc03bd60b4449d77803cfe857b04a7bb994,1000000,0,0,0,10044000,3888000,0,0,0
VEN_0025_3,PERF_0025,dentro_del_mvp,2026-06-30,2026-04-01,2026-06-30,acumulada_91_dias,91,68,94.1176,1500000,0,0,0,0,24026000,14581000,2159000,5078000,0,692000,11228282,-11297718,0,0,25526000,-22526000,22526000,22526000,90,0.0,-35538.4615,0.0,0.0,0.0,0.0,situacion_critica,calculado,alta,baja,evidencia_temporal_disponible,balance_negativo,ninguna_relevante_para_el_periodo,La ventana entre 2026-04-01 y 2026-06-30 muestra un balance de -22526000 COP y una cobertura estimada de 0.00 meses. Este resultado describe el periodo y no a la persona.,historia_controlada_recalculada_v2,validation,uso_planificado_reserva,si,roadmap_14_mvp_estructurado_v2.0,fincoach_mvp_estructurado_v2.0,0974b43487a484e22fd96c15201b8410543caf315e9c5617925be64746f997a4,1500000,0,0,0,15813000,8213000,0,0,0
VEN_0026_1,PERF_0026,dentro_del_mvp,2026-04-30,2026-04-01,2026-04-30,acumulada_30_dias,30,26,88.4615,0,830000,0,0,0,5340000,3055000,237000,1401000,267000,0,5379671,869671,13333018,13066018,6170000,-4510000,4510000,4510000,29,0.1617,0.0,0.0,0.2847,1.0,-0.02,fragilidad_sostenida,calculado,alta,media,evidencia_temporal_disponible,balance_negativo,motivo_de_periodos_sin_ingreso,La ventana entre 2026-04-01 y 2026-04-30 muestra un balance de -4510000 COP y una cobertura estimada de 0.28 meses. Este resultado describe el periodo y no a la persona.,historia_controlada_recalculada_v2,test,deterioro_reciente,si,roadmap_14_mvp_estructurado_v2.0,fincoach_mvp_estructurado_v2.0,dc1ea61af138b699878c36edfcdbc374ce6850382d29e8e0d3ff5b44d594779a,830000,0,0,1,4271000,1069000,267000,0,0
VEN_0026_2,PERF_0026,dentro_del_mvp,2026-05-31,2026-04-01,2026-05-31,acumulada_61_dias,61,56,92.8571,0,1660000,0,210000,0,10680000,5671000,770000,2988000,482000,168000,5379671,-3430329,13333018,13066018,12340000,-9020000,9020000,8810000,60,0.0,2464.4809,0.0,0.0,0.8877,-0.02,situacion_critica,calculado,alta,baja,evidencia_temporal_disponible,balance_negativo,motivo_de_periodos_sin_ingreso,La ventana entre 2026-04-01 y 2026-05-31 muestra un balance de -9020000 COP y una cobertura estimada de 0.00 meses. Este resultado describe el periodo y no a la persona.,historia_controlada_recalculada_v2,test,deterioro_reciente,si,roadmap_14_mvp_estructurado_v2.0,fincoach_mvp_estructurado_v2.0,7f56832bb984d2f8359e2f16a5b071d9d081912ab6a02388fad76ea1d4fcf6ff,1870000,0,0,2,8284000,2396000,267000,215000,0
VEN_0026_3,PERF_0026,dentro_del_mvp,2026-06-30,2026-04-01,2026-06-30,acumulada_91_dias,91,83,92.7711,0,2490000,0,380000,0,18436000,10274000,1983000,4015000,482000,415000,5379671,-10186329,13333018,13066018,20926000,-15946000,15946000,15566000,90,0.0,-27361.9168,0.0,0.0,0.8676,-0.02,situacion_critica,calculado,alta,baja,evidencia_temporal_disponible,balance_negativo,motivo_de_periodos_sin_ingreso,La ventana entre 2026-04-01 y 2026-06-30 muestra un balance de -15946000 COP y una cobertura estimada de 0.00 meses. Este resultado describe el periodo y no a la persona.,historia_controlada_recalculada_v2,test,deterioro_reciente,si,roadmap_14_mvp_estructurado_v2.0,fincoach_mvp_estructurado_v2.0,e6468b1f5451b20d0837c722118d11d9a630f8c74f10f753c66a05178585e850,2870000,0,0,3,12761000,5675000,267000,215000,0
VEN_0027_1,PERF_0027,dentro_del_mvp,2026-04-30,2026-04-01,2026-04-30,acumulada_30_dias,30,24,100.0,0,640000,0,0,0,10422000,4376000,0,3504000,1011000,926000,1633583,-8148417,14426435,14426435,11062000,-9782000,9782000,9782000,29,0.0,0.0,0.0,0.0,1.0,0.0,situacion_critica,calculado,alta,baja,evidencia_temporal_disponible,balance_negativo,motivo_de_periodos_sin_ingreso,La ventana entre 2026-04-01 y 2026-04-30 muestra un balance de -9782000 COP y una cobertura estimada de 0.00 meses. Este resultado describe el periodo y no a la persona.,historia_controlada_recalculada_v2,train,fragilidad_sostenida,si,roadmap_14_mvp_estructurado_v2.0,fincoach_mvp_estructurado_v2.0,22d1462d16b49acc37772e8d1be50c467be9459c5624dd81fcd97d37c203abd9,640000,0,0,1,8677000,1745000,0,1011000,0
VEN_0027_2,PERF_0027,dentro_del_mvp,2026-05-31,2026-04-01,2026-05-31,acumulada_61_dias,61,51,100.0,0,1280000,0,0,0,23724000,12537000,1143000,5741000,1294000,1630000,1633583,-20810417,14426435,14426435,25004000,-22444000,22444000,22444000,60,0.0,-41867.7596,0.0,0.0,1.0,0.0,situacion_critica,calculado,alta,baja,evidencia_temporal_disponible,balance_negativo,motivo_de_periodos_sin_ingreso,La ventana entre 2026-04-01 y 2026-05-31 muestra un balance de -22444000 COP y una cobertura estimada de 0.00 meses. Este resultado describe el periodo y no a la persona.,historia_controlada_recalculada_v2,train,fragilidad_sostenida,si,roadmap_14_mvp_estructurado_v2.0,fincoach_mvp_estructurado_v2.0,a66d561256687b31df13ccf4e95a03f780a67eb14520bf1c84ebcca031094478,1280000,0,0,2,18873000,4851000,0,1294000,0
VEN_0027_3,PERF_0027,dentro_del_mvp,2026-06-30,2026-04-01,2026-06-30,acumulada_91_dias,91,73,98.6301,0,1920000,0,0,0,37026000,19693000,3350000,8354000,1294000,1630000,1633583,-33472417,14426435,14426435,38946000,-35106000,35106000,35106000,90,0.0,-17845.7936,0.0,0.0,1.0,0.0,situacion_critica,calculado,alta,baja,evidencia_temporal_disponible,balance_negativo,motivo_de_periodos_sin_ingreso,La ventana entre 2026-04-01 y 2026-06-30 muestra un balance de -35106000 COP y una cobertura estimada de 0.00 meses. Este resultado describe el periodo y no a la persona.,historia_controlada_recalculada_v2,train,fragilidad_sostenida,si,roadmap_14_mvp_estructurado_v2.0,fincoach_mvp_estructurado_v2.0,2ce1f14384af3a5e33e2be489028238a0df8a507b744936214fa384644077a4f,1920000,0,0,3,29129000,7897000,0,1294000,0
VEN_0028_1,PERF_0028,dentro_del_mvp,2026-04-30,2026-04-01,2026-04-30,acumulada_30_dias,30,28,92.8571,500000,0,737000,30000,0,11052000,5050000,2181000,1773000,0,461000,347476,-9437524,19227498,19964498,11552000,-10552000,10552000,9785000,29,0.0,0.0,0.0,0.0,0.5817,0.0383,situacion_critica,calculado,alta,baja,evidencia_temporal_disponible,balance_negativo,ninguna_relevante_para_el_periodo,La ventana entre 2026-04-01 y 2026-04-30 muestra un balance de -10552000 COP y una cobertura estimada de 0.00 meses. Este resultado describe el periodo y no a la persona.,historia_controlada_recalculada_v2,train,situacion_critica,si,roadmap_14_mvp_estructurado_v2.0,fincoach_mvp_estructurado_v2.0,2b3d40b4da0652bc22344b3dbf2165176f6d01e6a550f7969d7f5d48006f22bd,1237000,30000,0,0,8120000,2932000,0,0,737000
VEN_0028_2,PERF_0028,dentro_del_mvp,2026-05-31,2026-04-01,2026-05-31,acumulada_61_dias,61,56,94.6429,1000000,0,2088000,30000,0,25009000,11661000,3834000,4255000,1018000,1562000,347476,-21543524,19227498,21315498,26009000,-24009000,24009000,21891000,60,0.0,-41856.8306,0.0,0.0,0.6697,0.1086,situacion_critica,calculado,alta,baja,evidencia_temporal_disponible,balance_negativo,ninguna_relevante_para_el_periodo,La ventana entre 2026-04-01 y 2026-05-31 muestra un balance de -24009000 COP y una cobertura estimada de 0.00 meses. Este resultado describe el periodo y no a la persona.,historia_controlada_recalculada_v2,train,situacion_critica,si,roadmap_14_mvp_estructurado_v2.0,fincoach_mvp_estructurado_v2.0,d645a8aa16865877b9a472c15c14677095486aca4cd9b0e7c9818085976a0c1d,3088000,30000,0,0,17271000,7738000,0,1018000,2088000
VEN_0028_3,PERF_0028,dentro_del_mvp,2026-06-30,2026-04-01,2026-06-30,acumulada_91_dias,91,78,96.1538,1500000,0,3439000,30000,0,38966000,18115000,4854000,7233000,2847000,1562000,347476,-33649524,19227498,20837498,40466000,-37466000,37466000,33997000,90,0.0,-18124.1218,0.0,0.0,0.6921,0.0837,situacion_critica,calculado,alta,baja,evidencia_temporal_disponible,balance_negativo,ninguna_relevante_para_el_periodo,La ventana entre 2026-04-01 y 2026-06-30 muestra un balance de -37466000 COP y una cobertura estimada de 0.00 meses. Este resultado describe el periodo y no a la persona.,historia_controlada_recalculada_v2,train,situacion_critica,si,roadmap_14_mvp_estructurado_v2.0,fincoach_mvp_estructurado_v2.0,95c45f99c4176c1d42006217451792a44faa8e49984ff9a7554103af34844d5b,4939000,30000,0,0,28239000,10727000,1829000,1018000,3439000
VEN_0029_1,PERF_0029,dentro_del_mvp,2026-04-30,2026-04-01,2026-04-30,acumulada_30_dias,30,26,100.0,0,0,0,0,0,5176000,2785000,251000,1564000,0,350000,2648451,-2527549,2349065,2349065,5176000,-5176000,5176000,5176000,29,0.0,0.0,0.0,0.0,0.0,0.0,situacion_critica,calculado,alta,baja,evidencia_temporal_disponible,balance_negativo,motivo_de_periodos_sin_ingreso,La ventana entre 2026-04-01 y 2026-04-30 muestra un balance de -5176000 COP y una cobertura estimada de 0.00 meses. Este resultado describe el periodo y no a la persona.,historia_controlada_recalculada_v2,train,acumulacion_estable,si,roadmap_14_mvp_estructurado_v2.0,fincoach_mvp_estructurado_v2.0,6f325262daf07bb301e2f32c8539c26b4afd531e8fb63bcdc7de418fb15223c6,0,0,0,1,3767000,1409000,0,0,0
VEN_0029_2,PERF_0029,dentro_del_mvp,2026-05-31,2026-04-01,2026-05-31,acumulada_61_dias,61,50,100.0,0,0,0,0,0,10352000,5620000,538000,2991000,205000,620000,2648451,-7703549,2349065,2144065,10352000,-10352000,10352000,10352000,60,0.0,2828.4153,0.0,0.0,0.0,-0.0873,situacion_critica,calculado,alta,baja,evidencia_temporal_disponible,balance_negativo,motivo_de_periodos_sin_ingreso,La ventana entre 2026-04-01 y 2026-05-31 muestra un balance de -10352000 COP y una cobertura estimada de 0.00 meses. Este resultado describe el periodo y no a la persona.,historia_controlada_recalculada_v2,train,acumulacion_estable,si,roadmap_14_mvp_estructurado_v2.0,fincoach_mvp_estructurado_v2.0,c6494d5224f304afac28e0ece2dbe19eed3b1afe3664743c2b492fd930406a11,0,0,0,2,7165000,3187000,205000,0,0
VEN_0029_3,PERF_0029,dentro_del_mvp,2026-06-30,2026-04-01,2026-06-30,acumulada_91_dias,91,73,95.8904,0,0,0,0,0,15528000,8612000,1516000,3259000,205000,620000,2648451,-12879549,2349065,2144065,15528000,-15528000,15528000,15528000,90,0.0,-932.4446,0.0,0.0,0.0,-0.0873,situacion_critica,calculado,alta,baja,evidencia_temporal_disponible,balance_negativo,motivo_de_periodos_sin_ingreso,La ventana entre 2026-04-01 y 2026-06-30 muestra un balance de -15528000 COP y una cobertura estimada de 0.00 meses. Este resultado describe el periodo y no a la persona.,historia_controlada_recalculada_v2,train,acumulacion_estable,si,roadmap_14_mvp_estructurado_v2.0,fincoach_mvp_estructurado_v2.0,f462294830093911c8485ff5dea59940390dc3690f6b0fadd27155f389aab7d7,0,0,0,3,10302000,5226000,205000,0,0
VEN_0030_1,PERF_0030,dentro_del_mvp,2026-04-30,2026-04-01,2026-04-30,acumulada_30_dias,30,24,100.0,0,0,0,0,0,2398000,1224000,91000,888000,0,104000,5180030,2782030,0,0,2398000,-2398000,2398000,2398000,29,0.5371,0.0,0.0,2.2729,0.0,0.0,uso_planificado_reserva,calculado,alta,baja,evidencia_temporal_disponible,balance_negativo,motivo_de_periodos_sin_ingreso,La ventana entre 2026-04-01 y 2026-04-30 muestra un balance de -2398000 COP y una cobertura estimada de 2.27 meses. Este resultado describe el periodo y no a la persona.,historia_controlada_recalculada_v2,train,equilibrio_sostenible,si,roadmap_14_mvp_estructurado_v2.0,fincoach_mvp_estructurado_v2.0,9285f19abe50839bf954717d62ed0c9c5e7e38ceba0f160bb47b4476e2da4ef3,0,0,0,1,1911000,487000,0,0,0
VEN_0030_2,PERF_0030,dentro_del_mvp,2026-05-31,2026-04-01,2026-05-31,acumulada_61_dias,61,48,97.9167,0,0,0,110000,0,4796000,2913000,128000,1362000,0,136000,5180030,494030,0,0,4796000,-4796000,4796000,4686000,60,0.0954,1310.3825,0.0,0.3392,0.0,0.0,fragilidad_sostenida,calculado,alta,baja,evidencia_temporal_disponible,balance_negativo,motivo_de_periodos_sin_ingreso,La ventana entre 2026-04-01 y 2026-05-31 muestra un balance de -4796000 COP y una cobertura estimada de 0.34 meses. Este resultado describe el periodo y no a la persona.,historia_controlada_recalculada_v2,train,equilibrio_sostenible,si,roadmap_14_mvp_estructurado_v2.0,fincoach_mvp_estructurado_v2.0,ff73dd794fcdccd3481d5e2bd11fd7b4f8fffe7e34e1560fe014d23101b633e9,0,110000,0,2,3580000,1216000,0,0,0
VEN_0030_3,PERF_0030,dentro_del_mvp,2026-06-30,2026-04-01,2026-06-30,acumulada_91_dias,91,72,98.6111,0,236000,0,110000,0,7194000,4072000,264000,2286000,0,272000,5180030,-1667970,0,0,7430000,-6958000,6958000,6848000,90,0.0,2161.4124,0.0,0.0,0.6821,0.0,situacion_critica,calculado,alta,baja,evidencia_temporal_disponible,balance_negativo,motivo_de_periodos_sin_ingreso,La ventana entre 2026-04-01 y 2026-06-30 muestra un balance de -6958000 COP y una cobertura estimada de 0.00 meses. Este resultado describe el periodo y no a la persona.,historia_controlada_recalculada_v2,train,equilibrio_sostenible,si,roadmap_14_mvp_estructurado_v2.0,fincoach_mvp_estructurado_v2.0,074628e3eafa602a37780e5a9eecb4d44376bd4498058d218d917bb46be59d94,0,346000,0,3,5635000,1559000,0,0,0
VEN_0031_1,PERF_0031,dentro_del_mvp,2026-04-30,2026-04-01,2026-04-30,acumulada_30_dias,30,32,96.875,1920000,0,0,0,0,5961000,3271000,502000,905000,772000,211000,16253535,12212535,2322931,2106931,7881000,-4041000,4041000,4626000,25,0.7253,0.0,0.0,3.7336,0.0,-0.093,uso_planificado_reserva,calculado,alta,baja,evidencia_temporal_disponible,balance_negativo,ninguna_relevante_para_el_periodo,La ventana entre 2026-04-01 y 2026-04-30 muestra un balance de -4041000 COP y una cobertura estimada de 3.73 meses. Este resultado describe el periodo y no a la persona.,historia_controlada_recalculada_v2,train,variable_resiliente,si,roadmap_14_mvp_estructurado_v2.0,fincoach_mvp_estructurado_v2.0,992c332d8cc700af2eb13a48617497821660c4b0d145b980267993925797c3e7,1920000,0,0,0,4319000,1642000,216000,556000,0
VEN_0031_2,PERF_0031,dentro_del_mvp,2026-05-31,2026-04-01,2026-05-31,acumulada_61_dias,61,65,95.3846,6946000,438000,0,0,0,13946000,6622000,675000,2668000,2297000,356000,16253535,9691535,2322931,1255931,21330000,-6562000,6562000,8565000,56,0.5756,27126.2295,0.4472,2.9271,0.0593,-0.4593,uso_planificado_reserva,calculado,alta,baja,evidencia_temporal_disponible,balance_negativo,ninguna_relevante_para_el_periodo,La ventana entre 2026-04-01 y 2026-05-31 muestra un balance de -6562000 COP y una cobertura estimada de 2.93 meses. Este resultado describe el periodo y no a la persona.,historia_controlada_recalculada_v2,train,variable_resiliente,si,roadmap_14_mvp_estructurado_v2.0,fincoach_mvp_estructurado_v2.0,aec89565507459568b1ed6ed1820ce36dacbd5c3d81b468429be514592c8892d,6946000,438000,0,0,11538000,2408000,1067000,1230000,0
VEN_0031_3,PERF_0031,dentro_del_mvp,2026-06-30,2026-04-01,2026-06-30,acumulada_91_dias,91,99,95.9596,13838000,438000,0,100000,0,21931000,11953000,1166000,3469000,2578000,513000,16253535,8698535,2322931,974931,36207000,-7655000,7655000,10474000,86,0.5166,23452.8914,0.4446,2.1832,0.0305,-0.5803,uso_planificado_reserva,calculado,alta,baja,evidencia_temporal_disponible,balance_negativo,ninguna_relevante_para_el_periodo,La ventana entre 2026-04-01 y 2026-06-30 muestra un balance de -7655000 COP y una cobertura estimada de 2.18 meses. Este resultado describe el periodo y no a la persona.,historia_controlada_recalculada_v2,train,variable_resiliente,si,roadmap_14_mvp_estructurado_v2.0,fincoach_mvp_estructurado_v2.0,b7db48b26e72728c04112052ef089c29bacb37e0dd8f07ac875e1de440bcd1ee,13838000,538000,0,0,16666000,5265000,1348000,1230000,0
VEN_0032_1,PERF_0032,dentro_del_mvp,2026-04-30,2026-04-01,2026-04-30,acumulada_30_dias,30,28,96.4286,1180000,132000,0,0,0,2310000,1530000,283000,214000,0,0,7969194,6971194,0,0,3622000,-998000,998000,1587000,25,0.8146,0.0,0.0,4.5563,0.1006,0.0,uso_planificado_reserva,calculado,alta,baja,evidencia_temporal_disponible,balance_negativo,ninguna_relevante_para_el_periodo,La ventana entre 2026-04-01 y 2026-04-30 muestra un balance de -998000 COP y una cobertura estimada de 4.56 meses. Este resultado describe el periodo y no a la persona.,historia_controlada_recalculada_v2,test,uso_planificado_reserva,si,roadmap_14_mvp_estructurado_v2.0,fincoach_mvp_estructurado_v2.0,313cc5677786e8281b5c589e8a4d3046f915d736ec63f05728a8d585fa15aa41,1180000,132000,0,0,1720000,590000,0,0,0
VEN_0032_2,PERF_0032,dentro_del_mvp,2026-05-31,2026-04-01,2026-05-31,acumulada_61_dias,61,57,92.9825,2360000,132000,0,0,0,8386000,5304000,551000,1199000,0,134000,7969194,2075194,0,0,10878000,-5894000,5894000,6483000,56,0.2425,-63356.2842,0.0,0.7825,0.053,0.0,deterioro_reciente,calculado,alta,baja,evidencia_temporal_disponible,balance_negativo,ninguna_relevante_para_el_periodo,La ventana entre 2026-04-01 y 2026-05-31 muestra un balance de -5894000 COP y una cobertura estimada de 0.78 meses. Este resultado describe el periodo y no a la persona.,historia_controlada_recalculada_v2,test,uso_planificado_reserva,si,roadmap_14_mvp_estructurado_v2.0,fincoach_mvp_estructurado_v2.0,3266455a75c6f4a28dea92722e3b782f8fcfbf0f7c49c271dd0e254756c4934d,2360000,132000,0,0,6288000,2098000,0,0,0
VEN_0032_3,PERF_0032,dentro_del_mvp,2026-06-30,2026-04-01,2026-06-30,acumulada_91_dias,91,86,95.3488,3540000,295000,0,0,0,14462000,9416000,1056000,1923000,0,678000,7969194,-2657806,0,0,18297000,-10627000,10627000,11216000,86,0.0,-20157.269,0.0,0.0,0.0769,0.0,situacion_critica,calculado,alta,baja,evidencia_temporal_disponible,balance_negativo,ninguna_relevante_para_el_periodo,La ventana entre 2026-04-01 y 2026-06-30 muestra un balance de -10627000 COP y una cobertura estimada de 0.00 meses. Este resultado describe el periodo y no a la persona.,historia_controlada_recalculada_v2,test,uso_planificado_reserva,si,roadmap_14_mvp_estructurado_v2.0,fincoach_mvp_estructurado_v2.0,617f7b4894d99b68fa2b59ab5e239d491776530450a983cea29787d47c9c7d22,3540000,295000,0,0,11347000,3115000,0,0,0
VEN_0033_1,PERF_0033,dentro_del_mvp,2026-04-30,2026-04-01,2026-04-30,acumulada_30_dias,30,33,100.0,3041000,0,0,0,0,2738000,1671000,148000,596000,0,87000,7152554,7455554,0,0,5779000,303000,0,684000,15,0.9681,0.0,0.0,4.4617,0.0,0.0,acumulacion_estable,calculado,alta,baja,balance_no_negativo,sin_factor_dominante,ninguna_relevante_para_el_periodo,La ventana entre 2026-04-01 y 2026-04-30 muestra un balance de 303000 COP y una cobertura estimada de 4.46 meses. Este resultado describe el periodo y no a la persona.,historia_controlada_recalculada_v2,train,deterioro_reciente,si,roadmap_14_mvp_estructurado_v2.0,fincoach_mvp_estructurado_v2.0,60ae0a9126ce74d2ab55c46982a0f8ce16f5dca3c765a92cd848f828d3b0eb96,3041000,0,0,0,1868000,870000,0,0,0
VEN_0033_2,PERF_0033,dentro_del_mvp,2026-05-31,2026-04-01,2026-05-31,acumulada_61_dias,61,66,95.4545,5832000,0,0,230000,0,5476000,3177000,604000,776000,0,167000,7152554,7738554,0,0,11308000,356000,0,1229000,5,0.9742,-4263.9344,0.0429,4.8716,0.0,0.0,acumulacion_estable,calculado,alta,baja,balance_no_negativo,sin_factor_dominante,ninguna_relevante_para_el_periodo,La ventana entre 2026-04-01 y 2026-05-31 muestra un balance de 356000 COP y una cobertura estimada de 4.87 meses. Este resultado describe el periodo y no a la persona.,historia_controlada_recalculada_v2,train,deterioro_reciente,si,roadmap_14_mvp_estructurado_v2.0,fincoach_mvp_estructurado_v2.0,01456a221c08e71f807599a959a0b8793f17e4749c50e6c26daf1b14ff653030,5832000,230000,0,0,3811000,1665000,0,0,0
VEN_0033_3,PERF_0033,dentro_del_mvp,2026-06-30,2026-04-01,2026-06-30,acumulada_91_dias,91,98,94.898,8169000,0,0,400000,0,9453000,5449000,865000,1769000,0,402000,7152554,6268554,0,0,17622000,-1284000,1284000,2810000,23,0.6905,-19945.9557,0.107,3.4512,0.0,0.0,uso_planificado_reserva,calculado,alta,baja,evidencia_temporal_disponible,balance_negativo,ninguna_relevante_para_el_periodo,La ventana entre 2026-04-01 y 2026-06-30 muestra un balance de -1284000 COP y una cobertura estimada de 3.45 meses. Este resultado describe el periodo y no a la persona.,historia_controlada_recalculada_v2,train,deterioro_reciente,si,roadmap_14_mvp_estructurado_v2.0,fincoach_mvp_estructurado_v2.0,a10f8decdeb8968af9f32f27b81c7d421f0c76dc1e4116f6a9f100d1939f7555,8169000,400000,0,0,6802000,2651000,0,0,0
VEN_0034_1,PERF_0034,dentro_del_mvp,2026-04-30,2026-04-01,2026-04-30,acumulada_30_dias,30,30,100.0,4732000,0,0,70000,0,7954000,3934000,607000,1323000,302000,749000,1168717,-1983283,18397463,18095463,12686000,-3222000,3222000,5022000,29,0.0,0.0,0.0,0.0,0.0,-0.0164,situacion_critica,calculado,alta,baja,evidencia_temporal_disponible,balance_negativo,ninguna_relevante_para_el_periodo,La ventana entre 2026-04-01 y 2026-04-30 muestra un balance de -3222000 COP y una cobertura estimada de 0.00 meses. Este resultado describe el periodo y no a la persona.,historia_controlada_recalculada_v2,train,fragilidad_sostenida,si,roadmap_14_mvp_estructurado_v2.0,fincoach_mvp_estructurado_v2.0,a0f617f44f05a33ea5ccee393610c70cbfe51a963500fc635bd63d9854318bfa,0,70000,4732000,0,4606000,3348000,302000,0,0
VEN_0034_2,PERF_0034,dentro_del_mvp,2026-05-31,2026-04-01,2026-05-31,acumulada_61_dias,61,50,100.0,4732000,0,0,70000,0,18106000,10070000,1002000,2830000,302000,1355000,1168717,-12135283,18397463,18095463,22838000,-13374000,13374000,13304000,60,0.0,-111845.9016,1.0,0.0,0.0,-0.0164,situacion_critica,calculado,alta,baja,evidencia_temporal_disponible,balance_negativo,motivo_de_periodos_sin_ingreso,La ventana entre 2026-04-01 y 2026-05-31 muestra un balance de -13374000 COP y una cobertura estimada de 0.00 meses. Este resultado describe el periodo y no a la persona.,historia_controlada_recalculada_v2,train,fragilidad_sostenida,si,roadmap_14_mvp_estructurado_v2.0,fincoach_mvp_estructurado_v2.0,d0f52342a6a114d1f8b98bbed5aa09a17635d4571c6011b91b8ff18ce97c5314,0,70000,4732000,1,10566000,7540000,302000,0,0
VEN_0034_3,PERF_0034,dentro_del_mvp,2026-06-30,2026-04-01,2026-06-30,acumulada_91_dias,91,80,98.75,8072000,0,677000,240000,0,28258000,16437000,1581000,3256000,2070000,2169000,1168717,-18100283,18397463,18772463,36330000,-20186000,20186000,20325000,90,0.0,-2578.2742,0.738,0.0,0.0753,0.0204,situacion_critica,calculado,alta,baja,evidencia_temporal_disponible,balance_negativo,motivo_de_periodos_sin_ingreso,La ventana entre 2026-04-01 y 2026-06-30 muestra un balance de -20186000 COP y una cobertura estimada de 0.00 meses. Este resultado describe el periodo y no a la persona.,historia_controlada_recalculada_v2,train,fragilidad_sostenida,si,roadmap_14_mvp_estructurado_v2.0,fincoach_mvp_estructurado_v2.0,94b55c6b3679e619ed9c37550a5249ff23c015fd7fe208f9c6059ccf8223af58,0,917000,8072000,1,18589000,9669000,302000,1768000,677000
VEN_0035_1,PERF_0035,dentro_del_mvp,2026-04-30,2026-04-01,2026-04-30,acumulada_30_dias,30,30,100.0,718000,0,216000,160000,0,3240000,1669000,202000,167000,409000,491000,538243,-1607757,3072926,2993926,3958000,-2522000,2522000,2146000,26,0.0,0.0,0.0,0.0,0.1974,-0.0257,situacion_critica,calculado,alta,baja,evidencia_temporal_disponible,balance_negativo,ninguna_relevante_para_el_periodo,La ventana entre 2026-04-01 y 2026-04-30 muestra un balance de -2522000 COP y una cobertura estimada de 0.00 meses. Este resultado describe el periodo y no a la persona.,historia_controlada_recalculada_v2,train,situacion_critica,si,roadmap_14_mvp_estructurado_v2.0,fincoach_mvp_estructurado_v2.0,2f46e46ac4a315f2af27e2c985e5bcfebd5bc09ab2d0061b431dd70f0c5941a8,1094000,0,0,0,2486000,754000,295000,114000,216000
VEN_0035_2,PERF_0035,dentro_del_mvp,2026-05-31,2026-04-01,2026-05-31,acumulada_61_dias,61,63,100.0,1972000,0,612000,310000,0,7332000,3506000,344000,1105000,776000,981000,538243,-3899757,3072926,3389926,9304000,-5360000,5360000,4534000,57,0.0,-3802.1858,0.2718,0.0,0.2115,0.1032,situacion_critica,calculado,alta,baja,evidencia_temporal_disponible,balance_negativo,ninguna_relevante_para_el_periodo,La ventana entre 2026-04-01 y 2026-05-31 muestra un balance de -5360000 COP y una cobertura estimada de 0.00 meses. Este resultado describe el periodo y no a la persona.,historia_controlada_recalculada_v2,train,situacion_critica,si,roadmap_14_mvp_estructurado_v2.0,fincoach_mvp_estructurado_v2.0,c449c81733ee9ad54a348edc3612d4f68594724b5388d8816f72e349a031fe71,2894000,0,0,0,4836000,2496000,295000,481000,612000
VEN_0035_3,PERF_0035,dentro_del_mvp,2026-06-30,2026-04-01,2026-06-30,acumulada_91_dias,91,96,98.9583,3233000,0,1008000,310000,0,11424000,6142000,713000,1440000,1033000,1132000,538243,-6334757,3072926,3785926,14657000,-8191000,8191000,7062000,87,0.0,-2142.1366,0.236,0.0,0.2215,0.232,situacion_critica,calculado,alta,baja,evidencia_temporal_disponible,balance_negativo,ninguna_relevante_para_el_periodo,La ventana entre 2026-04-01 y 2026-06-30 muestra un balance de -8191000 COP y una cobertura estimada de 0.00 meses. Este resultado describe el periodo y no a la persona.,historia_controlada_recalculada_v2,train,situacion_critica,si,roadmap_14_mvp_estructurado_v2.0,fincoach_mvp_estructurado_v2.0,8c4487259ea1afb2c6e15d1ad9c0a376f1b7a925a94bb0dabb73ffaaa486764e,4551000,0,0,0,7875000,3549000,295000,738000,1008000
VEN_0036_1,PERF_0036,dentro_del_mvp,2026-04-30,2026-04-01,2026-04-30,acumulada_30_dias,30,33,100.0,7596000,0,1185000,0,0,4362000,2711000,316000,650000,120000,0,13031859,17450859,7289869,8354869,11958000,3234000,0,1398000,10,0.9802,0.0,0.0,6.4371,0.135,0.1461,acumulacion_estable,calculado,alta,baja,balance_no_negativo,sin_factor_dominante,ninguna_relevante_para_el_periodo,La ventana entre 2026-04-01 y 2026-04-30 muestra un balance de 3234000 COP y una cobertura estimada de 6.44 meses. Este resultado describe el periodo y no a la persona.,historia_controlada_recalculada_v2,train,acumulacion_estable,si,roadmap_14_mvp_estructurado_v2.0,fincoach_mvp_estructurado_v2.0,6d6c519e500dc53ad49fd02b7afd5b45a8b50535dedd8963410b102e424fd5dd,0,1185000,7596000,0,3015000,1347000,120000,0,1185000
VEN_0036_2,PERF_0036,dentro_del_mvp,2026-05-31,2026-04-01,2026-05-31,acumulada_61_dias,61,60,98.3333,7596000,0,1185000,0,0,8724000,5430000,802000,993000,489000,146000,13031859,13088859,7289869,7985869,16320000,-1128000,1128000,4715000,41,0.7352,-126291.8033,1.0,4.8209,0.135,0.0955,deterioro_reciente,calculado,alta,baja,evidencia_temporal_disponible,balance_negativo,motivo_de_periodos_sin_ingreso,La ventana entre 2026-04-01 y 2026-05-31 muestra un balance de -1128000 COP y una cobertura estimada de 4.82 meses. Este resultado describe el periodo y no a la persona.,historia_controlada_recalculada_v2,train,acumulacion_estable,si,roadmap_14_mvp_estructurado_v2.0,fincoach_mvp_estructurado_v2.0,3903cdc1414a67e9837ad58ae7e0a03ba8e47d1742f0043ddad7eae9f10724ac,0,1185000,7596000,1,6195000,2529000,489000,0,1185000
VEN_0036_3,PERF_0036,dentro_del_mvp,2026-06-30,2026-04-01,2026-06-30,acumulada_91_dias,91,92,97.8261,15057000,0,2142000,0,0,13086000,7861000,987000,1853000,693000,279000,13031859,17144859,7289869,8942869,28143000,1971000,0,6514000,12,0.9184,40151.1439,0.7072,6.543,0.1245,0.2268,variable_resiliente,calculado,alta,baja,balance_no_negativo,sin_factor_dominante,motivo_de_periodos_sin_ingreso,La ventana entre 2026-04-01 y 2026-06-30 muestra un balance de 1971000 COP y una cobertura estimada de 6.54 meses. Este resultado describe el periodo y no a la persona.,historia_controlada_recalculada_v2,train,acumulacion_estable,si,roadmap_14_mvp_estructurado_v2.0,fincoach_mvp_estructurado_v2.0,25f28e62d78e8b41b2c47ac19bcdfd2f488814f57355a0e247f8e3c294ba31eb,0,2142000,15057000,1,8588000,4498000,489000,204000,2142000
VEN_0037_1,PERF_0037,dentro_del_mvp,2026-04-30,2026-04-01,2026-04-30,acumulada_30_dias,30,29,100.0,6241000,0,0,0,0,7767000,3737000,361000,727000,1611000,387000,2444781,918781,17624813,17271813,14008000,-1526000,1526000,3996000,29,0.3758,0.0,0.0,0.2459,0.0,-0.02,fragilidad_sostenida,calculado,alta,baja,evidencia_temporal_disponible,balance_negativo,ninguna_relevante_para_el_periodo,La ventana entre 2026-04-01 y 2026-04-30 muestra un balance de -1526000 COP y una cobertura estimada de 0.25 meses. Este resultado describe el periodo y no a la persona.,historia_controlada_recalculada_v2,train,equilibrio_sostenible,si,roadmap_14_mvp_estructurado_v2.0,fincoach_mvp_estructurado_v2.0,b2f959bbfb84ae9b80e96a639b6418decf5c67fb0db556ad5b8358167fc36857,6241000,0,0,0,6033000,1734000,353000,1258000,0
VEN_0037_2,PERF_0037,dentro_del_mvp,2026-05-31,2026-04-01,2026-05-31,acumulada_61_dias,61,61,98.3607,15141000,0,2320000,0,0,15534000,9340000,830000,727000,2698000,387000,2444781,4371781,17624813,19332813,30675000,-393000,393000,3996000,0,1.0,44424.0437,0.1756,0.9361,0.1329,0.0969,fragilidad_sostenida,calculado,alta,baja,evidencia_temporal_disponible,balance_negativo,ninguna_relevante_para_el_periodo,La ventana entre 2026-04-01 y 2026-05-31 muestra un balance de -393000 COP y una cobertura estimada de 0.94 meses. Este resultado describe el periodo y no a la persona.,historia_controlada_recalculada_v2,train,equilibrio_sostenible,si,roadmap_14_mvp_estructurado_v2.0,fincoach_mvp_estructurado_v2.0,70590d9b2e30ba4300cb726bb2f9ac4916846a05dde7e8d1bd7590bf67773d5d,15141000,2320000,0,0,12387000,3147000,612000,2086000,2320000
VEN_0037_3,PERF_0037,dentro_del_mvp,2026-06-30,2026-04-01,2026-06-30,acumulada_91_dias,91,93,97.8495,23912000,0,2320000,140000,0,23301000,12994000,1098000,3158000,2945000,1069000,2444781,5515781,17624813,19085813,47213000,611000,0,3996000,2,0.9586,13156.9087,0.1536,1.2735,0.088,0.0829,variable_resiliente,calculado,alta,baja,balance_no_negativo,sin_factor_dominante,ninguna_relevante_para_el_periodo,La ventana entre 2026-04-01 y 2026-06-30 muestra un balance de 611000 COP y una cobertura estimada de 1.27 meses. Este resultado describe el periodo y no a la persona.,historia_controlada_recalculada_v2,train,equilibrio_sostenible,si,roadmap_14_mvp_estructurado_v2.0,fincoach_mvp_estructurado_v2.0,0ff770895df8b161ba0a5aa48c50a412fd2dec6e01eadd91b731a476d2eb09f9,23912000,2460000,0,0,16685000,6616000,859000,2086000,2320000
VEN_0038_1,PERF_0038,dentro_del_mvp,2026-04-30,2026-04-01,2026-04-30,acumulada_30_dias,30,34,97.0588,5120000,0,0,0,412000,6563000,4205000,635000,692000,0,298000,17324598,16293598,14536777,14536777,11683000,-1443000,1443000,4174000,25,0.7961,0.0,0.0,3.8748,0.0745,0.0,uso_planificado_reserva,calculado,alta,baja,evidencia_temporal_disponible,balance_negativo,ninguna_relevante_para_el_periodo,La ventana entre 2026-04-01 y 2026-04-30 muestra un balance de -1443000 COP y una cobertura estimada de 3.87 meses. Este resultado describe el periodo y no a la persona.,historia_controlada_recalculada_v2,train,variable_resiliente,si,roadmap_14_mvp_estructurado_v2.0,fincoach_mvp_estructurado_v2.0,47731f62b54817f9c25d801c3ab0841c3aadff5f2417158c61f1c1032aa7c3d5,5120000,412000,0,0,4904000,1659000,0,0,0
VEN_0038_2,PERF_0038,dentro_del_mvp,2026-05-31,2026-04-01,2026-05-31,acumulada_61_dias,61,67,95.5224,10240000,0,0,0,412000,15354000,8523000,893000,1274000,872000,2227000,17324598,12622598,14536777,14536777,25594000,-5114000,5114000,7845000,56,0.6167,-35736.0656,0.0,2.962,0.0387,0.0,uso_planificado_reserva,calculado,alta,baja,evidencia_temporal_disponible,balance_negativo,ninguna_relevante_para_el_periodo,La ventana entre 2026-04-01 y 2026-05-31 muestra un balance de -5114000 COP y una cobertura estimada de 2.96 meses. Este resultado describe el periodo y no a la persona.,historia_controlada_recalculada_v2,train,variable_resiliente,si,roadmap_14_mvp_estructurado_v2.0,fincoach_mvp_estructurado_v2.0,66f9b93d4c7bc875fa1d3aedaf33eba1ef9f12d7e738874462612e48b77f0659,10240000,412000,0,0,10964000,4390000,0,872000,0
VEN_0038_3,PERF_0038,dentro_del_mvp,2026-06-30,2026-04-01,2026-06-30,acumulada_91_dias,91,100,94.0,15360000,0,0,190000,1109000,24145000,13133000,1718000,2814000,872000,3051000,17324598,9838598,14536777,14536777,39505000,-8785000,8785000,11035000,86,0.4807,-12702.396,0.0,2.2475,0.0666,0.0,uso_planificado_reserva,calculado,alta,baja,evidencia_temporal_disponible,balance_negativo,ninguna_relevante_para_el_periodo,La ventana entre 2026-04-01 y 2026-06-30 muestra un balance de -8785000 COP y una cobertura estimada de 2.25 meses. Este resultado describe el periodo y no a la persona.,historia_controlada_recalculada_v2,train,variable_resiliente,si,roadmap_14_mvp_estructurado_v2.0,fincoach_mvp_estructurado_v2.0,cf0d266735e8a97d8ddc461a90ad7e5b4a1711022ffb9cab641a4621efeafe8a,15360000,1299000,0,0,18252000,5893000,0,872000,0
VEN_0039_1,PERF_0039,dentro_del_mvp,2026-04-30,2026-04-01,2026-04-30,acumulada_30_dias,30,33,100.0,5636000,0,0,190000,0,3724000,1946000,373000,618000,311000,133000,14892633,16994633,12240642,12097642,9360000,1912000,0,2834000,29,0.8571,0.0,0.0,8.7331,0.0,-0.0117,acumulacion_estable,calculado,alta,baja,balance_no_negativo,sin_factor_dominante,ninguna_relevante_para_el_periodo,La ventana entre 2026-04-01 y 2026-04-30 muestra un balance de 1912000 COP y una cobertura estimada de 8.73 meses. Este resultado describe el periodo y no a la persona.,historia_controlada_recalculada_v2,test,uso_planificado_reserva,si,roadmap_14_mvp_estructurado_v2.0,fincoach_mvp_estructurado_v2.0,2385bfafa44420c52fcc2708e04d27ecb15fde23f5ab752099122e8f449b0f56,5636000,190000,0,0,3053000,671000,143000,168000,0
VEN_0039_2,PERF_0039,dentro_del_mvp,2026-05-31,2026-04-01,2026-05-31,acumulada_61_dias,61,66,96.9697,9358000,0,0,190000,523000,13518000,7497000,1524000,1614000,727000,654000,14892633,11445633,12240642,11681642,22876000,-4160000,4160000,10120000,60,0.5772,-131930.0546,0.2045,3.0534,0.0519,-0.0457,deterioro_reciente,calculado,alta,baja,evidencia_temporal_disponible,balance_negativo,ninguna_relevante_para_el_periodo,La ventana entre 2026-04-01 y 2026-05-31 muestra un balance de -4160000 COP y una cobertura estimada de 3.05 meses. Este resultado describe el periodo y no a la persona.,historia_controlada_recalculada_v2,test,uso_planificado_reserva,si,roadmap_14_mvp_estructurado_v2.0,fincoach_mvp_estructurado_v2.0,8d88b4ff82a44f4645852369ddd59703adb7c9984af50233ecb61a588189608c,9358000,713000,0,0,10586000,2932000,559000,168000,0
VEN_0039_3,PERF_0039,dentro_del_mvp,2026-06-30,2026-04-01,2026-06-30,acumulada_91_dias,91,99,97.9798,13438000,0,0,190000,523000,23312000,12256000,2263000,4006000,907000,1085000,14892633,5731633,12240642,11501642,36750000,-9874000,9874000,14097000,90,0.2891,-40308.7732,0.1855,1.403,0.037,-0.0604,fragilidad_sostenida,calculado,alta,baja,evidencia_temporal_disponible,balance_negativo,ninguna_relevante_para_el_periodo,La ventana entre 2026-04-01 y 2026-06-30 muestra un balance de -9874000 COP y una cobertura estimada de 1.40 meses. Este resultado describe el periodo y no a la persona.,historia_controlada_recalculada_v2,test,uso_planificado_reserva,si,roadmap_14_mvp_estructurado_v2.0,fincoach_mvp_estructurado_v2.0,d82b9fd82f8ac52ae80f7d6f319a48f9c4f76a49c1e7e65c263cfa9e3ca632f0,11642000,2509000,0,0,17226000,6086000,739000,168000,0
VEN_0040_1,PERF_0040,dentro_del_mvp,2026-04-30,2026-04-01,2026-04-30,acumulada_30_dias,30,32,100.0,2787000,0,0,190000,65000,2670000,1365000,171000,524000,0,256000,2655334,3027334,0,0,5457000,117000,0,921000,10,0.7667,0.0,0.0,2.2178,0.0214,0.0,equilibrio_sostenible,calculado,alta,baja,balance_no_negativo,sin_factor_dominante,ninguna_relevante_para_el_periodo,La ventana entre 2026-04-01 y 2026-04-30 muestra un balance de 117000 COP y una cobertura estimada de 2.22 meses. Este resultado describe el periodo y no a la persona.,historia_controlada_recalculada_v2,validation,deterioro_reciente,si,roadmap_14_mvp_estructurado_v2.0,fincoach_mvp_estructurado_v2.0,d9eb1136c2825945aac50a1a1173d6f7f3e0558b9bb8c994f78d8040c585215b,0,255000,2787000,0,1925000,745000,0,0,0
VEN_0040_2,PERF_0040,dentro_del_mvp,2026-05-31,2026-04-01,2026-05-31,acumulada_61_dias,61,55,100.0,2787000,0,0,190000,65000,5340000,2799000,205000,1635000,0,256000,2655334,357334,0,0,8127000,-2553000,2553000,3591000,41,0.0905,-45752.459,1.0,0.2553,0.0214,0.0,fragilidad_sostenida,calculado,alta,baja,evidencia_temporal_disponible,balance_negativo,motivo_de_periodos_sin_ingreso,La ventana entre 2026-04-01 y 2026-05-31 muestra un balance de -2553000 COP y una cobertura estimada de 0.26 meses. Este resultado describe el periodo y no a la persona.,historia_controlada_recalculada_v2,validation,deterioro_reciente,si,roadmap_14_mvp_estructurado_v2.0,fincoach_mvp_estructurado_v2.0,b21549df3b80d04bf9b30151c4ddedc4985fa05e8188112674f66a93608b58c4,0,255000,2787000,1,4284000,1056000,0,0,0
VEN_0040_3,PERF_0040,dentro_del_mvp,2026-06-30,2026-04-01,2026-06-30,acumulada_91_dias,91,87,97.7011,5010000,0,0,380000,65000,9218000,5618000,284000,2357000,0,389000,2655334,-1107666,0,0,14228000,-4208000,4208000,5356000,71,0.0,-4389.2992,0.7204,0.0,0.0119,0.0,situacion_critica,calculado,alta,baja,evidencia_temporal_disponible,balance_negativo,motivo_de_periodos_sin_ingreso,La ventana entre 2026-04-01 y 2026-06-30 muestra un balance de -4208000 COP y una cobertura estimada de 0.00 meses. Este resultado describe el periodo y no a la persona.,historia_controlada_recalculada_v2,validation,deterioro_reciente,si,roadmap_14_mvp_estructurado_v2.0,fincoach_mvp_estructurado_v2.0,90654df442fc72f8535086bbd5e5383057cdf1c03296d10500cd2ebaa3ed3ca1,0,445000,5010000,1,7382000,1836000,0,0,0
VEN_0041_1,PERF_0041,dentro_del_mvp,2026-04-30,2026-04-01,2026-04-30,acumulada_30_dias,30,32,100.0,3116000,0,0,0,0,10253000,2867000,1515000,3245000,1348000,724000,2192946,-4944054,18340258,17669258,13369000,-7137000,7137000,8723000,29,0.0,0.0,0.0,0.0,0.0,-0.0366,situacion_critica,calculado,alta,baja,evidencia_temporal_disponible,balance_negativo,ninguna_relevante_para_el_periodo,La ventana entre 2026-04-01 y 2026-04-30 muestra un balance de -7137000 COP y una cobertura estimada de 0.00 meses. Este resultado describe el periodo y no a la persona.,historia_controlada_recalculada_v2,test,fragilidad_sostenida,si,roadmap_14_mvp_estructurado_v2.0,fincoach_mvp_estructurado_v2.0,2114933260ff82ad90e08a6edd1094012fdbddf7fad19d9591441f728f098e4b,3116000,0,0,0,8572000,1681000,671000,677000,0
VEN_0041_2,PERF_0041,dentro_del_mvp,2026-05-31,2026-04-01,2026-05-31,acumulada_61_dias,61,66,96.9697,9568000,0,872000,0,0,23339000,9412000,2184000,6107000,2295000,1479000,2192946,-10706054,18340258,18541258,32907000,-13771000,13771000,12977000,60,0.0,12145.9016,0.3487,0.0,0.0835,0.011,situacion_critica,calculado,alta,baja,evidencia_temporal_disponible,balance_negativo,ninguna_relevante_para_el_periodo,La ventana entre 2026-04-01 y 2026-05-31 muestra un balance de -13771000 COP y una cobertura estimada de 0.00 meses. Este resultado describe el periodo y no a la persona.,historia_controlada_recalculada_v2,test,fragilidad_sostenida,si,roadmap_14_mvp_estructurado_v2.0,fincoach_mvp_estructurado_v2.0,11bb67368757c06471d4db42736f3fb87937901fc227a299735c6c6eaf69007c,10440000,0,0,0,18278000,5061000,671000,1624000,872000
VEN_0041_3,PERF_0041,dentro_del_mvp,2026-06-30,2026-04-01,2026-06-30,acumulada_91_dias,91,100,97.0,15554000,0,1744000,0,0,36425000,16975000,3307000,7106000,2643000,1905000,2192946,-16934054,18340258,19413258,51979000,-20871000,20871000,19127000,90,0.0,-3597.55,0.2845,0.0,0.1008,0.0585,situacion_critica,calculado,alta,baja,evidencia_temporal_disponible,balance_negativo,ninguna_relevante_para_el_periodo,La ventana entre 2026-04-01 y 2026-06-30 muestra un balance de -20871000 COP y una cobertura estimada de 0.00 meses. Este resultado describe el periodo y no a la persona.,historia_controlada_recalculada_v2,test,fragilidad_sostenida,si,roadmap_14_mvp_estructurado_v2.0,fincoach_mvp_estructurado_v2.0,f4aca122b53ee9246e09e48b51e6eb01873fce327649baf57a6e3f3443b9ba27,17298000,0,0,0,26246000,10179000,671000,1972000,1744000
VEN_0042_1,PERF_0042,dentro_del_mvp,2026-04-30,2026-04-01,2026-04-30,acumulada_30_dias,30,31,100.0,5566000,0,967000,0,0,14508000,7927000,2287000,1093000,764000,853000,2343231,-5631769,22276196,22479196,20074000,-8942000,8942000,10086000,28,0.0,0.0,0.0,0.0,0.148,0.0091,situacion_critica,calculado,alta,baja,evidencia_temporal_disponible,balance_negativo,ninguna_relevante_para_el_periodo,La ventana entre 2026-04-01 y 2026-04-30 muestra un balance de -8942000 COP y una cobertura estimada de 0.00 meses. Este resultado describe el periodo y no a la persona.,historia_controlada_recalculada_v2,train,situacion_critica,si,roadmap_14_mvp_estructurado_v2.0,fincoach_mvp_estructurado_v2.0,7b0c6c3026a50476dbaa06977131a2a9d363c7e9df82c3da8bdfb9555d89e6ed,6533000,0,0,0,10852000,3656000,764000,0,967000
VEN_0042_2,PERF_0042,dentro_del_mvp,2026-05-31,2026-04-01,2026-05-31,acumulada_61_dias,61,65,100.0,9556000,0,2740000,0,0,32829000,16000000,3267000,8655000,1480000,1263000,2343231,-18189769,22276196,24252196,42385000,-23273000,23273000,20533000,59,0.0,-83457.9235,0.1649,0.0,0.2228,0.0887,situacion_critica,calculado,alta,baja,evidencia_temporal_disponible,balance_negativo,ninguna_relevante_para_el_periodo,La ventana entre 2026-04-01 y 2026-05-31 muestra un balance de -23273000 COP y una cobertura estimada de 0.00 meses. Este resultado describe el periodo y no a la persona.,historia_controlada_recalculada_v2,train,situacion_critica,si,roadmap_14_mvp_estructurado_v2.0,fincoach_mvp_estructurado_v2.0,8d8efed0fab6f1962aa5b18d9a91025f9c0add6701d6585d5b3ed148453bc505,12296000,0,0,0,18850000,13979000,764000,716000,2740000
VEN_0042_3,PERF_0042,dentro_del_mvp,2026-06-30,2026-04-01,2026-06-30,acumulada_91_dias,91,98,98.9796,14157000,0,4513000,0,0,51150000,24720000,4873000,13115000,1480000,3010000,2343231,-30136769,22276196,26025196,65307000,-36993000,36993000,32480000,89,0.0,-24991.8934,0.1375,0.0,0.2417,0.1683,situacion_critica,calculado,alta,baja,evidencia_temporal_disponible,balance_negativo,ninguna_relevante_para_el_periodo,La ventana entre 2026-04-01 y 2026-06-30 muestra un balance de -36993000 COP y una cobertura estimada de 0.00 meses. Este resultado describe el periodo y no a la persona.,historia_controlada_recalculada_v2,train,situacion_critica,si,roadmap_14_mvp_estructurado_v2.0,fincoach_mvp_estructurado_v2.0,750460de0f48887591872168daf820081f4352869041403dfa188b23095e2399,18670000,0,0,0,31458000,19692000,764000,716000,4513000
VEN_0043_1,PERF_0043,dentro_del_mvp,2026-04-30,2026-04-01,2026-04-30,acumulada_30_dias,30,25,96.0,560000,0,0,0,0,3238000,2032000,252000,708000,0,141000,6449850,3771850,0,0,3798000,-2678000,2678000,2678000,29,0.5848,0.0,0.0,1.8562,0.0,0.0,uso_planificado_reserva,calculado,alta,baja,evidencia_temporal_disponible,balance_negativo,ninguna_relevante_para_el_periodo,La ventana entre 2026-04-01 y 2026-04-30 muestra un balance de -2678000 COP y una cobertura estimada de 1.86 meses. Este resultado describe el periodo y no a la persona.,historia_controlada_recalculada_v2,test,acumulacion_estable,si,roadmap_14_mvp_estructurado_v2.0,fincoach_mvp_estructurado_v2.0,7f497615007a37e690a5a0cf9d38cd3a2a046a1651fbd836c8af6a49186c8a90,560000,0,0,0,2051000,1187000,0,0,0
VEN_0043_2,PERF_0043,dentro_del_mvp,2026-05-31,2026-04-01,2026-05-31,acumulada_61_dias,61,49,93.8776,1120000,0,0,0,0,6476000,4334000,459000,708000,0,448000,6449850,1093850,0,0,7596000,-5356000,5356000,5356000,60,0.1696,1463.388,0.0,0.5048,0.0,0.0,fragilidad_sostenida,calculado,alta,baja,evidencia_temporal_disponible,balance_negativo,ninguna_relevante_para_el_periodo,La ventana entre 2026-04-01 y 2026-05-31 muestra un balance de -5356000 COP y una cobertura estimada de 0.50 meses. Este resultado describe el periodo y no a la persona.,historia_controlada_recalculada_v2,test,acumulacion_estable,si,roadmap_14_mvp_estructurado_v2.0,fincoach_mvp_estructurado_v2.0,2cb6f6c7c0d49300d6d732300eb7c2ac8cefba52032c329c0cc7164cc9d103fd,1120000,0,0,0,4354000,2122000,0,0,0
VEN_0043_3,PERF_0043,dentro_del_mvp,2026-06-30,2026-04-01,2026-06-30,acumulada_91_dias,91,75,96.0,1680000,0,0,0,0,9714000,6480000,776000,1086000,0,520000,6449850,-1584150,0,0,11394000,-8034000,8034000,8034000,90,0.0,-482.4356,0.0,0.0,0.0,0.0,situacion_critica,calculado,alta,baja,evidencia_temporal_disponible,balance_negativo,ninguna_relevante_para_el_periodo,La ventana entre 2026-04-01 y 2026-06-30 muestra un balance de -8034000 COP y una cobertura estimada de 0.00 meses. Este resultado describe el periodo y no a la persona.,historia_controlada_recalculada_v2,test,acumulacion_estable,si,roadmap_14_mvp_estructurado_v2.0,fincoach_mvp_estructurado_v2.0,e80eb55e6f4caa28f496601a50b0cfe2bcf6789e49920ff9c30f70c45cc03975,1680000,0,0,0,6435000,3279000,0,0,0
VEN_0044_1,PERF_0044,dentro_del_mvp,2026-04-30,2026-04-01,2026-04-30,acumulada_30_dias,30,23,100.0,660000,0,0,120000,0,7320000,5853000,429000,334000,319000,0,3172244,-3367756,13330046,13330046,7980000,-6660000,6660000,6540000,27,0.0,0.0,0.0,0.0,0.0,0.0,situacion_critica,calculado,alta,baja,evidencia_temporal_disponible,balance_negativo,ninguna_relevante_para_el_periodo,La ventana entre 2026-04-01 y 2026-04-30 muestra un balance de -6660000 COP y una cobertura estimada de 0.00 meses. Este resultado describe el periodo y no a la persona.,historia_controlada_recalculada_v2,test,equilibrio_sostenible,si,roadmap_14_mvp_estructurado_v2.0,fincoach_mvp_estructurado_v2.0,7552d6474d84166a03aa4145f8eb9ca1955b49f3fa847de9fa993ca044eaa692,660000,120000,0,0,4964000,2356000,0,319000,0
VEN_0044_2,PERF_0044,dentro_del_mvp,2026-05-31,2026-04-01,2026-05-31,acumulada_61_dias,61,46,97.8261,1320000,0,0,120000,0,14640000,9517000,1473000,1624000,319000,736000,3172244,-10027756,13330046,13330046,15960000,-13320000,13320000,13200000,58,0.0,3639.3443,0.0,0.0,0.0,0.0,situacion_critica,calculado,alta,baja,evidencia_temporal_disponible,balance_negativo,ninguna_relevante_para_el_periodo,La ventana entre 2026-04-01 y 2026-05-31 muestra un balance de -13320000 COP y una cobertura estimada de 0.00 meses. Este resultado describe el periodo y no a la persona.,historia_controlada_recalculada_v2,test,equilibrio_sostenible,si,roadmap_14_mvp_estructurado_v2.0,fincoach_mvp_estructurado_v2.0,bee26d35f1a8a5309f10a6e95854909640831a7cd51578e2e79b6e655aefda72,1320000,120000,0,0,8460000,6180000,0,319000,0
VEN_0044_3,PERF_0044,dentro_del_mvp,2026-06-30,2026-04-01,2026-06-30,acumulada_91_dias,91,68,95.5882,1980000,0,0,120000,0,21960000,13837000,1884000,3560000,319000,951000,3172244,-16687756,13330046,13330046,23940000,-19980000,19980000,19860000,88,0.0,-1199.7838,0.0,0.0,0.0,0.0,situacion_critica,calculado,alta,baja,evidencia_temporal_disponible,balance_negativo,ninguna_relevante_para_el_periodo,La ventana entre 2026-04-01 y 2026-06-30 muestra un balance de -19980000 COP y una cobertura estimada de 0.00 meses. Este resultado describe el periodo y no a la persona.,historia_controlada_recalculada_v2,test,equilibrio_sostenible,si,roadmap_14_mvp_estructurado_v2.0,fincoach_mvp_estructurado_v2.0,4f2125621b722a772e9b47f1a29e4235cb7a52d4c3f6a9c70f6fd33a536ac752,1980000,120000,0,0,12281000,9679000,0,319000,0
VEN_0045_1,PERF_0045,dentro_del_mvp,2026-04-30,2026-04-01,2026-04-30,acumulada_30_dias,30,26,92.3077,0,500000,0,0,0,2660000,1672000,165000,499000,0,88000,4623594,2463594,6211319,6211319,3160000,-2160000,2160000,2160000,28,0.5328,0.0,0.0,1.4734,1.0,0.0,uso_planificado_reserva,calculado,alta,baja,evidencia_temporal_disponible,balance_negativo,motivo_de_periodos_sin_ingreso,La ventana entre 2026-04-01 y 2026-04-30 muestra un balance de -2160000 COP y una cobertura estimada de 1.47 meses. Este resultado describe el periodo y no a la persona.,historia_controlada_recalculada_v2,train,variable_resiliente,si,roadmap_14_mvp_estructurado_v2.0,fincoach_mvp_estructurado_v2.0,1b6c2b2e60688400c4a2e0a06bdb154f45814d06106f5dcfe65e1f2af54876f6,500000,0,0,1,1786000,874000,0,0,0
VEN_0045_2,PERF_0045,dentro_del_mvp,2026-05-31,2026-04-01,2026-05-31,acumulada_61_dias,61,48,91.6667,0,1000000,0,0,0,4519000,2847000,230000,764000,168000,88000,4623594,1104594,6211319,6125319,5519000,-3519000,3519000,3519000,59,0.2389,14311.4754,0.0,0.776,1.0,-0.0138,fragilidad_sostenida,calculado,alta,baja,evidencia_temporal_disponible,balance_negativo,motivo_de_periodos_sin_ingreso,La ventana entre 2026-04-01 y 2026-05-31 muestra un balance de -3519000 COP y una cobertura estimada de 0.78 meses. Este resultado describe el periodo y no a la persona.,historia_controlada_recalculada_v2,train,variable_resiliente,si,roadmap_14_mvp_estructurado_v2.0,fincoach_mvp_estructurado_v2.0,e31b7f2fc560c034a6e4fd21a1b7daa7ef5137a5275ad1b3e5bd5f224e147492,1000000,0,0,2,2873000,1646000,86000,82000,0
VEN_0045_3,PERF_0045,dentro_del_mvp,2026-06-30,2026-04-01,2026-06-30,acumulada_91_dias,91,73,93.1507,0,1500000,0,0,0,8082000,5563000,598000,951000,168000,88000,4623594,-1958406,6211319,6125319,9582000,-6582000,6582000,6582000,89,0.0,-14641.1457,0.0,0.0,1.0,-0.0138,situacion_critica,calculado,alta,baja,evidencia_temporal_disponible,balance_negativo,motivo_de_periodos_sin_ingreso,La ventana entre 2026-04-01 y 2026-06-30 muestra un balance de -6582000 COP y una cobertura estimada de 0.00 meses. Este resultado describe el periodo y no a la persona.,historia_controlada_recalculada_v2,train,variable_resiliente,si,roadmap_14_mvp_estructurado_v2.0,fincoach_mvp_estructurado_v2.0,5e355f7f8a71aa65a5b6522ebae1541dd69e87cc72c93d4d262091b4b6f9d2eb,1500000,0,0,3,5226000,2856000,86000,82000,0
VEN_0046_1,PERF_0046,dentro_del_mvp,2026-04-30,2026-04-01,2026-04-30,acumulada_30_dias,30,30,96.6667,570000,0,0,0,0,2531000,1402000,390000,106000,117000,0,7431240,5470240,4714216,4714216,3101000,-1961000,1961000,1961000,29,0.7361,0.0,0.0,3.9017,0.0,0.0,uso_planificado_reserva,calculado,alta,baja,evidencia_temporal_disponible,balance_negativo,ninguna_relevante_para_el_periodo,La ventana entre 2026-04-01 y 2026-04-30 muestra un balance de -1961000 COP y una cobertura estimada de 3.90 meses. Este resultado describe el periodo y no a la persona.,historia_controlada_recalculada_v2,train,uso_planificado_reserva,si,roadmap_14_mvp_estructurado_v2.0,fincoach_mvp_estructurado_v2.0,2cae3a52c6aec9fb202e33b122b6d2906c8c77f5f14d6358ca04c0cc8b51f764,570000,0,0,0,1649000,882000,0,117000,0
VEN_0046_2,PERF_0046,dentro_del_mvp,2026-05-31,2026-04-01,2026-05-31,acumulada_61_dias,61,59,98.3051,1140000,0,0,0,0,9187000,4630000,1018000,1197000,358000,852000,7431240,-615760,4714216,4714216,10327000,-8047000,8047000,8047000,60,0.0,-66551.3661,0.0,0.0,0.0,0.0,situacion_critica,calculado,alta,baja,evidencia_temporal_disponible,balance_negativo,ninguna_relevante_para_el_periodo,La ventana entre 2026-04-01 y 2026-05-31 muestra un balance de -8047000 COP y una cobertura estimada de 0.00 meses. Este resultado describe el periodo y no a la persona.,historia_controlada_recalculada_v2,train,uso_planificado_reserva,si,roadmap_14_mvp_estructurado_v2.0,fincoach_mvp_estructurado_v2.0,46111e7c95703fd212c99687ad6d1dcad65c70bc36dca9f094b047fe99437ff3,1140000,0,0,0,5563000,3624000,0,358000,0
VEN_0046_3,PERF_0046,dentro_del_mvp,2026-06-30,2026-04-01,2026-06-30,acumulada_91_dias,91,89,97.7528,1710000,0,0,0,0,15843000,9256000,1472000,1598000,358000,1651000,7431240,-6701760,4714216,4714216,17553000,-14133000,14133000,14133000,90,0.0,-23389.6595,0.0,0.0,0.0,0.0,situacion_critica,calculado,alta,baja,evidencia_temporal_disponible,balance_negativo,ninguna_relevante_para_el_periodo,La ventana entre 2026-04-01 y 2026-06-30 muestra un balance de -14133000 COP y una cobertura estimada de 0.00 meses. Este resultado describe el periodo y no a la persona.,historia_controlada_recalculada_v2,train,uso_planificado_reserva,si,roadmap_14_mvp_estructurado_v2.0,fincoach_mvp_estructurado_v2.0,430b4ba33b2676475ba6ebd6323e3cb2135bbc6b648fb16497fcf887514f8da3,1710000,0,0,0,10232000,5611000,0,358000,0
VEN_0047_1,PERF_0047,dentro_del_mvp,2026-04-30,2026-04-01,2026-04-30,acumulada_30_dias,30,28,92.8571,890000,0,0,0,0,5592000,3065000,296000,1561000,0,252000,13303693,8601693,0,0,6482000,-4702000,4702000,4702000,28,0.6466,0.0,0.0,2.8064,0.0,0.0,uso_planificado_reserva,calculado,alta,baja,evidencia_temporal_disponible,balance_negativo,ninguna_relevante_para_el_periodo,La ventana entre 2026-04-01 y 2026-04-30 muestra un balance de -4702000 COP y una cobertura estimada de 2.81 meses. Este resultado describe el periodo y no a la persona.,historia_controlada_recalculada_v2,train,deterioro_reciente,si,roadmap_14_mvp_estructurado_v2.0,fincoach_mvp_estructurado_v2.0,420b2fae3e3d3eee2bf1504064f9f1f4f68b902e2b8a83433fabc7b507c326c1,890000,0,0,0,3561000,2031000,0,0,0
VEN_0047_2,PERF_0047,dentro_del_mvp,2026-05-31,2026-04-01,2026-05-31,acumulada_61_dias,61,53,94.3396,1780000,0,0,0,0,11184000,6978000,603000,1561000,0,1259000,13303693,3899693,0,0,12964000,-9404000,9404000,9404000,59,0.2931,2569.3989,0.0,1.1177,0.0,0.0,fragilidad_sostenida,calculado,alta,baja,evidencia_temporal_disponible,balance_negativo,ninguna_relevante_para_el_periodo,La ventana entre 2026-04-01 y 2026-05-31 muestra un balance de -9404000 COP y una cobertura estimada de 1.12 meses. Este resultado describe el periodo y no a la persona.,historia_controlada_recalculada_v2,train,deterioro_reciente,si,roadmap_14_mvp_estructurado_v2.0,fincoach_mvp_estructurado_v2.0,4e88c3e9c43521537eda8996d3ed9f104907d0f46079c5093f25bb5730c61365,1780000,0,0,0,8305000,2879000,0,0,0
VEN_0047_3,PERF_0047,dentro_del_mvp,2026-06-30,2026-04-01,2026-06-30,acumulada_91_dias,91,82,93.9024,2670000,0,0,0,0,19307000,12103000,1289000,2635000,0,2125000,13303693,-3333307,0,0,21977000,-16637000,16637000,16637000,89,0.0,-28660.2414,0.0,0.0,0.0,0.0,situacion_critica,calculado,alta,baja,evidencia_temporal_disponible,balance_negativo,ninguna_relevante_para_el_periodo,La ventana entre 2026-04-01 y 2026-06-30 muestra un balance de -16637000 COP y una cobertura estimada de 0.00 meses. Este resultado describe el periodo y no a la persona.,historia_controlada_recalculada_v2,train,deterioro_reciente,si,roadmap_14_mvp_estructurado_v2.0,fincoach_mvp_estructurado_v2.0,345e3206a0a1037a95da0f600b13d495ec9cf98515f45609c6f0e7114d48f415,2670000,0,0,0,13448000,5859000,0,0,0
VEN_0048_1,PERF_0048,dentro_del_mvp,2026-04-30,2026-04-01,2026-04-30,acumulada_30_dias,30,32,93.75,4876000,0,0,0,0,7897000,4471000,814000,592000,1001000,0,339918,-2681082,9810803,9386803,12773000,-3021000,3021000,6637000,29,0.0,0.0,0.0,0.0,0.0,-0.0432,situacion_critica,calculado,alta,baja,evidencia_temporal_disponible,balance_negativo,ninguna_relevante_para_el_periodo,La ventana entre 2026-04-01 y 2026-04-30 muestra un balance de -3021000 COP y una cobertura estimada de 0.00 meses. Este resultado describe el periodo y no a la persona.,historia_controlada_recalculada_v2,train,fragilidad_sostenida,si,roadmap_14_mvp_estructurado_v2.0,fincoach_mvp_estructurado_v2.0,c83c6dbbd4432469f3e17accf7fcecc559b7ed9f17d72eb79ab0a7b52435c394,4587000,289000,0,0,6122000,1775000,424000,577000,0
VEN_0048_2,PERF_0048,dentro_del_mvp,2026-05-31,2026-04-01,2026-05-31,acumulada_61_dias,61,64,95.3125,8200000,0,672000,0,0,17977000,11118000,1935000,1418000,1001000,271000,339918,-8765082,9810803,10058803,26177000,-9777000,9777000,12726000,60,0.0,-59578.6885,0.1893,0.0,0.0757,0.0253,situacion_critica,calculado,alta,baja,evidencia_temporal_disponible,balance_negativo,ninguna_relevante_para_el_periodo,La ventana entre 2026-04-01 y 2026-05-31 muestra un balance de -9777000 COP y una cobertura estimada de 0.00 meses. Este resultado describe el periodo y no a la persona.,historia_controlada_recalculada_v2,train,fragilidad_sostenida,si,roadmap_14_mvp_estructurado_v2.0,fincoach_mvp_estructurado_v2.0,7efac43da7e55b59732ed35958c87f82abcebd0cff6dc1d3cba6ae2d397ca1fa,6190000,2682000,0,0,13916000,4061000,424000,577000,672000
VEN_0048_3,PERF_0048,dentro_del_mvp,2026-06-30,2026-04-01,2026-06-30,acumulada_91_dias,91,95,93.6842,12075000,0,1344000,0,0,28057000,17108000,2454000,2718000,1298000,852000,339918,-14298082,9810803,10433803,40132000,-15982000,15982000,18030000,90,0.0,-15347.6851,0.1596,0.0,0.1002,0.0635,situacion_critica,calculado,alta,baja,evidencia_temporal_disponible,balance_negativo,ninguna_relevante_para_el_periodo,La ventana entre 2026-04-01 y 2026-06-30 muestra un balance de -15982000 COP y una cobertura estimada de 0.00 meses. Este resultado describe el periodo y no a la persona.,historia_controlada_recalculada_v2,train,fragilidad_sostenida,si,roadmap_14_mvp_estructurado_v2.0,fincoach_mvp_estructurado_v2.0,7d3523b6ec807dabc67d2dfb3f79f580bf8eb931cfce4b9c0f87d9be026cd6e0,10401000,3018000,0,0,19945000,8112000,721000,577000,1344000
VEN_0049_1,PERF_0049,dentro_del_mvp,2026-04-30,2026-04-01,2026-04-30,acumulada_30_dias,30,33,96.9697,3409000,0,684000,70000,0,10260000,7151000,749000,1604000,0,0,1864371,-4232629,22281500,22965500,13669000,-6851000,6851000,8881000,29,0.0,0.0,0.0,0.0,0.1643,0.0307,situacion_critica,calculado,alta,baja,evidencia_temporal_disponible,balance_negativo,ninguna_relevante_para_el_periodo,La ventana entre 2026-04-01 y 2026-04-30 muestra un balance de -6851000 COP y una cobertura estimada de 0.00 meses. Este resultado describe el periodo y no a la persona.,historia_controlada_recalculada_v2,train,situacion_critica,si,roadmap_14_mvp_estructurado_v2.0,fincoach_mvp_estructurado_v2.0,5e497db2b9616742fdbbc0f66f839f54a5f54298b2dab315b65916b4158b04b3,4163000,0,0,0,7221000,3039000,0,0,684000
VEN_0049_2,PERF_0049,dentro_del_mvp,2026-05-31,2026-04-01,2026-05-31,acumulada_61_dias,61,65,96.9231,6199000,0,684000,320000,0,23217000,12833000,1670000,4673000,425000,1331000,1864371,-14149629,22281500,22540500,29416000,-17018000,17018000,16014000,60,0.0,-50616.9399,0.0999,0.0,0.095,0.0116,situacion_critica,calculado,alta,baja,evidencia_temporal_disponible,balance_negativo,ninguna_relevante_para_el_periodo,La ventana entre 2026-04-01 y 2026-05-31 muestra un balance de -17018000 COP y una cobertura estimada de 0.00 meses. Este resultado describe el periodo y no a la persona.,historia_controlada_recalculada_v2,train,situacion_critica,si,roadmap_14_mvp_estructurado_v2.0,fincoach_mvp_estructurado_v2.0,ca083aaa57cd1764898f8e4d509b03407c9c1b7ab576c7436540563d61501477,4413000,2790000,0,0,16852000,6365000,425000,0,684000
VEN_0049_3,PERF_0049,dentro_del_mvp,2026-06-30,2026-04-01,2026-06-30,acumulada_91_dias,91,97,95.8763,8863000,0,1938000,320000,0,36174000,20871000,2786000,6250000,1122000,1738000,1864371,-23188629,22281500,23491500,45037000,-27311000,27311000,25081000,90,0.0,-21137.2726,0.1102,0.0,0.1743,0.0543,situacion_critica,calculado,alta,baja,evidencia_temporal_disponible,balance_negativo,ninguna_relevante_para_el_periodo,La ventana entre 2026-04-01 y 2026-06-30 muestra un balance de -27311000 COP y una cobertura estimada de 0.00 meses. Este resultado describe el periodo y no a la persona.,historia_controlada_recalculada_v2,train,situacion_critica,si,roadmap_14_mvp_estructurado_v2.0,fincoach_mvp_estructurado_v2.0,00ae81552f53f336efa742ebefcef49e8de8d6d41fe0d69c0fedee5dd8579acc,7641000,3480000,0,0,26837000,9337000,728000,394000,1938000
VEN_0050_1,PERF_0050,dentro_del_mvp,2026-04-30,2026-04-01,2026-04-30,acumulada_30_dias,30,30,96.6667,6390000,0,0,0,0,3747000,2163000,348000,554000,129000,95000,10297987,12940987,7501768,7372768,10137000,2643000,0,849000,0,1.0,0.0,0.0,5.9829,0.0,-0.0172,acumulacion_estable,calculado,alta,baja,balance_no_negativo,sin_factor_dominante,ninguna_relevante_para_el_periodo,La ventana entre 2026-04-01 y 2026-04-30 muestra un balance de 2643000 COP y una cobertura estimada de 5.98 meses. Este resultado describe el periodo y no a la persona.,historia_controlada_recalculada_v2,test,acumulacion_estable,si,roadmap_14_mvp_estructurado_v2.0,fincoach_mvp_estructurado_v2.0,661ed92ce736643ab8242a6288a215ca9849321bb2c540f0eab3dbc36ac54dd4,0,0,6390000,0,2745000,1002000,129000,0,0
VEN_0050_2,PERF_0050,dentro_del_mvp,2026-05-31,2026-04-01,2026-05-31,acumulada_61_dias,61,55,98.1818,6390000,0,0,0,0,7494000,4241000,796000,1197000,129000,217000,10297987,9193987,7501768,7372768,13884000,-1104000,1104000,3747000,32,0.7105,-106198.3607,1.0,4.3358,0.0,-0.0172,deterioro_reciente,calculado,alta,baja,evidencia_temporal_disponible,balance_negativo,motivo_de_periodos_sin_ingreso,La ventana entre 2026-04-01 y 2026-05-31 muestra un balance de -1104000 COP y una cobertura estimada de 4.34 meses. Este resultado describe el periodo y no a la persona.,historia_controlada_recalculada_v2,test,acumulacion_estable,si,roadmap_14_mvp_estructurado_v2.0,fincoach_mvp_estructurado_v2.0,55ffe9a930daf00ad0c9f529807fc1bea0e62ea48a6d95b840e363e0182e00a8,0,0,6390000,1,5659000,1835000,129000,0,0
VEN_0050_3,PERF_0050,dentro_del_mvp,2026-06-30,2026-04-01,2026-06-30,acumulada_91_dias,91,85,97.6471,12579000,219000,0,0,0,11241000,6423000,1162000,1637000,334000,522000,10297987,11854987,7501768,7167768,24039000,1557000,0,5001000,62,0.9161,35208.2508,0.7074,5.5371,0.0171,-0.0445,variable_resiliente,calculado,alta,baja,balance_no_negativo,sin_factor_dominante,motivo_de_periodos_sin_ingreso,La ventana entre 2026-04-01 y 2026-06-30 muestra un balance de 1557000 COP y una cobertura estimada de 5.54 meses. Este resultado describe el periodo y no a la persona.,historia_controlada_recalculada_v2,test,acumulacion_estable,si,roadmap_14_mvp_estructurado_v2.0,fincoach_mvp_estructurado_v2.0,8cce36d43867e2c7edaafc939100d2977fa151aa9f59e612bd9d27aea0716220,0,219000,12579000,1,8706000,2535000,334000,0,0
VEN_0051_1,PERF_0051,dentro_del_mvp,2026-04-30,2026-04-01,2026-04-30,acumulada_30_dias,30,31,96.7742,11446000,0,0,0,0,10155000,6060000,877000,1329000,0,0,28331959,29622959,0,0,21601000,1291000,0,2354000,9,0.9435,0.0,0.0,4.8883,0.0,0.0,acumulacion_estable,calculado,alta,baja,balance_no_negativo,sin_factor_dominante,ninguna_relevante_para_el_periodo,La ventana entre 2026-04-01 y 2026-04-30 muestra un balance de 1291000 COP y una cobertura estimada de 4.89 meses. Este resultado describe el periodo y no a la persona.,historia_controlada_recalculada_v2,test,equilibrio_sostenible,si,roadmap_14_mvp_estructurado_v2.0,fincoach_mvp_estructurado_v2.0,7dfb2974d90db48a63dedfa89b128ef95c141617e8de8aefe670abd430042941,11446000,0,0,0,6453000,3702000,0,0,0
VEN_0051_2,PERF_0051,dentro_del_mvp,2026-05-31,2026-04-01,2026-05-31,acumulada_61_dias,61,61,98.3607,21378000,1033000,0,0,0,20310000,12533000,1631000,3814000,0,251000,28331959,30432959,0,0,42721000,2101000,0,3676000,21,0.8922,-8590.7104,0.0708,4.8565,0.0461,0.0,acumulacion_estable,calculado,alta,baja,balance_no_negativo,sin_factor_dominante,ninguna_relevante_para_el_periodo,La ventana entre 2026-04-01 y 2026-05-31 muestra un balance de 2101000 COP y una cobertura estimada de 4.86 meses. Este resultado describe el periodo y no a la persona.,historia_controlada_recalculada_v2,test,equilibrio_sostenible,si,roadmap_14_mvp_estructurado_v2.0,fincoach_mvp_estructurado_v2.0,8906fff3d3fe109344e4c671a477d8479a9bb98e9c16d75c334c418768454899,21378000,1033000,0,0,12867000,7443000,0,0,0
VEN_0051_3,PERF_0051,dentro_del_mvp,2026-06-30,2026-04-01,2026-06-30,acumulada_91_dias,91,91,97.8022,32510000,1033000,0,0,0,30465000,17889000,3100000,4727000,0,694000,28331959,31409959,0,0,64008000,3078000,0,6895000,51,0.9209,-618.4471,0.0602,5.2675,0.0308,0.0,acumulacion_estable,calculado,alta,baja,balance_no_negativo,sin_factor_dominante,ninguna_relevante_para_el_periodo,La ventana entre 2026-04-01 y 2026-06-30 muestra un balance de 3078000 COP y una cobertura estimada de 5.27 meses. Este resultado describe el periodo y no a la persona.,historia_controlada_recalculada_v2,test,equilibrio_sostenible,si,roadmap_14_mvp_estructurado_v2.0,fincoach_mvp_estructurado_v2.0,ee2a818c2d2f2a7200f142af67252a204c0b68468c4396fc577ec9d7f8f07bea,32510000,1033000,0,0,20058000,10407000,0,0,0
VEN_0052_1,PERF_0052,dentro_del_mvp,2026-04-30,2026-04-01,2026-04-30,acumulada_30_dias,30,34,97.0588,7036000,789000,0,0,0,6388000,3438000,538000,1012000,954000,215000,11266828,12703828,5621688,5469688,14213000,1437000,0,5146000,29,0.8076,0.0,0.0,3.6951,0.1008,-0.027,acumulacion_estable,calculado,alta,baja,balance_no_negativo,sin_factor_dominante,ninguna_relevante_para_el_periodo,La ventana entre 2026-04-01 y 2026-04-30 muestra un balance de 1437000 COP y una cobertura estimada de 3.70 meses. Este resultado describe el periodo y no a la persona.,historia_controlada_recalculada_v2,train,variable_resiliente,si,roadmap_14_mvp_estructurado_v2.0,fincoach_mvp_estructurado_v2.0,45bbf53e5f68d5ea894c9e57c174d44263efce7766770e913c01656fa72528c9,0,789000,7036000,0,5055000,1333000,152000,802000,0
VEN_0052_2,PERF_0052,dentro_del_mvp,2026-05-31,2026-04-01,2026-05-31,acumulada_61_dias,61,63,95.2381,7036000,789000,0,0,0,14945000,8434000,960000,1579000,1479000,1239000,11266828,4146828,5621688,5142688,22770000,-7120000,7120000,11584000,60,0.2636,-164621.3115,1.0,0.9834,0.1008,-0.0852,deterioro_reciente,calculado,alta,baja,evidencia_temporal_disponible,balance_negativo,motivo_de_periodos_sin_ingreso,La ventana entre 2026-04-01 y 2026-05-31 muestra un balance de -7120000 COP y una cobertura estimada de 0.98 meses. Este resultado describe el periodo y no a la persona.,historia_controlada_recalculada_v2,train,variable_resiliente,si,roadmap_14_mvp_estructurado_v2.0,fincoach_mvp_estructurado_v2.0,5eaee5413c85739c183b3b10da452e273e1e3bfada81535e9e0d1506a4945421,0,789000,7036000,1,11132000,3813000,479000,1000000,0
VEN_0052_3,PERF_0052,dentro_del_mvp,2026-06-30,2026-04-01,2026-06-30,acumulada_91_dias,91,96,96.875,12616000,1243000,0,0,0,23502000,13944000,1834000,3577000,1479000,1239000,11266828,1623828,5621688,5142688,37361000,-9643000,9643000,14107000,90,0.1032,10754.2785,0.7211,0.3494,0.0897,-0.0852,fragilidad_sostenida,calculado,alta,baja,evidencia_temporal_disponible,balance_negativo,motivo_de_periodos_sin_ingreso,La ventana entre 2026-04-01 y 2026-06-30 muestra un balance de -9643000 COP y una cobertura estimada de 0.35 meses. Este resultado describe el periodo y no a la persona.,historia_controlada_recalculada_v2,train,variable_resiliente,si,roadmap_14_mvp_estructurado_v2.0,fincoach_mvp_estructurado_v2.0,ccedf93a7279c3eb254b5a218dac527c5b295f5e8c2eda358afa28181ebafc87,0,1243000,12616000,1,16253000,7249000,479000,1000000,0
VEN_0053_1,PERF_0053,dentro_del_mvp,2026-04-30,2026-04-01,2026-04-30,acumulada_30_dias,30,33,96.9697,5652000,0,0,0,0,3374000,2152000,324000,0,0,100000,14969973,17247973,0,0,9026000,2278000,0,920000,2,0.9914,0.0,0.0,8.0149,0.0,0.0,acumulacion_estable,calculado,alta,baja,balance_no_negativo,sin_factor_dominante,ninguna_relevante_para_el_periodo,La ventana entre 2026-04-01 y 2026-04-30 muestra un balance de 2278000 COP y una cobertura estimada de 8.01 meses. Este resultado describe el periodo y no a la persona.,historia_controlada_recalculada_v2,train,uso_planificado_reserva,si,roadmap_14_mvp_estructurado_v2.0,fincoach_mvp_estructurado_v2.0,825993ee5cfccc87a6425bbe8411caffe4139ac535b433e2336eada9c6e16b7f,0,0,5652000,0,2036000,1338000,0,0,0
VEN_0053_2,PERF_0053,dentro_del_mvp,2026-05-31,2026-04-01,2026-05-31,acumulada_61_dias,61,60,98.3333,5652000,0,0,170000,0,12248000,7710000,1700000,700000,0,341000,14969973,8543973,0,0,17900000,-6596000,6596000,8853000,33,0.4911,-184064.4809,1.0,2.2163,0.0,0.0,deterioro_reciente,calculado,alta,baja,evidencia_temporal_disponible,balance_negativo,motivo_de_periodos_sin_ingreso,La ventana entre 2026-04-01 y 2026-05-31 muestra un balance de -6596000 COP y una cobertura estimada de 2.22 meses. Este resultado describe el periodo y no a la persona.,historia_controlada_recalculada_v2,train,uso_planificado_reserva,si,roadmap_14_mvp_estructurado_v2.0,fincoach_mvp_estructurado_v2.0,a4d886e9bbcd35530450b40533bf213c5f7cee0b004ac2baa03ec775a6b033eb,0,170000,5652000,1,8010000,4238000,0,0,0
VEN_0053_3,PERF_0053,dentro_del_mvp,2026-06-30,2026-04-01,2026-06-30,acumulada_91_dias,91,92,96.7391,8979000,0,0,170000,0,21122000,12442000,2420000,2933000,0,341000,14969973,2996973,0,0,30101000,-12143000,12143000,15712000,63,0.1723,-25308.4129,0.775,0.7226,0.0,0.0,fragilidad_sostenida,calculado,alta,baja,evidencia_temporal_disponible,balance_negativo,motivo_de_periodos_sin_ingreso,La ventana entre 2026-04-01 y 2026-06-30 muestra un balance de -12143000 COP y una cobertura estimada de 0.72 meses. Este resultado describe el periodo y no a la persona.,historia_controlada_recalculada_v2,train,uso_planificado_reserva,si,roadmap_14_mvp_estructurado_v2.0,fincoach_mvp_estructurado_v2.0,5adc7c7c223ae695c3a25dc30e771b9060f74452beef81776c9e7ebe8d8f56b1,0,170000,8979000,1,13566000,7556000,0,0,0
VEN_0054_1,PERF_0054,dentro_del_mvp,2026-04-30,2026-04-01,2026-04-30,acumulada_30_dias,30,27,100.0,0,500000,0,220000,0,6942000,3158000,889000,1866000,0,128000,6768332,546332,0,0,7442000,-6442000,6442000,6222000,29,0.0807,0.0,0.0,0.173,0.6944,0.0,fragilidad_sostenida,calculado,alta,baja,evidencia_temporal_disponible,balance_negativo,motivo_de_periodos_sin_ingreso,La ventana entre 2026-04-01 y 2026-04-30 muestra un balance de -6442000 COP y una cobertura estimada de 0.17 meses. Este resultado describe el periodo y no a la persona.,historia_controlada_recalculada_v2,train,deterioro_reciente,si,roadmap_14_mvp_estructurado_v2.0,fincoach_mvp_estructurado_v2.0,779e17c3707201adc33d439ea21824f726ee8015aa3ac3153e3b6260ba18c059,560000,160000,0,1,3667000,3275000,0,0,0
VEN_0054_2,PERF_0054,dentro_del_mvp,2026-05-31,2026-04-01,2026-05-31,acumulada_61_dias,61,49,95.9184,0,1000000,0,220000,0,13884000,8029000,1596000,2584000,0,373000,6768332,-5895668,0,0,14884000,-12884000,12884000,12664000,60,0.0,3520.2186,0.0,0.0,0.8197,0.0,situacion_critica,calculado,alta,baja,evidencia_temporal_disponible,balance_negativo,motivo_de_periodos_sin_ingreso,La ventana entre 2026-04-01 y 2026-05-31 muestra un balance de -12884000 COP y una cobertura estimada de 0.00 meses. Este resultado describe el periodo y no a la persona.,historia_controlada_recalculada_v2,train,deterioro_reciente,si,roadmap_14_mvp_estructurado_v2.0,fincoach_mvp_estructurado_v2.0,f66e0102487edd5971d1418ba51e13bc3c69230b1e639c4e89ea6dd1063c74cd,1060000,160000,0,2,8996000,4888000,0,0,0
VEN_0054_3,PERF_0054,dentro_del_mvp,2026-06-30,2026-04-01,2026-06-30,acumulada_91_dias,91,72,95.8333,0,1500000,0,670000,0,23967000,15289000,2016000,3050000,0,682000,6768332,-15028668,0,0,25467000,-22467000,22467000,21797000,90,0.0,-35676.9951,0.0,0.0,0.6912,0.0,situacion_critica,calculado,alta,baja,evidencia_temporal_disponible,balance_negativo,motivo_de_periodos_sin_ingreso,La ventana entre 2026-04-01 y 2026-06-30 muestra un balance de -22467000 COP y una cobertura estimada de 0.00 meses. Este resultado describe el periodo y no a la persona.,historia_controlada_recalculada_v2,train,deterioro_reciente,si,roadmap_14_mvp_estructurado_v2.0,fincoach_mvp_estructurado_v2.0,db361c09a11fec5b55ea13cdd480ac3dbfa576f887d0ae8e580627178151332c,1760000,410000,0,3,15262000,8705000,0,0,0
VEN_0055_1,PERF_0055,dentro_del_mvp,2026-04-30,2026-04-01,2026-04-30,acumulada_30_dias,30,25,100.0,500000,0,0,0,0,5528000,2843000,217000,1941000,0,70000,142441,-4885559,13189055,13189055,6028000,-5028000,5028000,5028000,27,0.0,0.0,0.0,0.0,0.0,0.0,situacion_critica,calculado,alta,baja,evidencia_temporal_disponible,balance_negativo,ninguna_relevante_para_el_periodo,La ventana entre 2026-04-01 y 2026-04-30 muestra un balance de -5028000 COP y una cobertura estimada de 0.00 meses. Este resultado describe el periodo y no a la persona.,historia_controlada_recalculada_v2,train,fragilidad_sostenida,si,roadmap_14_mvp_estructurado_v2.0,fincoach_mvp_estructurado_v2.0,5d024c559ae0cddc6252f1602f8a7a42e045817d2d0baa3ee525466538365bb8,500000,0,0,0,5059000,469000,0,0,0
VEN_0055_2,PERF_0055,dentro_del_mvp,2026-05-31,2026-04-01,2026-05-31,acumulada_61_dias,61,51,98.0392,1000000,0,470000,240000,0,12584000,7614000,747000,2568000,337000,70000,142441,-10731559,13189055,13659055,13584000,-11584000,11584000,10874000,58,0.0,-22301.6393,0.0,0.0,0.2749,0.0356,situacion_critica,calculado,alta,baja,evidencia_temporal_disponible,balance_negativo,ninguna_relevante_para_el_periodo,La ventana entre 2026-04-01 y 2026-05-31 muestra un balance de -11584000 COP y una cobertura estimada de 0.00 meses. Este resultado describe el periodo y no a la persona.,historia_controlada_recalculada_v2,train,fragilidad_sostenida,si,roadmap_14_mvp_estructurado_v2.0,fincoach_mvp_estructurado_v2.0,e8165acc85c776603df670d48f77a62dafe799fccd6aa65659b29b128e37ca81,1470000,240000,0,0,10250000,2334000,0,337000,470000
VEN_0055_3,PERF_0055,dentro_del_mvp,2026-06-30,2026-04-01,2026-06-30,acumulada_91_dias,91,80,98.75,1500000,0,940000,240000,0,19640000,10777000,1501000,4094000,1541000,221000,142441,-16817559,13189055,13859055,21140000,-18140000,18140000,16960000,88,0.0,-9439.02,0.0,0.0,0.3507,0.0508,situacion_critica,calculado,alta,baja,evidencia_temporal_disponible,balance_negativo,ninguna_relevante_para_el_periodo,La ventana entre 2026-04-01 y 2026-06-30 muestra un balance de -18140000 COP y una cobertura estimada de 0.00 meses. Este resultado describe el periodo y no a la persona.,historia_controlada_recalculada_v2,train,fragilidad_sostenida,si,roadmap_14_mvp_estructurado_v2.0,fincoach_mvp_estructurado_v2.0,e2a846d9868f65c4fda0d77be331ac68a4b8359b2ddb0e661ab644e97e41680c,2440000,240000,0,0,16427000,3213000,270000,1271000,940000
VEN_0056_1,PERF_0056,dentro_del_mvp,2026-04-30,2026-04-01,2026-04-30,acumulada_30_dias,30,27,96.2963,500000,0,985000,40000,0,8010000,4703000,311000,2234000,0,0,386122,-6098878,18182612,19167612,8510000,-7510000,7510000,6485000,28,0.0,0.0,0.0,0.0,0.6459,0.0542,situacion_critica,calculado,alta,baja,evidencia_temporal_disponible,balance_negativo,ninguna_relevante_para_el_periodo,La ventana entre 2026-04-01 y 2026-04-30 muestra un balance de -7510000 COP y una cobertura estimada de 0.00 meses. Este resultado describe el periodo y no a la persona.,historia_controlada_recalculada_v2,train,situacion_critica,si,roadmap_14_mvp_estructurado_v2.0,fincoach_mvp_estructurado_v2.0,3073c9ebc7efe9f0e1c1da69b466ab18df7af8546f1a3560387c31dc12eb459e,1074000,451000,0,0,4087000,3923000,0,0,985000
VEN_0056_2,PERF_0056,dentro_del_mvp,2026-05-31,2026-04-01,2026-05-31,acumulada_61_dias,61,54,96.2963,1000000,0,1964000,40000,0,18125000,10067000,1945000,3170000,667000,263000,386122,-14734878,18182612,19852612,19125000,-17125000,17125000,15121000,59,0.0,-30404.3716,0.0,0.0,0.6538,0.0918,situacion_critica,calculado,alta,baja,evidencia_temporal_disponible,balance_negativo,ninguna_relevante_para_el_periodo,La ventana entre 2026-04-01 y 2026-05-31 muestra un balance de -17125000 COP y una cobertura estimada de 0.00 meses. Este resultado describe el periodo y no a la persona.,historia_controlada_recalculada_v2,train,situacion_critica,si,roadmap_14_mvp_estructurado_v2.0,fincoach_mvp_estructurado_v2.0,2fccb8dd8af9417851086890687a012dcf944d76a1d19307c8eca92d7ca80231,2553000,451000,0,0,10438000,7687000,294000,373000,1964000
VEN_0056_3,PERF_0056,dentro_del_mvp,2026-06-30,2026-04-01,2026-06-30,acumulada_91_dias,91,80,96.25,1500000,0,3724000,240000,0,28240000,17682000,1945000,4431000,970000,263000,386122,-22389878,18182612,21612612,29740000,-26740000,26740000,23557000,89,0.0,-13108.4489,0.0,0.0,0.6816,0.1886,situacion_critica,calculado,alta,baja,evidencia_temporal_disponible,balance_negativo,ninguna_relevante_para_el_periodo,La ventana entre 2026-04-01 y 2026-06-30 muestra un balance de -26740000 COP y una cobertura estimada de 0.00 meses. Este resultado describe el periodo y no a la persona.,historia_controlada_recalculada_v2,train,situacion_critica,si,roadmap_14_mvp_estructurado_v2.0,fincoach_mvp_estructurado_v2.0,f6ca02209a42a1b5f90e7caa9c6f994dd164846bb4cc3bb664acaddfe95d39d5,4232000,1232000,0,0,17851000,10389000,294000,676000,3724000
VEN_0057_1,PERF_0057,dentro_del_mvp,2026-04-30,2026-04-01,2026-04-30,acumulada_30_dias,30,31,100.0,10021000,0,0,0,0,6118000,4333000,1078000,582000,0,0,10750446,14653446,0,0,16139000,3903000,0,1789000,0,1.0,0.0,0.0,3.3818,0.0,0.0,acumulacion_estable,calculado,alta,baja,balance_no_negativo,sin_factor_dominante,ninguna_relevante_para_el_periodo,La ventana entre 2026-04-01 y 2026-04-30 muestra un balance de 3903000 COP y una cobertura estimada de 3.38 meses. Este resultado describe el periodo y no a la persona.,historia_controlada_recalculada_v2,train,acumulacion_estable,si,roadmap_14_mvp_estructurado_v2.0,fincoach_mvp_estructurado_v2.0,f1ce25042ba080803b3f88b9a0e849f5191b9319a8f9eec472c89eb19cf75caf,10021000,0,0,0,3681000,2437000,0,0,0
VEN_0057_2,PERF_0057,dentro_del_mvp,2026-05-31,2026-04-01,2026-05-31,acumulada_61_dias,61,62,98.3871,20109000,0,1722000,250000,0,12236000,7994000,1281000,1876000,0,635000,10750446,20595446,0,1722000,32345000,7873000,0,1789000,3,0.9633,-1034.4262,0.0033,5.1527,0.078,1722000.0,acumulacion_estable,calculado,alta,baja,balance_no_negativo,sin_factor_dominante,ninguna_relevante_para_el_periodo,La ventana entre 2026-04-01 y 2026-05-31 muestra un balance de 7873000 COP y una cobertura estimada de 5.15 meses. Este resultado describe el periodo y no a la persona.,historia_controlada_recalculada_v2,train,acumulacion_estable,si,roadmap_14_mvp_estructurado_v2.0,fincoach_mvp_estructurado_v2.0,2baeb426d147e9e9d335312bfd369355fbdad16d3f81d6a9e94c0706043a59ae,20109000,1972000,0,0,7816000,4420000,0,0,1722000
VEN_0057_3,PERF_0057,dentro_del_mvp,2026-06-30,2026-04-01,2026-06-30,acumulada_91_dias,91,92,95.6522,29616000,0,1722000,250000,0,18354000,11356000,1516000,3854000,0,697000,10750446,23984446,0,1722000,47970000,11262000,0,5167000,0,1.0,-5307.332,0.0263,6.3362,0.0545,1722000.0,acumulacion_estable,calculado,alta,baja,balance_no_negativo,sin_factor_dominante,ninguna_relevante_para_el_periodo,La ventana entre 2026-04-01 y 2026-06-30 muestra un balance de 11262000 COP y una cobertura estimada de 6.34 meses. Este resultado describe el periodo y no a la persona.,historia_controlada_recalculada_v2,train,acumulacion_estable,si,roadmap_14_mvp_estructurado_v2.0,fincoach_mvp_estructurado_v2.0,76d7fe4acf3e11bbf75fdb554bf428cb85dd34e9cf0158821d48399e95450a3b,26954000,4634000,0,0,11586000,6768000,0,0,1722000
VEN_0058_1,PERF_0058,dentro_del_mvp,2026-04-30,2026-04-01,2026-04-30,acumulada_30_dias,30,31,93.5484,4220000,0,0,0,271000,3786000,2395000,55000,399000,173000,217000,2222355,2927355,8388100,8297100,8006000,434000,0,2649000,25,0.525,0.0,0.0,1.2223,0.0603,-0.0108,equilibrio_sostenible,calculado,alta,baja,balance_no_negativo,sin_factor_dominante,ninguna_relevante_para_el_periodo,La ventana entre 2026-04-01 y 2026-04-30 muestra un balance de 434000 COP y una cobertura estimada de 1.22 meses. Este resultado describe el periodo y no a la persona.,historia_controlada_recalculada_v2,validation,equilibrio_sostenible,si,roadmap_14_mvp_estructurado_v2.0,fincoach_mvp_estructurado_v2.0,6282821535cfd4fbdcfac8f19be968dbc40c3f41ab49d4bb9a9eb50ca7e05043,4220000,271000,0,0,2549000,1237000,91000,82000,0
VEN_0058_2,PERF_0058,dentro_del_mvp,2026-05-31,2026-04-01,2026-05-31,acumulada_61_dias,61,62,96.7742,8440000,0,0,0,271000,7572000,4358000,181000,1134000,571000,277000,2222355,3361355,8388100,8027100,16012000,868000,0,3978000,26,0.591,-237.1585,0.0,1.5426,0.0311,-0.043,equilibrio_sostenible,calculado,alta,baja,balance_no_negativo,sin_factor_dominante,ninguna_relevante_para_el_periodo,La ventana entre 2026-04-01 y 2026-05-31 muestra un balance de 868000 COP y una cobertura estimada de 1.54 meses. Este resultado describe el periodo y no a la persona.,historia_controlada_recalculada_v2,validation,equilibrio_sostenible,si,roadmap_14_mvp_estructurado_v2.0,fincoach_mvp_estructurado_v2.0,38edbeeefe9098c39bf4be8384bfc8c416d3df21465b45f2d74d7ad2fd4d578e,8440000,271000,0,0,5370000,2202000,361000,210000,0
VEN_0058_3,PERF_0058,dentro_del_mvp,2026-06-30,2026-04-01,2026-06-30,acumulada_91_dias,91,92,96.7391,12660000,0,0,0,464000,11358000,5871000,383000,2171000,875000,634000,2222355,3988355,8388100,7848100,24018000,1302000,0,3978000,25,0.598,78.1841,0.0,2.038,0.0354,-0.0644,equilibrio_sostenible,calculado,alta,baja,balance_no_negativo,sin_factor_dominante,ninguna_relevante_para_el_periodo,La ventana entre 2026-04-01 y 2026-06-30 muestra un balance de 1302000 COP y una cobertura estimada de 2.04 meses. Este resultado describe el periodo y no a la persona.,historia_controlada_recalculada_v2,validation,equilibrio_sostenible,si,roadmap_14_mvp_estructurado_v2.0,fincoach_mvp_estructurado_v2.0,2e187e0f72b02e0b912b320619a6dc00d908e521b6f7b3e04193ced7f584da73,12660000,464000,0,0,8339000,3019000,540000,335000,0
VEN_0059_1,PERF_0059,dentro_del_mvp,2026-04-30,2026-04-01,2026-04-30,acumulada_30_dias,30,32,96.875,850000,0,0,0,0,2456000,1329000,156000,341000,175000,135000,1620631,14631,1974861,1851861,3306000,-1606000,1606000,1891000,25,0.0077,0.0,0.0,0.011,0.0,-0.0623,fragilidad_sostenida,calculado,alta,baja,evidencia_temporal_disponible,balance_negativo,ninguna_relevante_para_el_periodo,La ventana entre 2026-04-01 y 2026-04-30 muestra un balance de -1606000 COP y una cobertura estimada de 0.01 meses. Este resultado describe el periodo y no a la persona.,historia_controlada_recalculada_v2,test,variable_resiliente,si,roadmap_14_mvp_estructurado_v2.0,fincoach_mvp_estructurado_v2.0,083ec6e5aa34945570d0341e34c8aadcf3858bca6e3782ba23aa44e194207126,850000,0,0,0,1897000,559000,123000,52000,0
VEN_0059_2,PERF_0059,dentro_del_mvp,2026-05-31,2026-04-01,2026-05-31,acumulada_61_dias,61,63,96.8254,1700000,0,0,30000,210000,5746000,3184000,262000,794000,515000,519000,1620631,-2185369,1974861,1511861,7446000,-4046000,4046000,4091000,56,0.0,-12794.5355,0.0,0.0,0.1082,-0.2344,situacion_critica,calculado,alta,baja,evidencia_temporal_disponible,balance_negativo,ninguna_relevante_para_el_periodo,La ventana entre 2026-04-01 y 2026-05-31 muestra un balance de -4046000 COP y una cobertura estimada de 0.00 meses. Este resultado describe el periodo y no a la persona.,historia_controlada_recalculada_v2,test,variable_resiliente,si,roadmap_14_mvp_estructurado_v2.0,fincoach_mvp_estructurado_v2.0,0b2ca155147d68882f9eb2347c41c45026458b8b3f0e483fea9797df078a62a0,1700000,240000,0,0,4455000,1291000,463000,52000,0
VEN_0059_3,PERF_0059,dentro_del_mvp,2026-06-30,2026-04-01,2026-06-30,acumulada_91_dias,91,95,97.8947,2550000,0,0,30000,210000,7463000,4113000,492000,1001000,671000,535000,1620631,-3052369,1974861,1394861,10013000,-4913000,4913000,4958000,86,0.0,12338.8579,0.0,0.0,0.0753,-0.2937,situacion_critica,calculado,alta,baja,evidencia_temporal_disponible,balance_negativo,ninguna_relevante_para_el_periodo,La ventana entre 2026-04-01 y 2026-06-30 muestra un balance de -4913000 COP y una cobertura estimada de 0.00 meses. Este resultado describe el periodo y no a la persona.,historia_controlada_recalculada_v2,test,variable_resiliente,si,roadmap_14_mvp_estructurado_v2.0,fincoach_mvp_estructurado_v2.0,7957d78bea3e1c78e529b48cbb91a76d3fb0a21db964a13578afa860e5ce7a54,2550000,240000,0,0,5836000,1627000,580000,91000,0
VEN_0060_1,PERF_0060,dentro_del_mvp,2026-04-30,2026-04-01,2026-04-30,acumulada_30_dias,30,27,92.5926,0,500000,0,0,281000,2926000,1345000,240000,578000,132000,331000,12394315,10249315,5447102,5315102,3426000,-2426000,2426000,2145000,29,0.8269,0.0,0.0,7.6203,1.0,-0.0242,uso_planificado_reserva,calculado,alta,baja,evidencia_temporal_disponible,balance_negativo,motivo_de_periodos_sin_ingreso,La ventana entre 2026-04-01 y 2026-04-30 muestra un balance de -2426000 COP y una cobertura estimada de 7.62 meses. Este resultado describe el periodo y no a la persona.,historia_controlada_recalculada_v2,validation,uso_planificado_reserva,si,roadmap_14_mvp_estructurado_v2.0,fincoach_mvp_estructurado_v2.0,e366c763e62556fa4b86c1c7455b0fe88185930c14d49b567c6d4b7e84afba85,500000,281000,0,1,2009000,917000,132000,0,0
VEN_0060_2,PERF_0060,dentro_del_mvp,2026-05-31,2026-04-01,2026-05-31,acumulada_61_dias,61,54,96.2963,0,1000000,0,150000,281000,10621000,6036000,1137000,1904000,132000,601000,12394315,3204315,5447102,5315102,11621000,-9621000,9621000,9190000,60,0.2585,-76854.6448,0.0,1.0617,0.8952,-0.0242,deterioro_reciente,calculado,alta,baja,evidencia_temporal_disponible,balance_negativo,motivo_de_periodos_sin_ingreso,La ventana entre 2026-04-01 y 2026-05-31 muestra un balance de -9621000 COP y una cobertura estimada de 1.06 meses. Este resultado describe el periodo y no a la persona.,historia_controlada_recalculada_v2,validation,uso_planificado_reserva,si,roadmap_14_mvp_estructurado_v2.0,fincoach_mvp_estructurado_v2.0,a8d6cec09948e2aeed795aed4b8bcc04064f6e6cdc0a2314a1737317802fd731,1000000,431000,0,2,7448000,3173000,132000,0,0
VEN_0060_3,PERF_0060,dentro_del_mvp,2026-06-30,2026-04-01,2026-06-30,acumulada_91_dias,91,78,97.4359,0,1500000,0,330000,281000,18316000,10656000,1964000,2934000,351000,748000,12394315,-3810685,5447102,5096102,19816000,-16816000,16816000,16205000,90,0.0,-27069.8973,0.0,0.0,0.8437,-0.0644,situacion_critica,calculado,alta,baja,evidencia_temporal_disponible,balance_negativo,motivo_de_periodos_sin_ingreso,La ventana entre 2026-04-01 y 2026-06-30 muestra un balance de -16816000 COP y una cobertura estimada de 0.00 meses. Este resultado describe el periodo y no a la persona.,historia_controlada_recalculada_v2,validation,uso_planificado_reserva,si,roadmap_14_mvp_estructurado_v2.0,fincoach_mvp_estructurado_v2.0,36150a245939b2fc0fc6567746bf8388cd22a38c3b6873064f0dadf79606bad1,1500000,611000,0,3,12811000,5505000,351000,0,0
VEN_0061_1,PERF_0061,dentro_del_mvp,2026-04-30,2026-04-01,2026-04-30,acumulada_30_dias,30,30,96.6667,11138000,0,0,0,0,10078000,6518000,851000,772000,0,406000,6165264,7225264,0,0,21216000,1060000,0,4518000,5,0.7393,0.0,0.0,1.1085,0.0,0.0,equilibrio_sostenible,calculado,alta,baja,balance_no_negativo,sin_factor_dominante,ninguna_relevante_para_el_periodo,La ventana entre 2026-04-01 y 2026-04-30 muestra un balance de 1060000 COP y una cobertura estimada de 1.11 meses. Este resultado describe el periodo y no a la persona.,historia_controlada_recalculada_v2,train,deterioro_reciente,si,roadmap_14_mvp_estructurado_v2.0,fincoach_mvp_estructurado_v2.0,f14752d0e4c731ea497e65999d498c112fcf50ca6ccd5a8372ca475fe2961958,0,0,11138000,0,6351000,3727000,0,0,0
VEN_0061_2,PERF_0061,dentro_del_mvp,2026-05-31,2026-04-01,2026-05-31,acumulada_61_dias,61,54,96.2963,11138000,0,0,0,0,20156000,12400000,1705000,2400000,0,815000,6165264,-2852736,0,0,31294000,-9018000,9018000,12626000,36,0.0,-183169.3989,1.0,0.0,0.0,0.0,situacion_critica,calculado,alta,baja,evidencia_temporal_disponible,balance_negativo,motivo_de_periodos_sin_ingreso,La ventana entre 2026-04-01 y 2026-05-31 muestra un balance de -9018000 COP y una cobertura estimada de 0.00 meses. Este resultado describe el periodo y no a la persona.,historia_controlada_recalculada_v2,train,deterioro_reciente,si,roadmap_14_mvp_estructurado_v2.0,fincoach_mvp_estructurado_v2.0,43843d4ffb7585c8237374a79773742a24faf1a30163dc504e11454d17991e4c,0,0,11138000,1,13669000,6487000,0,0,0
VEN_0061_3,PERF_0061,dentro_del_mvp,2026-06-30,2026-04-01,2026-06-30,acumulada_91_dias,91,84,92.8571,18668000,0,0,0,0,34794000,22510000,2110000,4535000,0,815000,6165264,-9960736,0,0,53462000,-16126000,16126000,19734000,66,0.0,-29372.7256,0.7457,0.0,0.0,0.0,situacion_critica,calculado,alta,baja,evidencia_temporal_disponible,balance_negativo,motivo_de_periodos_sin_ingreso,La ventana entre 2026-04-01 y 2026-06-30 muestra un balance de -16126000 COP y una cobertura estimada de 0.00 meses. Este resultado describe el periodo y no a la persona.,historia_controlada_recalculada_v2,train,deterioro_reciente,si,roadmap_14_mvp_estructurado_v2.0,fincoach_mvp_estructurado_v2.0,0901f5bb35f4cc1cad93e2dd6c4456ef989d475ba4361fe90166e219c37a6a6c,0,0,18668000,1,23756000,11038000,0,0,0
VEN_0062_1,PERF_0062,dentro_del_mvp,2026-04-30,2026-04-01,2026-04-30,acumulada_30_dias,30,30,96.6667,740000,0,0,140000,0,6092000,2416000,612000,1471000,548000,225000,1118941,-4093059,15508493,15508493,6832000,-5352000,5352000,5212000,29,0.0,0.0,0.0,0.0,0.0,0.0,situacion_critica,calculado,alta,baja,evidencia_temporal_disponible,balance_negativo,ninguna_relevante_para_el_periodo,La ventana entre 2026-04-01 y 2026-04-30 muestra un balance de -5352000 COP y una cobertura estimada de 0.00 meses. Este resultado describe el periodo y no a la persona.,historia_controlada_recalculada_v2,train,fragilidad_sostenida,si,roadmap_14_mvp_estructurado_v2.0,fincoach_mvp_estructurado_v2.0,8663c249fac6710ee415975150d2fac19a3ef56079a1e2045d2b453caf44612f,740000,140000,0,0,4475000,1617000,0,548000,0
VEN_0062_2,PERF_0062,dentro_del_mvp,2026-05-31,2026-04-01,2026-05-31,acumulada_61_dias,61,61,95.082,1480000,0,0,140000,0,13868000,6460000,1444000,2297000,793000,764000,1118941,-11129059,15508493,15263493,15348000,-12388000,12388000,12248000,60,0.0,-24681.9672,0.0,0.0,0.0,-0.0158,situacion_critica,calculado,alta,baja,evidencia_temporal_disponible,balance_negativo,ninguna_relevante_para_el_periodo,La ventana entre 2026-04-01 y 2026-05-31 muestra un balance de -12388000 COP y una cobertura estimada de 0.00 meses. Este resultado describe el periodo y no a la persona.,historia_controlada_recalculada_v2,train,fragilidad_sostenida,si,roadmap_14_mvp_estructurado_v2.0,fincoach_mvp_estructurado_v2.0,2b3d6776f0589cd2fcf5d071c9dff0b701c744d159948ecb4283aaca4257593a,1480000,140000,0,0,9801000,4067000,245000,548000,0
VEN_0062_3,PERF_0062,dentro_del_mvp,2026-06-30,2026-04-01,2026-06-30,acumulada_91_dias,91,89,96.6292,2220000,0,518000,140000,0,21644000,10889000,2466000,3784000,1171000,764000,1118941,-17647059,15508493,15403493,23864000,-19424000,19424000,18766000,90,0.0,-10368.5822,0.0,0.0,0.18,-0.0068,situacion_critica,calculado,alta,baja,evidencia_temporal_disponible,balance_negativo,ninguna_relevante_para_el_periodo,La ventana entre 2026-04-01 y 2026-06-30 muestra un balance de -19424000 COP y una cobertura estimada de 0.00 meses. Este resultado describe el periodo y no a la persona.,historia_controlada_recalculada_v2,train,fragilidad_sostenida,si,roadmap_14_mvp_estructurado_v2.0,fincoach_mvp_estructurado_v2.0,04793fa730b0262fcac8492a24b7de94347e07eecf177cef9148ab953faedd07,2220000,658000,0,0,15605000,6039000,623000,548000,518000
VEN_0063_1,PERF_0063,dentro_del_mvp,2026-04-30,2026-04-01,2026-04-30,acumulada_30_dias,30,28,100.0,3035000,0,713000,0,0,10692000,6725000,1233000,1573000,645000,0,1273099,-5670901,10707783,10775783,13727000,-7657000,7657000,7005000,27,0.0,0.0,0.0,0.0,0.1902,0.0064,situacion_critica,calculado,alta,baja,evidencia_temporal_disponible,balance_negativo,ninguna_relevante_para_el_periodo,La ventana entre 2026-04-01 y 2026-04-30 muestra un balance de -7657000 COP y una cobertura estimada de 0.00 meses. Este resultado describe el periodo y no a la persona.,historia_controlada_recalculada_v2,train,situacion_critica,si,roadmap_14_mvp_estructurado_v2.0,fincoach_mvp_estructurado_v2.0,7c4930fd2f9145e0073923d6971463fe5e933f31fef9d8a64d2dc8e4ef963c5e,3748000,0,0,0,8233000,2459000,645000,0,713000
VEN_0063_2,PERF_0063,dentro_del_mvp,2026-05-31,2026-04-01,2026-05-31,acumulada_61_dias,61,59,100.0,6306000,0,2020000,0,0,24194000,15615000,1766000,2434000,1514000,1077000,1273099,-14594901,10707783,12082783,30500000,-17888000,17888000,17036000,58,0.0,-38012.5683,0.0374,0.0,0.2426,0.1284,situacion_critica,calculado,alta,baja,evidencia_temporal_disponible,balance_negativo,ninguna_relevante_para_el_periodo,La ventana entre 2026-04-01 y 2026-05-31 muestra un balance de -17888000 COP y una cobertura estimada de 0.00 meses. Este resultado describe el periodo y no a la persona.,historia_controlada_recalculada_v2,train,situacion_critica,si,roadmap_14_mvp_estructurado_v2.0,fincoach_mvp_estructurado_v2.0,112a54332c508d62696b1d6d537b695e0e612b3195e1f938928deb1d4a7b971e,8326000,0,0,0,18087000,6107000,645000,869000,2020000
VEN_0063_3,PERF_0063,dentro_del_mvp,2026-06-30,2026-04-01,2026-06-30,acumulada_91_dias,91,90,98.8889,9468000,0,2020000,0,0,37696000,23940000,3600000,4931000,1851000,1077000,1273099,-24934901,10707783,11745783,47164000,-28228000,28228000,26671000,88,0.0,-16951.9006,0.0306,0.0,0.1758,0.0969,situacion_critica,calculado,alta,baja,evidencia_temporal_disponible,balance_negativo,ninguna_relevante_para_el_periodo,La ventana entre 2026-04-01 y 2026-06-30 muestra un balance de -28228000 COP y una cobertura estimada de 0.00 meses. Este resultado describe el periodo y no a la persona.,historia_controlada_recalculada_v2,train,situacion_critica,si,roadmap_14_mvp_estructurado_v2.0,fincoach_mvp_estructurado_v2.0,9c599d047e200ea37e67a60b69a01dd27e93dd1440634f30f830b4d5b3230d4d,11488000,0,0,0,26168000,11528000,982000,869000,2020000
VEN_0064_1,PERF_0064,dentro_del_mvp,2026-04-30,2026-04-01,2026-04-30,acumulada_30_dias,30,32,96.875,2699000,0,0,0,0,3542000,2089000,380000,679000,0,157000,6796126,5953126,0,0,6241000,-843000,843000,2168000,25,0.8105,0.0,0.0,2.8497,0.0,0.0,uso_planificado_reserva,calculado,alta,baja,evidencia_temporal_disponible,balance_negativo,ninguna_relevante_para_el_periodo,La ventana entre 2026-04-01 y 2026-04-30 muestra un balance de -843000 COP y una cobertura estimada de 2.85 meses. Este resultado describe el periodo y no a la persona.,historia_controlada_recalculada_v2,validation,acumulacion_estable,si,roadmap_14_mvp_estructurado_v2.0,fincoach_mvp_estructurado_v2.0,6e89d11a83d9ccd9c01ec94b32836429344c59b49847dbe6e42e86ae0b3fe5c0,2699000,0,0,0,2417000,1125000,0,0,0
VEN_0064_2,PERF_0064,dentro_del_mvp,2026-05-31,2026-04-01,2026-05-31,acumulada_61_dias,61,66,96.9697,9520000,0,0,0,0,7084000,4400000,545000,1057000,0,422000,6796126,9232126,0,0,16604000,2436000,0,2168000,21,0.9244,68034.4262,0.433,4.1964,0.0,0.0,variable_resiliente,calculado,alta,baja,balance_no_negativo,sin_factor_dominante,ninguna_relevante_para_el_periodo,La ventana entre 2026-04-01 y 2026-05-31 muestra un balance de 2436000 COP y una cobertura estimada de 4.20 meses. Este resultado describe el periodo y no a la persona.,historia_controlada_recalculada_v2,validation,acumulacion_estable,si,roadmap_14_mvp_estructurado_v2.0,fincoach_mvp_estructurado_v2.0,1f1f35fb4979c7842927a43f6a726d9b95eb5ec478837af319ba31a120f94724,9520000,0,0,0,4625000,2459000,0,0,0
VEN_0064_3,PERF_0064,dentro_del_mvp,2026-06-30,2026-04-01,2026-06-30,acumulada_91_dias,91,100,97.0,16819000,0,0,0,0,10626000,6595000,779000,1415000,0,738000,6796126,12989126,0,0,27445000,6193000,0,2168000,19,0.8905,28120.5188,0.3683,5.9086,0.0,0.0,variable_resiliente,calculado,alta,baja,balance_no_negativo,sin_factor_dominante,ninguna_relevante_para_el_periodo,La ventana entre 2026-04-01 y 2026-06-30 muestra un balance de 6193000 COP y una cobertura estimada de 5.91 meses. Este resultado describe el periodo y no a la persona.,historia_controlada_recalculada_v2,validation,acumulacion_estable,si,roadmap_14_mvp_estructurado_v2.0,fincoach_mvp_estructurado_v2.0,73c58808650eec9165eb70db2ef7a8ccc9f9818471388ef1139b7d8d96e662d9,16819000,0,0,0,7255000,3371000,0,0,0
VEN_0065_1,PERF_0065,dentro_del_mvp,2026-04-30,2026-04-01,2026-04-30,acumulada_30_dias,30,21,100.0,500000,0,0,0,0,5068000,3309000,783000,408000,264000,0,1713170,-2854830,9537357,9273357,5568000,-4568000,4568000,4568000,28,0.0,0.0,0.0,0.0,0.0,-0.0277,situacion_critica,calculado,alta,baja,evidencia_temporal_disponible,balance_negativo,ninguna_relevante_para_el_periodo,La ventana entre 2026-04-01 y 2026-04-30 muestra un balance de -4568000 COP y una cobertura estimada de 0.00 meses. Este resultado describe el periodo y no a la persona.,historia_controlada_recalculada_v2,train,equilibrio_sostenible,si,roadmap_14_mvp_estructurado_v2.0,fincoach_mvp_estructurado_v2.0,dece0cf39b6b9df227b7e27b5e3fa2ee646e9e84f1fb0a91062bea0cc5353b43,500000,0,0,0,3482000,1586000,264000,0,0
VEN_0065_2,PERF_0065,dentro_del_mvp,2026-05-31,2026-04-01,2026-05-31,acumulada_61_dias,61,41,97.561,1000000,0,0,0,0,10136000,6764000,861000,846000,552000,270000,1713170,-7422830,9537357,9273357,11136000,-9136000,9136000,9136000,59,0.0,2496.1749,0.0,0.0,0.0,-0.0277,situacion_critica,calculado,alta,baja,evidencia_temporal_disponible,balance_negativo,ninguna_relevante_para_el_periodo,La ventana entre 2026-04-01 y 2026-05-31 muestra un balance de -9136000 COP y una cobertura estimada de 0.00 meses. Este resultado describe el periodo y no a la persona.,historia_controlada_recalculada_v2,train,equilibrio_sostenible,si,roadmap_14_mvp_estructurado_v2.0,fincoach_mvp_estructurado_v2.0,fe95af45c8c4b9e8c24df4145f28418aa55723740ce7d693138a1c894019daed,1000000,0,0,0,5942000,4194000,264000,288000,0
VEN_0065_3,PERF_0065,dentro_del_mvp,2026-06-30,2026-04-01,2026-06-30,acumulada_91_dias,91,61,96.7213,1500000,0,0,0,0,15204000,10520000,1056000,1594000,552000,270000,1713170,-11990830,9537357,9273357,16704000,-13704000,13704000,13704000,89,0.0,-822.9148,0.0,0.0,0.0,-0.0277,situacion_critica,calculado,alta,baja,evidencia_temporal_disponible,balance_negativo,ninguna_relevante_para_el_periodo,La ventana entre 2026-04-01 y 2026-06-30 muestra un balance de -13704000 COP y una cobertura estimada de 0.00 meses. Este resultado describe el periodo y no a la persona.,historia_controlada_recalculada_v2,train,equilibrio_sostenible,si,roadmap_14_mvp_estructurado_v2.0,fincoach_mvp_estructurado_v2.0,8dedb04d1e4c28dc1422fdfcab3c73b0bd0745a4ad023a28fee99bd626593132,1500000,0,0,0,9391000,5813000,264000,288000,0
VEN_0066_1,PERF_0066,dentro_del_mvp,2026-04-30,2026-04-01,2026-04-30,acumulada_30_dias,30,23,100.0,0,0,0,0,0,6272000,3681000,627000,800000,0,179000,2750437,-3521563,1752544,1752544,6272000,-6272000,6272000,6272000,28,0.0,0.0,0.0,0.0,0.0,0.0,situacion_critica,calculado,alta,baja,evidencia_temporal_disponible,balance_negativo,motivo_de_periodos_sin_ingreso,La ventana entre 2026-04-01 y 2026-04-30 muestra un balance de -6272000 COP y una cobertura estimada de 0.00 meses. Este resultado describe el periodo y no a la persona.,historia_controlada_recalculada_v2,validation,variable_resiliente,si,roadmap_14_mvp_estructurado_v2.0,fincoach_mvp_estructurado_v2.0,7d9da6ae00a454e980d54ac7a6a19214579e7c4b62511654a77a49c20e242c99,0,0,0,1,3412000,2860000,0,0,0
VEN_0066_2,PERF_0066,dentro_del_mvp,2026-05-31,2026-04-01,2026-05-31,acumulada_61_dias,61,42,100.0,0,0,0,0,0,10655000,6831000,1032000,1628000,0,179000,2750437,-7904563,1752544,1752544,10655000,-10655000,10655000,10655000,59,0.0,34394.5355,0.0,0.0,0.0,0.0,situacion_critica,calculado,alta,baja,evidencia_temporal_disponible,balance_negativo,motivo_de_periodos_sin_ingreso,La ventana entre 2026-04-01 y 2026-05-31 muestra un balance de -10655000 COP y una cobertura estimada de 0.00 meses. Este resultado describe el periodo y no a la persona.,historia_controlada_recalculada_v2,validation,variable_resiliente,si,roadmap_14_mvp_estructurado_v2.0,fincoach_mvp_estructurado_v2.0,fae53e358995043ebed933df7c3a4e21ff9e232b1f94a9ae17228a978ca94d12,0,0,0,2,6333000,4322000,0,0,0
VEN_0066_3,PERF_0066,dentro_del_mvp,2026-06-30,2026-04-01,2026-06-30,acumulada_91_dias,91,61,100.0,0,0,0,0,0,19056000,12047000,1975000,2373000,789000,414000,2750437,-16305563,1752544,963544,19056000,-19056000,19056000,19056000,89,0.0,-34734.4623,0.0,0.0,0.0,-0.4502,situacion_critica,calculado,alta,baja,evidencia_temporal_disponible,balance_negativo,motivo_de_periodos_sin_ingreso,La ventana entre 2026-04-01 y 2026-06-30 muestra un balance de -19056000 COP y una cobertura estimada de 0.00 meses. Este resultado describe el periodo y no a la persona.,historia_controlada_recalculada_v2,validation,variable_resiliente,si,roadmap_14_mvp_estructurado_v2.0,fincoach_mvp_estructurado_v2.0,fa5003060728e7cc36a147f8bd9f45bb144f57f39a0bd7eebf769d3daefbcccd,0,0,0,3,11715000,7341000,789000,0,0
VEN_0067_1,PERF_0067,dentro_del_mvp,2026-04-30,2026-04-01,2026-04-30,acumulada_30_dias,30,24,100.0,820000,0,0,0,0,4864000,2504000,665000,693000,383000,0,24369626,20325626,15299653,15104653,5684000,-4044000,4044000,4044000,28,0.8341,0.0,0.0,8.1173,0.0,-0.0127,uso_planificado_reserva,calculado,alta,baja,evidencia_temporal_disponible,balance_negativo,ninguna_relevante_para_el_periodo,La ventana entre 2026-04-01 y 2026-04-30 muestra un balance de -4044000 COP y una cobertura estimada de 8.12 meses. Este resultado describe el periodo y no a la persona.,historia_controlada_recalculada_v2,validation,uso_planificado_reserva,si,roadmap_14_mvp_estructurado_v2.0,fincoach_mvp_estructurado_v2.0,5d467ad0322a7040fe6d33b9d4c6ec798af3fdefcdaeacc5718429cb5d47f417,820000,0,0,0,3457000,1407000,195000,188000,0
VEN_0067_2,PERF_0067,dentro_del_mvp,2026-05-31,2026-04-01,2026-05-31,acumulada_61_dias,61,48,95.8333,1640000,0,0,0,0,17656000,8717000,1240000,4009000,1059000,779000,24369626,8353626,15299653,15104653,19296000,-16016000,16016000,16016000,59,0.3428,-127757.377,0.0,1.9166,0.0,-0.0127,deterioro_reciente,calculado,alta,baja,evidencia_temporal_disponible,balance_negativo,ninguna_relevante_para_el_periodo,La ventana entre 2026-04-01 y 2026-05-31 muestra un balance de -16016000 COP y una cobertura estimada de 1.92 meses. Este resultado describe el periodo y no a la persona.,historia_controlada_recalculada_v2,validation,uso_planificado_reserva,si,roadmap_14_mvp_estructurado_v2.0,fincoach_mvp_estructurado_v2.0,8fc14d468b2c59a23c814dba66a7d6f90de380316d658353ed1c60c6d2e67458,1640000,0,0,0,11330000,6326000,195000,864000,0
VEN_0067_3,PERF_0067,dentro_del_mvp,2026-06-30,2026-04-01,2026-06-30,acumulada_91_dias,91,72,97.2222,2460000,0,0,0,0,30448000,16130000,2285000,6296000,1059000,2138000,24369626,-3618374,15299653,15104653,32908000,-27988000,27988000,27988000,89,0.0,-45003.0625,0.0,0.0,0.0,-0.0127,situacion_critica,calculado,alta,baja,evidencia_temporal_disponible,balance_negativo,ninguna_relevante_para_el_periodo,La ventana entre 2026-04-01 y 2026-06-30 muestra un balance de -27988000 COP y una cobertura estimada de 0.00 meses. Este resultado describe el periodo y no a la persona.,historia_controlada_recalculada_v2,validation,uso_planificado_reserva,si,roadmap_14_mvp_estructurado_v2.0,fincoach_mvp_estructurado_v2.0,583af99715542c4104bd511d107092844a3c50dea9c503b8a08ffc66f157c146,2460000,0,0,0,20544000,9904000,195000,864000,0
VEN_0068_1,PERF_0068,dentro_del_mvp,2026-04-30,2026-04-01,2026-04-30,acumulada_30_dias,30,32,93.75,6419000,0,0,0,0,5864000,3233000,543000,1590000,0,251000,5539670,6094670,10384992,10384992,12283000,555000,0,4075000,25,0.9738,0.0,0.0,1.8851,0.0,0.0,equilibrio_sostenible,calculado,alta,baja,balance_no_negativo,sin_factor_dominante,ninguna_relevante_para_el_periodo,La ventana entre 2026-04-01 y 2026-04-30 muestra un balance de 555000 COP y una cobertura estimada de 1.89 meses. Este resultado describe el periodo y no a la persona.,historia_controlada_recalculada_v2,train,deterioro_reciente,si,roadmap_14_mvp_estructurado_v2.0,fincoach_mvp_estructurado_v2.0,9d65cb7bd72205e3ff5fd4c83bbc1e8abd7d91d37863e9dd6e19d297646a0e48,1728000,4691000,0,0,3830000,2034000,0,0,0
VEN_0068_2,PERF_0068,dentro_del_mvp,2026-05-31,2026-04-01,2026-05-31,acumulada_61_dias,61,64,95.3125,12572000,0,0,0,0,11728000,6321000,970000,2485000,292000,387000,5539670,6383670,10384992,10092992,24300000,844000,0,4745000,0,1.0,-4663.9344,0.0212,2.0198,0.0,-0.0281,equilibrio_sostenible,calculado,alta,baja,balance_no_negativo,sin_factor_dominante,ninguna_relevante_para_el_periodo,La ventana entre 2026-04-01 y 2026-05-31 muestra un balance de 844000 COP y una cobertura estimada de 2.02 meses. Este resultado describe el periodo y no a la persona.,historia_controlada_recalculada_v2,train,deterioro_reciente,si,roadmap_14_mvp_estructurado_v2.0,fincoach_mvp_estructurado_v2.0,ff7a17134797614508649741d9f9b81d6421768927accb987e51a50f21468823,7881000,4691000,0,0,8512000,3216000,292000,0,0
VEN_0068_3,PERF_0068,dentro_del_mvp,2026-06-30,2026-04-01,2026-06-30,acumulada_91_dias,91,95,94.7368,17850000,0,0,0,0,20246000,11726000,2089000,2938000,579000,387000,5539670,3143670,10384992,9805992,38096000,-2396000,2396000,6919000,30,0.4925,-40165.7359,0.0819,0.8043,0.0,-0.0558,fragilidad_sostenida,calculado,alta,baja,evidencia_temporal_disponible,balance_negativo,ninguna_relevante_para_el_periodo,La ventana entre 2026-04-01 y 2026-06-30 muestra un balance de -2396000 COP y una cobertura estimada de 0.80 meses. Este resultado describe el periodo y no a la persona.,historia_controlada_recalculada_v2,train,deterioro_reciente,si,roadmap_14_mvp_estructurado_v2.0,fincoach_mvp_estructurado_v2.0,a03573eb3bc674eae49b85c78726d15a293b81b523408d773b84d2effd0d1c40,12709000,5141000,0,0,14638000,5608000,579000,0,0
VEN_0069_1,PERF_0069,dentro_del_mvp,2026-04-30,2026-04-01,2026-04-30,acumulada_30_dias,30,33,100.0,4555000,0,0,0,0,7926000,4079000,338000,1435000,533000,672000,459058,-2911942,14900181,14900181,12481000,-3371000,3371000,4555000,20,0.0,0.0,0.0,0.0,0.0,0.0,situacion_critica,calculado,alta,baja,evidencia_temporal_disponible,balance_negativo,ninguna_relevante_para_el_periodo,La ventana entre 2026-04-01 y 2026-04-30 muestra un balance de -3371000 COP y una cobertura estimada de 0.00 meses. Este resultado describe el periodo y no a la persona.,historia_controlada_recalculada_v2,validation,fragilidad_sostenida,si,roadmap_14_mvp_estructurado_v2.0,fincoach_mvp_estructurado_v2.0,c411999caa7092c869846534e08cc924e20c3c7dcd3113cedff574c14c289848,4555000,0,0,0,4797000,3129000,0,533000,0
VEN_0069_2,PERF_0069,dentro_del_mvp,2026-05-31,2026-04-01,2026-05-31,acumulada_61_dias,61,66,98.4848,7996000,0,0,0,0,18042000,10047000,902000,2615000,533000,1842000,459058,-9586942,14900181,14900181,26038000,-10046000,10046000,11230000,51,0.0,-52321.8579,0.1393,0.0,0.0,0.0,situacion_critica,calculado,alta,baja,evidencia_temporal_disponible,balance_negativo,ninguna_relevante_para_el_periodo,La ventana entre 2026-04-01 y 2026-05-31 muestra un balance de -10046000 COP y una cobertura estimada de 0.00 meses. Este resultado describe el periodo y no a la persona.,historia_controlada_recalculada_v2,validation,fragilidad_sostenida,si,roadmap_14_mvp_estructurado_v2.0,fincoach_mvp_estructurado_v2.0,4125e6544c9cf46afadc459cd02b62964668b22e9ba247aeada6468a0725f1df,7867000,129000,0,0,12994000,5048000,0,533000,0
VEN_0069_3,PERF_0069,dentro_del_mvp,2026-06-30,2026-04-01,2026-06-30,acumulada_91_dias,91,99,97.9798,11216000,0,674000,120000,0,28158000,15865000,2572000,4138000,533000,2286000,459058,-15688942,14900181,15574181,39374000,-16942000,16942000,18642000,81,0.0,-21487.2996,0.1563,0.0,0.0561,0.0452,situacion_critica,calculado,alta,baja,evidencia_temporal_disponible,balance_negativo,ninguna_relevante_para_el_periodo,La ventana entre 2026-04-01 y 2026-06-30 muestra un balance de -16942000 COP y una cobertura estimada de 0.00 meses. Este resultado describe el periodo y no a la persona.,historia_controlada_recalculada_v2,validation,fragilidad_sostenida,si,roadmap_14_mvp_estructurado_v2.0,fincoach_mvp_estructurado_v2.0,77ee14141a80a4a7cbf99bb79e9998357ab732b1ab1e67cbe00b33ea61a6a188,8632000,3378000,0,0,18935000,9223000,0,533000,674000
VEN_0070_1,PERF_0070,dentro_del_mvp,2026-04-30,2026-04-01,2026-04-30,acumulada_30_dias,30,33,100.0,3785000,0,710000,0,0,10656000,6999000,587000,677000,886000,597000,1166230,-4994770,16459799,17169799,14441000,-6871000,6871000,7060000,27,0.0,0.0,0.0,0.0,0.158,0.0431,situacion_critica,calculado,alta,baja,evidencia_temporal_disponible,balance_negativo,ninguna_relevante_para_el_periodo,La ventana entre 2026-04-01 y 2026-04-30 muestra un balance de -6871000 COP y una cobertura estimada de 0.00 meses. Este resultado describe el periodo y no a la persona.,historia_controlada_recalculada_v2,train,situacion_critica,si,roadmap_14_mvp_estructurado_v2.0,fincoach_mvp_estructurado_v2.0,a19ac7ff2caa1465ccd65b7176168150d8b3fbb8955e705d3dd13c48b6cbd8de,4363000,132000,0,0,7196000,3460000,0,886000,710000
VEN_0070_2,PERF_0070,dentro_del_mvp,2026-05-31,2026-04-01,2026-05-31,acumulada_61_dias,61,65,100.0,6654000,0,2012000,0,0,24113000,15060000,1165000,3333000,886000,1850000,1166230,-14280770,16459799,18471799,30767000,-17459000,17459000,15654000,58,0.0,-57179.7814,0.1377,0.0,0.2322,0.1222,situacion_critica,calculado,alta,baja,evidencia_temporal_disponible,balance_negativo,ninguna_relevante_para_el_periodo,La ventana entre 2026-04-01 y 2026-05-31 muestra un balance de -17459000 COP y una cobertura estimada de 0.00 meses. Este resultado describe el periodo y no a la persona.,historia_controlada_recalculada_v2,train,situacion_critica,si,roadmap_14_mvp_estructurado_v2.0,fincoach_mvp_estructurado_v2.0,e77cc30ab4e4e529d4bc4056e4efde6b3283e9ee9ee65b159d2e47f97d35dd63,8534000,132000,0,0,16484000,7629000,0,886000,2012000
VEN_0070_3,PERF_0070,dentro_del_mvp,2026-06-30,2026-04-01,2026-06-30,acumulada_91_dias,91,97,100.0,9276000,535000,2012000,0,0,37570000,22956000,2329000,6129000,886000,1850000,1166230,-24580770,16459799,18471799,47381000,-27759000,27759000,25747000,88,0.0,-18830.8413,0.1618,0.0,0.2154,0.1222,situacion_critica,calculado,alta,baja,evidencia_temporal_disponible,balance_negativo,ninguna_relevante_para_el_periodo,La ventana entre 2026-04-01 y 2026-06-30 muestra un balance de -27759000 COP y una cobertura estimada de 0.00 meses. Este resultado describe el periodo y no a la persona.,historia_controlada_recalculada_v2,train,situacion_critica,si,roadmap_14_mvp_estructurado_v2.0,fincoach_mvp_estructurado_v2.0,c5727e030b757bcb1fe582d397236e2810a29dd144ca7c7090f407fca579cf2e,11156000,667000,0,0,24716000,12854000,0,886000,2012000
VEN_0071_1,PERF_0071,dentro_del_mvp,2026-04-30,2026-04-01,2026-04-30,acumulada_30_dias,30,29,100.0,0,0,0,0,0,7106000,2409000,1365000,1300000,1083000,63000,6171297,-934703,19120901,18037901,7106000,-7106000,7106000,7106000,29,0.0,0.0,0.0,0.0,0.0,-0.0566,situacion_critica,calculado,alta,baja,evidencia_temporal_disponible,balance_negativo,motivo_de_periodos_sin_ingreso,La ventana entre 2026-04-01 y 2026-04-30 muestra un balance de -7106000 COP y una cobertura estimada de 0.00 meses. Este resultado describe el periodo y no a la persona.,historia_controlada_recalculada_v2,validation,acumulacion_estable,si,roadmap_14_mvp_estructurado_v2.0,fincoach_mvp_estructurado_v2.0,592b87835ba11abee872a6660c85f8aa2630aa9dbf42ff3e1772d3dc6910b89f,0,0,0,1,5738000,1368000,1083000,0,0
VEN_0071_2,PERF_0071,dentro_del_mvp,2026-05-31,2026-04-01,2026-05-31,acumulada_61_dias,61,56,100.0,0,532000,0,0,0,14212000,5569000,2021000,3843000,1636000,142000,6171297,-7508703,19120901,18037901,14744000,-13680000,13680000,13680000,60,0.0,12604.3716,0.0,0.0,1.0,-0.0566,situacion_critica,calculado,alta,baja,evidencia_temporal_disponible,balance_negativo,motivo_de_periodos_sin_ingreso,La ventana entre 2026-04-01 y 2026-05-31 muestra un balance de -13680000 COP y una cobertura estimada de 0.00 meses. Este resultado describe el periodo y no a la persona.,historia_controlada_recalculada_v2,validation,acumulacion_estable,si,roadmap_14_mvp_estructurado_v2.0,fincoach_mvp_estructurado_v2.0,bdb30a95ad48d4a241eaf36ef99c3e632e9898fd18c067353f02bf9472321cd3,0,532000,0,2,11474000,2738000,1083000,553000,0
VEN_0071_3,PERF_0071,dentro_del_mvp,2026-06-30,2026-04-01,2026-06-30,acumulada_91_dias,91,82,100.0,0,532000,0,0,0,21318000,10271000,2379000,4926000,1636000,708000,6171297,-14614703,19120901,18037901,21850000,-20786000,20786000,20786000,90,0.0,-4155.2873,0.0,0.0,1.0,-0.0566,situacion_critica,calculado,alta,baja,evidencia_temporal_disponible,balance_negativo,motivo_de_periodos_sin_ingreso,La ventana entre 2026-04-01 y 2026-06-30 muestra un balance de -20786000 COP y una cobertura estimada de 0.00 meses. Este resultado describe el periodo y no a la persona.,historia_controlada_recalculada_v2,validation,acumulacion_estable,si,roadmap_14_mvp_estructurado_v2.0,fincoach_mvp_estructurado_v2.0,11ff7e6905c91c78699f5247bd284b91d32e192479487acd28f1ca071176a120,0,532000,0,3,16908000,4410000,1083000,553000,0
VEN_0072_1,PERF_0072,dentro_del_mvp,2026-04-30,2026-04-01,2026-04-30,acumulada_30_dias,30,20,95.0,0,428000,0,0,0,5544000,3208000,0,1559000,0,0,14298481,9182481,0,0,5972000,-5116000,5116000,5116000,29,0.6422,0.0,0.0,2.8624,1.0,0.0,uso_planificado_reserva,calculado,alta,baja,evidencia_temporal_disponible,balance_negativo,motivo_de_periodos_sin_ingreso,La ventana entre 2026-04-01 y 2026-04-30 muestra un balance de -5116000 COP y una cobertura estimada de 2.86 meses. Este resultado describe el periodo y no a la persona.,historia_controlada_recalculada_v2,train,equilibrio_sostenible,si,roadmap_14_mvp_estructurado_v2.0,fincoach_mvp_estructurado_v2.0,3557c98731ff98c94b9ed6d9de5ed2f48b4b0a64e13e51c2449913d1407a7ca7,0,428000,0,1,4268000,1276000,0,0,0
VEN_0072_2,PERF_0072,dentro_del_mvp,2026-05-31,2026-04-01,2026-05-31,acumulada_61_dias,61,45,95.5556,0,428000,0,0,0,11088000,6155000,333000,3289000,0,209000,14298481,3638481,0,0,11516000,-10660000,10660000,10660000,60,0.2545,-4220.765,0.0,1.1823,1.0,0.0,fragilidad_sostenida,calculado,alta,baja,evidencia_temporal_disponible,balance_negativo,motivo_de_periodos_sin_ingreso,La ventana entre 2026-04-01 y 2026-05-31 muestra un balance de -10660000 COP y una cobertura estimada de 1.18 meses. Este resultado describe el periodo y no a la persona.,historia_controlada_recalculada_v2,train,equilibrio_sostenible,si,roadmap_14_mvp_estructurado_v2.0,fincoach_mvp_estructurado_v2.0,3e731fe8b8bb9e2a8c5fb3e7a19d86a730b2953c436478b7b3d50904ccd64823,0,428000,0,2,7362000,3726000,0,0,0
VEN_0072_3,PERF_0072,dentro_del_mvp,2026-06-30,2026-04-01,2026-06-30,acumulada_91_dias,91,65,96.9231,0,767000,0,60000,0,16632000,9404000,604000,4186000,0,937000,14298481,-1506519,0,0,17399000,-15865000,15865000,15805000,90,0.0,413.439,0.0,0.0,0.9274,0.0,situacion_critica,calculado,alta,baja,evidencia_temporal_disponible,balance_negativo,motivo_de_periodos_sin_ingreso,La ventana entre 2026-04-01 y 2026-06-30 muestra un balance de -15865000 COP y una cobertura estimada de 0.00 meses. Este resultado describe el periodo y no a la persona.,historia_controlada_recalculada_v2,train,equilibrio_sostenible,si,roadmap_14_mvp_estructurado_v2.0,fincoach_mvp_estructurado_v2.0,a8db58da320eb7df59f15cfecfdec7fb85894a82341fa6e84cab3b9c19808436,0,827000,0,3,11072000,5560000,0,0,0
VEN_0073_1,PERF_0073,dentro_del_mvp,2026-04-30,2026-04-01,2026-04-30,acumulada_30_dias,30,33,90.9091,5139000,0,0,0,0,4699000,2973000,411000,527000,130000,461000,2398519,2838519,11612324,11612324,9838000,440000,0,1425000,1,0.9581,0.0,0.0,0.9548,0.0,0.0,equilibrio_sostenible,calculado,alta,baja,balance_no_negativo,sin_factor_dominante,ninguna_relevante_para_el_periodo,La ventana entre 2026-04-01 y 2026-04-30 muestra un balance de 440000 COP y una cobertura estimada de 0.95 meses. Este resultado describe el periodo y no a la persona.,historia_controlada_recalculada_v2,train,variable_resiliente,si,roadmap_14_mvp_estructurado_v2.0,fincoach_mvp_estructurado_v2.0,3c03eca096b81f158de3ec8aef0d0ad161509ab098859e63bd5e9bd5855f79d5,5139000,0,0,0,2760000,1939000,0,130000,0
VEN_0073_2,PERF_0073,dentro_del_mvp,2026-05-31,2026-04-01,2026-05-31,acumulada_61_dias,61,65,95.3846,8720000,0,0,40000,0,10993000,7241000,1337000,527000,510000,461000,2398519,165519,11612324,11232324,19713000,-2273000,2273000,3706000,32,0.0559,-51928.9617,0.1787,0.0457,0.0,-0.0327,fragilidad_sostenida,calculado,alta,baja,evidencia_temporal_disponible,balance_negativo,ninguna_relevante_para_el_periodo,La ventana entre 2026-04-01 y 2026-05-31 muestra un balance de -2273000 COP y una cobertura estimada de 0.05 meses. Este resultado describe el periodo y no a la persona.,historia_controlada_recalculada_v2,train,variable_resiliente,si,roadmap_14_mvp_estructurado_v2.0,fincoach_mvp_estructurado_v2.0,a3ccae2e2d58bf60f8d547a778c97302e218f2e05efec010fdd8fdc299afaf39,8260000,500000,0,0,7506000,3487000,380000,130000,0
VEN_0073_3,PERF_0073,dentro_del_mvp,2026-06-30,2026-04-01,2026-06-30,acumulada_91_dias,91,97,95.8763,12734000,0,0,40000,0,17287000,10867000,1774000,1793000,820000,461000,2398519,-2114481,11612324,11232324,30021000,-4553000,4553000,5468000,62,0.0,-12770.672,0.1547,0.0,0.0,-0.0327,situacion_critica,calculado,alta,baja,evidencia_temporal_disponible,balance_negativo,ninguna_relevante_para_el_periodo,La ventana entre 2026-04-01 y 2026-06-30 muestra un balance de -4553000 COP y una cobertura estimada de 0.00 meses. Este resultado describe el periodo y no a la persona.,historia_controlada_recalculada_v2,train,variable_resiliente,si,roadmap_14_mvp_estructurado_v2.0,fincoach_mvp_estructurado_v2.0,f8fbe2f14632d21ef12993915c8066e45688dea6bf0fc5549f59f9fe7063521f,11705000,1069000,0,0,12042000,5245000,380000,440000,0
VEN_0074_1,PERF_0074,dentro_del_mvp,2026-04-30,2026-04-01,2026-04-30,acumulada_30_dias,30,30,96.6667,1040000,0,0,190000,0,3139000,1796000,204000,434000,0,465000,15205723,13296723,0,0,4179000,-2099000,2099000,2511000,25,0.8495,0.0,0.0,7.4035,0.0,0.0,uso_planificado_reserva,calculado,alta,baja,evidencia_temporal_disponible,balance_negativo,ninguna_relevante_para_el_periodo,La ventana entre 2026-04-01 y 2026-04-30 muestra un balance de -2099000 COP y una cobertura estimada de 7.40 meses. Este resultado describe el periodo y no a la persona.,historia_controlada_recalculada_v2,train,uso_planificado_reserva,si,roadmap_14_mvp_estructurado_v2.0,fincoach_mvp_estructurado_v2.0,197b3cf903dc870d0c1a2a2328850cad85224e7c80f4ef0e835fb4b893fe9b93,1040000,190000,0,0,2240000,899000,0,0,0
VEN_0074_2,PERF_0074,dentro_del_mvp,2026-05-31,2026-04-01,2026-05-31,acumulada_61_dias,61,58,98.2759,2080000,0,0,190000,0,11394000,6471000,1735000,2263000,0,465000,15205723,6081723,0,0,13474000,-9314000,9314000,9571000,56,0.3885,-82721.8579,0.0,1.8797,0.0,0.0,deterioro_reciente,calculado,alta,baja,evidencia_temporal_disponible,balance_negativo,ninguna_relevante_para_el_periodo,La ventana entre 2026-04-01 y 2026-05-31 muestra un balance de -9314000 COP y una cobertura estimada de 1.88 meses. Este resultado describe el periodo y no a la persona.,historia_controlada_recalculada_v2,train,uso_planificado_reserva,si,roadmap_14_mvp_estructurado_v2.0,fincoach_mvp_estructurado_v2.0,015e90e5e575c85f1b3b829516e634310e9516e00b61cb6d756e43e2fb9df021,2080000,190000,0,0,7677000,3717000,0,0,0
VEN_0074_3,PERF_0074,dentro_del_mvp,2026-06-30,2026-04-01,2026-06-30,acumulada_91_dias,91,87,98.8506,3120000,0,0,290000,0,19649000,10982000,3594000,2683000,0,1100000,15205723,-1033277,0,0,22769000,-16529000,16529000,16686000,86,0.0,-28948.838,0.0,0.0,0.0,0.0,situacion_critica,calculado,alta,baja,evidencia_temporal_disponible,balance_negativo,ninguna_relevante_para_el_periodo,La ventana entre 2026-04-01 y 2026-06-30 muestra un balance de -16529000 COP y una cobertura estimada de 0.00 meses. Este resultado describe el periodo y no a la persona.,historia_controlada_recalculada_v2,train,uso_planificado_reserva,si,roadmap_14_mvp_estructurado_v2.0,fincoach_mvp_estructurado_v2.0,f85fed6180d59667e3c37ad6c8fa1e02da95b51c9c8ee5cdd741df1f7575467a,3120000,290000,0,0,13665000,5984000,0,0,0
VEN_0075_1,PERF_0075,dentro_del_mvp,2026-04-30,2026-04-01,2026-04-30,acumulada_30_dias,30,31,93.5484,2336000,0,0,0,0,2194000,1112000,231000,413000,0,110000,1263917,1405917,0,0,4530000,142000,0,1092000,1,0.9481,0.0,0.0,1.2643,0.0,0.0,equilibrio_sostenible,calculado,alta,baja,balance_no_negativo,sin_factor_dominante,ninguna_relevante_para_el_periodo,La ventana entre 2026-04-01 y 2026-04-30 muestra un balance de 142000 COP y una cobertura estimada de 1.26 meses. Este resultado describe el periodo y no a la persona.,historia_controlada_recalculada_v2,train,deterioro_reciente,si,roadmap_14_mvp_estructurado_v2.0,fincoach_mvp_estructurado_v2.0,eb89cdb9c7822e20b2cd113d3c38e1a455d1c2c086d3587301368e2cc85af219,2336000,0,0,0,1576000,618000,0,0,0
VEN_0075_2,PERF_0075,dentro_del_mvp,2026-05-31,2026-04-01,2026-05-31,acumulada_61_dias,61,61,95.082,4671000,0,0,240000,0,4388000,2043000,379000,1241000,0,110000,1263917,1786917,0,0,9059000,283000,0,1092000,19,0.9283,-93.9891,0.0002,1.7493,0.0,0.0,equilibrio_sostenible,calculado,alta,baja,balance_no_negativo,sin_factor_dominante,ninguna_relevante_para_el_periodo,La ventana entre 2026-04-01 y 2026-05-31 muestra un balance de 283000 COP y una cobertura estimada de 1.75 meses. Este resultado describe el periodo y no a la persona.,historia_controlada_recalculada_v2,train,deterioro_reciente,si,roadmap_14_mvp_estructurado_v2.0,fincoach_mvp_estructurado_v2.0,53e4cf72b9be067e01452e4313bac06044beca520351a7e4efd23284e45b99ce,4671000,240000,0,0,3415000,973000,0,0,0
VEN_0075_3,PERF_0075,dentro_del_mvp,2026-06-30,2026-04-01,2026-06-30,acumulada_91_dias,91,91,95.6044,6441000,0,0,240000,0,7575000,4084000,672000,1754000,0,154000,1263917,369917,0,0,14016000,-1134000,1134000,1619000,49,0.1922,-17100.8827,0.1242,0.2717,0.0,0.0,fragilidad_sostenida,calculado,alta,baja,evidencia_temporal_disponible,balance_negativo,ninguna_relevante_para_el_periodo,La ventana entre 2026-04-01 y 2026-06-30 muestra un balance de -1134000 COP y una cobertura estimada de 0.27 meses. Este resultado describe el periodo y no a la persona.,historia_controlada_recalculada_v2,train,deterioro_reciente,si,roadmap_14_mvp_estructurado_v2.0,fincoach_mvp_estructurado_v2.0,b1693f48ad8d89361e70906a874ef7bb3888b141b22a7cd4a6b454b530f212b8,6441000,240000,0,0,5505000,2070000,0,0,0
VEN_0076_1,PERF_0076,dentro_del_mvp,2026-04-30,2026-04-01,2026-04-30,acumulada_30_dias,30,28,100.0,0,0,1937000,0,0,8631000,3563000,474000,2738000,541000,521000,275048,-6418952,17055050,18451050,8631000,-8631000,8631000,7594000,28,0.0,0.0,0.0,0.0,1.0,0.0819,situacion_critica,calculado,alta,baja,evidencia_temporal_disponible,balance_negativo,motivo_de_periodos_sin_ingreso,La ventana entre 2026-04-01 y 2026-04-30 muestra un balance de -8631000 COP y una cobertura estimada de 0.00 meses. Este resultado describe el periodo y no a la persona.,historia_controlada_recalculada_v2,train,fragilidad_sostenida,si,roadmap_14_mvp_estructurado_v2.0,fincoach_mvp_estructurado_v2.0,7ce19a5d7e3fb4abc3d7388bd5962b795938979182100e5bd059e9cdb2ad57ca,0,1937000,0,1,5925000,2706000,541000,0,1937000
VEN_0076_2,PERF_0076,dentro_del_mvp,2026-05-31,2026-04-01,2026-05-31,acumulada_61_dias,61,56,98.2143,0,0,2671000,0,0,19647000,9097000,1503000,4126000,1303000,1051000,275048,-16700952,17055050,19185050,19647000,-19647000,19647000,16976000,59,0.0,-34381.9672,0.0,0.0,1.0,0.1249,situacion_critica,calculado,alta,baja,evidencia_temporal_disponible,balance_negativo,motivo_de_periodos_sin_ingreso,La ventana entre 2026-04-01 y 2026-05-31 muestra un balance de -19647000 COP y una cobertura estimada de 0.00 meses. Este resultado describe el periodo y no a la persona.,historia_controlada_recalculada_v2,train,fragilidad_sostenida,si,roadmap_14_mvp_estructurado_v2.0,fincoach_mvp_estructurado_v2.0,e6c1dd8fdbe3b6d01026e472d961e588d677233562c4d19c5cbf77f58825c359,734000,1937000,0,2,13512000,6135000,541000,762000,2671000
VEN_0076_3,PERF_0076,dentro_del_mvp,2026-06-30,2026-04-01,2026-06-30,acumulada_91_dias,91,83,97.5904,0,0,5300000,0,0,30663000,15906000,2316000,4852000,1303000,2393000,275048,-25087952,17055050,21814050,30663000,-30663000,30663000,25363000,89,0.0,-14874.0767,0.0,0.0,1.0,0.279,situacion_critica,calculado,alta,baja,evidencia_temporal_disponible,balance_negativo,motivo_de_periodos_sin_ingreso,La ventana entre 2026-04-01 y 2026-06-30 muestra un balance de -30663000 COP y una cobertura estimada de 0.00 meses. Este resultado describe el periodo y no a la persona.,historia_controlada_recalculada_v2,train,fragilidad_sostenida,si,roadmap_14_mvp_estructurado_v2.0,fincoach_mvp_estructurado_v2.0,5e5c04c88a18f40da7f69cb6c4c318867086450ab19c9d1e2eb61eef085d8823,1468000,3832000,0,3,20225000,10438000,541000,762000,5300000
VEN_0077_1,PERF_0077,dentro_del_mvp,2026-04-30,2026-04-01,2026-04-30,acumulada_30_dias,30,29,100.0,3903000,0,828000,160000,0,12420000,7559000,896000,1732000,508000,648000,1387275,-6141725,14153624,14981624,16323000,-8517000,8517000,9989000,29,0.0,0.0,0.0,0.0,0.1693,0.0585,situacion_critica,calculado,alta,baja,evidencia_temporal_disponible,balance_negativo,ninguna_relevante_para_el_periodo,La ventana entre 2026-04-01 y 2026-04-30 muestra un balance de -8517000 COP y una cobertura estimada de 0.00 meses. Este resultado describe el periodo y no a la persona.,historia_controlada_recalculada_v2,test,situacion_critica,si,roadmap_14_mvp_estructurado_v2.0,fincoach_mvp_estructurado_v2.0,ac6c23d364ccae3087f2e30bbf5c46888d682ef53a7d943a1a01118119b2c6bd,4731000,160000,0,0,8325000,4095000,0,508000,828000
VEN_0077_2,PERF_0077,dentro_del_mvp,2026-05-31,2026-04-01,2026-05-31,acumulada_61_dias,61,60,98.3333,7648000,0,2417000,160000,0,28104000,13330000,1317000,6795000,1884000,1843000,1387275,-16491725,14153624,16570624,35752000,-20456000,20456000,18004000,60,0.0,-51444.2623,0.0207,0.0,0.2364,0.1708,situacion_critica,calculado,alta,baja,evidencia_temporal_disponible,balance_negativo,ninguna_relevante_para_el_periodo,La ventana entre 2026-04-01 y 2026-05-31 muestra un balance de -20456000 COP y una cobertura estimada de 0.00 meses. Este resultado describe el periodo y no a la persona.,historia_controlada_recalculada_v2,test,situacion_critica,si,roadmap_14_mvp_estructurado_v2.0,fincoach_mvp_estructurado_v2.0,62f29d1b6c3c68a2d3e965cf617fe60e1f7f3fe659c1b72d0305c62fd79bf1d6,8476000,1749000,0,0,18040000,10064000,0,1884000,2417000
VEN_0077_3,PERF_0077,dentro_del_mvp,2026-06-30,2026-04-01,2026-06-30,acumulada_91_dias,91,91,97.8022,11355000,0,3935000,160000,0,43788000,21413000,3180000,8070000,4572000,2938000,1387275,-26950725,14153624,17077624,55143000,-32433000,32433000,29571000,90,0.0,-21062.3311,0.0224,0.0,0.2547,0.2066,situacion_critica,calculado,alta,baja,evidencia_temporal_disponible,balance_negativo,ninguna_relevante_para_el_periodo,La ventana entre 2026-04-01 y 2026-06-30 muestra un balance de -32433000 COP y una cobertura estimada de 0.00 meses. Este resultado describe el periodo y no a la persona.,historia_controlada_recalculada_v2,test,situacion_critica,si,roadmap_14_mvp_estructurado_v2.0,fincoach_mvp_estructurado_v2.0,40da2bde18f0f3e889ae4a29277a066a1d4b86f0868f69edd541606257ab4892,13701000,1749000,0,0,29984000,13804000,1011000,3561000,3935000
VEN_0078_1,PERF_0078,dentro_del_mvp,2026-04-30,2026-04-01,2026-04-30,acumulada_30_dias,30,32,96.875,6680000,0,0,0,598000,3967000,2543000,267000,706000,0,223000,13024574,16335574,11565215,11565215,10647000,2713000,0,2324000,25,0.8755,0.0,0.0,6.4237,0.0822,0.0,acumulacion_estable,calculado,alta,baja,balance_no_negativo,sin_factor_dominante,ninguna_relevante_para_el_periodo,La ventana entre 2026-04-01 y 2026-04-30 muestra un balance de 2713000 COP y una cobertura estimada de 6.42 meses. Este resultado describe el periodo y no a la persona.,historia_controlada_recalculada_v2,test,acumulacion_estable,si,roadmap_14_mvp_estructurado_v2.0,fincoach_mvp_estructurado_v2.0,3d5e98846ee962a51c60309478e92761f0e11ebe49296bded6097cfd7f51373d,6680000,598000,0,0,2675000,1292000,0,0,0
VEN_0078_2,PERF_0078,dentro_del_mvp,2026-05-31,2026-04-01,2026-05-31,acumulada_61_dias,61,63,98.4127,13360000,0,0,0,598000,7934000,4942000,565000,1228000,127000,335000,13024574,19048574,11565215,11565215,21294000,5426000,0,3052000,26,0.8619,-1482.5137,0.0,7.7089,0.0428,0.0,acumulacion_estable,calculado,alta,baja,balance_no_negativo,sin_factor_dominante,ninguna_relevante_para_el_periodo,La ventana entre 2026-04-01 y 2026-05-31 muestra un balance de 5426000 COP y una cobertura estimada de 7.71 meses. Este resultado describe el periodo y no a la persona.,historia_controlada_recalculada_v2,test,acumulacion_estable,si,roadmap_14_mvp_estructurado_v2.0,fincoach_mvp_estructurado_v2.0,2207a37159b8b39be06e7b20c42a1a1e77aa4e4f7a7bf93378e2ae235cf4af2c,13360000,598000,0,0,5487000,2447000,0,127000,0
VEN_0078_3,PERF_0078,dentro_del_mvp,2026-06-30,2026-04-01,2026-06-30,acumulada_91_dias,91,94,97.8723,20040000,0,0,50000,1047000,11901000,6809000,891000,2577000,127000,496000,13024574,22260574,11565215,11565215,31941000,8139000,0,4141000,25,0.9118,488.7408,0.0,9.8079,0.0495,0.0,acumulacion_estable,calculado,alta,baja,balance_no_negativo,sin_factor_dominante,ninguna_relevante_para_el_periodo,La ventana entre 2026-04-01 y 2026-06-30 muestra un balance de 8139000 COP y una cobertura estimada de 9.81 meses. Este resultado describe el periodo y no a la persona.,historia_controlada_recalculada_v2,test,acumulacion_estable,si,roadmap_14_mvp_estructurado_v2.0,fincoach_mvp_estructurado_v2.0,d8a8bf32713ca9a9fe869b38be8ee1b8be10b1e77904d66b36fe68acbaa542ce,20040000,1097000,0,0,8946000,2955000,0,127000,0
VEN_0079_1,PERF_0079,dentro_del_mvp,2026-04-30,2026-04-01,2026-04-30,acumulada_30_dias,30,33,96.9697,6470000,0,0,0,0,5971000,3531000,801000,589000,0,0,3167730,3666730,0,0,12441000,499000,0,2888000,29,0.6053,0.0,0.0,1.0384,0.0,0.0,equilibrio_sostenible,calculado,alta,baja,balance_no_negativo,sin_factor_dominante,ninguna_relevante_para_el_periodo,La ventana entre 2026-04-01 y 2026-04-30 muestra un balance de 499000 COP y una cobertura estimada de 1.04 meses. Este resultado describe el periodo y no a la persona.,historia_controlada_recalculada_v2,train,equilibrio_sostenible,si,roadmap_14_mvp_estructurado_v2.0,fincoach_mvp_estructurado_v2.0,c571ef6dd75efa3c1b981ef09f7cb1abaffc6792a3d96366bb0ce3c3cf8254aa,6470000,0,0,0,3396000,2575000,0,0,0
VEN_0079_2,PERF_0079,dentro_del_mvp,2026-05-31,2026-04-01,2026-05-31,acumulada_61_dias,61,66,98.4848,12416000,0,0,0,539000,11942000,7039000,1802000,1550000,0,55000,3167730,4180730,0,0,24358000,474000,0,3301000,14,0.5762,-8862.8415,0.0422,1.1879,0.0416,0.0,equilibrio_sostenible,calculado,alta,baja,balance_no_negativo,sin_factor_dominante,ninguna_relevante_para_el_periodo,La ventana entre 2026-04-01 y 2026-05-31 muestra un balance de 474000 COP y una cobertura estimada de 1.19 meses. Este resultado describe el periodo y no a la persona.,historia_controlada_recalculada_v2,train,equilibrio_sostenible,si,roadmap_14_mvp_estructurado_v2.0,fincoach_mvp_estructurado_v2.0,a7c54583aabb2e2af7c7d33bba1b582c97693d075f64b6a946097838d9caa69b,9665000,3290000,0,0,6933000,5009000,0,0,0
VEN_0079_3,PERF_0079,dentro_del_mvp,2026-06-30,2026-04-01,2026-06-30,acumulada_91_dias,91,99,96.9697,18488000,0,0,0,539000,17913000,11373000,1895000,1913000,0,804000,3167730,4281730,0,0,36401000,575000,0,4995000,44,0.5901,-1451.8105,0.0362,1.1294,0.0283,0.0,equilibrio_sostenible,calculado,alta,baja,balance_no_negativo,sin_factor_dominante,ninguna_relevante_para_el_periodo,La ventana entre 2026-04-01 y 2026-06-30 muestra un balance de 575000 COP y una cobertura estimada de 1.13 meses. Este resultado describe el periodo y no a la persona.,historia_controlada_recalculada_v2,train,equilibrio_sostenible,si,roadmap_14_mvp_estructurado_v2.0,fincoach_mvp_estructurado_v2.0,5c9d6f23011db46e2620d0e936b5750ab132ae76a155d984d0944e4333af2c90,15737000,3290000,0,0,10218000,7695000,0,0,0
VEN_0080_1,PERF_0080,dentro_del_mvp,2026-04-30,2026-04-01,2026-04-30,acumulada_30_dias,30,33,96.9697,3674000,0,0,40000,316000,3990000,2463000,116000,1095000,0,0,6622965,6662965,2577264,2577264,7664000,-316000,316000,1718000,28,0.9481,0.0,0.0,2.7052,0.0784,0.0,uso_planificado_reserva,calculado,alta,baja,evidencia_temporal_disponible,balance_negativo,ninguna_relevante_para_el_periodo,La ventana entre 2026-04-01 y 2026-04-30 muestra un balance de -316000 COP y una cobertura estimada de 2.71 meses. Este resultado describe el periodo y no a la persona.,historia_controlada_recalculada_v2,train,variable_resiliente,si,roadmap_14_mvp_estructurado_v2.0,fincoach_mvp_estructurado_v2.0,9145e8de0ce2e1b3a4073d3627cc955a55a9c4dca9abe0434f2b42e007cf73c8,3714000,316000,0,0,2854000,1136000,0,0,0
VEN_0080_2,PERF_0080,dentro_del_mvp,2026-05-31,2026-04-01,2026-05-31,acumulada_61_dias,61,65,98.4615,10248000,0,0,260000,316000,6779000,4137000,283000,1532000,0,96000,6622965,10667965,2577264,2577264,17027000,3469000,0,1776000,0,1.0,67402.1858,0.283,5.1573,0.0292,0.0,variable_resiliente,calculado,alta,baja,balance_no_negativo,sin_factor_dominante,ninguna_relevante_para_el_periodo,La ventana entre 2026-04-01 y 2026-05-31 muestra un balance de 3469000 COP y una cobertura estimada de 5.16 meses. Este resultado describe el periodo y no a la persona.,historia_controlada_recalculada_v2,train,variable_resiliente,si,roadmap_14_mvp_estructurado_v2.0,fincoach_mvp_estructurado_v2.0,d477a5e297ae73c3b07fb2a07b7dc7900ead91e47e9829f1b9e5d8a5dcc1ad83,10508000,316000,0,0,4805000,1974000,0,0,0
VEN_0080_3,PERF_0080,dentro_del_mvp,2026-06-30,2026-04-01,2026-06-30,acumulada_91_dias,91,97,97.9381,15832000,0,0,690000,316000,9568000,5955000,283000,1650000,146000,450000,6622965,13892965,2577264,2577264,25400000,6264000,0,1776000,0,1.0,11966.3124,0.2281,6.999,0.0188,0.0,variable_resiliente,calculado,alta,baja,balance_no_negativo,sin_factor_dominante,ninguna_relevante_para_el_periodo,La ventana entre 2026-04-01 y 2026-06-30 muestra un balance de 6264000 COP y una cobertura estimada de 7.00 meses. Este resultado describe el periodo y no a la persona.,historia_controlada_recalculada_v2,train,variable_resiliente,si,roadmap_14_mvp_estructurado_v2.0,fincoach_mvp_estructurado_v2.0,8b46167d60a8360eb27f287bdfb0f7df7970ba85df2f0b3aa47cc730d9151cb0,16332000,506000,0,0,6516000,3052000,0,146000,0
VEN_0081_1,PERF_0081,dentro_del_mvp,2026-04-30,2026-04-01,2026-04-30,acumulada_30_dias,30,33,100.0,1750000,0,0,0,0,4575000,1646000,717000,945000,598000,259000,20628740,17803740,3918997,3649997,6325000,-2825000,2825000,3181000,25,0.8484,0.0,0.0,10.8164,0.0,-0.0686,uso_planificado_reserva,calculado,alta,baja,evidencia_temporal_disponible,balance_negativo,ninguna_relevante_para_el_periodo,La ventana entre 2026-04-01 y 2026-04-30 muestra un balance de -2825000 COP y una cobertura estimada de 10.82 meses. Este resultado describe el periodo y no a la persona.,historia_controlada_recalculada_v2,train,uso_planificado_reserva,si,roadmap_14_mvp_estructurado_v2.0,fincoach_mvp_estructurado_v2.0,e869e80300ee32993df754e8abf650da4e0ec30395240d0dc08e66f30007582d,1750000,0,0,0,3548000,1027000,269000,329000,0
VEN_0081_2,PERF_0081,dentro_del_mvp,2026-05-31,2026-04-01,2026-05-31,acumulada_61_dias,61,64,100.0,3500000,0,0,0,0,16607000,8640000,2051000,2615000,1153000,259000,20628740,7521740,3918997,3649997,20107000,-13107000,13107000,13463000,56,0.3584,-120702.1858,0.0,1.7411,0.0,-0.0686,deterioro_reciente,calculado,alta,baja,evidencia_temporal_disponible,balance_negativo,ninguna_relevante_para_el_periodo,La ventana entre 2026-04-01 y 2026-05-31 muestra un balance de -13107000 COP y una cobertura estimada de 1.74 meses. Este resultado describe el periodo y no a la persona.,historia_controlada_recalculada_v2,train,uso_planificado_reserva,si,roadmap_14_mvp_estructurado_v2.0,fincoach_mvp_estructurado_v2.0,b030e493182480c1a788778a5d7a0c7c051afc49dbe6360377f7a9a9acb5a9a5,3500000,0,0,0,12893000,3714000,269000,884000,0
VEN_0081_3,PERF_0081,dentro_del_mvp,2026-06-30,2026-04-01,2026-06-30,acumulada_91_dias,91,95,100.0,5250000,0,0,220000,0,28639000,15560000,2989000,3848000,2085000,1011000,20628740,-2540260,3918997,2717997,33889000,-23389000,23389000,23525000,86,0.0,-42153.1256,0.0,0.0,0.0,-0.3065,situacion_critica,calculado,alta,baja,evidencia_temporal_disponible,balance_negativo,ninguna_relevante_para_el_periodo,La ventana entre 2026-04-01 y 2026-06-30 muestra un balance de -23389000 COP y una cobertura estimada de 0.00 meses. Este resultado describe el periodo y no a la persona.,historia_controlada_recalculada_v2,train,uso_planificado_reserva,si,roadmap_14_mvp_estructurado_v2.0,fincoach_mvp_estructurado_v2.0,394b97dc3a37b8e8c4af8aa9ccf1360d05c8defb50d76d899db833d2f854fb82,5250000,220000,0,0,22590000,6049000,1201000,884000,0
VEN_0082_1,PERF_0082,dentro_del_mvp,2026-04-30,2026-04-01,2026-04-30,acumulada_30_dias,30,30,96.6667,0,1420000,0,0,0,6291000,3409000,565000,1642000,0,93000,14299393,9428393,1939071,1939071,7711000,-4871000,4871000,4871000,28,0.6594,0.0,0.0,2.7657,1.0,0.0,uso_planificado_reserva,calculado,alta,baja,evidencia_temporal_disponible,balance_negativo,motivo_de_periodos_sin_ingreso,La ventana entre 2026-04-01 y 2026-04-30 muestra un balance de -4871000 COP y una cobertura estimada de 2.77 meses. Este resultado describe el periodo y no a la persona.,historia_controlada_recalculada_v2,train,deterioro_reciente,si,roadmap_14_mvp_estructurado_v2.0,fincoach_mvp_estructurado_v2.0,e033fe2947b682f088160b3d4990b283e259f3e3275a0b6f94d6ed87673797be,1420000,0,0,1,4479000,1812000,0,0,0
VEN_0082_2,PERF_0082,dentro_del_mvp,2026-05-31,2026-04-01,2026-05-31,acumulada_61_dias,61,58,96.5517,0,2840000,0,0,0,12582000,6806000,957000,2964000,601000,335000,14299393,4557393,1939071,1639071,15422000,-9742000,9742000,9742000,59,0.3187,2661.7486,0.0,1.3392,1.0,-0.1547,fragilidad_sostenida,calculado,alta,baja,evidencia_temporal_disponible,balance_negativo,motivo_de_periodos_sin_ingreso,La ventana entre 2026-04-01 y 2026-05-31 muestra un balance de -9742000 COP y una cobertura estimada de 1.34 meses. Este resultado describe el periodo y no a la persona.,historia_controlada_recalculada_v2,train,deterioro_reciente,si,roadmap_14_mvp_estructurado_v2.0,fincoach_mvp_estructurado_v2.0,4fc168838cb3d13ca2abc32c4d802ce8698a5b8f2c01aa21e7058b56a6151fae,2840000,0,0,2,8645000,3937000,300000,301000,0
VEN_0082_3,PERF_0082,dentro_del_mvp,2026-06-30,2026-04-01,2026-06-30,acumulada_91_dias,91,86,96.5116,0,4260000,0,0,0,21720000,12285000,1895000,4724000,1031000,455000,14299393,-3160607,1939071,1639071,25980000,-17460000,17460000,17460000,89,0.0,-32163.2138,0.0,0.0,1.0,-0.1547,situacion_critica,calculado,alta,baja,evidencia_temporal_disponible,balance_negativo,motivo_de_periodos_sin_ingreso,La ventana entre 2026-04-01 y 2026-06-30 muestra un balance de -17460000 COP y una cobertura estimada de 0.00 meses. Este resultado describe el periodo y no a la persona.,historia_controlada_recalculada_v2,train,deterioro_reciente,si,roadmap_14_mvp_estructurado_v2.0,fincoach_mvp_estructurado_v2.0,f1eae6f61a16a2165f00f67bd04fc841c7c908b1efd13a13a6479891f90358fd,4260000,0,0,3,16130000,5590000,300000,731000,0
VEN_0083_1,PERF_0083,dentro_del_mvp,2026-04-30,2026-04-01,2026-04-30,acumulada_30_dias,30,30,96.6667,2600000,0,0,0,0,5782000,2493000,352000,1692000,279000,620000,608614,-2573386,17057048,16778048,8382000,-3182000,3182000,3182000,29,0.0,0.0,0.0,0.0,0.0,-0.0164,situacion_critica,calculado,alta,baja,evidencia_temporal_disponible,balance_negativo,ninguna_relevante_para_el_periodo,La ventana entre 2026-04-01 y 2026-04-30 muestra un balance de -3182000 COP y una cobertura estimada de 0.00 meses. Este resultado describe el periodo y no a la persona.,historia_controlada_recalculada_v2,train,fragilidad_sostenida,si,roadmap_14_mvp_estructurado_v2.0,fincoach_mvp_estructurado_v2.0,17f0532da71065a6a4bbf3586b3c0294804e3349b1719d5edf0a85a450428cef,2600000,0,0,0,4429000,1353000,279000,0,0
VEN_0083_2,PERF_0083,dentro_del_mvp,2026-05-31,2026-04-01,2026-05-31,acumulada_61_dias,61,63,98.4127,5684000,0,492000,0,0,13162000,6999000,1205000,3220000,279000,620000,608614,-6377386,17057048,17270048,18846000,-7478000,7478000,7329000,60,0.0,-16523.4973,0.0852,0.0,0.0797,0.0125,situacion_critica,calculado,alta,baja,evidencia_temporal_disponible,balance_negativo,ninguna_relevante_para_el_periodo,La ventana entre 2026-04-01 y 2026-05-31 muestra un balance de -7478000 COP y una cobertura estimada de 0.00 meses. Este resultado describe el periodo y no a la persona.,historia_controlada_recalculada_v2,train,fragilidad_sostenida,si,roadmap_14_mvp_estructurado_v2.0,fincoach_mvp_estructurado_v2.0,f79a197d68a1c454accd8e96b424ca49f60c318e32435961a806c7584759b6a4,6176000,0,0,0,10041000,3121000,279000,0,492000
VEN_0083_3,PERF_0083,dentro_del_mvp,2026-06-30,2026-04-01,2026-06-30,acumulada_91_dias,91,95,97.8947,8710000,0,984000,0,0,20542000,10892000,1880000,5290000,568000,620000,608614,-10239386,17057048,17473048,29252000,-11832000,11832000,10848000,90,0.0,-7431.8141,0.0743,0.0,0.1015,0.0244,situacion_critica,calculado,alta,baja,evidencia_temporal_disponible,balance_negativo,ninguna_relevante_para_el_periodo,La ventana entre 2026-04-01 y 2026-06-30 muestra un balance de -11832000 COP y una cobertura estimada de 0.00 meses. Este resultado describe el periodo y no a la persona.,historia_controlada_recalculada_v2,train,fragilidad_sostenida,si,roadmap_14_mvp_estructurado_v2.0,fincoach_mvp_estructurado_v2.0,b70338f11fd0a2ca39232102f39fd45a5829c90d0808973d3e4cf0baafda3b9c,9694000,0,0,0,15477000,5065000,568000,0,984000
VEN_0084_1,PERF_0084,dentro_del_mvp,2026-04-30,2026-04-01,2026-04-30,acumulada_30_dias,30,23,95.6522,500000,0,919000,0,0,13788000,9007000,852000,1369000,417000,688000,1180330,-11188670,14949189,15868189,14288000,-13288000,13288000,12369000,28,0.0,0.0,0.0,0.0,0.6476,0.0615,situacion_critica,calculado,alta,baja,evidencia_temporal_disponible,balance_negativo,ninguna_relevante_para_el_periodo,La ventana entre 2026-04-01 y 2026-04-30 muestra un balance de -13288000 COP y una cobertura estimada de 0.00 meses. Este resultado describe el periodo y no a la persona.,historia_controlada_recalculada_v2,validation,situacion_critica,si,roadmap_14_mvp_estructurado_v2.0,fincoach_mvp_estructurado_v2.0,a6b4a44093de417acd82bb84c375224235f0c22a346632beab2f2a06387a9544,500000,919000,0,0,10316000,3472000,0,417000,919000
VEN_0084_2,PERF_0084,dentro_del_mvp,2026-05-31,2026-04-01,2026-05-31,acumulada_61_dias,61,49,93.8776,1000000,0,919000,0,0,31200000,18429000,1686000,5169000,1396000,1677000,1180330,-28100670,14949189,14889189,32200000,-30200000,30200000,29281000,59,0.0,-52148.6339,0.0,0.0,0.4789,-0.004,situacion_critica,calculado,alta,baja,evidencia_temporal_disponible,balance_negativo,ninguna_relevante_para_el_periodo,La ventana entre 2026-04-01 y 2026-05-31 muestra un balance de -30200000 COP y una cobertura estimada de 0.00 meses. Este resultado describe el periodo y no a la persona.,historia_controlada_recalculada_v2,validation,situacion_critica,si,roadmap_14_mvp_estructurado_v2.0,fincoach_mvp_estructurado_v2.0,fb44247cad209fc818aaf209e87e16b5f1efcaa0fccb91ce2f86628a293c6bc6,1000000,919000,0,0,22096000,9104000,979000,417000,919000
VEN_0084_3,PERF_0084,dentro_del_mvp,2026-06-30,2026-04-01,2026-06-30,acumulada_91_dias,91,76,94.7368,1500000,0,919000,0,0,48612000,27726000,1686000,8281000,3020000,4140000,1180330,-45012670,14949189,14889189,50112000,-47112000,47112000,46193000,89,0.0,-22632.3185,0.0,0.0,0.3799,-0.004,situacion_critica,calculado,alta,baja,evidencia_temporal_disponible,balance_negativo,ninguna_relevante_para_el_periodo,La ventana entre 2026-04-01 y 2026-06-30 muestra un balance de -47112000 COP y una cobertura estimada de 0.00 meses. Este resultado describe el periodo y no a la persona.,historia_controlada_recalculada_v2,validation,situacion_critica,si,roadmap_14_mvp_estructurado_v2.0,fincoach_mvp_estructurado_v2.0,9785285453770ab77f643a7a89ad57b42f5e4cbb13c772033122719dc787c547,1500000,919000,0,0,31788000,16824000,979000,2041000,919000
VEN_0085_1,PERF_0085,dentro_del_mvp,2026-04-30,2026-04-01,2026-04-30,acumulada_30_dias,30,25,96.0,500000,0,0,210000,0,2082000,1138000,320000,433000,77000,44000,7388583,6016583,4731191,4654191,2582000,-1582000,1582000,1372000,29,0.8143,0.0,0.0,5.287,0.0,-0.0163,uso_planificado_reserva,calculado,alta,baja,evidencia_temporal_disponible,balance_negativo,ninguna_relevante_para_el_periodo,La ventana entre 2026-04-01 y 2026-04-30 muestra un balance de -1582000 COP y una cobertura estimada de 5.29 meses. Este resultado describe el periodo y no a la persona.,historia_controlada_recalculada_v2,train,acumulacion_estable,si,roadmap_14_mvp_estructurado_v2.0,fincoach_mvp_estructurado_v2.0,c87daba3b8530424522e052bf64f40db6cf8ad89c4b33c8acec0c9ad8403b151,500000,210000,0,0,1433000,649000,77000,0,0
VEN_0085_2,PERF_0085,dentro_del_mvp,2026-05-31,2026-04-01,2026-05-31,acumulada_61_dias,61,50,94.0,1000000,0,0,210000,0,4164000,2323000,562000,797000,153000,44000,7388583,4434583,4731191,4654191,5164000,-3164000,3164000,2954000,60,0.6002,864.4809,0.0,3.818,0.0,-0.0163,uso_planificado_reserva,calculado,alta,baja,evidencia_temporal_disponible,balance_negativo,ninguna_relevante_para_el_periodo,La ventana entre 2026-04-01 y 2026-05-31 muestra un balance de -3164000 COP y una cobertura estimada de 3.82 meses. Este resultado describe el periodo y no a la persona.,historia_controlada_recalculada_v2,train,acumulacion_estable,si,roadmap_14_mvp_estructurado_v2.0,fincoach_mvp_estructurado_v2.0,7da1d2c158c6fc03dccbce8184a86bd37433946f222b49616a523089f45ef548,1000000,210000,0,0,2903000,1261000,77000,76000,0
VEN_0085_3,PERF_0085,dentro_del_mvp,2026-06-30,2026-04-01,2026-06-30,acumulada_91_dias,91,71,92.9577,1500000,0,0,210000,0,6246000,3595000,713000,1168000,236000,132000,7388583,2852583,4731191,4654191,7746000,-4746000,4746000,4536000,90,0.3861,-284.9937,0.0,2.3805,0.0,-0.0163,fragilidad_sostenida,calculado,alta,baja,evidencia_temporal_disponible,balance_negativo,ninguna_relevante_para_el_periodo,La ventana entre 2026-04-01 y 2026-06-30 muestra un balance de -4746000 COP y una cobertura estimada de 2.38 meses. Este resultado describe el periodo y no a la persona.,historia_controlada_recalculada_v2,train,acumulacion_estable,si,roadmap_14_mvp_estructurado_v2.0,fincoach_mvp_estructurado_v2.0,b6bbe718525cdb3349d97c2a06409e0cc5ff57ac5b0e83edfbacd47ff99a055f,1500000,210000,0,0,4781000,1465000,77000,159000,0
VEN_0086_1,PERF_0086,dentro_del_mvp,2026-04-30,2026-04-01,2026-04-30,acumulada_30_dias,30,29,100.0,2120000,0,0,0,0,6476000,2849000,1034000,1643000,0,410000,15629454,11273454,0,0,8596000,-4356000,4356000,4356000,29,0.7213,0.0,0.0,3.957,0.0,0.0,uso_planificado_reserva,calculado,alta,baja,evidencia_temporal_disponible,balance_negativo,ninguna_relevante_para_el_periodo,La ventana entre 2026-04-01 y 2026-04-30 muestra un balance de -4356000 COP y una cobertura estimada de 3.96 meses. Este resultado describe el periodo y no a la persona.,historia_controlada_recalculada_v2,validation,equilibrio_sostenible,si,roadmap_14_mvp_estructurado_v2.0,fincoach_mvp_estructurado_v2.0,f66a81d4b29af0a1d359ae8b9b77b32d88fc7d1a0c0b18869162069342e3b496,2120000,0,0,0,4901000,1575000,0,0,0
VEN_0086_2,PERF_0086,dentro_del_mvp,2026-05-31,2026-04-01,2026-05-31,acumulada_61_dias,61,59,98.3051,4240000,0,0,0,0,12952000,6743000,1539000,2594000,0,628000,15629454,6917454,0,0,17192000,-8712000,8712000,8712000,60,0.4426,2380.3279,0.0,2.0517,0.0,0.0,fragilidad_sostenida,calculado,alta,baja,evidencia_temporal_disponible,balance_negativo,ninguna_relevante_para_el_periodo,La ventana entre 2026-04-01 y 2026-05-31 muestra un balance de -8712000 COP y una cobertura estimada de 2.05 meses. Este resultado describe el periodo y no a la persona.,historia_controlada_recalculada_v2,validation,equilibrio_sostenible,si,roadmap_14_mvp_estructurado_v2.0,fincoach_mvp_estructurado_v2.0,701698835f7c9b50b70734a49283194e6423866da05ba5d7d2673b7c1e6156bd,4240000,0,0,0,9503000,3449000,0,0,0
VEN_0086_3,PERF_0086,dentro_del_mvp,2026-06-30,2026-04-01,2026-06-30,acumulada_91_dias,91,89,98.8764,6360000,0,0,0,0,19428000,10488000,1812000,4085000,0,1060000,15629454,2561454,0,0,25788000,-13068000,13068000,13068000,90,0.1639,-784.7235,0.0,0.7327,0.0,0.0,fragilidad_sostenida,calculado,alta,baja,evidencia_temporal_disponible,balance_negativo,ninguna_relevante_para_el_periodo,La ventana entre 2026-04-01 y 2026-06-30 muestra un balance de -13068000 COP y una cobertura estimada de 0.73 meses. Este resultado describe el periodo y no a la persona.,historia_controlada_recalculada_v2,validation,equilibrio_sostenible,si,roadmap_14_mvp_estructurado_v2.0,fincoach_mvp_estructurado_v2.0,d2edb637c7d00ffc6e0001195620b2356d595fc79d6d0096e7b3ebc69901fcf2,6360000,0,0,0,14412000,5016000,0,0,0
VEN_0087_1,PERF_0087,dentro_del_mvp,2026-04-30,2026-04-01,2026-04-30,acumulada_30_dias,30,32,96.875,5317000,0,0,0,0,5184000,2559000,658000,941000,149000,302000,13711715,13844715,2833126,2684126,10501000,133000,0,2795000,18,0.908,0.0,0.0,5.4102,0.0,-0.0526,acumulacion_estable,calculado,alta,baja,balance_no_negativo,sin_factor_dominante,ninguna_relevante_para_el_periodo,La ventana entre 2026-04-01 y 2026-04-30 muestra un balance de 133000 COP y una cobertura estimada de 5.41 meses. Este resultado describe el periodo y no a la persona.,historia_controlada_recalculada_v2,train,variable_resiliente,si,roadmap_14_mvp_estructurado_v2.0,fincoach_mvp_estructurado_v2.0,0908693f3e4d6d8aa7f78af53e8ffed502e93640bb318e631753ad4249482974,0,0,5317000,0,3598000,1586000,149000,0,0
VEN_0087_2,PERF_0087,dentro_del_mvp,2026-05-31,2026-04-01,2026-05-31,acumulada_61_dias,61,56,94.6429,5317000,0,0,0,0,8807000,4688000,988000,1347000,555000,394000,13711715,10221715,2833126,2278126,14124000,-3490000,3490000,5026000,49,0.6704,-61646.4481,1.0,4.3608,0.0,-0.1959,deterioro_reciente,calculado,alta,baja,evidencia_temporal_disponible,balance_negativo,motivo_de_periodos_sin_ingreso,La ventana entre 2026-04-01 y 2026-05-31 muestra un balance de -3490000 COP y una cobertura estimada de 4.36 meses. Este resultado describe el periodo y no a la persona.,historia_controlada_recalculada_v2,train,variable_resiliente,si,roadmap_14_mvp_estructurado_v2.0,fincoach_mvp_estructurado_v2.0,6b788d6487a3b29bd80bd2d011ebe2ac7ab532a37931e3ae573fc6a795c81c41,0,0,5317000,1,6231000,2576000,555000,0,0
VEN_0087_3,PERF_0087,dentro_del_mvp,2026-06-30,2026-04-01,2026-06-30,acumulada_91_dias,91,88,96.5909,9771000,0,0,0,0,15752000,7840000,2044000,3132000,800000,514000,13711715,7730715,2833126,2278126,25523000,-5981000,5981000,8467000,79,0.507,-8512.16,0.7153,2.9582,0.0,-0.1959,uso_planificado_reserva,calculado,alta,baja,evidencia_temporal_disponible,balance_negativo,motivo_de_periodos_sin_ingreso,La ventana entre 2026-04-01 y 2026-06-30 muestra un balance de -5981000 COP y una cobertura estimada de 2.96 meses. Este resultado describe el periodo y no a la persona.,historia_controlada_recalculada_v2,train,variable_resiliente,si,roadmap_14_mvp_estructurado_v2.0,fincoach_mvp_estructurado_v2.0,e43c33d7f2c4ce1e1c13be8204433126f0716db5f1bbbda33fe44c350150ebeb,0,0,9771000,1,11340000,4412000,555000,245000,0
VEN_0088_1,PERF_0088,dentro_del_mvp,2026-04-30,2026-04-01,2026-04-30,acumulada_30_dias,30,30,96.6667,4580000,0,0,0,0,4552000,2287000,199000,1577000,0,126000,16293778,16321778,0,0,9132000,28000,0,3319000,25,0.831,0.0,0.0,7.1368,0.0,0.0,acumulacion_estable,calculado,alta,baja,balance_no_negativo,sin_factor_dominante,ninguna_relevante_para_el_periodo,La ventana entre 2026-04-01 y 2026-04-30 muestra un balance de 28000 COP y una cobertura estimada de 7.14 meses. Este resultado describe el periodo y no a la persona.,historia_controlada_recalculada_v2,train,uso_planificado_reserva,si,roadmap_14_mvp_estructurado_v2.0,fincoach_mvp_estructurado_v2.0,284fc66daf92bebf4af2c8d8d173a0b763c049776909e312aef5a441c109148e,4580000,0,0,0,3458000,1094000,0,0,0
VEN_0088_2,PERF_0088,dentro_del_mvp,2026-05-31,2026-04-01,2026-05-31,acumulada_61_dias,61,61,98.3607,9160000,0,0,0,0,16524000,8572000,2170000,3705000,0,1714000,16293778,8929778,0,0,25684000,-7364000,7364000,10711000,56,0.4547,-121654.6448,0.0,2.0835,0.0,0.0,deterioro_reciente,calculado,alta,baja,evidencia_temporal_disponible,balance_negativo,ninguna_relevante_para_el_periodo,La ventana entre 2026-04-01 y 2026-05-31 muestra un balance de -7364000 COP y una cobertura estimada de 2.08 meses. Este resultado describe el periodo y no a la persona.,historia_controlada_recalculada_v2,train,uso_planificado_reserva,si,roadmap_14_mvp_estructurado_v2.0,fincoach_mvp_estructurado_v2.0,d13c453fc529931ce45d13555636bba482bd599b095c00ea5bd65fafe352ed03,9160000,0,0,0,11167000,5357000,0,0,0
VEN_0088_3,PERF_0088,dentro_del_mvp,2026-06-30,2026-04-01,2026-06-30,acumulada_91_dias,91,93,98.9247,18816000,0,0,210000,0,28496000,16539000,4084000,5423000,0,1714000,16293778,6823778,0,0,47312000,-9680000,9680000,16296000,86,0.3474,14347.6851,0.3815,1.2378,0.0,0.0,fragilidad_sostenida,calculado,alta,baja,evidencia_temporal_disponible,balance_negativo,ninguna_relevante_para_el_periodo,La ventana entre 2026-04-01 y 2026-06-30 muestra un balance de -9680000 COP y una cobertura estimada de 1.24 meses. Este resultado describe el periodo y no a la persona.,historia_controlada_recalculada_v2,train,uso_planificado_reserva,si,roadmap_14_mvp_estructurado_v2.0,fincoach_mvp_estructurado_v2.0,c583623b78cf785e5f1a411932e8ed56863cac705c50bcd25cf3449edba631c8,13740000,5286000,0,0,17277000,11219000,0,0,0
VEN_0089_1,PERF_0089,dentro_del_mvp,2026-04-30,2026-04-01,2026-04-30,acumulada_30_dias,30,30,93.3333,500000,0,0,0,0,4126000,2166000,589000,252000,338000,217000,5697019,2071019,4125811,4125811,4626000,-3626000,3626000,3626000,29,0.3635,0.0,0.0,0.9561,0.0,0.0,fragilidad_sostenida,calculado,alta,baja,evidencia_temporal_disponible,balance_negativo,ninguna_relevante_para_el_periodo,La ventana entre 2026-04-01 y 2026-04-30 muestra un balance de -3626000 COP y una cobertura estimada de 0.96 meses. Este resultado describe el periodo y no a la persona.,historia_controlada_recalculada_v2,train,deterioro_reciente,si,roadmap_14_mvp_estructurado_v2.0,fincoach_mvp_estructurado_v2.0,79624524da61a5386174b876672c2dd7035a40bcbe3a928c961f4a032f09b9ba,500000,0,0,0,2724000,1402000,0,338000,0
VEN_0089_2,PERF_0089,dentro_del_mvp,2026-05-31,2026-04-01,2026-05-31,acumulada_61_dias,61,57,94.7368,1000000,0,0,0,0,8252000,4394000,1036000,872000,525000,274000,5697019,-1554981,4125811,3938811,9252000,-7252000,7252000,7252000,60,0.0,1981.4208,0.0,0.0,0.0,-0.0453,situacion_critica,calculado,alta,baja,evidencia_temporal_disponible,balance_negativo,ninguna_relevante_para_el_periodo,La ventana entre 2026-04-01 y 2026-05-31 muestra un balance de -7252000 COP y una cobertura estimada de 0.00 meses. Este resultado describe el periodo y no a la persona.,historia_controlada_recalculada_v2,train,deterioro_reciente,si,roadmap_14_mvp_estructurado_v2.0,fincoach_mvp_estructurado_v2.0,4784b2ab3ec5c0d301548eb8e37d6f5f69cfd6810777735e12ea65912a00d9c9,1000000,0,0,0,5624000,2628000,187000,338000,0
VEN_0089_3,PERF_0089,dentro_del_mvp,2026-06-30,2026-04-01,2026-06-30,acumulada_91_dias,91,85,92.9412,1500000,0,0,0,0,14246000,7110000,1617000,1847000,693000,1290000,5697019,-7048981,4125811,3938811,15746000,-12746000,12746000,12746000,90,0.0,-21180.6882,0.0,0.0,0.0,-0.0453,situacion_critica,calculado,alta,baja,evidencia_temporal_disponible,balance_negativo,ninguna_relevante_para_el_periodo,La ventana entre 2026-04-01 y 2026-06-30 muestra un balance de -12746000 COP y una cobertura estimada de 0.00 meses. Este resultado describe el periodo y no a la persona.,historia_controlada_recalculada_v2,train,deterioro_reciente,si,roadmap_14_mvp_estructurado_v2.0,fincoach_mvp_estructurado_v2.0,509f0c2e355e25407d1742f0f34d64c7d5f09bed058309e70a29194a7b351279,1500000,0,0,0,9326000,4920000,187000,506000,0
VEN_0090_1,PERF_0090,dentro_del_mvp,2026-04-30,2026-04-01,2026-04-30,acumulada_30_dias,30,30,96.6667,4293000,0,0,0,0,7362000,3932000,515000,978000,885000,193000,1668744,-1400256,14791558,14442558,11655000,-3069000,3069000,3247000,25,0.0,0.0,0.0,0.0,0.0,-0.0236,situacion_critica,calculado,alta,baja,evidencia_temporal_disponible,balance_negativo,ninguna_relevante_para_el_periodo,La ventana entre 2026-04-01 y 2026-04-30 muestra un balance de -3069000 COP y una cobertura estimada de 0.00 meses. Este resultado describe el periodo y no a la persona.,historia_controlada_recalculada_v2,train,fragilidad_sostenida,si,roadmap_14_mvp_estructurado_v2.0,fincoach_mvp_estructurado_v2.0,0a7837a646456e54f720c6a96e37a2b9af8df81a81a7c65b228b8ac0f03a5294,0,0,4293000,0,5776000,1586000,349000,536000,0
VEN_0090_2,PERF_0090,dentro_del_mvp,2026-05-31,2026-04-01,2026-05-31,acumulada_61_dias,61,52,98.0769,4293000,0,0,0,0,16758000,8466000,1146000,3656000,1226000,683000,1668744,-10796256,14791558,14442558,21051000,-12465000,12465000,12465000,56,0.0,-102044.2623,1.0,0.0,0.0,-0.0236,situacion_critica,calculado,alta,baja,evidencia_temporal_disponible,balance_negativo,motivo_de_periodos_sin_ingreso,La ventana entre 2026-04-01 y 2026-05-31 muestra un balance de -12465000 COP y una cobertura estimada de 0.00 meses. Este resultado describe el periodo y no a la persona.,historia_controlada_recalculada_v2,train,fragilidad_sostenida,si,roadmap_14_mvp_estructurado_v2.0,fincoach_mvp_estructurado_v2.0,fdcea5e8292cd24b8d8c12e5b4d60715cf637cd2e04f1379fb5f0c9704bad746,0,0,4293000,1,12269000,4489000,349000,877000,0
VEN_0090_3,PERF_0090,dentro_del_mvp,2026-06-30,2026-04-01,2026-06-30,acumulada_91_dias,91,82,97.561,7455000,313000,0,0,0,26154000,15665000,1457000,3656000,2002000,683000,1668744,-16717256,14791558,14442558,33922000,-18386000,18386000,18386000,86,0.0,2300.3063,0.7311,0.0,0.0403,-0.0236,situacion_critica,calculado,alta,baja,evidencia_temporal_disponible,balance_negativo,motivo_de_periodos_sin_ingreso,La ventana entre 2026-04-01 y 2026-06-30 muestra un balance de -18386000 COP y una cobertura estimada de 0.00 meses. Este resultado describe el periodo y no a la persona.,historia_controlada_recalculada_v2,train,fragilidad_sostenida,si,roadmap_14_mvp_estructurado_v2.0,fincoach_mvp_estructurado_v2.0,c22470439ed0c9bfe7f2abc57b954c7d1531e6a6a4b41195d3eb74b3c829f6f7,0,313000,7455000,1,19426000,6728000,349000,1653000,0
VEN_0091_1,PERF_0091,dentro_del_mvp,2026-04-30,2026-04-01,2026-04-30,acumulada_30_dias,30,31,93.5484,5597000,0,1055000,0,0,15822000,7437000,1047000,2587000,2465000,609000,815972,-8354028,12533015,12946015,21419000,-10225000,10225000,12371000,28,0.0,0.0,0.0,0.0,0.1586,0.033,situacion_critica,calculado,alta,baja,evidencia_temporal_disponible,balance_negativo,ninguna_relevante_para_el_periodo,La ventana entre 2026-04-01 y 2026-04-30 muestra un balance de -10225000 COP y una cobertura estimada de 0.00 meses. Este resultado describe el periodo y no a la persona.,historia_controlada_recalculada_v2,validation,situacion_critica,si,roadmap_14_mvp_estructurado_v2.0,fincoach_mvp_estructurado_v2.0,09efd45a5697a9a66b49d743d5e802f0e9762b3c03c965f42ef7153b67009ce0,5085000,1567000,0,0,11141000,4681000,642000,1823000,1055000
VEN_0091_2,PERF_0091,dentro_del_mvp,2026-05-31,2026-04-01,2026-05-31,acumulada_61_dias,61,62,93.5484,9843000,838000,2989000,0,0,35802000,18432000,2342000,8303000,3162000,609000,815972,-21316028,12533015,14183015,46483000,-25121000,25121000,22531000,59,0.0,-70986.3388,0.1373,0.0,0.28,0.1317,situacion_critica,calculado,alta,baja,evidencia_temporal_disponible,balance_negativo,ninguna_relevante_para_el_periodo,La ventana entre 2026-04-01 y 2026-05-31 muestra un balance de -25121000 COP y una cobertura estimada de 0.00 meses. Este resultado describe el periodo y no a la persona.,historia_controlada_recalculada_v2,validation,situacion_critica,si,roadmap_14_mvp_estructurado_v2.0,fincoach_mvp_estructurado_v2.0,16bddc1d5ca7565442431f192ff1c9e079a609e9973b4304a44e150bc13f49ca,11265000,2405000,0,0,25907000,9895000,1339000,1823000,2989000
VEN_0091_3,PERF_0091,dentro_del_mvp,2026-06-30,2026-04-01,2026-06-30,acumulada_91_dias,91,93,93.5484,13597000,838000,4923000,0,0,55782000,27996000,3237000,9396000,6750000,1679000,815972,-35608028,12533015,15166015,70217000,-41347000,41347000,36857000,89,0.0,-42542.9652,0.1719,0.0,0.2976,0.2101,situacion_critica,calculado,alta,baja,evidencia_temporal_disponible,balance_negativo,ninguna_relevante_para_el_periodo,La ventana entre 2026-04-01 y 2026-06-30 muestra un balance de -41347000 COP y una cobertura estimada de 0.00 meses. Este resultado describe el periodo y no a la persona.,historia_controlada_recalculada_v2,validation,situacion_critica,si,roadmap_14_mvp_estructurado_v2.0,fincoach_mvp_estructurado_v2.0,1fc3585a3e6c2961a32d23ce2b50e516308e2da3d47ca793728e85784f60a50c,15842000,3516000,0,0,41531000,14251000,2290000,4460000,4923000
VEN_0092_1,PERF_0092,dentro_del_mvp,2026-04-30,2026-04-01,2026-04-30,acumulada_30_dias,30,34,97.0588,4736000,322000,0,0,0,3017000,1648000,275000,0,287000,0,6667705,8708705,1054709,1054709,8075000,2041000,0,930000,9,0.981,0.0,0.0,5.2844,0.0637,0.0,acumulacion_estable,calculado,alta,baja,balance_no_negativo,sin_factor_dominante,ninguna_relevante_para_el_periodo,La ventana entre 2026-04-01 y 2026-04-30 muestra un balance de 2041000 COP y una cobertura estimada de 5.28 meses. Este resultado describe el periodo y no a la persona.,historia_controlada_recalculada_v2,test,acumulacion_estable,si,roadmap_14_mvp_estructurado_v2.0,fincoach_mvp_estructurado_v2.0,1d38f6b254fbad37936aa9459405e10211d7c7139bc5c8480fdbb9e101df73c5,4736000,322000,0,0,2235000,782000,0,287000,0
VEN_0092_2,PERF_0092,dentro_del_mvp,2026-05-31,2026-04-01,2026-05-31,acumulada_61_dias,61,67,97.0149,10025000,322000,0,0,0,6034000,2776000,414000,1151000,287000,207000,6667705,10980705,1054709,1054709,16381000,4313000,0,1741000,0,1.0,2671.5847,0.0552,7.9112,0.0311,0.0,acumulacion_estable,calculado,alta,baja,balance_no_negativo,sin_factor_dominante,ninguna_relevante_para_el_periodo,La ventana entre 2026-04-01 y 2026-05-31 muestra un balance de 4313000 COP y una cobertura estimada de 7.91 meses. Este resultado describe el periodo y no a la persona.,historia_controlada_recalculada_v2,test,acumulacion_estable,si,roadmap_14_mvp_estructurado_v2.0,fincoach_mvp_estructurado_v2.0,fb6c702217765ec1c753f49729c0ca792bfd63fe4b40471c26de432453dfadd9,8471000,1876000,0,0,4378000,1656000,0,287000,0
VEN_0092_3,PERF_0092,dentro_del_mvp,2026-06-30,2026-04-01,2026-06-30,acumulada_91_dias,91,100,98.0,14628000,723000,0,0,0,9051000,4441000,630000,1545000,360000,427000,6667705,12967705,1054709,1054709,24402000,6300000,0,1741000,0,1.0,-1474.1488,0.0609,8.76,0.0471,0.0,acumulacion_estable,calculado,alta,baja,balance_no_negativo,sin_factor_dominante,ninguna_relevante_para_el_periodo,La ventana entre 2026-04-01 y 2026-06-30 muestra un balance de 6300000 COP y una cobertura estimada de 8.76 meses. Este resultado describe el periodo y no a la persona.,historia_controlada_recalculada_v2,test,acumulacion_estable,si,roadmap_14_mvp_estructurado_v2.0,fincoach_mvp_estructurado_v2.0,44360cd43784acca5054afda0ee98ada400cd0a3df35e3e65c01e0fea9cd37b7,13074000,2277000,0,0,6750000,2301000,0,360000,0
VEN_0093_1,PERF_0093,dentro_del_mvp,2026-04-30,2026-04-01,2026-04-30,acumulada_30_dias,30,21,95.2381,500000,0,0,0,0,3388000,1959000,550000,185000,0,89000,6683962,3795962,0,0,3888000,-2888000,2888000,2888000,29,0.5679,0.0,0.0,1.9377,0.0,0.0,uso_planificado_reserva,calculado,alta,baja,evidencia_temporal_disponible,balance_negativo,ninguna_relevante_para_el_periodo,La ventana entre 2026-04-01 y 2026-04-30 muestra un balance de -2888000 COP y una cobertura estimada de 1.94 meses. Este resultado describe el periodo y no a la persona.,historia_controlada_recalculada_v2,train,equilibrio_sostenible,si,roadmap_14_mvp_estructurado_v2.0,fincoach_mvp_estructurado_v2.0,af725f3e15eeaea918673167a1da2fddf695eeb0efb3b1625818aeeaabb4624d,500000,0,0,0,2657000,731000,0,0,0
VEN_0093_2,PERF_0093,dentro_del_mvp,2026-05-31,2026-04-01,2026-05-31,acumulada_61_dias,61,41,92.6829,1000000,0,0,50000,0,6776000,4371000,925000,524000,0,89000,6683962,957962,0,0,7776000,-5776000,5776000,5726000,60,0.1433,1578.1421,0.0,0.4383,0.0,0.0,fragilidad_sostenida,calculado,alta,baja,evidencia_temporal_disponible,balance_negativo,ninguna_relevante_para_el_periodo,La ventana entre 2026-04-01 y 2026-05-31 muestra un balance de -5776000 COP y una cobertura estimada de 0.44 meses. Este resultado describe el periodo y no a la persona.,historia_controlada_recalculada_v2,train,equilibrio_sostenible,si,roadmap_14_mvp_estructurado_v2.0,fincoach_mvp_estructurado_v2.0,dc99a6732ebd54df11c5806204530e919f134b3a0a3028d79ed0c6df806dea40,1000000,50000,0,0,4986000,1790000,0,0,0
VEN_0093_3,PERF_0093,dentro_del_mvp,2026-06-30,2026-04-01,2026-06-30,acumulada_91_dias,91,62,93.5484,1500000,0,0,140000,0,10164000,6348000,1154000,1153000,0,351000,6683962,-1840038,0,0,11664000,-8664000,8664000,8524000,90,0.0,-520.2666,0.0,0.0,0.0,0.0,situacion_critica,calculado,alta,baja,evidencia_temporal_disponible,balance_negativo,ninguna_relevante_para_el_periodo,La ventana entre 2026-04-01 y 2026-06-30 muestra un balance de -8664000 COP y una cobertura estimada de 0.00 meses. Este resultado describe el periodo y no a la persona.,historia_controlada_recalculada_v2,train,equilibrio_sostenible,si,roadmap_14_mvp_estructurado_v2.0,fincoach_mvp_estructurado_v2.0,ab968b286b2251d795834a5bca202cdb8f6a6e5e071ff19599d50c6ed4e5e340,1500000,140000,0,0,7096000,3068000,0,0,0
VEN_0094_1,PERF_0094,dentro_del_mvp,2026-04-30,2026-04-01,2026-04-30,acumulada_30_dias,30,20,100.0,0,500000,0,250000,0,4845000,2929000,467000,1117000,0,214000,9990222,5895222,5522105,5522105,5345000,-4345000,4345000,4095000,28,0.5901,0.0,0.0,2.0127,0.6667,0.0,uso_planificado_reserva,calculado,alta,baja,evidencia_temporal_disponible,balance_negativo,motivo_de_periodos_sin_ingreso,La ventana entre 2026-04-01 y 2026-04-30 muestra un balance de -4345000 COP y una cobertura estimada de 2.01 meses. Este resultado describe el periodo y no a la persona.,historia_controlada_recalculada_v2,train,variable_resiliente,si,roadmap_14_mvp_estructurado_v2.0,fincoach_mvp_estructurado_v2.0,3bc0170474cc5d578dcd68f784273c8662c8d8e549459b19008b22268f0bd9f1,500000,250000,0,1,3048000,1797000,0,0,0
VEN_0094_2,PERF_0094,dentro_del_mvp,2026-05-31,2026-04-01,2026-05-31,acumulada_61_dias,61,42,95.2381,0,1000000,0,250000,0,8231000,4762000,767000,1550000,303000,446000,9990222,3009222,5522105,5522105,9231000,-7231000,7231000,6981000,59,0.3012,26292.3497,0.0,1.2638,0.8,0.0,fragilidad_sostenida,calculado,alta,baja,evidencia_temporal_disponible,balance_negativo,motivo_de_periodos_sin_ingreso,La ventana entre 2026-04-01 y 2026-05-31 muestra un balance de -7231000 COP y una cobertura estimada de 1.26 meses. Este resultado describe el periodo y no a la persona.,historia_controlada_recalculada_v2,train,variable_resiliente,si,roadmap_14_mvp_estructurado_v2.0,fincoach_mvp_estructurado_v2.0,309f257f107cf9aad70848efd9a2f0a0f5ccc6f50df4242d7a05d41b4c4c9fbb,1000000,250000,0,2,5936000,2295000,0,303000,0
VEN_0094_3,PERF_0094,dentro_del_mvp,2026-06-30,2026-04-01,2026-06-30,acumulada_91_dias,91,63,95.2381,0,1500000,0,320000,0,14721000,9614000,1070000,1550000,612000,723000,9990222,-2910778,5522105,5522105,16221000,-13221000,13221000,12901000,89,0.0,-26744.7307,0.0,0.0,0.8242,0.0,situacion_critica,calculado,alta,baja,evidencia_temporal_disponible,balance_negativo,motivo_de_periodos_sin_ingreso,La ventana entre 2026-04-01 y 2026-06-30 muestra un balance de -13221000 COP y una cobertura estimada de 0.00 meses. Este resultado describe el periodo y no a la persona.,historia_controlada_recalculada_v2,train,variable_resiliente,si,roadmap_14_mvp_estructurado_v2.0,fincoach_mvp_estructurado_v2.0,df59b3ec8a0e58a8d003de2e7b1ecabedfc554446776378919971e35af6fcc78,1500000,320000,0,3,11407000,3314000,0,612000,0
VEN_0095_1,PERF_0095,dentro_del_mvp,2026-04-30,2026-04-01,2026-04-30,acumulada_30_dias,30,27,92.5926,0,0,0,250000,0,1467000,575000,135000,497000,0,0,6174519,4957519,0,0,1467000,-1467000,1467000,1254000,25,0.8029,0.0,0.0,8.6218,0.0,0.0,uso_planificado_reserva,calculado,alta,baja,evidencia_temporal_disponible,balance_negativo,motivo_de_periodos_sin_ingreso,La ventana entre 2026-04-01 y 2026-04-30 muestra un balance de -1467000 COP y una cobertura estimada de 8.62 meses. Este resultado describe el periodo y no a la persona.,historia_controlada_recalculada_v2,test,uso_planificado_reserva,si,roadmap_14_mvp_estructurado_v2.0,fincoach_mvp_estructurado_v2.0,8db8245441a8f0d791e30a463dda92e394f67976c8c1054fbc16bacc45bc2183,250000,0,0,1,1100000,367000,0,0,0
VEN_0095_2,PERF_0095,dentro_del_mvp,2026-05-31,2026-04-01,2026-05-31,acumulada_61_dias,61,51,88.2353,0,0,0,470000,0,5325000,2597000,234000,1526000,0,430000,6174519,1319519,0,0,5325000,-5325000,5325000,4855000,56,0.2137,-38395.082,0.0,1.0162,0.0,0.0,fragilidad_sostenida,calculado,alta,media,evidencia_temporal_disponible,balance_negativo,motivo_de_periodos_sin_ingreso,La ventana entre 2026-04-01 y 2026-05-31 muestra un balance de -5325000 COP y una cobertura estimada de 1.02 meses. Este resultado describe el periodo y no a la persona.,historia_controlada_recalculada_v2,test,uso_planificado_reserva,si,roadmap_14_mvp_estructurado_v2.0,fincoach_mvp_estructurado_v2.0,1b39234c32c9f5ae7bb8b53013ad230b3006ee975b3bafa973232681e131cdd8,470000,0,0,2,3986000,1339000,0,0,0
VEN_0095_3,PERF_0095,dentro_del_mvp,2026-06-30,2026-04-01,2026-06-30,acumulada_91_dias,91,75,92.0,0,0,0,470000,0,9183000,5181000,413000,2190000,0,640000,6174519,-2538481,0,0,9183000,-9183000,9183000,8713000,86,0.0,-13617.0059,0.0,0.0,0.0,0.0,situacion_critica,calculado,alta,baja,evidencia_temporal_disponible,balance_negativo,motivo_de_periodos_sin_ingreso,La ventana entre 2026-04-01 y 2026-06-30 muestra un balance de -9183000 COP y una cobertura estimada de 0.00 meses. Este resultado describe el periodo y no a la persona.,historia_controlada_recalculada_v2,test,uso_planificado_reserva,si,roadmap_14_mvp_estructurado_v2.0,fincoach_mvp_estructurado_v2.0,e9b02b25f051f43c8e56a55540329505489de8f1e78bc77125f32a0c7e2e37a1,470000,0,0,3,6010000,3173000,0,0,0
VEN_0096_1,PERF_0096,dentro_del_mvp,2026-04-30,2026-04-01,2026-04-30,acumulada_30_dias,30,32,90.625,730000,0,980000,0,0,2835000,1752000,250000,312000,0,61000,1172161,47161,1808744,2788744,3565000,-2105000,2105000,2105000,29,0.0402,0.0,0.0,0.0269,0.5731,0.5418,situacion_critica,calculado,alta,baja,evidencia_temporal_disponible,balance_negativo,ninguna_relevante_para_el_periodo,La ventana entre 2026-04-01 y 2026-04-30 muestra un balance de -2105000 COP y una cobertura estimada de 0.03 meses. Este resultado describe el periodo y no a la persona.,historia_controlada_recalculada_v2,train,deterioro_reciente,si,roadmap_14_mvp_estructurado_v2.0,fincoach_mvp_estructurado_v2.0,7f4a22b131c1455792e58a1848c4faa6f60c201d39eed8c3a5be367716a252e5,730000,980000,0,0,2177000,658000,0,0,980000
VEN_0096_2,PERF_0096,dentro_del_mvp,2026-05-31,2026-04-01,2026-05-31,acumulada_61_dias,61,64,93.75,3474000,0,980000,0,0,5670000,3538000,492000,781000,0,146000,1172161,-43839,1808744,2788744,9144000,-2196000,2196000,2503000,60,0.0,34166.6667,0.5797,0.0,0.22,0.5418,situacion_critica,calculado,alta,baja,evidencia_temporal_disponible,balance_negativo,ninguna_relevante_para_el_periodo,La ventana entre 2026-04-01 y 2026-05-31 muestra un balance de -2196000 COP y una cobertura estimada de 0.00 meses. Este resultado describe el periodo y no a la persona.,historia_controlada_recalculada_v2,train,deterioro_reciente,si,roadmap_14_mvp_estructurado_v2.0,fincoach_mvp_estructurado_v2.0,229e9f736c779b5bdcb486c252b2d6d15017d5f01d4255a6f0b11495f825e1c8,3474000,980000,0,0,3867000,1803000,0,0,980000
VEN_0096_3,PERF_0096,dentro_del_mvp,2026-06-30,2026-04-01,2026-06-30,acumulada_91_dias,91,97,93.8144,6630000,0,1957000,0,0,9788000,6122000,1023000,1254000,243000,255000,1172161,-28839,1808744,3522744,16418000,-3158000,3158000,2503000,90,0.0,1296.7033,0.4796,0.0,0.2279,0.9476,situacion_critica,calculado,alta,baja,evidencia_temporal_disponible,balance_negativo,ninguna_relevante_para_el_periodo,La ventana entre 2026-04-01 y 2026-06-30 muestra un balance de -3158000 COP y una cobertura estimada de 0.00 meses. Este resultado describe el periodo y no a la persona.,historia_controlada_recalculada_v2,train,deterioro_reciente,si,roadmap_14_mvp_estructurado_v2.0,fincoach_mvp_estructurado_v2.0,b8d03ba2128522731acb29a93c618279bf565414528b10ec5e9b7d11d52d5394,6630000,1957000,0,0,6964000,2824000,243000,0,1957000
VEN_0097_1,PERF_0097,dentro_del_mvp,2026-04-30,2026-04-01,2026-04-30,acumulada_30_dias,30,30,100.0,5987000,0,0,0,0,11395000,7077000,716000,1549000,561000,765000,1716825,-3691175,21518542,21518542,17382000,-5408000,5408000,5628000,29,0.0,0.0,0.0,0.0,0.0,0.0,situacion_critica,calculado,alta,baja,evidencia_temporal_disponible,balance_negativo,ninguna_relevante_para_el_periodo,La ventana entre 2026-04-01 y 2026-04-30 muestra un balance de -5408000 COP y una cobertura estimada de 0.00 meses. Este resultado describe el periodo y no a la persona.,historia_controlada_recalculada_v2,test,fragilidad_sostenida,si,roadmap_14_mvp_estructurado_v2.0,fincoach_mvp_estructurado_v2.0,8adffd04c7f03ed93aaf908d364ba57a6092c9bfdd132bb1aa8835443e6e591e,0,0,5987000,0,8048000,3347000,0,561000,0
VEN_0097_2,PERF_0097,dentro_del_mvp,2026-05-31,2026-04-01,2026-05-31,acumulada_61_dias,61,55,100.0,5987000,0,2820000,0,0,25939000,15516000,2117000,3268000,1391000,1817000,1716825,-15415175,21518542,23508542,31926000,-19952000,19952000,17132000,60,0.0,-146815.3005,1.0,0.0,0.3202,0.0925,situacion_critica,calculado,alta,baja,evidencia_temporal_disponible,balance_negativo,motivo_de_periodos_sin_ingreso,La ventana entre 2026-04-01 y 2026-05-31 muestra un balance de -19952000 COP y una cobertura estimada de 0.00 meses. Este resultado describe el periodo y no a la persona.,historia_controlada_recalculada_v2,test,fragilidad_sostenida,si,roadmap_14_mvp_estructurado_v2.0,fincoach_mvp_estructurado_v2.0,ee62e0a75256209cf6865c1930a513d2f8768ab7dcd2c358c045adad4025db82,970000,1850000,5987000,1,17134000,8805000,830000,561000,2820000
VEN_0097_3,PERF_0097,dentro_del_mvp,2026-06-30,2026-04-01,2026-06-30,acumulada_91_dias,91,85,100.0,11204000,0,3790000,0,0,40483000,22796000,4416000,5813000,1391000,1989000,1716825,-23772175,21518542,24478542,51687000,-29279000,29279000,29280000,90,0.0,5334.7145,0.7121,0.0,0.2528,0.1376,situacion_critica,calculado,alta,baja,evidencia_temporal_disponible,balance_negativo,motivo_de_periodos_sin_ingreso,La ventana entre 2026-04-01 y 2026-06-30 muestra un balance de -29279000 COP y una cobertura estimada de 0.00 meses. Este resultado describe el periodo y no a la persona.,historia_controlada_recalculada_v2,test,fragilidad_sostenida,si,roadmap_14_mvp_estructurado_v2.0,fincoach_mvp_estructurado_v2.0,aa0cdb3822c322e8aba0f83948b7b43b5ff9cb72f78ffef52a409119762d14a2,1940000,1850000,11204000,1,27218000,13265000,830000,561000,3790000
VEN_0098_1,PERF_0098,dentro_del_mvp,2026-04-30,2026-04-01,2026-04-30,acumulada_30_dias,30,32,96.875,2210000,0,590000,230000,119000,8856000,5225000,965000,700000,243000,330000,1058921,-4648079,7375645,7965645,11066000,-6646000,6646000,5826000,29,0.0,0.0,0.0,0.0,0.2252,0.08,situacion_critica,calculado,alta,baja,evidencia_temporal_disponible,balance_negativo,ninguna_relevante_para_el_periodo,La ventana entre 2026-04-01 y 2026-04-30 muestra un balance de -6646000 COP y una cobertura estimada de 0.00 meses. Este resultado describe el periodo y no a la persona.,historia_controlada_recalculada_v2,test,situacion_critica,si,roadmap_14_mvp_estructurado_v2.0,fincoach_mvp_estructurado_v2.0,75da8cbe3df57a9d064835c138d901f7c5d07bb00ffc4c61fc29d05699b82049,3030000,119000,0,0,6647000,2209000,0,243000,590000
VEN_0098_2,PERF_0098,dentro_del_mvp,2026-05-31,2026-04-01,2026-05-31,acumulada_61_dias,61,64,95.3125,4420000,0,1672000,230000,119000,20040000,10243000,2252000,4515000,243000,330000,1058921,-12540079,7375645,9047645,24460000,-15620000,15620000,13599000,60,0.0,-34532.2404,0.0,0.0,0.2781,0.2267,situacion_critica,calculado,alta,baja,evidencia_temporal_disponible,balance_negativo,ninguna_relevante_para_el_periodo,La ventana entre 2026-04-01 y 2026-05-31 muestra un balance de -15620000 COP y una cobertura estimada de 0.00 meses. Este resultado describe el periodo y no a la persona.,historia_controlada_recalculada_v2,test,situacion_critica,si,roadmap_14_mvp_estructurado_v2.0,fincoach_mvp_estructurado_v2.0,8ec2072129125838e9a2bca88d3b8bd99367352b3cfd6184c1c3f5928da6e3cf,6322000,119000,0,0,14395000,5645000,0,243000,1672000
VEN_0098_3,PERF_0098,dentro_del_mvp,2026-06-30,2026-04-01,2026-06-30,acumulada_91_dias,91,95,96.8421,6630000,0,2754000,280000,413000,31224000,16296000,3298000,6338000,1409000,666000,1058921,-20088079,7375645,9325645,37854000,-24594000,24594000,21629000,90,0.0,-14198.1625,0.0,0.0,0.3143,0.2644,situacion_critica,calculado,alta,baja,evidencia_temporal_disponible,balance_negativo,ninguna_relevante_para_el_periodo,La ventana entre 2026-04-01 y 2026-06-30 muestra un balance de -24594000 COP y una cobertura estimada de 0.00 meses. Este resultado describe el periodo y no a la persona.,historia_controlada_recalculada_v2,test,situacion_critica,si,roadmap_14_mvp_estructurado_v2.0,fincoach_mvp_estructurado_v2.0,e1131b6b62a1e8fdb887ef7e0ec1cabb13632086c537e0a6f4f2c1e3f5ee3b9a,9664000,413000,0,0,21610000,9614000,804000,605000,2754000
VEN_0099_1,PERF_0099,dentro_del_mvp,2026-04-30,2026-04-01,2026-04-30,acumulada_30_dias,30,32,96.875,4997000,0,0,0,0,2896000,1195000,64000,815000,72000,515000,1288258,3389258,3826816,3754816,7893000,2101000,0,1148000,19,0.8345,0.0,0.0,2.8362,0.0,-0.0188,equilibrio_sostenible,calculado,alta,baja,balance_no_negativo,sin_factor_dominante,ninguna_relevante_para_el_periodo,La ventana entre 2026-04-01 y 2026-04-30 muestra un balance de 2101000 COP y una cobertura estimada de 2.84 meses. Este resultado describe el periodo y no a la persona.,historia_controlada_recalculada_v2,train,acumulacion_estable,si,roadmap_14_mvp_estructurado_v2.0,fincoach_mvp_estructurado_v2.0,fae08443cce2d0616a456bd9be0c0644512d888803547d5cdfa5ff4c37cd7b22,4997000,0,0,0,2169000,727000,72000,0,0
VEN_0099_2,PERF_0099,dentro_del_mvp,2026-05-31,2026-04-01,2026-05-31,acumulada_61_dias,61,64,96.875,9383000,0,0,0,262000,5792000,2432000,327000,1888000,156000,515000,1288258,5141258,3826816,3670816,15175000,3591000,0,1323000,7,0.92,-11164.4809,0.0651,4.228,0.0272,-0.0408,acumulacion_estable,calculado,alta,baja,balance_no_negativo,sin_factor_dominante,ninguna_relevante_para_el_periodo,La ventana entre 2026-04-01 y 2026-05-31 muestra un balance de 3591000 COP y una cobertura estimada de 4.23 meses. Este resultado describe el periodo y no a la persona.,historia_controlada_recalculada_v2,train,acumulacion_estable,si,roadmap_14_mvp_estructurado_v2.0,fincoach_mvp_estructurado_v2.0,4e424b458a936896dc1f57f7e9efb401f25522b7fb2ba098cc0948f8ca58a113,8016000,1629000,0,0,4632000,1160000,156000,0,0
VEN_0099_3,PERF_0099,dentro_del_mvp,2026-06-30,2026-04-01,2026-06-30,acumulada_91_dias,91,96,97.9167,13957000,0,0,0,262000,8688000,3847000,641000,2331000,340000,856000,1288258,6819258,3826816,3544816,22645000,5269000,0,2195000,2,0.9907,-967.7536,0.0549,5.3179,0.0184,-0.0737,acumulacion_estable,calculado,alta,baja,balance_no_negativo,sin_factor_dominante,ninguna_relevante_para_el_periodo,La ventana entre 2026-04-01 y 2026-06-30 muestra un balance de 5269000 COP y una cobertura estimada de 5.32 meses. Este resultado describe el periodo y no a la persona.,historia_controlada_recalculada_v2,train,acumulacion_estable,si,roadmap_14_mvp_estructurado_v2.0,fincoach_mvp_estructurado_v2.0,54afcff000ed037598cb1c6bde5ff9e8dbbcb0a155a851f0a8568dd97647c290,12590000,1629000,0,0,6662000,2026000,282000,58000,0
VEN_0100_1,PERF_0100,dentro_del_mvp,2026-04-30,2026-04-01,2026-04-30,acumulada_30_dias,30,25,100.0,500000,0,0,70000,258000,2350000,1063000,151000,639000,188000,148000,1353689,-168311,796025,796025,2850000,-1850000,1850000,1618000,27,0.0,0.0,0.0,0.0,0.3116,0.0,situacion_critica,calculado,alta,baja,evidencia_temporal_disponible,balance_negativo,ninguna_relevante_para_el_periodo,La ventana entre 2026-04-01 y 2026-04-30 muestra un balance de -1850000 COP y una cobertura estimada de 0.00 meses. Este resultado describe el periodo y no a la persona.,historia_controlada_recalculada_v2,train,equilibrio_sostenible,si,roadmap_14_mvp_estructurado_v2.0,fincoach_mvp_estructurado_v2.0,989336550697bdc4e0fb59d4e9ad9ad2449ff60bd954120374c437b3f3b73329,500000,328000,0,0,1644000,706000,0,188000,0
VEN_0100_2,PERF_0100,dentro_del_mvp,2026-05-31,2026-04-01,2026-05-31,acumulada_61_dias,61,55,98.1818,1000000,0,0,70000,258000,4700000,2210000,310000,1094000,431000,356000,1353689,-2018311,796025,553025,5700000,-3700000,3700000,3372000,58,0.0,1010.929,0.0,0.0,0.1943,-0.3053,situacion_critica,calculado,alta,baja,evidencia_temporal_disponible,balance_negativo,ninguna_relevante_para_el_periodo,La ventana entre 2026-04-01 y 2026-05-31 muestra un balance de -3700000 COP y una cobertura estimada de 0.00 meses. Este resultado describe el periodo y no a la persona.,historia_controlada_recalculada_v2,train,equilibrio_sostenible,si,roadmap_14_mvp_estructurado_v2.0,fincoach_mvp_estructurado_v2.0,79a1c6a6e8489d3d44ef11209c1c17732995f17f4bce0302d338104c29a08986,1000000,328000,0,0,3496000,1204000,243000,188000,0
VEN_0100_3,PERF_0100,dentro_del_mvp,2026-06-30,2026-04-01,2026-06-30,acumulada_91_dias,91,84,96.4286,1500000,0,0,350000,258000,7050000,3906000,521000,1094000,627000,400000,1353689,-3588311,796025,454025,8550000,-5550000,5550000,4942000,88,0.0,-333.2733,0.0,0.0,0.1224,-0.4296,situacion_critica,calculado,alta,baja,evidencia_temporal_disponible,balance_negativo,ninguna_relevante_para_el_periodo,La ventana entre 2026-04-01 y 2026-06-30 muestra un balance de -5550000 COP y una cobertura estimada de 0.00 meses. Este resultado describe el periodo y no a la persona.,historia_controlada_recalculada_v2,train,equilibrio_sostenible,si,roadmap_14_mvp_estructurado_v2.0,fincoach_mvp_estructurado_v2.0,74cf1787e578e80528da8da44a2a45d3e1f452c8006635e9faa583675f0c160f,1500000,608000,0,0,5358000,1692000,342000,285000,0
VEN_0101_1,PERF_0101,dentro_del_mvp,2026-04-30,2026-04-01,2026-04-30,acumulada_30_dias,30,22,90.9091,0,0,0,0,0,7942000,3299000,759000,1791000,0,918000,7704798,-237202,0,0,7942000,-7942000,7942000,7942000,27,0.0,0.0,0.0,0.0,0.0,0.0,situacion_critica,calculado,alta,baja,evidencia_temporal_disponible,balance_negativo,motivo_de_periodos_sin_ingreso,La ventana entre 2026-04-01 y 2026-04-30 muestra un balance de -7942000 COP y una cobertura estimada de 0.00 meses. Este resultado describe el periodo y no a la persona.,historia_controlada_recalculada_v2,train,variable_resiliente,si,roadmap_14_mvp_estructurado_v2.0,fincoach_mvp_estructurado_v2.0,b59c209a51132eb7d69ab5fc570557a15e26ba907e5e75ea4612a4797be31964,0,0,0,1,5241000,2701000,0,0,0
VEN_0101_2,PERF_0101,dentro_del_mvp,2026-05-31,2026-04-01,2026-05-31,acumulada_61_dias,61,46,93.4783,0,0,0,0,0,18580000,8904000,2045000,4087000,0,1403000,7704798,-10875202,0,0,18580000,-18580000,18580000,18580000,58,0.0,-39856.8306,0.0,0.0,0.0,0.0,situacion_critica,calculado,alta,baja,evidencia_temporal_disponible,balance_negativo,motivo_de_periodos_sin_ingreso,La ventana entre 2026-04-01 y 2026-05-31 muestra un balance de -18580000 COP y una cobertura estimada de 0.00 meses. Este resultado describe el periodo y no a la persona.,historia_controlada_recalculada_v2,train,variable_resiliente,si,roadmap_14_mvp_estructurado_v2.0,fincoach_mvp_estructurado_v2.0,ce9b9b27a51a009cc7b20f7a50fc260da8403b16ee9a51646fa6b84e379ec8d0,0,0,0,2,10921000,7659000,0,0,0
VEN_0101_3,PERF_0101,dentro_del_mvp,2026-06-30,2026-04-01,2026-06-30,acumulada_91_dias,91,67,91.0448,0,0,0,240000,0,24130000,12564000,2267000,5127000,0,1612000,7704798,-16185202,0,0,24130000,-24130000,24130000,23890000,88,0.0,39425.3288,0.0,0.0,0.0,0.0,situacion_critica,calculado,alta,baja,evidencia_temporal_disponible,balance_negativo,motivo_de_periodos_sin_ingreso,La ventana entre 2026-04-01 y 2026-06-30 muestra un balance de -24130000 COP y una cobertura estimada de 0.00 meses. Este resultado describe el periodo y no a la persona.,historia_controlada_recalculada_v2,train,variable_resiliente,si,roadmap_14_mvp_estructurado_v2.0,fincoach_mvp_estructurado_v2.0,ebe33ed3b90ff52dc463eef4d32d1e8ce825dafe0a5cbf7483f8f853f5ba06cb,0,240000,0,3,13968000,10162000,0,0,0
VEN_0102_1,PERF_0102,dentro_del_mvp,2026-04-30,2026-04-01,2026-04-30,acumulada_30_dias,30,33,90.9091,8331000,0,0,210000,0,4492000,3356000,265000,202000,168000,0,19991553,24040553,3927922,3927922,12823000,3839000,0,1093000,0,1.0,0.0,0.0,7.1635,0.0,0.0,acumulacion_estable,calculado,alta,baja,balance_no_negativo,sin_factor_dominante,ninguna_relevante_para_el_periodo,La ventana entre 2026-04-01 y 2026-04-30 muestra un balance de 3839000 COP y una cobertura estimada de 7.16 meses. Este resultado describe el periodo y no a la persona.,historia_controlada_recalculada_v2,validation,uso_planificado_reserva,si,roadmap_14_mvp_estructurado_v2.0,fincoach_mvp_estructurado_v2.0,45a73c0b8761a158f69421c93e61431670e01aed273feddc93464e2aaab9537f,7959000,582000,0,0,3593000,899000,0,168000,0
VEN_0102_2,PERF_0102,dentro_del_mvp,2026-05-31,2026-04-01,2026-05-31,acumulada_61_dias,61,66,93.9394,12895000,0,0,210000,0,16304000,11037000,1214000,948000,987000,175000,19991553,16792553,3927922,3670922,29199000,-3409000,3409000,9543000,31,0.6985,-183851.9126,0.2921,3.043,0.0,-0.0654,deterioro_reciente,calculado,alta,baja,evidencia_temporal_disponible,balance_negativo,ninguna_relevante_para_el_periodo,La ventana entre 2026-04-01 y 2026-05-31 muestra un balance de -3409000 COP y una cobertura estimada de 3.04 meses. Este resultado describe el periodo y no a la persona.,historia_controlada_recalculada_v2,validation,uso_planificado_reserva,si,roadmap_14_mvp_estructurado_v2.0,fincoach_mvp_estructurado_v2.0,e17bb0387d1e3a52ed763a2784c4cdcffd0cecaa423dea64d31b7e4956ebadc2,11421000,1684000,0,0,10985000,5319000,257000,730000,0
VEN_0102_3,PERF_0102,dentro_del_mvp,2026-06-30,2026-04-01,2026-06-30,acumulada_91_dias,91,99,94.9495,18243000,0,0,430000,0,28116000,18002000,1836000,2474000,2196000,720000,19991553,10548553,3927922,3165922,46359000,-9873000,9873000,15480000,61,0.4388,-52609.2596,0.2669,1.7579,0.0,-0.194,deterioro_reciente,calculado,alta,baja,evidencia_temporal_disponible,balance_negativo,ninguna_relevante_para_el_periodo,La ventana entre 2026-04-01 y 2026-06-30 muestra un balance de -9873000 COP y una cobertura estimada de 1.76 meses. Este resultado describe el periodo y no a la persona.,historia_controlada_recalculada_v2,validation,uso_planificado_reserva,si,roadmap_14_mvp_estructurado_v2.0,fincoach_mvp_estructurado_v2.0,6a8ca4a83ec70d736c123e6a35102c6443e2046b957ca1888edadfb38dbf5ad0,16602000,2071000,0,0,18487000,9629000,762000,1434000,0
VEN_0103_1,PERF_0103,dentro_del_mvp,2026-04-30,2026-04-01,2026-04-30,acumulada_30_dias,30,31,93.5484,4930000,0,0,0,0,6515000,3808000,775000,1171000,0,127000,10264240,8679240,0,0,11445000,-1585000,1585000,4048000,28,0.8456,0.0,0.0,2.2792,0.0,0.0,uso_planificado_reserva,calculado,alta,baja,evidencia_temporal_disponible,balance_negativo,ninguna_relevante_para_el_periodo,La ventana entre 2026-04-01 y 2026-04-30 muestra un balance de -1585000 COP y una cobertura estimada de 2.28 meses. Este resultado describe el periodo y no a la persona.,historia_controlada_recalculada_v2,train,deterioro_reciente,si,roadmap_14_mvp_estructurado_v2.0,fincoach_mvp_estructurado_v2.0,fa0cab4037996dd94b17292ebabb9957b85f5a0511e213262adabae9e3e30888,4930000,0,0,0,3626000,2889000,0,0,0
VEN_0103_2,PERF_0103,dentro_del_mvp,2026-05-31,2026-04-01,2026-05-31,acumulada_61_dias,61,65,95.3846,13505000,0,0,0,0,13030000,8259000,775000,2876000,0,246000,10264240,10739240,0,0,26535000,475000,0,4048000,3,0.894,60620.2186,0.2699,2.6006,0.0,0.0,variable_resiliente,calculado,alta,baja,balance_no_negativo,sin_factor_dominante,ninguna_relevante_para_el_periodo,La ventana entre 2026-04-01 y 2026-05-31 muestra un balance de 475000 COP y una cobertura estimada de 2.60 meses. Este resultado describe el periodo y no a la persona.,historia_controlada_recalculada_v2,train,deterioro_reciente,si,roadmap_14_mvp_estructurado_v2.0,fincoach_mvp_estructurado_v2.0,7804e6042601f0f70787b82221d11e85af1775aab4207d1b225dcd832fab2fa5,13505000,0,0,0,8720000,4310000,0,0,0
VEN_0103_3,PERF_0103,dentro_del_mvp,2026-06-30,2026-04-01,2026-06-30,acumulada_91_dias,91,98,96.9388,19467000,0,0,0,0,22493000,13486000,995000,5143000,0,246000,10264240,7238240,0,0,41960000,-3026000,3026000,6879000,33,0.6026,-41039.6325,0.2364,1.6102,0.0,0.0,uso_planificado_reserva,calculado,alta,baja,evidencia_temporal_disponible,balance_negativo,ninguna_relevante_para_el_periodo,La ventana entre 2026-04-01 y 2026-06-30 muestra un balance de -3026000 COP y una cobertura estimada de 1.61 meses. Este resultado describe el periodo y no a la persona.,historia_controlada_recalculada_v2,train,deterioro_reciente,si,roadmap_14_mvp_estructurado_v2.0,fincoach_mvp_estructurado_v2.0,b4a349af62190bd7bc2152dfb639392b0b5cc0a4ec31b482aae9a1987c22e1e2,19467000,0,0,0,14903000,7590000,0,0,0
VEN_0104_1,PERF_0104,dentro_del_mvp,2026-04-30,2026-04-01,2026-04-30,acumulada_30_dias,30,28,92.8571,3593000,0,0,70000,0,6177000,4123000,0,0,1336000,0,381673,-2132327,15637176,15353176,9770000,-2584000,2584000,3990000,28,0.0,0.0,0.0,0.0,0.0,-0.0182,situacion_critica,calculado,alta,baja,evidencia_temporal_disponible,balance_negativo,ninguna_relevante_para_el_periodo,La ventana entre 2026-04-01 y 2026-04-30 muestra un balance de -2584000 COP y una cobertura estimada de 0.00 meses. Este resultado describe el periodo y no a la persona.,historia_controlada_recalculada_v2,train,fragilidad_sostenida,si,roadmap_14_mvp_estructurado_v2.0,fincoach_mvp_estructurado_v2.0,b29ef456ee47786c542ac58bd0ee667833e6c618472dfebdebe37befe5e86549,3663000,0,0,0,5251000,926000,284000,1052000,0
VEN_0104_2,PERF_0104,dentro_del_mvp,2026-05-31,2026-04-01,2026-05-31,acumulada_61_dias,61,59,94.9153,6519000,0,526000,70000,0,14061000,9661000,309000,780000,1762000,0,381673,-6564327,15637176,15453176,20580000,-7542000,7542000,6946000,59,0.0,-37506.0109,0.1023,0.0,0.0739,-0.0118,situacion_critica,calculado,alta,baja,evidencia_temporal_disponible,balance_negativo,ninguna_relevante_para_el_periodo,La ventana entre 2026-04-01 y 2026-05-31 muestra un balance de -7542000 COP y una cobertura estimada de 0.00 meses. Este resultado describe el periodo y no a la persona.,historia_controlada_recalculada_v2,train,fragilidad_sostenida,si,roadmap_14_mvp_estructurado_v2.0,fincoach_mvp_estructurado_v2.0,0458c12821e305cdd7d07738cbae4f305bb1717eb9c41cd146306338906ec10f,6589000,526000,0,0,10660000,3401000,710000,1052000,526000
VEN_0104_3,PERF_0104,dentro_del_mvp,2026-06-30,2026-04-01,2026-06-30,acumulada_91_dias,91,90,96.6667,9871000,0,526000,190000,0,21945000,13961000,1664000,2016000,2210000,0,381673,-10976327,15637176,15005176,31816000,-12074000,12074000,11358000,89,0.0,-9041.9744,0.0838,0.0,0.0497,-0.0404,situacion_critica,calculado,alta,baja,evidencia_temporal_disponible,balance_negativo,ninguna_relevante_para_el_periodo,La ventana entre 2026-04-01 y 2026-06-30 muestra un balance de -12074000 COP y una cobertura estimada de 0.00 meses. Este resultado describe el periodo y no a la persona.,historia_controlada_recalculada_v2,train,fragilidad_sostenida,si,roadmap_14_mvp_estructurado_v2.0,fincoach_mvp_estructurado_v2.0,c5f3ad002ea0881ed159b9edb3c071697818db230c119def4d05b52a48bfe6f7,10061000,526000,0,0,15013000,6932000,1158000,1052000,526000
VEN_0105_1,PERF_0105,dentro_del_mvp,2026-04-30,2026-04-01,2026-04-30,acumulada_30_dias,30,32,90.625,1739000,0,338000,0,0,5076000,3526000,647000,0,344000,0,222854,-2776146,5460188,5454188,6815000,-3337000,3337000,3614000,28,0.0,0.0,0.0,0.0,0.1627,-0.0011,situacion_critica,calculado,alta,baja,evidencia_temporal_disponible,balance_negativo,ninguna_relevante_para_el_periodo,La ventana entre 2026-04-01 y 2026-04-30 muestra un balance de -3337000 COP y una cobertura estimada de 0.00 meses. Este resultado describe el periodo y no a la persona.,historia_controlada_recalculada_v2,train,situacion_critica,si,roadmap_14_mvp_estructurado_v2.0,fincoach_mvp_estructurado_v2.0,b69ac0267c3e8eda59ce4a594d4ebf650fd90979a8440d79277a4d1524c24f79,338000,0,1739000,0,4026000,1050000,344000,0,338000
VEN_0105_2,PERF_0105,dentro_del_mvp,2026-05-31,2026-04-01,2026-05-31,acumulada_61_dias,61,58,93.1034,1739000,0,958000,0,0,11486000,6861000,1745000,1298000,550000,0,222854,-8566146,5460188,5868188,13225000,-9747000,9747000,8789000,59,0.0,-48553.5519,1.0,0.0,0.3552,0.0747,situacion_critica,calculado,alta,baja,evidencia_temporal_disponible,balance_negativo,motivo_de_periodos_sin_ingreso,La ventana entre 2026-04-01 y 2026-05-31 muestra un balance de -9747000 COP y una cobertura estimada de 0.00 meses. Este resultado describe el periodo y no a la persona.,historia_controlada_recalculada_v2,train,situacion_critica,si,roadmap_14_mvp_estructurado_v2.0,fincoach_mvp_estructurado_v2.0,634d909d3412750605fea805b819a9d7311982b7d95e3b27695d2cad60970b80,958000,0,1739000,1,8339000,3147000,550000,0,958000
VEN_0105_3,PERF_0105,dentro_del_mvp,2026-06-30,2026-04-01,2026-06-30,acumulada_91_dias,91,90,92.2222,3107000,0,958000,0,0,17896000,9942000,2303000,2584000,1010000,314000,222854,-13608146,5460188,5408188,21003000,-14789000,14789000,14071000,89,0.0,-2729.5983,0.7221,0.0,0.2357,-0.0095,situacion_critica,calculado,alta,baja,evidencia_temporal_disponible,balance_negativo,motivo_de_periodos_sin_ingreso,La ventana entre 2026-04-01 y 2026-06-30 muestra un balance de -14789000 COP y una cobertura estimada de 0.00 meses. Este resultado describe el periodo y no a la persona.,historia_controlada_recalculada_v2,train,situacion_critica,si,roadmap_14_mvp_estructurado_v2.0,fincoach_mvp_estructurado_v2.0,2f516002cd0b8bed0d4fca062d6f9d8b272230f0ffe318487537d6febba9fd8c,958000,0,3107000,1,13509000,4387000,1010000,0,958000
VEN_0106_1,PERF_0106,dentro_del_mvp,2026-04-30,2026-04-01,2026-04-30,acumulada_30_dias,30,28,96.4286,8350000,0,0,0,0,6247000,5143000,273000,597000,0,0,4653013,6756013,8092850,8092850,14597000,2103000,0,3168000,4,0.9267,0.0,0.0,1.3136,0.0,0.0,equilibrio_sostenible,calculado,alta,baja,balance_no_negativo,sin_factor_dominante,ninguna_relevante_para_el_periodo,La ventana entre 2026-04-01 y 2026-04-30 muestra un balance de 2103000 COP y una cobertura estimada de 1.31 meses. Este resultado describe el periodo y no a la persona.,historia_controlada_recalculada_v2,train,acumulacion_estable,si,roadmap_14_mvp_estructurado_v2.0,fincoach_mvp_estructurado_v2.0,32d75e20f4c9362c433fa3fa263bbb30f6e6eff6a3f53d4752e3d0e8d7922321,8350000,0,0,0,4406000,1841000,0,0,0
VEN_0106_2,PERF_0106,dentro_del_mvp,2026-05-31,2026-04-01,2026-05-31,acumulada_61_dias,61,59,96.6102,19871000,0,0,0,0,12494000,9160000,891000,597000,703000,390000,4653013,12030013,8092850,7644850,32365000,7377000,0,3394000,4,0.9737,50834.4262,0.1596,2.6266,0.0,-0.0554,variable_resiliente,calculado,alta,baja,balance_no_negativo,sin_factor_dominante,ninguna_relevante_para_el_periodo,La ventana entre 2026-04-01 y 2026-05-31 muestra un balance de 7377000 COP y una cobertura estimada de 2.63 meses. Este resultado describe el periodo y no a la persona.,historia_controlada_recalculada_v2,train,acumulacion_estable,si,roadmap_14_mvp_estructurado_v2.0,fincoach_mvp_estructurado_v2.0,a2e2ead9aff4ce79da9cbc503aa4eaa663fa098a9f64a95769eaa8fb6b387701,19871000,0,0,0,8907000,3587000,448000,255000,0
VEN_0106_3,PERF_0106,dentro_del_mvp,2026-06-30,2026-04-01,2026-06-30,acumulada_91_dias,91,90,97.7778,30892000,0,0,0,0,18741000,12811000,1228000,1761000,990000,805000,4653013,16804013,8092850,7357850,49633000,12151000,0,3394000,0,1.0,12593.0463,0.1352,3.9351,0.0,-0.0908,acumulacion_estable,calculado,alta,baja,balance_no_negativo,sin_factor_dominante,ninguna_relevante_para_el_periodo,La ventana entre 2026-04-01 y 2026-06-30 muestra un balance de 12151000 COP y una cobertura estimada de 3.94 meses. Este resultado describe el periodo y no a la persona.,historia_controlada_recalculada_v2,train,acumulacion_estable,si,roadmap_14_mvp_estructurado_v2.0,fincoach_mvp_estructurado_v2.0,0d51c0f180fee2c36ea0966b07d22d8b8193e726856dcd2fb9027a968a385959,30892000,0,0,0,12949000,5792000,735000,255000,0
VEN_0107_1,PERF_0107,dentro_del_mvp,2026-04-30,2026-04-01,2026-04-30,acumulada_30_dias,30,31,100.0,4874000,0,0,40000,0,4524000,2275000,484000,1269000,370000,0,6116237,6506237,8610757,8363757,9398000,350000,0,2032000,27,0.9877,0.0,0.0,2.8599,0.0,-0.0287,equilibrio_sostenible,calculado,alta,baja,balance_no_negativo,sin_factor_dominante,ninguna_relevante_para_el_periodo,La ventana entre 2026-04-01 y 2026-04-30 muestra un balance de 350000 COP y una cobertura estimada de 2.86 meses. Este resultado describe el periodo y no a la persona.,historia_controlada_recalculada_v2,train,equilibrio_sostenible,si,roadmap_14_mvp_estructurado_v2.0,fincoach_mvp_estructurado_v2.0,a2c3d32548905c3053a0e4439d268c2e2edc49f382f79bd7883915f647d3ceed,4874000,40000,0,0,3407000,1117000,247000,123000,0
VEN_0107_2,PERF_0107,dentro_del_mvp,2026-05-31,2026-04-01,2026-05-31,acumulada_61_dias,61,62,100.0,9502000,0,0,40000,0,9048000,4658000,862000,1853000,1232000,0,6116237,6610237,8610757,7719757,18550000,454000,0,2280000,2,0.979,-4224.0437,0.0259,2.8382,0.0,-0.1035,equilibrio_sostenible,calculado,alta,baja,balance_no_negativo,sin_factor_dominante,ninguna_relevante_para_el_periodo,La ventana entre 2026-04-01 y 2026-05-31 muestra un balance de 454000 COP y una cobertura estimada de 2.84 meses. Este resultado describe el periodo y no a la persona.,historia_controlada_recalculada_v2,train,equilibrio_sostenible,si,roadmap_14_mvp_estructurado_v2.0,fincoach_mvp_estructurado_v2.0,129ac04185944916eb057cf78b35b548d92bfade6ef87380b207d8f1f9ab731e,9361000,181000,0,0,7254000,1794000,891000,341000,0
VEN_0107_3,PERF_0107,dentro_del_mvp,2026-06-30,2026-04-01,2026-06-30,acumulada_91_dias,91,93,100.0,14566000,0,0,40000,0,13572000,6946000,1197000,2710000,1345000,470000,6116237,7150237,8610757,7719757,28138000,994000,0,2280000,7,0.9054,3480.454,0.0368,3.0882,0.0,-0.1035,acumulacion_estable,calculado,alta,baja,balance_no_negativo,sin_factor_dominante,ninguna_relevante_para_el_periodo,La ventana entre 2026-04-01 y 2026-06-30 muestra un balance de 994000 COP y una cobertura estimada de 3.09 meses. Este resultado describe el periodo y no a la persona.,historia_controlada_recalculada_v2,train,equilibrio_sostenible,si,roadmap_14_mvp_estructurado_v2.0,fincoach_mvp_estructurado_v2.0,c5e50bf8812b7531253e4e6b044a7048cff20110b71f13e899d0505043717441,14425000,181000,0,0,9854000,3718000,891000,454000,0
VEN_0108_1,PERF_0108,dentro_del_mvp,2026-04-30,2026-04-01,2026-04-30,acumulada_30_dias,30,31,96.7742,0,4350000,0,0,0,5243000,2789000,553000,1021000,569000,84000,7398949,6505949,11146414,10993414,9593000,-893000,893000,3804000,25,0.631,0.0,0.0,2.3327,1.0,-0.0137,uso_planificado_reserva,calculado,alta,baja,evidencia_temporal_disponible,balance_negativo,motivo_de_periodos_sin_ingreso,La ventana entre 2026-04-01 y 2026-04-30 muestra un balance de -893000 COP y una cobertura estimada de 2.33 meses. Este resultado describe el periodo y no a la persona.,historia_controlada_recalculada_v2,train,variable_resiliente,si,roadmap_14_mvp_estructurado_v2.0,fincoach_mvp_estructurado_v2.0,f019117fd83ebf4587cd83a51108d173cc81febae6136d7826adc0f5d96d9361,4350000,0,0,1,3457000,1786000,153000,416000,0
VEN_0108_2,PERF_0108,dentro_del_mvp,2026-05-31,2026-04-01,2026-05-31,acumulada_61_dias,61,63,96.8254,0,8700000,0,0,0,12266000,6380000,1475000,2784000,882000,84000,7398949,3832949,11146414,10822414,20966000,-3566000,3566000,6477000,56,0.3718,-28692.3497,0.0,1.2016,1.0,-0.0291,fragilidad_sostenida,calculado,alta,baja,evidencia_temporal_disponible,balance_negativo,motivo_de_periodos_sin_ingreso,La ventana entre 2026-04-01 y 2026-05-31 muestra un balance de -3566000 COP y una cobertura estimada de 1.20 meses. Este resultado describe el periodo y no a la persona.,historia_controlada_recalculada_v2,train,variable_resiliente,si,roadmap_14_mvp_estructurado_v2.0,fincoach_mvp_estructurado_v2.0,073387eb7f812d2dc1b05a746fcfb8732c4c86cb7bfae21271dd0ea1c8e67f51,8700000,0,0,2,8862000,3404000,324000,558000,0
VEN_0108_3,PERF_0108,dentro_del_mvp,2026-06-30,2026-04-01,2026-06-30,acumulada_91_dias,91,93,95.6989,0,13050000,0,0,0,15930000,8797000,2020000,2784000,882000,261000,7398949,4518949,11146414,10822414,28980000,-2880000,2880000,7522000,86,0.4383,26810.6647,0.0,1.5411,1.0,-0.0291,fragilidad_sostenida,calculado,alta,baja,evidencia_temporal_disponible,balance_negativo,motivo_de_periodos_sin_ingreso,La ventana entre 2026-04-01 y 2026-06-30 muestra un balance de -2880000 COP y una cobertura estimada de 1.54 meses. Este resultado describe el periodo y no a la persona.,historia_controlada_recalculada_v2,train,variable_resiliente,si,roadmap_14_mvp_estructurado_v2.0,fincoach_mvp_estructurado_v2.0,349a45ed690b5cf49384e8805a9233fd74e2f6bada2b046dd82dea08c4985a06,13050000,0,0,3,11531000,4399000,324000,558000,0
VEN_0109_1,PERF_0109,dentro_del_mvp,2026-04-30,2026-04-01,2026-04-30,acumulada_30_dias,30,32,100.0,3888000,0,0,70000,0,2288000,1185000,127000,438000,123000,94000,8904322,10574322,4208765,4151765,6176000,1600000,0,1138000,6,0.9636,0.0,0.0,8.9235,0.0,-0.0135,acumulacion_estable,calculado,alta,baja,balance_no_negativo,sin_factor_dominante,ninguna_relevante_para_el_periodo,La ventana entre 2026-04-01 y 2026-04-30 muestra un balance de 1600000 COP y una cobertura estimada de 8.92 meses. Este resultado describe el periodo y no a la persona.,historia_controlada_recalculada_v2,train,uso_planificado_reserva,si,roadmap_14_mvp_estructurado_v2.0,fincoach_mvp_estructurado_v2.0,4a4b516d164126ca6c783f73e84dea9ffd429b945b6cd6cdc1f352d47883f688,3888000,70000,0,0,1933000,355000,57000,66000,0
VEN_0109_2,PERF_0109,dentro_del_mvp,2026-05-31,2026-04-01,2026-05-31,acumulada_61_dias,61,64,98.4375,6426000,0,0,70000,0,8304000,4058000,329000,1851000,667000,515000,8904322,7096322,4208765,3740765,14730000,-1878000,1878000,3878000,37,0.6466,-84120.2186,0.2101,3.4974,0.0,-0.1112,deterioro_reciente,calculado,alta,baja,evidencia_temporal_disponible,balance_negativo,ninguna_relevante_para_el_periodo,La ventana entre 2026-04-01 y 2026-05-31 muestra un balance de -1878000 COP y una cobertura estimada de 3.50 meses. Este resultado describe el periodo y no a la persona.,historia_controlada_recalculada_v2,train,uso_planificado_reserva,si,roadmap_14_mvp_estructurado_v2.0,fincoach_mvp_estructurado_v2.0,0f15f9548c5d0035d74da2b58c0eb743d83da4d765715d67b86e0cc9c0ca38b8,6277000,219000,0,0,7049000,1255000,468000,199000,0
VEN_0109_3,PERF_0109,dentro_del_mvp,2026-06-30,2026-04-01,2026-06-30,acumulada_91_dias,91,95,97.8947,8665000,0,0,70000,0,14320000,6710000,603000,3577000,1229000,1090000,8904322,3319322,4208765,3435765,22985000,-5655000,5655000,8436000,67,0.3025,-31355.9719,0.2484,1.484,0.0,-0.1837,fragilidad_sostenida,calculado,alta,baja,evidencia_temporal_disponible,balance_negativo,ninguna_relevante_para_el_periodo,La ventana entre 2026-04-01 y 2026-06-30 muestra un balance de -5655000 COP y una cobertura estimada de 1.48 meses. Este resultado describe el periodo y no a la persona.,historia_controlada_recalculada_v2,train,uso_planificado_reserva,si,roadmap_14_mvp_estructurado_v2.0,fincoach_mvp_estructurado_v2.0,949e8b47b7f257e33557e4d20fa7dc2174b22eff409ee103e3146e56fefbb0a8,8516000,219000,0,0,12182000,2138000,773000,456000,0
VEN_0110_1,PERF_0110,dentro_del_mvp,2026-04-30,2026-04-01,2026-04-30,acumulada_30_dias,30,24,91.6667,0,0,0,0,0,4825000,2148000,557000,1151000,297000,138000,13454509,8629509,5528457,5231457,4825000,-4825000,4825000,4825000,26,0.6414,0.0,0.0,4.0175,0.0,-0.0537,uso_planificado_reserva,calculado,alta,baja,evidencia_temporal_disponible,balance_negativo,motivo_de_periodos_sin_ingreso,La ventana entre 2026-04-01 y 2026-04-30 muestra un balance de -4825000 COP y una cobertura estimada de 4.02 meses. Este resultado describe el periodo y no a la persona.,historia_controlada_recalculada_v2,train,deterioro_reciente,si,roadmap_14_mvp_estructurado_v2.0,fincoach_mvp_estructurado_v2.0,ae67b0c67fcbc7b60e8638e12606b638075dc2d23184b918f521e2b2a79a5b93,0,0,0,1,2914000,1911000,297000,0,0
VEN_0110_2,PERF_0110,dentro_del_mvp,2026-05-31,2026-04-01,2026-05-31,acumulada_61_dias,61,47,93.617,0,0,0,0,0,9650000,4757000,722000,2234000,713000,239000,13454509,3804509,5528457,5072457,9650000,-9650000,9650000,9650000,57,0.2828,2636.612,0.0,1.5995,0.0,-0.0825,fragilidad_sostenida,calculado,alta,baja,evidencia_temporal_disponible,balance_negativo,motivo_de_periodos_sin_ingreso,La ventana entre 2026-04-01 y 2026-05-31 muestra un balance de -9650000 COP y una cobertura estimada de 1.60 meses. Este resultado describe el periodo y no a la persona.,historia_controlada_recalculada_v2,train,deterioro_reciente,si,roadmap_14_mvp_estructurado_v2.0,fincoach_mvp_estructurado_v2.0,6dad37f1d243d0875f88681f0d0067686b77b6595c95c12aaf7f2c64efa9d77a,0,0,0,2,6350000,3300000,456000,257000,0
VEN_0110_3,PERF_0110,dentro_del_mvp,2026-06-30,2026-04-01,2026-06-30,acumulada_91_dias,91,66,93.9394,0,253000,0,0,0,16659000,9309000,1091000,2814000,1609000,239000,13454509,-2951491,5528457,4583457,16912000,-16406000,16406000,16406000,87,0.0,-22088.993,0.0,0.0,1.0,-0.1709,situacion_critica,calculado,alta,baja,evidencia_temporal_disponible,balance_negativo,motivo_de_periodos_sin_ingreso,La ventana entre 2026-04-01 y 2026-06-30 muestra un balance de -16406000 COP y una cobertura estimada de 0.00 meses. Este resultado describe el periodo y no a la persona.,historia_controlada_recalculada_v2,train,deterioro_reciente,si,roadmap_14_mvp_estructurado_v2.0,fincoach_mvp_estructurado_v2.0,9f4fb1e2e94d94fcbf0b7aa83d600d36b2752235a5993ea034a7745aa9814960,0,253000,0,3,10547000,6112000,945000,664000,0
VEN_0111_1,PERF_0111,dentro_del_mvp,2026-04-30,2026-04-01,2026-04-30,acumulada_30_dias,30,32,93.75,1080000,0,0,0,0,9604000,4490000,337000,2670000,256000,882000,1519560,-7004440,28028897,27772897,10684000,-8524000,8524000,8524000,28,0.0,0.0,0.0,0.0,0.0,-0.0091,situacion_critica,calculado,alta,baja,evidencia_temporal_disponible,balance_negativo,ninguna_relevante_para_el_periodo,La ventana entre 2026-04-01 y 2026-04-30 muestra un balance de -8524000 COP y una cobertura estimada de 0.00 meses. Este resultado describe el periodo y no a la persona.,historia_controlada_recalculada_v2,train,fragilidad_sostenida,si,roadmap_14_mvp_estructurado_v2.0,fincoach_mvp_estructurado_v2.0,293220ecff3aa1893e0afa4145697669b252a7f63c357ff8cc860f9affc713f7,1080000,0,0,0,6470000,3134000,256000,0,0
VEN_0111_2,PERF_0111,dentro_del_mvp,2026-05-31,2026-04-01,2026-05-31,acumulada_61_dias,61,66,96.9697,6499000,213000,817000,0,0,21862000,12282000,2356000,3311000,256000,2351000,1519560,-12813440,28028897,28589897,28574000,-15150000,15150000,14333000,59,0.0,35772.6776,0.6676,0.0,0.1368,0.02,situacion_critica,calculado,alta,baja,evidencia_temporal_disponible,balance_negativo,ninguna_relevante_para_el_periodo,La ventana entre 2026-04-01 y 2026-05-31 muestra un balance de -15150000 COP y una cobertura estimada de 0.00 meses. Este resultado describe el periodo y no a la persona.,historia_controlada_recalculada_v2,train,fragilidad_sostenida,si,roadmap_14_mvp_estructurado_v2.0,fincoach_mvp_estructurado_v2.0,130e404054cefddcfecdba22616ee816341279f00003cd4ab73093013b4dbe91,7316000,213000,0,0,15029000,6833000,256000,0,817000
VEN_0111_3,PERF_0111,dentro_del_mvp,2026-06-30,2026-04-01,2026-06-30,acumulada_91_dias,91,100,97.0,12136000,213000,1634000,0,0,34120000,18042000,3682000,8120000,256000,2351000,1519560,-18617440,28028897,29406897,46469000,-21771000,21771000,20137000,89,0.0,9118.8975,0.5188,0.0,0.1321,0.0492,situacion_critica,calculado,alta,baja,evidencia_temporal_disponible,balance_negativo,ninguna_relevante_para_el_periodo,La ventana entre 2026-04-01 y 2026-06-30 muestra un balance de -21771000 COP y una cobertura estimada de 0.00 meses. Este resultado describe el periodo y no a la persona.,historia_controlada_recalculada_v2,train,fragilidad_sostenida,si,roadmap_14_mvp_estructurado_v2.0,fincoach_mvp_estructurado_v2.0,640fe70bda19de7260b9f80e66bf8f852a2bc7facf77cb7debd37b0b2bcc6e74,13770000,213000,0,0,25584000,8536000,256000,0,1634000
VEN_0112_1,PERF_0112,dentro_del_mvp,2026-04-30,2026-04-01,2026-04-30,acumulada_30_dias,30,30,96.6667,3646000,371000,0,0,0,14004000,7938000,1747000,988000,1094000,488000,1559422,-8427578,16113973,15019973,18021000,-9987000,9987000,11293000,26,0.0,0.0,0.0,0.0,0.0924,-0.0679,situacion_critica,calculado,alta,baja,evidencia_temporal_disponible,balance_negativo,ninguna_relevante_para_el_periodo,La ventana entre 2026-04-01 y 2026-04-30 muestra un balance de -9987000 COP y una cobertura estimada de 0.00 meses. Este resultado describe el periodo y no a la persona.,historia_controlada_recalculada_v2,train,situacion_critica,si,roadmap_14_mvp_estructurado_v2.0,fincoach_mvp_estructurado_v2.0,7e651a2fd6adcde93a2ef3c91f5305454a5df4c5e9fcfef005760d76f18c1a41,3646000,371000,0,0,9792000,4212000,1094000,0,0
VEN_0112_2,PERF_0112,dentro_del_mvp,2026-05-31,2026-04-01,2026-05-31,acumulada_61_dias,61,62,98.3871,8017000,371000,0,0,0,31689000,17220000,3546000,4144000,2681000,1213000,1559422,-21741578,16113973,14357973,40077000,-23301000,23301000,23301000,57,0.0,-49083.6066,0.0904,0.0,0.0442,-0.109,situacion_critica,calculado,alta,baja,evidencia_temporal_disponible,balance_negativo,ninguna_relevante_para_el_periodo,La ventana entre 2026-04-01 y 2026-05-31 muestra un balance de -23301000 COP y una cobertura estimada de 0.00 meses. Este resultado describe el periodo y no a la persona.,historia_controlada_recalculada_v2,train,situacion_critica,si,roadmap_14_mvp_estructurado_v2.0,fincoach_mvp_estructurado_v2.0,cb9d016e62ee0862cf2809fe9aa6e953660e1491600af1b9292e893fe69af593,8017000,371000,0,0,21759000,9930000,1756000,925000,0
VEN_0112_3,PERF_0112,dentro_del_mvp,2026-06-30,2026-04-01,2026-06-30,acumulada_91_dias,91,94,97.8723,12145000,1108000,1712000,240000,0,49374000,26244000,4417000,5523000,4166000,1213000,1559422,-32609578,16113973,16069973,62627000,-36121000,36121000,35858000,87,0.0,-14950.4594,0.0744,0.0,0.1855,-0.0027,situacion_critica,calculado,alta,baja,evidencia_temporal_disponible,balance_negativo,ninguna_relevante_para_el_periodo,La ventana entre 2026-04-01 y 2026-06-30 muestra un balance de -36121000 COP y una cobertura estimada de 0.00 meses. Este resultado describe el periodo y no a la persona.,historia_controlada_recalculada_v2,train,situacion_critica,si,roadmap_14_mvp_estructurado_v2.0,fincoach_mvp_estructurado_v2.0,be70708fb088f46ba9e8d182169472c4a292386e56d820973af9a8d6424962b7,12145000,3060000,0,0,34863000,14511000,1756000,2410000,1712000
VEN_0113_1,PERF_0113,dentro_del_mvp,2026-04-30,2026-04-01,2026-04-30,acumulada_30_dias,30,19,94.7368,0,550000,0,0,0,4735000,3599000,424000,313000,0,0,17245689,13060689,0,0,5285000,-4185000,4185000,4185000,29,0.7573,0.0,0.0,3.629,1.0,0.0,uso_planificado_reserva,calculado,alta,baja,evidencia_temporal_disponible,balance_negativo,motivo_de_periodos_sin_ingreso,La ventana entre 2026-04-01 y 2026-04-30 muestra un balance de -4185000 COP y una cobertura estimada de 3.63 meses. Este resultado describe el periodo y no a la persona.,historia_controlada_recalculada_v2,validation,acumulacion_estable,si,roadmap_14_mvp_estructurado_v2.0,fincoach_mvp_estructurado_v2.0,8f95ec38d1fb6bc0ee2261ac627363ae79d316fad7dae9ac78e5e0e4b4c52b86,550000,0,0,1,3892000,843000,0,0,0
VEN_0113_2,PERF_0113,dentro_del_mvp,2026-05-31,2026-04-01,2026-05-31,acumulada_61_dias,61,40,97.5,0,1100000,0,260000,0,9470000,7207000,887000,752000,0,0,17245689,9135689,0,0,10570000,-8370000,8370000,8110000,60,0.5297,2286.8852,0.0,2.5352,0.8088,0.0,uso_planificado_reserva,calculado,alta,baja,evidencia_temporal_disponible,balance_negativo,motivo_de_periodos_sin_ingreso,La ventana entre 2026-04-01 y 2026-05-31 muestra un balance de -8370000 COP y una cobertura estimada de 2.54 meses. Este resultado describe el periodo y no a la persona.,historia_controlada_recalculada_v2,validation,acumulacion_estable,si,roadmap_14_mvp_estructurado_v2.0,fincoach_mvp_estructurado_v2.0,8a13cd4613602d7f437229abc49e671c68fc8dd6914f377999d66e3fd06bdd9a,1100000,260000,0,2,6986000,2484000,0,0,0
VEN_0113_3,PERF_0113,dentro_del_mvp,2026-06-30,2026-04-01,2026-06-30,acumulada_91_dias,91,59,96.6102,0,1650000,0,260000,0,14205000,10477000,1049000,1888000,0,0,17245689,4950689,0,0,15855000,-12555000,12555000,12295000,90,0.2871,-753.9182,0.0,1.4176,0.8639,0.0,fragilidad_sostenida,calculado,alta,baja,evidencia_temporal_disponible,balance_negativo,motivo_de_periodos_sin_ingreso,La ventana entre 2026-04-01 y 2026-06-30 muestra un balance de -12555000 COP y una cobertura estimada de 1.42 meses. Este resultado describe el periodo y no a la persona.,historia_controlada_recalculada_v2,validation,acumulacion_estable,si,roadmap_14_mvp_estructurado_v2.0,fincoach_mvp_estructurado_v2.0,847fc1469cb3d3733b771f6830e559f71ee3c6d1309e90e0accffbaa83bf548f,1650000,260000,0,3,9355000,4850000,0,0,0
VEN_0114_1,PERF_0114,dentro_del_mvp,2026-04-30,2026-04-01,2026-04-30,acumulada_30_dias,30,27,96.2963,0,500000,0,70000,0,3350000,1562000,295000,1368000,0,0,2689020,-90980,0,0,3850000,-2850000,2850000,2780000,28,0.0,0.0,0.0,0.0,0.8772,0.0,situacion_critica,calculado,alta,baja,evidencia_temporal_disponible,balance_negativo,motivo_de_periodos_sin_ingreso,La ventana entre 2026-04-01 y 2026-04-30 muestra un balance de -2850000 COP y una cobertura estimada de 0.00 meses. Este resultado describe el periodo y no a la persona.,historia_controlada_recalculada_v2,train,equilibrio_sostenible,si,roadmap_14_mvp_estructurado_v2.0,fincoach_mvp_estructurado_v2.0,6858aea2427ba666e4c2db0051e7a2e580521356e0af56340095aab4185c6ea2,500000,70000,0,1,2430000,920000,0,0,0
VEN_0114_2,PERF_0114,dentro_del_mvp,2026-05-31,2026-04-01,2026-05-31,acumulada_61_dias,61,52,98.0769,0,1000000,0,70000,0,6700000,3716000,665000,1813000,0,108000,2689020,-2940980,0,0,7700000,-5700000,5700000,5630000,59,0.0,1557.377,0.0,0.0,0.9346,0.0,situacion_critica,calculado,alta,baja,evidencia_temporal_disponible,balance_negativo,motivo_de_periodos_sin_ingreso,La ventana entre 2026-04-01 y 2026-05-31 muestra un balance de -5700000 COP y una cobertura estimada de 0.00 meses. Este resultado describe el periodo y no a la persona.,historia_controlada_recalculada_v2,train,equilibrio_sostenible,si,roadmap_14_mvp_estructurado_v2.0,fincoach_mvp_estructurado_v2.0,63a2daaee17754d5c2cffeef29dc04d070465f445036eebd7f352822a0891951,1000000,70000,0,2,4810000,1890000,0,0,0
VEN_0114_3,PERF_0114,dentro_del_mvp,2026-06-30,2026-04-01,2026-06-30,acumulada_91_dias,91,80,95.0,0,1500000,0,220000,0,10050000,6069000,974000,2208000,0,108000,2689020,-5640980,0,0,11550000,-8550000,8550000,8330000,89,0.0,-513.421,0.0,0.0,0.8721,0.0,situacion_critica,calculado,alta,baja,evidencia_temporal_disponible,balance_negativo,motivo_de_periodos_sin_ingreso,La ventana entre 2026-04-01 y 2026-06-30 muestra un balance de -8550000 COP y una cobertura estimada de 0.00 meses. Este resultado describe el periodo y no a la persona.,historia_controlada_recalculada_v2,train,equilibrio_sostenible,si,roadmap_14_mvp_estructurado_v2.0,fincoach_mvp_estructurado_v2.0,178227dc3a2ffc58b1d4b93d5cbf0f80d6e31b85137449f77ccf30ec7a66df96,1500000,220000,0,3,7074000,2976000,0,0,0
VEN_0115_1,PERF_0115,dentro_del_mvp,2026-04-30,2026-04-01,2026-04-30,acumulada_30_dias,30,26,100.0,500000,0,0,0,0,4243000,2650000,268000,826000,0,0,2655600,-1087400,0,0,4743000,-3743000,3743000,3743000,28,0.0,0.0,0.0,0.0,0.0,0.0,situacion_critica,calculado,alta,baja,evidencia_temporal_disponible,balance_negativo,ninguna_relevante_para_el_periodo,La ventana entre 2026-04-01 y 2026-04-30 muestra un balance de -3743000 COP y una cobertura estimada de 0.00 meses. Este resultado describe el periodo y no a la persona.,historia_controlada_recalculada_v2,train,variable_resiliente,si,roadmap_14_mvp_estructurado_v2.0,fincoach_mvp_estructurado_v2.0,edcb1b0905dec03d1621fd3acfb0bc9e27b0d194955aaa9931cd2a7f3bc0a9c6,500000,0,0,0,3196000,1047000,0,0,0
VEN_0115_2,PERF_0115,dentro_del_mvp,2026-05-31,2026-04-01,2026-05-31,acumulada_61_dias,61,54,100.0,1000000,0,0,30000,0,9926000,4696000,811000,2867000,0,148000,2655600,-6240400,0,0,10926000,-8926000,8926000,8896000,59,0.0,-21561.2022,0.0,0.0,0.0,0.0,situacion_critica,calculado,alta,baja,evidencia_temporal_disponible,balance_negativo,ninguna_relevante_para_el_periodo,La ventana entre 2026-04-01 y 2026-05-31 muestra un balance de -8926000 COP y una cobertura estimada de 0.00 meses. Este resultado describe el periodo y no a la persona.,historia_controlada_recalculada_v2,train,variable_resiliente,si,roadmap_14_mvp_estructurado_v2.0,fincoach_mvp_estructurado_v2.0,0fe4551370c4f8036ff09f956b298ccf167c38d96de9cfd027d9ce915f01a016,1000000,30000,0,0,7223000,2703000,0,0,0
VEN_0115_3,PERF_0115,dentro_del_mvp,2026-06-30,2026-04-01,2026-06-30,acumulada_91_dias,91,79,100.0,1500000,0,0,30000,0,15609000,7029000,1672000,4499000,0,231000,2655600,-11423400,0,0,17109000,-14109000,14109000,14079000,89,0.0,-8716.0872,0.0,0.0,0.0,0.0,situacion_critica,calculado,alta,baja,evidencia_temporal_disponible,balance_negativo,ninguna_relevante_para_el_periodo,La ventana entre 2026-04-01 y 2026-06-30 muestra un balance de -14109000 COP y una cobertura estimada de 0.00 meses. Este resultado describe el periodo y no a la persona.,historia_controlada_recalculada_v2,train,variable_resiliente,si,roadmap_14_mvp_estructurado_v2.0,fincoach_mvp_estructurado_v2.0,48554d508f892001d3795f82ab16ccba34b4fa89bf9c989d15a35b3fcca3048c,1500000,30000,0,0,10490000,5119000,0,0,0
VEN_0116_1,PERF_0116,dentro_del_mvp,2026-04-30,2026-04-01,2026-04-30,acumulada_30_dias,30,20,95.0,500000,0,429000,0,0,3184000,1775000,119000,651000,293000,133000,13157027,10902027,3430566,3859566,3684000,-2684000,2684000,2260000,28,0.8286,0.0,0.0,6.142,0.4618,0.1251,uso_planificado_reserva,calculado,alta,baja,evidencia_temporal_disponible,balance_negativo,ninguna_relevante_para_el_periodo,La ventana entre 2026-04-01 y 2026-04-30 muestra un balance de -2684000 COP y una cobertura estimada de 6.14 meses. Este resultado describe el periodo y no a la persona.,historia_controlada_recalculada_v2,train,uso_planificado_reserva,si,roadmap_14_mvp_estructurado_v2.0,fincoach_mvp_estructurado_v2.0,cab1d23d6ecbdd0bea4b78b66be790b008973c3f0869667877dc94de663d4d44,500000,429000,0,0,2306000,878000,0,293000,429000
VEN_0116_2,PERF_0116,dentro_del_mvp,2026-05-31,2026-04-01,2026-05-31,acumulada_61_dias,61,45,97.7778,1000000,0,429000,0,0,11559000,7303000,660000,1744000,662000,977000,13157027,3027027,3430566,3859566,12559000,-10559000,10559000,10130000,59,0.2301,-83631.694,0.0,0.829,0.3002,0.1251,deterioro_reciente,calculado,alta,baja,evidencia_temporal_disponible,balance_negativo,ninguna_relevante_para_el_periodo,La ventana entre 2026-04-01 y 2026-05-31 muestra un balance de -10559000 COP y una cobertura estimada de 0.83 meses. Este resultado describe el periodo y no a la persona.,historia_controlada_recalculada_v2,train,uso_planificado_reserva,si,roadmap_14_mvp_estructurado_v2.0,fincoach_mvp_estructurado_v2.0,0c51148bc9a01668aa36879bb4bde2007ec68ae09f95575b66a8577a405b88ec,1000000,429000,0,0,8880000,2679000,0,662000,429000
VEN_0116_3,PERF_0116,dentro_del_mvp,2026-06-30,2026-04-01,2026-06-30,acumulada_91_dias,91,68,97.0588,1500000,0,1418000,0,0,19934000,11384000,1463000,2753000,1268000,2174000,13157027,-3858973,3430566,4242566,21434000,-18434000,18434000,17016000,89,0.0,-29473.0679,0.0,0.0,0.4859,0.2367,situacion_critica,calculado,alta,baja,evidencia_temporal_disponible,balance_negativo,ninguna_relevante_para_el_periodo,La ventana entre 2026-04-01 y 2026-06-30 muestra un balance de -18434000 COP y una cobertura estimada de 0.00 meses. Este resultado describe el periodo y no a la persona.,historia_controlada_recalculada_v2,train,uso_planificado_reserva,si,roadmap_14_mvp_estructurado_v2.0,fincoach_mvp_estructurado_v2.0,f926ca1e432fe5b1b5c03abe5ae401c8abb38efd3d7694be6fb7983789829024,1500000,1418000,0,0,15088000,4846000,606000,662000,1418000
VEN_0117_1,PERF_0117,dentro_del_mvp,2026-04-30,2026-04-01,2026-04-30,acumulada_30_dias,30,20,95.0,0,0,0,0,0,7709000,4630000,768000,1238000,0,339000,6044612,-1664388,0,0,7709000,-7709000,7709000,7709000,28,0.0,0.0,0.0,0.0,0.0,0.0,situacion_critica,calculado,alta,baja,evidencia_temporal_disponible,balance_negativo,motivo_de_periodos_sin_ingreso,La ventana entre 2026-04-01 y 2026-04-30 muestra un balance de -7709000 COP y una cobertura estimada de 0.00 meses. Este resultado describe el periodo y no a la persona.,historia_controlada_recalculada_v2,train,deterioro_reciente,si,roadmap_14_mvp_estructurado_v2.0,fincoach_mvp_estructurado_v2.0,d8144ab016521c1d505694a26060f9575aab9b4be538810d85e886f33df7d1e1,0,0,0,1,3243000,4466000,0,0,0
VEN_0117_2,PERF_0117,dentro_del_mvp,2026-05-31,2026-04-01,2026-05-31,acumulada_61_dias,61,39,97.4359,0,0,1024000,0,0,15418000,9896000,1190000,2104000,0,721000,6044612,-8349388,0,1024000,15418000,-15418000,15418000,14776000,59,0.0,4212.5683,0.0,0.0,1.0,1024000.0,situacion_critica,calculado,alta,baja,evidencia_temporal_disponible,balance_negativo,motivo_de_periodos_sin_ingreso,La ventana entre 2026-04-01 y 2026-05-31 muestra un balance de -15418000 COP y una cobertura estimada de 0.00 meses. Este resultado describe el periodo y no a la persona.,historia_controlada_recalculada_v2,train,deterioro_reciente,si,roadmap_14_mvp_estructurado_v2.0,fincoach_mvp_estructurado_v2.0,c3f074a3789cf7f3ba38442cd5f941baeb29c777d5808bffd4983f9a9193b498,0,1024000,0,2,8098000,7320000,0,0,1024000
VEN_0117_3,PERF_0117,dentro_del_mvp,2026-06-30,2026-04-01,2026-06-30,acumulada_91_dias,91,61,96.7213,0,0,1024000,0,0,26615000,14878000,2344000,3978000,0,2443000,6044612,-19546388,0,1024000,26615000,-26615000,26615000,25591000,89,0.0,-39718.4291,0.0,0.0,1.0,1024000.0,situacion_critica,calculado,alta,baja,evidencia_temporal_disponible,balance_negativo,motivo_de_periodos_sin_ingreso,La ventana entre 2026-04-01 y 2026-06-30 muestra un balance de -26615000 COP y una cobertura estimada de 0.00 meses. Este resultado describe el periodo y no a la persona.,historia_controlada_recalculada_v2,train,deterioro_reciente,si,roadmap_14_mvp_estructurado_v2.0,fincoach_mvp_estructurado_v2.0,1b329228b7e178a606883cd2854b184c4f2570c376877bc1116af5269dcab3dd,0,1024000,0,3,13733000,12882000,0,0,1024000
VEN_0118_1,PERF_0118,dentro_del_mvp,2026-04-30,2026-04-01,2026-04-30,acumulada_30_dias,30,30,93.3333,5560000,0,0,0,315000,9844000,6903000,0,1220000,0,525000,1880140,-2088860,24662556,24662556,15404000,-4284000,4284000,6426000,27,0.0,0.0,0.0,0.0,0.0536,0.0,situacion_critica,calculado,alta,baja,evidencia_temporal_disponible,balance_negativo,ninguna_relevante_para_el_periodo,La ventana entre 2026-04-01 y 2026-04-30 muestra un balance de -4284000 COP y una cobertura estimada de 0.00 meses. Este resultado describe el periodo y no a la persona.,historia_controlada_recalculada_v2,train,fragilidad_sostenida,si,roadmap_14_mvp_estructurado_v2.0,fincoach_mvp_estructurado_v2.0,ddae0d1c68724c418eadebc7697e1d5a273db7707d5e8b39b47a727b29a2aa10,1557000,4318000,0,0,6220000,3624000,0,0,0
VEN_0118_2,PERF_0118,dentro_del_mvp,2026-05-31,2026-04-01,2026-05-31,acumulada_61_dias,61,60,95.0,9827000,0,838000,0,315000,22408000,14307000,749000,3519000,633000,1117000,1880140,-9547860,24662556,24867556,32235000,-12581000,12581000,13699000,58,0.0,-63445.9016,0.1316,0.0,0.105,0.0083,situacion_critica,calculado,alta,baja,evidencia_temporal_disponible,balance_negativo,ninguna_relevante_para_el_periodo,La ventana entre 2026-04-01 y 2026-05-31 muestra un balance de -12581000 COP y una cobertura estimada de 0.00 meses. Este resultado describe el periodo y no a la persona.,historia_controlada_recalculada_v2,train,fragilidad_sostenida,si,roadmap_14_mvp_estructurado_v2.0,fincoach_mvp_estructurado_v2.0,ecbb9fc2af23ab3a15203da3f1554036402c9b179ca70d2d5307457a812298da,5824000,5156000,0,0,13451000,8957000,633000,0,838000
VEN_0118_3,PERF_0118,dentro_del_mvp,2026-06-30,2026-04-01,2026-06-30,acumulada_91_dias,91,90,95.5556,14362000,0,838000,180000,666000,34972000,23658000,1198000,3519000,633000,1538000,1880140,-17045860,24662556,24867556,49334000,-20610000,20610000,22208000,88,0.0,-20237.6148,0.1164,0.0,0.0937,0.0083,situacion_critica,calculado,alta,baja,evidencia_temporal_disponible,balance_negativo,ninguna_relevante_para_el_periodo,La ventana entre 2026-04-01 y 2026-06-30 muestra un balance de -20610000 COP y una cobertura estimada de 0.00 meses. Este resultado describe el periodo y no a la persona.,historia_controlada_recalculada_v2,train,fragilidad_sostenida,si,roadmap_14_mvp_estructurado_v2.0,fincoach_mvp_estructurado_v2.0,6e5dc0b33d8bea514f21bcaa2d9aa655b0c2c3d7c50d786d2501ca66aa97a888,10359000,5687000,0,0,22545000,12427000,633000,0,838000
VEN_0119_1,PERF_0119,dentro_del_mvp,2026-04-30,2026-04-01,2026-04-30,acumulada_30_dias,30,27,96.2963,0,0,0,160000,0,8550000,4074000,758000,1568000,957000,706000,1588184,-6801816,10577351,9943351,8550000,-8550000,8550000,8390000,29,0.0,0.0,0.0,0.0,0.0,-0.0599,situacion_critica,calculado,alta,baja,evidencia_temporal_disponible,balance_negativo,motivo_de_periodos_sin_ingreso,La ventana entre 2026-04-01 y 2026-04-30 muestra un balance de -8550000 COP y una cobertura estimada de 0.00 meses. Este resultado describe el periodo y no a la persona.,historia_controlada_recalculada_v2,train,situacion_critica,si,roadmap_14_mvp_estructurado_v2.0,fincoach_mvp_estructurado_v2.0,6e14e7199a96e88fa6616d6a23b917d99adc8e3125270e0a02f83603a10eb884,160000,0,0,1,4825000,3725000,634000,323000,0
VEN_0119_2,PERF_0119,dentro_del_mvp,2026-05-31,2026-04-01,2026-05-31,acumulada_61_dias,61,51,98.0392,0,0,1045000,210000,438000,19347000,9470000,2054000,3383000,1652000,1449000,1588184,-16065816,10577351,10293351,19347000,-19347000,19347000,17654000,60,0.0,-32163.9344,0.0,0.0,0.876,-0.0268,situacion_critica,calculado,alta,baja,evidencia_temporal_disponible,balance_negativo,motivo_de_periodos_sin_ingreso,La ventana entre 2026-04-01 y 2026-05-31 muestra un balance de -19347000 COP y una cobertura estimada de 0.00 meses. Este resultado describe el periodo y no a la persona.,historia_controlada_recalculada_v2,train,situacion_critica,si,roadmap_14_mvp_estructurado_v2.0,fincoach_mvp_estructurado_v2.0,52770f6d0760e73ae0f2b7ff0255226fcc6408ff35dcf7cc4bb3c09c5a5afcea,210000,1483000,0,2,11954000,7393000,1329000,323000,1045000
VEN_0119_3,PERF_0119,dentro_del_mvp,2026-06-30,2026-04-01,2026-06-30,acumulada_91_dias,91,72,97.2222,0,0,1045000,210000,438000,30144000,16969000,2909000,5054000,2071000,1449000,1588184,-26862816,10577351,9874351,30144000,-30144000,30144000,28451000,90,0.0,-14088.8128,0.0,0.0,0.876,-0.0665,situacion_critica,calculado,alta,baja,evidencia_temporal_disponible,balance_negativo,motivo_de_periodos_sin_ingreso,La ventana entre 2026-04-01 y 2026-06-30 muestra un balance de -30144000 COP y una cobertura estimada de 0.00 meses. Este resultado describe el periodo y no a la persona.,historia_controlada_recalculada_v2,train,situacion_critica,si,roadmap_14_mvp_estructurado_v2.0,fincoach_mvp_estructurado_v2.0,a23fe285db11632927954717192b349721cfaed022785ee8a7d02af93df3da36,210000,1483000,0,3,18939000,11205000,1748000,323000,1045000
VEN_0120_1,PERF_0120,dentro_del_mvp,2026-04-30,2026-04-01,2026-04-30,acumulada_30_dias,30,33,100.0,6911000,0,0,50000,126000,4043000,2020000,279000,940000,420000,194000,14573466,17617466,11989558,11894558,10954000,2868000,0,2323000,28,0.946,0.0,0.0,8.7215,0.0178,-0.0079,acumulacion_estable,calculado,alta,baja,balance_no_negativo,sin_factor_dominante,ninguna_relevante_para_el_periodo,La ventana entre 2026-04-01 y 2026-04-30 muestra un balance de 2868000 COP y una cobertura estimada de 8.72 meses. Este resultado describe el periodo y no a la persona.,historia_controlada_recalculada_v2,train,acumulacion_estable,si,roadmap_14_mvp_estructurado_v2.0,fincoach_mvp_estructurado_v2.0,699efdbeff162a39b21f01a0ba9867c5495c435f51d5b77e547ee8239f3974a6,6911000,176000,0,0,2990000,1053000,95000,325000,0
VEN_0120_2,PERF_0120,dentro_del_mvp,2026-05-31,2026-04-01,2026-05-31,acumulada_61_dias,61,66,100.0,13340000,0,0,50000,126000,8086000,3791000,957000,1405000,420000,1037000,14573466,20003466,11989558,11894558,21426000,5254000,0,2323000,5,0.9801,-9468.8525,0.0361,10.5531,0.0093,-0.0079,acumulacion_estable,calculado,alta,baja,balance_no_negativo,sin_factor_dominante,ninguna_relevante_para_el_periodo,La ventana entre 2026-04-01 y 2026-05-31 muestra un balance de 5254000 COP y una cobertura estimada de 10.55 meses. Este resultado describe el periodo y no a la persona.,historia_controlada_recalculada_v2,train,acumulacion_estable,si,roadmap_14_mvp_estructurado_v2.0,fincoach_mvp_estructurado_v2.0,eefb21681f58fa2a11088b8dd0765d3741aaefb7a266d989bd96c550bcbca1b2,13340000,176000,0,0,5886000,2200000,95000,325000,0
VEN_0120_3,PERF_0120,dentro_del_mvp,2026-06-30,2026-04-01,2026-06-30,acumulada_91_dias,91,98,97.9592,20216000,0,0,150000,126000,12129000,6710000,957000,1405000,799000,1319000,14573466,22936466,11989558,11515558,32345000,8087000,0,2323000,9,0.9739,2736.9843,0.0326,10.2548,0.0061,-0.0395,acumulacion_estable,calculado,alta,baja,balance_no_negativo,sin_factor_dominante,ninguna_relevante_para_el_periodo,La ventana entre 2026-04-01 y 2026-06-30 muestra un balance de 8087000 COP y una cobertura estimada de 10.25 meses. Este resultado describe el periodo y no a la persona.,historia_controlada_recalculada_v2,train,acumulacion_estable,si,roadmap_14_mvp_estructurado_v2.0,fincoach_mvp_estructurado_v2.0,bb5a47525883db296db7e6b5a576ceb0d205fd740e113843df532de35949d322,20216000,276000,0,0,8615000,3514000,474000,325000,0
VEN_0121_1,PERF_0121,dentro_del_mvp,2026-04-30,2026-04-01,2026-04-30,acumulada_30_dias,30,28,96.4286,4138000,0,0,0,0,6398000,4146000,312000,569000,374000,546000,3755265,1495265,4494403,4494403,10536000,-2260000,2260000,3729000,29,0.3982,0.0,0.0,0.3607,0.0,0.0,fragilidad_sostenida,calculado,alta,baja,evidencia_temporal_disponible,balance_negativo,ninguna_relevante_para_el_periodo,La ventana entre 2026-04-01 y 2026-04-30 muestra un balance de -2260000 COP y una cobertura estimada de 0.36 meses. Este resultado describe el periodo y no a la persona.,historia_controlada_recalculada_v2,train,equilibrio_sostenible,si,roadmap_14_mvp_estructurado_v2.0,fincoach_mvp_estructurado_v2.0,a857920f7469fb7d68f02dc026ca8ecdf55794f25ed4839200f3dbe66a22900f,4138000,0,0,0,5525000,873000,0,374000,0
VEN_0121_2,PERF_0121,dentro_del_mvp,2026-05-31,2026-04-01,2026-05-31,acumulada_61_dias,61,59,94.9153,13259000,0,0,0,0,12796000,8273000,783000,1340000,674000,645000,3755265,4218265,4494403,4194403,26055000,463000,0,4155000,5,0.8084,82923.4973,0.3758,1.0198,0.0,-0.0667,variable_resiliente,calculado,alta,baja,balance_no_negativo,sin_factor_dominante,ninguna_relevante_para_el_periodo,La ventana entre 2026-04-01 y 2026-05-31 muestra un balance de 463000 COP y una cobertura estimada de 1.02 meses. Este resultado describe el periodo y no a la persona.,historia_controlada_recalculada_v2,train,equilibrio_sostenible,si,roadmap_14_mvp_estructurado_v2.0,fincoach_mvp_estructurado_v2.0,f99ec523837cb18ee03f4198ba89638b9b9dc5581e97e70e3b0f5baac6715cce,13259000,0,0,0,10645000,2151000,300000,374000,0
VEN_0121_3,PERF_0121,dentro_del_mvp,2026-06-30,2026-04-01,2026-06-30,acumulada_91_dias,91,90,95.5556,21213000,0,0,0,0,19194000,12102000,1040000,2016000,1265000,1077000,3755265,5774265,4494403,3991403,40407000,2019000,0,4155000,3,0.9032,14596.6493,0.3009,1.4314,0.0,-0.1119,variable_resiliente,calculado,alta,baja,balance_no_negativo,sin_factor_dominante,ninguna_relevante_para_el_periodo,La ventana entre 2026-04-01 y 2026-06-30 muestra un balance de 2019000 COP y una cobertura estimada de 1.43 meses. Este resultado describe el periodo y no a la persona.,historia_controlada_recalculada_v2,train,equilibrio_sostenible,si,roadmap_14_mvp_estructurado_v2.0,fincoach_mvp_estructurado_v2.0,4f104a3b94997dfa087e2c2d8821bb6a04bcc1becf55998c3fbefb977670fb22,21213000,0,0,0,16064000,3130000,503000,762000,0
VEN_0122_1,PERF_0122,dentro_del_mvp,2026-04-30,2026-04-01,2026-04-30,acumulada_30_dias,30,19,100.0,500000,0,0,0,0,6806000,4671000,826000,806000,0,0,7872510,1566510,8088398,8088398,7306000,-6306000,6306000,6306000,27,0.199,0.0,0.0,0.3354,0.0,0.0,fragilidad_sostenida,calculado,alta,baja,evidencia_temporal_disponible,balance_negativo,ninguna_relevante_para_el_periodo,La ventana entre 2026-04-01 y 2026-04-30 muestra un balance de -6306000 COP y una cobertura estimada de 0.34 meses. Este resultado describe el periodo y no a la persona.,historia_controlada_recalculada_v2,train,variable_resiliente,si,roadmap_14_mvp_estructurado_v2.0,fincoach_mvp_estructurado_v2.0,1e8d2c8c8f07ddbc1e1578d0cfaf593b83515df10194562218fcab4b00cf0ea0,500000,0,0,0,4820000,1986000,0,0,0
VEN_0122_2,PERF_0122,dentro_del_mvp,2026-05-31,2026-04-01,2026-05-31,acumulada_61_dias,61,42,100.0,1000000,0,0,0,0,15923000,11192000,1687000,1662000,0,320000,7872510,-7050490,8088398,8088398,16923000,-14923000,14923000,14923000,58,0.0,-34439.3443,0.0,0.0,0.0,0.0,situacion_critica,calculado,alta,baja,evidencia_temporal_disponible,balance_negativo,ninguna_relevante_para_el_periodo,La ventana entre 2026-04-01 y 2026-05-31 muestra un balance de -14923000 COP y una cobertura estimada de 0.00 meses. Este resultado describe el periodo y no a la persona.,historia_controlada_recalculada_v2,train,variable_resiliente,si,roadmap_14_mvp_estructurado_v2.0,fincoach_mvp_estructurado_v2.0,efdc200d2db479f1e6f67f94abea9252bcd1ae890b7d931da209810638dc1c52,1000000,0,0,0,9966000,5957000,0,0,0
VEN_0122_3,PERF_0122,dentro_del_mvp,2026-06-30,2026-04-01,2026-06-30,acumulada_91_dias,91,62,96.7742,1500000,0,0,0,0,20679000,13724000,2065000,2742000,0,443000,7872510,-11306490,8088398,8088398,22179000,-19179000,19179000,19179000,88,0.0,33881.1025,0.0,0.0,0.0,0.0,situacion_critica,calculado,alta,baja,evidencia_temporal_disponible,balance_negativo,ninguna_relevante_para_el_periodo,La ventana entre 2026-04-01 y 2026-06-30 muestra un balance de -19179000 COP y una cobertura estimada de 0.00 meses. Este resultado describe el periodo y no a la persona.,historia_controlada_recalculada_v2,train,variable_resiliente,si,roadmap_14_mvp_estructurado_v2.0,fincoach_mvp_estructurado_v2.0,0af283bfd45c8e3a48c389d6f7fe4f24fc34700ef9961f15155c8c912c067070,1500000,0,0,0,12742000,7937000,0,0,0
VEN_0123_1,PERF_0123,dentro_del_mvp,2026-04-30,2026-04-01,2026-04-30,acumulada_30_dias,30,30,93.3333,3963000,0,0,0,0,2918000,1673000,616000,324000,0,62000,13398357,14443357,0,0,6881000,1045000,0,1037000,0,1.0,0.0,0.0,8.6332,0.0,0.0,acumulacion_estable,calculado,alta,baja,balance_no_negativo,sin_factor_dominante,ninguna_relevante_para_el_periodo,La ventana entre 2026-04-01 y 2026-04-30 muestra un balance de 1045000 COP y una cobertura estimada de 8.63 meses. Este resultado describe el periodo y no a la persona.,historia_controlada_recalculada_v2,train,uso_planificado_reserva,si,roadmap_14_mvp_estructurado_v2.0,fincoach_mvp_estructurado_v2.0,0e3f012b33d98bba47a8526285ffdfdfa0a16443cd4a134993f3ae8a961ff4fa,3780000,183000,0,0,2035000,883000,0,0,0
VEN_0123_2,PERF_0123,dentro_del_mvp,2026-05-31,2026-04-01,2026-05-31,acumulada_61_dias,61,60,96.6667,7007000,0,0,110000,0,10593000,7477000,616000,1446000,0,62000,13398357,9922357,0,0,17600000,-3586000,3586000,4521000,31,0.687,-93620.2186,0.1312,2.6541,0.0,0.0,deterioro_reciente,calculado,alta,baja,evidencia_temporal_disponible,balance_negativo,ninguna_relevante_para_el_periodo,La ventana entre 2026-04-01 y 2026-05-31 muestra un balance de -3586000 COP y una cobertura estimada de 2.65 meses. Este resultado describe el periodo y no a la persona.,historia_controlada_recalculada_v2,train,uso_planificado_reserva,si,roadmap_14_mvp_estructurado_v2.0,fincoach_mvp_estructurado_v2.0,0f7ed867e433f299915263f92b7f20ff03ee22d8c73886bf5023b45375de9c40,6516000,601000,0,0,6481000,4112000,0,0,0
VEN_0123_3,PERF_0123,dentro_del_mvp,2026-06-30,2026-04-01,2026-06-30,acumulada_91_dias,91,90,96.6667,9465000,0,0,110000,0,18268000,12820000,1219000,1446000,0,709000,13398357,4705357,0,0,27733000,-8803000,8803000,9853000,61,0.3258,-37949.3785,0.1963,1.1011,0.0,0.0,fragilidad_sostenida,calculado,alta,baja,evidencia_temporal_disponible,balance_negativo,ninguna_relevante_para_el_periodo,La ventana entre 2026-04-01 y 2026-06-30 muestra un balance de -8803000 COP y una cobertura estimada de 1.10 meses. Este resultado describe el periodo y no a la persona.,historia_controlada_recalculada_v2,train,uso_planificado_reserva,si,roadmap_14_mvp_estructurado_v2.0,fincoach_mvp_estructurado_v2.0,c9911f4f66e245c12123ab8157ede39153da6e49ccc6274c9a57524da741bf98,8974000,601000,0,0,11326000,6942000,0,0,0
VEN_0124_1,PERF_0124,dentro_del_mvp,2026-04-30,2026-04-01,2026-04-30,acumulada_30_dias,30,30,93.3333,5151000,0,0,0,0,6641000,4062000,812000,227000,0,171000,6534973,5044973,3409543,3409543,11792000,-1490000,1490000,4806000,27,0.772,0.0,0.0,1.242,0.0,0.0,uso_planificado_reserva,calculado,alta,baja,evidencia_temporal_disponible,balance_negativo,ninguna_relevante_para_el_periodo,La ventana entre 2026-04-01 y 2026-04-30 muestra un balance de -1490000 COP y una cobertura estimada de 1.24 meses. Este resultado describe el periodo y no a la persona.,historia_controlada_recalculada_v2,train,deterioro_reciente,si,roadmap_14_mvp_estructurado_v2.0,fincoach_mvp_estructurado_v2.0,b0f793608269d6832e441d7f655317856970d70484cdc177870bd9251b691ba7,5151000,0,0,0,5129000,1512000,0,0,0
VEN_0124_2,PERF_0124,dentro_del_mvp,2026-05-31,2026-04-01,2026-05-31,acumulada_61_dias,61,63,95.2381,13775000,0,0,0,0,13282000,7436000,1246000,1107000,897000,714000,6534973,7027973,3409543,3079543,27057000,493000,0,4806000,13,0.7939,57748.6339,0.2521,1.8903,0.0,-0.0968,variable_resiliente,calculado,alta,baja,balance_no_negativo,sin_factor_dominante,ninguna_relevante_para_el_periodo,La ventana entre 2026-04-01 y 2026-05-31 muestra un balance de 493000 COP y una cobertura estimada de 1.89 meses. Este resultado describe el periodo y no a la persona.,historia_controlada_recalculada_v2,train,deterioro_reciente,si,roadmap_14_mvp_estructurado_v2.0,fincoach_mvp_estructurado_v2.0,7940e65ec6cd91067ff71391be4a550303e1891593e0e2a16dd02963d54f8f63,13775000,0,0,0,9493000,3789000,330000,567000,0
VEN_0124_3,PERF_0124,dentro_del_mvp,2026-06-30,2026-04-01,2026-06-30,acumulada_91_dias,91,95,93.6842,20752000,0,0,70000,0,22928000,13649000,1871000,1955000,1476000,1186000,6534973,4428973,3409543,3079543,43680000,-2176000,2176000,5151000,43,0.5003,-31994.0551,0.2051,0.9735,0.0,-0.0968,fragilidad_sostenida,calculado,alta,baja,evidencia_temporal_disponible,balance_negativo,ninguna_relevante_para_el_periodo,La ventana entre 2026-04-01 y 2026-06-30 muestra un balance de -2176000 COP y una cobertura estimada de 0.97 meses. Este resultado describe el periodo y no a la persona.,historia_controlada_recalculada_v2,train,deterioro_reciente,si,roadmap_14_mvp_estructurado_v2.0,fincoach_mvp_estructurado_v2.0,7e9e267bbe20a37baa6630a84f832f18c7e8b62a526aa6842379faa67d6f30ef,20752000,70000,0,0,17006000,5922000,330000,1146000,0
VEN_0125_1,PERF_0125,dentro_del_mvp,2026-04-30,2026-04-01,2026-04-30,acumulada_30_dias,30,30,96.6667,4839000,0,0,0,0,8264000,5024000,731000,1239000,0,415000,412310,-3012690,23497287,23497287,13103000,-3425000,3425000,4755000,25,0.0,0.0,0.0,0.0,0.0,0.0,situacion_critica,calculado,alta,baja,evidencia_temporal_disponible,balance_negativo,ninguna_relevante_para_el_periodo,La ventana entre 2026-04-01 y 2026-04-30 muestra un balance de -3425000 COP y una cobertura estimada de 0.00 meses. Este resultado describe el periodo y no a la persona.,historia_controlada_recalculada_v2,train,fragilidad_sostenida,si,roadmap_14_mvp_estructurado_v2.0,fincoach_mvp_estructurado_v2.0,cbd28c7c6f5b7f9845f9983e7731e2ed11e56f6aa3e7cfedeb3822658ab62445,4839000,0,0,0,6059000,2205000,0,0,0
VEN_0125_2,PERF_0125,dentro_del_mvp,2026-05-31,2026-04-01,2026-05-31,acumulada_61_dias,61,60,96.6667,8001000,0,703000,0,0,18812000,12149000,1974000,2847000,0,415000,412310,-9695690,23497287,24200287,26813000,-10811000,10811000,10695000,56,0.0,-63062.8415,0.2096,0.0,0.0808,0.0299,situacion_critica,calculado,alta,baja,evidencia_temporal_disponible,balance_negativo,ninguna_relevante_para_el_periodo,La ventana entre 2026-04-01 y 2026-05-31 muestra un balance de -10811000 COP y una cobertura estimada de 0.00 meses. Este resultado describe el periodo y no a la persona.,historia_controlada_recalculada_v2,train,fragilidad_sostenida,si,roadmap_14_mvp_estructurado_v2.0,fincoach_mvp_estructurado_v2.0,9f0104cdfd76a598921edd743a1aa883e1bc159c35149f193b23bb0b6d41f80e,8566000,138000,0,0,13451000,5361000,0,0,703000
VEN_0125_3,PERF_0125,dentro_del_mvp,2026-06-30,2026-04-01,2026-06-30,acumulada_91_dias,91,90,97.7778,11473000,0,1406000,0,0,29360000,17364000,2566000,5786000,910000,415000,412310,-16068690,23497287,24903287,40833000,-17887000,17887000,17068000,86,0.0,-19330.9314,0.1905,0.0,0.1092,0.0598,situacion_critica,calculado,alta,baja,evidencia_temporal_disponible,balance_negativo,ninguna_relevante_para_el_periodo,La ventana entre 2026-04-01 y 2026-06-30 muestra un balance de -17887000 COP y una cobertura estimada de 0.00 meses. Este resultado describe el periodo y no a la persona.,historia_controlada_recalculada_v2,train,fragilidad_sostenida,si,roadmap_14_mvp_estructurado_v2.0,fincoach_mvp_estructurado_v2.0,ada1ee231f408d8df26b875a7f181cbf5035e90137938160282f4aa8d9f88488,12741000,138000,0,0,18225000,11135000,0,910000,1406000
VEN_0126_1,PERF_0126,dentro_del_mvp,2026-04-30,2026-04-01,2026-04-30,acumulada_30_dias,30,30,93.3333,3371000,0,686000,0,0,10296000,6307000,478000,2501000,0,704000,612968,-5626032,22401436,23087436,13667000,-6925000,6925000,7459000,25,0.0,0.0,0.0,0.0,0.1691,0.0306,situacion_critica,calculado,alta,baja,evidencia_temporal_disponible,balance_negativo,ninguna_relevante_para_el_periodo,La ventana entre 2026-04-01 y 2026-04-30 muestra un balance de -6925000 COP y una cobertura estimada de 0.00 meses. Este resultado describe el periodo y no a la persona.,historia_controlada_recalculada_v2,train,situacion_critica,si,roadmap_14_mvp_estructurado_v2.0,fincoach_mvp_estructurado_v2.0,1199e2d2a0290795c19621d959f8a0626d26eb3caf8c45fd627b0e13ff7723d3,4057000,0,0,0,8003000,2293000,0,0,686000
VEN_0126_2,PERF_0126,dentro_del_mvp,2026-05-31,2026-04-01,2026-05-31,acumulada_61_dias,61,62,96.7742,6451000,0,1944000,240000,0,23298000,14455000,1707000,4237000,650000,1113000,612968,-14050032,22401436,24345436,29749000,-16847000,16847000,14663000,56,0.0,-45346.9945,0.0451,0.0,0.2251,0.0868,situacion_critica,calculado,alta,baja,evidencia_temporal_disponible,balance_negativo,ninguna_relevante_para_el_periodo,La ventana entre 2026-04-01 y 2026-05-31 muestra un balance de -16847000 COP y una cobertura estimada de 0.00 meses. Este resultado describe el periodo y no a la persona.,historia_controlada_recalculada_v2,train,situacion_critica,si,roadmap_14_mvp_estructurado_v2.0,fincoach_mvp_estructurado_v2.0,5a4e1a7f47a13bb687508c064e2ccd7f56477da646c755a966f937d388cd7af5,8395000,240000,0,0,16837000,6461000,0,650000,1944000
VEN_0126_3,PERF_0126,dentro_del_mvp,2026-06-30,2026-04-01,2026-06-30,acumulada_91_dias,91,94,97.8723,9507000,0,3202000,240000,0,36300000,23849000,2276000,4237000,1221000,3581000,612968,-22738032,22401436,25032436,45807000,-26793000,26793000,23761000,86,0.0,-18248.2436,0.0452,0.0,0.2473,0.1174,situacion_critica,calculado,alta,baja,evidencia_temporal_disponible,balance_negativo,ninguna_relevante_para_el_periodo,La ventana entre 2026-04-01 y 2026-06-30 muestra un balance de -26793000 COP y una cobertura estimada de 0.00 meses. Este resultado describe el periodo y no a la persona.,historia_controlada_recalculada_v2,train,situacion_critica,si,roadmap_14_mvp_estructurado_v2.0,fincoach_mvp_estructurado_v2.0,9510ae274d37e3ac28c5f39793b0961218c0d5c578b50c1a1c1e7aa82667819b,12709000,240000,0,0,26417000,9883000,571000,650000,3202000
VEN_0127_1,PERF_0127,dentro_del_mvp,2026-04-30,2026-04-01,2026-04-30,acumulada_30_dias,30,30,96.6667,5163000,0,0,0,0,4530000,2813000,718000,194000,0,172000,10680870,11313870,0,0,9693000,633000,0,2238000,2,0.9929,0.0,0.0,4.022,0.0,0.0,acumulacion_estable,calculado,alta,baja,balance_no_negativo,sin_factor_dominante,ninguna_relevante_para_el_periodo,La ventana entre 2026-04-01 y 2026-04-30 muestra un balance de 633000 COP y una cobertura estimada de 4.02 meses. Este resultado describe el periodo y no a la persona.,historia_controlada_recalculada_v2,train,acumulacion_estable,si,roadmap_14_mvp_estructurado_v2.0,fincoach_mvp_estructurado_v2.0,52b602c4b7cd9657fdeb4ded3e0eda59dcb1f9d8a1c8591cdf55fd657b493757,5163000,0,0,0,2692000,1838000,0,0,0
VEN_0127_2,PERF_0127,dentro_del_mvp,2026-05-31,2026-04-01,2026-05-31,acumulada_61_dias,61,63,98.4127,14308000,0,0,220000,0,9060000,5153000,718000,1444000,0,884000,10680870,16148870,0,0,23368000,5248000,0,2238000,2,0.9864,64932.7869,0.2783,6.2678,0.0,0.0,variable_resiliente,calculado,alta,baja,balance_no_negativo,sin_factor_dominante,ninguna_relevante_para_el_periodo,La ventana entre 2026-04-01 y 2026-05-31 muestra un balance de 5248000 COP y una cobertura estimada de 6.27 meses. Este resultado describe el periodo y no a la persona.,historia_controlada_recalculada_v2,train,acumulacion_estable,si,roadmap_14_mvp_estructurado_v2.0,fincoach_mvp_estructurado_v2.0,6d513d37c13a7fbb4e173e53352de140ce48f1f9e5f1ee46dcfe7a2d372d63e0,14308000,220000,0,0,6039000,3021000,0,0,0
VEN_0127_3,PERF_0127,dentro_del_mvp,2026-06-30,2026-04-01,2026-06-30,acumulada_91_dias,91,95,97.8947,22268000,0,0,220000,0,13590000,7887000,978000,2486000,0,884000,10680870,19578870,0,0,35858000,8678000,0,2238000,0,1.0,9329.8505,0.2249,7.4473,0.0,0.0,variable_resiliente,calculado,alta,baja,balance_no_negativo,sin_factor_dominante,ninguna_relevante_para_el_periodo,La ventana entre 2026-04-01 y 2026-06-30 muestra un balance de 8678000 COP y una cobertura estimada de 7.45 meses. Este resultado describe el periodo y no a la persona.,historia_controlada_recalculada_v2,train,acumulacion_estable,si,roadmap_14_mvp_estructurado_v2.0,fincoach_mvp_estructurado_v2.0,5787d15c6e3d2f3efa7a1fc9de99c7166a115a6b010cf0b690963eb9ad779dd4,22268000,220000,0,0,9516000,4074000,0,0,0
VEN_0128_1,PERF_0128,dentro_del_mvp,2026-04-30,2026-04-01,2026-04-30,acumulada_30_dias,30,27,100.0,560000,0,0,0,0,7505000,3468000,474000,1957000,1054000,0,16622110,9677110,9148664,9148664,8065000,-6945000,6945000,6945000,29,0.5822,0.0,0.0,2.7904,0.0,0.0,uso_planificado_reserva,calculado,alta,baja,evidencia_temporal_disponible,balance_negativo,ninguna_relevante_para_el_periodo,La ventana entre 2026-04-01 y 2026-04-30 muestra un balance de -6945000 COP y una cobertura estimada de 2.79 meses. Este resultado describe el periodo y no a la persona.,historia_controlada_recalculada_v2,train,equilibrio_sostenible,si,roadmap_14_mvp_estructurado_v2.0,fincoach_mvp_estructurado_v2.0,a7c665bf05c106e9b03accaa11e5bf5a5d933f73cb3173f18a527fe942f1687b,560000,0,0,0,5529000,1976000,0,1054000,0
VEN_0128_2,PERF_0128,dentro_del_mvp,2026-05-31,2026-04-01,2026-05-31,acumulada_61_dias,61,56,100.0,1120000,0,0,0,0,15010000,7032000,1473000,2920000,1880000,823000,16622110,2732110,9148664,8496664,16130000,-13890000,13890000,13890000,60,0.1644,3795.082,0.0,0.7771,0.0,-0.0713,fragilidad_sostenida,calculado,alta,baja,evidencia_temporal_disponible,balance_negativo,ninguna_relevante_para_el_periodo,La ventana entre 2026-04-01 y 2026-05-31 muestra un balance de -13890000 COP y una cobertura estimada de 0.78 meses. Este resultado describe el periodo y no a la persona.,historia_controlada_recalculada_v2,train,equilibrio_sostenible,si,roadmap_14_mvp_estructurado_v2.0,fincoach_mvp_estructurado_v2.0,f2db553c9392db228a17d812815f0c1677fab960e0a2d781b497271abcd22f00,1120000,0,0,0,10092000,4918000,652000,1228000,0
VEN_0128_3,PERF_0128,dentro_del_mvp,2026-06-30,2026-04-01,2026-06-30,acumulada_91_dias,91,84,100.0,1680000,0,0,0,0,22515000,10620000,2802000,3708000,1880000,1046000,16622110,-4212890,9148664,8496664,24195000,-20835000,20835000,20835000,90,0.0,-1251.1259,0.0,0.0,0.0,-0.0713,situacion_critica,calculado,alta,baja,evidencia_temporal_disponible,balance_negativo,ninguna_relevante_para_el_periodo,La ventana entre 2026-04-01 y 2026-06-30 muestra un balance de -20835000 COP y una cobertura estimada de 0.00 meses. Este resultado describe el periodo y no a la persona.,historia_controlada_recalculada_v2,train,equilibrio_sostenible,si,roadmap_14_mvp_estructurado_v2.0,fincoach_mvp_estructurado_v2.0,938200ebc6b75ddd9b3db6d770058d86517335c5caa10b416c2e32ff35dd3b1c,1680000,0,0,0,15081000,7434000,652000,1228000,0
VEN_0129_1,PERF_0129,dentro_del_mvp,2026-04-30,2026-04-01,2026-04-30,acumulada_30_dias,30,34,97.0588,4479000,0,0,0,0,3932000,2212000,605000,0,393000,326000,9666158,10213158,6275912,6171912,8411000,547000,0,1947000,4,0.933,0.0,0.0,4.6172,0.0,-0.0166,acumulacion_estable,calculado,alta,baja,balance_no_negativo,sin_factor_dominante,ninguna_relevante_para_el_periodo,La ventana entre 2026-04-01 y 2026-04-30 muestra un balance de 547000 COP y una cobertura estimada de 4.62 meses. Este resultado describe el periodo y no a la persona.,historia_controlada_recalculada_v2,train,variable_resiliente,si,roadmap_14_mvp_estructurado_v2.0,fincoach_mvp_estructurado_v2.0,ecd0fa04e2e0438c6bf33776c58b8f808243a8940f7e10bbef9e95fae8c51547,4479000,0,0,0,2945000,987000,104000,289000,0
VEN_0129_2,PERF_0129,dentro_del_mvp,2026-05-31,2026-04-01,2026-05-31,acumulada_61_dias,61,67,94.0299,7742000,0,0,0,0,9199000,6242000,829000,247000,393000,407000,9666158,8209158,6275912,6171912,16941000,-1457000,1457000,4774000,35,0.75,-42118.5792,0.1571,2.6303,0.0,-0.0166,uso_planificado_reserva,calculado,alta,baja,evidencia_temporal_disponible,balance_negativo,ninguna_relevante_para_el_periodo,La ventana entre 2026-04-01 y 2026-05-31 muestra un balance de -1457000 COP y una cobertura estimada de 2.63 meses. Este resultado describe el periodo y no a la persona.,historia_controlada_recalculada_v2,train,variable_resiliente,si,roadmap_14_mvp_estructurado_v2.0,fincoach_mvp_estructurado_v2.0,f32f186a5b3f7b1c5c8adc42e9108e6d9512ea44391d0a0909d9a4b5161231ed,6785000,957000,0,0,6758000,2441000,104000,289000,0
VEN_0129_3,PERF_0129,dentro_del_mvp,2026-06-30,2026-04-01,2026-06-30,acumulada_91_dias,91,100,95.0,11146000,0,0,230000,0,14466000,9412000,1094000,882000,672000,588000,9666158,6576158,6275912,6059912,25612000,-3320000,3320000,5268000,65,0.6008,-12598.2706,0.1462,2.0961,0.0,-0.0344,uso_planificado_reserva,calculado,alta,baja,evidencia_temporal_disponible,balance_negativo,ninguna_relevante_para_el_periodo,La ventana entre 2026-04-01 y 2026-06-30 muestra un balance de -3320000 COP y una cobertura estimada de 2.10 meses. Este resultado describe el periodo y no a la persona.,historia_controlada_recalculada_v2,train,variable_resiliente,si,roadmap_14_mvp_estructurado_v2.0,fincoach_mvp_estructurado_v2.0,c205ae7e52e1490895e04ee9dc8cec5a17a72985c2ad1c263e9a299b8c2abf9f,10189000,1187000,0,0,9263000,5203000,216000,456000,0
VEN_0130_1,PERF_0130,dentro_del_mvp,2026-04-30,2026-04-01,2026-04-30,acumulada_30_dias,30,24,91.6667,700000,0,0,0,0,4058000,2793000,83000,736000,0,56000,16494349,13136349,7061417,7061417,4758000,-3358000,3358000,3358000,26,0.7964,0.0,0.0,4.7033,0.0,0.0,uso_planificado_reserva,calculado,alta,baja,evidencia_temporal_disponible,balance_negativo,ninguna_relevante_para_el_periodo,La ventana entre 2026-04-01 y 2026-04-30 muestra un balance de -3358000 COP y una cobertura estimada de 4.70 meses. Este resultado describe el periodo y no a la persona.,historia_controlada_recalculada_v2,train,uso_planificado_reserva,si,roadmap_14_mvp_estructurado_v2.0,fincoach_mvp_estructurado_v2.0,fe3387456c7d78ec486064a46347adfab1a9243d96ea88dc5532f559e4683911,700000,0,0,0,3109000,949000,0,0,0
VEN_0130_2,PERF_0130,dentro_del_mvp,2026-05-31,2026-04-01,2026-05-31,acumulada_61_dias,61,53,94.3396,1400000,0,0,0,0,14731000,8804000,652000,1519000,1254000,725000,16494349,3163349,7061417,7061417,16131000,-13331000,13331000,13331000,57,0.1918,-106607.6503,0.0,0.7186,0.0,0.0,deterioro_reciente,calculado,alta,baja,evidencia_temporal_disponible,balance_negativo,ninguna_relevante_para_el_periodo,La ventana entre 2026-04-01 y 2026-05-31 muestra un balance de -13331000 COP y una cobertura estimada de 0.72 meses. Este resultado describe el periodo y no a la persona.,historia_controlada_recalculada_v2,train,uso_planificado_reserva,si,roadmap_14_mvp_estructurado_v2.0,fincoach_mvp_estructurado_v2.0,f52f878fe09b13f14c53d51f0dc4c5ee83b09cddda5f8bf93495f7d82c8ceaf2,1400000,0,0,0,10388000,4343000,0,1254000,0
VEN_0130_3,PERF_0130,dentro_del_mvp,2026-06-30,2026-04-01,2026-06-30,acumulada_91_dias,91,77,96.1039,2100000,464000,0,0,0,25404000,15249000,772000,2822000,2859000,1467000,16494349,-6345651,7061417,6190417,27968000,-22840000,22840000,22840000,87,0.0,-32448.0274,0.0,0.0,0.181,-0.1233,situacion_critica,calculado,alta,baja,evidencia_temporal_disponible,balance_negativo,ninguna_relevante_para_el_periodo,La ventana entre 2026-04-01 y 2026-06-30 muestra un balance de -22840000 COP y una cobertura estimada de 0.00 meses. Este resultado describe el periodo y no a la persona.,historia_controlada_recalculada_v2,train,uso_planificado_reserva,si,roadmap_14_mvp_estructurado_v2.0,fincoach_mvp_estructurado_v2.0,8ce1a57fd1e74d8ba734055008e3f41db25f86b9833c234885a7cb2271dc7ec0,2100000,464000,0,0,19405000,5999000,871000,1988000,0
VEN_0131_1,PERF_0131,dentro_del_mvp,2026-04-30,2026-04-01,2026-04-30,acumulada_30_dias,30,26,96.1538,2000000,0,0,0,0,9903000,6164000,560000,1261000,0,368000,22112305,14209305,4058484,4058484,11903000,-7903000,7903000,7903000,28,0.6426,0.0,0.0,2.3052,0.0,0.0,uso_planificado_reserva,calculado,alta,baja,evidencia_temporal_disponible,balance_negativo,ninguna_relevante_para_el_periodo,La ventana entre 2026-04-01 y 2026-04-30 muestra un balance de -7903000 COP y una cobertura estimada de 2.31 meses. Este resultado describe el periodo y no a la persona.,historia_controlada_recalculada_v2,train,deterioro_reciente,si,roadmap_14_mvp_estructurado_v2.0,fincoach_mvp_estructurado_v2.0,cbc33c335660c5e6979e45768a98f586eb7b1aa80f30048aa30651a1fc33242f,2000000,0,0,0,6192000,3711000,0,0,0
VEN_0131_2,PERF_0131,dentro_del_mvp,2026-05-31,2026-04-01,2026-05-31,acumulada_61_dias,61,55,92.7273,4000000,665000,0,70000,0,19806000,11989000,763000,2825000,364000,694000,22112305,7041305,4058484,4058484,24471000,-15141000,15141000,15071000,59,0.3184,15220.2186,0.0,1.1746,0.1404,0.0,fragilidad_sostenida,calculado,alta,baja,evidencia_temporal_disponible,balance_negativo,ninguna_relevante_para_el_periodo,La ventana entre 2026-04-01 y 2026-05-31 muestra un balance de -15141000 COP y una cobertura estimada de 1.17 meses. Este resultado describe el periodo y no a la persona.,historia_controlada_recalculada_v2,train,deterioro_reciente,si,roadmap_14_mvp_estructurado_v2.0,fincoach_mvp_estructurado_v2.0,b807da1fa76cf7a14e9d4d8a033363235699019246bc788bb692ff1e7dde1310,4000000,735000,0,0,12256000,7550000,0,364000,0
VEN_0131_3,PERF_0131,dentro_del_mvp,2026-06-30,2026-04-01,2026-06-30,acumulada_91_dias,91,84,91.6667,6000000,665000,0,70000,0,34191000,17865000,1891000,7302000,1351000,876000,22112305,-5343695,4058484,4058484,40856000,-27526000,27526000,27456000,89,0.0,-54270.4017,0.0,0.0,0.0987,0.0,situacion_critica,calculado,alta,baja,evidencia_temporal_disponible,balance_negativo,ninguna_relevante_para_el_periodo,La ventana entre 2026-04-01 y 2026-06-30 muestra un balance de -27526000 COP y una cobertura estimada de 0.00 meses. Este resultado describe el periodo y no a la persona.,historia_controlada_recalculada_v2,train,deterioro_reciente,si,roadmap_14_mvp_estructurado_v2.0,fincoach_mvp_estructurado_v2.0,444fea6e9b96b94c710547b2ce2270961fdebc37985c18b577e16c9838f267c9,6000000,735000,0,0,23102000,11089000,0,1351000,0
VEN_0132_1,PERF_0132,dentro_del_mvp,2026-04-30,2026-04-01,2026-04-30,acumulada_30_dias,30,26,100.0,0,609000,0,40000,0,7192000,4696000,990000,0,634000,276000,1441060,-5101940,17329856,17329856,7801000,-6583000,6583000,6543000,28,0.0,0.0,0.0,0.0,0.9384,0.0,situacion_critica,calculado,alta,baja,evidencia_temporal_disponible,balance_negativo,motivo_de_periodos_sin_ingreso,La ventana entre 2026-04-01 y 2026-04-30 muestra un balance de -6583000 COP y una cobertura estimada de 0.00 meses. Este resultado describe el periodo y no a la persona.,historia_controlada_recalculada_v2,test,fragilidad_sostenida,si,roadmap_14_mvp_estructurado_v2.0,fincoach_mvp_estructurado_v2.0,e44d3599cbb5022d535ee564ef4f713dd93e4131a91179ceaa4ef5cd367cfa7e,0,649000,0,1,3715000,3477000,0,634000,0
VEN_0132_2,PERF_0132,dentro_del_mvp,2026-05-31,2026-04-01,2026-05-31,acumulada_61_dias,61,52,100.0,0,609000,612000,40000,0,16372000,8903000,1920000,3160000,988000,276000,1441060,-13669940,17329856,17941856,16981000,-15763000,15763000,15723000,59,0.0,-38976.5027,0.0,0.0,0.9683,0.0353,situacion_critica,calculado,alta,baja,evidencia_temporal_disponible,balance_negativo,motivo_de_periodos_sin_ingreso,La ventana entre 2026-04-01 y 2026-05-31 muestra un balance de -15763000 COP y una cobertura estimada de 0.00 meses. Este resultado describe el periodo y no a la persona.,historia_controlada_recalculada_v2,test,fragilidad_sostenida,si,roadmap_14_mvp_estructurado_v2.0,fincoach_mvp_estructurado_v2.0,f7614e4184081d0656b2aff778043ca9185a1729a336134f8517c4755459be12,612000,649000,0,2,8985000,7387000,0,988000,612000
VEN_0132_3,PERF_0132,dentro_del_mvp,2026-06-30,2026-04-01,2026-06-30,acumulada_91_dias,91,78,98.7179,0,962000,1224000,40000,0,25552000,13894000,3857000,3779000,988000,276000,1441060,-21884940,17329856,18553856,26514000,-24590000,24590000,23326000,89,0.0,-11809.9442,0.0,0.0,0.982,0.0706,situacion_critica,calculado,alta,baja,evidencia_temporal_disponible,balance_negativo,motivo_de_periodos_sin_ingreso,La ventana entre 2026-04-01 y 2026-06-30 muestra un balance de -24590000 COP y una cobertura estimada de 0.00 meses. Este resultado describe el periodo y no a la persona.,historia_controlada_recalculada_v2,test,fragilidad_sostenida,si,roadmap_14_mvp_estructurado_v2.0,fincoach_mvp_estructurado_v2.0,02c82947878dd020941e00aee2f8c5fcca09baa694d5e2134e23836715828001,1224000,1002000,0,3,15503000,10049000,0,988000,1224000
VEN_0133_1,PERF_0133,dentro_del_mvp,2026-04-30,2026-04-01,2026-04-30,acumulada_30_dias,30,33,100.0,3021000,0,714000,0,0,10710000,4999000,1343000,2170000,648000,384000,1818755,-5156245,10798753,10864753,13731000,-7689000,7689000,6975000,29,0.0,0.0,0.0,0.0,0.1912,0.0061,situacion_critica,calculado,alta,baja,evidencia_temporal_disponible,balance_negativo,ninguna_relevante_para_el_periodo,La ventana entre 2026-04-01 y 2026-04-30 muestra un balance de -7689000 COP y una cobertura estimada de 0.00 meses. Este resultado describe el periodo y no a la persona.,historia_controlada_recalculada_v2,test,situacion_critica,si,roadmap_14_mvp_estructurado_v2.0,fincoach_mvp_estructurado_v2.0,45eb28e8b7a74867eff939254fc3ac2448ca60588a2017e2425562b70af069b8,714000,0,3021000,0,5503000,5207000,648000,0,714000
VEN_0133_2,PERF_0133,dentro_del_mvp,2026-05-31,2026-04-01,2026-05-31,acumulada_61_dias,61,53,100.0,3021000,0,2023000,240000,0,24235000,12616000,3740000,3823000,648000,384000,1818755,-17132245,10798753,12173753,27256000,-21214000,21214000,18951000,60,0.0,-91470.4918,1.0,0.0,0.3829,0.1273,situacion_critica,calculado,alta,baja,evidencia_temporal_disponible,balance_negativo,motivo_de_periodos_sin_ingreso,La ventana entre 2026-04-01 y 2026-05-31 muestra un balance de -21214000 COP y una cobertura estimada de 0.00 meses. Este resultado describe el periodo y no a la persona.,historia_controlada_recalculada_v2,test,situacion_critica,si,roadmap_14_mvp_estructurado_v2.0,fincoach_mvp_estructurado_v2.0,a3d3ebb2fb5c28fc7b727ae1d11cf5e8e743a78c433036ee25685bfb851088a1,2023000,240000,3021000,1,14471000,9764000,648000,0,2023000
VEN_0133_3,PERF_0133,dentro_del_mvp,2026-06-30,2026-04-01,2026-06-30,acumulada_91_dias,91,85,100.0,5697000,0,3332000,240000,0,37760000,23935000,5075000,3823000,648000,384000,1818755,-26672245,10798753,13482753,43457000,-32063000,32063000,29203000,90,0.0,-4570.1675,0.711,0.0,0.3595,0.2485,situacion_critica,calculado,alta,baja,evidencia_temporal_disponible,balance_negativo,motivo_de_periodos_sin_ingreso,La ventana entre 2026-04-01 y 2026-06-30 muestra un balance de -32063000 COP y una cobertura estimada de 0.00 meses. Este resultado describe el periodo y no a la persona.,historia_controlada_recalculada_v2,test,situacion_critica,si,roadmap_14_mvp_estructurado_v2.0,fincoach_mvp_estructurado_v2.0,3acc78306a5b16a50e5f008d48204fe8bcc4ee41c46929baa7afeb07bd1b17ab,3332000,240000,5697000,1,22221000,15539000,648000,0,3332000
VEN_0134_1,PERF_0134,dentro_del_mvp,2026-04-30,2026-04-01,2026-04-30,acumulada_30_dias,30,33,96.9697,4529000,0,0,240000,0,2736000,1351000,678000,332000,0,326000,1931547,3964547,0,0,7265000,1793000,0,1549000,2,0.9863,0.0,0.0,2.9345,0.0,0.0,equilibrio_sostenible,calculado,alta,baja,balance_no_negativo,sin_factor_dominante,ninguna_relevante_para_el_periodo,La ventana entre 2026-04-01 y 2026-04-30 muestra un balance de 1793000 COP y una cobertura estimada de 2.93 meses. Este resultado describe el periodo y no a la persona.,historia_controlada_recalculada_v2,train,acumulacion_estable,si,roadmap_14_mvp_estructurado_v2.0,fincoach_mvp_estructurado_v2.0,e5d2ebf7e18978f988c841d7094fc3ef1d84123ca4d3008aa922aced46645fef,1490000,3279000,0,0,1549000,1187000,0,0,0
VEN_0134_2,PERF_0134,dentro_del_mvp,2026-05-31,2026-04-01,2026-05-31,acumulada_61_dias,61,66,98.4848,9276000,0,0,240000,0,5472000,3005000,1114000,501000,0,392000,1931547,5975547,0,0,14748000,3804000,0,1549000,3,0.9953,2593.9891,0.0235,3.9771,0.0,0.0,acumulacion_estable,calculado,alta,baja,balance_no_negativo,sin_factor_dominante,ninguna_relevante_para_el_periodo,La ventana entre 2026-04-01 y 2026-05-31 muestra un balance de 3804000 COP y una cobertura estimada de 3.98 meses. Este resultado describe el periodo y no a la persona.,historia_controlada_recalculada_v2,train,acumulacion_estable,si,roadmap_14_mvp_estructurado_v2.0,fincoach_mvp_estructurado_v2.0,b3262c1bf7542025efeb5b1e1ab830ca7ed67edd1c699ac4bcd7406aaf995754,1490000,8026000,0,0,2969000,2503000,0,0,0
VEN_0134_3,PERF_0134,dentro_del_mvp,2026-06-30,2026-04-01,2026-06-30,acumulada_91_dias,91,98,98.9796,13823000,0,0,340000,0,8208000,4516000,1404000,886000,0,513000,1931547,7886547,0,0,22031000,5615000,0,1549000,2,0.9927,-657.359,0.0214,5.2391,0.0,0.0,acumulacion_estable,calculado,alta,baja,balance_no_negativo,sin_factor_dominante,ninguna_relevante_para_el_periodo,La ventana entre 2026-04-01 y 2026-06-30 muestra un balance de 5615000 COP y una cobertura estimada de 5.24 meses. Este resultado describe el periodo y no a la persona.,historia_controlada_recalculada_v2,train,acumulacion_estable,si,roadmap_14_mvp_estructurado_v2.0,fincoach_mvp_estructurado_v2.0,69c06ad3027c1c114fa560d2e3c742cf4e16c3bb5a229ece6564a85eafe9188b,4824000,9339000,0,0,4876000,3332000,0,0,0
VEN_0135_1,PERF_0135,dentro_del_mvp,2026-04-30,2026-04-01,2026-04-30,acumulada_30_dias,30,18,94.4444,0,0,0,0,0,2825000,1639000,390000,246000,0,219000,6838931,4013931,0,0,2825000,-2825000,2825000,2825000,29,0.5869,0.0,0.0,2.449,0.0,0.0,uso_planificado_reserva,calculado,alta,baja,evidencia_temporal_disponible,balance_negativo,motivo_de_periodos_sin_ingreso,La ventana entre 2026-04-01 y 2026-04-30 muestra un balance de -2825000 COP y una cobertura estimada de 2.45 meses. Este resultado describe el periodo y no a la persona.,historia_controlada_recalculada_v2,train,equilibrio_sostenible,si,roadmap_14_mvp_estructurado_v2.0,fincoach_mvp_estructurado_v2.0,ae283260709cf014c2984959b1836abad7ae8c2f7b1db20a9b7f806a7823a38f,0,0,0,1,2061000,764000,0,0,0
VEN_0135_2,PERF_0135,dentro_del_mvp,2026-05-31,2026-04-01,2026-05-31,acumulada_61_dias,61,37,97.2973,0,0,0,230000,0,5650000,3523000,936000,246000,0,412000,6838931,1418931,0,0,5650000,-5650000,5650000,5650000,60,0.2075,1543.7158,0.0,0.8055,0.0,0.0,fragilidad_sostenida,calculado,alta,baja,evidencia_temporal_disponible,balance_negativo,motivo_de_periodos_sin_ingreso,La ventana entre 2026-04-01 y 2026-05-31 muestra un balance de -5650000 COP y una cobertura estimada de 0.81 meses. Este resultado describe el periodo y no a la persona.,historia_controlada_recalculada_v2,train,equilibrio_sostenible,si,roadmap_14_mvp_estructurado_v2.0,fincoach_mvp_estructurado_v2.0,14dd671f54929cacc949a5b536e0c6c0311b90a670e3c128e53d2ae4de7f97ef,0,230000,0,2,4020000,1630000,0,0,0
VEN_0135_3,PERF_0135,dentro_del_mvp,2026-06-30,2026-04-01,2026-06-30,acumulada_91_dias,91,55,98.1818,0,0,0,230000,0,8475000,5053000,1234000,726000,0,613000,6838931,-1406069,0,0,8475000,-8475000,8475000,8245000,90,0.0,-508.9173,0.0,0.0,0.0,0.0,situacion_critica,calculado,alta,baja,evidencia_temporal_disponible,balance_negativo,motivo_de_periodos_sin_ingreso,La ventana entre 2026-04-01 y 2026-06-30 muestra un balance de -8475000 COP y una cobertura estimada de 0.00 meses. Este resultado describe el periodo y no a la persona.,historia_controlada_recalculada_v2,train,equilibrio_sostenible,si,roadmap_14_mvp_estructurado_v2.0,fincoach_mvp_estructurado_v2.0,f53a6d33f85214fa65ef384a4727e8e854706ef03f170d297119a6363ec7fbe3,0,230000,0,3,6313000,2162000,0,0,0
VEN_0136_1,PERF_0136,dentro_del_mvp,2026-04-30,2026-04-01,2026-04-30,acumulada_30_dias,30,33,96.9697,3851000,0,1184000,0,0,3786000,2167000,230000,459000,204000,262000,4733757,5982757,9208815,10188815,7637000,65000,0,1918000,19,0.7572,0.0,0.0,2.7608,0.2352,0.1064,equilibrio_sostenible,calculado,alta,baja,balance_no_negativo,sin_factor_dominante,ninguna_relevante_para_el_periodo,La ventana entre 2026-04-01 y 2026-04-30 muestra un balance de 65000 COP y una cobertura estimada de 2.76 meses. Este resultado describe el periodo y no a la persona.,historia_controlada_recalculada_v2,train,variable_resiliente,si,roadmap_14_mvp_estructurado_v2.0,fincoach_mvp_estructurado_v2.0,8417319f9d02104dd84bc63978b28f6164b32afd0bdf4029b4dcd13a13f8ad26,3851000,1184000,0,0,2550000,1236000,204000,0,1184000
VEN_0136_2,PERF_0136,dentro_del_mvp,2026-05-31,2026-04-01,2026-05-31,acumulada_61_dias,61,66,96.9697,9364000,0,1184000,0,0,6432000,3533000,407000,878000,428000,373000,4733757,8849757,9208815,10188815,15796000,2932000,0,2607000,4,0.9559,45898.9071,0.1775,5.0098,0.1122,0.1064,variable_resiliente,calculado,alta,baja,balance_no_negativo,sin_factor_dominante,ninguna_relevante_para_el_periodo,La ventana entre 2026-04-01 y 2026-05-31 muestra un balance de 2932000 COP y una cobertura estimada de 5.01 meses. Este resultado describe el periodo y no a la persona.,historia_controlada_recalculada_v2,train,variable_resiliente,si,roadmap_14_mvp_estructurado_v2.0,fincoach_mvp_estructurado_v2.0,8dc4cc97696c3107637f0ab164982994c218ba75c769caa5d0f4dd3ae378486b,8478000,2070000,0,0,4353000,2079000,204000,224000,1184000
VEN_0136_3,PERF_0136,dentro_del_mvp,2026-06-30,2026-04-01,2026-06-30,acumulada_91_dias,91,99,97.9798,14888000,0,1948000,0,0,9078000,5165000,595000,1220000,517000,514000,4733757,12491757,9208815,10952815,23966000,5810000,0,2607000,4,0.9828,15780.5801,0.1584,7.2556,0.1157,0.1894,variable_resiliente,calculado,alta,baja,balance_no_negativo,sin_factor_dominante,ninguna_relevante_para_el_periodo,La ventana entre 2026-04-01 y 2026-06-30 muestra un balance de 5810000 COP y una cobertura estimada de 7.26 meses. Este resultado describe el periodo y no a la persona.,historia_controlada_recalculada_v2,train,variable_resiliente,si,roadmap_14_mvp_estructurado_v2.0,fincoach_mvp_estructurado_v2.0,35f5234f3b49df74cb8e7c47fae1e4476931ac247a73b409d8f736d60337db2b,14002000,2834000,0,0,5925000,3153000,204000,313000,1948000
VEN_0137_1,PERF_0137,dentro_del_mvp,2026-04-30,2026-04-01,2026-04-30,acumulada_30_dias,30,23,95.6522,500000,0,0,0,0,2356000,1045000,20000,670000,0,235000,10441496,8585496,0,0,2856000,-1856000,1856000,1856000,28,0.8222,0.0,0.0,8.2158,0.0,0.0,uso_planificado_reserva,calculado,alta,baja,evidencia_temporal_disponible,balance_negativo,ninguna_relevante_para_el_periodo,La ventana entre 2026-04-01 y 2026-04-30 muestra un balance de -1856000 COP y una cobertura estimada de 8.22 meses. Este resultado describe el periodo y no a la persona.,historia_controlada_recalculada_v2,train,uso_planificado_reserva,si,roadmap_14_mvp_estructurado_v2.0,fincoach_mvp_estructurado_v2.0,ee760cac37103db35e56debc2405b0b8332dce8d942e1537f64a642760e0d447,500000,0,0,0,1549000,807000,0,0,0
VEN_0137_2,PERF_0137,dentro_del_mvp,2026-05-31,2026-04-01,2026-05-31,acumulada_61_dias,61,47,97.8723,1000000,0,810000,0,0,8552000,5531000,454000,1946000,0,235000,10441496,3699496,0,810000,9552000,-7552000,7552000,7084000,59,0.3543,-61936.612,0.0,1.3377,0.4475,810000.0,deterioro_reciente,calculado,alta,baja,evidencia_temporal_disponible,balance_negativo,ninguna_relevante_para_el_periodo,La ventana entre 2026-04-01 y 2026-05-31 muestra un balance de -7552000 COP y una cobertura estimada de 1.34 meses. Este resultado describe el periodo y no a la persona.,historia_controlada_recalculada_v2,train,uso_planificado_reserva,si,roadmap_14_mvp_estructurado_v2.0,fincoach_mvp_estructurado_v2.0,bc7d8e40b1276f73eeb6af44fb1527641c925c18800b95dd646ed7cabc7fa157,1000000,810000,0,0,5999000,2553000,0,0,810000
VEN_0137_3,PERF_0137,dentro_del_mvp,2026-06-30,2026-04-01,2026-06-30,acumulada_91_dias,91,71,98.5915,1500000,0,810000,0,0,14748000,9407000,1429000,2839000,0,235000,10441496,-1996504,0,810000,16248000,-13248000,13248000,12438000,89,0.0,-21779.1389,0.0,0.0,0.3506,810000.0,situacion_critica,calculado,alta,baja,evidencia_temporal_disponible,balance_negativo,ninguna_relevante_para_el_periodo,La ventana entre 2026-04-01 y 2026-06-30 muestra un balance de -13248000 COP y una cobertura estimada de 0.00 meses. Este resultado describe el periodo y no a la persona.,historia_controlada_recalculada_v2,train,uso_planificado_reserva,si,roadmap_14_mvp_estructurado_v2.0,fincoach_mvp_estructurado_v2.0,2c6f7133a1233ee6c89000409c08d230b8c9eb8043cd31e765499fc2bb165898,1500000,810000,0,0,10472000,4276000,0,0,810000
VEN_0138_1,PERF_0138,dentro_del_mvp,2026-04-30,2026-04-01,2026-04-30,acumulada_30_dias,30,27,96.2963,0,0,0,0,125000,3845000,1986000,661000,816000,230000,0,10917570,7197570,4271533,4041533,3845000,-3845000,3845000,3720000,29,0.6593,0.0,0.0,3.6242,1.0,-0.0538,uso_planificado_reserva,calculado,alta,baja,evidencia_temporal_disponible,balance_negativo,motivo_de_periodos_sin_ingreso,La ventana entre 2026-04-01 y 2026-04-30 muestra un balance de -3845000 COP y una cobertura estimada de 3.62 meses. Este resultado describe el periodo y no a la persona.,historia_controlada_recalculada_v2,train,deterioro_reciente,si,roadmap_14_mvp_estructurado_v2.0,fincoach_mvp_estructurado_v2.0,31654011cdfcf94b73a818c0629fa936efc5b04a75c35180ebda8a7668eb1a56,0,125000,0,1,2644000,1201000,230000,0,0
VEN_0138_2,PERF_0138,dentro_del_mvp,2026-05-31,2026-04-01,2026-05-31,acumulada_61_dias,61,52,96.1538,0,0,0,0,125000,7690000,4193000,957000,1521000,437000,39000,10917570,3352570,4271533,3927533,7690000,-7690000,7690000,7565000,60,0.3071,2101.0929,0.0,1.5991,1.0,-0.0805,fragilidad_sostenida,calculado,alta,baja,evidencia_temporal_disponible,balance_negativo,motivo_de_periodos_sin_ingreso,La ventana entre 2026-04-01 y 2026-05-31 muestra un balance de -7690000 COP y una cobertura estimada de 1.60 meses. Este resultado describe el periodo y no a la persona.,historia_controlada_recalculada_v2,train,deterioro_reciente,si,roadmap_14_mvp_estructurado_v2.0,fincoach_mvp_estructurado_v2.0,7cc5a1d7292ae079c16aff5c91587ae5f7229f77ca8528189814929bb9ad0b29,0,125000,0,2,5744000,1946000,344000,93000,0
VEN_0138_3,PERF_0138,dentro_del_mvp,2026-06-30,2026-04-01,2026-06-30,acumulada_91_dias,91,80,97.5,0,0,0,0,586000,13275000,7285000,1856000,1521000,813000,894000,10917570,-1771430,4271533,3551533,13275000,-13275000,13275000,12689000,90,0.0,-19813.5471,0.0,0.0,1.0,-0.1686,situacion_critica,calculado,alta,baja,evidencia_temporal_disponible,balance_negativo,motivo_de_periodos_sin_ingreso,La ventana entre 2026-04-01 y 2026-06-30 muestra un balance de -13275000 COP y una cobertura estimada de 0.00 meses. Este resultado describe el periodo y no a la persona.,historia_controlada_recalculada_v2,train,deterioro_reciente,si,roadmap_14_mvp_estructurado_v2.0,fincoach_mvp_estructurado_v2.0,43295ceadd87a9b553299ad4ee5d63dbdb9e29ed533ebef18fb9ae567e01d05f,0,586000,0,3,8766000,4509000,720000,93000,0
VEN_0139_1,PERF_0139,dentro_del_mvp,2026-04-30,2026-04-01,2026-04-30,acumulada_30_dias,30,31,96.7742,0,500000,0,0,0,2538000,986000,283000,843000,81000,125000,579032,-1458968,3139317,3058317,3038000,-2038000,2038000,2038000,28,0.0,0.0,0.0,0.0,1.0,-0.0258,situacion_critica,calculado,alta,baja,evidencia_temporal_disponible,balance_negativo,motivo_de_periodos_sin_ingreso,La ventana entre 2026-04-01 y 2026-04-30 muestra un balance de -2038000 COP y una cobertura estimada de 0.00 meses. Este resultado describe el periodo y no a la persona.,historia_controlada_recalculada_v2,train,fragilidad_sostenida,si,roadmap_14_mvp_estructurado_v2.0,fincoach_mvp_estructurado_v2.0,f31f520b1dfa9ddc4f4614e84a82d33770965bce3ca7011cc48e9722c0a5c5ad,500000,0,0,1,2021000,517000,81000,0,0
VEN_0139_2,PERF_0139,dentro_del_mvp,2026-05-31,2026-04-01,2026-05-31,acumulada_61_dias,61,62,96.7742,0,1000000,216000,0,53000,5778000,3147000,341000,1515000,256000,125000,579032,-3929968,3139317,3200317,6778000,-4778000,4778000,4509000,59,0.0,-10394.5355,0.0,0.0,1.0,0.0194,situacion_critica,calculado,alta,baja,evidencia_temporal_disponible,balance_negativo,motivo_de_periodos_sin_ingreso,La ventana entre 2026-04-01 y 2026-05-31 muestra un balance de -4778000 COP y una cobertura estimada de 0.00 meses. Este resultado describe el periodo y no a la persona.,historia_controlada_recalculada_v2,train,fragilidad_sostenida,si,roadmap_14_mvp_estructurado_v2.0,fincoach_mvp_estructurado_v2.0,c642a37f01e8e8d403b0d03c3ce762a6cd4cb377af8481380c35cc72efa4c3af,1216000,53000,0,2,4496000,1282000,155000,101000,216000
VEN_0139_3,PERF_0139,dentro_del_mvp,2026-06-30,2026-04-01,2026-06-30,acumulada_91_dias,91,95,97.8947,0,1500000,432000,0,53000,9018000,4814000,897000,1808000,256000,389000,579032,-6453968,3139317,3416317,10518000,-7518000,7518000,7108000,89,0.0,-4287.5158,0.0,0.0,1.0,0.0882,situacion_critica,calculado,alta,baja,evidencia_temporal_disponible,balance_negativo,motivo_de_periodos_sin_ingreso,La ventana entre 2026-04-01 y 2026-06-30 muestra un balance de -7518000 COP y una cobertura estimada de 0.00 meses. Este resultado describe el periodo y no a la persona.,historia_controlada_recalculada_v2,train,fragilidad_sostenida,si,roadmap_14_mvp_estructurado_v2.0,fincoach_mvp_estructurado_v2.0,92314aefcd2a2b9caabc840dc6fa2ebf4687bcdcd32c1d10389b134afdc3aff4,1932000,53000,0,3,6788000,2230000,155000,101000,432000
VEN_0140_1,PERF_0140,dentro_del_mvp,2026-04-30,2026-04-01,2026-04-30,acumulada_30_dias,30,25,100.0,500000,0,307000,170000,275000,4608000,2458000,323000,1081000,0,0,171200,-3184800,10194475,10501475,5108000,-4108000,4108000,3612000,28,0.0,0.0,0.0,0.0,0.4649,0.0301,situacion_critica,calculado,alta,baja,evidencia_temporal_disponible,balance_negativo,ninguna_relevante_para_el_periodo,La ventana entre 2026-04-01 y 2026-04-30 muestra un balance de -4108000 COP y una cobertura estimada de 0.00 meses. Este resultado describe el periodo y no a la persona.,historia_controlada_recalculada_v2,test,situacion_critica,si,roadmap_14_mvp_estructurado_v2.0,fincoach_mvp_estructurado_v2.0,1f7fb6f101c03f3bb6a0676461af84d4c64729d3985e153262edc2e76f49311e,807000,445000,0,0,3715000,893000,0,0,307000
VEN_0140_2,PERF_0140,dentro_del_mvp,2026-05-31,2026-04-01,2026-05-31,acumulada_61_dias,61,50,98.0,1000000,0,307000,170000,275000,10427000,5288000,989000,2289000,345000,0,171200,-8503800,10194475,10501475,11427000,-9427000,9427000,8675000,59,0.0,-17607.6503,0.0,0.0,0.3322,0.0301,situacion_critica,calculado,alta,baja,evidencia_temporal_disponible,balance_negativo,ninguna_relevante_para_el_periodo,La ventana entre 2026-04-01 y 2026-05-31 muestra un balance de -9427000 COP y una cobertura estimada de 0.00 meses. Este resultado describe el periodo y no a la persona.,historia_controlada_recalculada_v2,test,situacion_critica,si,roadmap_14_mvp_estructurado_v2.0,fincoach_mvp_estructurado_v2.0,c111aee08e80fca4ade413f9d9f7b8432419dcde0a595e38c79adf81d54f4951,1307000,445000,0,0,7965000,2462000,0,345000,307000
VEN_0140_3,PERF_0140,dentro_del_mvp,2026-06-30,2026-04-01,2026-06-30,acumulada_91_dias,91,78,94.8718,1500000,0,870000,280000,275000,16246000,8526000,1310000,3246000,1025000,271000,171200,-13149800,10194475,10649475,17746000,-14746000,14746000,13321000,89,0.0,-7502.9724,0.0,0.0,0.3915,0.0446,situacion_critica,calculado,alta,baja,evidencia_temporal_disponible,balance_negativo,ninguna_relevante_para_el_periodo,La ventana entre 2026-04-01 y 2026-06-30 muestra un balance de -14746000 COP y una cobertura estimada de 0.00 meses. Este resultado describe el periodo y no a la persona.,historia_controlada_recalculada_v2,test,situacion_critica,si,roadmap_14_mvp_estructurado_v2.0,fincoach_mvp_estructurado_v2.0,941b6926fffa0c4e8261f85dc42dc5d1b1b539281de3cd32ff9977d8ba9f5ca9,2370000,555000,0,0,12191000,4055000,415000,610000,870000
VEN_0141_1,PERF_0141,dentro_del_mvp,2026-04-30,2026-04-01,2026-04-30,acumulada_30_dias,30,29,100.0,5112000,0,0,0,0,6825000,3376000,315000,1214000,894000,568000,16591655,14878655,11888568,11888568,11937000,-1713000,1713000,4820000,29,0.8968,0.0,0.0,4.4072,0.0,0.0,uso_planificado_reserva,calculado,alta,baja,evidencia_temporal_disponible,balance_negativo,ninguna_relevante_para_el_periodo,La ventana entre 2026-04-01 y 2026-04-30 muestra un balance de -1713000 COP y una cobertura estimada de 4.41 meses. Este resultado describe el periodo y no a la persona.,historia_controlada_recalculada_v2,train,acumulacion_estable,si,roadmap_14_mvp_estructurado_v2.0,fincoach_mvp_estructurado_v2.0,c1f15d84d83464591df22945e263384bf20567256911d44caff3d4ec0fe79203,5112000,0,0,0,5063000,1762000,0,894000,0
VEN_0141_2,PERF_0141,dentro_del_mvp,2026-05-31,2026-04-01,2026-05-31,acumulada_61_dias,61,61,98.3607,18540000,0,0,110000,0,13650000,7432000,625000,2667000,1526000,733000,16591655,21591655,11888568,11256568,32190000,4890000,0,4820000,10,0.9605,137263.9344,0.4485,5.8105,0.0,-0.0532,variable_resiliente,calculado,alta,baja,balance_no_negativo,sin_factor_dominante,ninguna_relevante_para_el_periodo,La ventana entre 2026-04-01 y 2026-05-31 muestra un balance de 4890000 COP y una cobertura estimada de 5.81 meses. Este resultado describe el periodo y no a la persona.,historia_controlada_recalculada_v2,train,acumulacion_estable,si,roadmap_14_mvp_estructurado_v2.0,fincoach_mvp_estructurado_v2.0,a8f720694d76d214568a1ed884195de311a8518cf7cfd0b17fb9c083fbdbc6f1,18540000,110000,0,0,10926000,2724000,632000,894000,0
VEN_0141_3,PERF_0141,dentro_del_mvp,2026-06-30,2026-04-01,2026-06-30,acumulada_91_dias,91,93,97.8495,31487000,0,0,110000,0,20475000,11261000,1033000,4048000,2260000,733000,16591655,27713655,11888568,10851568,51962000,11012000,0,4820000,0,1.0,40847.0546,0.3632,7.3831,0.0,-0.0872,variable_resiliente,calculado,alta,baja,balance_no_negativo,sin_factor_dominante,ninguna_relevante_para_el_periodo,La ventana entre 2026-04-01 y 2026-06-30 muestra un balance de 11012000 COP y una cobertura estimada de 7.38 meses. Este resultado describe el periodo y no a la persona.,historia_controlada_recalculada_v2,train,acumulacion_estable,si,roadmap_14_mvp_estructurado_v2.0,fincoach_mvp_estructurado_v2.0,0aace0eb2fe540f8e104958c0cb70a93aa3c367f879d9958a1396c8ece0a13cd,31487000,110000,0,0,17162000,3313000,1037000,1223000,0
VEN_0142_1,PERF_0142,dentro_del_mvp,2026-04-30,2026-04-01,2026-04-30,acumulada_30_dias,30,29,96.5517,0,0,0,0,0,6660000,3638000,717000,779000,0,335000,9374467,2714467,0,0,6660000,-6660000,6660000,6660000,29,0.2896,0.0,0.0,0.7461,0.0,0.0,fragilidad_sostenida,calculado,alta,baja,evidencia_temporal_disponible,balance_negativo,motivo_de_periodos_sin_ingreso,La ventana entre 2026-04-01 y 2026-04-30 muestra un balance de -6660000 COP y una cobertura estimada de 0.75 meses. Este resultado describe el periodo y no a la persona.,historia_controlada_recalculada_v2,train,equilibrio_sostenible,si,roadmap_14_mvp_estructurado_v2.0,fincoach_mvp_estructurado_v2.0,a9095c955ffa5080e986217a858c6ff155a04af8d03a91453af6e5db36837cee,0,0,0,1,4732000,1928000,0,0,0
VEN_0142_2,PERF_0142,dentro_del_mvp,2026-05-31,2026-04-01,2026-05-31,acumulada_61_dias,61,57,94.7368,0,0,0,0,0,13320000,7292000,895000,2116000,0,1068000,9374467,-3945533,0,0,13320000,-13320000,13320000,13320000,60,0.0,3639.3443,0.0,0.0,0.0,0.0,situacion_critica,calculado,alta,baja,evidencia_temporal_disponible,balance_negativo,motivo_de_periodos_sin_ingreso,La ventana entre 2026-04-01 y 2026-05-31 muestra un balance de -13320000 COP y una cobertura estimada de 0.00 meses. Este resultado describe el periodo y no a la persona.,historia_controlada_recalculada_v2,train,equilibrio_sostenible,si,roadmap_14_mvp_estructurado_v2.0,fincoach_mvp_estructurado_v2.0,345390dc91ab44f863e00a4022e0543389b5351530c6546e499628173947ad07,0,0,0,2,10192000,3128000,0,0,0
VEN_0142_3,PERF_0142,dentro_del_mvp,2026-06-30,2026-04-01,2026-06-30,acumulada_91_dias,91,85,95.2941,0,0,0,0,0,19980000,11170000,970000,3023000,0,1591000,9374467,-10605533,0,0,19980000,-19980000,19980000,19980000,90,0.0,-1199.7838,0.0,0.0,0.0,0.0,situacion_critica,calculado,alta,baja,evidencia_temporal_disponible,balance_negativo,motivo_de_periodos_sin_ingreso,La ventana entre 2026-04-01 y 2026-06-30 muestra un balance de -19980000 COP y una cobertura estimada de 0.00 meses. Este resultado describe el periodo y no a la persona.,historia_controlada_recalculada_v2,train,equilibrio_sostenible,si,roadmap_14_mvp_estructurado_v2.0,fincoach_mvp_estructurado_v2.0,b7c68b394daa70072e536f541b9e3d345916ce19111ec68ae8d0efc66fd6b24b,0,0,0,3,15423000,4557000,0,0,0
VEN_0143_1,PERF_0143,dentro_del_mvp,2026-04-30,2026-04-01,2026-04-30,acumulada_30_dias,30,32,100.0,5558000,0,0,0,0,5010000,2853000,203000,1363000,228000,121000,14139321,14687321,9766422,9538422,10568000,548000,0,1429000,5,0.9669,0.0,0.0,5.148,0.0,-0.0233,acumulacion_estable,calculado,alta,baja,balance_no_negativo,sin_factor_dominante,ninguna_relevante_para_el_periodo,La ventana entre 2026-04-01 y 2026-04-30 muestra un balance de 548000 COP y una cobertura estimada de 5.15 meses. Este resultado describe el periodo y no a la persona.,historia_controlada_recalculada_v2,validation,variable_resiliente,si,roadmap_14_mvp_estructurado_v2.0,fincoach_mvp_estructurado_v2.0,34f0f5f09c08be1ae6838af108f29d32a2e363fae2497e98c26f87911db59cb8,5558000,0,0,0,4003000,1007000,228000,0,0
VEN_0143_2,PERF_0143,dentro_del_mvp,2026-05-31,2026-04-01,2026-05-31,acumulada_61_dias,61,64,98.4375,10174000,0,0,0,0,11721000,6050000,701000,2908000,541000,437000,14139321,12592321,9766422,9538422,21895000,-1547000,1547000,3847000,36,0.829,-43627.3224,0.0926,4.1628,0.0,-0.0233,uso_planificado_reserva,calculado,alta,baja,evidencia_temporal_disponible,balance_negativo,ninguna_relevante_para_el_periodo,La ventana entre 2026-04-01 y 2026-05-31 muestra un balance de -1547000 COP y una cobertura estimada de 4.16 meses. Este resultado describe el periodo y no a la persona.,historia_controlada_recalculada_v2,validation,variable_resiliente,si,roadmap_14_mvp_estructurado_v2.0,fincoach_mvp_estructurado_v2.0,9b529e4c7518b9bb804a3f90170244b8684febc2c71c287bea503dd439b72f1b,9835000,339000,0,0,8149000,3572000,228000,313000,0
VEN_0143_3,PERF_0143,dentro_del_mvp,2026-06-30,2026-04-01,2026-06-30,acumulada_91_dias,91,95,96.8421,17468000,0,0,0,0,15222000,8254000,1035000,3090000,977000,539000,14139321,16385321,9766422,9217422,32690000,2246000,0,3847000,5,0.9734,50041.9744,0.1905,5.9554,0.0,-0.0562,variable_resiliente,calculado,alta,baja,balance_no_negativo,sin_factor_dominante,ninguna_relevante_para_el_periodo,La ventana entre 2026-04-01 y 2026-06-30 muestra un balance de 2246000 COP y una cobertura estimada de 5.96 meses. Este resultado describe el periodo y no a la persona.,historia_controlada_recalculada_v2,validation,variable_resiliente,si,roadmap_14_mvp_estructurado_v2.0,fincoach_mvp_estructurado_v2.0,07cf35e1a6028c9d1fbdec8b03658fda5d25d7a090733498ee7559c986e80284,17129000,339000,0,0,10573000,4649000,549000,428000,0
VEN_0144_1,PERF_0144,dentro_del_mvp,2026-04-30,2026-04-01,2026-04-30,acumulada_30_dias,30,19,100.0,500000,0,0,0,0,3329000,2079000,0,574000,0,136000,8833944,6004944,0,0,3829000,-2829000,2829000,2829000,29,0.6798,0.0,0.0,2.8884,0.0,0.0,uso_planificado_reserva,calculado,alta,baja,evidencia_temporal_disponible,balance_negativo,ninguna_relevante_para_el_periodo,La ventana entre 2026-04-01 y 2026-04-30 muestra un balance de -2829000 COP y una cobertura estimada de 2.89 meses. Este resultado describe el periodo y no a la persona.,historia_controlada_recalculada_v2,train,uso_planificado_reserva,si,roadmap_14_mvp_estructurado_v2.0,fincoach_mvp_estructurado_v2.0,a63bebe2adcd01f4a951a43e5881a9d4746428069af1d97fe8c313577adae29d,500000,0,0,0,2000000,1329000,0,0,0
VEN_0144_2,PERF_0144,dentro_del_mvp,2026-05-31,2026-04-01,2026-05-31,acumulada_61_dias,61,41,97.561,1000000,0,0,0,0,12083000,7467000,0,1360000,0,873000,8833944,-2249056,0,0,13083000,-11083000,11083000,11083000,60,0.0,-87388.5246,0.0,0.0,0.0,0.0,situacion_critica,calculado,alta,baja,evidencia_temporal_disponible,balance_negativo,ninguna_relevante_para_el_periodo,La ventana entre 2026-04-01 y 2026-05-31 muestra un balance de -11083000 COP y una cobertura estimada de 0.00 meses. Este resultado describe el periodo y no a la persona.,historia_controlada_recalculada_v2,train,uso_planificado_reserva,si,roadmap_14_mvp_estructurado_v2.0,fincoach_mvp_estructurado_v2.0,fe13c9ba31c50c07b18dd282a4f00124cde2859fd361653e534be1b2c14450c2,1000000,0,0,0,7881000,4202000,0,0,0
VEN_0144_3,PERF_0144,dentro_del_mvp,2026-06-30,2026-04-01,2026-06-30,acumulada_91_dias,91,65,98.4615,1500000,0,0,220000,0,20837000,12801000,420000,3719000,0,1255000,8833944,-10283056,0,0,22337000,-19337000,19337000,19117000,90,0.0,-30805.9809,0.0,0.0,0.0,0.0,situacion_critica,calculado,alta,baja,evidencia_temporal_disponible,balance_negativo,ninguna_relevante_para_el_periodo,La ventana entre 2026-04-01 y 2026-06-30 muestra un balance de -19337000 COP y una cobertura estimada de 0.00 meses. Este resultado describe el periodo y no a la persona.,historia_controlada_recalculada_v2,train,uso_planificado_reserva,si,roadmap_14_mvp_estructurado_v2.0,fincoach_mvp_estructurado_v2.0,455b0e3d5e9f5215014dfc884ac581a7bf4c4e1f1c4c944739c6ec8c845d5f1d,1500000,220000,0,0,13747000,7090000,0,0,0
VEN_0145_1,PERF_0145,dentro_del_mvp,2026-04-30,2026-04-01,2026-04-30,acumulada_30_dias,30,26,100.0,0,500000,0,50000,0,1961000,843000,70000,827000,0,113000,1950755,539755,0,0,2461000,-1461000,1461000,1500000,25,0.2646,0.0,0.0,0.6403,0.9091,0.0,fragilidad_sostenida,calculado,alta,baja,evidencia_temporal_disponible,balance_negativo,motivo_de_periodos_sin_ingreso,La ventana entre 2026-04-01 y 2026-04-30 muestra un balance de -1461000 COP y una cobertura estimada de 0.64 meses. Este resultado describe el periodo y no a la persona.,historia_controlada_recalculada_v2,test,deterioro_reciente,si,roadmap_14_mvp_estructurado_v2.0,fincoach_mvp_estructurado_v2.0,61703adbc908ddb103a8185d06b821ca020f189d3f68d58f5cb073c3261dcef8,550000,0,0,1,1500000,461000,0,0,0
VEN_0145_2,PERF_0145,dentro_del_mvp,2026-05-31,2026-04-01,2026-05-31,acumulada_61_dias,61,52,96.1538,0,1000000,0,280000,0,3922000,2192000,248000,1023000,0,164000,1950755,-691245,0,0,4922000,-2922000,2922000,2760000,56,0.0,798.3607,0.0,0.0,0.7812,0.0,situacion_critica,calculado,alta,baja,evidencia_temporal_disponible,balance_negativo,motivo_de_periodos_sin_ingreso,La ventana entre 2026-04-01 y 2026-05-31 muestra un balance de -2922000 COP y una cobertura estimada de 0.00 meses. Este resultado describe el periodo y no a la persona.,historia_controlada_recalculada_v2,test,deterioro_reciente,si,roadmap_14_mvp_estructurado_v2.0,fincoach_mvp_estructurado_v2.0,da452d4a43581ec467727b9ae7fc064978357304ccd6131bcc765dcb8c3a248a,1280000,0,0,2,2652000,1270000,0,0,0
VEN_0145_3,PERF_0145,dentro_del_mvp,2026-06-30,2026-04-01,2026-06-30,acumulada_91_dias,91,77,96.1039,0,1500000,0,280000,0,6771000,4315000,397000,1188000,0,346000,1950755,-3040245,0,0,8271000,-5271000,5271000,5080000,86,0.0,-10021.4376,0.0,0.0,0.8427,0.0,situacion_critica,calculado,alta,baja,evidencia_temporal_disponible,balance_negativo,motivo_de_periodos_sin_ingreso,La ventana entre 2026-04-01 y 2026-06-30 muestra un balance de -5271000 COP y una cobertura estimada de 0.00 meses. Este resultado describe el periodo y no a la persona.,historia_controlada_recalculada_v2,test,deterioro_reciente,si,roadmap_14_mvp_estructurado_v2.0,fincoach_mvp_estructurado_v2.0,0473f60565246164e85bd51243eb94ae129a6fec8858ba58e3a0816ef6deb6d3,1780000,0,0,3,4105000,2666000,0,0,0
VEN_0146_1,PERF_0146,dentro_del_mvp,2026-04-30,2026-04-01,2026-04-30,acumulada_30_dias,30,27,88.8889,910000,0,0,0,0,10323000,5555000,950000,1728000,978000,430000,573765,-8839235,14859858,14381858,11233000,-9413000,9413000,9413000,29,0.0,0.0,0.0,0.0,0.0,-0.0322,situacion_critica,calculado,alta,media,evidencia_temporal_disponible,balance_negativo,ninguna_relevante_para_el_periodo,La ventana entre 2026-04-01 y 2026-04-30 muestra un balance de -9413000 COP y una cobertura estimada de 0.00 meses. Este resultado describe el periodo y no a la persona.,historia_controlada_recalculada_v2,train,fragilidad_sostenida,si,roadmap_14_mvp_estructurado_v2.0,fincoach_mvp_estructurado_v2.0,e819db2b4ae20ebc5bc5425cc984791571f6877edcb96412975b82d1f16d3cfb,910000,0,0,0,6459000,3864000,478000,500000,0
VEN_0146_2,PERF_0146,dentro_del_mvp,2026-05-31,2026-04-01,2026-05-31,acumulada_61_dias,61,56,92.8571,1820000,0,878000,0,0,23499000,11811000,2949000,4374000,1445000,1820000,573765,-20227235,14859858,15259858,25319000,-21679000,21679000,20801000,60,0.0,-41626.776,0.0,0.0,0.3254,0.0269,situacion_critica,calculado,alta,baja,evidencia_temporal_disponible,balance_negativo,ninguna_relevante_para_el_periodo,La ventana entre 2026-04-01 y 2026-05-31 muestra un balance de -21679000 COP y una cobertura estimada de 0.00 meses. Este resultado describe el periodo y no a la persona.,historia_controlada_recalculada_v2,train,fragilidad_sostenida,si,roadmap_14_mvp_estructurado_v2.0,fincoach_mvp_estructurado_v2.0,c9cbb260b08ae573c474af4400c499343b319c4422daafdd0c1b8a033f54a3b5,1820000,878000,0,0,13987000,9512000,478000,967000,878000
VEN_0146_3,PERF_0146,dentro_del_mvp,2026-06-30,2026-04-01,2026-06-30,acumulada_91_dias,91,84,92.8571,2730000,0,878000,0,0,36675000,19947000,4320000,5449000,1782000,2270000,573765,-32493235,14859858,14922858,39405000,-33945000,33945000,33067000,90,0.0,-17628.5354,0.0,0.0,0.2433,0.0042,situacion_critica,calculado,alta,baja,evidencia_temporal_disponible,balance_negativo,ninguna_relevante_para_el_periodo,La ventana entre 2026-04-01 y 2026-06-30 muestra un balance de -33945000 COP y una cobertura estimada de 0.00 meses. Este resultado describe el periodo y no a la persona.,historia_controlada_recalculada_v2,train,fragilidad_sostenida,si,roadmap_14_mvp_estructurado_v2.0,fincoach_mvp_estructurado_v2.0,747ab50f8546b229e7b7d664728898c314594ea9af4cbcbb2f00f2d789d413c7,2730000,878000,0,0,23776000,12899000,815000,967000,878000
VEN_0147_1,PERF_0147,dentro_del_mvp,2026-04-30,2026-04-01,2026-04-30,acumulada_30_dias,30,29,86.2069,0,500000,0,0,0,11358000,5701000,658000,3703000,0,0,2192159,-8665841,12579836,12579836,11858000,-10858000,10858000,10858000,28,0.0,0.0,0.0,0.0,1.0,0.0,situacion_critica,calculado,alta,media,evidencia_temporal_disponible,balance_negativo,motivo_de_periodos_sin_ingreso,La ventana entre 2026-04-01 y 2026-04-30 muestra un balance de -10858000 COP y una cobertura estimada de 0.00 meses. Este resultado describe el periodo y no a la persona.,historia_controlada_recalculada_v2,train,situacion_critica,si,roadmap_14_mvp_estructurado_v2.0,fincoach_mvp_estructurado_v2.0,7f1a355df6640adada9af9b36b21356c0b5159166b8efc168619e1f558162624,500000,0,0,1,9162000,2196000,0,0,0
VEN_0147_2,PERF_0147,dentro_del_mvp,2026-05-31,2026-04-01,2026-05-31,acumulada_61_dias,61,58,93.1034,0,1000000,1388000,90000,0,25701000,14273000,1292000,5115000,691000,1422000,2192159,-21030841,12579836,13276836,26701000,-24701000,24701000,23223000,59,0.0,-43001.0929,0.0,0.0,0.9637,0.0554,situacion_critica,calculado,alta,baja,evidencia_temporal_disponible,balance_negativo,motivo_de_periodos_sin_ingreso,La ventana entre 2026-04-01 y 2026-05-31 muestra un balance de -24701000 COP y una cobertura estimada de 0.00 meses. Este resultado describe el periodo y no a la persona.,historia_controlada_recalculada_v2,train,situacion_critica,si,roadmap_14_mvp_estructurado_v2.0,fincoach_mvp_estructurado_v2.0,c012507bd3cbd55bc485712dda7e37e50d149185894264a993ec3da8abc73758,2388000,90000,0,2,19204000,6497000,691000,0,1388000
VEN_0147_3,PERF_0147,dentro_del_mvp,2026-06-30,2026-04-01,2026-06-30,acumulada_91_dias,91,84,92.8571,0,1500000,2776000,90000,0,40044000,21585000,2099000,7472000,2166000,3113000,2192159,-33485841,12579836,13533836,41544000,-38544000,38544000,35678000,89,0.0,-18626.0133,0.0,0.0,0.9794,0.0758,situacion_critica,calculado,alta,baja,evidencia_temporal_disponible,balance_negativo,motivo_de_periodos_sin_ingreso,La ventana entre 2026-04-01 y 2026-06-30 muestra un balance de -38544000 COP y una cobertura estimada de 0.00 meses. Este resultado describe el periodo y no a la persona.,historia_controlada_recalculada_v2,train,situacion_critica,si,roadmap_14_mvp_estructurado_v2.0,fincoach_mvp_estructurado_v2.0,c5b7c35c885cc45e2551a668e34df520857f0b4c588ac6e745340ba2a26296c5,4276000,90000,0,3,29107000,10937000,1822000,344000,2776000
VEN_0148_1,PERF_0148,dentro_del_mvp,2026-04-30,2026-04-01,2026-04-30,acumulada_30_dias,30,30,93.3333,0,3810000,0,0,0,2455000,1885000,204000,148000,0,0,4319284,5674284,0,0,6265000,1355000,0,1389000,25,0.8033,0.0,0.0,3.0102,1.0,0.0,acumulacion_estable,calculado,alta,baja,balance_no_negativo,sin_factor_dominante,motivo_de_periodos_sin_ingreso,La ventana entre 2026-04-01 y 2026-04-30 muestra un balance de 1355000 COP y una cobertura estimada de 3.01 meses. Este resultado describe el periodo y no a la persona.,historia_controlada_recalculada_v2,train,acumulacion_estable,si,roadmap_14_mvp_estructurado_v2.0,fincoach_mvp_estructurado_v2.0,d4875bac8feeeeda964b17e9c1565e6a8e24085b5d08501ea11b4e96a29ff7c2,3810000,0,0,1,1834000,621000,0,0,0
VEN_0148_2,PERF_0148,dentro_del_mvp,2026-05-31,2026-04-01,2026-05-31,acumulada_61_dias,61,61,95.082,0,7620000,0,0,0,4910000,3073000,452000,609000,0,235000,4319284,7029284,0,0,12530000,2710000,0,2024000,26,0.7764,-740.4372,0.0,4.5749,1.0,0.0,acumulacion_estable,calculado,alta,baja,balance_no_negativo,sin_factor_dominante,motivo_de_periodos_sin_ingreso,La ventana entre 2026-04-01 y 2026-05-31 muestra un balance de 2710000 COP y una cobertura estimada de 4.57 meses. Este resultado describe el periodo y no a la persona.,historia_controlada_recalculada_v2,train,acumulacion_estable,si,roadmap_14_mvp_estructurado_v2.0,fincoach_mvp_estructurado_v2.0,076cd6f1a07019b95dbac5608ec80a1e52f59e9b039cdf36d31dcb704fe3515c,7620000,0,0,2,3524000,1386000,0,0,0
VEN_0148_3,PERF_0148,dentro_del_mvp,2026-06-30,2026-04-01,2026-06-30,acumulada_91_dias,91,90,95.5556,0,11430000,0,0,0,7365000,4355000,753000,1026000,0,443000,4319284,8384284,0,0,18795000,4065000,0,2105000,25,0.8158,244.1002,0.0,5.7756,1.0,0.0,acumulacion_estable,calculado,alta,baja,balance_no_negativo,sin_factor_dominante,motivo_de_periodos_sin_ingreso,La ventana entre 2026-04-01 y 2026-06-30 muestra un balance de 4065000 COP y una cobertura estimada de 5.78 meses. Este resultado describe el periodo y no a la persona.,historia_controlada_recalculada_v2,train,acumulacion_estable,si,roadmap_14_mvp_estructurado_v2.0,fincoach_mvp_estructurado_v2.0,b6dab2a0d860e769fd871bc11f27cdd3e3b28ccaef75c9d3fbd1bbf6ef7d2b31,11430000,0,0,3,5027000,2338000,0,0,0
VEN_0149_1,PERF_0149,dentro_del_mvp,2026-04-30,2026-04-01,2026-04-30,acumulada_30_dias,30,32,96.875,1340000,0,0,0,0,3602000,1958000,454000,445000,189000,333000,7128327,4866327,5182903,5182903,4942000,-2262000,2262000,2558000,25,0.6555,0.0,0.0,2.4854,0.0,0.0,uso_planificado_reserva,calculado,alta,baja,evidencia_temporal_disponible,balance_negativo,ninguna_relevante_para_el_periodo,La ventana entre 2026-04-01 y 2026-04-30 muestra un balance de -2262000 COP y una cobertura estimada de 2.49 meses. Este resultado describe el periodo y no a la persona.,historia_controlada_recalculada_v2,train,equilibrio_sostenible,si,roadmap_14_mvp_estructurado_v2.0,fincoach_mvp_estructurado_v2.0,4faf06947d4b3c70faa43d57a4ec52cf337c797cf1218ddc0162a4099a131f62,1340000,0,0,0,2486000,1116000,0,189000,0
VEN_0149_2,PERF_0149,dentro_del_mvp,2026-05-31,2026-04-01,2026-05-31,acumulada_61_dias,61,62,96.7742,2680000,0,0,0,0,7204000,3264000,755000,1699000,434000,540000,7128327,2604327,5182903,4937903,9884000,-4524000,4524000,4820000,56,0.3508,1236.0656,0.0,1.5958,0.0,-0.0473,fragilidad_sostenida,calculado,alta,baja,evidencia_temporal_disponible,balance_negativo,ninguna_relevante_para_el_periodo,La ventana entre 2026-04-01 y 2026-05-31 muestra un balance de -4524000 COP y una cobertura estimada de 1.60 meses. Este resultado describe el periodo y no a la persona.,historia_controlada_recalculada_v2,train,equilibrio_sostenible,si,roadmap_14_mvp_estructurado_v2.0,fincoach_mvp_estructurado_v2.0,01a8c48e5929ea502dcbcd827309542e8f943a88a889b7528b730e399e56c3be,2680000,0,0,0,5544000,1660000,245000,189000,0
VEN_0149_3,PERF_0149,dentro_del_mvp,2026-06-30,2026-04-01,2026-06-30,acumulada_91_dias,91,93,95.6989,4020000,0,0,0,0,10806000,5013000,1047000,2290000,812000,852000,7128327,342327,5182903,4786903,14826000,-6786000,6786000,7082000,86,0.0461,-407.4941,0.0,0.2049,0.0,-0.0764,fragilidad_sostenida,calculado,alta,baja,evidencia_temporal_disponible,balance_negativo,ninguna_relevante_para_el_periodo,La ventana entre 2026-04-01 y 2026-06-30 muestra un balance de -6786000 COP y una cobertura estimada de 0.20 meses. Este resultado describe el periodo y no a la persona.,historia_controlada_recalculada_v2,train,equilibrio_sostenible,si,roadmap_14_mvp_estructurado_v2.0,fincoach_mvp_estructurado_v2.0,36217d71f5c3dd91ad7fa0fd3c52bd4579138ba23a405956362f5ab109505192,4020000,0,0,0,8663000,2143000,396000,416000,0
VEN_0150_1,PERF_0150,dentro_del_mvp,2026-04-30,2026-04-01,2026-04-30,acumulada_30_dias,30,32,96.875,2658000,0,0,190000,0,3117000,1461000,86000,913000,434000,0,2007940,1738940,7924293,7924293,5775000,-459000,459000,1099000,14,0.6127,0.0,0.0,1.1902,0.0,0.0,uso_planificado_reserva,calculado,alta,baja,evidencia_temporal_disponible,balance_negativo,ninguna_relevante_para_el_periodo,La ventana entre 2026-04-01 y 2026-04-30 muestra un balance de -459000 COP y una cobertura estimada de 1.19 meses. Este resultado describe el periodo y no a la persona.,historia_controlada_recalculada_v2,train,variable_resiliente,si,roadmap_14_mvp_estructurado_v2.0,fincoach_mvp_estructurado_v2.0,d08e6cde2c1e48d6cf2941ed0a4e61286680b487e1f31b0c0912df67d5839abe,2848000,0,0,0,2651000,466000,0,434000,0
VEN_0150_2,PERF_0150,dentro_del_mvp,2026-05-31,2026-04-01,2026-05-31,acumulada_61_dias,61,66,96.9697,5766000,0,0,420000,0,7292000,3231000,659000,1816000,434000,74000,2007940,901940,7924293,7924293,13058000,-1526000,1526000,2428000,45,0.3178,-9716.3934,0.078,0.5583,0.0,0.0,fragilidad_sostenida,calculado,alta,baja,evidencia_temporal_disponible,balance_negativo,ninguna_relevante_para_el_periodo,La ventana entre 2026-04-01 y 2026-05-31 muestra un balance de -1526000 COP y una cobertura estimada de 0.56 meses. Este resultado describe el periodo y no a la persona.,historia_controlada_recalculada_v2,train,variable_resiliente,si,roadmap_14_mvp_estructurado_v2.0,fincoach_mvp_estructurado_v2.0,3fe8f60cbf9c10906439eb529f4f5bdde47d4ed10f74d005d07579184fca9838,6186000,0,0,0,6040000,1252000,0,434000,0
VEN_0150_3,PERF_0150,dentro_del_mvp,2026-06-30,2026-04-01,2026-06-30,acumulada_91_dias,91,100,98.0,8838000,279000,0,420000,0,11467000,5071000,1071000,3002000,728000,336000,2007940,77940,7924293,7924293,20584000,-2350000,2350000,2760000,75,0.0275,-807.7824,0.0693,0.0461,0.0293,0.0,fragilidad_sostenida,calculado,alta,baja,evidencia_temporal_disponible,balance_negativo,ninguna_relevante_para_el_periodo,La ventana entre 2026-04-01 y 2026-06-30 muestra un balance de -2350000 COP y una cobertura estimada de 0.05 meses. Este resultado describe el periodo y no a la persona.,historia_controlada_recalculada_v2,train,variable_resiliente,si,roadmap_14_mvp_estructurado_v2.0,fincoach_mvp_estructurado_v2.0,158b21ec60c218d89d900d49b7750781965f9bab58319b1f8192f77321b34193,9258000,279000,0,0,9247000,2220000,0,728000,0
VEN_0151_1,PERF_0151,dentro_del_mvp,2026-04-30,2026-04-01,2026-04-30,acumulada_30_dias,30,32,96.875,12267000,0,0,0,0,7357000,4324000,1305000,928000,0,433000,21473008,26383008,0,0,19624000,4910000,0,3854000,0,1.0,0.0,0.0,6.1015,0.0,0.0,acumulacion_estable,calculado,alta,baja,balance_no_negativo,sin_factor_dominante,ninguna_relevante_para_el_periodo,La ventana entre 2026-04-01 y 2026-04-30 muestra un balance de 4910000 COP y una cobertura estimada de 6.10 meses. Este resultado describe el periodo y no a la persona.,historia_controlada_recalculada_v2,train,uso_planificado_reserva,si,roadmap_14_mvp_estructurado_v2.0,fincoach_mvp_estructurado_v2.0,e24f6378ac8bba3887575560cb9077698b8ec65ff211ef632b617c96c84ede96,0,0,12267000,0,5203000,2154000,0,0,0
VEN_0151_2,PERF_0151,dentro_del_mvp,2026-05-31,2026-04-01,2026-05-31,acumulada_61_dias,61,56,94.6429,12267000,1100000,0,0,0,26705000,16699000,3530000,4625000,0,433000,21473008,8135008,0,0,40072000,-13338000,13338000,18248000,32,0.3083,-382322.4044,1.0,0.9743,0.0823,0.0,deterioro_reciente,calculado,alta,baja,evidencia_temporal_disponible,balance_negativo,motivo_de_periodos_sin_ingreso,La ventana entre 2026-04-01 y 2026-05-31 muestra un balance de -13338000 COP y una cobertura estimada de 0.97 meses. Este resultado describe el periodo y no a la persona.,historia_controlada_recalculada_v2,train,uso_planificado_reserva,si,roadmap_14_mvp_estructurado_v2.0,fincoach_mvp_estructurado_v2.0,ed2afb1749316f26c0d4eb044f01be4de15bb31b8a616cae2ce570f051504034,0,1100000,12267000,1,17078000,9627000,0,0,0
VEN_0151_3,PERF_0151,dentro_del_mvp,2026-06-30,2026-04-01,2026-06-30,acumulada_91_dias,91,87,95.4023,20332000,1100000,0,80000,0,46053000,26773000,6237000,8763000,0,1111000,21473008,-3067992,0,0,67485000,-24621000,24621000,29979000,62,0.0,-51904.7019,0.751,0.0,0.0511,0.0,situacion_critica,calculado,alta,baja,evidencia_temporal_disponible,balance_negativo,motivo_de_periodos_sin_ingreso,La ventana entre 2026-04-01 y 2026-06-30 muestra un balance de -24621000 COP y una cobertura estimada de 0.00 meses. Este resultado describe el periodo y no a la persona.,historia_controlada_recalculada_v2,train,uso_planificado_reserva,si,roadmap_14_mvp_estructurado_v2.0,fincoach_mvp_estructurado_v2.0,bfd0a249a1d71565fedb6f48eff78f390c18d5324f77e26aaa0a12e4af3c804f,0,1180000,20332000,1,32352000,13701000,0,0,0
VEN_0152_1,PERF_0152,dentro_del_mvp,2026-04-30,2026-04-01,2026-04-30,acumulada_30_dias,30,34,100.0,5333000,242000,0,0,0,5087000,2995000,566000,385000,308000,155000,9999621,10487621,3100170,2930170,10662000,488000,0,2047000,2,0.9258,0.0,0.0,3.5017,0.0434,-0.0548,acumulacion_estable,calculado,alta,baja,balance_no_negativo,sin_factor_dominante,ninguna_relevante_para_el_periodo,La ventana entre 2026-04-01 y 2026-04-30 muestra un balance de 488000 COP y una cobertura estimada de 3.50 meses. Este resultado describe el periodo y no a la persona.,historia_controlada_recalculada_v2,train,deterioro_reciente,si,roadmap_14_mvp_estructurado_v2.0,fincoach_mvp_estructurado_v2.0,de3e95bdeec9b54f3feb4488dfdb8f3dcf67185bf017e2c29d23ffd3e030f5d3,0,242000,5333000,0,3114000,1973000,170000,138000,0
VEN_0152_2,PERF_0152,dentro_del_mvp,2026-05-31,2026-04-01,2026-05-31,acumulada_61_dias,61,62,98.3871,5333000,242000,0,0,0,10174000,6014000,1086000,1051000,308000,870000,9999621,5400621,3100170,2930170,15749000,-4599000,4599000,5928000,33,0.4767,-91660.1093,1.0,1.796,0.0434,-0.0548,deterioro_reciente,calculado,alta,baja,evidencia_temporal_disponible,balance_negativo,motivo_de_periodos_sin_ingreso,La ventana entre 2026-04-01 y 2026-05-31 muestra un balance de -4599000 COP y una cobertura estimada de 1.80 meses. Este resultado describe el periodo y no a la persona.,historia_controlada_recalculada_v2,train,deterioro_reciente,si,roadmap_14_mvp_estructurado_v2.0,fincoach_mvp_estructurado_v2.0,bb3abbefa7cf0fab8c930a6f7ad7e1f768593e5a3750700d2fc52635991274f3,0,242000,5333000,1,6782000,3392000,170000,138000,0
VEN_0152_3,PERF_0152,dentro_del_mvp,2026-06-30,2026-04-01,2026-06-30,acumulada_91_dias,91,95,96.8421,9266000,550000,0,0,0,17564000,10957000,1491000,2280000,842000,975000,9999621,2251621,3100170,2930170,27380000,-7748000,7748000,11251000,63,0.1988,-9749.4145,0.7309,0.6165,0.056,-0.0548,fragilidad_sostenida,calculado,alta,baja,evidencia_temporal_disponible,balance_negativo,motivo_de_periodos_sin_ingreso,La ventana entre 2026-04-01 y 2026-06-30 muestra un balance de -7748000 COP y una cobertura estimada de 0.62 meses. Este resultado describe el periodo y no a la persona.,historia_controlada_recalculada_v2,train,deterioro_reciente,si,roadmap_14_mvp_estructurado_v2.0,fincoach_mvp_estructurado_v2.0,c965d03e1a2320724f80be3d32bb7a491921a646cd23c263c97a55541e4f17d2,0,550000,9266000,1,11282000,6282000,170000,672000,0
VEN_0153_1,PERF_0153,dentro_del_mvp,2026-04-30,2026-04-01,2026-04-30,acumulada_30_dias,30,19,100.0,0,500000,0,0,0,6938000,4175000,253000,1018000,673000,226000,676283,-5761717,11732518,11352518,7438000,-6438000,6438000,6438000,27,0.0,0.0,0.0,0.0,1.0,-0.0324,situacion_critica,calculado,alta,baja,evidencia_temporal_disponible,balance_negativo,motivo_de_periodos_sin_ingreso,La ventana entre 2026-04-01 y 2026-04-30 muestra un balance de -6438000 COP y una cobertura estimada de 0.00 meses. Este resultado describe el periodo y no a la persona.,historia_controlada_recalculada_v2,validation,fragilidad_sostenida,si,roadmap_14_mvp_estructurado_v2.0,fincoach_mvp_estructurado_v2.0,48a0db0488e5938e2d5e8a2348d0c74446162449ee3348f75988a5cbd2dacd0e,500000,0,0,1,4625000,2313000,380000,293000,0
VEN_0153_2,PERF_0153,dentro_del_mvp,2026-05-31,2026-04-01,2026-05-31,acumulada_61_dias,61,40,100.0,0,1000000,590000,130000,0,15794000,10112000,743000,3316000,673000,226000,676283,-13397717,11732518,11942518,16794000,-14794000,14794000,14347000,58,0.0,-27924.5902,0.0,0.0,0.9244,0.0179,situacion_critica,calculado,alta,baja,evidencia_temporal_disponible,balance_negativo,motivo_de_periodos_sin_ingreso,La ventana entre 2026-04-01 y 2026-05-31 muestra un balance de -14794000 COP y una cobertura estimada de 0.00 meses. Este resultado describe el periodo y no a la persona.,historia_controlada_recalculada_v2,validation,fragilidad_sostenida,si,roadmap_14_mvp_estructurado_v2.0,fincoach_mvp_estructurado_v2.0,9e01a73869b9d5f3e9fc098a688b43340b2c5bde6c3cdd3db4bb80a8f1f41c12,1590000,130000,0,2,9538000,6256000,380000,293000,590000
VEN_0153_3,PERF_0153,dentro_del_mvp,2026-06-30,2026-04-01,2026-06-30,acumulada_91_dias,91,60,98.3333,0,1500000,1180000,130000,0,24650000,15897000,1455000,3876000,673000,1353000,676283,-21163717,11732518,12532518,26150000,-23150000,23150000,21840000,88,0.0,-11871.0142,0.0,0.0,0.9537,0.0682,situacion_critica,calculado,alta,baja,evidencia_temporal_disponible,balance_negativo,motivo_de_periodos_sin_ingreso,La ventana entre 2026-04-01 y 2026-06-30 muestra un balance de -23150000 COP y una cobertura estimada de 0.00 meses. Este resultado describe el periodo y no a la persona.,historia_controlada_recalculada_v2,validation,fragilidad_sostenida,si,roadmap_14_mvp_estructurado_v2.0,fincoach_mvp_estructurado_v2.0,02a81d96d2ad7728f280a1a6b4423b11f321213c9ae24f1c25a7f3cfec920871,2680000,130000,0,3,14104000,10546000,380000,293000,1180000
VEN_0154_1,PERF_0154,dentro_del_mvp,2026-04-30,2026-04-01,2026-04-30,acumulada_30_dias,30,32,100.0,5133000,0,994000,140000,0,14904000,6806000,1204000,4079000,818000,569000,1783725,-6853275,33372333,33548333,20037000,-9771000,9771000,10602000,29,0.0,0.0,0.0,0.0,0.1586,0.0053,situacion_critica,calculado,alta,baja,evidencia_temporal_disponible,balance_negativo,ninguna_relevante_para_el_periodo,La ventana entre 2026-04-01 y 2026-04-30 muestra un balance de -9771000 COP y una cobertura estimada de 0.00 meses. Este resultado describe el periodo y no a la persona.,historia_controlada_recalculada_v2,train,situacion_critica,si,roadmap_14_mvp_estructurado_v2.0,fincoach_mvp_estructurado_v2.0,6097581d5090c54f07a679bb1eba5617df3f0333b25b9157d6054f297e04c612,994000,140000,5133000,0,10725000,4179000,818000,0,994000
VEN_0154_2,PERF_0154,dentro_del_mvp,2026-05-31,2026-04-01,2026-05-31,acumulada_61_dias,61,53,100.0,5133000,0,2816000,140000,0,33725000,17508000,3419000,6740000,1972000,1589000,1783725,-23852275,33372333,34216333,38858000,-28592000,28592000,25636000,60,0.0,-143021.3115,1.0,0.0,0.3481,0.0253,situacion_critica,calculado,alta,baja,evidencia_temporal_disponible,balance_negativo,motivo_de_periodos_sin_ingreso,La ventana entre 2026-04-01 y 2026-05-31 muestra un balance de -28592000 COP y una cobertura estimada de 0.00 meses. Este resultado describe el periodo y no a la persona.,historia_controlada_recalculada_v2,train,situacion_critica,si,roadmap_14_mvp_estructurado_v2.0,fincoach_mvp_estructurado_v2.0,af074ec71d4c957b4792e8f395af640d20b30378c8bbd2dd13bd8862bab482e9,2816000,140000,5133000,1,25383000,8342000,1972000,0,2816000
VEN_0154_3,PERF_0154,dentro_del_mvp,2026-06-30,2026-04-01,2026-06-30,acumulada_91_dias,91,85,98.8235,8991000,0,4638000,350000,0,52546000,29478000,4400000,10459000,1972000,1589000,1783725,-36783275,33372333,36038333,61537000,-43555000,43555000,38567000,90,0.0,-9905.0622,0.7281,0.0,0.3318,0.0799,situacion_critica,calculado,alta,baja,evidencia_temporal_disponible,balance_negativo,motivo_de_periodos_sin_ingreso,La ventana entre 2026-04-01 y 2026-06-30 muestra un balance de -43555000 COP y una cobertura estimada de 0.00 meses. Este resultado describe el periodo y no a la persona.,historia_controlada_recalculada_v2,train,situacion_critica,si,roadmap_14_mvp_estructurado_v2.0,fincoach_mvp_estructurado_v2.0,49a947980f35262c0dd4cdfcd9e6ee0e931144aeb89a9630f2b687b0dc366ec4,4638000,350000,8991000,1,38101000,14445000,1972000,0,4638000
VEN_0155_1,PERF_0155,dentro_del_mvp,2026-04-30,2026-04-01,2026-04-30,acumulada_30_dias,30,20,100.0,0,500000,0,0,0,3382000,2269000,99000,856000,0,110000,4555262,1673262,8977181,8977181,3882000,-2882000,2882000,2882000,28,0.3673,0.0,0.0,0.7374,1.0,0.0,fragilidad_sostenida,calculado,alta,baja,evidencia_temporal_disponible,balance_negativo,motivo_de_periodos_sin_ingreso,La ventana entre 2026-04-01 y 2026-04-30 muestra un balance de -2882000 COP y una cobertura estimada de 0.74 meses. Este resultado describe el periodo y no a la persona.,historia_controlada_recalculada_v2,train,acumulacion_estable,si,roadmap_14_mvp_estructurado_v2.0,fincoach_mvp_estructurado_v2.0,bbaed3bc664d7b2b333d26a15b7263e273949be5b1477380f36235752f2b58a1,500000,0,0,1,1960000,1422000,0,0,0
VEN_0155_2,PERF_0155,dentro_del_mvp,2026-05-31,2026-04-01,2026-05-31,acumulada_61_dias,61,40,100.0,0,1000000,0,210000,0,6764000,4959000,99000,1280000,0,110000,4555262,-998738,8977181,8977181,7764000,-5764000,5764000,5554000,59,0.0,1574.8634,0.0,0.0,0.8264,0.0,situacion_critica,calculado,alta,baja,evidencia_temporal_disponible,balance_negativo,motivo_de_periodos_sin_ingreso,La ventana entre 2026-04-01 y 2026-05-31 muestra un balance de -5764000 COP y una cobertura estimada de 0.00 meses. Este resultado describe el periodo y no a la persona.,historia_controlada_recalculada_v2,train,acumulacion_estable,si,roadmap_14_mvp_estructurado_v2.0,fincoach_mvp_estructurado_v2.0,8887bb475c1881319db44f1169f1d6fa9b7d36c6c702b8e7ad8a2241e6fa675e,1000000,210000,0,2,4376000,2388000,0,0,0
VEN_0155_3,PERF_0155,dentro_del_mvp,2026-06-30,2026-04-01,2026-06-30,acumulada_91_dias,91,59,96.6102,0,1500000,0,210000,0,10146000,7347000,432000,1280000,227000,403000,4555262,-3880738,8977181,8977181,11646000,-8646000,8646000,8436000,89,0.0,-519.1857,0.0,0.0,0.8772,0.0,situacion_critica,calculado,alta,baja,evidencia_temporal_disponible,balance_negativo,motivo_de_periodos_sin_ingreso,La ventana entre 2026-04-01 y 2026-06-30 muestra un balance de -8646000 COP y una cobertura estimada de 0.00 meses. Este resultado describe el periodo y no a la persona.,historia_controlada_recalculada_v2,train,acumulacion_estable,si,roadmap_14_mvp_estructurado_v2.0,fincoach_mvp_estructurado_v2.0,6e5df6377e8492a7ac974b49c7f5779f0ab48d0ca71cd2e39968c1d23149878e,1500000,210000,0,3,6828000,3318000,0,227000,0
VEN_0156_1,PERF_0156,dentro_del_mvp,2026-04-30,2026-04-01,2026-04-30,acumulada_30_dias,30,32,100.0,5324000,0,1367000,0,0,4709000,2774000,197000,1212000,410000,0,1750100,3732100,9256613,10394613,10033000,615000,0,1640000,10,0.6947,0.0,0.0,1.3454,0.2043,0.1229,equilibrio_sostenible,calculado,alta,baja,balance_no_negativo,sin_factor_dominante,ninguna_relevante_para_el_periodo,La ventana entre 2026-04-01 y 2026-04-30 muestra un balance de 615000 COP y una cobertura estimada de 1.35 meses. Este resultado describe el periodo y no a la persona.,historia_controlada_recalculada_v2,train,equilibrio_sostenible,si,roadmap_14_mvp_estructurado_v2.0,fincoach_mvp_estructurado_v2.0,6c51724a53106cd2ea6ef1c55cb44b26642cb3d9c0970804a0e4949002d7bf4c,5324000,1367000,0,0,3631000,1078000,229000,181000,1367000
VEN_0156_2,PERF_0156,dentro_del_mvp,2026-05-31,2026-04-01,2026-05-31,acumulada_61_dias,61,64,98.4375,10198000,0,1367000,0,0,9418000,5353000,528000,2306000,822000,0,1750100,3897100,9256613,9982613,19616000,780000,0,1640000,41,0.7254,-7713.1148,0.0441,1.456,0.1182,0.0784,equilibrio_sostenible,calculado,alta,baja,balance_no_negativo,sin_factor_dominante,ninguna_relevante_para_el_periodo,La ventana entre 2026-04-01 y 2026-05-31 muestra un balance de 780000 COP y una cobertura estimada de 1.46 meses. Este resultado describe el periodo y no a la persona.,historia_controlada_recalculada_v2,train,equilibrio_sostenible,si,roadmap_14_mvp_estructurado_v2.0,fincoach_mvp_estructurado_v2.0,30e6224245bc2437e80e617cea08742dcb33fea2a6191b9c1c495ebaf98bd8ea,10198000,1367000,0,0,7385000,2033000,641000,181000,1367000
VEN_0156_3,PERF_0156,dentro_del_mvp,2026-06-30,2026-04-01,2026-06-30,acumulada_91_dias,91,96,98.9583,15366000,0,2117000,0,0,14127000,8085000,745000,3199000,1140000,127000,1750100,5106100,9256613,10732613,29493000,1239000,0,2445000,15,0.95,828.4994,0.0364,1.8947,0.1211,0.1595,equilibrio_sostenible,calculado,alta,baja,balance_no_negativo,sin_factor_dominante,ninguna_relevante_para_el_periodo,La ventana entre 2026-04-01 y 2026-06-30 muestra un balance de 1239000 COP y una cobertura estimada de 1.89 meses. Este resultado describe el periodo y no a la persona.,historia_controlada_recalculada_v2,train,equilibrio_sostenible,si,roadmap_14_mvp_estructurado_v2.0,fincoach_mvp_estructurado_v2.0,1d1c6bab6143b76c40083fc0b13cf11c9c426547abe5f4de2590efb0f783b64a,14397000,3086000,0,0,10997000,3130000,641000,499000,2117000
VEN_0157_1,PERF_0157,dentro_del_mvp,2026-04-30,2026-04-01,2026-04-30,acumulada_30_dias,30,31,93.5484,5049000,0,0,0,0,4786000,3061000,488000,907000,0,0,11548496,11811496,7006001,7006001,9835000,263000,0,2260000,0,1.0,0.0,0.0,3.8587,0.0,0.0,acumulacion_estable,calculado,alta,baja,balance_no_negativo,sin_factor_dominante,ninguna_relevante_para_el_periodo,La ventana entre 2026-04-01 y 2026-04-30 muestra un balance de 263000 COP y una cobertura estimada de 3.86 meses. Este resultado describe el periodo y no a la persona.,historia_controlada_recalculada_v2,train,variable_resiliente,si,roadmap_14_mvp_estructurado_v2.0,fincoach_mvp_estructurado_v2.0,77f1ab9fac47283a3f0cb88bbcd3f4fcd1da07120ab15dc56e62612000aeed59,5049000,0,0,0,2704000,2082000,0,0,0
VEN_0157_2,PERF_0157,dentro_del_mvp,2026-05-31,2026-04-01,2026-05-31,acumulada_61_dias,61,62,95.1613,12772000,0,1567000,0,0,8131000,5516000,642000,1395000,102000,0,11548496,17756496,7006001,8573001,20903000,4641000,0,2260000,0,1.0,67315.3005,0.2094,6.4382,0.1093,0.2237,variable_resiliente,calculado,alta,baja,balance_no_negativo,sin_factor_dominante,ninguna_relevante_para_el_periodo,La ventana entre 2026-04-01 y 2026-05-31 muestra un balance de 4641000 COP y una cobertura estimada de 6.44 meses. Este resultado describe el periodo y no a la persona.,historia_controlada_recalculada_v2,train,variable_resiliente,si,roadmap_14_mvp_estructurado_v2.0,fincoach_mvp_estructurado_v2.0,310d3911aa72231371cf2a593233a95cb507994a375ca122ad95c6c9b7076679,12772000,1567000,0,0,4859000,3272000,0,102000,1567000
VEN_0157_3,PERF_0157,dentro_del_mvp,2026-06-30,2026-04-01,2026-06-30,acumulada_91_dias,91,93,95.6989,16290000,0,1567000,0,0,14542000,8653000,1829000,2490000,363000,0,11548496,14863496,7006001,8573001,30832000,1748000,0,4301000,29,0.8337,-56873.176,0.32,5.1532,0.0878,0.2237,variable_resiliente,calculado,alta,baja,balance_no_negativo,sin_factor_dominante,ninguna_relevante_para_el_periodo,La ventana entre 2026-04-01 y 2026-06-30 muestra un balance de 1748000 COP y una cobertura estimada de 5.15 meses. Este resultado describe el periodo y no a la persona.,historia_controlada_recalculada_v2,train,variable_resiliente,si,roadmap_14_mvp_estructurado_v2.0,fincoach_mvp_estructurado_v2.0,b08205d43d1987a8a4f324d6b7533f3b80284a1b713842bba81e546f6a1af6d2,16290000,1567000,0,0,8748000,5794000,0,363000,1567000
VEN_0158_1,PERF_0158,dentro_del_mvp,2026-04-30,2026-04-01,2026-04-30,acumulada_30_dias,30,31,100.0,0,0,0,0,174000,4545000,2753000,285000,861000,196000,107000,14357617,9986617,12482533,12482533,4545000,-4545000,4545000,4371000,29,0.6956,0.0,0.0,3.6275,1.0,0.0,uso_planificado_reserva,calculado,alta,baja,evidencia_temporal_disponible,balance_negativo,motivo_de_periodos_sin_ingreso,La ventana entre 2026-04-01 y 2026-04-30 muestra un balance de -4545000 COP y una cobertura estimada de 3.63 meses. Este resultado describe el periodo y no a la persona.,historia_controlada_recalculada_v2,train,uso_planificado_reserva,si,roadmap_14_mvp_estructurado_v2.0,fincoach_mvp_estructurado_v2.0,f5e92a9632333deaa4269c1a65f83f0ef8f48ac39d896b17bb69ba51883ddc64,0,174000,0,1,2979000,1566000,0,196000,0
VEN_0158_2,PERF_0158,dentro_del_mvp,2026-05-31,2026-04-01,2026-05-31,acumulada_61_dias,61,62,98.3871,0,0,0,0,174000,16497000,9051000,2046000,1920000,515000,1716000,14357617,-1965383,12482533,12482533,16497000,-16497000,16497000,16323000,60,0.0,-118942.623,0.0,0.0,1.0,0.0,situacion_critica,calculado,alta,baja,evidencia_temporal_disponible,balance_negativo,motivo_de_periodos_sin_ingreso,La ventana entre 2026-04-01 y 2026-05-31 muestra un balance de -16497000 COP y una cobertura estimada de 0.00 meses. Este resultado describe el periodo y no a la persona.,historia_controlada_recalculada_v2,train,uso_planificado_reserva,si,roadmap_14_mvp_estructurado_v2.0,fincoach_mvp_estructurado_v2.0,e2c7e24a652c645e41c9efe691900680b878a23287556402177dbd798936c9f2,0,174000,0,2,11773000,4724000,0,515000,0
VEN_0158_3,PERF_0158,dentro_del_mvp,2026-06-30,2026-04-01,2026-06-30,acumulada_91_dias,91,92,97.8261,0,0,0,0,830000,28449000,15375000,3346000,3209000,1255000,2919000,14357617,-13261383,12482533,12482533,28449000,-28449000,28449000,27619000,90,0.0,-42183.7507,0.0,0.0,1.0,0.0,situacion_critica,calculado,alta,baja,evidencia_temporal_disponible,balance_negativo,motivo_de_periodos_sin_ingreso,La ventana entre 2026-04-01 y 2026-06-30 muestra un balance de -28449000 COP y una cobertura estimada de 0.00 meses. Este resultado describe el periodo y no a la persona.,historia_controlada_recalculada_v2,train,uso_planificado_reserva,si,roadmap_14_mvp_estructurado_v2.0,fincoach_mvp_estructurado_v2.0,0c3c955d102c3d9759ddfb3455135d91384c11181bb4b0782bba5023acf7c6ed,0,830000,0,3,20849000,7600000,0,1255000,0
VEN_0159_1,PERF_0159,dentro_del_mvp,2026-04-30,2026-04-01,2026-04-30,acumulada_30_dias,30,30,90.0,1300000,0,0,0,0,4243000,2309000,709000,790000,0,0,5488610,2545610,0,0,5543000,-2943000,2943000,2963000,25,0.4621,0.0,0.0,1.1025,0.0,0.0,uso_planificado_reserva,calculado,alta,baja,evidencia_temporal_disponible,balance_negativo,ninguna_relevante_para_el_periodo,La ventana entre 2026-04-01 y 2026-04-30 muestra un balance de -2943000 COP y una cobertura estimada de 1.10 meses. Este resultado describe el periodo y no a la persona.,historia_controlada_recalculada_v2,train,deterioro_reciente,si,roadmap_14_mvp_estructurado_v2.0,fincoach_mvp_estructurado_v2.0,f57fd8c4a0d5bf91fe369113808c20b59c4ebcc44b4b50d8e1523c9f441af9a6,1300000,0,0,0,2921000,1322000,0,0,0
VEN_0159_2,PERF_0159,dentro_del_mvp,2026-05-31,2026-04-01,2026-05-31,acumulada_61_dias,61,59,93.2203,2600000,0,0,0,463000,8486000,4656000,867000,2274000,0,105000,5488610,65610,0,0,11086000,-5886000,5886000,5443000,56,0.0119,1608.1967,0.0,0.0282,0.1512,0.0,fragilidad_sostenida,calculado,alta,baja,evidencia_temporal_disponible,balance_negativo,ninguna_relevante_para_el_periodo,La ventana entre 2026-04-01 y 2026-05-31 muestra un balance de -5886000 COP y una cobertura estimada de 0.03 meses. Este resultado describe el periodo y no a la persona.,historia_controlada_recalculada_v2,train,deterioro_reciente,si,roadmap_14_mvp_estructurado_v2.0,fincoach_mvp_estructurado_v2.0,8f103975c67e3aa5e2e85d32db3eda6120f6783ddaa6de328e724662c47d5884,2600000,463000,0,0,5041000,3445000,0,0,0
VEN_0159_3,PERF_0159,dentro_del_mvp,2026-06-30,2026-04-01,2026-06-30,acumulada_91_dias,91,89,95.5056,3900000,0,0,0,463000,14649000,8516000,1536000,3018000,0,649000,5488610,-4797390,0,0,18549000,-10749000,10749000,10306000,86,0.0,-21629.0758,0.0,0.0,0.1061,0.0,situacion_critica,calculado,alta,baja,evidencia_temporal_disponible,balance_negativo,ninguna_relevante_para_el_periodo,La ventana entre 2026-04-01 y 2026-06-30 muestra un balance de -10749000 COP y una cobertura estimada de 0.00 meses. Este resultado describe el periodo y no a la persona.,historia_controlada_recalculada_v2,train,deterioro_reciente,si,roadmap_14_mvp_estructurado_v2.0,fincoach_mvp_estructurado_v2.0,eb1fe6223c295ab300abe386f1c7d1f0e3d45efb875fd27818afd085a51c1e0f,3900000,463000,0,0,8431000,6218000,0,0,0
VEN_0160_1,PERF_0160,dentro_del_mvp,2026-04-30,2026-04-01,2026-04-30,acumulada_30_dias,30,32,96.875,3093000,0,0,120000,373000,5359000,3128000,699000,677000,123000,138000,891846,-881154,15223895,15223895,8452000,-2266000,2266000,1773000,26,0.0,0.0,0.0,0.0,0.104,0.0,situacion_critica,calculado,alta,baja,evidencia_temporal_disponible,balance_negativo,ninguna_relevante_para_el_periodo,La ventana entre 2026-04-01 y 2026-04-30 muestra un balance de -2266000 COP y una cobertura estimada de 0.00 meses. Este resultado describe el periodo y no a la persona.,historia_controlada_recalculada_v2,test,fragilidad_sostenida,si,roadmap_14_mvp_estructurado_v2.0,fincoach_mvp_estructurado_v2.0,8fc57c47a27fe7068d5df68f4d9ed6323a4921727921d65d2def7c5e86e3270b,3093000,493000,0,0,3173000,2186000,0,123000,0
VEN_0160_2,PERF_0160,dentro_del_mvp,2026-05-31,2026-04-01,2026-05-31,acumulada_61_dias,61,64,98.4375,5568000,0,0,120000,373000,12199000,7631000,1107000,1208000,936000,370000,891846,-5246154,15223895,14845895,17767000,-6631000,6631000,6376000,57,0.0,-33171.5847,0.111,0.0,0.0615,-0.0248,situacion_critica,calculado,alta,baja,evidencia_temporal_disponible,balance_negativo,ninguna_relevante_para_el_periodo,La ventana entre 2026-04-01 y 2026-05-31 muestra un balance de -6631000 COP y una cobertura estimada de 0.00 meses. Este resultado describe el periodo y no a la persona.,historia_controlada_recalculada_v2,test,fragilidad_sostenida,si,roadmap_14_mvp_estructurado_v2.0,fincoach_mvp_estructurado_v2.0,08e60c7ba8ae3e318d1dad906c5617d211293d1675d85945ab9ac701c4567c36,5568000,493000,0,0,8524000,3675000,378000,558000,0
VEN_0160_3,PERF_0160,dentro_del_mvp,2026-06-30,2026-04-01,2026-06-30,acumulada_91_dias,91,96,97.9167,7936000,0,456000,390000,373000,19039000,12142000,1678000,2135000,1206000,370000,891846,-8992154,15223895,15301895,26975000,-11103000,11103000,10477000,87,0.0,-13306.071,0.1208,0.0,0.0906,0.0051,situacion_critica,calculado,alta,baja,evidencia_temporal_disponible,balance_negativo,ninguna_relevante_para_el_periodo,La ventana entre 2026-04-01 y 2026-06-30 muestra un balance de -11103000 COP y una cobertura estimada de 0.00 meses. Este resultado describe el periodo y no a la persona.,historia_controlada_recalculada_v2,test,fragilidad_sostenida,si,roadmap_14_mvp_estructurado_v2.0,fincoach_mvp_estructurado_v2.0,1e1e4d6d04600f1cddc8e76ec269012c404d72322ba18432eba380f9fa61ed87,7775000,1380000,0,0,13638000,5401000,378000,828000,456000
VEN_0161_1,PERF_0161,dentro_del_mvp,2026-04-30,2026-04-01,2026-04-30,acumulada_30_dias,30,31,100.0,580000,0,0,220000,0,9504000,4511000,553000,2015000,1030000,0,1696174,-7007826,8827064,8513064,10084000,-8924000,8924000,8704000,28,0.0,0.0,0.0,0.0,0.0,-0.0356,situacion_critica,calculado,alta,baja,evidencia_temporal_disponible,balance_negativo,ninguna_relevante_para_el_periodo,La ventana entre 2026-04-01 y 2026-04-30 muestra un balance de -8924000 COP y una cobertura estimada de 0.00 meses. Este resultado describe el periodo y no a la persona.,historia_controlada_recalculada_v2,train,situacion_critica,si,roadmap_14_mvp_estructurado_v2.0,fincoach_mvp_estructurado_v2.0,4a187893091155561e783250b643a592292077c4df3e52c1c731d1f2056dbc30,800000,0,0,0,6752000,2752000,314000,716000,0
VEN_0161_2,PERF_0161,dentro_del_mvp,2026-05-31,2026-04-01,2026-05-31,acumulada_61_dias,61,59,100.0,1160000,0,1162000,300000,0,21506000,12567000,992000,3832000,1030000,644000,1696174,-17187826,8827064,9675064,22666000,-20346000,20346000,18884000,59,0.0,-36074.3169,0.0,0.0,0.4432,0.0961,situacion_critica,calculado,alta,baja,evidencia_temporal_disponible,balance_negativo,ninguna_relevante_para_el_periodo,La ventana entre 2026-04-01 y 2026-05-31 muestra un balance de -20346000 COP y una cobertura estimada de 0.00 meses. Este resultado describe el periodo y no a la persona.,historia_controlada_recalculada_v2,train,situacion_critica,si,roadmap_14_mvp_estructurado_v2.0,fincoach_mvp_estructurado_v2.0,11f25f6004ba1a9625860a3d9034e85155d5cc5619caeed8f94393f62bc19404,2622000,0,0,0,14922000,6584000,314000,716000,1162000
VEN_0161_3,PERF_0161,dentro_del_mvp,2026-06-30,2026-04-01,2026-06-30,acumulada_91_dias,91,90,98.8889,1740000,0,2324000,300000,0,33508000,20406000,2418000,3832000,2272000,1339000,1696174,-27447826,8827064,9595064,35248000,-31768000,31768000,29144000,89,0.0,-15557.9175,0.0,0.0,0.5325,0.087,situacion_critica,calculado,alta,baja,evidencia_temporal_disponible,balance_negativo,ninguna_relevante_para_el_periodo,La ventana entre 2026-04-01 y 2026-06-30 muestra un balance de -31768000 COP y una cobertura estimada de 0.00 meses. Este resultado describe el periodo y no a la persona.,historia_controlada_recalculada_v2,train,situacion_critica,si,roadmap_14_mvp_estructurado_v2.0,fincoach_mvp_estructurado_v2.0,5d424cd0ea2dcfa22eccb491e513e73409c0589fb841f188252bec9f30151b55,4364000,0,0,0,24486000,9022000,1556000,716000,2324000
VEN_0162_1,PERF_0162,dentro_del_mvp,2026-04-30,2026-04-01,2026-04-30,acumulada_30_dias,30,23,95.6522,0,0,0,0,0,3580000,2100000,408000,430000,156000,109000,3343337,-236663,8798054,8642054,3580000,-3580000,3580000,3580000,28,0.0,0.0,0.0,0.0,0.0,-0.0177,situacion_critica,calculado,alta,baja,evidencia_temporal_disponible,balance_negativo,motivo_de_periodos_sin_ingreso,La ventana entre 2026-04-01 y 2026-04-30 muestra un balance de -3580000 COP y una cobertura estimada de 0.00 meses. Este resultado describe el periodo y no a la persona.,historia_controlada_recalculada_v2,validation,acumulacion_estable,si,roadmap_14_mvp_estructurado_v2.0,fincoach_mvp_estructurado_v2.0,656ea08f9af1e04025d7eb0d36e297163edd2d94d51fe5889c9a39c55025e2d3,0,0,0,1,2971000,609000,156000,0,0
VEN_0162_2,PERF_0162,dentro_del_mvp,2026-05-31,2026-04-01,2026-05-31,acumulada_61_dias,61,50,98.0,0,0,0,0,0,7160000,4406000,733000,430000,406000,109000,3343337,-3816663,8798054,8392054,7160000,-7160000,7160000,7160000,59,0.0,1956.2842,0.0,0.0,0.0,-0.0461,situacion_critica,calculado,alta,baja,evidencia_temporal_disponible,balance_negativo,motivo_de_periodos_sin_ingreso,La ventana entre 2026-04-01 y 2026-05-31 muestra un balance de -7160000 COP y una cobertura estimada de 0.00 meses. Este resultado describe el periodo y no a la persona.,historia_controlada_recalculada_v2,validation,acumulacion_estable,si,roadmap_14_mvp_estructurado_v2.0,fincoach_mvp_estructurado_v2.0,b0907617b01bdd5e4165ec3cda6810e68566bb6f741972a34fd00e8eaec1b30c,0,0,0,2,5426000,1734000,406000,0,0
VEN_0162_3,PERF_0162,dentro_del_mvp,2026-06-30,2026-04-01,2026-06-30,acumulada_91_dias,91,73,98.6301,0,0,0,0,0,10740000,6672000,847000,1107000,562000,109000,3343337,-7396663,8798054,8392054,10740000,-10740000,10740000,10740000,89,0.0,-644.9288,0.0,0.0,0.0,-0.0461,situacion_critica,calculado,alta,baja,evidencia_temporal_disponible,balance_negativo,motivo_de_periodos_sin_ingreso,La ventana entre 2026-04-01 y 2026-06-30 muestra un balance de -10740000 COP y una cobertura estimada de 0.00 meses. Este resultado describe el periodo y no a la persona.,historia_controlada_recalculada_v2,validation,acumulacion_estable,si,roadmap_14_mvp_estructurado_v2.0,fincoach_mvp_estructurado_v2.0,21f4698a63e92bffb516fb0ed773c02af3f26380db0e4439b278902425e5c7b1,0,0,0,3,7498000,3242000,406000,156000,0
VEN_0163_1,PERF_0163,dentro_del_mvp,2026-04-30,2026-04-01,2026-04-30,acumulada_30_dias,30,31,96.7742,3840000,0,0,0,0,3466000,1658000,206000,753000,285000,207000,1014829,1388829,809471,809471,7306000,374000,0,1197000,5,0.7847,0.0,0.0,0.8377,0.0,0.0,equilibrio_sostenible,calculado,alta,baja,balance_no_negativo,sin_factor_dominante,ninguna_relevante_para_el_periodo,La ventana entre 2026-04-01 y 2026-04-30 muestra un balance de 374000 COP y una cobertura estimada de 0.84 meses. Este resultado describe el periodo y no a la persona.,historia_controlada_recalculada_v2,test,equilibrio_sostenible,si,roadmap_14_mvp_estructurado_v2.0,fincoach_mvp_estructurado_v2.0,cef47350fc41b85a64947d3c29ac32055d51df524065f95fb15af8299cf1d396,3840000,0,0,0,2189000,1277000,0,285000,0
VEN_0163_2,PERF_0163,dentro_del_mvp,2026-05-31,2026-04-01,2026-05-31,acumulada_61_dias,61,61,96.7213,7833000,0,0,0,0,6932000,4050000,679000,928000,451000,410000,1014829,1915829,809471,643471,14765000,901000,0,1325000,5,0.801,2303.8251,0.0195,0.9461,0.0,-0.2051,equilibrio_sostenible,calculado,alta,baja,balance_no_negativo,sin_factor_dominante,ninguna_relevante_para_el_periodo,La ventana entre 2026-04-01 y 2026-05-31 muestra un balance de 901000 COP y una cobertura estimada de 0.95 meses. Este resultado describe el periodo y no a la persona.,historia_controlada_recalculada_v2,test,equilibrio_sostenible,si,roadmap_14_mvp_estructurado_v2.0,fincoach_mvp_estructurado_v2.0,1566848f155de14327f547cb9c8e8dd850308a05f717f1d98fcae3990e1adf03,7660000,173000,0,0,4253000,2679000,166000,285000,0
VEN_0163_3,PERF_0163,dentro_del_mvp,2026-06-30,2026-04-01,2026-06-30,acumulada_91_dias,91,91,97.8022,11368000,0,0,0,0,10398000,6032000,998000,1674000,451000,588000,1014829,1984829,809471,643471,21766000,970000,0,1586000,35,0.8298,-4111.1511,0.0502,0.9871,0.0,-0.2051,equilibrio_sostenible,calculado,alta,baja,balance_no_negativo,sin_factor_dominante,ninguna_relevante_para_el_periodo,La ventana entre 2026-04-01 y 2026-06-30 muestra un balance de 970000 COP y una cobertura estimada de 0.99 meses. Este resultado describe el periodo y no a la persona.,historia_controlada_recalculada_v2,test,equilibrio_sostenible,si,roadmap_14_mvp_estructurado_v2.0,fincoach_mvp_estructurado_v2.0,d8a73028e28f2ca6b456a4c68d5083aa59695db701b3ef0e36d04ba2c3bc9106,11195000,173000,0,0,6075000,4323000,166000,285000,0
VEN_0164_1,PERF_0164,dentro_del_mvp,2026-04-30,2026-04-01,2026-04-30,acumulada_30_dias,30,33,100.0,9137000,0,0,250000,0,7350000,4407000,558000,750000,616000,576000,2012502,4049502,3897117,3281117,16487000,1787000,0,3840000,16,0.64,0.0,0.0,0.9189,0.0,-0.1581,equilibrio_sostenible,calculado,alta,baja,balance_no_negativo,sin_factor_dominante,ninguna_relevante_para_el_periodo,La ventana entre 2026-04-01 y 2026-04-30 muestra un balance de 1787000 COP y una cobertura estimada de 0.92 meses. Este resultado describe el periodo y no a la persona.,historia_controlada_recalculada_v2,test,variable_resiliente,si,roadmap_14_mvp_estructurado_v2.0,fincoach_mvp_estructurado_v2.0,a8be4b1612e737cb0f413d3e6d5c2184e71c4d230fe0cc73944194c82ff0d159,8413000,974000,0,0,5376000,1974000,616000,0,0
VEN_0164_2,PERF_0164,dentro_del_mvp,2026-05-31,2026-04-01,2026-05-31,acumulada_61_dias,61,66,96.9697,14968000,0,0,250000,0,17195000,10762000,1207000,750000,1812000,818000,2012502,35502,3897117,2963117,32163000,-2227000,2227000,8170000,47,0.0056,-96074.8634,0.2209,0.0066,0.0,-0.2397,fragilidad_sostenida,calculado,alta,baja,evidencia_temporal_disponible,balance_negativo,ninguna_relevante_para_el_periodo,La ventana entre 2026-04-01 y 2026-05-31 muestra un balance de -2227000 COP y una cobertura estimada de 0.01 meses. Este resultado describe el periodo y no a la persona.,historia_controlada_recalculada_v2,test,variable_resiliente,si,roadmap_14_mvp_estructurado_v2.0,fincoach_mvp_estructurado_v2.0,58a31f5604bc872eb27a07b3d6a62b692e0ee19101f2a5bcb9c223c7ba3c9e00,14244000,974000,0,0,12474000,4721000,934000,878000,0
VEN_0164_3,PERF_0164,dentro_del_mvp,2026-06-30,2026-04-01,2026-06-30,acumulada_91_dias,91,98,96.9388,22125000,0,0,250000,0,27040000,17109000,2026000,1786000,2311000,1191000,2012502,-2652498,3897117,2963117,49165000,-4915000,4915000,9171000,77,0.0,-17502.7923,0.1842,0.0,0.0,-0.2397,situacion_critica,calculado,alta,baja,evidencia_temporal_disponible,balance_negativo,ninguna_relevante_para_el_periodo,La ventana entre 2026-04-01 y 2026-06-30 muestra un balance de -4915000 COP y una cobertura estimada de 0.00 meses. Este resultado describe el periodo y no a la persona.,historia_controlada_recalculada_v2,test,variable_resiliente,si,roadmap_14_mvp_estructurado_v2.0,fincoach_mvp_estructurado_v2.0,2be0140044f642f3fbe9c0ed1a23a199149cb3693e38571f1cf4d14a7dbe5114,19048000,3327000,0,0,19574000,7466000,934000,1377000,0
VEN_0165_1,PERF_0165,dentro_del_mvp,2026-04-30,2026-04-01,2026-04-30,acumulada_30_dias,30,33,93.9394,4841000,0,0,0,0,2918000,1430000,236000,904000,106000,0,15088421,17011421,9565093,9459093,7759000,1923000,0,917000,8,0.9685,0.0,0.0,11.8961,0.0,-0.0111,acumulacion_estable,calculado,alta,baja,balance_no_negativo,sin_factor_dominante,ninguna_relevante_para_el_periodo,La ventana entre 2026-04-01 y 2026-04-30 muestra un balance de 1923000 COP y una cobertura estimada de 11.90 meses. Este resultado describe el periodo y no a la persona.,historia_controlada_recalculada_v2,train,uso_planificado_reserva,si,roadmap_14_mvp_estructurado_v2.0,fincoach_mvp_estructurado_v2.0,b068c9088dd9c4bd3eeeaf6d46c78670c3c7ec9430642bdd95ef75cfcc4ad9bc,4841000,0,0,0,2536000,382000,106000,0,0
VEN_0165_2,PERF_0165,dentro_del_mvp,2026-05-31,2026-04-01,2026-05-31,acumulada_61_dias,61,66,93.9394,8077000,0,0,0,0,10593000,5870000,826000,1517000,769000,123000,15088421,12572421,9565093,9141093,18670000,-2516000,2516000,4993000,39,0.7157,-105345.9016,0.1987,4.2836,0.0,-0.0443,deterioro_reciente,calculado,alta,baja,evidencia_temporal_disponible,balance_negativo,ninguna_relevante_para_el_periodo,La ventana entre 2026-04-01 y 2026-05-31 muestra un balance de -2516000 COP y una cobertura estimada de 4.28 meses. Este resultado describe el periodo y no a la persona.,historia_controlada_recalculada_v2,train,uso_planificado_reserva,si,roadmap_14_mvp_estructurado_v2.0,fincoach_mvp_estructurado_v2.0,3bd94206ef75a90cbda2f6ef5f99b8279168f4c9b04d0aefbb3e2924982668ca,7838000,239000,0,0,8207000,2386000,424000,345000,0
VEN_0165_3,PERF_0165,dentro_del_mvp,2026-06-30,2026-04-01,2026-06-30,acumulada_91_dias,91,99,94.9495,11084000,0,0,0,0,18268000,10884000,1703000,2600000,1076000,123000,15088421,7904421,9565093,9141093,29352000,-7184000,7184000,9661000,69,0.45,-37699.1533,0.2208,2.1787,0.0,-0.0443,uso_planificado_reserva,calculado,alta,baja,evidencia_temporal_disponible,balance_negativo,ninguna_relevante_para_el_periodo,La ventana entre 2026-04-01 y 2026-06-30 muestra un balance de -7184000 COP y una cobertura estimada de 2.18 meses. Este resultado describe el periodo y no a la persona.,historia_controlada_recalculada_v2,train,uso_planificado_reserva,si,roadmap_14_mvp_estructurado_v2.0,fincoach_mvp_estructurado_v2.0,4b41f43f0fb1e6293ec73316504d0a8b010d8bbca816e2587935efd1cdb491a3,10845000,239000,0,0,14379000,3889000,424000,652000,0
VEN_0166_1,PERF_0166,dentro_del_mvp,2026-04-30,2026-04-01,2026-04-30,acumulada_30_dias,30,33,96.9697,6046000,0,0,0,0,5165000,3020000,317000,1223000,0,61000,3229547,4110547,0,0,11211000,881000,0,2599000,7,0.8441,0.0,0.0,1.3611,0.0,0.0,equilibrio_sostenible,calculado,alta,baja,balance_no_negativo,sin_factor_dominante,ninguna_relevante_para_el_periodo,La ventana entre 2026-04-01 y 2026-04-30 muestra un balance de 881000 COP y una cobertura estimada de 1.36 meses. Este resultado describe el periodo y no a la persona.,historia_controlada_recalculada_v2,train,deterioro_reciente,si,roadmap_14_mvp_estructurado_v2.0,fincoach_mvp_estructurado_v2.0,5372069f0246febb7fc1f2122ef1458623b819b8a189c7fc65df45983f987550,0,0,6046000,0,3473000,1692000,0,0,0
VEN_0166_2,PERF_0166,dentro_del_mvp,2026-05-31,2026-04-01,2026-05-31,acumulada_61_dias,61,61,96.7213,6046000,0,0,0,0,10330000,6050000,1034000,2095000,0,372000,3229547,-1054453,0,0,16376000,-4284000,4284000,5924000,38,0.0,-99596.1749,1.0,0.0,0.0,0.0,situacion_critica,calculado,alta,baja,evidencia_temporal_disponible,balance_negativo,motivo_de_periodos_sin_ingreso,La ventana entre 2026-04-01 y 2026-05-31 muestra un balance de -4284000 COP y una cobertura estimada de 0.00 meses. Este resultado describe el periodo y no a la persona.,historia_controlada_recalculada_v2,train,deterioro_reciente,si,roadmap_14_mvp_estructurado_v2.0,fincoach_mvp_estructurado_v2.0,9db741369124df99a3b63097af6349a4f2d2b9f3998d7ae500522ce5e249c8ee,0,0,6046000,1,6600000,3730000,0,0,0
VEN_0166_3,PERF_0166,dentro_del_mvp,2026-06-30,2026-04-01,2026-06-30,acumulada_91_dias,91,94,97.8723,10432000,0,0,110000,0,17833000,10401000,2286000,2758000,0,1008000,3229547,-4061453,0,0,28265000,-7401000,7401000,8931000,68,0.0,-11100.1621,0.7335,0.0,0.0,0.0,situacion_critica,calculado,alta,baja,evidencia_temporal_disponible,balance_negativo,motivo_de_periodos_sin_ingreso,La ventana entre 2026-04-01 y 2026-06-30 muestra un balance de -7401000 COP y una cobertura estimada de 0.00 meses. Este resultado describe el periodo y no a la persona.,historia_controlada_recalculada_v2,train,deterioro_reciente,si,roadmap_14_mvp_estructurado_v2.0,fincoach_mvp_estructurado_v2.0,928687ed26587de3552552aed66a16460aea3f1678c5f0e19a567c26f54b1264,0,110000,10432000,1,11784000,6049000,0,0,0
VEN_0167_1,PERF_0167,dentro_del_mvp,2026-04-30,2026-04-01,2026-04-30,acumulada_30_dias,30,33,96.9697,2541000,0,0,0,0,4273000,2282000,402000,373000,432000,131000,807223,-924777,11976320,11976320,6814000,-1732000,1732000,1732000,29,0.0,0.0,0.0,0.0,0.0,0.0,situacion_critica,calculado,alta,baja,evidencia_temporal_disponible,balance_negativo,ninguna_relevante_para_el_periodo,La ventana entre 2026-04-01 y 2026-04-30 muestra un balance de -1732000 COP y una cobertura estimada de 0.00 meses. Este resultado describe el periodo y no a la persona.,historia_controlada_recalculada_v2,train,fragilidad_sostenida,si,roadmap_14_mvp_estructurado_v2.0,fincoach_mvp_estructurado_v2.0,75e816bf8253fa0d83abbe4b8fc349dcf3b158e3b87f8e3e03a48cc972488171,2541000,0,0,0,2691000,1582000,0,432000,0
VEN_0167_2,PERF_0167,dentro_del_mvp,2026-05-31,2026-04-01,2026-05-31,acumulada_61_dias,61,66,98.4848,4791000,0,364000,0,0,9727000,4704000,679000,2150000,571000,426000,807223,-3764777,11976320,12340320,14518000,-4936000,4936000,5283000,60,0.0,-23184.6995,0.0607,0.0,0.0706,0.0304,situacion_critica,calculado,alta,baja,evidencia_temporal_disponible,balance_negativo,ninguna_relevante_para_el_periodo,La ventana entre 2026-04-01 y 2026-05-31 muestra un balance de -4936000 COP y una cobertura estimada de 0.00 meses. Este resultado describe el periodo y no a la persona.,historia_controlada_recalculada_v2,train,fragilidad_sostenida,si,roadmap_14_mvp_estructurado_v2.0,fincoach_mvp_estructurado_v2.0,197e380302f676f21b179188bb40698bf971aa6f82521bd3bc6664e5b8e9b421,4819000,336000,0,0,6335000,3392000,0,571000,364000
VEN_0167_3,PERF_0167,dentro_del_mvp,2026-06-30,2026-04-01,2026-06-30,acumulada_91_dias,91,98,98.9796,6659000,0,728000,0,0,15181000,7861000,1177000,3181000,851000,757000,807223,-6986777,11976320,12704320,21840000,-8522000,8522000,8135000,90,0.0,-12730.3189,0.1242,0.0,0.0986,0.0608,situacion_critica,calculado,alta,baja,evidencia_temporal_disponible,balance_negativo,ninguna_relevante_para_el_periodo,La ventana entre 2026-04-01 y 2026-06-30 muestra un balance de -8522000 COP y una cobertura estimada de 0.00 meses. Este resultado describe el periodo y no a la persona.,historia_controlada_recalculada_v2,train,fragilidad_sostenida,si,roadmap_14_mvp_estructurado_v2.0,fincoach_mvp_estructurado_v2.0,a6ea2063d205c4b93f758b038fefbd2edebf079604b1cd4d5345a05db2abb838,7051000,336000,0,0,10079000,5102000,0,851000,728000
VEN_0168_1,PERF_0168,dentro_del_mvp,2026-04-30,2026-04-01,2026-04-30,acumulada_30_dias,30,32,100.0,1750000,0,443000,0,0,6642000,2736000,806000,1170000,989000,205000,1248760,-3200240,6630040,6651040,8392000,-4892000,4892000,4935000,25,0.0,0.0,0.0,0.0,0.202,0.0032,situacion_critica,calculado,alta,baja,evidencia_temporal_disponible,balance_negativo,ninguna_relevante_para_el_periodo,La ventana entre 2026-04-01 y 2026-04-30 muestra un balance de -4892000 COP y una cobertura estimada de 0.00 meses. Este resultado describe el periodo y no a la persona.,historia_controlada_recalculada_v2,train,situacion_critica,si,roadmap_14_mvp_estructurado_v2.0,fincoach_mvp_estructurado_v2.0,9f626ec2a71411f41eca8abc8e8b7c0911305fc106d583adbfcad6d978ca305a,2193000,0,0,0,4911000,1731000,422000,567000,443000
VEN_0168_2,PERF_0168,dentro_del_mvp,2026-05-31,2026-04-01,2026-05-31,acumulada_61_dias,61,65,98.4615,3500000,0,1255000,0,0,15030000,6638000,1710000,2155000,1582000,1190000,1248760,-9026240,6630040,7226040,18530000,-11530000,11530000,10761000,56,0.0,-25949.7268,0.0,0.0,0.2639,0.0899,situacion_critica,calculado,alta,baja,evidencia_temporal_disponible,balance_negativo,ninguna_relevante_para_el_periodo,La ventana entre 2026-04-01 y 2026-05-31 muestra un balance de -11530000 COP y una cobertura estimada de 0.00 meses. Este resultado describe el periodo y no a la persona.,historia_controlada_recalculada_v2,train,situacion_critica,si,roadmap_14_mvp_estructurado_v2.0,fincoach_mvp_estructurado_v2.0,c2829b4841da55d7b84cb510687ed07647ce1bbfc26a9c692da00bc7f9815492,4755000,0,0,0,10129000,4901000,659000,923000,1255000
VEN_0168_3,PERF_0168,dentro_del_mvp,2026-06-30,2026-04-01,2026-06-30,acumulada_91_dias,91,97,96.9072,5250000,0,2067000,0,0,23418000,10672000,2589000,4172000,1781000,1546000,1248760,-14852240,6630040,7839040,28668000,-18168000,18168000,16587000,86,0.0,-10631.9582,0.0,0.0,0.2825,0.1824,situacion_critica,calculado,alta,baja,evidencia_temporal_disponible,balance_negativo,ninguna_relevante_para_el_periodo,La ventana entre 2026-04-01 y 2026-06-30 muestra un balance de -18168000 COP y una cobertura estimada de 0.00 meses. Este resultado describe el periodo y no a la persona.,historia_controlada_recalculada_v2,train,situacion_critica,si,roadmap_14_mvp_estructurado_v2.0,fincoach_mvp_estructurado_v2.0,669f8e4298f86edf061b482ee14ac910ee83844194dae1bc3b7f4ea2d7d5ed5f,7317000,0,0,0,14497000,8921000,858000,923000,2067000
VEN_0169_1,PERF_0169,dentro_del_mvp,2026-04-30,2026-04-01,2026-04-30,acumulada_30_dias,30,30,96.6667,1740000,0,0,0,0,2561000,1669000,162000,487000,138000,34000,5065916,4244916,1028770,890770,4301000,-821000,821000,2048000,25,0.6746,0.0,0.0,2.5434,0.0,-0.1341,uso_planificado_reserva,calculado,alta,baja,evidencia_temporal_disponible,balance_negativo,ninguna_relevante_para_el_periodo,La ventana entre 2026-04-01 y 2026-04-30 muestra un balance de -821000 COP y una cobertura estimada de 2.54 meses. Este resultado describe el periodo y no a la persona.,historia_controlada_recalculada_v2,train,acumulacion_estable,si,roadmap_14_mvp_estructurado_v2.0,fincoach_mvp_estructurado_v2.0,2fd9ca82a48de4fd5265948f77413c0eeb4847599ef18dda92f5824b859a8bfd,1740000,0,0,0,1594000,967000,138000,0,0
VEN_0169_2,PERF_0169,dentro_del_mvp,2026-05-31,2026-04-01,2026-05-31,acumulada_61_dias,61,61,98.3607,3480000,0,0,0,0,5122000,3102000,413000,671000,594000,166000,5065916,3423916,1028770,626770,8602000,-1642000,1642000,2869000,56,0.5441,448.6339,0.0,2.2076,0.0,-0.3908,uso_planificado_reserva,calculado,alta,baja,evidencia_temporal_disponible,balance_negativo,ninguna_relevante_para_el_periodo,La ventana entre 2026-04-01 y 2026-05-31 muestra un balance de -1642000 COP y una cobertura estimada de 2.21 meses. Este resultado describe el periodo y no a la persona.,historia_controlada_recalculada_v2,train,acumulacion_estable,si,roadmap_14_mvp_estructurado_v2.0,fincoach_mvp_estructurado_v2.0,881277d1173a5990086787af3e5b9ed773f57a41b814e92513ff1708f3b805ff,3480000,0,0,0,3232000,1890000,402000,192000,0
VEN_0169_3,PERF_0169,dentro_del_mvp,2026-06-30,2026-04-01,2026-06-30,acumulada_91_dias,91,92,98.913,5220000,0,0,0,0,7683000,4201000,654000,919000,1272000,252000,5065916,2602916,1028770,314770,12903000,-2463000,2463000,3690000,86,0.4136,-147.9013,0.0,1.8588,0.0,-0.694,fragilidad_sostenida,calculado,alta,baja,evidencia_temporal_disponible,balance_negativo,ninguna_relevante_para_el_periodo,La ventana entre 2026-04-01 y 2026-06-30 muestra un balance de -2463000 COP y una cobertura estimada de 1.86 meses. Este resultado describe el periodo y no a la persona.,historia_controlada_recalculada_v2,train,acumulacion_estable,si,roadmap_14_mvp_estructurado_v2.0,fincoach_mvp_estructurado_v2.0,67d2a916fd25fe83f3d529ff16ce3736c8ff50ee634e80bf46694cf0d788a2c8,5220000,0,0,0,5312000,2371000,714000,558000,0
VEN_0170_1,PERF_0170,dentro_del_mvp,2026-04-30,2026-04-01,2026-04-30,acumulada_30_dias,30,30,96.6667,6359000,0,0,190000,0,5874000,3599000,204000,1454000,0,332000,3271559,3946559,0,0,12233000,485000,0,1312000,3,0.8765,0.0,0.0,1.0966,0.0,0.0,equilibrio_sostenible,calculado,alta,baja,balance_no_negativo,sin_factor_dominante,ninguna_relevante_para_el_periodo,La ventana entre 2026-04-01 y 2026-04-30 muestra un balance de 485000 COP y una cobertura estimada de 1.10 meses. Este resultado describe el periodo y no a la persona.,historia_controlada_recalculada_v2,validation,equilibrio_sostenible,si,roadmap_14_mvp_estructurado_v2.0,fincoach_mvp_estructurado_v2.0,742c296dd98f8ce0ca3c686b17518f15f9b60673b795808eaf86328081d681be,6549000,0,0,0,3956000,1918000,0,0,0
VEN_0170_2,PERF_0170,dentro_del_mvp,2026-05-31,2026-04-01,2026-05-31,acumulada_61_dias,61,63,98.4127,13027000,0,0,330000,0,11748000,7764000,405000,2498000,0,556000,3271559,4880559,0,0,24775000,1279000,0,2790000,0,1.0,4800.5464,0.0237,1.2572,0.0,0.0,equilibrio_sostenible,calculado,alta,baja,balance_no_negativo,sin_factor_dominante,ninguna_relevante_para_el_periodo,La ventana entre 2026-04-01 y 2026-05-31 muestra un balance de 1279000 COP y una cobertura estimada de 1.26 meses. Este resultado describe el periodo y no a la persona.,historia_controlada_recalculada_v2,validation,equilibrio_sostenible,si,roadmap_14_mvp_estructurado_v2.0,fincoach_mvp_estructurado_v2.0,aeb5863fa31825bdc0c5daf1547ea79759e3783c4e72f26778be9024983bdd6e,13357000,0,0,0,7948000,3800000,0,0,0
VEN_0170_3,PERF_0170,dentro_del_mvp,2026-06-30,2026-04-01,2026-06-30,acumulada_91_dias,91,95,97.8947,19798000,379000,0,330000,0,17622000,10850000,641000,4138000,0,942000,3271559,6156559,0,0,37799000,2555000,0,2790000,21,0.9228,7109.71,0.0265,1.7023,0.0185,0.0,equilibrio_sostenible,calculado,alta,baja,balance_no_negativo,sin_factor_dominante,ninguna_relevante_para_el_periodo,La ventana entre 2026-04-01 y 2026-06-30 muestra un balance de 2555000 COP y una cobertura estimada de 1.70 meses. Este resultado describe el periodo y no a la persona.,historia_controlada_recalculada_v2,validation,equilibrio_sostenible,si,roadmap_14_mvp_estructurado_v2.0,fincoach_mvp_estructurado_v2.0,ebbb754ac546c9f74b0b8af9a72d6c457249be07b92cf72fdc9e0ea8d46f0118,20128000,379000,0,0,11283000,6339000,0,0,0
VEN_0171_1,PERF_0171,dentro_del_mvp,2026-04-30,2026-04-01,2026-04-30,acumulada_30_dias,30,29,93.1034,5189000,0,0,0,0,7612000,4863000,579000,1088000,0,367000,3548499,1125499,0,0,12801000,-2423000,2423000,4561000,29,0.3172,0.0,0.0,0.2314,0.0,0.0,fragilidad_sostenida,calculado,alta,baja,evidencia_temporal_disponible,balance_negativo,ninguna_relevante_para_el_periodo,La ventana entre 2026-04-01 y 2026-04-30 muestra un balance de -2423000 COP y una cobertura estimada de 0.23 meses. Este resultado describe el periodo y no a la persona.,historia_controlada_recalculada_v2,test,variable_resiliente,si,roadmap_14_mvp_estructurado_v2.0,fincoach_mvp_estructurado_v2.0,aa7dd6ee44e4446f7830c9aa3f097e4947dfcfb1ade2e5917e4efbca3fe1caca,5189000,0,0,0,5270000,2342000,0,0,0
VEN_0171_2,PERF_0171,dentro_del_mvp,2026-05-31,2026-04-01,2026-05-31,acumulada_61_dias,61,61,95.082,12896000,716000,0,0,0,17808000,9663000,1743000,3552000,0,1136000,3548499,-647501,0,0,31420000,-4196000,4196000,6096000,60,0.0,11979.7814,0.1953,0.0,0.0526,0.0,situacion_critica,calculado,alta,baja,evidencia_temporal_disponible,balance_negativo,ninguna_relevante_para_el_periodo,La ventana entre 2026-04-01 y 2026-05-31 muestra un balance de -4196000 COP y una cobertura estimada de 0.00 meses. Este resultado describe el periodo y no a la persona.,historia_controlada_recalculada_v2,test,variable_resiliente,si,roadmap_14_mvp_estructurado_v2.0,fincoach_mvp_estructurado_v2.0,cbed16741f36a6125cfc964035d8bc798533618f8d8e11f743ad36d1e3b958de,12896000,716000,0,0,14172000,3636000,0,0,0
VEN_0171_3,PERF_0171,dentro_del_mvp,2026-06-30,2026-04-01,2026-06-30,acumulada_91_dias,91,93,95.6989,27014000,716000,0,0,0,23128000,11814000,2542000,4785000,0,1629000,3548499,8150499,0,0,50858000,4602000,0,6096000,0,1.0,119358.3138,0.4174,2.0697,0.0258,0.0,variable_resiliente,calculado,alta,baja,balance_no_negativo,sin_factor_dominante,ninguna_relevante_para_el_periodo,La ventana entre 2026-04-01 y 2026-06-30 muestra un balance de 4602000 COP y una cobertura estimada de 2.07 meses. Este resultado describe el periodo y no a la persona.,historia_controlada_recalculada_v2,test,variable_resiliente,si,roadmap_14_mvp_estructurado_v2.0,fincoach_mvp_estructurado_v2.0,9d7e447f34ec205d17f10a06980cea9e83b97b7b7306364acc685df133b11656,27014000,716000,0,0,18232000,4896000,0,0,0
VEN_0172_1,PERF_0172,dentro_del_mvp,2026-04-30,2026-04-01,2026-04-30,acumulada_30_dias,30,28,96.4286,0,334000,0,0,0,4332000,2501000,276000,870000,0,362000,20297008,16299008,0,0,4666000,-3998000,3998000,4332000,28,0.803,0.0,0.0,6.517,1.0,0.0,uso_planificado_reserva,calculado,alta,baja,evidencia_temporal_disponible,balance_negativo,motivo_de_periodos_sin_ingreso,La ventana entre 2026-04-01 y 2026-04-30 muestra un balance de -3998000 COP y una cobertura estimada de 6.52 meses. Este resultado describe el periodo y no a la persona.,historia_controlada_recalculada_v2,train,uso_planificado_reserva,si,roadmap_14_mvp_estructurado_v2.0,fincoach_mvp_estructurado_v2.0,69cf388899735cfbe9f6e646978f2507fb3790986d7914b4cf67336bda559f84,0,334000,0,1,3092000,1240000,0,0,0
VEN_0172_2,PERF_0172,dentro_del_mvp,2026-05-31,2026-04-01,2026-05-31,acumulada_61_dias,61,55,96.3636,0,334000,0,0,0,15725000,8808000,937000,3030000,0,1269000,20297008,4906008,0,0,16059000,-15391000,15391000,15391000,59,0.2417,-119044.8087,0.0,1.114,1.0,0.0,deterioro_reciente,calculado,alta,baja,evidencia_temporal_disponible,balance_negativo,motivo_de_periodos_sin_ingreso,La ventana entre 2026-04-01 y 2026-05-31 muestra un balance de -15391000 COP y una cobertura estimada de 1.11 meses. Este resultado describe el periodo y no a la persona.,historia_controlada_recalculada_v2,train,uso_planificado_reserva,si,roadmap_14_mvp_estructurado_v2.0,fincoach_mvp_estructurado_v2.0,568e5731b7fc7851cf8fbbdb7e51433e70ec8eb7ed1177c036358bc4c525df3c,0,334000,0,2,10384000,5341000,0,0,0
VEN_0172_3,PERF_0172,dentro_del_mvp,2026-06-30,2026-04-01,2026-06-30,acumulada_91_dias,91,80,97.5,0,929000,0,0,0,27118000,15785000,2247000,4650000,0,1671000,20297008,-5891992,0,0,28047000,-26189000,26189000,26189000,89,0.0,-35479.7334,0.0,0.0,1.0,0.0,situacion_critica,calculado,alta,baja,evidencia_temporal_disponible,balance_negativo,motivo_de_periodos_sin_ingreso,La ventana entre 2026-04-01 y 2026-06-30 muestra un balance de -26189000 COP y una cobertura estimada de 0.00 meses. Este resultado describe el periodo y no a la persona.,historia_controlada_recalculada_v2,train,uso_planificado_reserva,si,roadmap_14_mvp_estructurado_v2.0,fincoach_mvp_estructurado_v2.0,1f8661d251851b751a4c4838442cebdbef9bc9543ef87798bee8a32f9017d9ab,0,929000,0,3,18805000,8313000,0,0,0
VEN_0173_1,PERF_0173,dentro_del_mvp,2026-04-30,2026-04-01,2026-04-30,acumulada_30_dias,30,25,88.0,0,500000,0,0,0,4000000,2293000,204000,771000,0,77000,4950230,1450230,5746444,5746444,4500000,-3500000,3500000,3500000,29,0.293,0.0,0.0,0.6325,1.0,0.0,fragilidad_sostenida,calculado,alta,media,evidencia_temporal_disponible,balance_negativo,motivo_de_periodos_sin_ingreso,La ventana entre 2026-04-01 y 2026-04-30 muestra un balance de -3500000 COP y una cobertura estimada de 0.63 meses. Este resultado describe el periodo y no a la persona.,historia_controlada_recalculada_v2,train,deterioro_reciente,si,roadmap_14_mvp_estructurado_v2.0,fincoach_mvp_estructurado_v2.0,6c6c8becc796c422e4f453c7dcc85feed004f634f7a4a54f7698debc0c0535fb,500000,0,0,1,2142000,1858000,0,0,0
VEN_0173_2,PERF_0173,dentro_del_mvp,2026-05-31,2026-04-01,2026-05-31,acumulada_61_dias,61,48,93.75,0,1000000,0,200000,0,8000000,4883000,297000,946000,0,504000,4950230,-1849770,5746444,5746444,9000000,-7000000,7000000,6800000,60,0.0,1912.5683,0.0,0.0,0.8333,0.0,situacion_critica,calculado,alta,baja,evidencia_temporal_disponible,balance_negativo,motivo_de_periodos_sin_ingreso,La ventana entre 2026-04-01 y 2026-05-31 muestra un balance de -7000000 COP y una cobertura estimada de 0.00 meses. Este resultado describe el periodo y no a la persona.,historia_controlada_recalculada_v2,train,deterioro_reciente,si,roadmap_14_mvp_estructurado_v2.0,fincoach_mvp_estructurado_v2.0,f545316debafd2c15e182788c86b9c26edd0b799f963f3a0ca0ee4e30117505e,1000000,200000,0,2,5164000,2836000,0,0,0
VEN_0173_3,PERF_0173,dentro_del_mvp,2026-06-30,2026-04-01,2026-06-30,acumulada_91_dias,91,71,95.7746,0,1500000,0,200000,0,13810000,7655000,670000,1886000,163000,1038000,4950230,-7159770,5746444,5583444,15310000,-12310000,12310000,12110000,90,0.0,-20520.6269,0.0,0.0,0.8824,-0.0284,situacion_critica,calculado,alta,baja,evidencia_temporal_disponible,balance_negativo,motivo_de_periodos_sin_ingreso,La ventana entre 2026-04-01 y 2026-06-30 muestra un balance de -12310000 COP y una cobertura estimada de 0.00 meses. Este resultado describe el periodo y no a la persona.,historia_controlada_recalculada_v2,train,deterioro_reciente,si,roadmap_14_mvp_estructurado_v2.0,fincoach_mvp_estructurado_v2.0,ea1e0e49d1cb192c1e5129f364782d524047d106bb9ef18143624bb7edc83f0e,1500000,200000,0,3,9408000,4402000,163000,0,0
VEN_0174_1,PERF_0174,dentro_del_mvp,2026-04-30,2026-04-01,2026-04-30,acumulada_30_dias,30,33,96.9697,6978000,0,0,120000,0,12565000,7632000,532000,1543000,1833000,0,2915408,-2551592,29626467,28449467,19543000,-5587000,5587000,10440000,27,0.0,0.0,0.0,0.0,0.0,-0.0397,situacion_critica,calculado,alta,baja,evidencia_temporal_disponible,balance_negativo,ninguna_relevante_para_el_periodo,La ventana entre 2026-04-01 y 2026-04-30 muestra un balance de -5587000 COP y una cobertura estimada de 0.00 meses. Este resultado describe el periodo y no a la persona.,historia_controlada_recalculada_v2,train,fragilidad_sostenida,si,roadmap_14_mvp_estructurado_v2.0,fincoach_mvp_estructurado_v2.0,f55af33285ef438261669425e37811ecb2f20125eef980ec943a938cee05e6ad,0,120000,6978000,0,9287000,3278000,1177000,656000,0
VEN_0174_2,PERF_0174,dentro_del_mvp,2026-05-31,2026-04-01,2026-05-31,acumulada_61_dias,61,57,96.4912,6978000,0,1069000,120000,0,28603000,16626000,1399000,4896000,3152000,0,2915408,-17520592,29626467,28798467,35581000,-21625000,21625000,21587000,58,0.0,-168274.8634,1.0,0.0,0.1309,-0.0279,situacion_critica,calculado,alta,baja,evidencia_temporal_disponible,balance_negativo,motivo_de_periodos_sin_ingreso,La ventana entre 2026-04-01 y 2026-05-31 muestra un balance de -21625000 COP y una cobertura estimada de 0.00 meses. Este resultado describe el periodo y no a la persona.,historia_controlada_recalculada_v2,train,fragilidad_sostenida,si,roadmap_14_mvp_estructurado_v2.0,fincoach_mvp_estructurado_v2.0,9d7bfb8c59149dd69c8079c95422c3d7a8ddcf9a81b65e038f38481d3ebf3c34,1069000,120000,6978000,1,21162000,7441000,1897000,1255000,1069000
VEN_0174_3,PERF_0174,dentro_del_mvp,2026-06-30,2026-04-01,2026-06-30,acumulada_91_dias,91,89,97.7528,12831000,0,2138000,180000,0,44641000,25395000,1585000,8944000,4561000,743000,2915408,-26576592,29626467,28458467,57472000,-31810000,31810000,30643000,88,0.0,4947.7572,0.7152,0.0,0.1411,-0.0394,situacion_critica,calculado,alta,baja,evidencia_temporal_disponible,balance_negativo,motivo_de_periodos_sin_ingreso,La ventana entre 2026-04-01 y 2026-06-30 muestra un balance de -31810000 COP y una cobertura estimada de 0.00 meses. Este resultado describe el periodo y no a la persona.,historia_controlada_recalculada_v2,train,fragilidad_sostenida,si,roadmap_14_mvp_estructurado_v2.0,fincoach_mvp_estructurado_v2.0,ec684b1d61aa2a48a437b1301535edb87338cb5f77b1569715d4e551f7eda95a,2138000,180000,12831000,1,33872000,10769000,3306000,1255000,2138000
VEN_0175_1,PERF_0175,dentro_del_mvp,2026-04-30,2026-04-01,2026-04-30,acumulada_30_dias,30,29,100.0,500000,0,443000,0,0,6642000,3028000,686000,1183000,1148000,0,786875,-4912125,9635935,9514935,7142000,-6142000,6142000,5699000,27,0.0,0.0,0.0,0.0,0.4698,-0.0126,situacion_critica,calculado,alta,baja,evidencia_temporal_disponible,balance_negativo,ninguna_relevante_para_el_periodo,La ventana entre 2026-04-01 y 2026-04-30 muestra un balance de -6142000 COP y una cobertura estimada de 0.00 meses. Este resultado describe el periodo y no a la persona.,historia_controlada_recalculada_v2,validation,situacion_critica,si,roadmap_14_mvp_estructurado_v2.0,fincoach_mvp_estructurado_v2.0,f0423396fa054b1c56a6984d5eb9b72bea81a0b1606066125b3ec28f2e97644b,943000,0,0,0,4541000,2101000,564000,584000,443000
VEN_0175_2,PERF_0175,dentro_del_mvp,2026-05-31,2026-04-01,2026-05-31,acumulada_61_dias,61,56,96.4286,1000000,0,1255000,250000,0,15030000,7547000,1438000,1634000,2025000,1154000,786875,-11738125,9635935,10326935,16030000,-14030000,14030000,12732000,58,0.0,-25266.6667,0.0,0.0,0.501,0.0717,situacion_critica,calculado,alta,baja,evidencia_temporal_disponible,balance_negativo,ninguna_relevante_para_el_periodo,La ventana entre 2026-04-01 y 2026-05-31 muestra un balance de -14030000 COP y una cobertura estimada de 0.00 meses. Este resultado describe el periodo y no a la persona.,historia_controlada_recalculada_v2,validation,situacion_critica,si,roadmap_14_mvp_estructurado_v2.0,fincoach_mvp_estructurado_v2.0,021b41051223ad0125488ba436ca8ac8bff3bd9cdf3633aee61d06e06cfcc88b,2255000,250000,0,0,10234000,4796000,564000,1461000,1255000
VEN_0175_3,PERF_0175,dentro_del_mvp,2026-06-30,2026-04-01,2026-06-30,acumulada_91_dias,91,80,97.5,1500000,0,2067000,250000,0,23418000,12021000,1917000,3847000,2488000,1583000,786875,-18814125,9635935,11138935,24918000,-21918000,21918000,20028000,88,0.0,-10857.1429,0.0,0.0,0.5415,0.156,situacion_critica,calculado,alta,baja,evidencia_temporal_disponible,balance_negativo,ninguna_relevante_para_el_periodo,La ventana entre 2026-04-01 y 2026-06-30 muestra un balance de -21918000 COP y una cobertura estimada de 0.00 meses. Este resultado describe el periodo y no a la persona.,historia_controlada_recalculada_v2,validation,situacion_critica,si,roadmap_14_mvp_estructurado_v2.0,fincoach_mvp_estructurado_v2.0,7be90fdc4314b2613fa5fbd5781b93ad3ef6f09ded247ab720d120b2ab9775e7,3567000,250000,0,0,15924000,7494000,564000,1924000,2067000
VEN_0176_1,PERF_0176,dentro_del_mvp,2026-04-30,2026-04-01,2026-04-30,acumulada_30_dias,30,29,96.5517,780000,0,1493000,0,0,4834000,3232000,446000,0,0,523000,8445451,5884451,10695517,12188517,5614000,-4054000,4054000,3260000,29,0.6968,0.0,0.0,1.8207,0.6568,0.1396,uso_planificado_reserva,calculado,alta,baja,evidencia_temporal_disponible,balance_negativo,ninguna_relevante_para_el_periodo,La ventana entre 2026-04-01 y 2026-04-30 muestra un balance de -4054000 COP y una cobertura estimada de 1.82 meses. Este resultado describe el periodo y no a la persona.,historia_controlada_recalculada_v2,train,acumulacion_estable,si,roadmap_14_mvp_estructurado_v2.0,fincoach_mvp_estructurado_v2.0,f26d8e8aed1f449515cacb12ad5bd16f48183894c681fc992bf9ebebf10c6a27,780000,1493000,0,0,2301000,2533000,0,0,1493000
VEN_0176_2,PERF_0176,dentro_del_mvp,2026-05-31,2026-04-01,2026-05-31,acumulada_61_dias,61,52,94.2308,1560000,0,1493000,0,0,9668000,5916000,750000,497000,0,1078000,8445451,1830451,10695517,12188517,11228000,-8108000,8108000,6615000,60,0.2167,2215.3005,0.0,0.6188,0.489,0.1396,fragilidad_sostenida,calculado,alta,baja,evidencia_temporal_disponible,balance_negativo,ninguna_relevante_para_el_periodo,La ventana entre 2026-04-01 y 2026-05-31 muestra un balance de -8108000 COP y una cobertura estimada de 0.62 meses. Este resultado describe el periodo y no a la persona.,historia_controlada_recalculada_v2,train,acumulacion_estable,si,roadmap_14_mvp_estructurado_v2.0,fincoach_mvp_estructurado_v2.0,8e2b952c5516d9a7321d711669129491a652c38bbe0daf8f4ee9300b44072d7f,1560000,1493000,0,0,4779000,4889000,0,0,1493000
VEN_0176_3,PERF_0176,dentro_del_mvp,2026-06-30,2026-04-01,2026-06-30,acumulada_91_dias,91,76,94.7368,2340000,0,2498000,0,0,14502000,9308000,997000,497000,220000,1330000,8445451,-1218549,10695517,13193517,16842000,-12162000,12162000,9664000,90,0.0,-730.3189,0.0,0.0,0.5163,0.2336,situacion_critica,calculado,alta,baja,evidencia_temporal_disponible,balance_negativo,ninguna_relevante_para_el_periodo,La ventana entre 2026-04-01 y 2026-06-30 muestra un balance de -12162000 COP y una cobertura estimada de 0.00 meses. Este resultado describe el periodo y no a la persona.,historia_controlada_recalculada_v2,train,acumulacion_estable,si,roadmap_14_mvp_estructurado_v2.0,fincoach_mvp_estructurado_v2.0,175c74fac4b9f8051b9182c88283cc517ee167c66070af9b740ff4afd1e0a3e4,2340000,2498000,0,0,8061000,6441000,0,220000,2498000
VEN_0177_1,PERF_0177,dentro_del_mvp,2026-04-30,2026-04-01,2026-04-30,acumulada_30_dias,30,28,92.8571,500000,0,0,0,0,2874000,1559000,276000,389000,141000,276000,4263924,1889924,2918370,2918370,3374000,-2374000,2374000,2374000,29,0.4432,0.0,0.0,1.2123,0.0,0.0,fragilidad_sostenida,calculado,alta,baja,evidencia_temporal_disponible,balance_negativo,ninguna_relevante_para_el_periodo,La ventana entre 2026-04-01 y 2026-04-30 muestra un balance de -2374000 COP y una cobertura estimada de 1.21 meses. Este resultado describe el periodo y no a la persona.,historia_controlada_recalculada_v2,validation,equilibrio_sostenible,si,roadmap_14_mvp_estructurado_v2.0,fincoach_mvp_estructurado_v2.0,004b0612ddeeb2fc086c9a40eea5651a16b074789ad78267ff5ed05c401cf5e6,500000,0,0,0,1882000,992000,0,141000,0
VEN_0177_2,PERF_0177,dentro_del_mvp,2026-05-31,2026-04-01,2026-05-31,acumulada_61_dias,61,51,90.1961,1000000,0,403000,0,0,5748000,3027000,370000,999000,338000,492000,4263924,-81076,2918370,3124370,6748000,-4748000,4748000,4748000,60,0.0,1297.2678,0.0,0.0,0.2872,0.0706,situacion_critica,calculado,alta,baja,evidencia_temporal_disponible,balance_negativo,ninguna_relevante_para_el_periodo,La ventana entre 2026-04-01 y 2026-05-31 muestra un balance de -4748000 COP y una cobertura estimada de 0.00 meses. Este resultado describe el periodo y no a la persona.,historia_controlada_recalculada_v2,validation,equilibrio_sostenible,si,roadmap_14_mvp_estructurado_v2.0,fincoach_mvp_estructurado_v2.0,0b1575787fd777a290b7f85034c3f7fa8933e4c812a183a2c20867008c43283d,1000000,403000,0,0,3736000,2012000,197000,141000,403000
VEN_0177_3,PERF_0177,dentro_del_mvp,2026-06-30,2026-04-01,2026-06-30,acumulada_91_dias,91,73,91.7808,1500000,0,403000,0,0,8622000,4597000,550000,1550000,822000,492000,4263924,-2455076,2918370,3124370,10122000,-7122000,7122000,6719000,90,0.0,-427.6707,0.0,0.0,0.2118,0.0706,situacion_critica,calculado,alta,baja,evidencia_temporal_disponible,balance_negativo,ninguna_relevante_para_el_periodo,La ventana entre 2026-04-01 y 2026-06-30 muestra un balance de -7122000 COP y una cobertura estimada de 0.00 meses. Este resultado describe el periodo y no a la persona.,historia_controlada_recalculada_v2,validation,equilibrio_sostenible,si,roadmap_14_mvp_estructurado_v2.0,fincoach_mvp_estructurado_v2.0,2e2dd00b05debf842538d38d1d10ec44a01376ccc0b69bce205b4257fed8cf51,1500000,403000,0,0,6198000,2424000,197000,625000,403000
VEN_0178_1,PERF_0178,dentro_del_mvp,2026-04-30,2026-04-01,2026-04-30,acumulada_30_dias,30,33,96.9697,7671000,0,0,0,159000,6864000,3383000,373000,1017000,840000,0,3989327,4955327,6535887,6220887,14535000,807000,0,5006000,2,0.9764,0.0,0.0,1.4648,0.0203,-0.0482,equilibrio_sostenible,calculado,alta,baja,balance_no_negativo,sin_factor_dominante,ninguna_relevante_para_el_periodo,La ventana entre 2026-04-01 y 2026-04-30 muestra un balance de 807000 COP y una cobertura estimada de 1.46 meses. Este resultado describe el periodo y no a la persona.,historia_controlada_recalculada_v2,validation,variable_resiliente,si,roadmap_14_mvp_estructurado_v2.0,fincoach_mvp_estructurado_v2.0,5191f1eb3ad0e2557ffd21d44bc2b7d9ea28dbcbaff9dd35430083c955a868b7,0,159000,7671000,0,4515000,2349000,315000,525000,0
VEN_0178_2,PERF_0178,dentro_del_mvp,2026-05-31,2026-04-01,2026-05-31,acumulada_61_dias,61,60,98.3333,7671000,0,0,0,159000,16059000,7509000,1186000,2778000,1389000,209000,3989327,-4239673,6535887,6220887,23730000,-8388000,8388000,9315000,33,0.0,-164408.1967,1.0,0.0,0.0203,-0.0482,situacion_critica,calculado,alta,baja,evidencia_temporal_disponible,balance_negativo,motivo_de_periodos_sin_ingreso,La ventana entre 2026-04-01 y 2026-05-31 muestra un balance de -8388000 COP y una cobertura estimada de 0.00 meses. Este resultado describe el periodo y no a la persona.,historia_controlada_recalculada_v2,validation,variable_resiliente,si,roadmap_14_mvp_estructurado_v2.0,fincoach_mvp_estructurado_v2.0,0ce966e56531b1d216014f59cbefc15f85de5ef7f54dbdc7a0ed649656489d93,0,159000,7671000,1,9769000,6290000,315000,1074000,0
VEN_0178_3,PERF_0178,dentro_del_mvp,2026-06-30,2026-04-01,2026-06-30,acumulada_91_dias,91,92,97.8261,12860000,0,0,0,878000,25254000,13781000,2212000,2778000,1389000,1313000,3989327,-7526673,6535887,6220887,38114000,-12394000,12394000,16338000,63,0.0,1310.3945,0.7456,0.0,0.0639,-0.0482,situacion_critica,calculado,alta,baja,evidencia_temporal_disponible,balance_negativo,motivo_de_periodos_sin_ingreso,La ventana entre 2026-04-01 y 2026-06-30 muestra un balance de -12394000 COP y una cobertura estimada de 0.00 meses. Este resultado describe el periodo y no a la persona.,historia_controlada_recalculada_v2,validation,variable_resiliente,si,roadmap_14_mvp_estructurado_v2.0,fincoach_mvp_estructurado_v2.0,ca25f81a99f16b2b70eaa1432a4a8a731e0bee03b63ff374e58ecb187d44a5b1,0,878000,12860000,1,15176000,10078000,315000,1074000,0
VEN_0179_1,PERF_0179,dentro_del_mvp,2026-04-30,2026-04-01,2026-04-30,acumulada_30_dias,30,33,96.9697,4571000,0,0,0,0,2683000,1649000,273000,270000,186000,208000,9278805,11166805,7412685,7332685,7254000,1888000,0,1521000,24,0.9734,0.0,0.0,6.7719,0.0,-0.0108,acumulacion_estable,calculado,alta,baja,balance_no_negativo,sin_factor_dominante,ninguna_relevante_para_el_periodo,La ventana entre 2026-04-01 y 2026-04-30 muestra un balance de 1888000 COP y una cobertura estimada de 6.77 meses. Este resultado describe el periodo y no a la persona.,historia_controlada_recalculada_v2,train,uso_planificado_reserva,si,roadmap_14_mvp_estructurado_v2.0,fincoach_mvp_estructurado_v2.0,4d204412a75e06ac50fb488bdf151e7f789edd5db82bfaa92386092107ce013d,0,0,4571000,0,2275000,408000,80000,106000,0
VEN_0179_2,PERF_0179,dentro_del_mvp,2026-05-31,2026-04-01,2026-05-31,acumulada_61_dias,61,62,96.7742,4571000,0,0,0,411000,9738000,5602000,1412000,631000,539000,1076000,9278805,4522805,7412685,7332685,14309000,-5167000,5167000,7360000,55,0.3943,-147638.2514,1.0,1.6147,0.0825,-0.0108,deterioro_reciente,calculado,alta,baja,evidencia_temporal_disponible,balance_negativo,motivo_de_periodos_sin_ingreso,La ventana entre 2026-04-01 y 2026-05-31 muestra un balance de -5167000 COP y una cobertura estimada de 1.61 meses. Este resultado describe el periodo y no a la persona.,historia_controlada_recalculada_v2,train,uso_planificado_reserva,si,roadmap_14_mvp_estructurado_v2.0,fincoach_mvp_estructurado_v2.0,742acef1cc6c32b454a241ea2efc429b03b0d5b5940a9a8829de5b4447bde64b,0,411000,4571000,1,6933000,2805000,80000,459000,0
VEN_0179_3,PERF_0179,dentro_del_mvp,2026-06-30,2026-04-01,2026-06-30,acumulada_91_dias,91,94,95.7447,7180000,0,0,60000,411000,16793000,9717000,2304000,2124000,539000,1258000,9278805,136805,7412685,7332685,23973000,-9613000,9613000,11488000,85,0.0119,-20932.4446,0.7823,0.0422,0.0537,-0.0108,fragilidad_sostenida,calculado,alta,baja,evidencia_temporal_disponible,balance_negativo,motivo_de_periodos_sin_ingreso,La ventana entre 2026-04-01 y 2026-06-30 muestra un balance de -9613000 COP y una cobertura estimada de 0.04 meses. Este resultado describe el periodo y no a la persona.,historia_controlada_recalculada_v2,train,uso_planificado_reserva,si,roadmap_14_mvp_estructurado_v2.0,fincoach_mvp_estructurado_v2.0,0bb8ee4377f93195bd996e5f9b8ded7f27a2aa05a85ebec3b2c156295dadc1c8,0,471000,7180000,1,12884000,3909000,80000,459000,0
VEN_0180_1,PERF_0180,dentro_del_mvp,2026-04-30,2026-04-01,2026-04-30,acumulada_30_dias,30,23,95.6522,500000,0,0,210000,232000,5398000,4007000,351000,0,0,0,4585472,129472,3006740,3006740,5898000,-4898000,4898000,4666000,29,0.027,0.0,0.0,0.0323,0.2463,0.0,fragilidad_sostenida,calculado,alta,baja,evidencia_temporal_disponible,balance_negativo,ninguna_relevante_para_el_periodo,La ventana entre 2026-04-01 y 2026-04-30 muestra un balance de -4898000 COP y una cobertura estimada de 0.03 meses. Este resultado describe el periodo y no a la persona.,historia_controlada_recalculada_v2,train,deterioro_reciente,si,roadmap_14_mvp_estructurado_v2.0,fincoach_mvp_estructurado_v2.0,bdd57669f94f3c533427def5ef7047964214503005b081686bc601f0c6c4400d,710000,232000,0,0,3582000,1816000,0,0,0
VEN_0180_2,PERF_0180,dentro_del_mvp,2026-05-31,2026-04-01,2026-05-31,acumulada_61_dias,61,43,93.0233,1000000,0,0,430000,232000,10796000,6759000,930000,1072000,225000,531000,4585472,-4548528,3006740,2781740,11796000,-9796000,9796000,9344000,60,0.0,2676.5027,0.0,0.0,0.1396,-0.0748,situacion_critica,calculado,alta,baja,evidencia_temporal_disponible,balance_negativo,ninguna_relevante_para_el_periodo,La ventana entre 2026-04-01 y 2026-05-31 muestra un balance de -9796000 COP y una cobertura estimada de 0.00 meses. Este resultado describe el periodo y no a la persona.,historia_controlada_recalculada_v2,train,deterioro_reciente,si,roadmap_14_mvp_estructurado_v2.0,fincoach_mvp_estructurado_v2.0,bf84829d85c12a46663d7d6ed8d37f4e98ce8a5902d629735fc6abedb77975f5,1430000,232000,0,0,6286000,4510000,225000,0,0
VEN_0180_3,PERF_0180,dentro_del_mvp,2026-06-30,2026-04-01,2026-06-30,acumulada_91_dias,91,63,93.6508,1500000,0,0,700000,232000,18637000,12154000,1372000,1819000,741000,814000,4585472,-11619528,3006740,2781740,20137000,-17137000,17137000,16415000,90,0.0,-27728.5174,0.0,0.0,0.0954,-0.0748,situacion_critica,calculado,alta,baja,evidencia_temporal_disponible,balance_negativo,ninguna_relevante_para_el_periodo,La ventana entre 2026-04-01 y 2026-06-30 muestra un balance de -17137000 COP y una cobertura estimada de 0.00 meses. Este resultado describe el periodo y no a la persona.,historia_controlada_recalculada_v2,train,deterioro_reciente,si,roadmap_14_mvp_estructurado_v2.0,fincoach_mvp_estructurado_v2.0,1318ac04188c27d4ea868739b98754287742390392ff65498937d09b38bb6997,1930000,502000,0,0,11599000,7038000,225000,516000,0
VEN_0181_1,PERF_0181,dentro_del_mvp,2026-04-30,2026-04-01,2026-04-30,acumulada_30_dias,30,26,100.0,0,0,0,0,0,13736000,7507000,1510000,1345000,697000,515000,2639675,-11096325,22436601,22436601,13736000,-13736000,13736000,13736000,29,0.0,0.0,0.0,0.0,0.0,0.0,situacion_critica,calculado,alta,baja,evidencia_temporal_disponible,balance_negativo,motivo_de_periodos_sin_ingreso,La ventana entre 2026-04-01 y 2026-04-30 muestra un balance de -13736000 COP y una cobertura estimada de 0.00 meses. Este resultado describe el periodo y no a la persona.,historia_controlada_recalculada_v2,train,fragilidad_sostenida,si,roadmap_14_mvp_estructurado_v2.0,fincoach_mvp_estructurado_v2.0,bcf808623c71d55cd21991cef7803e960f70250e7274aa62b20291959fbd8107,0,0,0,1,9529000,4207000,0,697000,0
VEN_0181_2,PERF_0181,dentro_del_mvp,2026-05-31,2026-04-01,2026-05-31,acumulada_61_dias,61,51,96.0784,0,0,1169000,0,0,31268000,17424000,1510000,5095000,2311000,1620000,2639675,-27459325,22436601,22846601,31268000,-31268000,31268000,30099000,60,0.0,-54723.4973,0.0,0.0,1.0,0.0183,situacion_critica,calculado,alta,baja,evidencia_temporal_disponible,balance_negativo,motivo_de_periodos_sin_ingreso,La ventana entre 2026-04-01 y 2026-05-31 muestra un balance de -31268000 COP y una cobertura estimada de 0.00 meses. Este resultado describe el periodo y no a la persona.,historia_controlada_recalculada_v2,train,fragilidad_sostenida,si,roadmap_14_mvp_estructurado_v2.0,fincoach_mvp_estructurado_v2.0,049924484435bf290fb1f5131aa63bce8f37ee2f657070a5ae9433e45b0b0307,0,1169000,0,2,21918000,9350000,759000,1552000,1169000
VEN_0181_3,PERF_0181,dentro_del_mvp,2026-06-30,2026-04-01,2026-06-30,acumulada_91_dias,91,77,97.4026,0,0,1169000,0,0,48800000,24832000,3239000,10389000,3130000,1620000,2639675,-44991325,22436601,22027601,48800000,-48800000,48800000,47631000,90,0.0,-23673.5723,0.0,0.0,1.0,-0.0182,situacion_critica,calculado,alta,baja,evidencia_temporal_disponible,balance_negativo,motivo_de_periodos_sin_ingreso,La ventana entre 2026-04-01 y 2026-06-30 muestra un balance de -48800000 COP y una cobertura estimada de 0.00 meses. Este resultado describe el periodo y no a la persona.,historia_controlada_recalculada_v2,train,fragilidad_sostenida,si,roadmap_14_mvp_estructurado_v2.0,fincoach_mvp_estructurado_v2.0,5df94ff62ed36e2b997d5a8e894231f1b0ee657e547507a887c1bc9da48e374b,0,1169000,0,3,35289000,13511000,1578000,1552000,1169000
VEN_0182_1,PERF_0182,dentro_del_mvp,2026-04-30,2026-04-01,2026-04-30,acumulada_30_dias,30,31,100.0,2865000,0,515000,170000,0,7722000,5389000,763000,994000,436000,0,724022,-3447978,8909140,9424140,10587000,-4857000,4857000,4172000,29,0.0,0.0,0.0,0.0,0.1451,0.0578,situacion_critica,calculado,alta,baja,evidencia_temporal_disponible,balance_negativo,ninguna_relevante_para_el_periodo,La ventana entre 2026-04-01 y 2026-04-30 muestra un balance de -4857000 COP y una cobertura estimada de 0.00 meses. Este resultado describe el periodo y no a la persona.,historia_controlada_recalculada_v2,train,situacion_critica,si,roadmap_14_mvp_estructurado_v2.0,fincoach_mvp_estructurado_v2.0,dcb36b8f07d7c6ccd2a84f4cb50c8a01270c12cccc76098a69d6119693877418,3435000,115000,0,0,4376000,3346000,0,436000,515000
VEN_0182_2,PERF_0182,dentro_del_mvp,2026-05-31,2026-04-01,2026-05-31,acumulada_61_dias,61,62,100.0,4915000,0,1459000,170000,0,17473000,12688000,1720000,994000,436000,357000,724022,-10204978,8909140,10368140,22388000,-12558000,12558000,10967000,60,0.0,-43968.8525,0.1658,0.0,0.223,0.1638,situacion_critica,calculado,alta,baja,evidencia_temporal_disponible,balance_negativo,ninguna_relevante_para_el_periodo,La ventana entre 2026-04-01 y 2026-05-31 muestra un balance de -12558000 COP y una cobertura estimada de 0.00 meses. Este resultado describe el periodo y no a la persona.,historia_controlada_recalculada_v2,train,situacion_critica,si,roadmap_14_mvp_estructurado_v2.0,fincoach_mvp_estructurado_v2.0,e52923d462c703e79ce117612c1665be37c4368cf0e8bf9f7965d548257abbe5,5459000,1085000,0,0,11318000,6155000,0,436000,1459000
VEN_0182_3,PERF_0182,dentro_del_mvp,2026-06-30,2026-04-01,2026-06-30,acumulada_91_dias,91,92,100.0,7220000,0,2403000,390000,0,27224000,19198000,2301000,1469000,436000,1113000,724022,-16486978,8909140,11312140,34444000,-20004000,20004000,18017000,90,0.0,-13955.3234,0.1414,0.0,0.24,0.2697,situacion_critica,calculado,alta,baja,evidencia_temporal_disponible,balance_negativo,ninguna_relevante_para_el_periodo,La ventana entre 2026-04-01 y 2026-06-30 muestra un balance de -20004000 COP y una cobertura estimada de 0.00 meses. Este resultado describe el periodo y no a la persona.,historia_controlada_recalculada_v2,train,situacion_critica,si,roadmap_14_mvp_estructurado_v2.0,fincoach_mvp_estructurado_v2.0,affa5bc03d97a466e7e4b1f07a5340fbdbdb8532da04ae09f81539799d2d1103,8550000,1463000,0,0,17469000,9755000,0,436000,2403000
VEN_0183_1,PERF_0183,dentro_del_mvp,2026-04-30,2026-04-01,2026-04-30,acumulada_30_dias,30,31,100.0,3329000,0,0,0,0,2599000,1606000,24000,373000,0,493000,7353611,8083611,0,0,5928000,730000,0,608000,9,0.9444,0.0,0.0,5.0334,0.0,0.0,acumulacion_estable,calculado,alta,baja,balance_no_negativo,sin_factor_dominante,ninguna_relevante_para_el_periodo,La ventana entre 2026-04-01 y 2026-04-30 muestra un balance de 730000 COP y una cobertura estimada de 5.03 meses. Este resultado describe el periodo y no a la persona.,historia_controlada_recalculada_v2,train,acumulacion_estable,si,roadmap_14_mvp_estructurado_v2.0,fincoach_mvp_estructurado_v2.0,cee12a1a5d743647cdf93008d4648b0b311f2c6541177bd2ae85639c8437144c,3329000,0,0,0,1589000,1010000,0,0,0
VEN_0183_2,PERF_0183,dentro_del_mvp,2026-05-31,2026-04-01,2026-05-31,acumulada_61_dias,61,65,98.4615,8239000,0,0,100000,0,5198000,3065000,167000,733000,0,856000,7353611,10494611,0,0,13437000,3041000,0,752000,5,0.9672,25519.1257,0.1919,6.848,0.0,0.0,variable_resiliente,calculado,alta,baja,balance_no_negativo,sin_factor_dominante,ninguna_relevante_para_el_periodo,La ventana entre 2026-04-01 y 2026-05-31 muestra un balance de 3041000 COP y una cobertura estimada de 6.85 meses. Este resultado describe el periodo y no a la persona.,historia_controlada_recalculada_v2,train,acumulacion_estable,si,roadmap_14_mvp_estructurado_v2.0,fincoach_mvp_estructurado_v2.0,4b059f768ba49fea31bff5c0f1dc090a5de9c6b7b439f057fa0f9a4d01c0506a,8339000,0,0,0,3031000,2167000,0,0,0
VEN_0183_3,PERF_0183,dentro_del_mvp,2026-06-30,2026-04-01,2026-06-30,acumulada_91_dias,91,98,96.9388,13266000,0,0,190000,0,7797000,4657000,540000,733000,0,1160000,7353611,13012611,0,0,21063000,5469000,0,752000,9,0.9659,10246.4421,0.1751,8.3826,0.0,0.0,variable_resiliente,calculado,alta,baja,balance_no_negativo,sin_factor_dominante,ninguna_relevante_para_el_periodo,La ventana entre 2026-04-01 y 2026-06-30 muestra un balance de 5469000 COP y una cobertura estimada de 8.38 meses. Este resultado describe el periodo y no a la persona.,historia_controlada_recalculada_v2,train,acumulacion_estable,si,roadmap_14_mvp_estructurado_v2.0,fincoach_mvp_estructurado_v2.0,e9f50ec75230aa4268d6325c9280a72d72ad642c20dae1cc28d64cf616e5a7db,13456000,0,0,0,4542000,3255000,0,0,0
VEN_0184_1,PERF_0184,dentro_del_mvp,2026-04-30,2026-04-01,2026-04-30,acumulada_30_dias,30,33,96.9697,7179000,0,0,0,0,6272000,3773000,783000,0,304000,214000,2396570,3303570,10861862,10861862,13451000,907000,0,3881000,29,0.4598,0.0,0.0,0.8756,0.0,0.0,equilibrio_sostenible,calculado,alta,baja,balance_no_negativo,sin_factor_dominante,ninguna_relevante_para_el_periodo,La ventana entre 2026-04-01 y 2026-04-30 muestra un balance de 907000 COP y una cobertura estimada de 0.88 meses. Este resultado describe el periodo y no a la persona.,historia_controlada_recalculada_v2,test,equilibrio_sostenible,si,roadmap_14_mvp_estructurado_v2.0,fincoach_mvp_estructurado_v2.0,8ef6f30d14d00aa8497ff6eaaae00f16e5bcd17374579c2a915d393fda14bbc7,6951000,228000,0,0,4729000,1543000,0,304000,0
VEN_0184_2,PERF_0184,dentro_del_mvp,2026-05-31,2026-04-01,2026-05-31,acumulada_61_dias,61,66,98.4848,14187000,0,0,0,0,12544000,5854000,1055000,2154000,1017000,981000,2396570,4039570,10861862,10418862,26731000,1643000,0,6131000,60,0.5623,-3298.9071,0.0121,1.3801,0.0,-0.0408,equilibrio_sostenible,calculado,alta,baja,balance_no_negativo,sin_factor_dominante,ninguna_relevante_para_el_periodo,La ventana entre 2026-04-01 y 2026-05-31 muestra un balance de 1643000 COP y una cobertura estimada de 1.38 meses. Este resultado describe el periodo y no a la persona.,historia_controlada_recalculada_v2,test,equilibrio_sostenible,si,roadmap_14_mvp_estructurado_v2.0,fincoach_mvp_estructurado_v2.0,10cc1c031d3b4d34659fc4598911bc50cc4a08877373ea9ecae862c1c3f6266b,13959000,228000,0,0,8595000,3949000,443000,574000,0
VEN_0184_3,PERF_0184,dentro_del_mvp,2026-06-30,2026-04-01,2026-06-30,acumulada_91_dias,91,98,96.9388,21085000,0,0,0,0,18816000,10006000,1242000,3076000,1245000,1094000,2396570,4665570,10861862,10190862,39901000,2269000,0,6131000,90,0.6494,-2000.3603,0.0164,1.3988,0.0,-0.0618,equilibrio_sostenible,calculado,alta,baja,balance_no_negativo,sin_factor_dominante,ninguna_relevante_para_el_periodo,La ventana entre 2026-04-01 y 2026-06-30 muestra un balance de 2269000 COP y una cobertura estimada de 1.40 meses. Este resultado describe el periodo y no a la persona.,historia_controlada_recalculada_v2,test,equilibrio_sostenible,si,roadmap_14_mvp_estructurado_v2.0,fincoach_mvp_estructurado_v2.0,77136308e361fe4ffd7b3f023ece50a3f0c1cc60173966e3cbf958eed298a30b,20225000,860000,0,0,13157000,5659000,671000,574000,0
VEN_0185_1,PERF_0185,dentro_del_mvp,2026-04-30,2026-04-01,2026-04-30,acumulada_30_dias,30,28,100.0,500000,0,0,110000,0,3990000,2480000,686000,266000,195000,0,2726997,-653003,9349751,9349751,4490000,-3490000,3490000,3380000,29,0.0,0.0,0.0,0.0,0.0,0.0,situacion_critica,calculado,alta,baja,evidencia_temporal_disponible,balance_negativo,ninguna_relevante_para_el_periodo,La ventana entre 2026-04-01 y 2026-04-30 muestra un balance de -3490000 COP y una cobertura estimada de 0.00 meses. Este resultado describe el periodo y no a la persona.,historia_controlada_recalculada_v2,test,variable_resiliente,si,roadmap_14_mvp_estructurado_v2.0,fincoach_mvp_estructurado_v2.0,25891661ec403838ad1100911e39199d0d7c386020cbac248530c7e8aaae455c,500000,110000,0,0,2454000,1536000,0,195000,0
VEN_0185_2,PERF_0185,dentro_del_mvp,2026-05-31,2026-04-01,2026-05-31,acumulada_61_dias,61,50,100.0,1000000,0,0,110000,0,9335000,5544000,949000,1336000,604000,160000,2726997,-5498003,9349751,9116751,10335000,-8335000,8335000,8225000,60,0.0,-20306.0109,0.0,0.0,0.0,-0.0249,situacion_critica,calculado,alta,baja,evidencia_temporal_disponible,balance_negativo,ninguna_relevante_para_el_periodo,La ventana entre 2026-04-01 y 2026-05-31 muestra un balance de -8335000 COP y una cobertura estimada de 0.00 meses. Este resultado describe el periodo y no a la persona.,historia_controlada_recalculada_v2,test,variable_resiliente,si,roadmap_14_mvp_estructurado_v2.0,fincoach_mvp_estructurado_v2.0,d2090224be7826b112b3ff9b926d7bf28c0d94029c11cc9d630b4e97d96cb111,1000000,110000,0,0,6072000,3263000,233000,371000,0
VEN_0185_3,PERF_0185,dentro_del_mvp,2026-06-30,2026-04-01,2026-06-30,acumulada_91_dias,91,73,100.0,1500000,0,0,110000,0,14680000,8421000,1210000,2248000,1347000,160000,2726997,-10343003,9349751,8790751,16180000,-13180000,13180000,13070000,90,0.0,-8195.8206,0.0,0.0,0.0,-0.0598,situacion_critica,calculado,alta,baja,evidencia_temporal_disponible,balance_negativo,ninguna_relevante_para_el_periodo,La ventana entre 2026-04-01 y 2026-06-30 muestra un balance de -13180000 COP y una cobertura estimada de 0.00 meses. Este resultado describe el periodo y no a la persona.,historia_controlada_recalculada_v2,test,variable_resiliente,si,roadmap_14_mvp_estructurado_v2.0,fincoach_mvp_estructurado_v2.0,698ac460a525d265798b44719a615206d2efe44e2d3039db92dfd96dc93a2e65,1500000,110000,0,0,10429000,4251000,559000,788000,0
VEN_0186_1,PERF_0186,dentro_del_mvp,2026-04-30,2026-04-01,2026-04-30,acumulada_30_dias,30,32,100.0,4630000,0,0,110000,0,4180000,2356000,310000,631000,519000,161000,21390420,21950420,1999584,1779584,8810000,450000,0,2001000,3,0.9901,0.0,0.0,9.3168,0.0,-0.11,acumulacion_estable,calculado,alta,baja,balance_no_negativo,sin_factor_dominante,ninguna_relevante_para_el_periodo,La ventana entre 2026-04-01 y 2026-04-30 muestra un balance de 450000 COP y una cobertura estimada de 9.32 meses. Este resultado describe el periodo y no a la persona.,historia_controlada_recalculada_v2,test,uso_planificado_reserva,si,roadmap_14_mvp_estructurado_v2.0,fincoach_mvp_estructurado_v2.0,3732103a3df66fb9da0365f401e0a3b7f11b1b3c845a0480667ad541a9be209a,4630000,110000,0,0,3229000,951000,220000,299000,0
VEN_0186_2,PERF_0186,dentro_del_mvp,2026-05-31,2026-04-01,2026-05-31,acumulada_61_dias,61,66,96.9697,9690000,0,0,110000,0,15173000,7672000,540000,4061000,519000,786000,21390420,16017420,1999584,1779584,24863000,-5483000,5483000,7090000,34,0.7225,-104885.2459,0.0444,4.1756,0.0,-0.11,deterioro_reciente,calculado,alta,baja,evidencia_temporal_disponible,balance_negativo,ninguna_relevante_para_el_periodo,La ventana entre 2026-04-01 y 2026-05-31 muestra un balance de -5483000 COP y una cobertura estimada de 4.18 meses. Este resultado describe el periodo y no a la persona.,historia_controlada_recalculada_v2,test,uso_planificado_reserva,si,roadmap_14_mvp_estructurado_v2.0,fincoach_mvp_estructurado_v2.0,96fc252e281d8c6e3ba36d3b2637b4bb94f4ea3e0395aad609d9322b5d243285,9690000,110000,0,0,12051000,3122000,220000,299000,0
VEN_0186_3,PERF_0186,dentro_del_mvp,2026-06-30,2026-04-01,2026-06-30,acumulada_91_dias,91,100,97.0,15385000,0,0,110000,0,26166000,12954000,1349000,6165000,1508000,1030000,21390420,10719420,1999584,1779584,41551000,-10781000,10781000,11622000,64,0.4835,-28587.2816,0.0853,2.4825,0.0,-0.11,uso_planificado_reserva,calculado,alta,baja,evidencia_temporal_disponible,balance_negativo,ninguna_relevante_para_el_periodo,La ventana entre 2026-04-01 y 2026-06-30 muestra un balance de -10781000 COP y una cobertura estimada de 2.48 meses. Este resultado describe el periodo y no a la persona.,historia_controlada_recalculada_v2,test,uso_planificado_reserva,si,roadmap_14_mvp_estructurado_v2.0,fincoach_mvp_estructurado_v2.0,22f654f8db90dabeb8af7566f504d8d1bb25aa9d8a80ce5858e1ff5de9413c40,15385000,110000,0,0,21026000,5140000,220000,1288000,0
VEN_0187_1,PERF_0187,dentro_del_mvp,2026-04-30,2026-04-01,2026-04-30,acumulada_30_dias,30,23,91.3043,0,0,0,40000,0,4447000,3204000,126000,325000,0,370000,12634952,8227952,0,0,4447000,-4447000,4447000,4407000,29,0.6512,0.0,0.0,2.568,0.0,0.0,uso_planificado_reserva,calculado,alta,baja,evidencia_temporal_disponible,balance_negativo,motivo_de_periodos_sin_ingreso,La ventana entre 2026-04-01 y 2026-04-30 muestra un balance de -4447000 COP y una cobertura estimada de 2.57 meses. Este resultado describe el periodo y no a la persona.,historia_controlada_recalculada_v2,test,deterioro_reciente,si,roadmap_14_mvp_estructurado_v2.0,fincoach_mvp_estructurado_v2.0,69c33a26efad04558fed0be7a0e8a2be1a354c0330b06ba15acfb6abe5ae9b9a,40000,0,0,1,2101000,2346000,0,0,0
VEN_0187_2,PERF_0187,dentro_del_mvp,2026-05-31,2026-04-01,2026-05-31,acumulada_61_dias,61,43,95.3488,0,0,0,280000,0,8894000,5852000,708000,898000,0,657000,12634952,4020952,0,0,8894000,-8894000,8894000,8614000,60,0.3182,2430.0546,0.0,1.3742,0.0,0.0,fragilidad_sostenida,calculado,alta,baja,evidencia_temporal_disponible,balance_negativo,motivo_de_periodos_sin_ingreso,La ventana entre 2026-04-01 y 2026-05-31 muestra un balance de -8894000 COP y una cobertura estimada de 1.37 meses. Este resultado describe el periodo y no a la persona.,historia_controlada_recalculada_v2,test,deterioro_reciente,si,roadmap_14_mvp_estructurado_v2.0,fincoach_mvp_estructurado_v2.0,d4b32e2506bc5e88796a59b1e1dfa463e6f8fd1daa717ad264eb269b39ca7053,280000,0,0,2,4569000,4325000,0,0,0
VEN_0187_3,PERF_0187,dentro_del_mvp,2026-06-30,2026-04-01,2026-06-30,acumulada_91_dias,91,62,96.7742,0,0,0,380000,0,15353000,10135000,1160000,2275000,0,657000,12634952,-2338048,0,0,15353000,-15353000,15353000,14973000,90,0.0,-22911.007,0.0,0.0,0.0,0.0,situacion_critica,calculado,alta,baja,evidencia_temporal_disponible,balance_negativo,motivo_de_periodos_sin_ingreso,La ventana entre 2026-04-01 y 2026-06-30 muestra un balance de -15353000 COP y una cobertura estimada de 0.00 meses. Este resultado describe el periodo y no a la persona.,historia_controlada_recalculada_v2,test,deterioro_reciente,si,roadmap_14_mvp_estructurado_v2.0,fincoach_mvp_estructurado_v2.0,85621c4ac994336fad7ea2d100dc5fea6e44a1e297643bde7ec5979c9b11d968,380000,0,0,3,8847000,6506000,0,0,0
VEN_0188_1,PERF_0188,dentro_del_mvp,2026-04-30,2026-04-01,2026-04-30,acumulada_30_dias,30,30,96.6667,3770000,0,0,0,0,8335000,4972000,882000,1325000,502000,0,1374468,-3190532,17152613,16650613,12105000,-4565000,4565000,6780000,25,0.0,0.0,0.0,0.0,0.0,-0.0293,situacion_critica,calculado,alta,baja,evidencia_temporal_disponible,balance_negativo,ninguna_relevante_para_el_periodo,La ventana entre 2026-04-01 y 2026-04-30 muestra un balance de -4565000 COP y una cobertura estimada de 0.00 meses. Este resultado describe el periodo y no a la persona.,historia_controlada_recalculada_v2,validation,fragilidad_sostenida,si,roadmap_14_mvp_estructurado_v2.0,fincoach_mvp_estructurado_v2.0,d4324f9a12093c1298ad3ff566b6f75a8da75b03b1a081723703c35f474b98d6,3770000,0,0,0,6161000,2174000,502000,0,0
VEN_0188_2,PERF_0188,dentro_del_mvp,2026-05-31,2026-04-01,2026-05-31,acumulada_61_dias,61,61,95.082,7540000,0,709000,0,0,18973000,9105000,1169000,5125000,502000,860000,1374468,-9349532,17152613,17359613,26513000,-11433000,11433000,12939000,56,0.0,-35259.5628,0.0,0.0,0.0859,0.0121,situacion_critica,calculado,alta,baja,evidencia_temporal_disponible,balance_negativo,ninguna_relevante_para_el_periodo,La ventana entre 2026-04-01 y 2026-05-31 muestra un balance de -11433000 COP y una cobertura estimada de 0.00 meses. Este resultado describe el periodo y no a la persona.,historia_controlada_recalculada_v2,validation,fragilidad_sostenida,si,roadmap_14_mvp_estructurado_v2.0,fincoach_mvp_estructurado_v2.0,4d6e7509647e51db11476f9cb1ece4769bed26aef8b3371772a8b9550633dcef,8249000,0,0,0,13533000,5440000,502000,0,709000
VEN_0188_3,PERF_0188,dentro_del_mvp,2026-06-30,2026-04-01,2026-06-30,acumulada_91_dias,91,93,96.7742,15672000,0,1418000,0,0,29611000,15701000,1869000,7134000,1251000,1010000,1374468,-11146532,17152613,17319613,45283000,-13939000,13939000,17109000,86,0.0,34250.4053,0.3936,0.0,0.083,0.0097,situacion_critica,calculado,alta,baja,evidencia_temporal_disponible,balance_negativo,ninguna_relevante_para_el_periodo,La ventana entre 2026-04-01 y 2026-06-30 muestra un balance de -13939000 COP y una cobertura estimada de 0.00 meses. Este resultado describe el periodo y no a la persona.,historia_controlada_recalculada_v2,validation,fragilidad_sostenida,si,roadmap_14_mvp_estructurado_v2.0,fincoach_mvp_estructurado_v2.0,1e975e45b072367c4b97cb235046be8babe371317471aefbe1ab93c1fd246307,12728000,4362000,0,0,22817000,6794000,1251000,0,1418000
VEN_0189_1,PERF_0189,dentro_del_mvp,2026-04-30,2026-04-01,2026-04-30,acumulada_30_dias,30,28,96.4286,770000,0,401000,0,0,6012000,3304000,81000,1198000,887000,190000,670062,-4170938,13035604,13204604,6782000,-5242000,5242000,4841000,29,0.0,0.0,0.0,0.0,0.3424,0.013,situacion_critica,calculado,alta,baja,evidencia_temporal_disponible,balance_negativo,ninguna_relevante_para_el_periodo,La ventana entre 2026-04-01 y 2026-04-30 muestra un balance de -5242000 COP y una cobertura estimada de 0.00 meses. Este resultado describe el periodo y no a la persona.,historia_controlada_recalculada_v2,validation,situacion_critica,si,roadmap_14_mvp_estructurado_v2.0,fincoach_mvp_estructurado_v2.0,168a6fee4be481b84dcdd3c2252bd10e1c8e7c9037274c175372db03ab6b29bd,1171000,0,0,0,4693000,1319000,232000,655000,401000
VEN_0189_2,PERF_0189,dentro_del_mvp,2026-05-31,2026-04-01,2026-05-31,acumulada_61_dias,61,59,96.6102,3150000,0,1136000,0,0,13604000,7111000,921000,2737000,1204000,761000,670062,-8647938,13035604,13939604,16754000,-10454000,10454000,9318000,60,0.0,3356.2842,0.5111,0.0,0.265,0.0693,situacion_critica,calculado,alta,baja,evidencia_temporal_disponible,balance_negativo,ninguna_relevante_para_el_periodo,La ventana entre 2026-04-01 y 2026-05-31 muestra un balance de -10454000 COP y una cobertura estimada de 0.00 meses. Este resultado describe el periodo y no a la persona.,historia_controlada_recalculada_v2,validation,situacion_critica,si,roadmap_14_mvp_estructurado_v2.0,fincoach_mvp_estructurado_v2.0,cf7076ac256adbc1bef7d200cd01ec1a8a18c74baa3278544d9c25b9111f15c2,4286000,0,0,0,10659000,2945000,232000,972000,1136000
VEN_0189_3,PERF_0189,dentro_del_mvp,2026-06-30,2026-04-01,2026-06-30,acumulada_91_dias,91,90,95.5556,5412000,0,1871000,170000,0,21196000,11245000,1438000,3715000,1978000,761000,670062,-13072938,13035604,14121604,26608000,-15784000,15784000,13743000,90,0.0,-2073.5003,0.4062,0.0,0.251,0.0833,situacion_critica,calculado,alta,baja,evidencia_temporal_disponible,balance_negativo,ninguna_relevante_para_el_periodo,La ventana entre 2026-04-01 y 2026-06-30 muestra un balance de -15784000 COP y una cobertura estimada de 0.00 meses. Este resultado describe el periodo y no a la persona.,historia_controlada_recalculada_v2,validation,situacion_critica,si,roadmap_14_mvp_estructurado_v2.0,fincoach_mvp_estructurado_v2.0,ce6de1cf4d1320891abb9cda9b122857bfdd5027581c244afc76c045f503c044,7283000,170000,0,0,17064000,4132000,785000,1193000,1871000
VEN_0190_1,PERF_0190,dentro_del_mvp,2026-04-30,2026-04-01,2026-04-30,acumulada_30_dias,30,30,100.0,4419000,0,0,0,0,3808000,2357000,632000,294000,168000,0,4246608,4857608,6835957,6835957,8227000,611000,0,1555000,2,0.8968,0.0,0.0,2.0609,0.0,0.0,equilibrio_sostenible,calculado,alta,baja,balance_no_negativo,sin_factor_dominante,ninguna_relevante_para_el_periodo,La ventana entre 2026-04-01 y 2026-04-30 muestra un balance de 611000 COP y una cobertura estimada de 2.06 meses. Este resultado describe el periodo y no a la persona.,historia_controlada_recalculada_v2,train,acumulacion_estable,si,roadmap_14_mvp_estructurado_v2.0,fincoach_mvp_estructurado_v2.0,b6fe5697e312aaa11be9b2d4eec99e589da94a5ba1248c1eaf33d7e433535694,4419000,0,0,0,2537000,1271000,0,168000,0
VEN_0190_2,PERF_0190,dentro_del_mvp,2026-05-31,2026-04-01,2026-05-31,acumulada_61_dias,61,63,98.4127,11588000,0,0,240000,0,7616000,4211000,710000,1439000,168000,410000,4246608,8458608,6835957,6835957,19204000,3972000,0,2519000,0,1.0,44748.0874,0.2373,4.0174,0.0,0.0,variable_resiliente,calculado,alta,baja,balance_no_negativo,sin_factor_dominante,ninguna_relevante_para_el_periodo,La ventana entre 2026-04-01 y 2026-05-31 muestra un balance de 3972000 COP y una cobertura estimada de 4.02 meses. Este resultado describe el periodo y no a la persona.,historia_controlada_recalculada_v2,train,acumulacion_estable,si,roadmap_14_mvp_estructurado_v2.0,fincoach_mvp_estructurado_v2.0,923a8bbedcd8ae619a1b8e2c00ce826783075f05e8f03e146bae5b2d7a766071,11828000,0,0,0,5034000,2582000,0,168000,0
VEN_0190_3,PERF_0190,dentro_del_mvp,2026-06-30,2026-04-01,2026-06-30,acumulada_91_dias,91,96,98.9583,18718000,543000,0,480000,0,11424000,6226000,1333000,1964000,391000,410000,4246608,12563608,6835957,6724957,30685000,7837000,0,2519000,0,1.0,21006.125,0.2063,6.0538,0.0275,-0.0162,variable_resiliente,calculado,alta,baja,balance_no_negativo,sin_factor_dominante,ninguna_relevante_para_el_periodo,La ventana entre 2026-04-01 y 2026-06-30 muestra un balance de 7837000 COP y una cobertura estimada de 6.05 meses. Este resultado describe el periodo y no a la persona.,historia_controlada_recalculada_v2,train,acumulacion_estable,si,roadmap_14_mvp_estructurado_v2.0,fincoach_mvp_estructurado_v2.0,79d6b39c17f45040c0947d9bd7ade55d79b575e0cdedc967d092b3065ee07585,19198000,543000,0,0,8169000,3255000,111000,280000,0
VEN_0191_1,PERF_0191,dentro_del_mvp,2026-04-30,2026-04-01,2026-04-30,acumulada_30_dias,30,31,100.0,7759000,0,0,0,0,7049000,3145000,567000,2250000,651000,0,4069497,4779497,1796184,1564184,14808000,710000,0,3397000,18,0.7512,0.0,0.0,1.5197,0.0,-0.1292,equilibrio_sostenible,calculado,alta,baja,balance_no_negativo,sin_factor_dominante,ninguna_relevante_para_el_periodo,La ventana entre 2026-04-01 y 2026-04-30 muestra un balance de 710000 COP y una cobertura estimada de 1.52 meses. Este resultado describe el periodo y no a la persona.,historia_controlada_recalculada_v2,validation,equilibrio_sostenible,si,roadmap_14_mvp_estructurado_v2.0,fincoach_mvp_estructurado_v2.0,e70a5b4ca2c6dc822e9e445aa37dae265b113d21b2cfe4acf305a58fc375f3ef,4073000,3686000,0,0,5086000,1963000,232000,419000,0
VEN_0191_2,PERF_0191,dentro_del_mvp,2026-05-31,2026-04-01,2026-05-31,acumulada_61_dias,61,62,95.1613,15800000,549000,0,0,0,14098000,6645000,937000,4520000,896000,285000,4069497,6320497,1796184,1564184,30447000,2251000,0,3659000,22,0.8548,13234.9727,0.0178,1.9023,0.0336,-0.1292,equilibrio_sostenible,calculado,alta,baja,balance_no_negativo,sin_factor_dominante,ninguna_relevante_para_el_periodo,La ventana entre 2026-04-01 y 2026-05-31 muestra un balance de 2251000 COP y una cobertura estimada de 1.90 meses. Este resultado describe el periodo y no a la persona.,historia_controlada_recalculada_v2,validation,equilibrio_sostenible,si,roadmap_14_mvp_estructurado_v2.0,fincoach_mvp_estructurado_v2.0,ca3d64c3da30f0be5eabcca635bc9732085fe260b0c2c7cb9b64b219dc4cbd3d,12114000,4235000,0,0,9753000,4345000,232000,664000,0
VEN_0191_3,PERF_0191,dentro_del_mvp,2026-06-30,2026-04-01,2026-06-30,acumulada_91_dias,91,92,94.5652,23401000,549000,0,0,0,21147000,11632000,1365000,5111000,1432000,385000,4069497,6872497,1796184,1295184,45097000,2803000,0,6207000,52,0.9294,-6099.4415,0.0233,1.7725,0.0229,-0.2789,equilibrio_sostenible,calculado,alta,baja,balance_no_negativo,sin_factor_dominante,ninguna_relevante_para_el_periodo,La ventana entre 2026-04-01 y 2026-06-30 muestra un balance de 2803000 COP y una cobertura estimada de 1.77 meses. Este resultado describe el periodo y no a la persona.,historia_controlada_recalculada_v2,validation,equilibrio_sostenible,si,roadmap_14_mvp_estructurado_v2.0,fincoach_mvp_estructurado_v2.0,af8581345e8d145e7cf1738594754c35535f1beb2bbd3414aed9885462d17f6c,19715000,4235000,0,0,14260000,6887000,501000,931000,0
VEN_0192_1,PERF_0192,dentro_del_mvp,2026-04-30,2026-04-01,2026-04-30,acumulada_30_dias,30,33,100.0,5679000,396000,0,0,0,5631000,3138000,116000,1006000,455000,565000,13100343,13544343,11919121,11464121,11706000,444000,0,3316000,10,0.9548,0.0,0.0,4.3162,0.0652,-0.0382,acumulacion_estable,calculado,alta,baja,balance_no_negativo,sin_factor_dominante,ninguna_relevante_para_el_periodo,La ventana entre 2026-04-01 y 2026-04-30 muestra un balance de 444000 COP y una cobertura estimada de 4.32 meses. Este resultado describe el periodo y no a la persona.,historia_controlada_recalculada_v2,train,variable_resiliente,si,roadmap_14_mvp_estructurado_v2.0,fincoach_mvp_estructurado_v2.0,dc140ef6beaff7d7b059b7570bf75c9d8c8da34f98e40a4c5b0bd06221e7f95f,5679000,396000,0,0,2693000,2938000,455000,0,0
VEN_0192_2,PERF_0192,dentro_del_mvp,2026-05-31,2026-04-01,2026-05-31,acumulada_61_dias,61,66,100.0,10251000,396000,0,0,0,13174000,7565000,654000,1625000,864000,565000,13100343,10573343,11919121,11464121,23821000,-2527000,2527000,4196000,41,0.7454,-56226.2295,0.108,2.7953,0.0372,-0.0382,deterioro_reciente,calculado,alta,baja,evidencia_temporal_disponible,balance_negativo,ninguna_relevante_para_el_periodo,La ventana entre 2026-04-01 y 2026-05-31 muestra un balance de -2527000 COP y una cobertura estimada de 2.80 meses. Este resultado describe el periodo y no a la persona.,historia_controlada_recalculada_v2,train,variable_resiliente,si,roadmap_14_mvp_estructurado_v2.0,fincoach_mvp_estructurado_v2.0,6d545eaa8788fda4a36078ac0b6412b9a705e15b369a6f7560ace5f6f0fee11c,9766000,881000,0,0,9003000,4171000,455000,409000,0
VEN_0192_3,PERF_0192,dentro_del_mvp,2026-06-30,2026-04-01,2026-06-30,acumulada_91_dias,91,98,98.9796,14556000,887000,0,0,0,20717000,12415000,1358000,2834000,864000,565000,13100343,7826343,11919121,11464121,36160000,-5274000,5274000,7753000,71,0.5517,-16529.8144,0.1226,1.8912,0.0574,-0.0382,uso_planificado_reserva,calculado,alta,baja,evidencia_temporal_disponible,balance_negativo,ninguna_relevante_para_el_periodo,La ventana entre 2026-04-01 y 2026-06-30 muestra un balance de -5274000 COP y una cobertura estimada de 1.89 meses. Este resultado describe el periodo y no a la persona.,historia_controlada_recalculada_v2,train,variable_resiliente,si,roadmap_14_mvp_estructurado_v2.0,fincoach_mvp_estructurado_v2.0,053f57a4bac9c11fd5910f57ea8ff97e61f9eb8199fcfd5c562d9b923ca311d6,14071000,1372000,0,0,13455000,7262000,455000,409000,0
VEN_0193_1,PERF_0193,dentro_del_mvp,2026-04-30,2026-04-01,2026-04-30,acumulada_30_dias,30,31,96.7742,4881000,0,0,0,0,3116000,1883000,279000,627000,174000,39000,11409675,13174675,5373079,5373079,7997000,1765000,0,1047000,0,1.0,0.0,0.0,6.9966,0.0,0.0,acumulacion_estable,calculado,alta,baja,balance_no_negativo,sin_factor_dominante,ninguna_relevante_para_el_periodo,La ventana entre 2026-04-01 y 2026-04-30 muestra un balance de 1765000 COP y una cobertura estimada de 7.00 meses. Este resultado describe el periodo y no a la persona.,historia_controlada_recalculada_v2,train,uso_planificado_reserva,si,roadmap_14_mvp_estructurado_v2.0,fincoach_mvp_estructurado_v2.0,452896c879b39f042e5458c430eb668d4cb9537b2addc241c689a6ec5cfcbbbf,3959000,922000,0,0,2459000,657000,0,174000,0
VEN_0193_2,PERF_0193,dentro_del_mvp,2026-05-31,2026-04-01,2026-05-31,acumulada_61_dias,61,61,96.7213,8224000,0,0,170000,0,11311000,6049000,279000,2623000,578000,1092000,11409675,8492675,5373079,4969079,19535000,-3087000,3087000,5516000,32,0.6446,-109439.8907,0.187,2.808,0.0,-0.0752,deterioro_reciente,calculado,alta,baja,evidencia_temporal_disponible,balance_negativo,ninguna_relevante_para_el_periodo,La ventana entre 2026-04-01 y 2026-05-31 muestra un balance de -3087000 COP y una cobertura estimada de 2.81 meses. Este resultado describe el periodo y no a la persona.,historia_controlada_recalculada_v2,train,uso_planificado_reserva,si,roadmap_14_mvp_estructurado_v2.0,fincoach_mvp_estructurado_v2.0,b685917ddd189a88637ec0e0170cfc60ee8f83c1edaa5c2f94c7ac8bdfe619d9,7302000,1092000,0,0,7839000,3472000,404000,174000,0
VEN_0193_3,PERF_0193,dentro_del_mvp,2026-06-30,2026-04-01,2026-06-30,acumulada_91_dias,91,91,97.8022,11673000,0,0,170000,0,19506000,11504000,1192000,2623000,877000,2187000,11409675,3746675,5373079,4969079,31179000,-7833000,7833000,9428000,62,0.2844,-35470.3657,0.1803,0.9771,0.0,-0.0752,fragilidad_sostenida,calculado,alta,baja,evidencia_temporal_disponible,balance_negativo,ninguna_relevante_para_el_periodo,La ventana entre 2026-04-01 y 2026-06-30 muestra un balance de -7833000 COP y una cobertura estimada de 0.98 meses. Este resultado describe el periodo y no a la persona.,historia_controlada_recalculada_v2,train,uso_planificado_reserva,si,roadmap_14_mvp_estructurado_v2.0,fincoach_mvp_estructurado_v2.0,37f27814c966e0e8ff44699e888fc3c143287b8c2c73058bb02a1470a3fee123,10751000,1092000,0,0,12628000,6878000,404000,473000,0
VEN_0194_1,PERF_0194,dentro_del_mvp,2026-04-30,2026-04-01,2026-04-30,acumulada_30_dias,30,34,94.1176,7682000,0,0,30000,0,6718000,2337000,567000,2009000,1091000,319000,3654389,4648389,6784325,6133325,14400000,964000,0,1774000,8,0.7518,0.0,0.0,1.989,0.0,-0.096,equilibrio_sostenible,calculado,alta,baja,balance_no_negativo,sin_factor_dominante,ninguna_relevante_para_el_periodo,La ventana entre 2026-04-01 y 2026-04-30 muestra un balance de 964000 COP y una cobertura estimada de 1.99 meses. Este resultado describe el periodo y no a la persona.,historia_controlada_recalculada_v2,validation,deterioro_reciente,si,roadmap_14_mvp_estructurado_v2.0,fincoach_mvp_estructurado_v2.0,dfd5ef9f75a65757ff26063b3e58133d922aa6f446021f19c3e07bab2b4193ca,5561000,2151000,0,0,5941000,777000,651000,440000,0
VEN_0194_2,PERF_0194,dentro_del_mvp,2026-05-31,2026-04-01,2026-05-31,acumulada_61_dias,61,67,97.0149,14895000,0,0,30000,0,13436000,5888000,1194000,2856000,2036000,546000,3654389,5143389,6784325,5454325,28331000,1459000,0,5125000,39,0.8318,-8215.3005,0.0315,1.7471,0.0,-0.196,equilibrio_sostenible,calculado,alta,baja,balance_no_negativo,sin_factor_dominante,ninguna_relevante_para_el_periodo,La ventana entre 2026-04-01 y 2026-05-31 muestra un balance de 1459000 COP y una cobertura estimada de 1.75 meses. Este resultado describe el periodo y no a la persona.,historia_controlada_recalculada_v2,validation,deterioro_reciente,si,roadmap_14_mvp_estructurado_v2.0,fincoach_mvp_estructurado_v2.0,f49b3b9c429e725f9c3a27650a46c6656369c45e780ccb24073275008065a59b,12774000,2151000,0,0,10663000,2773000,1330000,706000,0
VEN_0194_3,PERF_0194,dentro_del_mvp,2026-06-30,2026-04-01,2026-06-30,acumulada_91_dias,91,100,96.0,20431000,0,0,250000,0,23195000,10321000,1278000,5143000,3156000,697000,3654389,1140389,6784325,5131325,43626000,-2764000,2764000,5125000,69,0.1844,-54291.6592,0.1353,0.3315,0.0,-0.2436,fragilidad_sostenida,calculado,alta,baja,evidencia_temporal_disponible,balance_negativo,ninguna_relevante_para_el_periodo,La ventana entre 2026-04-01 y 2026-06-30 muestra un balance de -2764000 COP y una cobertura estimada de 0.33 meses. Este resultado describe el periodo y no a la persona.,historia_controlada_recalculada_v2,validation,deterioro_reciente,si,roadmap_14_mvp_estructurado_v2.0,fincoach_mvp_estructurado_v2.0,fa955bf488910321ced3bb5def3343fd5900dc08e2caa0c13e1da32cf267b20d,18310000,2371000,0,0,18567000,4628000,1653000,1503000,0
VEN_0195_1,PERF_0195,dentro_del_mvp,2026-04-30,2026-04-01,2026-04-30,acumulada_30_dias,30,31,93.5484,2808000,0,0,0,0,4837000,3662000,232000,195000,342000,73000,148716,-1880284,11110135,11110135,7645000,-2029000,2029000,2558000,29,0.0,0.0,0.0,0.0,0.0,0.0,situacion_critica,calculado,alta,baja,evidencia_temporal_disponible,balance_negativo,ninguna_relevante_para_el_periodo,La ventana entre 2026-04-01 y 2026-04-30 muestra un balance de -2029000 COP y una cobertura estimada de 0.00 meses. Este resultado describe el periodo y no a la persona.,historia_controlada_recalculada_v2,validation,fragilidad_sostenida,si,roadmap_14_mvp_estructurado_v2.0,fincoach_mvp_estructurado_v2.0,b5b9b37ffeb2c6fb2d3443358d6b001783e9a32f110a711d61bb3428bc364f8d,0,0,2808000,0,2575000,2262000,0,342000,0
VEN_0195_2,PERF_0195,dentro_del_mvp,2026-05-31,2026-04-01,2026-05-31,acumulada_61_dias,61,53,96.2264,2808000,0,412000,220000,0,11011000,7225000,895000,853000,774000,73000,148716,-7422284,11110135,11090135,13819000,-8203000,8203000,8100000,60,0.0,-66842.0765,1.0,0.0,0.1198,-0.0018,situacion_critica,calculado,alta,baja,evidencia_temporal_disponible,balance_negativo,motivo_de_periodos_sin_ingreso,La ventana entre 2026-04-01 y 2026-05-31 muestra un balance de -8203000 COP y una cobertura estimada de 0.00 meses. Este resultado describe el periodo y no a la persona.,historia_controlada_recalculada_v2,validation,fragilidad_sostenida,si,roadmap_14_mvp_estructurado_v2.0,fincoach_mvp_estructurado_v2.0,7b17124c05780861dbc486dd7734790331e236d4cc90fbedc04365ef65fab1a1,412000,220000,2808000,1,6786000,4225000,432000,342000,412000
VEN_0195_3,PERF_0195,dentro_del_mvp,2026-06-30,2026-04-01,2026-06-30,acumulada_91_dias,91,83,97.5904,4950000,0,824000,220000,0,17185000,10933000,1505000,1786000,1128000,73000,148716,-11042284,11110135,11502135,22135000,-12235000,12235000,11725000,90,0.0,24.8604,0.7261,0.0,0.1375,0.0353,situacion_critica,calculado,alta,baja,evidencia_temporal_disponible,balance_negativo,motivo_de_periodos_sin_ingreso,La ventana entre 2026-04-01 y 2026-06-30 muestra un balance de -12235000 COP y una cobertura estimada de 0.00 meses. Este resultado describe el periodo y no a la persona.,historia_controlada_recalculada_v2,validation,fragilidad_sostenida,si,roadmap_14_mvp_estructurado_v2.0,fincoach_mvp_estructurado_v2.0,b5c580968f6cc1c0f1f68d36c24d34fe0946d06ce57df55aa075741cb4b7f2ee,824000,220000,4950000,1,11220000,5965000,432000,696000,824000
VEN_0196_1,PERF_0196,dentro_del_mvp,2026-04-30,2026-04-01,2026-04-30,acumulada_30_dias,30,32,96.875,2554000,0,1480000,90000,0,11304000,6884000,1111000,1463000,0,0,232889,-6947111,16228171,17708171,13858000,-8750000,8750000,7180000,29,0.0,0.0,0.0,0.0,0.3589,0.0912,situacion_critica,calculado,alta,baja,evidencia_temporal_disponible,balance_negativo,ninguna_relevante_para_el_periodo,La ventana entre 2026-04-01 y 2026-04-30 muestra un balance de -8750000 COP y una cobertura estimada de 0.00 meses. Este resultado describe el periodo y no a la persona.,historia_controlada_recalculada_v2,validation,situacion_critica,si,roadmap_14_mvp_estructurado_v2.0,fincoach_mvp_estructurado_v2.0,6c230c54b4ab015c295c8d7efc54dca9757bd0a0c26c95d90bb7e22777532010,3398000,726000,0,0,8564000,2740000,0,0,1480000
VEN_0196_2,PERF_0196,dentro_del_mvp,2026-05-31,2026-04-01,2026-05-31,acumulada_61_dias,61,66,98.4848,6224000,0,2862000,90000,0,25579000,14031000,1610000,5577000,1246000,829000,232889,-16170111,16228171,18279171,31803000,-19355000,19355000,16403000,60,0.0,-25628.4153,0.1793,0.0,0.3119,0.1264,situacion_critica,calculado,alta,baja,evidencia_temporal_disponible,balance_negativo,ninguna_relevante_para_el_periodo,La ventana entre 2026-04-01 y 2026-05-31 muestra un balance de -19355000 COP y una cobertura estimada de 0.00 meses. Este resultado describe el periodo y no a la persona.,historia_controlada_recalculada_v2,validation,situacion_critica,si,roadmap_14_mvp_estructurado_v2.0,fincoach_mvp_estructurado_v2.0,723f279e5a433b143cfb19f9be4e04d2b87f5e873f74154ec70345343d1288ca,8450000,726000,0,0,19074000,6505000,811000,435000,2862000
VEN_0196_3,PERF_0196,dentro_del_mvp,2026-06-30,2026-04-01,2026-06-30,acumulada_91_dias,91,100,98.0,9890000,0,3634000,310000,0,39854000,20095000,3074000,9948000,2220000,1033000,232889,-25787111,16228171,19051171,49744000,-29964000,29964000,26539000,90,0.0,-11979.6433,0.1593,0.0,0.2627,0.174,situacion_critica,calculado,alta,baja,evidencia_temporal_disponible,balance_negativo,ninguna_relevante_para_el_periodo,La ventana entre 2026-04-01 y 2026-06-30 muestra un balance de -29964000 COP y una cobertura estimada de 0.00 meses. Este resultado describe el periodo y no a la persona.,historia_controlada_recalculada_v2,validation,situacion_critica,si,roadmap_14_mvp_estructurado_v2.0,fincoach_mvp_estructurado_v2.0,e1926553a418b095256b5172253219b209f1be782914642b6c7f63076b38f236,12336000,1498000,0,0,31330000,8524000,811000,1409000,3634000
VEN_0197_1,PERF_0197,dentro_del_mvp,2026-04-30,2026-04-01,2026-04-30,acumulada_30_dias,30,21,100.0,860000,0,0,0,0,6544000,3930000,690000,926000,200000,497000,15958779,10274779,11657711,11657711,7404000,-5684000,5684000,5684000,29,0.6438,0.0,0.0,2.6144,0.0,0.0,uso_planificado_reserva,calculado,alta,baja,evidencia_temporal_disponible,balance_negativo,ninguna_relevante_para_el_periodo,La ventana entre 2026-04-01 y 2026-04-30 muestra un balance de -5684000 COP y una cobertura estimada de 2.61 meses. Este resultado describe el periodo y no a la persona.,historia_controlada_recalculada_v2,validation,acumulacion_estable,si,roadmap_14_mvp_estructurado_v2.0,fincoach_mvp_estructurado_v2.0,8562641a617a509c6812de4febdb16165a4eb41625db20392b854ef77929e02d,860000,0,0,0,3970000,2574000,0,200000,0
VEN_0197_2,PERF_0197,dentro_del_mvp,2026-05-31,2026-04-01,2026-05-31,acumulada_61_dias,61,43,95.3488,1720000,0,2556000,0,0,13088000,7758000,1260000,2156000,682000,497000,15958779,7146779,11657711,13970711,14808000,-11368000,11368000,9114000,60,0.4478,3106.0109,0.0,1.8424,0.5978,0.1984,fragilidad_sostenida,calculado,alta,baja,evidencia_temporal_disponible,balance_negativo,ninguna_relevante_para_el_periodo,La ventana entre 2026-04-01 y 2026-05-31 muestra un balance de -11368000 COP y una cobertura estimada de 1.84 meses. Este resultado describe el periodo y no a la persona.,historia_controlada_recalculada_v2,validation,acumulacion_estable,si,roadmap_14_mvp_estructurado_v2.0,fincoach_mvp_estructurado_v2.0,49140cd3ed35f08bc2067a5eee7bd723d08894c035bbd08935b2024662120bfb,1720000,2556000,0,0,7840000,5248000,243000,439000,2556000
VEN_0197_3,PERF_0197,dentro_del_mvp,2026-06-30,2026-04-01,2026-06-30,acumulada_91_dias,91,63,96.8254,2580000,0,2556000,0,0,19632000,11773000,1491000,3374000,988000,1114000,15958779,1462779,11657711,13970711,22212000,-17052000,17052000,14496000,90,0.0917,-1023.9596,0.0,0.3727,0.4977,0.1984,fragilidad_sostenida,calculado,alta,baja,evidencia_temporal_disponible,balance_negativo,ninguna_relevante_para_el_periodo,La ventana entre 2026-04-01 y 2026-06-30 muestra un balance de -17052000 COP y una cobertura estimada de 0.37 meses. Este resultado describe el periodo y no a la persona.,historia_controlada_recalculada_v2,validation,acumulacion_estable,si,roadmap_14_mvp_estructurado_v2.0,fincoach_mvp_estructurado_v2.0,180777a8594a3550c883ab62957440a92ab09c6ffbf7588edb9c7166bfaba096,2580000,2556000,0,0,12025000,7607000,243000,745000,2556000
VEN_0198_1,PERF_0198,dentro_del_mvp,2026-04-30,2026-04-01,2026-04-30,acumulada_30_dias,30,32,90.625,6390000,0,0,0,151000,6049000,3926000,1087000,0,0,302000,1955574,2447574,0,0,12439000,341000,0,5298000,2,0.8031,0.0,0.0,0.6234,0.0231,0.0,equilibrio_sostenible,calculado,alta,baja,balance_no_negativo,sin_factor_dominante,ninguna_relevante_para_el_periodo,La ventana entre 2026-04-01 y 2026-04-30 muestra un balance de 341000 COP y una cobertura estimada de 0.62 meses. Este resultado describe el periodo y no a la persona.,historia_controlada_recalculada_v2,train,equilibrio_sostenible,si,roadmap_14_mvp_estructurado_v2.0,fincoach_mvp_estructurado_v2.0,682de70c77f0372e415558f8cd1b34d0ac6ae2ce18b10cc792b236d687bd43fc,6390000,151000,0,0,4421000,1628000,0,0,0
VEN_0198_2,PERF_0198,dentro_del_mvp,2026-05-31,2026-04-01,2026-05-31,acumulada_61_dias,61,64,89.0625,12790000,0,0,0,151000,12098000,7675000,1311000,891000,0,883000,1955574,2798574,0,0,24888000,692000,0,6522000,33,0.9183,-22.4044,0.0008,0.7293,0.0117,0.0,equilibrio_sostenible,calculado,alta,media,balance_no_negativo,sin_factor_dominante,ninguna_relevante_para_el_periodo,La ventana entre 2026-04-01 y 2026-05-31 muestra un balance de 692000 COP y una cobertura estimada de 0.73 meses. Este resultado describe el periodo y no a la persona.,historia_controlada_recalculada_v2,train,equilibrio_sostenible,si,roadmap_14_mvp_estructurado_v2.0,fincoach_mvp_estructurado_v2.0,8f2878d832028d80cb603d8d0efe4da7e15a51b6d003e2084c61307de8891dbb,12790000,151000,0,0,8664000,3434000,0,0,0
VEN_0198_3,PERF_0198,dentro_del_mvp,2026-06-30,2026-04-01,2026-06-30,acumulada_91_dias,91,96,92.7083,19418000,0,0,0,790000,18147000,11037000,2106000,2399000,0,883000,1955574,4016574,0,0,37565000,1271000,0,6522000,2,0.9675,2622.7707,0.017,1.0918,0.0391,0.0,equilibrio_sostenible,calculado,alta,baja,balance_no_negativo,sin_factor_dominante,ninguna_relevante_para_el_periodo,La ventana entre 2026-04-01 y 2026-06-30 muestra un balance de 1271000 COP y una cobertura estimada de 1.09 meses. Este resultado describe el periodo y no a la persona.,historia_controlada_recalculada_v2,train,equilibrio_sostenible,si,roadmap_14_mvp_estructurado_v2.0,fincoach_mvp_estructurado_v2.0,f5713bfbcf0abb2e52cfbe3dc51484b5383fcacdb2ed41d1c7ce38daf729f963,12790000,7418000,0,0,13830000,4317000,0,0,0
VEN_0199_1,PERF_0199,dentro_del_mvp,2026-04-30,2026-04-01,2026-04-30,acumulada_30_dias,30,31,90.3226,3946000,0,0,0,0,3660000,1725000,148000,575000,474000,194000,6824982,7110982,3122861,2958861,7606000,286000,0,2642000,2,0.9636,0.0,0.0,4.1223,0.0,-0.0525,acumulacion_estable,calculado,alta,baja,balance_no_negativo,sin_factor_dominante,ninguna_relevante_para_el_periodo,La ventana entre 2026-04-01 y 2026-04-30 muestra un balance de 286000 COP y una cobertura estimada de 4.12 meses. Este resultado describe el periodo y no a la persona.,historia_controlada_recalculada_v2,validation,variable_resiliente,si,roadmap_14_mvp_estructurado_v2.0,fincoach_mvp_estructurado_v2.0,b4e332f5f3069cfd7d949cafdd2a56443fcbb41fd2c8c1956aa4f853852bc96d,3946000,0,0,0,2539000,1121000,164000,310000,0
VEN_0199_2,PERF_0199,dentro_del_mvp,2026-05-31,2026-04-01,2026-05-31,acumulada_61_dias,61,62,93.5484,9790000,0,0,0,102000,6218000,3281000,303000,1114000,588000,194000,6824982,10498982,3122861,2844861,16008000,3572000,0,2642000,2,0.9762,49024.0437,0.1939,6.3999,0.0103,-0.089,variable_resiliente,calculado,alta,baja,balance_no_negativo,sin_factor_dominante,ninguna_relevante_para_el_periodo,La ventana entre 2026-04-01 y 2026-05-31 muestra un balance de 3572000 COP y una cobertura estimada de 6.40 meses. Este resultado describe el periodo y no a la persona.,historia_controlada_recalculada_v2,validation,variable_resiliente,si,roadmap_14_mvp_estructurado_v2.0,fincoach_mvp_estructurado_v2.0,09c0ac28ffd946c08cdf9282e630932872f67f6711ec818df47942300c6998fd,9790000,102000,0,0,4013000,2205000,278000,310000,0
VEN_0199_3,PERF_0199,dentro_del_mvp,2026-06-30,2026-04-01,2026-06-30,acumulada_91_dias,91,92,95.6522,15614000,0,0,0,102000,8776000,4743000,369000,1702000,688000,194000,6824982,13764982,3122861,2744861,24390000,6838000,0,2642000,2,0.9892,16585.4801,0.171,8.7065,0.0065,-0.121,variable_resiliente,calculado,alta,baja,balance_no_negativo,sin_factor_dominante,ninguna_relevante_para_el_periodo,La ventana entre 2026-04-01 y 2026-06-30 muestra un balance de 6838000 COP y una cobertura estimada de 8.71 meses. Este resultado describe el periodo y no a la persona.,historia_controlada_recalculada_v2,validation,variable_resiliente,si,roadmap_14_mvp_estructurado_v2.0,fincoach_mvp_estructurado_v2.0,3bfc816bd909c85427ffb235102866bb479c5421a6489067bb7731799732ec7a,15614000,102000,0,0,5281000,3495000,378000,310000,0
VEN_0200_1,PERF_0200,dentro_del_mvp,2026-04-30,2026-04-01,2026-04-30,acumulada_30_dias,30,20,100.0,500000,0,0,0,420000,2949000,2167000,191000,318000,0,0,11241419,9212419,0,0,3449000,-2449000,2449000,2141000,28,0.8195,0.0,0.0,4.2512,0.4565,0.0,uso_planificado_reserva,calculado,alta,baja,evidencia_temporal_disponible,balance_negativo,ninguna_relevante_para_el_periodo,La ventana entre 2026-04-01 y 2026-04-30 muestra un balance de -2449000 COP y una cobertura estimada de 4.25 meses. Este resultado describe el periodo y no a la persona.,historia_controlada_recalculada_v2,train,uso_planificado_reserva,si,roadmap_14_mvp_estructurado_v2.0,fincoach_mvp_estructurado_v2.0,341a7e916687d191f736bb16ec2816b9ebafaf3167da9cbe97c875e073721747,500000,420000,0,0,1919000,1030000,0,0,0
VEN_0200_2,PERF_0200,dentro_del_mvp,2026-05-31,2026-04-01,2026-05-31,acumulada_61_dias,61,40,95.0,1000000,0,0,130000,420000,10704000,8485000,330000,318000,0,444000,11241419,2087419,0,0,11704000,-9704000,9704000,9154000,59,0.1857,-77448.6339,0.0,0.492,0.271,0.0,fragilidad_sostenida,calculado,alta,baja,evidencia_temporal_disponible,balance_negativo,ninguna_relevante_para_el_periodo,La ventana entre 2026-04-01 y 2026-05-31 muestra un balance de -9704000 COP y una cobertura estimada de 0.49 meses. Este resultado describe el periodo y no a la persona.,historia_controlada_recalculada_v2,train,uso_planificado_reserva,si,roadmap_14_mvp_estructurado_v2.0,fincoach_mvp_estructurado_v2.0,4446a0d1e69c1913db93638882a1faf276ca301dc258d153c5f95c795060dc0c,1000000,550000,0,0,6350000,4354000,0,0,0
VEN_0200_3,PERF_0200,dentro_del_mvp,2026-06-30,2026-04-01,2026-06-30,acumulada_91_dias,91,60,96.6667,1500000,0,0,300000,420000,18459000,13495000,1192000,1507000,0,649000,11241419,-4997581,0,0,19959000,-16959000,16959000,16239000,89,0.0,-27280.6701,0.0,0.0,0.1892,0.0,situacion_critica,calculado,alta,baja,evidencia_temporal_disponible,balance_negativo,ninguna_relevante_para_el_periodo,La ventana entre 2026-04-01 y 2026-06-30 muestra un balance de -16959000 COP y una cobertura estimada de 0.00 meses. Este resultado describe el periodo y no a la persona.,historia_controlada_recalculada_v2,train,uso_planificado_reserva,si,roadmap_14_mvp_estructurado_v2.0,fincoach_mvp_estructurado_v2.0,02b8a25706f7f3dd13bfc174ca4ce868608cb8f3d5e4ea9ea365649f958c476c,1500000,720000,0,0,11411000,7048000,0,0,0
