ventana_id,perfil_id,estado_alcance_mvp,fecha_corte,periodo_desde,periodo_hasta,tipo_ventana,dias_observados,transacciones_observadas,porcentaje_transacciones_clasificables,ingresos_generados,apoyos_recibidos,prestamos_recibidos,devoluciones_y_reembolsos,otros_recursos_recibidos,gastos_totales,gastos_esenciales,gastos_hobbies,inversion_productiva,pagos_deuda,transferencias_propias,liquidez_inicial,liquidez_final,deuda_inicial,deuda_final,actividad_A,balance_operativo_B,presion_deficit_Q,caida_maxima_M,tiempo_sin_recuperar_U_dias,recuperacion_R,curvatura_K,variabilidad_ingresos_V,cobertura_esencial_L_meses,dependencia_externa_X,crecimiento_deuda_J,estado_trayectoria,estado_calculo,calidad_datos,nivel_incertidumbre,factores_positivos,factores_atencion,informacion_faltante,explicacion_periodo,fuente_etiqueta,particion,historia_financiera_controlada,es_sintetico,version_metodologia,version_esquema,huella_registro,ingresos_fijos,ingresos_variables,ingresos_estacionales,periodos_sin_ingreso,gastos_fijos,gastos_variables,pagos_capital,pagos_intereses,nueva_deuda
VEN_0001_1,PERF_0001,dentro_del_mvp,2026-04-30,2026-04-01,2026-04-30,acumulada_30_dias,30,31,93.5484,1350000,0,0,0,0,3534000,2754000,177000,333000,135000,0,1662767,-521233,8031665,7896665,4884000,-2184000,2184000,2764000,25,0.0,0.0,0.0,0.0,0.0,-0.0168,situacion_critica,calculado,alta,baja,evidencia_temporal_disponible,balance_negativo,ninguna_relevante_para_el_periodo,La ventana entre 2026-04-01 y 2026-04-30 muestra un balance de -2184000 COP y una cobertura estimada de 0.00 meses. Este resultado describe el periodo y no a la persona.,historia_controlada_recalculada_v2,train,acumulacion_estable,si,roadmap_14_mvp_estructurado_v3.0,fincoach_mvp_estructurado_v3.0,dffa487dbee60b9266a90a6dcae8010bd2e06dca6ec15ba112211cb0f105faf8,1350000,0,0,0,1736000,1798000,135000,0,0
VEN_0001_2,PERF_0001,dentro_del_mvp,2026-05-31,2026-04-01,2026-05-31,acumulada_61_dias,61,63,95.2381,6283000,0,0,0,0,7068000,4417000,322000,1516000,389000,33000,1662767,877767,8031665,7642665,13351000,-785000,785000,4260000,56,0.3914,59931.1475,0.5703,0.3974,0.0,-0.0484,fragilidad_sostenida,calculado,alta,baja,evidencia_temporal_disponible,balance_negativo,ninguna_relevante_para_el_periodo,La ventana entre 2026-04-01 y 2026-05-31 muestra un balance de -785000 COP y una cobertura estimada de 0.40 meses. Este resultado describe el periodo y no a la persona.,historia_controlada_recalculada_v2,train,acumulacion_estable,si,roadmap_14_mvp_estructurado_v3.0,fincoach_mvp_estructurado_v3.0,959b591af33e9c59e83497ed2ea94f2d3e8edfe9e85076af55cf82daf0ae3d4e,6283000,0,0,0,4070000,2998000,389000,0,0
VEN_0001_3,PERF_0001,dentro_del_mvp,2026-06-30,2026-04-01,2026-06-30,acumulada_91_dias,91,96,94.7917,13430000,0,0,0,0,10602000,6811000,598000,1749000,662000,168000,1662767,4490767,8031665,7512665,24032000,2828000,0,4260000,0,1.0,43945.7755,0.5335,1.978,0.0,-0.0646,variable_resiliente,calculado,alta,baja,balance_no_negativo,sin_factor_dominante,ninguna_relevante_para_el_periodo,La ventana entre 2026-04-01 y 2026-06-30 muestra un balance de 2828000 COP y una cobertura estimada de 1.98 meses. Este resultado describe el periodo y no a la persona.,historia_controlada_recalculada_v2,train,acumulacion_estable,si,roadmap_14_mvp_estructurado_v3.0,fincoach_mvp_estructurado_v3.0,73c6e253d5346783bc6283cb0729f2a8170757d52feb0f0d483d62cdc741072b,13430000,0,0,0,6466000,4136000,519000,143000,0
VEN_0002_1,PERF_0002,dentro_del_mvp,2026-04-30,2026-04-01,2026-04-30,acumulada_30_dias,30,30,96.6667,1060000,0,0,0,0,3583000,2241000,116000,656000,0,363000,10224606,7701606,3753786,3753786,4643000,-2523000,2523000,2523000,28,0.7532,0.0,0.0,3.4367,0.0,0.0,uso_planificado_reserva,calculado,alta,baja,evidencia_temporal_disponible,balance_negativo,ninguna_relevante_para_el_periodo,La ventana entre 2026-04-01 y 2026-04-30 muestra un balance de -2523000 COP y una cobertura estimada de 3.44 meses. Este resultado describe el periodo y no a la persona.,historia_controlada_recalculada_v2,train,equilibrio_sostenible,si,roadmap_14_mvp_estructurado_v3.0,fincoach_mvp_estructurado_v3.0,92f54fd49431eb64dd4a8311ae955454dbf3bdb7a0c63483cff851872e3f7e45,1060000,0,0,0,1350000,2233000,0,0,0
VEN_0002_2,PERF_0002,dentro_del_mvp,2026-05-31,2026-04-01,2026-05-31,acumulada_61_dias,61,61,98.3607,2120000,0,0,0,0,7166000,4303000,348000,1410000,0,363000,10224606,5178606,3753786,3753786,9286000,-5046000,5046000,5046000,59,0.5065,1378.6885,0.0,2.407,0.0,0.0,uso_planificado_reserva,calculado,alta,baja,evidencia_temporal_disponible,balance_negativo,ninguna_relevante_para_el_periodo,La ventana entre 2026-04-01 y 2026-05-31 muestra un balance de -5046000 COP y una cobertura estimada de 2.41 meses. Este resultado describe el periodo y no a la persona.,historia_controlada_recalculada_v2,train,equilibrio_sostenible,si,roadmap_14_mvp_estructurado_v3.0,fincoach_mvp_estructurado_v3.0,6bbfc0239470c7ecf4be23c982a0c61949a4ac71b5090d85a1cd82d66a5a179f,2120000,0,0,0,2822000,4344000,0,0,0
VEN_0002_3,PERF_0002,dentro_del_mvp,2026-06-30,2026-04-01,2026-06-30,acumulada_91_dias,91,89,98.8764,3180000,0,0,0,0,10749000,5893000,603000,2273000,0,840000,10224606,2655606,3753786,3753786,13929000,-7569000,7569000,7569000,89,0.2597,-454.5127,0.0,1.3519,0.0,0.0,fragilidad_sostenida,calculado,alta,baja,evidencia_temporal_disponible,balance_negativo,ninguna_relevante_para_el_periodo,La ventana entre 2026-04-01 y 2026-06-30 muestra un balance de -7569000 COP y una cobertura estimada de 1.35 meses. Este resultado describe el periodo y no a la persona.,historia_controlada_recalculada_v2,train,equilibrio_sostenible,si,roadmap_14_mvp_estructurado_v3.0,fincoach_mvp_estructurado_v3.0,11573d9647d050068e2eafb14d5bebdd34ef493ee57b863125faab035d9f22c5,3180000,0,0,0,4142000,6607000,0,0,0
VEN_0003_1,PERF_0003,dentro_del_mvp,2026-04-30,2026-04-01,2026-04-30,acumulada_30_dias,30,31,96.7742,6091000,0,0,0,0,5971000,3805000,366000,470000,177000,584000,4102250,4222250,8758948,8581948,12062000,120000,0,1887000,2,0.9449,0.0,0.0,1.1097,0.0,-0.0202,equilibrio_sostenible,calculado,alta,baja,balance_no_negativo,sin_factor_dominante,ninguna_relevante_para_el_periodo,La ventana entre 2026-04-01 y 2026-04-30 muestra un balance de 120000 COP y una cobertura estimada de 1.11 meses. Este resultado describe el periodo y no a la persona.,historia_controlada_recalculada_v2,train,variable_resiliente,si,roadmap_14_mvp_estructurado_v3.0,fincoach_mvp_estructurado_v3.0,4342ec345af655854200b2fa1edaca9a82fd855b92e35b0e710e2e41352cdd71,6091000,0,0,0,3110000,2861000,177000,0,0
VEN_0003_2,PERF_0003,dentro_del_mvp,2026-05-31,2026-04-01,2026-05-31,acumulada_61_dias,61,65,95.3846,15956000,0,0,0,0,10144000,6481000,940000,915000,354000,740000,4102250,9914250,8758948,8404948,26100000,5812000,0,1887000,6,0.9969,91278.6885,0.2365,3.0595,0.0,-0.0404,variable_resiliente,calculado,alta,baja,balance_no_negativo,sin_factor_dominante,ninguna_relevante_para_el_periodo,La ventana entre 2026-04-01 y 2026-05-31 muestra un balance de 5812000 COP y una cobertura estimada de 3.06 meses. Este resultado describe el periodo y no a la persona.,historia_controlada_recalculada_v2,train,variable_resiliente,si,roadmap_14_mvp_estructurado_v3.0,fincoach_mvp_estructurado_v3.0,c6c5f5682ce965b5f55f960dcd3ace1407a3c5b1fa5112b71d376b597422a751,15956000,0,0,0,5502000,4642000,354000,0,0
VEN_0003_3,PERF_0003,dentro_del_mvp,2026-06-30,2026-04-01,2026-06-30,acumulada_91_dias,91,99,95.9596,26247000,0,0,0,0,14317000,9160000,1394000,1383000,830000,740000,4102250,16032250,8758948,8136948,40564000,11930000,0,1887000,0,1.0,35820.2126,0.2157,5.2507,0.0,-0.071,variable_resiliente,calculado,alta,baja,balance_no_negativo,sin_factor_dominante,ninguna_relevante_para_el_periodo,La ventana entre 2026-04-01 y 2026-06-30 muestra un balance de 11930000 COP y una cobertura estimada de 5.25 meses. Este resultado describe el periodo y no a la persona.,historia_controlada_recalculada_v2,train,variable_resiliente,si,roadmap_14_mvp_estructurado_v3.0,fincoach_mvp_estructurado_v3.0,3815d671164907d1845a742c04c615a8975663da5516eba8e80838220d780356,26247000,0,0,0,7887000,6430000,622000,208000,0
VEN_0004_1,PERF_0004,dentro_del_mvp,2026-04-30,2026-04-01,2026-04-30,acumulada_30_dias,30,33,100.0,10975000,0,0,0,0,5860000,3456000,270000,1212000,193000,372000,22524685,27639685,17967899,17967899,16835000,5115000,0,2863000,0,1.0,0.0,0.0,7.9976,0.0,0.0,acumulacion_estable,calculado,alta,baja,balance_no_negativo,sin_factor_dominante,ninguna_relevante_para_el_periodo,La ventana entre 2026-04-01 y 2026-04-30 muestra un balance de 5115000 COP y una cobertura estimada de 8.00 meses. Este resultado describe el periodo y no a la persona.,historia_controlada_recalculada_v2,train,uso_planificado_reserva,si,roadmap_14_mvp_estructurado_v3.0,fincoach_mvp_estructurado_v3.0,b5817441d8493e09a8695ae302a3004e7b5942bb3798b05af793e39347d052e9,10178000,797000,0,0,3509000,2351000,0,193000,0
VEN_0004_2,PERF_0004,dentro_del_mvp,2026-05-31,2026-04-01,2026-05-31,acumulada_61_dias,61,66,98.4848,16757000,0,0,0,0,21270000,12245000,1628000,3049000,1605000,1085000,22524685,18011685,17967899,17208899,38027000,-4513000,4513000,12469000,32,0.6517,-244483.6066,0.3099,2.9419,0.0,-0.0422,deterioro_reciente,calculado,alta,baja,evidencia_temporal_disponible,balance_negativo,ninguna_relevante_para_el_periodo,La ventana entre 2026-04-01 y 2026-05-31 muestra un balance de -4513000 COP y una cobertura estimada de 2.94 meses. Este resultado describe el periodo y no a la persona.,historia_controlada_recalculada_v2,train,uso_planificado_reserva,si,roadmap_14_mvp_estructurado_v3.0,fincoach_mvp_estructurado_v3.0,564829479cf44d05115cc3f8fb079eb20d155d6a5166706a926b6d2388a7176f,15960000,797000,0,0,12095000,9175000,759000,846000,0
VEN_0004_3,PERF_0004,dentro_del_mvp,2026-06-30,2026-04-01,2026-06-30,acumulada_91_dias,91,98,97.9592,23686000,0,0,0,0,36680000,20557000,3682000,3709000,2582000,3050000,22524685,9530685,17967899,17208899,60366000,-12994000,12994000,18109000,62,0.3448,-68807.6022,0.2821,1.3909,0.0,-0.0422,deterioro_reciente,calculado,alta,baja,evidencia_temporal_disponible,balance_negativo,ninguna_relevante_para_el_periodo,La ventana entre 2026-04-01 y 2026-06-30 muestra un balance de -12994000 COP y una cobertura estimada de 1.39 meses. Este resultado describe el periodo y no a la persona.,historia_controlada_recalculada_v2,train,uso_planificado_reserva,si,roadmap_14_mvp_estructurado_v3.0,fincoach_mvp_estructurado_v3.0,5ed4dbf7d2b8f34d7f51953bb37ee8a71f483f6ab72de838b38263590e4ad769,22341000,1345000,0,0,20105000,16575000,759000,1823000,0
VEN_0005_1,PERF_0005,dentro_del_mvp,2026-04-30,2026-04-01,2026-04-30,acumulada_30_dias,30,24,95.8333,500000,0,0,0,0,3175000,1819000,266000,643000,184000,0,6806139,4131139,4450913,4266913,3675000,-2675000,2675000,2675000,29,0.607,0.0,0.0,2.2711,0.0,-0.0413,uso_planificado_reserva,calculado,alta,baja,evidencia_temporal_disponible,balance_negativo,ninguna_relevante_para_el_periodo,La ventana entre 2026-04-01 y 2026-04-30 muestra un balance de -2675000 COP y una cobertura estimada de 2.27 meses. Este resultado describe el periodo y no a la persona.,historia_controlada_recalculada_v2,train,deterioro_reciente,si,roadmap_14_mvp_estructurado_v3.0,fincoach_mvp_estructurado_v3.0,93c5ad4a74ed18ef3d1ea9ed71bb64db49fe6f691f2fd96b252f2e699d1fe54b,500000,0,0,0,1378000,1797000,184000,0,0
VEN_0005_2,PERF_0005,dentro_del_mvp,2026-05-31,2026-04-01,2026-05-31,acumulada_61_dias,61,45,95.5556,1000000,0,0,0,0,6350000,4059000,266000,1116000,355000,60000,6806139,1456139,4450913,4266913,7350000,-5350000,5350000,5350000,60,0.2139,1461.7486,0.0,0.7175,0.0,-0.0413,fragilidad_sostenida,calculado,alta,baja,evidencia_temporal_disponible,balance_negativo,ninguna_relevante_para_el_periodo,La ventana entre 2026-04-01 y 2026-05-31 muestra un balance de -5350000 COP y una cobertura estimada de 0.72 meses. Este resultado describe el periodo y no a la persona.,historia_controlada_recalculada_v2,train,deterioro_reciente,si,roadmap_14_mvp_estructurado_v3.0,fincoach_mvp_estructurado_v3.0,0ce8fbc369dde25720031a8491e00465c273556414655dca29cdb04d7627342c,1000000,0,0,0,2831000,3519000,184000,171000,0
VEN_0005_3,PERF_0005,dentro_del_mvp,2026-06-30,2026-04-01,2026-06-30,acumulada_91_dias,91,65,95.3846,1500000,0,0,120000,0,10962000,7359000,651000,1587000,355000,60000,6806139,-2535861,4450913,4266913,12462000,-9462000,9462000,9462000,90,0.0,-16273.1039,0.0,0.0,0.0,-0.0413,situacion_critica,calculado,alta,baja,evidencia_temporal_disponible,balance_negativo,ninguna_relevante_para_el_periodo,La ventana entre 2026-04-01 y 2026-06-30 muestra un balance de -9462000 COP y una cobertura estimada de 0.00 meses. Este resultado describe el periodo y no a la persona.,historia_controlada_recalculada_v2,train,deterioro_reciente,si,roadmap_14_mvp_estructurado_v3.0,fincoach_mvp_estructurado_v3.0,8c283b0d2c4c1d1fdab55ec1f84d51457858f001309424cfb3e6dba7f0fb2efa,1500000,120000,0,0,5222000,5740000,184000,171000,0
VEN_0006_1,PERF_0006,dentro_del_mvp,2026-04-30,2026-04-01,2026-04-30,acumulada_30_dias,30,26,100.0,0,500000,0,0,0,7996000,4480000,709000,1955000,281000,0,1430442,-6065558,13237229,13237229,8496000,-7496000,7496000,7496000,28,0.0,0.0,0.0,0.0,1.0,0.0,situacion_critica,calculado,alta,baja,evidencia_temporal_disponible,balance_negativo,motivo_de_periodos_sin_ingreso,La ventana entre 2026-04-01 y 2026-04-30 muestra un balance de -7496000 COP y una cobertura estimada de 0.00 meses. Este resultado describe el periodo y no a la persona.,historia_controlada_recalculada_v2,train,fragilidad_sostenida,si,roadmap_14_mvp_estructurado_v3.0,fincoach_mvp_estructurado_v3.0,932ce0de6493422653b65981a7b7fbfe9c4d0819ed26a8f0a8b4c860366985be,500000,0,0,1,4460000,3536000,0,281000,0
VEN_0006_2,PERF_0006,dentro_del_mvp,2026-05-31,2026-04-01,2026-05-31,acumulada_61_dias,61,47,97.8723,0,1000000,680000,0,0,18202000,9357000,1233000,2742000,1318000,413000,1430442,-15091558,13237229,13569229,19202000,-17202000,17202000,17202000,59,0.0,-32133.3333,0.0,0.0,1.0,0.0251,situacion_critica,calculado,alta,baja,evidencia_temporal_disponible,balance_negativo,motivo_de_periodos_sin_ingreso,La ventana entre 2026-04-01 y 2026-05-31 muestra un balance de -17202000 COP y una cobertura estimada de 0.00 meses. Este resultado describe el periodo y no a la persona.,historia_controlada_recalculada_v2,train,fragilidad_sostenida,si,roadmap_14_mvp_estructurado_v3.0,fincoach_mvp_estructurado_v3.0,f07fb95f9efc754dc4e084a47c04af6e93553761d3dacf273ab3407ec2776ac3,1680000,0,0,2,9930000,8272000,348000,970000,680000
VEN_0006_3,PERF_0006,dentro_del_mvp,2026-06-30,2026-04-01,2026-06-30,acumulada_91_dias,91,70,98.5714,0,1500000,1360000,0,0,28408000,17046000,2054000,2742000,1956000,413000,1430442,-24117558,13237229,13611229,29908000,-26908000,26908000,25548000,89,0.0,-13692.3077,0.0,0.0,1.0,0.0283,situacion_critica,calculado,alta,baja,evidencia_temporal_disponible,balance_negativo,motivo_de_periodos_sin_ingreso,La ventana entre 2026-04-01 y 2026-06-30 muestra un balance de -26908000 COP y una cobertura estimada de 0.00 meses. Este resultado describe el periodo y no a la persona.,historia_controlada_recalculada_v2,train,fragilidad_sostenida,si,roadmap_14_mvp_estructurado_v3.0,fincoach_mvp_estructurado_v3.0,12ba94e5367373f92a44c3f65e987d10eaf121a392056a44b84dfdf8b00f9b7f,2860000,0,0,3,15758000,12650000,986000,970000,1360000
VEN_0007_1,PERF_0007,dentro_del_mvp,2026-04-30,2026-04-01,2026-04-30,acumulada_30_dias,30,24,100.0,0,500000,674000,0,0,10116000,5106000,719000,2810000,562000,0,1539316,-7402684,9167711,9841711,10616000,-9616000,9616000,8942000,29,0.0,0.0,0.0,0.0,1.0,0.0735,situacion_critica,calculado,alta,baja,evidencia_temporal_disponible,balance_negativo,motivo_de_periodos_sin_ingreso,La ventana entre 2026-04-01 y 2026-04-30 muestra un balance de -9616000 COP y una cobertura estimada de 0.00 meses. Este resultado describe el periodo y no a la persona.,historia_controlada_recalculada_v2,train,situacion_critica,si,roadmap_14_mvp_estructurado_v3.0,fincoach_mvp_estructurado_v3.0,fc50e5894eb699bb89ee722986aa658c225702c511a9bdd4093d3376f617c27d,1174000,0,0,1,5893000,4223000,0,562000,674000
VEN_0007_2,PERF_0007,dentro_del_mvp,2026-05-31,2026-04-01,2026-05-31,acumulada_61_dias,61,44,97.7273,0,1000000,1910000,0,0,22891000,13079000,1239000,3689000,2167000,680000,1539316,-18441684,9167711,9472711,23891000,-21891000,21891000,19981000,60,0.0,-38335.5191,0.0,0.0,1.0,0.0333,situacion_critica,calculado,alta,baja,evidencia_temporal_disponible,balance_negativo,motivo_de_periodos_sin_ingreso,La ventana entre 2026-04-01 y 2026-05-31 muestra un balance de -21891000 COP y una cobertura estimada de 0.00 meses. Este resultado describe el periodo y no a la persona.,historia_controlada_recalculada_v2,train,situacion_critica,si,roadmap_14_mvp_estructurado_v3.0,fincoach_mvp_estructurado_v3.0,1223b18ae50e340767f6bd1aa8e5b6cc5b02b9919088c1cdde370d0418e28b7f,2910000,0,0,2,13394000,9497000,1605000,562000,1910000
VEN_0007_3,PERF_0007,dentro_del_mvp,2026-06-30,2026-04-01,2026-06-30,acumulada_91_dias,91,64,98.4375,0,1500000,3146000,0,0,35666000,20407000,2006000,6132000,2751000,2104000,1539316,-29480684,9167711,10708711,37166000,-34166000,34166000,32256000,90,0.0,-16581.697,0.0,0.0,1.0,0.1681,situacion_critica,calculado,alta,baja,evidencia_temporal_disponible,balance_negativo,motivo_de_periodos_sin_ingreso,La ventana entre 2026-04-01 y 2026-06-30 muestra un balance de -34166000 COP y una cobertura estimada de 0.00 meses. Este resultado describe el periodo y no a la persona.,historia_controlada_recalculada_v2,train,situacion_critica,si,roadmap_14_mvp_estructurado_v3.0,fincoach_mvp_estructurado_v3.0,efd02a29e062c428570c0b49d45c5df2c9b413bef2384c09ed058c20fa36820e,4646000,0,0,3,18302000,17364000,1605000,1146000,3146000
VEN_0008_1,PERF_0008,dentro_del_mvp,2026-04-30,2026-04-01,2026-04-30,acumulada_30_dias,30,25,100.0,510000,0,0,0,0,4256000,2302000,169000,609000,404000,426000,12785018,9039018,3190706,3190706,4766000,-3746000,3746000,3746000,28,0.707,0.0,0.0,3.9266,0.0,0.0,uso_planificado_reserva,calculado,alta,baja,evidencia_temporal_disponible,balance_negativo,ninguna_relevante_para_el_periodo,La ventana entre 2026-04-01 y 2026-04-30 muestra un balance de -3746000 COP y una cobertura estimada de 3.93 meses. Este resultado describe el periodo y no a la persona.,historia_controlada_recalculada_v2,train,acumulacion_estable,si,roadmap_14_mvp_estructurado_v3.0,fincoach_mvp_estructurado_v3.0,2ace78c8d1709d6bccfd0cf60b78bcfad6f3ee606c385d7921ba04c00d9dd135,510000,0,0,0,2684000,1572000,0,404000,0
VEN_0008_2,PERF_0008,dentro_del_mvp,2026-05-31,2026-04-01,2026-05-31,acumulada_61_dias,61,53,98.1132,1020000,0,0,0,0,8512000,5002000,428000,609000,803000,734000,12785018,5293018,3190706,3028706,9532000,-7492000,7492000,7492000,59,0.414,2046.9945,0.0,2.1164,0.0,-0.0508,fragilidad_sostenida,calculado,alta,baja,evidencia_temporal_disponible,balance_negativo,ninguna_relevante_para_el_periodo,La ventana entre 2026-04-01 y 2026-05-31 muestra un balance de -7492000 COP y una cobertura estimada de 2.12 meses. Este resultado describe el periodo y no a la persona.,historia_controlada_recalculada_v2,train,acumulacion_estable,si,roadmap_14_mvp_estructurado_v3.0,fincoach_mvp_estructurado_v3.0,bc622a1ae76ea54689fde394aa064bd66926ccd5ab6430ac3e9459a4a794289a,1020000,0,0,0,4874000,3638000,162000,641000,0
VEN_0008_3,PERF_0008,dentro_del_mvp,2026-06-30,2026-04-01,2026-06-30,acumulada_91_dias,91,77,97.4026,1530000,0,0,30000,0,12768000,7858000,952000,1145000,932000,807000,12785018,1577018,3190706,2899706,14298000,-11238000,11238000,11208000,89,0.1233,-674.8334,0.0,0.6021,0.0,-0.0912,fragilidad_sostenida,calculado,alta,baja,evidencia_temporal_disponible,balance_negativo,ninguna_relevante_para_el_periodo,La ventana entre 2026-04-01 y 2026-06-30 muestra un balance de -11238000 COP y una cobertura estimada de 0.60 meses. Este resultado describe el periodo y no a la persona.,historia_controlada_recalculada_v2,train,acumulacion_estable,si,roadmap_14_mvp_estructurado_v3.0,fincoach_mvp_estructurado_v3.0,ee0b712a23c0951f53bac219dd3e4c28d600e13deadd1f76fb2025d92eec5b4b,1530000,30000,0,0,7408000,5360000,291000,641000,0
VEN_0009_1,PERF_0009,dentro_del_mvp,2026-04-30,2026-04-01,2026-04-30,acumulada_30_dias,30,33,100.0,4015000,0,0,0,0,3942000,2186000,247000,722000,442000,105000,4075186,4148186,6129906,5955906,7957000,73000,0,1809000,5,0.8816,0.0,0.0,1.8976,0.0,-0.0284,equilibrio_sostenible,calculado,alta,baja,balance_no_negativo,sin_factor_dominante,ninguna_relevante_para_el_periodo,La ventana entre 2026-04-01 y 2026-04-30 muestra un balance de 73000 COP y una cobertura estimada de 1.90 meses. Este resultado describe el periodo y no a la persona.,historia_controlada_recalculada_v2,train,equilibrio_sostenible,si,roadmap_14_mvp_estructurado_v3.0,fincoach_mvp_estructurado_v3.0,05ae37ed5092486c6b9b1ecac90839fe1e49b44179923aef08af8317a3151c22,4015000,0,0,0,1883000,2059000,174000,268000,0
VEN_0009_2,PERF_0009,dentro_del_mvp,2026-05-31,2026-04-01,2026-05-31,acumulada_61_dias,61,65,95.3846,8199000,0,0,0,0,7884000,3802000,733000,1438000,559000,380000,4075186,4390186,6129906,5955906,16083000,315000,0,2265000,29,0.7959,2730.6011,0.0206,2.3094,0.0,-0.0284,equilibrio_sostenible,calculado,alta,baja,balance_no_negativo,sin_factor_dominante,ninguna_relevante_para_el_periodo,La ventana entre 2026-04-01 y 2026-05-31 muestra un balance de 315000 COP y una cobertura estimada de 2.31 meses. Este resultado describe el periodo y no a la persona.,historia_controlada_recalculada_v2,train,equilibrio_sostenible,si,roadmap_14_mvp_estructurado_v3.0,fincoach_mvp_estructurado_v3.0,ab64c327061d26720e7f5e77e1895c4a0c7c693857bc206745ef4bb8b49120aa,8110000,89000,0,0,3381000,4503000,174000,385000,0
VEN_0009_3,PERF_0009,dentro_del_mvp,2026-06-30,2026-04-01,2026-06-30,acumulada_91_dias,91,97,96.9072,12695000,0,0,0,0,11826000,6376000,1041000,2113000,559000,420000,4075186,4944186,6129906,5955906,24521000,869000,0,2265000,15,0.7967,4385.5161,0.0471,2.3263,0.0,-0.0284,equilibrio_sostenible,calculado,alta,baja,balance_no_negativo,sin_factor_dominante,ninguna_relevante_para_el_periodo,La ventana entre 2026-04-01 y 2026-06-30 muestra un balance de 869000 COP y una cobertura estimada de 2.33 meses. Este resultado describe el periodo y no a la persona.,historia_controlada_recalculada_v2,train,equilibrio_sostenible,si,roadmap_14_mvp_estructurado_v3.0,fincoach_mvp_estructurado_v3.0,ac5b01897de67ffceddcddeafb949341a6b45c723e5b7518f03678d7fb762013,12606000,89000,0,0,5120000,6706000,174000,385000,0
VEN_0010_1,PERF_0010,dentro_del_mvp,2026-04-30,2026-04-01,2026-04-30,acumulada_30_dias,30,32,93.75,4525000,0,0,0,0,3893000,2024000,443000,857000,176000,132000,7460242,8092242,8032317,7856317,8418000,632000,0,1311000,16,0.8788,0.0,0.0,3.9981,0.0,-0.0219,acumulacion_estable,calculado,alta,baja,balance_no_negativo,sin_factor_dominante,ninguna_relevante_para_el_periodo,La ventana entre 2026-04-01 y 2026-04-30 muestra un balance de 632000 COP y una cobertura estimada de 4.00 meses. Este resultado describe el periodo y no a la persona.,historia_controlada_recalculada_v2,train,variable_resiliente,si,roadmap_14_mvp_estructurado_v3.0,fincoach_mvp_estructurado_v3.0,0b7488b5ac3336b71c34f1064ae238f09cc8985f7f6d1919566c84e50683da0b,4349000,176000,0,0,1357000,2536000,176000,0,0
VEN_0010_2,PERF_0010,dentro_del_mvp,2026-05-31,2026-04-01,2026-05-31,acumulada_61_dias,61,64,93.75,7468000,0,0,120000,0,9108000,5406000,881000,1798000,320000,132000,7460242,5940242,8032317,7856317,16576000,-1640000,1640000,3360000,47,0.6451,-47951.9126,0.2118,2.1976,0.0,-0.0219,uso_planificado_reserva,calculado,alta,baja,evidencia_temporal_disponible,balance_negativo,ninguna_relevante_para_el_periodo,La ventana entre 2026-04-01 y 2026-05-31 muestra un balance de -1640000 COP y una cobertura estimada de 2.20 meses. Este resultado describe el periodo y no a la persona.,historia_controlada_recalculada_v2,train,variable_resiliente,si,roadmap_14_mvp_estructurado_v3.0,fincoach_mvp_estructurado_v3.0,4b2fa72184b85db36412608e48f871502b36a2ec7434f8136cd108450ad9e4e4,7292000,296000,0,0,3575000,5533000,176000,144000,0
VEN_0010_3,PERF_0010,dentro_del_mvp,2026-06-30,2026-04-01,2026-06-30,acumulada_91_dias,91,95,94.7368,13297000,425000,0,120000,0,11829000,6977000,1046000,2066000,435000,378000,7460242,9473242,8032317,7741317,25551000,1893000,0,4278000,4,0.9845,47687.4437,0.2662,4.0733,0.0307,-0.0362,variable_resiliente,calculado,alta,baja,balance_no_negativo,sin_factor_dominante,ninguna_relevante_para_el_periodo,La ventana entre 2026-04-01 y 2026-06-30 muestra un balance de 1893000 COP y una cobertura estimada de 4.07 meses. Este resultado describe el periodo y no a la persona.,historia_controlada_recalculada_v2,train,variable_resiliente,si,roadmap_14_mvp_estructurado_v3.0,fincoach_mvp_estructurado_v3.0,40140d8dc7e15b64da3515bb45a1d42601fb6b285705c4a61b0c0b43cc35543d,13121000,721000,0,0,4799000,7030000,291000,144000,0
VEN_0011_1,PERF_0011,dentro_del_mvp,2026-04-30,2026-04-01,2026-04-30,acumulada_30_dias,30,30,93.3333,12265000,0,0,0,0,7212000,4946000,112000,882000,0,592000,24683766,29736766,0,0,19477000,5053000,0,2045000,8,0.9357,0.0,0.0,6.0123,0.0,0.0,acumulacion_estable,calculado,alta,baja,balance_no_negativo,sin_factor_dominante,ninguna_relevante_para_el_periodo,La ventana entre 2026-04-01 y 2026-04-30 muestra un balance de 5053000 COP y una cobertura estimada de 6.01 meses. Este resultado describe el periodo y no a la persona.,historia_controlada_recalculada_v2,train,uso_planificado_reserva,si,roadmap_14_mvp_estructurado_v3.0,fincoach_mvp_estructurado_v3.0,c3a36e447133657544104792ec80279e753253343fe003cb74a090f8977cdf7f,12265000,0,0,0,3643000,3569000,0,0,0
VEN_0011_2,PERF_0011,dentro_del_mvp,2026-05-31,2026-04-01,2026-05-31,acumulada_61_dias,61,60,95.0,19914000,464000,0,0,0,26180000,14613000,350000,5036000,0,2370000,24683766,18881766,0,0,46558000,-5802000,5802000,14015000,39,0.5941,-263548.0874,0.2318,2.5842,0.0228,0.0,deterioro_reciente,calculado,alta,baja,evidencia_temporal_disponible,balance_negativo,ninguna_relevante_para_el_periodo,La ventana entre 2026-04-01 y 2026-05-31 muestra un balance de -5802000 COP y una cobertura estimada de 2.58 meses. Este resultado describe el periodo y no a la persona.,historia_controlada_recalculada_v2,train,uso_planificado_reserva,si,roadmap_14_mvp_estructurado_v3.0,fincoach_mvp_estructurado_v3.0,e6f1368469431f5df6f543b49cba74ebd31484f44eab8d801f0c638193f91273,19914000,464000,0,0,14160000,12020000,0,0,0
VEN_0011_3,PERF_0011,dentro_del_mvp,2026-06-30,2026-04-01,2026-06-30,acumulada_91_dias,91,90,94.4444,27649000,464000,0,0,0,45148000,27876000,1231000,6802000,0,3411000,24683766,7648766,0,0,73261000,-17035000,17035000,24133000,69,0.2407,-92083.0481,0.2339,0.8232,0.0165,0.0,deterioro_reciente,calculado,alta,baja,evidencia_temporal_disponible,balance_negativo,ninguna_relevante_para_el_periodo,La ventana entre 2026-04-01 y 2026-06-30 muestra un balance de -17035000 COP y una cobertura estimada de 0.82 meses. Este resultado describe el periodo y no a la persona.,historia_controlada_recalculada_v2,train,uso_planificado_reserva,si,roadmap_14_mvp_estructurado_v3.0,fincoach_mvp_estructurado_v3.0,e12dbe2d2d4b231e5302818350565f0abe17089a87c72db0dfc3ce7c6b007552,27649000,464000,0,0,23482000,21666000,0,0,0
VEN_0012_1,PERF_0012,dentro_del_mvp,2026-04-30,2026-04-01,2026-04-30,acumulada_30_dias,30,29,96.5517,1020000,421000,0,0,0,4029000,2141000,479000,820000,185000,219000,10893628,8305628,4926817,4741817,5470000,-2588000,2588000,2588000,29,0.7624,0.0,0.0,3.8793,0.2922,-0.0375,uso_planificado_reserva,calculado,alta,baja,evidencia_temporal_disponible,balance_negativo,ninguna_relevante_para_el_periodo,La ventana entre 2026-04-01 y 2026-04-30 muestra un balance de -2588000 COP y una cobertura estimada de 3.88 meses. Este resultado describe el periodo y no a la persona.,historia_controlada_recalculada_v2,validation,deterioro_reciente,si,roadmap_14_mvp_estructurado_v3.0,fincoach_mvp_estructurado_v3.0,9163b33389366d6848d6e8125731fa55675773f6ff6b15e2729f9adb7f2ca962,1020000,421000,0,0,1938000,2091000,185000,0,0
VEN_0012_2,PERF_0012,dentro_del_mvp,2026-05-31,2026-04-01,2026-05-31,acumulada_61_dias,61,61,98.3607,6037000,421000,0,0,0,8058000,4560000,801000,1230000,364000,506000,10893628,9293628,4926817,4741817,14516000,-1600000,1600000,4005000,60,0.8531,60037.1585,0.6621,4.0762,0.0652,-0.0375,uso_planificado_reserva,calculado,alta,baja,evidencia_temporal_disponible,balance_negativo,ninguna_relevante_para_el_periodo,La ventana entre 2026-04-01 y 2026-05-31 muestra un balance de -1600000 COP y una cobertura estimada de 4.08 meses. Este resultado describe el periodo y no a la persona.,historia_controlada_recalculada_v2,validation,deterioro_reciente,si,roadmap_14_mvp_estructurado_v3.0,fincoach_mvp_estructurado_v3.0,b300dbc00e4f9d5f0e5dff5d0989c60ca02d4fe807352967b9e62a9e9d09664d,6037000,421000,0,0,4233000,3825000,185000,179000,0
VEN_0012_3,PERF_0012,dentro_del_mvp,2026-06-30,2026-04-01,2026-06-30,acumulada_91_dias,91,93,98.9247,10096000,703000,0,0,0,13911000,7396000,1000000,3299000,364000,941000,10893628,7781628,4926817,4741817,24710000,-3112000,3112000,4005000,90,0.7143,-7968.294,0.5063,3.1564,0.0651,-0.0375,uso_planificado_reserva,calculado,alta,baja,evidencia_temporal_disponible,balance_negativo,ninguna_relevante_para_el_periodo,La ventana entre 2026-04-01 y 2026-06-30 muestra un balance de -3112000 COP y una cobertura estimada de 3.16 meses. Este resultado describe el periodo y no a la persona.,historia_controlada_recalculada_v2,validation,deterioro_reciente,si,roadmap_14_mvp_estructurado_v3.0,fincoach_mvp_estructurado_v3.0,122d69de5d226cb84096a1f8dce93f2a4d649bba9ac27e0b5a9a130856a7ebd1,10096000,703000,0,0,6161000,7750000,185000,179000,0
VEN_0013_1,PERF_0013,dentro_del_mvp,2026-04-30,2026-04-01,2026-04-30,acumulada_30_dias,30,34,94.1176,3517000,0,0,0,0,6854000,4504000,688000,751000,0,467000,311051,-3025949,10672528,10672528,10371000,-3337000,3337000,3732000,29,0.0,0.0,0.0,0.0,0.0,0.0,situacion_critica,calculado,alta,baja,evidencia_temporal_disponible,balance_negativo,ninguna_relevante_para_el_periodo,La ventana entre 2026-04-01 y 2026-04-30 muestra un balance de -3337000 COP y una cobertura estimada de 0.00 meses. Este resultado describe el periodo y no a la persona.,historia_controlada_recalculada_v2,train,fragilidad_sostenida,si,roadmap_14_mvp_estructurado_v3.0,fincoach_mvp_estructurado_v3.0,3442288477c486707cfacd7a75d742fd72a7689c3c1fa1f18522863fd03cbc2c,3517000,0,0,0,3194000,3660000,0,0,0
VEN_0013_2,PERF_0013,dentro_del_mvp,2026-05-31,2026-04-01,2026-05-31,acumulada_61_dias,61,67,95.5224,6610000,0,0,260000,0,15602000,9407000,1789000,1171000,318000,885000,311051,-8420949,10672528,10672528,22212000,-8992000,8992000,9178000,60,0.0,-36176.5027,0.0641,0.0,0.0,0.0,situacion_critica,calculado,alta,baja,evidencia_temporal_disponible,balance_negativo,ninguna_relevante_para_el_periodo,La ventana entre 2026-04-01 y 2026-05-31 muestra un balance de -8992000 COP y una cobertura estimada de 0.00 meses. Este resultado describe el periodo y no a la persona.,historia_controlada_recalculada_v2,train,fragilidad_sostenida,si,roadmap_14_mvp_estructurado_v3.0,fincoach_mvp_estructurado_v3.0,8b864ff4535a24ee3d129a80261b193bd65e966d3741b29b08f7dabed77e7853,6610000,260000,0,0,7608000,7994000,0,318000,0
VEN_0013_3,PERF_0013,dentro_del_mvp,2026-06-30,2026-04-01,2026-06-30,acumulada_91_dias,91,100,97.0,9755000,0,583000,260000,0,24350000,13950000,2108000,3716000,678000,979000,311051,-13440949,10672528,10895528,34105000,-14595000,14595000,14219000,90,0.0,-12974.7793,0.0581,0.0,0.055,0.0209,situacion_critica,calculado,alta,baja,evidencia_temporal_disponible,balance_negativo,ninguna_relevante_para_el_periodo,La ventana entre 2026-04-01 y 2026-06-30 muestra un balance de -14595000 COP y una cobertura estimada de 0.00 meses. Este resultado describe el periodo y no a la persona.,historia_controlada_recalculada_v2,train,fragilidad_sostenida,si,roadmap_14_mvp_estructurado_v3.0,fincoach_mvp_estructurado_v3.0,739bb673d9494f4b80330de655969e532507d7cd69de76f9be97320ccaff898a,9755000,843000,0,0,11782000,12568000,360000,318000,583000
VEN_0014_1,PERF_0014,dentro_del_mvp,2026-04-30,2026-04-01,2026-04-30,acumulada_30_dias,30,30,100.0,2145000,0,634000,280000,0,9504000,4508000,825000,1668000,1205000,672000,251250,-6193750,18555669,18962669,11649000,-7359000,7359000,6445000,29,0.0,0.0,0.0,0.0,0.2073,0.0219,situacion_critica,calculado,alta,baja,evidencia_temporal_disponible,balance_negativo,ninguna_relevante_para_el_periodo,La ventana entre 2026-04-01 y 2026-04-30 muestra un balance de -7359000 COP y una cobertura estimada de 0.00 meses. Este resultado describe el periodo y no a la persona.,historia_controlada_recalculada_v2,train,situacion_critica,si,roadmap_14_mvp_estructurado_v3.0,fincoach_mvp_estructurado_v3.0,609e7a98973fa127211bc90a6d6bd2366bb0433aa3d86ef9e384970239eb8485,2779000,280000,0,0,3965000,5539000,227000,978000,634000
VEN_0014_2,PERF_0014,dentro_del_mvp,2026-05-31,2026-04-01,2026-05-31,acumulada_61_dias,61,63,98.4127,5256000,0,1796000,280000,0,21506000,11386000,1737000,3962000,1205000,1038000,251250,-13922750,18555669,20124669,26762000,-16250000,16250000,15116000,60,0.0,-21093.4426,0.1838,0.0,0.245,0.0846,situacion_critica,calculado,alta,baja,evidencia_temporal_disponible,balance_negativo,ninguna_relevante_para_el_periodo,La ventana entre 2026-04-01 y 2026-05-31 muestra un balance de -16250000 COP y una cobertura estimada de 0.00 meses. Este resultado describe el periodo y no a la persona.,historia_controlada_recalculada_v2,train,situacion_critica,si,roadmap_14_mvp_estructurado_v3.0,fincoach_mvp_estructurado_v3.0,64ece605ffb2267131d74a20d7864647d3dce25dfcc042fb0dbfac3f01866155,7052000,280000,0,0,8905000,12601000,227000,978000,1796000
VEN_0014_3,PERF_0014,dentro_del_mvp,2026-06-30,2026-04-01,2026-06-30,acumulada_91_dias,91,95,97.8947,8483000,0,2958000,330000,0,33508000,19229000,2882000,5271000,1504000,1336000,251250,-21485750,18555669,21286669,41991000,-25025000,25025000,21737000,90,0.0,-8606.5574,0.1715,0.0,0.2513,0.1472,situacion_critica,calculado,alta,baja,evidencia_temporal_disponible,balance_negativo,ninguna_relevante_para_el_periodo,La ventana entre 2026-04-01 y 2026-06-30 muestra un balance de -25025000 COP y una cobertura estimada de 0.00 meses. Este resultado describe el periodo y no a la persona.,historia_controlada_recalculada_v2,train,situacion_critica,si,roadmap_14_mvp_estructurado_v3.0,fincoach_mvp_estructurado_v3.0,dd8acbe3e319e1e77d116a62c85e5ee0070b2bbe384ed1587a665c0335efab2e,11441000,330000,0,0,15162000,18346000,227000,1277000,2958000
VEN_0015_1,PERF_0015,dentro_del_mvp,2026-04-30,2026-04-01,2026-04-30,acumulada_30_dias,30,30,96.6667,3637000,0,0,0,0,3048000,1526000,515000,627000,0,0,2727718,3316718,4522374,4522374,6685000,589000,0,2130000,0,1.0,0.0,0.0,2.1735,0.0,0.0,equilibrio_sostenible,calculado,alta,baja,balance_no_negativo,sin_factor_dominante,ninguna_relevante_para_el_periodo,La ventana entre 2026-04-01 y 2026-04-30 muestra un balance de 589000 COP y una cobertura estimada de 2.17 meses. Este resultado describe el periodo y no a la persona.,historia_controlada_recalculada_v2,train,acumulacion_estable,si,roadmap_14_mvp_estructurado_v3.0,fincoach_mvp_estructurado_v3.0,a28e3303ee791a3b5a733e1806acd68c5640b797f08f1aea6bf9867bbf087662,3637000,0,0,0,912000,2136000,0,0,0
VEN_0015_2,PERF_0015,dentro_del_mvp,2026-05-31,2026-04-01,2026-05-31,acumulada_61_dias,61,63,98.4127,9547000,0,0,30000,0,6096000,3798000,808000,627000,159000,127000,2727718,6208718,4522374,4363374,15643000,3451000,0,2130000,5,0.9142,36940.4372,0.2381,3.2695,0.0,-0.0352,variable_resiliente,calculado,alta,baja,balance_no_negativo,sin_factor_dominante,ninguna_relevante_para_el_periodo,La ventana entre 2026-04-01 y 2026-05-31 muestra un balance de 3451000 COP y una cobertura estimada de 3.27 meses. Este resultado describe el periodo y no a la persona.,historia_controlada_recalculada_v2,train,acumulacion_estable,si,roadmap_14_mvp_estructurado_v3.0,fincoach_mvp_estructurado_v3.0,e6c159fd0c31e3de6e925d9236e89751201f472d069d30c546d25ff34d0a0620,9547000,30000,0,0,2640000,3456000,159000,0,0
VEN_0015_3,PERF_0015,dentro_del_mvp,2026-06-30,2026-04-01,2026-06-30,acumulada_91_dias,91,96,97.9167,15675000,0,0,30000,0,9144000,5332000,846000,1356000,269000,193000,2727718,9288718,4522374,4363374,24819000,6531000,0,2130000,0,1.0,15195.4603,0.2156,5.2262,0.0,-0.0352,variable_resiliente,calculado,alta,baja,balance_no_negativo,sin_factor_dominante,ninguna_relevante_para_el_periodo,La ventana entre 2026-04-01 y 2026-06-30 muestra un balance de 6531000 COP y una cobertura estimada de 5.23 meses. Este resultado describe el periodo y no a la persona.,historia_controlada_recalculada_v2,train,acumulacion_estable,si,roadmap_14_mvp_estructurado_v3.0,fincoach_mvp_estructurado_v3.0,df87c3a4e2fb88581b45bd88c44b5a9ce127729cf1d195b016aa12297e23ed04,15675000,30000,0,0,4041000,5103000,159000,110000,0
VEN_0016_1,PERF_0016,dentro_del_mvp,2026-04-30,2026-04-01,2026-04-30,acumulada_30_dias,30,30,96.6667,0,1240000,516000,50000,0,4660000,2742000,255000,954000,0,143000,9942745,7088745,1326817,1842817,5900000,-3420000,3420000,3370000,29,0.713,0.0,0.0,2.5852,0.9723,0.3889,uso_planificado_reserva,calculado,alta,baja,evidencia_temporal_disponible,balance_negativo,motivo_de_periodos_sin_ingreso,La ventana entre 2026-04-01 y 2026-04-30 muestra un balance de -3420000 COP y una cobertura estimada de 2.59 meses. Este resultado describe el periodo y no a la persona.,historia_controlada_recalculada_v2,test,equilibrio_sostenible,si,roadmap_14_mvp_estructurado_v3.0,fincoach_mvp_estructurado_v3.0,30bdb1ea5d97291e0b1b8dde61e0fb5d1078510798421a7f78fef2ca2f80676c,1290000,516000,0,1,1601000,3059000,0,0,516000
VEN_0016_2,PERF_0016,dentro_del_mvp,2026-05-31,2026-04-01,2026-05-31,acumulada_61_dias,61,58,98.2759,0,2480000,516000,50000,0,9320000,5976000,674000,1289000,182000,293000,9942745,3668745,1326817,1660817,11800000,-6840000,6840000,6274000,60,0.369,1868.8525,0.0,1.2278,0.9836,0.2517,fragilidad_sostenida,calculado,alta,baja,evidencia_temporal_disponible,balance_negativo,motivo_de_periodos_sin_ingreso,La ventana entre 2026-04-01 y 2026-05-31 muestra un balance de -6840000 COP y una cobertura estimada de 1.23 meses. Este resultado describe el periodo y no a la persona.,historia_controlada_recalculada_v2,test,equilibrio_sostenible,si,roadmap_14_mvp_estructurado_v3.0,fincoach_mvp_estructurado_v3.0,1a44d2e86aaedeb7cd8c5202b3bd3f2eee09c272158fbff1ec39447195bc7d66,2530000,516000,0,2,3669000,5651000,182000,0,516000
VEN_0016_3,PERF_0016,dentro_del_mvp,2026-06-30,2026-04-01,2026-06-30,acumulada_91_dias,91,88,97.7273,0,3720000,1560000,110000,0,13980000,8508000,951000,2034000,718000,406000,9942745,1352745,1326817,2490817,17700000,-10260000,10260000,8590000,90,0.1361,-616.1052,0.0,0.477,0.9796,0.8773,fragilidad_sostenida,calculado,alta,baja,evidencia_temporal_disponible,balance_negativo,motivo_de_periodos_sin_ingreso,La ventana entre 2026-04-01 y 2026-06-30 muestra un balance de -10260000 COP y una cobertura estimada de 0.48 meses. Este resultado describe el periodo y no a la persona.,historia_controlada_recalculada_v2,test,equilibrio_sostenible,si,roadmap_14_mvp_estructurado_v3.0,fincoach_mvp_estructurado_v3.0,a8143d730bc594ebc423aa2233218b9d452c53f1c62b9b265a010798623dc449,3830000,1560000,0,3,6175000,7805000,396000,322000,1560000
VEN_0017_1,PERF_0017,dentro_del_mvp,2026-04-30,2026-04-01,2026-04-30,acumulada_30_dias,30,24,100.0,580000,0,0,0,0,3767000,1838000,494000,499000,406000,0,4893149,1706149,5341698,5139698,4347000,-3187000,3187000,3187000,29,0.3487,0.0,0.0,0.9283,0.0,-0.0378,fragilidad_sostenida,calculado,alta,baja,evidencia_temporal_disponible,balance_negativo,ninguna_relevante_para_el_periodo,La ventana entre 2026-04-01 y 2026-04-30 muestra un balance de -3187000 COP y una cobertura estimada de 0.93 meses. Este resultado describe el periodo y no a la persona.,historia_controlada_recalculada_v2,train,variable_resiliente,si,roadmap_14_mvp_estructurado_v3.0,fincoach_mvp_estructurado_v3.0,13c0ed55472feb29e7b270cbe4c3831fafcebc5516803dc168e3a0c9961aed40,580000,0,0,0,1700000,2067000,202000,204000,0
VEN_0017_2,PERF_0017,dentro_del_mvp,2026-05-31,2026-04-01,2026-05-31,acumulada_61_dias,61,48,97.9167,1160000,0,803000,0,0,6400000,3383000,858000,824000,616000,189000,4893149,456149,5341698,5732698,7560000,-5240000,5240000,4437000,60,0.0932,20331.694,0.0,0.2697,0.4091,0.0732,fragilidad_sostenida,calculado,alta,baja,evidencia_temporal_disponible,balance_negativo,ninguna_relevante_para_el_periodo,La ventana entre 2026-04-01 y 2026-05-31 muestra un balance de -5240000 COP y una cobertura estimada de 0.27 meses. Este resultado describe el periodo y no a la persona.,historia_controlada_recalculada_v2,train,variable_resiliente,si,roadmap_14_mvp_estructurado_v3.0,fincoach_mvp_estructurado_v3.0,0e2e0a53baa734b8845a0ba61f5a2cbcff8bf9d12fa336954f1f7ca73820ea14,1160000,803000,0,0,3378000,3022000,412000,204000,803000
VEN_0017_3,PERF_0017,dentro_del_mvp,2026-06-30,2026-04-01,2026-06-30,acumulada_91_dias,91,73,93.1507,1740000,0,803000,0,0,11446000,5988000,1331000,1372000,1074000,189000,4893149,-4009851,5341698,5561698,13186000,-9706000,9706000,8903000,90,0.0,-20757.7013,0.0,0.0,0.3158,0.0412,situacion_critica,calculado,alta,baja,evidencia_temporal_disponible,balance_negativo,ninguna_relevante_para_el_periodo,La ventana entre 2026-04-01 y 2026-06-30 muestra un balance de -9706000 COP y una cobertura estimada de 0.00 meses. Este resultado describe el periodo y no a la persona.,historia_controlada_recalculada_v2,train,variable_resiliente,si,roadmap_14_mvp_estructurado_v3.0,fincoach_mvp_estructurado_v3.0,30a474883280bc75a416c57abd7b00e2acf0c5486d1745c911b7e7d0e53fcaca,1740000,803000,0,0,6258000,5188000,583000,491000,803000
VEN_0018_1,PERF_0018,dentro_del_mvp,2026-04-30,2026-04-01,2026-04-30,acumulada_30_dias,30,29,96.5517,920000,0,0,0,194000,5624000,3338000,277000,1635000,0,66000,28754785,24244785,17678033,17678033,6544000,-4704000,4704000,4510000,29,0.8432,0.0,0.0,7.2633,0.1741,0.0,uso_planificado_reserva,calculado,alta,baja,evidencia_temporal_disponible,balance_negativo,ninguna_relevante_para_el_periodo,La ventana entre 2026-04-01 y 2026-04-30 muestra un balance de -4704000 COP y una cobertura estimada de 7.26 meses. Este resultado describe el periodo y no a la persona.,historia_controlada_recalculada_v2,test,uso_planificado_reserva,si,roadmap_14_mvp_estructurado_v3.0,fincoach_mvp_estructurado_v3.0,536bbda4eb456a752ac235aa3b6920082f08c6335d37beab22b2510432c74492,920000,194000,0,0,2314000,3310000,0,0,0
VEN_0018_2,PERF_0018,dentro_del_mvp,2026-05-31,2026-04-01,2026-05-31,acumulada_61_dias,61,58,98.2759,1840000,0,0,0,194000,20415000,13315000,1499000,3100000,353000,482000,28754785,10373785,17678033,17678033,22255000,-18575000,18575000,18381000,60,0.3608,-147708.1967,0.0,1.5582,0.0954,0.0,deterioro_reciente,calculado,alta,baja,evidencia_temporal_disponible,balance_negativo,ninguna_relevante_para_el_periodo,La ventana entre 2026-04-01 y 2026-05-31 muestra un balance de -18575000 COP y una cobertura estimada de 1.56 meses. Este resultado describe el periodo y no a la persona.,historia_controlada_recalculada_v2,test,uso_planificado_reserva,si,roadmap_14_mvp_estructurado_v3.0,fincoach_mvp_estructurado_v3.0,ebd061b55c867fd43ce659863107b092f522c296af6be19e34678ff5dd3adca9,1840000,194000,0,0,7561000,12854000,0,353000,0
VEN_0018_3,PERF_0018,dentro_del_mvp,2026-06-30,2026-04-01,2026-06-30,acumulada_91_dias,91,85,97.6471,2760000,0,0,0,843000,35206000,22765000,2472000,5864000,353000,997000,28754785,-2848215,17678033,17678033,37966000,-32446000,32446000,31603000,90,0.0,-52041.2538,0.0,0.0,0.234,0.0,situacion_critica,calculado,alta,baja,evidencia_temporal_disponible,balance_negativo,ninguna_relevante_para_el_periodo,La ventana entre 2026-04-01 y 2026-06-30 muestra un balance de -32446000 COP y una cobertura estimada de 0.00 meses. Este resultado describe el periodo y no a la persona.,historia_controlada_recalculada_v2,test,uso_planificado_reserva,si,roadmap_14_mvp_estructurado_v3.0,fincoach_mvp_estructurado_v3.0,fb018627283b57a0fb510282ce9a7d5fb3317490a5a4417177f682f1179ed260,2760000,843000,0,0,12844000,22362000,0,353000,0
VEN_0019_1,PERF_0019,dentro_del_mvp,2026-04-30,2026-04-01,2026-04-30,acumulada_30_dias,30,34,97.0588,1805000,0,0,0,0,1825000,1053000,157000,380000,0,46000,730786,710786,0,0,3630000,-20000,20000,1535000,27,0.4247,0.0,0.0,0.675,0.0,0.0,fragilidad_sostenida,calculado,alta,baja,evidencia_temporal_disponible,balance_negativo,ninguna_relevante_para_el_periodo,La ventana entre 2026-04-01 y 2026-04-30 muestra un balance de -20000 COP y una cobertura estimada de 0.68 meses. Este resultado describe el periodo y no a la persona.,historia_controlada_recalculada_v2,test,deterioro_reciente,si,roadmap_14_mvp_estructurado_v3.0,fincoach_mvp_estructurado_v3.0,802c835fe4fa69646b51f1c26cfa32add2d3eda60458208f69fe632ab25e1ae0,1805000,0,0,0,809000,1016000,0,0,0
VEN_0019_2,PERF_0019,dentro_del_mvp,2026-05-31,2026-04-01,2026-05-31,acumulada_61_dias,61,67,97.0149,3755000,0,0,0,82000,3650000,2171000,278000,703000,0,97000,730786,917786,0,0,7405000,105000,0,1725000,58,0.5483,2387.9781,0.0386,0.8455,0.0214,0.0,equilibrio_sostenible,calculado,alta,baja,balance_no_negativo,sin_factor_dominante,ninguna_relevante_para_el_periodo,La ventana entre 2026-04-01 y 2026-05-31 muestra un balance de 105000 COP y una cobertura estimada de 0.85 meses. Este resultado describe el periodo y no a la persona.,historia_controlada_recalculada_v2,test,deterioro_reciente,si,roadmap_14_mvp_estructurado_v3.0,fincoach_mvp_estructurado_v3.0,b3edc39f2e5a4d4d3ad3c826dbbacd5ae1a74faebf3d458ab38610c6fd22a6c7,3755000,82000,0,0,1550000,2100000,0,0,0
VEN_0019_3,PERF_0019,dentro_del_mvp,2026-06-30,2026-04-01,2026-06-30,acumulada_91_dias,91,100,94.0,5218000,0,0,0,82000,6301000,3474000,685000,876000,0,271000,730786,-270214,0,0,11519000,-1083000,1083000,2040000,88,0.0,-13622.4104,0.1174,0.0,0.0155,0.0,situacion_critica,calculado,alta,baja,evidencia_temporal_disponible,balance_negativo,ninguna_relevante_para_el_periodo,La ventana entre 2026-04-01 y 2026-06-30 muestra un balance de -1083000 COP y una cobertura estimada de 0.00 meses. Este resultado describe el periodo y no a la persona.,historia_controlada_recalculada_v2,test,deterioro_reciente,si,roadmap_14_mvp_estructurado_v3.0,fincoach_mvp_estructurado_v3.0,53cc857b6832d90882be115be0e6bfdc7c5506e74f54e8e3bd95a397bc4d790e,5218000,82000,0,0,2557000,3744000,0,0,0
VEN_0020_1,PERF_0020,dentro_del_mvp,2026-04-30,2026-04-01,2026-04-30,acumulada_30_dias,30,31,100.0,1550000,0,0,0,111000,4626000,2915000,167000,507000,0,391000,1099415,-1865585,9754037,9754037,6176000,-3076000,3076000,2977000,29,0.0,0.0,0.0,0.0,0.0668,0.0,situacion_critica,calculado,alta,baja,evidencia_temporal_disponible,balance_negativo,ninguna_relevante_para_el_periodo,La ventana entre 2026-04-01 y 2026-04-30 muestra un balance de -3076000 COP y una cobertura estimada de 0.00 meses. Este resultado describe el periodo y no a la persona.,historia_controlada_recalculada_v2,train,fragilidad_sostenida,si,roadmap_14_mvp_estructurado_v3.0,fincoach_mvp_estructurado_v3.0,c9a3b95ab759ea09c7422df83bd31b4024cdb6815d9ff4b91c07011a7c95d071,1550000,111000,0,0,2173000,2453000,0,0,0
VEN_0020_2,PERF_0020,dentro_del_mvp,2026-05-31,2026-04-01,2026-05-31,acumulada_61_dias,61,64,96.875,3930000,0,394000,0,111000,10530000,6731000,634000,972000,573000,821000,1099415,-4995585,9754037,9796037,14460000,-6600000,6600000,6095000,60,0.0,-5663.388,0.2112,0.0,0.1139,0.0043,situacion_critica,calculado,alta,baja,evidencia_temporal_disponible,balance_negativo,ninguna_relevante_para_el_periodo,La ventana entre 2026-04-01 y 2026-05-31 muestra un balance de -6600000 COP y una cobertura estimada de 0.00 meses. Este resultado describe el periodo y no a la persona.,historia_controlada_recalculada_v2,train,fragilidad_sostenida,si,roadmap_14_mvp_estructurado_v3.0,fincoach_mvp_estructurado_v3.0,510209861edeb4b7dbaeb84939dcfbc22a6511c8e5a867699abb61b829417e0b,4324000,111000,0,0,5894000,4636000,352000,221000,394000
VEN_0020_3,PERF_0020,dentro_del_mvp,2026-06-30,2026-04-01,2026-06-30,acumulada_91_dias,91,97,96.9072,6399000,0,788000,240000,111000,16434000,9220000,1278000,2300000,975000,1244000,1099415,-7796585,9754037,10190037,22833000,-10035000,10035000,8896000,90,0.0,-2078.004,0.194,0.0,0.1193,0.0447,situacion_critica,calculado,alta,baja,evidencia_temporal_disponible,balance_negativo,ninguna_relevante_para_el_periodo,La ventana entre 2026-04-01 y 2026-06-30 muestra un balance de -10035000 COP y una cobertura estimada de 0.00 meses. Este resultado describe el periodo y no a la persona.,historia_controlada_recalculada_v2,train,fragilidad_sostenida,si,roadmap_14_mvp_estructurado_v3.0,fincoach_mvp_estructurado_v3.0,3810600d800be82ded9202ed17023bad524261b1c7e873a959ad427a7cafd452,7187000,351000,0,0,8180000,8254000,352000,623000,788000
VEN_0021_1,PERF_0021,dentro_del_mvp,2026-04-30,2026-04-01,2026-04-30,acumulada_30_dias,30,29,93.1034,7009000,0,1415000,0,0,21222000,14038000,1186000,2063000,1317000,1154000,3620757,-9177243,30803921,30901921,28231000,-14213000,14213000,15529000,29,0.0,0.0,0.0,0.0,0.168,0.0032,situacion_critica,calculado,alta,baja,evidencia_temporal_disponible,balance_negativo,ninguna_relevante_para_el_periodo,La ventana entre 2026-04-01 y 2026-04-30 muestra un balance de -14213000 COP y una cobertura estimada de 0.00 meses. Este resultado describe el periodo y no a la persona.,historia_controlada_recalculada_v2,train,situacion_critica,si,roadmap_14_mvp_estructurado_v3.0,fincoach_mvp_estructurado_v3.0,1fbf3d05aedde264247568b680ce9b76bce9f5ec3f60b6e8d06d9f06c90fefbd,8424000,0,0,0,11499000,9723000,1317000,0,1415000
VEN_0021_2,PERF_0021,dentro_del_mvp,2026-05-31,2026-04-01,2026-05-31,acumulada_61_dias,61,60,95.0,13565000,0,4009000,0,0,48022000,34054000,2877000,6203000,1317000,1750000,3620757,-26827243,30803921,33495921,61587000,-34457000,34457000,34852000,60,0.0,-91102.1858,0.0334,0.0,0.2281,0.0874,situacion_critica,calculado,alta,baja,evidencia_temporal_disponible,balance_negativo,ninguna_relevante_para_el_periodo,La ventana entre 2026-04-01 y 2026-05-31 muestra un balance de -34457000 COP y una cobertura estimada de 0.00 meses. Este resultado describe el periodo y no a la persona.,historia_controlada_recalculada_v2,train,situacion_critica,si,roadmap_14_mvp_estructurado_v3.0,fincoach_mvp_estructurado_v3.0,dd8bda4458ff9d7c67ff7ab14f426f013525362cec27096d5169c1094613ba54,17574000,0,0,0,29258000,18764000,1317000,0,4009000
VEN_0021_3,PERF_0021,dentro_del_mvp,2026-06-30,2026-04-01,2026-06-30,acumulada_91_dias,91,91,95.6044,19217000,0,6603000,0,0,74822000,52486000,3702000,10508000,2798000,2495000,3620757,-45381243,30803921,36089921,94039000,-55605000,55605000,49711000,90,0.0,-46175.1036,0.0881,0.0,0.2557,0.1716,situacion_critica,calculado,alta,baja,evidencia_temporal_disponible,balance_negativo,ninguna_relevante_para_el_periodo,La ventana entre 2026-04-01 y 2026-06-30 muestra un balance de -55605000 COP y una cobertura estimada de 0.00 meses. Este resultado describe el periodo y no a la persona.,historia_controlada_recalculada_v2,train,situacion_critica,si,roadmap_14_mvp_estructurado_v3.0,fincoach_mvp_estructurado_v3.0,ac870aef62bcef234cc8e25cd0e6fe9c7678e5163628c1945581256dea8c0d91,25820000,0,0,0,46666000,28156000,1317000,1481000,6603000
VEN_0022_1,PERF_0022,dentro_del_mvp,2026-04-30,2026-04-01,2026-04-30,acumulada_30_dias,30,32,100.0,7793000,0,0,0,0,4165000,2166000,669000,247000,539000,269000,2466961,6094961,10827152,10288152,11958000,3628000,0,1415000,2,0.9156,0.0,0.0,2.8139,0.0,-0.0498,equilibrio_sostenible,calculado,alta,baja,balance_no_negativo,sin_factor_dominante,ninguna_relevante_para_el_periodo,La ventana entre 2026-04-01 y 2026-04-30 muestra un balance de 3628000 COP y una cobertura estimada de 2.81 meses. Este resultado describe el periodo y no a la persona.,historia_controlada_recalculada_v2,train,acumulacion_estable,si,roadmap_14_mvp_estructurado_v3.0,fincoach_mvp_estructurado_v3.0,6bf93f9d3e4e0c21426e65f5011ad880672e0fd6435f452459c36ee4073562fc,5311000,2482000,0,0,2230000,1935000,539000,0,0
VEN_0022_2,PERF_0022,dentro_del_mvp,2026-05-31,2026-04-01,2026-05-31,acumulada_61_dias,61,64,98.4375,14388000,0,0,0,0,8330000,4092000,1005000,1541000,539000,493000,2466961,8524961,10827152,10288152,22718000,6058000,0,1415000,3,0.9283,-21621.8579,0.0833,4.1666,0.0,-0.0498,acumulacion_estable,calculado,alta,baja,balance_no_negativo,sin_factor_dominante,ninguna_relevante_para_el_periodo,La ventana entre 2026-04-01 y 2026-05-31 muestra un balance de 6058000 COP y una cobertura estimada de 4.17 meses. Este resultado describe el periodo y no a la persona.,historia_controlada_recalculada_v2,train,acumulacion_estable,si,roadmap_14_mvp_estructurado_v3.0,fincoach_mvp_estructurado_v3.0,491bec17fa60529d5767191217c02e6fb27fcde4233c797bb53f903d91e51db4,10059000,4329000,0,0,4140000,4190000,539000,0,0
VEN_0022_3,PERF_0022,dentro_del_mvp,2026-06-30,2026-04-01,2026-06-30,acumulada_91_dias,91,95,97.8947,21272000,0,0,0,0,12495000,6836000,1257000,1775000,961000,604000,2466961,11243961,10827152,10180152,33767000,8777000,0,1992000,2,0.9925,-2860.926,0.072,4.9344,0.0,-0.0598,acumulacion_estable,calculado,alta,baja,balance_no_negativo,sin_factor_dominante,ninguna_relevante_para_el_periodo,La ventana entre 2026-04-01 y 2026-06-30 muestra un balance de 8777000 COP y una cobertura estimada de 4.93 meses. Este resultado describe el periodo y no a la persona.,historia_controlada_recalculada_v2,train,acumulacion_estable,si,roadmap_14_mvp_estructurado_v3.0,fincoach_mvp_estructurado_v3.0,d81a894ef735ee81fa31d368f9be5bb97013d9cb9fcd46f064b7abb12efcf386,14811000,6461000,0,0,6463000,6032000,647000,314000,0
VEN_0023_1,PERF_0023,dentro_del_mvp,2026-04-30,2026-04-01,2026-04-30,acumulada_30_dias,30,30,96.6667,4522000,0,0,0,0,5495000,3989000,653000,0,500000,220000,11403012,10430012,7635145,7135145,10017000,-973000,973000,2277000,29,0.9147,0.0,0.0,2.6147,0.0,-0.0655,uso_planificado_reserva,calculado,alta,baja,evidencia_temporal_disponible,balance_negativo,ninguna_relevante_para_el_periodo,La ventana entre 2026-04-01 y 2026-04-30 muestra un balance de -973000 COP y una cobertura estimada de 2.61 meses. Este resultado describe el periodo y no a la persona.,historia_controlada_recalculada_v2,train,equilibrio_sostenible,si,roadmap_14_mvp_estructurado_v3.0,fincoach_mvp_estructurado_v3.0,e9f92d29a90687a24ff813dfe032f86c94e43a02a93108d9392e89f6184c8141,4522000,0,0,0,2716000,2779000,500000,0,0
VEN_0023_2,PERF_0023,dentro_del_mvp,2026-05-31,2026-04-01,2026-05-31,acumulada_61_dias,61,62,96.7742,11215000,0,0,50000,0,10990000,7496000,715000,980000,500000,220000,11403012,11678012,7635145,7135145,22205000,225000,0,2305000,4,0.9506,36121.8579,0.1936,3.1158,0.0,-0.0655,variable_resiliente,calculado,alta,baja,balance_no_negativo,sin_factor_dominante,ninguna_relevante_para_el_periodo,La ventana entre 2026-04-01 y 2026-05-31 muestra un balance de 225000 COP y una cobertura estimada de 3.12 meses. Este resultado describe el periodo y no a la persona.,historia_controlada_recalculada_v2,train,equilibrio_sostenible,si,roadmap_14_mvp_estructurado_v3.0,fincoach_mvp_estructurado_v3.0,33519991187acd704827a52af8b98d3b3a9fdb8f8efcd753abca59593744f9c0,11215000,50000,0,0,4392000,6598000,500000,0,0
VEN_0023_3,PERF_0023,dentro_del_mvp,2026-06-30,2026-04-01,2026-06-30,acumulada_91_dias,91,94,97.8723,17719000,0,0,50000,0,16485000,10574000,838000,1580000,1365000,584000,11403012,12687012,7635145,6641145,34204000,1234000,0,2520000,2,0.953,9871.915,0.1662,3.5995,0.0,-0.1302,variable_resiliente,calculado,alta,baja,balance_no_negativo,sin_factor_dominante,ninguna_relevante_para_el_periodo,La ventana entre 2026-04-01 y 2026-06-30 muestra un balance de 1234000 COP y una cobertura estimada de 3.60 meses. Este resultado describe el periodo y no a la persona.,historia_controlada_recalculada_v2,train,equilibrio_sostenible,si,roadmap_14_mvp_estructurado_v3.0,fincoach_mvp_estructurado_v3.0,a9e4acc7d490ca0d886997fad8191445cf5b1145c665344fd2da6bb8d9697097,17719000,50000,0,0,6653000,9832000,994000,371000,0
VEN_0024_1,PERF_0024,dentro_del_mvp,2026-04-30,2026-04-01,2026-04-30,acumulada_30_dias,30,32,100.0,4067000,0,0,0,0,3883000,2655000,239000,130000,405000,101000,2756957,2940957,1615260,1210260,7950000,184000,0,2201000,2,0.8774,0.0,0.0,1.1077,0.0,-0.2507,equilibrio_sostenible,calculado,alta,baja,balance_no_negativo,sin_factor_dominante,ninguna_relevante_para_el_periodo,La ventana entre 2026-04-01 y 2026-04-30 muestra un balance de 184000 COP y una cobertura estimada de 1.11 meses. Este resultado describe el periodo y no a la persona.,historia_controlada_recalculada_v2,train,variable_resiliente,si,roadmap_14_mvp_estructurado_v3.0,fincoach_mvp_estructurado_v3.0,834a480e8fe8790c53b7af4e7dff2ccb634a9e715ba8f5e2d39a6d743c9b5659,2760000,1307000,0,0,2067000,1816000,405000,0,0
VEN_0024_2,PERF_0024,dentro_del_mvp,2026-05-31,2026-04-01,2026-05-31,acumulada_61_dias,61,63,98.4127,7318000,0,0,0,0,9085000,5033000,647000,1248000,1019000,240000,2756957,989957,1615260,1051260,16403000,-1767000,1767000,3851000,33,0.2953,-35100.5464,0.1115,0.3934,0.0,-0.3492,fragilidad_sostenida,calculado,alta,baja,evidencia_temporal_disponible,balance_negativo,ninguna_relevante_para_el_periodo,La ventana entre 2026-04-01 y 2026-05-31 muestra un balance de -1767000 COP y una cobertura estimada de 0.39 meses. Este resultado describe el periodo y no a la persona.,historia_controlada_recalculada_v2,train,variable_resiliente,si,roadmap_14_mvp_estructurado_v3.0,fincoach_mvp_estructurado_v3.0,df7699e1a16aba096ed6c74acadfd674999545dc5d4e416c553d19465d221c46,5101000,2217000,0,0,4477000,4608000,564000,455000,0
VEN_0024_3,PERF_0024,dentro_del_mvp,2026-06-30,2026-04-01,2026-06-30,acumulada_91_dias,91,94,96.8085,10895000,0,0,0,0,14287000,7404000,875000,2726000,1349000,472000,2756957,-635043,1615260,1051260,25182000,-3392000,3392000,5754000,63,0.0,-8307.5122,0.0923,0.0,0.0,-0.3492,situacion_critica,calculado,alta,baja,evidencia_temporal_disponible,balance_negativo,ninguna_relevante_para_el_periodo,La ventana entre 2026-04-01 y 2026-06-30 muestra un balance de -3392000 COP y una cobertura estimada de 0.00 meses. Este resultado describe el periodo y no a la persona.,historia_controlada_recalculada_v2,train,variable_resiliente,si,roadmap_14_mvp_estructurado_v3.0,fincoach_mvp_estructurado_v3.0,0a0db3d598f01b2a3aef8998a9c23bcd3b30e8d1949e286515ddc252cfb106c0,7356000,3539000,0,0,6865000,7422000,564000,785000,0
VEN_0025_1,PERF_0025,dentro_del_mvp,2026-04-30,2026-04-01,2026-04-30,acumulada_30_dias,30,25,96.0,500000,0,0,0,0,3838000,1830000,595000,832000,0,334000,11228282,7890282,0,0,4338000,-3338000,3338000,3338000,29,0.7027,0.0,0.0,4.3116,0.0,0.0,uso_planificado_reserva,calculado,alta,baja,evidencia_temporal_disponible,balance_negativo,ninguna_relevante_para_el_periodo,La ventana entre 2026-04-01 y 2026-04-30 muestra un balance de -3338000 COP y una cobertura estimada de 4.31 meses. Este resultado describe el periodo y no a la persona.,historia_controlada_recalculada_v2,validation,uso_planificado_reserva,si,roadmap_14_mvp_estructurado_v3.0,fincoach_mvp_estructurado_v3.0,a360a99931f8196e85d57e81186e19f3c51d79a8fbc14d785fd76b642c1539a8,500000,0,0,0,1628000,2210000,0,0,0
VEN_0025_2,PERF_0025,dentro_del_mvp,2026-05-31,2026-04-01,2026-05-31,acumulada_61_dias,61,44,95.4545,1000000,0,0,0,0,13932000,8545000,747000,3567000,0,334000,11228282,-1703718,0,0,14932000,-12932000,12932000,12932000,60,0.0,-100733.3333,0.0,0.0,0.0,0.0,situacion_critica,calculado,alta,baja,evidencia_temporal_disponible,balance_negativo,ninguna_relevante_para_el_periodo,La ventana entre 2026-04-01 y 2026-05-31 muestra un balance de -12932000 COP y una cobertura estimada de 0.00 meses. Este resultado describe el periodo y no a la persona.,historia_controlada_recalculada_v2,validation,uso_planificado_reserva,si,roadmap_14_mvp_estructurado_v3.0,fincoach_mvp_estructurado_v3.0,a83ee34a91a7212c1830f914d30f1d5205009830b3b515f7a49f5fa867cf4e41,1000000,0,0,0,5254000,8678000,0,0,0
VEN_0025_3,PERF_0025,dentro_del_mvp,2026-06-30,2026-04-01,2026-06-30,acumulada_91_dias,91,68,94.1176,1500000,0,0,0,0,24026000,14581000,2159000,5078000,0,692000,11228282,-11297718,0,0,25526000,-22526000,22526000,22526000,90,0.0,-35538.4615,0.0,0.0,0.0,0.0,situacion_critica,calculado,alta,baja,evidencia_temporal_disponible,balance_negativo,ninguna_relevante_para_el_periodo,La ventana entre 2026-04-01 y 2026-06-30 muestra un balance de -22526000 COP y una cobertura estimada de 0.00 meses. Este resultado describe el periodo y no a la persona.,historia_controlada_recalculada_v2,validation,uso_planificado_reserva,si,roadmap_14_mvp_estructurado_v3.0,fincoach_mvp_estructurado_v3.0,8a2a182d46c8b8ab71f68dff6a81fb4a5e0e5306a8cc49bf36f5b60ee73f6764,1500000,0,0,0,8386000,15640000,0,0,0
VEN_0026_1,PERF_0026,dentro_del_mvp,2026-04-30,2026-04-01,2026-04-30,acumulada_30_dias,30,26,88.4615,0,830000,0,0,0,5340000,3055000,237000,1401000,267000,0,5379671,869671,13333018,13066018,6170000,-4510000,4510000,4510000,29,0.1617,0.0,0.0,0.2847,1.0,-0.02,fragilidad_sostenida,calculado,alta,media,evidencia_temporal_disponible,balance_negativo,motivo_de_periodos_sin_ingreso,La ventana entre 2026-04-01 y 2026-04-30 muestra un balance de -4510000 COP y una cobertura estimada de 0.28 meses. Este resultado describe el periodo y no a la persona.,historia_controlada_recalculada_v2,test,deterioro_reciente,si,roadmap_14_mvp_estructurado_v3.0,fincoach_mvp_estructurado_v3.0,cc3e15e3507ac2ed955240ff3b16185dcc2c78414f225d7a073c343c074c31b2,830000,0,0,1,2421000,2919000,267000,0,0
VEN_0026_2,PERF_0026,dentro_del_mvp,2026-05-31,2026-04-01,2026-05-31,acumulada_61_dias,61,56,92.8571,0,1660000,0,210000,0,10680000,5671000,770000,2988000,482000,168000,5379671,-3430329,13333018,13066018,12340000,-9020000,9020000,8810000,60,0.0,2464.4809,0.0,0.0,0.8877,-0.02,situacion_critica,calculado,alta,baja,evidencia_temporal_disponible,balance_negativo,motivo_de_periodos_sin_ingreso,La ventana entre 2026-04-01 y 2026-05-31 muestra un balance de -9020000 COP y una cobertura estimada de 0.00 meses. Este resultado describe el periodo y no a la persona.,historia_controlada_recalculada_v2,test,deterioro_reciente,si,roadmap_14_mvp_estructurado_v3.0,fincoach_mvp_estructurado_v3.0,5a0d744e991db6c045babfa777214f2c0a890558bb866094810f7adde04936fb,1870000,0,0,2,4895000,5785000,267000,215000,0
VEN_0026_3,PERF_0026,dentro_del_mvp,2026-06-30,2026-04-01,2026-06-30,acumulada_91_dias,91,83,92.7711,0,2490000,0,380000,0,18436000,10274000,1983000,4015000,482000,415000,5379671,-10186329,13333018,13066018,20926000,-15946000,15946000,15566000,90,0.0,-27361.9168,0.0,0.0,0.8676,-0.02,situacion_critica,calculado,alta,baja,evidencia_temporal_disponible,balance_negativo,motivo_de_periodos_sin_ingreso,La ventana entre 2026-04-01 y 2026-06-30 muestra un balance de -15946000 COP y una cobertura estimada de 0.00 meses. Este resultado describe el periodo y no a la persona.,historia_controlada_recalculada_v2,test,deterioro_reciente,si,roadmap_14_mvp_estructurado_v3.0,fincoach_mvp_estructurado_v3.0,38c66e7741a49ba327afefd0d801024cd2ba429ef2e2ebd3ee9e28ced73a79a5,2870000,0,0,3,8932000,9504000,267000,215000,0
VEN_0027_1,PERF_0027,dentro_del_mvp,2026-04-30,2026-04-01,2026-04-30,acumulada_30_dias,30,24,100.0,0,640000,0,0,0,10422000,4376000,0,3504000,1011000,926000,1633583,-8148417,14426435,14426435,11062000,-9782000,9782000,9782000,29,0.0,0.0,0.0,0.0,1.0,0.0,situacion_critica,calculado,alta,baja,evidencia_temporal_disponible,balance_negativo,motivo_de_periodos_sin_ingreso,La ventana entre 2026-04-01 y 2026-04-30 muestra un balance de -9782000 COP y una cobertura estimada de 0.00 meses. Este resultado describe el periodo y no a la persona.,historia_controlada_recalculada_v2,train,fragilidad_sostenida,si,roadmap_14_mvp_estructurado_v3.0,fincoach_mvp_estructurado_v3.0,44bc0356278dc8e96cea54df3cb7daf32651cf2554bb03d9d516555fd8640c1c,640000,0,0,1,6665000,3757000,0,1011000,0
VEN_0027_2,PERF_0027,dentro_del_mvp,2026-05-31,2026-04-01,2026-05-31,acumulada_61_dias,61,51,100.0,0,1280000,0,0,0,23724000,12537000,1143000,5741000,1294000,1630000,1633583,-20810417,14426435,14426435,25004000,-22444000,22444000,22444000,60,0.0,-41867.7596,0.0,0.0,1.0,0.0,situacion_critica,calculado,alta,baja,evidencia_temporal_disponible,balance_negativo,motivo_de_periodos_sin_ingreso,La ventana entre 2026-04-01 y 2026-05-31 muestra un balance de -22444000 COP y una cobertura estimada de 0.00 meses. Este resultado describe el periodo y no a la persona.,historia_controlada_recalculada_v2,train,fragilidad_sostenida,si,roadmap_14_mvp_estructurado_v3.0,fincoach_mvp_estructurado_v3.0,8e82537d59ea7cb3063d5424c4f996f2c9a3d92784211837051ab1e4c9d58033,1280000,0,0,2,14772000,8952000,0,1294000,0
VEN_0027_3,PERF_0027,dentro_del_mvp,2026-06-30,2026-04-01,2026-06-30,acumulada_91_dias,91,73,98.6301,0,1920000,0,0,0,37026000,19693000,3350000,8354000,1294000,1630000,1633583,-33472417,14426435,14426435,38946000,-35106000,35106000,35106000,90,0.0,-17845.7936,0.0,0.0,1.0,0.0,situacion_critica,calculado,alta,baja,evidencia_temporal_disponible,balance_negativo,motivo_de_periodos_sin_ingreso,La ventana entre 2026-04-01 y 2026-06-30 muestra un balance de -35106000 COP y una cobertura estimada de 0.00 meses. Este resultado describe el periodo y no a la persona.,historia_controlada_recalculada_v2,train,fragilidad_sostenida,si,roadmap_14_mvp_estructurado_v3.0,fincoach_mvp_estructurado_v3.0,9a27c8caecc14aa24e4a04e05bec8d3f4209c0af1212a6f5a15d7fd103f4dc6c,1920000,0,0,3,21341000,15685000,0,1294000,0
VEN_0028_1,PERF_0028,dentro_del_mvp,2026-04-30,2026-04-01,2026-04-30,acumulada_30_dias,30,28,92.8571,500000,0,737000,30000,0,11052000,5050000,2181000,1773000,0,461000,347476,-9437524,19227498,19964498,11552000,-10552000,10552000,9785000,29,0.0,0.0,0.0,0.0,0.5817,0.0383,situacion_critica,calculado,alta,baja,evidencia_temporal_disponible,balance_negativo,ninguna_relevante_para_el_periodo,La ventana entre 2026-04-01 y 2026-04-30 muestra un balance de -10552000 COP y una cobertura estimada de 0.00 meses. Este resultado describe el periodo y no a la persona.,historia_controlada_recalculada_v2,train,situacion_critica,si,roadmap_14_mvp_estructurado_v3.0,fincoach_mvp_estructurado_v3.0,a3350b6e8485af960933455ee2cbdc84fba6d6979da969bde6a4540e01b0a250,1237000,30000,0,0,3869000,7183000,0,0,737000
VEN_0028_2,PERF_0028,dentro_del_mvp,2026-05-31,2026-04-01,2026-05-31,acumulada_61_dias,61,56,94.6429,1000000,0,2088000,30000,0,25009000,11661000,3834000,4255000,1018000,1562000,347476,-21543524,19227498,21315498,26009000,-24009000,24009000,21891000,60,0.0,-41856.8306,0.0,0.0,0.6697,0.1086,situacion_critica,calculado,alta,baja,evidencia_temporal_disponible,balance_negativo,ninguna_relevante_para_el_periodo,La ventana entre 2026-04-01 y 2026-05-31 muestra un balance de -24009000 COP y una cobertura estimada de 0.00 meses. Este resultado describe el periodo y no a la persona.,historia_controlada_recalculada_v2,train,situacion_critica,si,roadmap_14_mvp_estructurado_v3.0,fincoach_mvp_estructurado_v3.0,30bb778f31833793445bf71e2539d5a12ce8b313c266422d8d9c0eb865a655a5,3088000,30000,0,0,10654000,14355000,0,1018000,2088000
VEN_0028_3,PERF_0028,dentro_del_mvp,2026-06-30,2026-04-01,2026-06-30,acumulada_91_dias,91,78,96.1538,1500000,0,3439000,30000,0,38966000,18115000,4854000,7233000,2847000,1562000,347476,-33649524,19227498,20837498,40466000,-37466000,37466000,33997000,90,0.0,-18124.1218,0.0,0.0,0.6921,0.0837,situacion_critica,calculado,alta,baja,evidencia_temporal_disponible,balance_negativo,ninguna_relevante_para_el_periodo,La ventana entre 2026-04-01 y 2026-06-30 muestra un balance de -37466000 COP y una cobertura estimada de 0.00 meses. Este resultado describe el periodo y no a la persona.,historia_controlada_recalculada_v2,train,situacion_critica,si,roadmap_14_mvp_estructurado_v3.0,fincoach_mvp_estructurado_v3.0,8db7fbc6a8ce6d56508933c2d7ff55af026b61703eb02c55822210d5d9077d67,4939000,30000,0,0,20047000,18919000,1829000,1018000,3439000
VEN_0029_1,PERF_0029,dentro_del_mvp,2026-04-30,2026-04-01,2026-04-30,acumulada_30_dias,30,26,100.0,0,0,0,0,0,5176000,2785000,251000,1564000,0,350000,2648451,-2527549,2349065,2349065,5176000,-5176000,5176000,5176000,29,0.0,0.0,0.0,0.0,0.0,0.0,situacion_critica,calculado,alta,baja,evidencia_temporal_disponible,balance_negativo,motivo_de_periodos_sin_ingreso,La ventana entre 2026-04-01 y 2026-04-30 muestra un balance de -5176000 COP y una cobertura estimada de 0.00 meses. Este resultado describe el periodo y no a la persona.,historia_controlada_recalculada_v2,train,acumulacion_estable,si,roadmap_14_mvp_estructurado_v3.0,fincoach_mvp_estructurado_v3.0,e8f021fcf6fb5afe9db48d47ff450043a1258b1533e619658c8acb9e6e221ef5,0,0,0,1,1599000,3577000,0,0,0
VEN_0029_2,PERF_0029,dentro_del_mvp,2026-05-31,2026-04-01,2026-05-31,acumulada_61_dias,61,50,100.0,0,0,0,0,0,10352000,5620000,538000,2991000,205000,620000,2648451,-7703549,2349065,2144065,10352000,-10352000,10352000,10352000,60,0.0,2828.4153,0.0,0.0,0.0,-0.0873,situacion_critica,calculado,alta,baja,evidencia_temporal_disponible,balance_negativo,motivo_de_periodos_sin_ingreso,La ventana entre 2026-04-01 y 2026-05-31 muestra un balance de -10352000 COP y una cobertura estimada de 0.00 meses. Este resultado describe el periodo y no a la persona.,historia_controlada_recalculada_v2,train,acumulacion_estable,si,roadmap_14_mvp_estructurado_v3.0,fincoach_mvp_estructurado_v3.0,78e43cfede23434182186652f64ec652a6fc758c3bbb00a2c43c995dd7e0bfbb,0,0,0,2,4384000,5968000,205000,0,0
VEN_0029_3,PERF_0029,dentro_del_mvp,2026-06-30,2026-04-01,2026-06-30,acumulada_91_dias,91,73,95.8904,0,0,0,0,0,15528000,8612000,1516000,3259000,205000,620000,2648451,-12879549,2349065,2144065,15528000,-15528000,15528000,15528000,90,0.0,-932.4446,0.0,0.0,0.0,-0.0873,situacion_critica,calculado,alta,baja,evidencia_temporal_disponible,balance_negativo,motivo_de_periodos_sin_ingreso,La ventana entre 2026-04-01 y 2026-06-30 muestra un balance de -15528000 COP y una cobertura estimada de 0.00 meses. Este resultado describe el periodo y no a la persona.,historia_controlada_recalculada_v2,train,acumulacion_estable,si,roadmap_14_mvp_estructurado_v3.0,fincoach_mvp_estructurado_v3.0,9fa06b2c55ba5c61aa5de7e01f500b075780bdfc0c70e30c868e77c465c94ffe,0,0,0,3,6619000,8909000,205000,0,0
VEN_0030_1,PERF_0030,dentro_del_mvp,2026-04-30,2026-04-01,2026-04-30,acumulada_30_dias,30,24,100.0,0,0,0,0,0,2398000,1224000,91000,888000,0,104000,5180030,2782030,0,0,2398000,-2398000,2398000,2398000,29,0.5371,0.0,0.0,2.2729,0.0,0.0,uso_planificado_reserva,calculado,alta,baja,evidencia_temporal_disponible,balance_negativo,motivo_de_periodos_sin_ingreso,La ventana entre 2026-04-01 y 2026-04-30 muestra un balance de -2398000 COP y una cobertura estimada de 2.27 meses. Este resultado describe el periodo y no a la persona.,historia_controlada_recalculada_v2,train,equilibrio_sostenible,si,roadmap_14_mvp_estructurado_v3.0,fincoach_mvp_estructurado_v3.0,4c7327f2ab4bd5c29aa36afc49c92bf81501dc0c8a169abf230c563b8690509e,0,0,0,1,864000,1534000,0,0,0
VEN_0030_2,PERF_0030,dentro_del_mvp,2026-05-31,2026-04-01,2026-05-31,acumulada_61_dias,61,48,97.9167,0,0,0,110000,0,4796000,2913000,128000,1362000,0,136000,5180030,494030,0,0,4796000,-4796000,4796000,4686000,60,0.0954,1310.3825,0.0,0.3392,0.0,0.0,fragilidad_sostenida,calculado,alta,baja,evidencia_temporal_disponible,balance_negativo,motivo_de_periodos_sin_ingreso,La ventana entre 2026-04-01 y 2026-05-31 muestra un balance de -4796000 COP y una cobertura estimada de 0.34 meses. Este resultado describe el periodo y no a la persona.,historia_controlada_recalculada_v2,train,equilibrio_sostenible,si,roadmap_14_mvp_estructurado_v3.0,fincoach_mvp_estructurado_v3.0,02d7135c22989bc12e177b5be752b8731a2967ae9d44bdad89313890e856f3e3,0,110000,0,2,1899000,2897000,0,0,0
VEN_0030_3,PERF_0030,dentro_del_mvp,2026-06-30,2026-04-01,2026-06-30,acumulada_91_dias,91,72,98.6111,0,236000,0,110000,0,7194000,4072000,264000,2286000,0,272000,5180030,-1667970,0,0,7430000,-6958000,6958000,6848000,90,0.0,2161.4124,0.0,0.0,0.6821,0.0,situacion_critica,calculado,alta,baja,evidencia_temporal_disponible,balance_negativo,motivo_de_periodos_sin_ingreso,La ventana entre 2026-04-01 y 2026-06-30 muestra un balance de -6958000 COP y una cobertura estimada de 0.00 meses. Este resultado describe el periodo y no a la persona.,historia_controlada_recalculada_v2,train,equilibrio_sostenible,si,roadmap_14_mvp_estructurado_v3.0,fincoach_mvp_estructurado_v3.0,1b2375358da6b4fa6e20c05bc289b7514276ff8ae892a7ffc0f4545b3f8b063d,0,346000,0,3,2797000,4397000,0,0,0
VEN_0031_1,PERF_0031,dentro_del_mvp,2026-04-30,2026-04-01,2026-04-30,acumulada_30_dias,30,32,96.875,1920000,0,0,0,0,5961000,3271000,502000,905000,772000,211000,16253535,12212535,2322931,2106931,7881000,-4041000,4041000,4626000,25,0.7253,0.0,0.0,3.7336,0.0,-0.093,uso_planificado_reserva,calculado,alta,baja,evidencia_temporal_disponible,balance_negativo,ninguna_relevante_para_el_periodo,La ventana entre 2026-04-01 y 2026-04-30 muestra un balance de -4041000 COP y una cobertura estimada de 3.73 meses. Este resultado describe el periodo y no a la persona.,historia_controlada_recalculada_v2,train,variable_resiliente,si,roadmap_14_mvp_estructurado_v3.0,fincoach_mvp_estructurado_v3.0,283a06a4eb50db3dac48eb50b3339d02afc8d6fac584b56b637cb1d8b1ea92a8,1920000,0,0,0,3253000,2708000,216000,556000,0
VEN_0031_2,PERF_0031,dentro_del_mvp,2026-05-31,2026-04-01,2026-05-31,acumulada_61_dias,61,65,95.3846,6946000,438000,0,0,0,13946000,6622000,675000,2668000,2297000,356000,16253535,9691535,2322931,1255931,21330000,-6562000,6562000,8565000,56,0.5756,27126.2295,0.4472,2.9271,0.0593,-0.4593,uso_planificado_reserva,calculado,alta,baja,evidencia_temporal_disponible,balance_negativo,ninguna_relevante_para_el_periodo,La ventana entre 2026-04-01 y 2026-05-31 muestra un balance de -6562000 COP y una cobertura estimada de 2.93 meses. Este resultado describe el periodo y no a la persona.,historia_controlada_recalculada_v2,train,variable_resiliente,si,roadmap_14_mvp_estructurado_v3.0,fincoach_mvp_estructurado_v3.0,f46ef0bb44bfaab50f9de0adf6287b6927161328fce091df8016fdaf7588d2ec,6946000,438000,0,0,8449000,5497000,1067000,1230000,0
VEN_0031_3,PERF_0031,dentro_del_mvp,2026-06-30,2026-04-01,2026-06-30,acumulada_91_dias,91,99,95.9596,13838000,438000,0,100000,0,21931000,11953000,1166000,3469000,2578000,513000,16253535,8698535,2322931,974931,36207000,-7655000,7655000,10474000,86,0.5166,23452.8914,0.4446,2.1832,0.0305,-0.5803,uso_planificado_reserva,calculado,alta,baja,evidencia_temporal_disponible,balance_negativo,ninguna_relevante_para_el_periodo,La ventana entre 2026-04-01 y 2026-06-30 muestra un balance de -7655000 COP y una cobertura estimada de 2.18 meses. Este resultado describe el periodo y no a la persona.,historia_controlada_recalculada_v2,train,variable_resiliente,si,roadmap_14_mvp_estructurado_v3.0,fincoach_mvp_estructurado_v3.0,400b9edf8ebda51c54b3b311c1048a090d801049e4899df3ef93f844928c8fbf,13838000,538000,0,0,12927000,9004000,1348000,1230000,0
VEN_0032_1,PERF_0032,dentro_del_mvp,2026-04-30,2026-04-01,2026-04-30,acumulada_30_dias,30,28,96.4286,1180000,132000,0,0,0,2310000,1530000,283000,214000,0,0,7969194,6971194,0,0,3622000,-998000,998000,1587000,25,0.8146,0.0,0.0,4.5563,0.1006,0.0,uso_planificado_reserva,calculado,alta,baja,evidencia_temporal_disponible,balance_negativo,ninguna_relevante_para_el_periodo,La ventana entre 2026-04-01 y 2026-04-30 muestra un balance de -998000 COP y una cobertura estimada de 4.56 meses. Este resultado describe el periodo y no a la persona.,historia_controlada_recalculada_v2,test,uso_planificado_reserva,si,roadmap_14_mvp_estructurado_v3.0,fincoach_mvp_estructurado_v3.0,cb5326c317619caf1f8875779bfec1baab22ad7f6b42f5feac6b0bd48516b30c,1180000,132000,0,0,1137000,1173000,0,0,0
VEN_0032_2,PERF_0032,dentro_del_mvp,2026-05-31,2026-04-01,2026-05-31,acumulada_61_dias,61,57,92.9825,2360000,132000,0,0,0,8386000,5304000,551000,1199000,0,134000,7969194,2075194,0,0,10878000,-5894000,5894000,6483000,56,0.2425,-63356.2842,0.0,0.7825,0.053,0.0,deterioro_reciente,calculado,alta,baja,evidencia_temporal_disponible,balance_negativo,ninguna_relevante_para_el_periodo,La ventana entre 2026-04-01 y 2026-05-31 muestra un balance de -5894000 COP y una cobertura estimada de 0.78 meses. Este resultado describe el periodo y no a la persona.,historia_controlada_recalculada_v2,test,uso_planificado_reserva,si,roadmap_14_mvp_estructurado_v3.0,fincoach_mvp_estructurado_v3.0,0647ebca5ae50fb929825775565827ac9719793e363b69f2d1221319505b64fc,2360000,132000,0,0,4178000,4208000,0,0,0
VEN_0032_3,PERF_0032,dentro_del_mvp,2026-06-30,2026-04-01,2026-06-30,acumulada_91_dias,91,86,95.3488,3540000,295000,0,0,0,14462000,9416000,1056000,1923000,0,678000,7969194,-2657806,0,0,18297000,-10627000,10627000,11216000,86,0.0,-20157.269,0.0,0.0,0.0769,0.0,situacion_critica,calculado,alta,baja,evidencia_temporal_disponible,balance_negativo,ninguna_relevante_para_el_periodo,La ventana entre 2026-04-01 y 2026-06-30 muestra un balance de -10627000 COP y una cobertura estimada de 0.00 meses. Este resultado describe el periodo y no a la persona.,historia_controlada_recalculada_v2,test,uso_planificado_reserva,si,roadmap_14_mvp_estructurado_v3.0,fincoach_mvp_estructurado_v3.0,249a3e333d4288a56c18bc60505042966a9045751865cf1c814fefa1295fa720,3540000,295000,0,0,7062000,7400000,0,0,0
VEN_0033_1,PERF_0033,dentro_del_mvp,2026-04-30,2026-04-01,2026-04-30,acumulada_30_dias,30,33,100.0,3041000,0,0,0,0,2738000,1671000,148000,596000,0,87000,7152554,7455554,0,0,5779000,303000,0,684000,15,0.9681,0.0,0.0,4.4617,0.0,0.0,acumulacion_estable,calculado,alta,baja,balance_no_negativo,sin_factor_dominante,ninguna_relevante_para_el_periodo,La ventana entre 2026-04-01 y 2026-04-30 muestra un balance de 303000 COP y una cobertura estimada de 4.46 meses. Este resultado describe el periodo y no a la persona.,historia_controlada_recalculada_v2,train,deterioro_reciente,si,roadmap_14_mvp_estructurado_v3.0,fincoach_mvp_estructurado_v3.0,3b414f1a4db704d6fd770754a162edf635794660db9fdd5a1ba20003875cfc89,3041000,0,0,0,1233000,1505000,0,0,0
VEN_0033_2,PERF_0033,dentro_del_mvp,2026-05-31,2026-04-01,2026-05-31,acumulada_61_dias,61,66,95.4545,5832000,0,0,230000,0,5476000,3177000,604000,776000,0,167000,7152554,7738554,0,0,11308000,356000,0,1229000,5,0.9742,-4263.9344,0.0429,4.8716,0.0,0.0,acumulacion_estable,calculado,alta,baja,balance_no_negativo,sin_factor_dominante,ninguna_relevante_para_el_periodo,La ventana entre 2026-04-01 y 2026-05-31 muestra un balance de 356000 COP y una cobertura estimada de 4.87 meses. Este resultado describe el periodo y no a la persona.,historia_controlada_recalculada_v2,train,deterioro_reciente,si,roadmap_14_mvp_estructurado_v3.0,fincoach_mvp_estructurado_v3.0,4c42c52e23e4fbfaf50176ff7e7de401bd3d5b5db7613c0b9583e4af16c2d36a,5832000,230000,0,0,2256000,3220000,0,0,0
VEN_0033_3,PERF_0033,dentro_del_mvp,2026-06-30,2026-04-01,2026-06-30,acumulada_91_dias,91,98,94.898,8169000,0,0,400000,0,9453000,5449000,865000,1769000,0,402000,7152554,6268554,0,0,17622000,-1284000,1284000,2810000,23,0.6905,-19945.9557,0.107,3.4512,0.0,0.0,uso_planificado_reserva,calculado,alta,baja,evidencia_temporal_disponible,balance_negativo,ninguna_relevante_para_el_periodo,La ventana entre 2026-04-01 y 2026-06-30 muestra un balance de -1284000 COP y una cobertura estimada de 3.45 meses. Este resultado describe el periodo y no a la persona.,historia_controlada_recalculada_v2,train,deterioro_reciente,si,roadmap_14_mvp_estructurado_v3.0,fincoach_mvp_estructurado_v3.0,096b09d0f6e292d9ab1e5702ddf4f682f7df18e301e15701a5859818ab09f40d,8169000,400000,0,0,3736000,5717000,0,0,0
VEN_0034_1,PERF_0034,dentro_del_mvp,2026-04-30,2026-04-01,2026-04-30,acumulada_30_dias,30,30,100.0,4732000,0,0,70000,0,7954000,3934000,607000,1323000,302000,749000,1168717,-1983283,18397463,18095463,12686000,-3222000,3222000,5022000,29,0.0,0.0,0.0,0.0,0.0,-0.0164,situacion_critica,calculado,alta,baja,evidencia_temporal_disponible,balance_negativo,ninguna_relevante_para_el_periodo,La ventana entre 2026-04-01 y 2026-04-30 muestra un balance de -3222000 COP y una cobertura estimada de 0.00 meses. Este resultado describe el periodo y no a la persona.,historia_controlada_recalculada_v2,train,fragilidad_sostenida,si,roadmap_14_mvp_estructurado_v3.0,fincoach_mvp_estructurado_v3.0,b37ffec84af583d699220016b738a63a12955170643f94ed9848ac0a98ddb835,0,70000,4732000,0,3263000,4691000,302000,0,0
VEN_0034_2,PERF_0034,dentro_del_mvp,2026-05-31,2026-04-01,2026-05-31,acumulada_61_dias,61,50,100.0,4732000,0,0,70000,0,18106000,10070000,1002000,2830000,302000,1355000,1168717,-12135283,18397463,18095463,22838000,-13374000,13374000,13304000,60,0.0,-111845.9016,1.0,0.0,0.0,-0.0164,situacion_critica,calculado,alta,baja,evidencia_temporal_disponible,balance_negativo,motivo_de_periodos_sin_ingreso,La ventana entre 2026-04-01 y 2026-05-31 muestra un balance de -13374000 COP y una cobertura estimada de 0.00 meses. Este resultado describe el periodo y no a la persona.,historia_controlada_recalculada_v2,train,fragilidad_sostenida,si,roadmap_14_mvp_estructurado_v3.0,fincoach_mvp_estructurado_v3.0,b80a0eb1df02e90d6cd61b1b30d9633cecce72b215c26bcdac9dfe2e6a561cac,0,70000,4732000,1,7928000,10178000,302000,0,0
VEN_0034_3,PERF_0034,dentro_del_mvp,2026-06-30,2026-04-01,2026-06-30,acumulada_91_dias,91,80,98.75,8072000,0,677000,240000,0,28258000,16437000,1581000,3256000,2070000,2169000,1168717,-18100283,18397463,18772463,36330000,-20186000,20186000,20325000,90,0.0,-2578.2742,0.738,0.0,0.0753,0.0204,situacion_critica,calculado,alta,baja,evidencia_temporal_disponible,balance_negativo,motivo_de_periodos_sin_ingreso,La ventana entre 2026-04-01 y 2026-06-30 muestra un balance de -20186000 COP y una cobertura estimada de 0.00 meses. Este resultado describe el periodo y no a la persona.,historia_controlada_recalculada_v2,train,fragilidad_sostenida,si,roadmap_14_mvp_estructurado_v3.0,fincoach_mvp_estructurado_v3.0,797fb2c9c9a56d7b68ad1eccd69a0c8fea4c7eb5457e52da598cc47a6cee4a52,0,917000,8072000,1,14221000,14037000,302000,1768000,677000
VEN_0035_1,PERF_0035,dentro_del_mvp,2026-04-30,2026-04-01,2026-04-30,acumulada_30_dias,30,30,100.0,718000,0,216000,160000,0,3240000,1669000,202000,167000,409000,491000,538243,-1607757,3072926,2993926,3958000,-2522000,2522000,2146000,26,0.0,0.0,0.0,0.0,0.1974,-0.0257,situacion_critica,calculado,alta,baja,evidencia_temporal_disponible,balance_negativo,ninguna_relevante_para_el_periodo,La ventana entre 2026-04-01 y 2026-04-30 muestra un balance de -2522000 COP y una cobertura estimada de 0.00 meses. Este resultado describe el periodo y no a la persona.,historia_controlada_recalculada_v2,train,situacion_critica,si,roadmap_14_mvp_estructurado_v3.0,fincoach_mvp_estructurado_v3.0,59e016052cb053732c268713a60a2bd7d9e12d4437cb1adbf1322c9f485db48a,1094000,0,0,0,1851000,1389000,295000,114000,216000
VEN_0035_2,PERF_0035,dentro_del_mvp,2026-05-31,2026-04-01,2026-05-31,acumulada_61_dias,61,63,100.0,1972000,0,612000,310000,0,7332000,3506000,344000,1105000,776000,981000,538243,-3899757,3072926,3389926,9304000,-5360000,5360000,4534000,57,0.0,-3802.1858,0.2718,0.0,0.2115,0.1032,situacion_critica,calculado,alta,baja,evidencia_temporal_disponible,balance_negativo,ninguna_relevante_para_el_periodo,La ventana entre 2026-04-01 y 2026-05-31 muestra un balance de -5360000 COP y una cobertura estimada de 0.00 meses. Este resultado describe el periodo y no a la persona.,historia_controlada_recalculada_v2,train,situacion_critica,si,roadmap_14_mvp_estructurado_v3.0,fincoach_mvp_estructurado_v3.0,880affd1c5ba669042ddd74df9772c6caa3d1529b73310565c9e2792d67661c7,2894000,0,0,0,4055000,3277000,295000,481000,612000
VEN_0035_3,PERF_0035,dentro_del_mvp,2026-06-30,2026-04-01,2026-06-30,acumulada_91_dias,91,96,98.9583,3233000,0,1008000,310000,0,11424000,6142000,713000,1440000,1033000,1132000,538243,-6334757,3072926,3785926,14657000,-8191000,8191000,7062000,87,0.0,-2142.1366,0.236,0.0,0.2215,0.232,situacion_critica,calculado,alta,baja,evidencia_temporal_disponible,balance_negativo,ninguna_relevante_para_el_periodo,La ventana entre 2026-04-01 y 2026-06-30 muestra un balance de -8191000 COP y una cobertura estimada de 0.00 meses. Este resultado describe el periodo y no a la persona.,historia_controlada_recalculada_v2,train,situacion_critica,si,roadmap_14_mvp_estructurado_v3.0,fincoach_mvp_estructurado_v3.0,722615b9bf746a4e0908759ad0430d0f18fd544e06d1f931618dfbe427bd4020,4551000,0,0,0,6237000,5187000,295000,738000,1008000
VEN_0036_1,PERF_0036,dentro_del_mvp,2026-04-30,2026-04-01,2026-04-30,acumulada_30_dias,30,33,100.0,7596000,0,1185000,0,0,4362000,2711000,316000,650000,120000,0,13031859,17450859,7289869,8354869,11958000,3234000,0,1398000,10,0.9802,0.0,0.0,6.4371,0.135,0.1461,acumulacion_estable,calculado,alta,baja,balance_no_negativo,sin_factor_dominante,ninguna_relevante_para_el_periodo,La ventana entre 2026-04-01 y 2026-04-30 muestra un balance de 3234000 COP y una cobertura estimada de 6.44 meses. Este resultado describe el periodo y no a la persona.,historia_controlada_recalculada_v2,train,acumulacion_estable,si,roadmap_14_mvp_estructurado_v3.0,fincoach_mvp_estructurado_v3.0,d7b763a3ba74e3518a87b6ebf92b9ec4c6f8a16df4f1a4915106bc3799357a43,0,1185000,7596000,0,1936000,2426000,120000,0,1185000
VEN_0036_2,PERF_0036,dentro_del_mvp,2026-05-31,2026-04-01,2026-05-31,acumulada_61_dias,61,60,98.3333,7596000,0,1185000,0,0,8724000,5430000,802000,993000,489000,146000,13031859,13088859,7289869,7985869,16320000,-1128000,1128000,4715000,41,0.7352,-126291.8033,1.0,4.8209,0.135,0.0955,deterioro_reciente,calculado,alta,baja,evidencia_temporal_disponible,balance_negativo,motivo_de_periodos_sin_ingreso,La ventana entre 2026-04-01 y 2026-05-31 muestra un balance de -1128000 COP y una cobertura estimada de 4.82 meses. Este resultado describe el periodo y no a la persona.,historia_controlada_recalculada_v2,train,acumulacion_estable,si,roadmap_14_mvp_estructurado_v3.0,fincoach_mvp_estructurado_v3.0,bf068da9612af6688ee2071db101421e289c23feb25414585d5f3b1b135ae451,0,1185000,7596000,1,3881000,4843000,489000,0,1185000
VEN_0036_3,PERF_0036,dentro_del_mvp,2026-06-30,2026-04-01,2026-06-30,acumulada_91_dias,91,92,97.8261,15057000,0,2142000,0,0,13086000,7861000,987000,1853000,693000,279000,13031859,17144859,7289869,8942869,28143000,1971000,0,6514000,12,0.9184,40151.1439,0.7072,6.543,0.1245,0.2268,variable_resiliente,calculado,alta,baja,balance_no_negativo,sin_factor_dominante,motivo_de_periodos_sin_ingreso,La ventana entre 2026-04-01 y 2026-06-30 muestra un balance de 1971000 COP y una cobertura estimada de 6.54 meses. Este resultado describe el periodo y no a la persona.,historia_controlada_recalculada_v2,train,acumulacion_estable,si,roadmap_14_mvp_estructurado_v3.0,fincoach_mvp_estructurado_v3.0,28fe1916828eadd1851d79176a62c328235f54930a418574d1e399c5de304675,0,2142000,15057000,1,5827000,7259000,489000,204000,2142000
VEN_0037_1,PERF_0037,dentro_del_mvp,2026-04-30,2026-04-01,2026-04-30,acumulada_30_dias,30,29,100.0,6241000,0,0,0,0,7767000,3737000,361000,727000,1611000,387000,2444781,918781,17624813,17271813,14008000,-1526000,1526000,3996000,29,0.3758,0.0,0.0,0.2459,0.0,-0.02,fragilidad_sostenida,calculado,alta,baja,evidencia_temporal_disponible,balance_negativo,ninguna_relevante_para_el_periodo,La ventana entre 2026-04-01 y 2026-04-30 muestra un balance de -1526000 COP y una cobertura estimada de 0.25 meses. Este resultado describe el periodo y no a la persona.,historia_controlada_recalculada_v2,train,equilibrio_sostenible,si,roadmap_14_mvp_estructurado_v3.0,fincoach_mvp_estructurado_v3.0,02df5efbffd9b6d2c606ff2bb57488f78a4ba7b74e888582be600b09df001345,6241000,0,0,0,4704000,3063000,353000,1258000,0
VEN_0037_2,PERF_0037,dentro_del_mvp,2026-05-31,2026-04-01,2026-05-31,acumulada_61_dias,61,61,98.3607,15141000,0,2320000,0,0,15534000,9340000,830000,727000,2698000,387000,2444781,4371781,17624813,19332813,30675000,-393000,393000,3996000,0,1.0,44424.0437,0.1756,0.9361,0.1329,0.0969,fragilidad_sostenida,calculado,alta,baja,evidencia_temporal_disponible,balance_negativo,ninguna_relevante_para_el_periodo,La ventana entre 2026-04-01 y 2026-05-31 muestra un balance de -393000 COP y una cobertura estimada de 0.94 meses. Este resultado describe el periodo y no a la persona.,historia_controlada_recalculada_v2,train,equilibrio_sostenible,si,roadmap_14_mvp_estructurado_v3.0,fincoach_mvp_estructurado_v3.0,84b8b0b2663f1d09b7033c4ee99210fa494c3faf6d691006f9aabad6452e0c8c,15141000,2320000,0,0,9984000,5550000,612000,2086000,2320000
VEN_0037_3,PERF_0037,dentro_del_mvp,2026-06-30,2026-04-01,2026-06-30,acumulada_91_dias,91,93,97.8495,23912000,0,2320000,140000,0,23301000,12994000,1098000,3158000,2945000,1069000,2444781,5515781,17624813,19085813,47213000,611000,0,3996000,2,0.9586,13156.9087,0.1536,1.2735,0.088,0.0829,variable_resiliente,calculado,alta,baja,balance_no_negativo,sin_factor_dominante,ninguna_relevante_para_el_periodo,La ventana entre 2026-04-01 y 2026-06-30 muestra un balance de 611000 COP y una cobertura estimada de 1.27 meses. Este resultado describe el periodo y no a la persona.,historia_controlada_recalculada_v2,train,equilibrio_sostenible,si,roadmap_14_mvp_estructurado_v3.0,fincoach_mvp_estructurado_v3.0,adf6f05a9443d0ed1c67f334338f93ec876175f661f232ee04ae7004af1604fd,23912000,2460000,0,0,15022000,8279000,859000,2086000,2320000
VEN_0038_1,PERF_0038,dentro_del_mvp,2026-04-30,2026-04-01,2026-04-30,acumulada_30_dias,30,34,97.0588,5120000,0,0,0,412000,6563000,4205000,635000,692000,0,298000,17324598,16293598,14536777,14536777,11683000,-1443000,1443000,4174000,25,0.7961,0.0,0.0,3.8748,0.0745,0.0,uso_planificado_reserva,calculado,alta,baja,evidencia_temporal_disponible,balance_negativo,ninguna_relevante_para_el_periodo,La ventana entre 2026-04-01 y 2026-04-30 muestra un balance de -1443000 COP y una cobertura estimada de 3.87 meses. Este resultado describe el periodo y no a la persona.,historia_controlada_recalculada_v2,train,variable_resiliente,si,roadmap_14_mvp_estructurado_v3.0,fincoach_mvp_estructurado_v3.0,1cb5fa7aa24ac63be6edb9eb0d5dd92288e6e4c91cee6bcf9192e67d5d1a0d61,5120000,412000,0,0,3444000,3119000,0,0,0
VEN_0038_2,PERF_0038,dentro_del_mvp,2026-05-31,2026-04-01,2026-05-31,acumulada_61_dias,61,67,95.5224,10240000,0,0,0,412000,15354000,8523000,893000,1274000,872000,2227000,17324598,12622598,14536777,14536777,25594000,-5114000,5114000,7845000,56,0.6167,-35736.0656,0.0,2.962,0.0387,0.0,uso_planificado_reserva,calculado,alta,baja,evidencia_temporal_disponible,balance_negativo,ninguna_relevante_para_el_periodo,La ventana entre 2026-04-01 y 2026-05-31 muestra un balance de -5114000 COP y una cobertura estimada de 2.96 meses. Este resultado describe el periodo y no a la persona.,historia_controlada_recalculada_v2,train,variable_resiliente,si,roadmap_14_mvp_estructurado_v3.0,fincoach_mvp_estructurado_v3.0,e34916f6b0dce10acc77f197dd7f8f83dc98ad0e58320540bf9bd62fdaf24d92,10240000,412000,0,0,8564000,6790000,0,872000,0
VEN_0038_3,PERF_0038,dentro_del_mvp,2026-06-30,2026-04-01,2026-06-30,acumulada_91_dias,91,100,94.0,15360000,0,0,190000,1109000,24145000,13133000,1718000,2814000,872000,3051000,17324598,9838598,14536777,14536777,39505000,-8785000,8785000,11035000,86,0.4807,-12702.396,0.0,2.2475,0.0666,0.0,uso_planificado_reserva,calculado,alta,baja,evidencia_temporal_disponible,balance_negativo,ninguna_relevante_para_el_periodo,La ventana entre 2026-04-01 y 2026-06-30 muestra un balance de -8785000 COP y una cobertura estimada de 2.25 meses. Este resultado describe el periodo y no a la persona.,historia_controlada_recalculada_v2,train,variable_resiliente,si,roadmap_14_mvp_estructurado_v3.0,fincoach_mvp_estructurado_v3.0,b8445268ee5c78942a85a265056b3ae184caedc8d2ed0f0d778d96ffcbb1fca6,15360000,1299000,0,0,12986000,11159000,0,872000,0
VEN_0039_1,PERF_0039,dentro_del_mvp,2026-04-30,2026-04-01,2026-04-30,acumulada_30_dias,30,33,100.0,5636000,0,0,190000,0,3724000,1946000,373000,618000,311000,133000,14892633,16994633,12240642,12097642,9360000,1912000,0,2834000,29,0.8571,0.0,0.0,8.7331,0.0,-0.0117,acumulacion_estable,calculado,alta,baja,balance_no_negativo,sin_factor_dominante,ninguna_relevante_para_el_periodo,La ventana entre 2026-04-01 y 2026-04-30 muestra un balance de 1912000 COP y una cobertura estimada de 8.73 meses. Este resultado describe el periodo y no a la persona.,historia_controlada_recalculada_v2,test,uso_planificado_reserva,si,roadmap_14_mvp_estructurado_v3.0,fincoach_mvp_estructurado_v3.0,716736f1f789541d10d201e12f9aebadaa38fa89897dde44ed57442de3e84b11,5636000,190000,0,0,1694000,2030000,143000,168000,0
VEN_0039_2,PERF_0039,dentro_del_mvp,2026-05-31,2026-04-01,2026-05-31,acumulada_61_dias,61,66,96.9697,9358000,0,0,190000,523000,13518000,7497000,1524000,1614000,727000,654000,14892633,11445633,12240642,11681642,22876000,-4160000,4160000,10120000,60,0.5772,-131930.0546,0.2045,3.0534,0.0519,-0.0457,deterioro_reciente,calculado,alta,baja,evidencia_temporal_disponible,balance_negativo,ninguna_relevante_para_el_periodo,La ventana entre 2026-04-01 y 2026-05-31 muestra un balance de -4160000 COP y una cobertura estimada de 3.05 meses. Este resultado describe el periodo y no a la persona.,historia_controlada_recalculada_v2,test,uso_planificado_reserva,si,roadmap_14_mvp_estructurado_v3.0,fincoach_mvp_estructurado_v3.0,648ad248165b0779a0455c33c4c6d4fd845db5ff26fd4147d1e86fae211571e0,9358000,713000,0,0,6008000,7510000,559000,168000,0
VEN_0039_3,PERF_0039,dentro_del_mvp,2026-06-30,2026-04-01,2026-06-30,acumulada_91_dias,91,99,97.9798,13438000,0,0,190000,523000,23312000,12256000,2263000,4006000,907000,1085000,14892633,5731633,12240642,11501642,36750000,-9874000,9874000,14097000,90,0.2891,-40308.7732,0.1855,1.403,0.037,-0.0604,fragilidad_sostenida,calculado,alta,baja,evidencia_temporal_disponible,balance_negativo,ninguna_relevante_para_el_periodo,La ventana entre 2026-04-01 y 2026-06-30 muestra un balance de -9874000 COP y una cobertura estimada de 1.40 meses. Este resultado describe el periodo y no a la persona.,historia_controlada_recalculada_v2,test,uso_planificado_reserva,si,roadmap_14_mvp_estructurado_v3.0,fincoach_mvp_estructurado_v3.0,1124f0e0470396637010fad9ca63bf8cd9e27c394d156c324ff693d46f29280e,11642000,2509000,0,0,9549000,13763000,739000,168000,0
VEN_0040_1,PERF_0040,dentro_del_mvp,2026-04-30,2026-04-01,2026-04-30,acumulada_30_dias,30,32,100.0,2787000,0,0,190000,65000,2670000,1365000,171000,524000,0,256000,2655334,3027334,0,0,5457000,117000,0,921000,10,0.7667,0.0,0.0,2.2178,0.0214,0.0,equilibrio_sostenible,calculado,alta,baja,balance_no_negativo,sin_factor_dominante,ninguna_relevante_para_el_periodo,La ventana entre 2026-04-01 y 2026-04-30 muestra un balance de 117000 COP y una cobertura estimada de 2.22 meses. Este resultado describe el periodo y no a la persona.,historia_controlada_recalculada_v2,validation,deterioro_reciente,si,roadmap_14_mvp_estructurado_v3.0,fincoach_mvp_estructurado_v3.0,7af55c3b3574beb0cf30496dd92370752b8cbec0ca6fcfd2c93d7d80ff9b6656,0,255000,2787000,0,884000,1786000,0,0,0
VEN_0040_2,PERF_0040,dentro_del_mvp,2026-05-31,2026-04-01,2026-05-31,acumulada_61_dias,61,55,100.0,2787000,0,0,190000,65000,5340000,2799000,205000,1635000,0,256000,2655334,357334,0,0,8127000,-2553000,2553000,3591000,41,0.0905,-45752.459,1.0,0.2553,0.0214,0.0,fragilidad_sostenida,calculado,alta,baja,evidencia_temporal_disponible,balance_negativo,motivo_de_periodos_sin_ingreso,La ventana entre 2026-04-01 y 2026-05-31 muestra un balance de -2553000 COP y una cobertura estimada de 0.26 meses. Este resultado describe el periodo y no a la persona.,historia_controlada_recalculada_v2,validation,deterioro_reciente,si,roadmap_14_mvp_estructurado_v3.0,fincoach_mvp_estructurado_v3.0,fcbf090e5845a58229c9c7457a3b0e741e4c07c098218808835a72913bdb278e,0,255000,2787000,1,1699000,3641000,0,0,0
VEN_0040_3,PERF_0040,dentro_del_mvp,2026-06-30,2026-04-01,2026-06-30,acumulada_91_dias,91,87,97.7011,5010000,0,0,380000,65000,9218000,5618000,284000,2357000,0,389000,2655334,-1107666,0,0,14228000,-4208000,4208000,5356000,71,0.0,-4389.2992,0.7204,0.0,0.0119,0.0,situacion_critica,calculado,alta,baja,evidencia_temporal_disponible,balance_negativo,motivo_de_periodos_sin_ingreso,La ventana entre 2026-04-01 y 2026-06-30 muestra un balance de -4208000 COP y una cobertura estimada de 0.00 meses. Este resultado describe el periodo y no a la persona.,historia_controlada_recalculada_v2,validation,deterioro_reciente,si,roadmap_14_mvp_estructurado_v3.0,fincoach_mvp_estructurado_v3.0,006347113f9a0bb60c15e439b52fbad63c68dad7a5fa04d5727e02ea53600dd5,0,445000,5010000,1,3387000,5831000,0,0,0
VEN_0041_1,PERF_0041,dentro_del_mvp,2026-04-30,2026-04-01,2026-04-30,acumulada_30_dias,30,32,100.0,3116000,0,0,0,0,10253000,2867000,1515000,3245000,1348000,724000,2192946,-4944054,18340258,17669258,13369000,-7137000,7137000,8723000,29,0.0,0.0,0.0,0.0,0.0,-0.0366,situacion_critica,calculado,alta,baja,evidencia_temporal_disponible,balance_negativo,ninguna_relevante_para_el_periodo,La ventana entre 2026-04-01 y 2026-04-30 muestra un balance de -7137000 COP y una cobertura estimada de 0.00 meses. Este resultado describe el periodo y no a la persona.,historia_controlada_recalculada_v2,test,fragilidad_sostenida,si,roadmap_14_mvp_estructurado_v3.0,fincoach_mvp_estructurado_v3.0,b7faa90840359557673e63a8e764525ecdecc15f5ad8d2553c149ee05cf8c801,3116000,0,0,0,7497000,2756000,671000,677000,0
VEN_0041_2,PERF_0041,dentro_del_mvp,2026-05-31,2026-04-01,2026-05-31,acumulada_61_dias,61,66,96.9697,9568000,0,872000,0,0,23339000,9412000,2184000,6107000,2295000,1479000,2192946,-10706054,18340258,18541258,32907000,-13771000,13771000,12977000,60,0.0,12145.9016,0.3487,0.0,0.0835,0.011,situacion_critica,calculado,alta,baja,evidencia_temporal_disponible,balance_negativo,ninguna_relevante_para_el_periodo,La ventana entre 2026-04-01 y 2026-05-31 muestra un balance de -13771000 COP y una cobertura estimada de 0.00 meses. Este resultado describe el periodo y no a la persona.,historia_controlada_recalculada_v2,test,fragilidad_sostenida,si,roadmap_14_mvp_estructurado_v3.0,fincoach_mvp_estructurado_v3.0,a45eeab4b7b124c0f98c9d46fc096e4a2e0a196cb748e7ed9441526c983a0b08,10440000,0,0,0,15731000,7608000,671000,1624000,872000
VEN_0041_3,PERF_0041,dentro_del_mvp,2026-06-30,2026-04-01,2026-06-30,acumulada_91_dias,91,100,97.0,15554000,0,1744000,0,0,36425000,16975000,3307000,7106000,2643000,1905000,2192946,-16934054,18340258,19413258,51979000,-20871000,20871000,19127000,90,0.0,-3597.55,0.2845,0.0,0.1008,0.0585,situacion_critica,calculado,alta,baja,evidencia_temporal_disponible,balance_negativo,ninguna_relevante_para_el_periodo,La ventana entre 2026-04-01 y 2026-06-30 muestra un balance de -20871000 COP y una cobertura estimada de 0.00 meses. Este resultado describe el periodo y no a la persona.,historia_controlada_recalculada_v2,test,fragilidad_sostenida,si,roadmap_14_mvp_estructurado_v3.0,fincoach_mvp_estructurado_v3.0,eba01dfbcd68fac88cc0b32cf389133f3e94344b9b1713fe11e1a16b462b2cfe,17298000,0,0,0,23033000,13392000,671000,1972000,1744000
VEN_0042_1,PERF_0042,dentro_del_mvp,2026-04-30,2026-04-01,2026-04-30,acumulada_30_dias,30,31,100.0,5566000,0,967000,0,0,14508000,7927000,2287000,1093000,764000,853000,2343231,-5631769,22276196,22479196,20074000,-8942000,8942000,10086000,28,0.0,0.0,0.0,0.0,0.148,0.0091,situacion_critica,calculado,alta,baja,evidencia_temporal_disponible,balance_negativo,ninguna_relevante_para_el_periodo,La ventana entre 2026-04-01 y 2026-04-30 muestra un balance de -8942000 COP y una cobertura estimada de 0.00 meses. Este resultado describe el periodo y no a la persona.,historia_controlada_recalculada_v2,train,situacion_critica,si,roadmap_14_mvp_estructurado_v3.0,fincoach_mvp_estructurado_v3.0,25c4b0488c46f14bd476d76cf5c225b0f1a9ecedf7be63d0a931941f27b62659,6533000,0,0,0,7800000,6708000,764000,0,967000
VEN_0042_2,PERF_0042,dentro_del_mvp,2026-05-31,2026-04-01,2026-05-31,acumulada_61_dias,61,65,100.0,9556000,0,2740000,0,0,32829000,16000000,3267000,8655000,1480000,1263000,2343231,-18189769,22276196,24252196,42385000,-23273000,23273000,20533000,59,0.0,-83457.9235,0.1649,0.0,0.2228,0.0887,situacion_critica,calculado,alta,baja,evidencia_temporal_disponible,balance_negativo,ninguna_relevante_para_el_periodo,La ventana entre 2026-04-01 y 2026-05-31 muestra un balance de -23273000 COP y una cobertura estimada de 0.00 meses. Este resultado describe el periodo y no a la persona.,historia_controlada_recalculada_v2,train,situacion_critica,si,roadmap_14_mvp_estructurado_v3.0,fincoach_mvp_estructurado_v3.0,95e01f33c9346727b195d1fa0f72b21fbffbd85e8d7dc637187f5cf808ab094f,12296000,0,0,0,12918000,19911000,764000,716000,2740000
VEN_0042_3,PERF_0042,dentro_del_mvp,2026-06-30,2026-04-01,2026-06-30,acumulada_91_dias,91,98,98.9796,14157000,0,4513000,0,0,51150000,24720000,4873000,13115000,1480000,3010000,2343231,-30136769,22276196,26025196,65307000,-36993000,36993000,32480000,89,0.0,-24991.8934,0.1375,0.0,0.2417,0.1683,situacion_critica,calculado,alta,baja,evidencia_temporal_disponible,balance_negativo,ninguna_relevante_para_el_periodo,La ventana entre 2026-04-01 y 2026-06-30 muestra un balance de -36993000 COP y una cobertura estimada de 0.00 meses. Este resultado describe el periodo y no a la persona.,historia_controlada_recalculada_v2,train,situacion_critica,si,roadmap_14_mvp_estructurado_v3.0,fincoach_mvp_estructurado_v3.0,756c97abfb304328a9ef577f4be4efcfde1c6e457d52164aa8c69b24afe6e8d1,18670000,0,0,0,21609000,29541000,764000,716000,4513000
VEN_0043_1,PERF_0043,dentro_del_mvp,2026-04-30,2026-04-01,2026-04-30,acumulada_30_dias,30,25,96.0,560000,0,0,0,0,3238000,2032000,252000,708000,0,141000,6449850,3771850,0,0,3798000,-2678000,2678000,2678000,29,0.5848,0.0,0.0,1.8562,0.0,0.0,uso_planificado_reserva,calculado,alta,baja,evidencia_temporal_disponible,balance_negativo,ninguna_relevante_para_el_periodo,La ventana entre 2026-04-01 y 2026-04-30 muestra un balance de -2678000 COP y una cobertura estimada de 1.86 meses. Este resultado describe el periodo y no a la persona.,historia_controlada_recalculada_v2,test,acumulacion_estable,si,roadmap_14_mvp_estructurado_v3.0,fincoach_mvp_estructurado_v3.0,2aadbf2161baad0453dac4c9353efd65d7c4047175a4d50b60bad8a68b895ba1,560000,0,0,0,1460000,1778000,0,0,0
VEN_0043_2,PERF_0043,dentro_del_mvp,2026-05-31,2026-04-01,2026-05-31,acumulada_61_dias,61,49,93.8776,1120000,0,0,0,0,6476000,4334000,459000,708000,0,448000,6449850,1093850,0,0,7596000,-5356000,5356000,5356000,60,0.1696,1463.388,0.0,0.5048,0.0,0.0,fragilidad_sostenida,calculado,alta,baja,evidencia_temporal_disponible,balance_negativo,ninguna_relevante_para_el_periodo,La ventana entre 2026-04-01 y 2026-05-31 muestra un balance de -5356000 COP y una cobertura estimada de 0.50 meses. Este resultado describe el periodo y no a la persona.,historia_controlada_recalculada_v2,test,acumulacion_estable,si,roadmap_14_mvp_estructurado_v3.0,fincoach_mvp_estructurado_v3.0,e5cc159159e54e9bb4f162c4eceaa3aa430e1fdc5119efb7765d44629cf4a540,1120000,0,0,0,3269000,3207000,0,0,0
VEN_0043_3,PERF_0043,dentro_del_mvp,2026-06-30,2026-04-01,2026-06-30,acumulada_91_dias,91,75,96.0,1680000,0,0,0,0,9714000,6480000,776000,1086000,0,520000,6449850,-1584150,0,0,11394000,-8034000,8034000,8034000,90,0.0,-482.4356,0.0,0.0,0.0,0.0,situacion_critica,calculado,alta,baja,evidencia_temporal_disponible,balance_negativo,ninguna_relevante_para_el_periodo,La ventana entre 2026-04-01 y 2026-06-30 muestra un balance de -8034000 COP y una cobertura estimada de 0.00 meses. Este resultado describe el periodo y no a la persona.,historia_controlada_recalculada_v2,test,acumulacion_estable,si,roadmap_14_mvp_estructurado_v3.0,fincoach_mvp_estructurado_v3.0,4c87066934dc426741759cd9f75714bae1127eaaf0471305c0bb35b4aeda875a,1680000,0,0,0,5090000,4624000,0,0,0
VEN_0044_1,PERF_0044,dentro_del_mvp,2026-04-30,2026-04-01,2026-04-30,acumulada_30_dias,30,23,100.0,660000,0,0,120000,0,7320000,5853000,429000,334000,319000,0,3172244,-3367756,13330046,13330046,7980000,-6660000,6660000,6540000,27,0.0,0.0,0.0,0.0,0.0,0.0,situacion_critica,calculado,alta,baja,evidencia_temporal_disponible,balance_negativo,ninguna_relevante_para_el_periodo,La ventana entre 2026-04-01 y 2026-04-30 muestra un balance de -6660000 COP y una cobertura estimada de 0.00 meses. Este resultado describe el periodo y no a la persona.,historia_controlada_recalculada_v2,test,equilibrio_sostenible,si,roadmap_14_mvp_estructurado_v3.0,fincoach_mvp_estructurado_v3.0,276b711cbcd8e4814d302578aff95f845b4263da6d072bd48fc31e230c28721f,660000,120000,0,0,3116000,4204000,0,319000,0
VEN_0044_2,PERF_0044,dentro_del_mvp,2026-05-31,2026-04-01,2026-05-31,acumulada_61_dias,61,46,97.8261,1320000,0,0,120000,0,14640000,9517000,1473000,1624000,319000,736000,3172244,-10027756,13330046,13330046,15960000,-13320000,13320000,13200000,58,0.0,3639.3443,0.0,0.0,0.0,0.0,situacion_critica,calculado,alta,baja,evidencia_temporal_disponible,balance_negativo,ninguna_relevante_para_el_periodo,La ventana entre 2026-04-01 y 2026-05-31 muestra un balance de -13320000 COP y una cobertura estimada de 0.00 meses. Este resultado describe el periodo y no a la persona.,historia_controlada_recalculada_v2,test,equilibrio_sostenible,si,roadmap_14_mvp_estructurado_v3.0,fincoach_mvp_estructurado_v3.0,9a8b6a500be7131a9e93f8282c58994939e83421bdd2db6b9fd41aba6981fdaf,1320000,120000,0,0,5472000,9168000,0,319000,0
VEN_0044_3,PERF_0044,dentro_del_mvp,2026-06-30,2026-04-01,2026-06-30,acumulada_91_dias,91,68,95.5882,1980000,0,0,120000,0,21960000,13837000,1884000,3560000,319000,951000,3172244,-16687756,13330046,13330046,23940000,-19980000,19980000,19860000,88,0.0,-1199.7838,0.0,0.0,0.0,0.0,situacion_critica,calculado,alta,baja,evidencia_temporal_disponible,balance_negativo,ninguna_relevante_para_el_periodo,La ventana entre 2026-04-01 y 2026-06-30 muestra un balance de -19980000 COP y una cobertura estimada de 0.00 meses. Este resultado describe el periodo y no a la persona.,historia_controlada_recalculada_v2,test,equilibrio_sostenible,si,roadmap_14_mvp_estructurado_v3.0,fincoach_mvp_estructurado_v3.0,2bb415201f9d14df53fd399c86ab30b5bb17bed27726edee9afb2eef97fbb418,1980000,120000,0,0,8070000,13890000,0,319000,0
VEN_0045_1,PERF_0045,dentro_del_mvp,2026-04-30,2026-04-01,2026-04-30,acumulada_30_dias,30,26,92.3077,0,500000,0,0,0,2660000,1672000,165000,499000,0,88000,4623594,2463594,6211319,6211319,3160000,-2160000,2160000,2160000,28,0.5328,0.0,0.0,1.4734,1.0,0.0,uso_planificado_reserva,calculado,alta,baja,evidencia_temporal_disponible,balance_negativo,motivo_de_periodos_sin_ingreso,La ventana entre 2026-04-01 y 2026-04-30 muestra un balance de -2160000 COP y una cobertura estimada de 1.47 meses. Este resultado describe el periodo y no a la persona.,historia_controlada_recalculada_v2,train,variable_resiliente,si,roadmap_14_mvp_estructurado_v3.0,fincoach_mvp_estructurado_v3.0,7e3cbb5271daffd558cea49377052d0e3d0719265b25b3736e39ae8044b35f3b,500000,0,0,1,744000,1916000,0,0,0
VEN_0045_2,PERF_0045,dentro_del_mvp,2026-05-31,2026-04-01,2026-05-31,acumulada_61_dias,61,48,91.6667,0,1000000,0,0,0,4519000,2847000,230000,764000,168000,88000,4623594,1104594,6211319,6125319,5519000,-3519000,3519000,3519000,59,0.2389,14311.4754,0.0,0.776,1.0,-0.0138,fragilidad_sostenida,calculado,alta,baja,evidencia_temporal_disponible,balance_negativo,motivo_de_periodos_sin_ingreso,La ventana entre 2026-04-01 y 2026-05-31 muestra un balance de -3519000 COP y una cobertura estimada de 0.78 meses. Este resultado describe el periodo y no a la persona.,historia_controlada_recalculada_v2,train,variable_resiliente,si,roadmap_14_mvp_estructurado_v3.0,fincoach_mvp_estructurado_v3.0,80cefeaa3e9f29593aad6fc8c5d60d6fcf40999128bda5b9c752ce74f3084ce1,1000000,0,0,2,1372000,3147000,86000,82000,0
VEN_0045_3,PERF_0045,dentro_del_mvp,2026-06-30,2026-04-01,2026-06-30,acumulada_91_dias,91,73,93.1507,0,1500000,0,0,0,8082000,5563000,598000,951000,168000,88000,4623594,-1958406,6211319,6125319,9582000,-6582000,6582000,6582000,89,0.0,-14641.1457,0.0,0.0,1.0,-0.0138,situacion_critica,calculado,alta,baja,evidencia_temporal_disponible,balance_negativo,motivo_de_periodos_sin_ingreso,La ventana entre 2026-04-01 y 2026-06-30 muestra un balance de -6582000 COP y una cobertura estimada de 0.00 meses. Este resultado describe el periodo y no a la persona.,historia_controlada_recalculada_v2,train,variable_resiliente,si,roadmap_14_mvp_estructurado_v3.0,fincoach_mvp_estructurado_v3.0,692c7ced26ea0418714ff51cce1e0167658f22c8ff2bcab5ed51b4d8c962c89b,1500000,0,0,3,3451000,4631000,86000,82000,0
VEN_0046_1,PERF_0046,dentro_del_mvp,2026-04-30,2026-04-01,2026-04-30,acumulada_30_dias,30,30,96.6667,570000,0,0,0,0,2531000,1402000,390000,106000,117000,0,7431240,5470240,4714216,4714216,3101000,-1961000,1961000,1961000,29,0.7361,0.0,0.0,3.9017,0.0,0.0,uso_planificado_reserva,calculado,alta,baja,evidencia_temporal_disponible,balance_negativo,ninguna_relevante_para_el_periodo,La ventana entre 2026-04-01 y 2026-04-30 muestra un balance de -1961000 COP y una cobertura estimada de 3.90 meses. Este resultado describe el periodo y no a la persona.,historia_controlada_recalculada_v2,train,uso_planificado_reserva,si,roadmap_14_mvp_estructurado_v3.0,fincoach_mvp_estructurado_v3.0,5fbbd4cc3d47b42597b44688c4b240058ce01d22b15a3766e83d8877e493684d,570000,0,0,0,1146000,1385000,0,117000,0
VEN_0046_2,PERF_0046,dentro_del_mvp,2026-05-31,2026-04-01,2026-05-31,acumulada_61_dias,61,59,98.3051,1140000,0,0,0,0,9187000,4630000,1018000,1197000,358000,852000,7431240,-615760,4714216,4714216,10327000,-8047000,8047000,8047000,60,0.0,-66551.3661,0.0,0.0,0.0,0.0,situacion_critica,calculado,alta,baja,evidencia_temporal_disponible,balance_negativo,ninguna_relevante_para_el_periodo,La ventana entre 2026-04-01 y 2026-05-31 muestra un balance de -8047000 COP y una cobertura estimada de 0.00 meses. Este resultado describe el periodo y no a la persona.,historia_controlada_recalculada_v2,train,uso_planificado_reserva,si,roadmap_14_mvp_estructurado_v3.0,fincoach_mvp_estructurado_v3.0,dd166a0f56b07345c8147bbaad5da4cf67b9f2b651e6c4f613578e5a451d6df6,1140000,0,0,0,3971000,5216000,0,358000,0
VEN_0046_3,PERF_0046,dentro_del_mvp,2026-06-30,2026-04-01,2026-06-30,acumulada_91_dias,91,89,97.7528,1710000,0,0,0,0,15843000,9256000,1472000,1598000,358000,1651000,7431240,-6701760,4714216,4714216,17553000,-14133000,14133000,14133000,90,0.0,-23389.6595,0.0,0.0,0.0,0.0,situacion_critica,calculado,alta,baja,evidencia_temporal_disponible,balance_negativo,ninguna_relevante_para_el_periodo,La ventana entre 2026-04-01 y 2026-06-30 muestra un balance de -14133000 COP y una cobertura estimada de 0.00 meses. Este resultado describe el periodo y no a la persona.,historia_controlada_recalculada_v2,train,uso_planificado_reserva,si,roadmap_14_mvp_estructurado_v3.0,fincoach_mvp_estructurado_v3.0,a7b80e5c18f0bb553127ed5ad1bd5872411a2bbdb51086b47f5503fe1e41be14,1710000,0,0,0,7406000,8437000,0,358000,0
VEN_0047_1,PERF_0047,dentro_del_mvp,2026-04-30,2026-04-01,2026-04-30,acumulada_30_dias,30,28,92.8571,890000,0,0,0,0,5592000,3065000,296000,1561000,0,252000,13303693,8601693,0,0,6482000,-4702000,4702000,4702000,28,0.6466,0.0,0.0,2.8064,0.0,0.0,uso_planificado_reserva,calculado,alta,baja,evidencia_temporal_disponible,balance_negativo,ninguna_relevante_para_el_periodo,La ventana entre 2026-04-01 y 2026-04-30 muestra un balance de -4702000 COP y una cobertura estimada de 2.81 meses. Este resultado describe el periodo y no a la persona.,historia_controlada_recalculada_v2,train,deterioro_reciente,si,roadmap_14_mvp_estructurado_v3.0,fincoach_mvp_estructurado_v3.0,e297099cf16ea29337cfe83fb36786a4534ccc5506bdb2165966dafec34b71eb,890000,0,0,0,2449000,3143000,0,0,0
VEN_0047_2,PERF_0047,dentro_del_mvp,2026-05-31,2026-04-01,2026-05-31,acumulada_61_dias,61,53,94.3396,1780000,0,0,0,0,11184000,6978000,603000,1561000,0,1259000,13303693,3899693,0,0,12964000,-9404000,9404000,9404000,59,0.2931,2569.3989,0.0,1.1177,0.0,0.0,fragilidad_sostenida,calculado,alta,baja,evidencia_temporal_disponible,balance_negativo,ninguna_relevante_para_el_periodo,La ventana entre 2026-04-01 y 2026-05-31 muestra un balance de -9404000 COP y una cobertura estimada de 1.12 meses. Este resultado describe el periodo y no a la persona.,historia_controlada_recalculada_v2,train,deterioro_reciente,si,roadmap_14_mvp_estructurado_v3.0,fincoach_mvp_estructurado_v3.0,8282e7c99100da05f5aeac5bacbf1c5a9c8b9b30e71564b42560b1af01d81ee0,1780000,0,0,0,5776000,5408000,0,0,0
VEN_0047_3,PERF_0047,dentro_del_mvp,2026-06-30,2026-04-01,2026-06-30,acumulada_91_dias,91,82,93.9024,2670000,0,0,0,0,19307000,12103000,1289000,2635000,0,2125000,13303693,-3333307,0,0,21977000,-16637000,16637000,16637000,89,0.0,-28660.2414,0.0,0.0,0.0,0.0,situacion_critica,calculado,alta,baja,evidencia_temporal_disponible,balance_negativo,ninguna_relevante_para_el_periodo,La ventana entre 2026-04-01 y 2026-06-30 muestra un balance de -16637000 COP y una cobertura estimada de 0.00 meses. Este resultado describe el periodo y no a la persona.,historia_controlada_recalculada_v2,train,deterioro_reciente,si,roadmap_14_mvp_estructurado_v3.0,fincoach_mvp_estructurado_v3.0,7df3917ed5e033d60425fa90ee503dd012131894e6ffea130c44a44c3a7a23f1,2670000,0,0,0,10856000,8451000,0,0,0
VEN_0048_1,PERF_0048,dentro_del_mvp,2026-04-30,2026-04-01,2026-04-30,acumulada_30_dias,30,32,93.75,4876000,0,0,0,0,7897000,4471000,814000,592000,1001000,0,339918,-2681082,9810803,9386803,12773000,-3021000,3021000,6637000,29,0.0,0.0,0.0,0.0,0.0,-0.0432,situacion_critica,calculado,alta,baja,evidencia_temporal_disponible,balance_negativo,ninguna_relevante_para_el_periodo,La ventana entre 2026-04-01 y 2026-04-30 muestra un balance de -3021000 COP y una cobertura estimada de 0.00 meses. Este resultado describe el periodo y no a la persona.,historia_controlada_recalculada_v2,train,fragilidad_sostenida,si,roadmap_14_mvp_estructurado_v3.0,fincoach_mvp_estructurado_v3.0,c3ecfda6682c630d8fc8a81f4500e837eba65161ace86f6c99ae45a841caab01,4587000,289000,0,0,3772000,4125000,424000,577000,0
VEN_0048_2,PERF_0048,dentro_del_mvp,2026-05-31,2026-04-01,2026-05-31,acumulada_61_dias,61,64,95.3125,8200000,0,672000,0,0,17977000,11118000,1935000,1418000,1001000,271000,339918,-8765082,9810803,10058803,26177000,-9777000,9777000,12726000,60,0.0,-59578.6885,0.1893,0.0,0.0757,0.0253,situacion_critica,calculado,alta,baja,evidencia_temporal_disponible,balance_negativo,ninguna_relevante_para_el_periodo,La ventana entre 2026-04-01 y 2026-05-31 muestra un balance de -9777000 COP y una cobertura estimada de 0.00 meses. Este resultado describe el periodo y no a la persona.,historia_controlada_recalculada_v2,train,fragilidad_sostenida,si,roadmap_14_mvp_estructurado_v3.0,fincoach_mvp_estructurado_v3.0,52866ff6d064a3471b8d845d2fab5d146df27dc77d404dc37960249e3a6800c1,6190000,2682000,0,0,8418000,9559000,424000,577000,672000
VEN_0048_3,PERF_0048,dentro_del_mvp,2026-06-30,2026-04-01,2026-06-30,acumulada_91_dias,91,95,93.6842,12075000,0,1344000,0,0,28057000,17108000,2454000,2718000,1298000,852000,339918,-14298082,9810803,10433803,40132000,-15982000,15982000,18030000,90,0.0,-15347.6851,0.1596,0.0,0.1002,0.0635,situacion_critica,calculado,alta,baja,evidencia_temporal_disponible,balance_negativo,ninguna_relevante_para_el_periodo,La ventana entre 2026-04-01 y 2026-06-30 muestra un balance de -15982000 COP y una cobertura estimada de 0.00 meses. Este resultado describe el periodo y no a la persona.,historia_controlada_recalculada_v2,train,fragilidad_sostenida,si,roadmap_14_mvp_estructurado_v3.0,fincoach_mvp_estructurado_v3.0,71c8c367d7d1b91949114f9988b20d75cbe65f8618ee7f4e23dc612d6fb4c7d1,10401000,3018000,0,0,12164000,15893000,721000,577000,1344000
VEN_0049_1,PERF_0049,dentro_del_mvp,2026-04-30,2026-04-01,2026-04-30,acumulada_30_dias,30,33,96.9697,3409000,0,684000,70000,0,10260000,7151000,749000,1604000,0,0,1864371,-4232629,22281500,22965500,13669000,-6851000,6851000,8881000,29,0.0,0.0,0.0,0.0,0.1643,0.0307,situacion_critica,calculado,alta,baja,evidencia_temporal_disponible,balance_negativo,ninguna_relevante_para_el_periodo,La ventana entre 2026-04-01 y 2026-04-30 muestra un balance de -6851000 COP y una cobertura estimada de 0.00 meses. Este resultado describe el periodo y no a la persona.,historia_controlada_recalculada_v2,train,situacion_critica,si,roadmap_14_mvp_estructurado_v3.0,fincoach_mvp_estructurado_v3.0,3f70ed1f2269231cfaabd676fc6bd364cdb64a8df91914e2b34bff3cdf617dbf,4163000,0,0,0,4099000,6161000,0,0,684000
VEN_0049_2,PERF_0049,dentro_del_mvp,2026-05-31,2026-04-01,2026-05-31,acumulada_61_dias,61,65,96.9231,6199000,0,684000,320000,0,23217000,12833000,1670000,4673000,425000,1331000,1864371,-14149629,22281500,22540500,29416000,-17018000,17018000,16014000,60,0.0,-50616.9399,0.0999,0.0,0.095,0.0116,situacion_critica,calculado,alta,baja,evidencia_temporal_disponible,balance_negativo,ninguna_relevante_para_el_periodo,La ventana entre 2026-04-01 y 2026-05-31 muestra un balance de -17018000 COP y una cobertura estimada de 0.00 meses. Este resultado describe el periodo y no a la persona.,historia_controlada_recalculada_v2,train,situacion_critica,si,roadmap_14_mvp_estructurado_v3.0,fincoach_mvp_estructurado_v3.0,114dd7a3d3d0a54d4dc7f01070c237e563f666fcd1a12ea5ce22dd8877457e55,4413000,2790000,0,0,8887000,14330000,425000,0,684000
VEN_0049_3,PERF_0049,dentro_del_mvp,2026-06-30,2026-04-01,2026-06-30,acumulada_91_dias,91,97,95.8763,8863000,0,1938000,320000,0,36174000,20871000,2786000,6250000,1122000,1738000,1864371,-23188629,22281500,23491500,45037000,-27311000,27311000,25081000,90,0.0,-21137.2726,0.1102,0.0,0.1743,0.0543,situacion_critica,calculado,alta,baja,evidencia_temporal_disponible,balance_negativo,ninguna_relevante_para_el_periodo,La ventana entre 2026-04-01 y 2026-06-30 muestra un balance de -27311000 COP y una cobertura estimada de 0.00 meses. Este resultado describe el periodo y no a la persona.,historia_controlada_recalculada_v2,train,situacion_critica,si,roadmap_14_mvp_estructurado_v3.0,fincoach_mvp_estructurado_v3.0,d87c1c313616c9f59b79737191015b62dfe25c3c8bcb02c60355031d50cf89c5,7641000,3480000,0,0,14591000,21583000,728000,394000,1938000
VEN_0050_1,PERF_0050,dentro_del_mvp,2026-04-30,2026-04-01,2026-04-30,acumulada_30_dias,30,30,96.6667,6390000,0,0,0,0,3747000,2163000,348000,554000,129000,95000,10297987,12940987,7501768,7372768,10137000,2643000,0,849000,0,1.0,0.0,0.0,5.9829,0.0,-0.0172,acumulacion_estable,calculado,alta,baja,balance_no_negativo,sin_factor_dominante,ninguna_relevante_para_el_periodo,La ventana entre 2026-04-01 y 2026-04-30 muestra un balance de 2643000 COP y una cobertura estimada de 5.98 meses. Este resultado describe el periodo y no a la persona.,historia_controlada_recalculada_v2,test,acumulacion_estable,si,roadmap_14_mvp_estructurado_v3.0,fincoach_mvp_estructurado_v3.0,ab476466424b99837e11c0e7a2b2dad720215822366e0eddbb4c599c73c6b35e,0,0,6390000,0,1487000,2260000,129000,0,0
VEN_0050_2,PERF_0050,dentro_del_mvp,2026-05-31,2026-04-01,2026-05-31,acumulada_61_dias,61,55,98.1818,6390000,0,0,0,0,7494000,4241000,796000,1197000,129000,217000,10297987,9193987,7501768,7372768,13884000,-1104000,1104000,3747000,32,0.7105,-106198.3607,1.0,4.3358,0.0,-0.0172,deterioro_reciente,calculado,alta,baja,evidencia_temporal_disponible,balance_negativo,motivo_de_periodos_sin_ingreso,La ventana entre 2026-04-01 y 2026-05-31 muestra un balance de -1104000 COP y una cobertura estimada de 4.34 meses. Este resultado describe el periodo y no a la persona.,historia_controlada_recalculada_v2,test,acumulacion_estable,si,roadmap_14_mvp_estructurado_v3.0,fincoach_mvp_estructurado_v3.0,121f0aa1bef71dd794900df33fd7dac043901e8d2d6b3b775dc356a84510c2b2,0,0,6390000,1,3157000,4337000,129000,0,0
VEN_0050_3,PERF_0050,dentro_del_mvp,2026-06-30,2026-04-01,2026-06-30,acumulada_91_dias,91,85,97.6471,12579000,219000,0,0,0,11241000,6423000,1162000,1637000,334000,522000,10297987,11854987,7501768,7167768,24039000,1557000,0,5001000,62,0.9161,35208.2508,0.7074,5.5371,0.0171,-0.0445,variable_resiliente,calculado,alta,baja,balance_no_negativo,sin_factor_dominante,motivo_de_periodos_sin_ingreso,La ventana entre 2026-04-01 y 2026-06-30 muestra un balance de 1557000 COP y una cobertura estimada de 5.54 meses. Este resultado describe el periodo y no a la persona.,historia_controlada_recalculada_v2,test,acumulacion_estable,si,roadmap_14_mvp_estructurado_v3.0,fincoach_mvp_estructurado_v3.0,18f19bc5a2903ed9726d7f7f7842c4871c226bf6d79f31352f40613870b7723b,0,219000,12579000,1,4973000,6268000,334000,0,0
VEN_0051_1,PERF_0051,dentro_del_mvp,2026-04-30,2026-04-01,2026-04-30,acumulada_30_dias,30,31,96.7742,11446000,0,0,0,0,10155000,6060000,877000,1329000,0,0,28331959,29622959,0,0,21601000,1291000,0,2354000,9,0.9435,0.0,0.0,4.8883,0.0,0.0,acumulacion_estable,calculado,alta,baja,balance_no_negativo,sin_factor_dominante,ninguna_relevante_para_el_periodo,La ventana entre 2026-04-01 y 2026-04-30 muestra un balance de 1291000 COP y una cobertura estimada de 4.89 meses. Este resultado describe el periodo y no a la persona.,historia_controlada_recalculada_v2,test,equilibrio_sostenible,si,roadmap_14_mvp_estructurado_v3.0,fincoach_mvp_estructurado_v3.0,c8ba6b790cdb8c87d0692722b85f4cde13f89c7afdf16ddb0e7471396c3e878c,11446000,0,0,0,4807000,5348000,0,0,0
VEN_0051_2,PERF_0051,dentro_del_mvp,2026-05-31,2026-04-01,2026-05-31,acumulada_61_dias,61,61,98.3607,21378000,1033000,0,0,0,20310000,12533000,1631000,3814000,0,251000,28331959,30432959,0,0,42721000,2101000,0,3676000,21,0.8922,-8590.7104,0.0708,4.8565,0.0461,0.0,acumulacion_estable,calculado,alta,baja,balance_no_negativo,sin_factor_dominante,ninguna_relevante_para_el_periodo,La ventana entre 2026-04-01 y 2026-05-31 muestra un balance de 2101000 COP y una cobertura estimada de 4.86 meses. Este resultado describe el periodo y no a la persona.,historia_controlada_recalculada_v2,test,equilibrio_sostenible,si,roadmap_14_mvp_estructurado_v3.0,fincoach_mvp_estructurado_v3.0,a558c1fb99de27030b4b81a9ae334cb0ada4f4090504cbdc400e37f814e967c9,21378000,1033000,0,0,12333000,7977000,0,0,0
VEN_0051_3,PERF_0051,dentro_del_mvp,2026-06-30,2026-04-01,2026-06-30,acumulada_91_dias,91,91,97.8022,32510000,1033000,0,0,0,30465000,17889000,3100000,4727000,0,694000,28331959,31409959,0,0,64008000,3078000,0,6895000,51,0.9209,-618.4471,0.0602,5.2675,0.0308,0.0,acumulacion_estable,calculado,alta,baja,balance_no_negativo,sin_factor_dominante,ninguna_relevante_para_el_periodo,La ventana entre 2026-04-01 y 2026-06-30 muestra un balance de 3078000 COP y una cobertura estimada de 5.27 meses. Este resultado describe el periodo y no a la persona.,historia_controlada_recalculada_v2,test,equilibrio_sostenible,si,roadmap_14_mvp_estructurado_v3.0,fincoach_mvp_estructurado_v3.0,7328759656142e597304ce78f0a4ce608fb1efcbde6a1cbe2ccaeb481cff41f5,32510000,1033000,0,0,16547000,13918000,0,0,0
VEN_0052_1,PERF_0052,dentro_del_mvp,2026-04-30,2026-04-01,2026-04-30,acumulada_30_dias,30,34,97.0588,7036000,789000,0,0,0,6388000,3438000,538000,1012000,954000,215000,11266828,12703828,5621688,5469688,14213000,1437000,0,5146000,29,0.8076,0.0,0.0,3.6951,0.1008,-0.027,acumulacion_estable,calculado,alta,baja,balance_no_negativo,sin_factor_dominante,ninguna_relevante_para_el_periodo,La ventana entre 2026-04-01 y 2026-04-30 muestra un balance de 1437000 COP y una cobertura estimada de 3.70 meses. Este resultado describe el periodo y no a la persona.,historia_controlada_recalculada_v2,train,variable_resiliente,si,roadmap_14_mvp_estructurado_v3.0,fincoach_mvp_estructurado_v3.0,6fc87f5d2ea5a60a5735279e4e3faa0a27372c0b1af87ee41c39544b74af94fa,0,789000,7036000,0,4098000,2290000,152000,802000,0
VEN_0052_2,PERF_0052,dentro_del_mvp,2026-05-31,2026-04-01,2026-05-31,acumulada_61_dias,61,63,95.2381,7036000,789000,0,0,0,14945000,8434000,960000,1579000,1479000,1239000,11266828,4146828,5621688,5142688,22770000,-7120000,7120000,11584000,60,0.2636,-164621.3115,1.0,0.9834,0.1008,-0.0852,deterioro_reciente,calculado,alta,baja,evidencia_temporal_disponible,balance_negativo,motivo_de_periodos_sin_ingreso,La ventana entre 2026-04-01 y 2026-05-31 muestra un balance de -7120000 COP y una cobertura estimada de 0.98 meses. Este resultado describe el periodo y no a la persona.,historia_controlada_recalculada_v2,train,variable_resiliente,si,roadmap_14_mvp_estructurado_v3.0,fincoach_mvp_estructurado_v3.0,d820a8397c7473dd43181e198861d120ec86ba513c7429f20a4cf44a5c5939b8,0,789000,7036000,1,8509000,6436000,479000,1000000,0
VEN_0052_3,PERF_0052,dentro_del_mvp,2026-06-30,2026-04-01,2026-06-30,acumulada_91_dias,91,96,96.875,12616000,1243000,0,0,0,23502000,13944000,1834000,3577000,1479000,1239000,11266828,1623828,5621688,5142688,37361000,-9643000,9643000,14107000,90,0.1032,10754.2785,0.7211,0.3494,0.0897,-0.0852,fragilidad_sostenida,calculado,alta,baja,evidencia_temporal_disponible,balance_negativo,motivo_de_periodos_sin_ingreso,La ventana entre 2026-04-01 y 2026-06-30 muestra un balance de -9643000 COP y una cobertura estimada de 0.35 meses. Este resultado describe el periodo y no a la persona.,historia_controlada_recalculada_v2,train,variable_resiliente,si,roadmap_14_mvp_estructurado_v3.0,fincoach_mvp_estructurado_v3.0,d542a5c88f609a7fbb39af9a4ea8441a8e400afc890b8a154a466716d443e9bb,0,1243000,12616000,1,12325000,11177000,479000,1000000,0
VEN_0053_1,PERF_0053,dentro_del_mvp,2026-04-30,2026-04-01,2026-04-30,acumulada_30_dias,30,33,96.9697,5652000,0,0,0,0,3374000,2152000,324000,0,0,100000,14969973,17247973,0,0,9026000,2278000,0,920000,2,0.9914,0.0,0.0,8.0149,0.0,0.0,acumulacion_estable,calculado,alta,baja,balance_no_negativo,sin_factor_dominante,ninguna_relevante_para_el_periodo,La ventana entre 2026-04-01 y 2026-04-30 muestra un balance de 2278000 COP y una cobertura estimada de 8.01 meses. Este resultado describe el periodo y no a la persona.,historia_controlada_recalculada_v2,train,uso_planificado_reserva,si,roadmap_14_mvp_estructurado_v3.0,fincoach_mvp_estructurado_v3.0,c1a3f8e40725beda22ac752312efef2fc4ca6b5b192d96335216e5d894f7acca,0,0,5652000,0,1788000,1586000,0,0,0
VEN_0053_2,PERF_0053,dentro_del_mvp,2026-05-31,2026-04-01,2026-05-31,acumulada_61_dias,61,60,98.3333,5652000,0,0,170000,0,12248000,7710000,1700000,700000,0,341000,14969973,8543973,0,0,17900000,-6596000,6596000,8853000,33,0.4911,-184064.4809,1.0,2.2163,0.0,0.0,deterioro_reciente,calculado,alta,baja,evidencia_temporal_disponible,balance_negativo,motivo_de_periodos_sin_ingreso,La ventana entre 2026-04-01 y 2026-05-31 muestra un balance de -6596000 COP y una cobertura estimada de 2.22 meses. Este resultado describe el periodo y no a la persona.,historia_controlada_recalculada_v2,train,uso_planificado_reserva,si,roadmap_14_mvp_estructurado_v3.0,fincoach_mvp_estructurado_v3.0,bcc6e373456a0a5e6406c75f1a6899ff0c81e8769e3df3449381cd89d3145f24,0,170000,5652000,1,5158000,7090000,0,0,0
VEN_0053_3,PERF_0053,dentro_del_mvp,2026-06-30,2026-04-01,2026-06-30,acumulada_91_dias,91,92,96.7391,8979000,0,0,170000,0,21122000,12442000,2420000,2933000,0,341000,14969973,2996973,0,0,30101000,-12143000,12143000,15712000,63,0.1723,-25308.4129,0.775,0.7226,0.0,0.0,fragilidad_sostenida,calculado,alta,baja,evidencia_temporal_disponible,balance_negativo,motivo_de_periodos_sin_ingreso,La ventana entre 2026-04-01 y 2026-06-30 muestra un balance de -12143000 COP y una cobertura estimada de 0.72 meses. Este resultado describe el periodo y no a la persona.,historia_controlada_recalculada_v2,train,uso_planificado_reserva,si,roadmap_14_mvp_estructurado_v3.0,fincoach_mvp_estructurado_v3.0,2e03a8e544c8725804e08eaa84fdc48e6b2cd1c41c002204ec11b8fbfc20c1df,0,170000,8979000,1,9015000,12107000,0,0,0
VEN_0054_1,PERF_0054,dentro_del_mvp,2026-04-30,2026-04-01,2026-04-30,acumulada_30_dias,30,27,100.0,0,500000,0,220000,0,6942000,3158000,889000,1866000,0,128000,6768332,546332,0,0,7442000,-6442000,6442000,6222000,29,0.0807,0.0,0.0,0.173,0.6944,0.0,fragilidad_sostenida,calculado,alta,baja,evidencia_temporal_disponible,balance_negativo,motivo_de_periodos_sin_ingreso,La ventana entre 2026-04-01 y 2026-04-30 muestra un balance de -6442000 COP y una cobertura estimada de 0.17 meses. Este resultado describe el periodo y no a la persona.,historia_controlada_recalculada_v2,train,deterioro_reciente,si,roadmap_14_mvp_estructurado_v3.0,fincoach_mvp_estructurado_v3.0,2796a843b9ac49e9858eeb4671cc1df0906ad07a32b0665a61d38d4bb07f57e9,560000,160000,0,1,2542000,4400000,0,0,0
VEN_0054_2,PERF_0054,dentro_del_mvp,2026-05-31,2026-04-01,2026-05-31,acumulada_61_dias,61,49,95.9184,0,1000000,0,220000,0,13884000,8029000,1596000,2584000,0,373000,6768332,-5895668,0,0,14884000,-12884000,12884000,12664000,60,0.0,3520.2186,0.0,0.0,0.8197,0.0,situacion_critica,calculado,alta,baja,evidencia_temporal_disponible,balance_negativo,motivo_de_periodos_sin_ingreso,La ventana entre 2026-04-01 y 2026-05-31 muestra un balance de -12884000 COP y una cobertura estimada de 0.00 meses. Este resultado describe el periodo y no a la persona.,historia_controlada_recalculada_v2,train,deterioro_reciente,si,roadmap_14_mvp_estructurado_v3.0,fincoach_mvp_estructurado_v3.0,c6e76fe6886f4ca82d6570846c75b64d553d96d1f239046d434d917d6f9d2188,1060000,160000,0,2,5960000,7924000,0,0,0
VEN_0054_3,PERF_0054,dentro_del_mvp,2026-06-30,2026-04-01,2026-06-30,acumulada_91_dias,91,72,95.8333,0,1500000,0,670000,0,23967000,15289000,2016000,3050000,0,682000,6768332,-15028668,0,0,25467000,-22467000,22467000,21797000,90,0.0,-35676.9951,0.0,0.0,0.6912,0.0,situacion_critica,calculado,alta,baja,evidencia_temporal_disponible,balance_negativo,motivo_de_periodos_sin_ingreso,La ventana entre 2026-04-01 y 2026-06-30 muestra un balance de -22467000 COP y una cobertura estimada de 0.00 meses. Este resultado describe el periodo y no a la persona.,historia_controlada_recalculada_v2,train,deterioro_reciente,si,roadmap_14_mvp_estructurado_v3.0,fincoach_mvp_estructurado_v3.0,c6c5a0cb3c6dbeded0a9a120d95174f9ce9a289818f8d10a62014b2b00fed6c6,1760000,410000,0,3,10917000,13050000,0,0,0
VEN_0055_1,PERF_0055,dentro_del_mvp,2026-04-30,2026-04-01,2026-04-30,acumulada_30_dias,30,25,100.0,500000,0,0,0,0,5528000,2843000,217000,1941000,0,70000,142441,-4885559,13189055,13189055,6028000,-5028000,5028000,5028000,27,0.0,0.0,0.0,0.0,0.0,0.0,situacion_critica,calculado,alta,baja,evidencia_temporal_disponible,balance_negativo,ninguna_relevante_para_el_periodo,La ventana entre 2026-04-01 y 2026-04-30 muestra un balance de -5028000 COP y una cobertura estimada de 0.00 meses. Este resultado describe el periodo y no a la persona.,historia_controlada_recalculada_v2,train,fragilidad_sostenida,si,roadmap_14_mvp_estructurado_v3.0,fincoach_mvp_estructurado_v3.0,896a8a38a7e3eeba967d51a44afb62d4b53a0a553879fd688ebf992c3b6357fb,500000,0,0,0,3087000,2441000,0,0,0
VEN_0055_2,PERF_0055,dentro_del_mvp,2026-05-31,2026-04-01,2026-05-31,acumulada_61_dias,61,51,98.0392,1000000,0,470000,240000,0,12584000,7614000,747000,2568000,337000,70000,142441,-10731559,13189055,13659055,13584000,-11584000,11584000,10874000,58,0.0,-22301.6393,0.0,0.0,0.2749,0.0356,situacion_critica,calculado,alta,baja,evidencia_temporal_disponible,balance_negativo,ninguna_relevante_para_el_periodo,La ventana entre 2026-04-01 y 2026-05-31 muestra un balance de -11584000 COP y una cobertura estimada de 0.00 meses. Este resultado describe el periodo y no a la persona.,historia_controlada_recalculada_v2,train,fragilidad_sostenida,si,roadmap_14_mvp_estructurado_v3.0,fincoach_mvp_estructurado_v3.0,ad183514e6cd9c59e586479ddf616b7df5f0c297675a68e0bfb4d0160549f56c,1470000,240000,0,0,6263000,6321000,0,337000,470000
VEN_0055_3,PERF_0055,dentro_del_mvp,2026-06-30,2026-04-01,2026-06-30,acumulada_91_dias,91,80,98.75,1500000,0,940000,240000,0,19640000,10777000,1501000,4094000,1541000,221000,142441,-16817559,13189055,13859055,21140000,-18140000,18140000,16960000,88,0.0,-9439.02,0.0,0.0,0.3507,0.0508,situacion_critica,calculado,alta,baja,evidencia_temporal_disponible,balance_negativo,ninguna_relevante_para_el_periodo,La ventana entre 2026-04-01 y 2026-06-30 muestra un balance de -18140000 COP y una cobertura estimada de 0.00 meses. Este resultado describe el periodo y no a la persona.,historia_controlada_recalculada_v2,train,fragilidad_sostenida,si,roadmap_14_mvp_estructurado_v3.0,fincoach_mvp_estructurado_v3.0,4d23eb7c83659e9b03d23ec533c0721f7ae12b3bf24646e36224a03614fdd795,2440000,240000,0,0,9672000,9968000,270000,1271000,940000
VEN_0056_1,PERF_0056,dentro_del_mvp,2026-04-30,2026-04-01,2026-04-30,acumulada_30_dias,30,27,96.2963,500000,0,985000,40000,0,8010000,4703000,311000,2234000,0,0,386122,-6098878,18182612,19167612,8510000,-7510000,7510000,6485000,28,0.0,0.0,0.0,0.0,0.6459,0.0542,situacion_critica,calculado,alta,baja,evidencia_temporal_disponible,balance_negativo,ninguna_relevante_para_el_periodo,La ventana entre 2026-04-01 y 2026-04-30 muestra un balance de -7510000 COP y una cobertura estimada de 0.00 meses. Este resultado describe el periodo y no a la persona.,historia_controlada_recalculada_v2,train,situacion_critica,si,roadmap_14_mvp_estructurado_v3.0,fincoach_mvp_estructurado_v3.0,1e27b1c27ccde15cafdf7866b6ef2d97734d13a4bdee3f0ca82d5ec16b540a0a,1074000,451000,0,0,2854000,5156000,0,0,985000
VEN_0056_2,PERF_0056,dentro_del_mvp,2026-05-31,2026-04-01,2026-05-31,acumulada_61_dias,61,54,96.2963,1000000,0,1964000,40000,0,18125000,10067000,1945000,3170000,667000,263000,386122,-14734878,18182612,19852612,19125000,-17125000,17125000,15121000,59,0.0,-30404.3716,0.0,0.0,0.6538,0.0918,situacion_critica,calculado,alta,baja,evidencia_temporal_disponible,balance_negativo,ninguna_relevante_para_el_periodo,La ventana entre 2026-04-01 y 2026-05-31 muestra un balance de -17125000 COP y una cobertura estimada de 0.00 meses. Este resultado describe el periodo y no a la persona.,historia_controlada_recalculada_v2,train,situacion_critica,si,roadmap_14_mvp_estructurado_v3.0,fincoach_mvp_estructurado_v3.0,0aa0803c99cd3153d04a188baaf0bb4a56f90a58aa8173c5f9729bc10b3acaa3,2553000,451000,0,0,6788000,11337000,294000,373000,1964000
VEN_0056_3,PERF_0056,dentro_del_mvp,2026-06-30,2026-04-01,2026-06-30,acumulada_91_dias,91,80,96.25,1500000,0,3724000,240000,0,28240000,17682000,1945000,4431000,970000,263000,386122,-22389878,18182612,21612612,29740000,-26740000,26740000,23557000,89,0.0,-13108.4489,0.0,0.0,0.6816,0.1886,situacion_critica,calculado,alta,baja,evidencia_temporal_disponible,balance_negativo,ninguna_relevante_para_el_periodo,La ventana entre 2026-04-01 y 2026-06-30 muestra un balance de -26740000 COP y una cobertura estimada de 0.00 meses. Este resultado describe el periodo y no a la persona.,historia_controlada_recalculada_v2,train,situacion_critica,si,roadmap_14_mvp_estructurado_v3.0,fincoach_mvp_estructurado_v3.0,cfe107d9d2257676859e0bad169e1d3a01e75389c9146d1e3701b733f9ab977f,4232000,1232000,0,0,11782000,16458000,294000,676000,3724000
VEN_0057_1,PERF_0057,dentro_del_mvp,2026-04-30,2026-04-01,2026-04-30,acumulada_30_dias,30,31,100.0,10021000,0,0,0,0,6118000,4333000,1078000,582000,0,0,10750446,14653446,0,0,16139000,3903000,0,1789000,0,1.0,0.0,0.0,3.3818,0.0,0.0,acumulacion_estable,calculado,alta,baja,balance_no_negativo,sin_factor_dominante,ninguna_relevante_para_el_periodo,La ventana entre 2026-04-01 y 2026-04-30 muestra un balance de 3903000 COP y una cobertura estimada de 3.38 meses. Este resultado describe el periodo y no a la persona.,historia_controlada_recalculada_v2,train,acumulacion_estable,si,roadmap_14_mvp_estructurado_v3.0,fincoach_mvp_estructurado_v3.0,3ea0313de8c428f86d4f6962f9931fd44018000f3f261e386a9c6e4bc409b977,10021000,0,0,0,2881000,3237000,0,0,0
VEN_0057_2,PERF_0057,dentro_del_mvp,2026-05-31,2026-04-01,2026-05-31,acumulada_61_dias,61,62,98.3871,20109000,0,1722000,250000,0,12236000,7994000,1281000,1876000,0,635000,10750446,20595446,0,1722000,32345000,7873000,0,1789000,3,0.9633,-1034.4262,0.0033,5.1527,0.078,1722000.0,acumulacion_estable,calculado,alta,baja,balance_no_negativo,sin_factor_dominante,ninguna_relevante_para_el_periodo,La ventana entre 2026-04-01 y 2026-05-31 muestra un balance de 7873000 COP y una cobertura estimada de 5.15 meses. Este resultado describe el periodo y no a la persona.,historia_controlada_recalculada_v2,train,acumulacion_estable,si,roadmap_14_mvp_estructurado_v3.0,fincoach_mvp_estructurado_v3.0,cd2b31779292a336bd3561066582af0018dabb81babd4a86ec5f95d26158c3d5,20109000,1972000,0,0,6125000,6111000,0,0,1722000
VEN_0057_3,PERF_0057,dentro_del_mvp,2026-06-30,2026-04-01,2026-06-30,acumulada_91_dias,91,92,95.6522,29616000,0,1722000,250000,0,18354000,11356000,1516000,3854000,0,697000,10750446,23984446,0,1722000,47970000,11262000,0,5167000,0,1.0,-5307.332,0.0263,6.3362,0.0545,1722000.0,acumulacion_estable,calculado,alta,baja,balance_no_negativo,sin_factor_dominante,ninguna_relevante_para_el_periodo,La ventana entre 2026-04-01 y 2026-06-30 muestra un balance de 11262000 COP y una cobertura estimada de 6.34 meses. Este resultado describe el periodo y no a la persona.,historia_controlada_recalculada_v2,train,acumulacion_estable,si,roadmap_14_mvp_estructurado_v3.0,fincoach_mvp_estructurado_v3.0,c7e0b54733aa94f7b56ab95c586c902c56e3359c71df033f725cca3176ae98a6,26954000,4634000,0,0,9211000,9143000,0,0,1722000
VEN_0058_1,PERF_0058,dentro_del_mvp,2026-04-30,2026-04-01,2026-04-30,acumulada_30_dias,30,31,93.5484,4220000,0,0,0,271000,3786000,2395000,55000,399000,173000,217000,2222355,2927355,8388100,8297100,8006000,434000,0,2649000,25,0.525,0.0,0.0,1.2223,0.0603,-0.0108,equilibrio_sostenible,calculado,alta,baja,balance_no_negativo,sin_factor_dominante,ninguna_relevante_para_el_periodo,La ventana entre 2026-04-01 y 2026-04-30 muestra un balance de 434000 COP y una cobertura estimada de 1.22 meses. Este resultado describe el periodo y no a la persona.,historia_controlada_recalculada_v2,validation,equilibrio_sostenible,si,roadmap_14_mvp_estructurado_v3.0,fincoach_mvp_estructurado_v3.0,65349597ad59463c921fff02ff8d27b53023e95efc4b056281828d2baf8d3e44,4220000,271000,0,0,2323000,1463000,91000,82000,0
VEN_0058_2,PERF_0058,dentro_del_mvp,2026-05-31,2026-04-01,2026-05-31,acumulada_61_dias,61,62,96.7742,8440000,0,0,0,271000,7572000,4358000,181000,1134000,571000,277000,2222355,3361355,8388100,8027100,16012000,868000,0,3978000,26,0.591,-237.1585,0.0,1.5426,0.0311,-0.043,equilibrio_sostenible,calculado,alta,baja,balance_no_negativo,sin_factor_dominante,ninguna_relevante_para_el_periodo,La ventana entre 2026-04-01 y 2026-05-31 muestra un balance de 868000 COP y una cobertura estimada de 1.54 meses. Este resultado describe el periodo y no a la persona.,historia_controlada_recalculada_v2,validation,equilibrio_sostenible,si,roadmap_14_mvp_estructurado_v3.0,fincoach_mvp_estructurado_v3.0,6f46c471e69bd04a0298a657ee554265de6a7750929fe17797e99ed8f60e0a5e,8440000,271000,0,0,3931000,3641000,361000,210000,0
VEN_0058_3,PERF_0058,dentro_del_mvp,2026-06-30,2026-04-01,2026-06-30,acumulada_91_dias,91,92,96.7391,12660000,0,0,0,464000,11358000,5871000,383000,2171000,875000,634000,2222355,3988355,8388100,7848100,24018000,1302000,0,3978000,25,0.598,78.1841,0.0,2.038,0.0354,-0.0644,equilibrio_sostenible,calculado,alta,baja,balance_no_negativo,sin_factor_dominante,ninguna_relevante_para_el_periodo,La ventana entre 2026-04-01 y 2026-06-30 muestra un balance de 1302000 COP y una cobertura estimada de 2.04 meses. Este resultado describe el periodo y no a la persona.,historia_controlada_recalculada_v2,validation,equilibrio_sostenible,si,roadmap_14_mvp_estructurado_v3.0,fincoach_mvp_estructurado_v3.0,af6b769bd9d1d1136c043a74b79346059294d00f062a50f4c127c4a8c00a9aec,12660000,464000,0,0,5479000,5879000,540000,335000,0
VEN_0059_1,PERF_0059,dentro_del_mvp,2026-04-30,2026-04-01,2026-04-30,acumulada_30_dias,30,32,96.875,850000,0,0,0,0,2456000,1329000,156000,341000,175000,135000,1620631,14631,1974861,1851861,3306000,-1606000,1606000,1891000,25,0.0077,0.0,0.0,0.011,0.0,-0.0623,fragilidad_sostenida,calculado,alta,baja,evidencia_temporal_disponible,balance_negativo,ninguna_relevante_para_el_periodo,La ventana entre 2026-04-01 y 2026-04-30 muestra un balance de -1606000 COP y una cobertura estimada de 0.01 meses. Este resultado describe el periodo y no a la persona.,historia_controlada_recalculada_v2,test,variable_resiliente,si,roadmap_14_mvp_estructurado_v3.0,fincoach_mvp_estructurado_v3.0,e1fcf7ae3be457d8670a587bce8a8f201cadbfcaae72325becc2f5f38beaf75d,850000,0,0,0,1083000,1373000,123000,52000,0
VEN_0059_2,PERF_0059,dentro_del_mvp,2026-05-31,2026-04-01,2026-05-31,acumulada_61_dias,61,63,96.8254,1700000,0,0,30000,210000,5746000,3184000,262000,794000,515000,519000,1620631,-2185369,1974861,1511861,7446000,-4046000,4046000,4091000,56,0.0,-12794.5355,0.0,0.0,0.1082,-0.2344,situacion_critica,calculado,alta,baja,evidencia_temporal_disponible,balance_negativo,ninguna_relevante_para_el_periodo,La ventana entre 2026-04-01 y 2026-05-31 muestra un balance de -4046000 COP y una cobertura estimada de 0.00 meses. Este resultado describe el periodo y no a la persona.,historia_controlada_recalculada_v2,test,variable_resiliente,si,roadmap_14_mvp_estructurado_v3.0,fincoach_mvp_estructurado_v3.0,3976f675d8c98e209f4a998152706cfcec3c7fed11245b5965925e59de3b4c13,1700000,240000,0,0,2593000,3153000,463000,52000,0
VEN_0059_3,PERF_0059,dentro_del_mvp,2026-06-30,2026-04-01,2026-06-30,acumulada_91_dias,91,95,97.8947,2550000,0,0,30000,210000,7463000,4113000,492000,1001000,671000,535000,1620631,-3052369,1974861,1394861,10013000,-4913000,4913000,4958000,86,0.0,12338.8579,0.0,0.0,0.0753,-0.2937,situacion_critica,calculado,alta,baja,evidencia_temporal_disponible,balance_negativo,ninguna_relevante_para_el_periodo,La ventana entre 2026-04-01 y 2026-06-30 muestra un balance de -4913000 COP y una cobertura estimada de 0.00 meses. Este resultado describe el periodo y no a la persona.,historia_controlada_recalculada_v2,test,variable_resiliente,si,roadmap_14_mvp_estructurado_v3.0,fincoach_mvp_estructurado_v3.0,5c3cddbda214466c6a09fdafbc699e64a430472ca8e19d30e1a2ba75de87f90b,2550000,240000,0,0,3430000,4033000,580000,91000,0
VEN_0060_1,PERF_0060,dentro_del_mvp,2026-04-30,2026-04-01,2026-04-30,acumulada_30_dias,30,27,92.5926,0,500000,0,0,281000,2926000,1345000,240000,578000,132000,331000,12394315,10249315,5447102,5315102,3426000,-2426000,2426000,2145000,29,0.8269,0.0,0.0,7.6203,1.0,-0.0242,uso_planificado_reserva,calculado,alta,baja,evidencia_temporal_disponible,balance_negativo,motivo_de_periodos_sin_ingreso,La ventana entre 2026-04-01 y 2026-04-30 muestra un balance de -2426000 COP y una cobertura estimada de 7.62 meses. Este resultado describe el periodo y no a la persona.,historia_controlada_recalculada_v2,validation,uso_planificado_reserva,si,roadmap_14_mvp_estructurado_v3.0,fincoach_mvp_estructurado_v3.0,a034ed0514287359b0d9db9a2659bae8a5bed4477be1fae906eb85deebbb8434,500000,281000,0,1,1491000,1435000,132000,0,0
VEN_0060_2,PERF_0060,dentro_del_mvp,2026-05-31,2026-04-01,2026-05-31,acumulada_61_dias,61,54,96.2963,0,1000000,0,150000,281000,10621000,6036000,1137000,1904000,132000,601000,12394315,3204315,5447102,5315102,11621000,-9621000,9621000,9190000,60,0.2585,-76854.6448,0.0,1.0617,0.8952,-0.0242,deterioro_reciente,calculado,alta,baja,evidencia_temporal_disponible,balance_negativo,motivo_de_periodos_sin_ingreso,La ventana entre 2026-04-01 y 2026-05-31 muestra un balance de -9621000 COP y una cobertura estimada de 1.06 meses. Este resultado describe el periodo y no a la persona.,historia_controlada_recalculada_v2,validation,uso_planificado_reserva,si,roadmap_14_mvp_estructurado_v3.0,fincoach_mvp_estructurado_v3.0,a159e91dcaacc11f11b6269dfe9ea64be49e62216a2809bb3d1590ab608d7718,1000000,431000,0,2,5902000,4719000,132000,0,0
VEN_0060_3,PERF_0060,dentro_del_mvp,2026-06-30,2026-04-01,2026-06-30,acumulada_91_dias,91,78,97.4359,0,1500000,0,330000,281000,18316000,10656000,1964000,2934000,351000,748000,12394315,-3810685,5447102,5096102,19816000,-16816000,16816000,16205000,90,0.0,-27069.8973,0.0,0.0,0.8437,-0.0644,situacion_critica,calculado,alta,baja,evidencia_temporal_disponible,balance_negativo,motivo_de_periodos_sin_ingreso,La ventana entre 2026-04-01 y 2026-06-30 muestra un balance de -16816000 COP y una cobertura estimada de 0.00 meses. Este resultado describe el periodo y no a la persona.,historia_controlada_recalculada_v2,validation,uso_planificado_reserva,si,roadmap_14_mvp_estructurado_v3.0,fincoach_mvp_estructurado_v3.0,f67e15dba7284b64413cd1739397f091ec814ed7b49d41890e2959b7d0d5bb21,1500000,611000,0,3,9230000,9086000,351000,0,0
VEN_0061_1,PERF_0061,dentro_del_mvp,2026-04-30,2026-04-01,2026-04-30,acumulada_30_dias,30,30,96.6667,11138000,0,0,0,0,10078000,6518000,851000,772000,0,406000,6165264,7225264,0,0,21216000,1060000,0,4518000,5,0.7393,0.0,0.0,1.1085,0.0,0.0,equilibrio_sostenible,calculado,alta,baja,balance_no_negativo,sin_factor_dominante,ninguna_relevante_para_el_periodo,La ventana entre 2026-04-01 y 2026-04-30 muestra un balance de 1060000 COP y una cobertura estimada de 1.11 meses. Este resultado describe el periodo y no a la persona.,historia_controlada_recalculada_v2,train,deterioro_reciente,si,roadmap_14_mvp_estructurado_v3.0,fincoach_mvp_estructurado_v3.0,0437724278b083b8500019f3c7f0098bf5040a6407287add83bd31b3e7029158,0,0,11138000,0,5232000,4846000,0,0,0
VEN_0061_2,PERF_0061,dentro_del_mvp,2026-05-31,2026-04-01,2026-05-31,acumulada_61_dias,61,54,96.2963,11138000,0,0,0,0,20156000,12400000,1705000,2400000,0,815000,6165264,-2852736,0,0,31294000,-9018000,9018000,12626000,36,0.0,-183169.3989,1.0,0.0,0.0,0.0,situacion_critica,calculado,alta,baja,evidencia_temporal_disponible,balance_negativo,motivo_de_periodos_sin_ingreso,La ventana entre 2026-04-01 y 2026-05-31 muestra un balance de -9018000 COP y una cobertura estimada de 0.00 meses. Este resultado describe el periodo y no a la persona.,historia_controlada_recalculada_v2,train,deterioro_reciente,si,roadmap_14_mvp_estructurado_v3.0,fincoach_mvp_estructurado_v3.0,760b7bc8eee2c767dd42a8e9b5c343eced9f9da1b568f4dd67ccbec636066455,0,0,11138000,1,10837000,9319000,0,0,0
VEN_0061_3,PERF_0061,dentro_del_mvp,2026-06-30,2026-04-01,2026-06-30,acumulada_91_dias,91,84,92.8571,18668000,0,0,0,0,34794000,22510000,2110000,4535000,0,815000,6165264,-9960736,0,0,53462000,-16126000,16126000,19734000,66,0.0,-29372.7256,0.7457,0.0,0.0,0.0,situacion_critica,calculado,alta,baja,evidencia_temporal_disponible,balance_negativo,motivo_de_periodos_sin_ingreso,La ventana entre 2026-04-01 y 2026-06-30 muestra un balance de -16126000 COP y una cobertura estimada de 0.00 meses. Este resultado describe el periodo y no a la persona.,historia_controlada_recalculada_v2,train,deterioro_reciente,si,roadmap_14_mvp_estructurado_v3.0,fincoach_mvp_estructurado_v3.0,41ce2fb3c60ea1792878b2962ed8975f0615b00a902d1ebe2e0b255fc990db40,0,0,18668000,1,19063000,15731000,0,0,0
VEN_0062_1,PERF_0062,dentro_del_mvp,2026-04-30,2026-04-01,2026-04-30,acumulada_30_dias,30,30,96.6667,740000,0,0,140000,0,6092000,2416000,612000,1471000,548000,225000,1118941,-4093059,15508493,15508493,6832000,-5352000,5352000,5212000,29,0.0,0.0,0.0,0.0,0.0,0.0,situacion_critica,calculado,alta,baja,evidencia_temporal_disponible,balance_negativo,ninguna_relevante_para_el_periodo,La ventana entre 2026-04-01 y 2026-04-30 muestra un balance de -5352000 COP y una cobertura estimada de 0.00 meses. Este resultado describe el periodo y no a la persona.,historia_controlada_recalculada_v2,train,fragilidad_sostenida,si,roadmap_14_mvp_estructurado_v3.0,fincoach_mvp_estructurado_v3.0,532e147533a484bf7ee42c4caa400960005f5fbc1b2f5d0233d0278ccd8b08df,740000,140000,0,0,2252000,3840000,0,548000,0
VEN_0062_2,PERF_0062,dentro_del_mvp,2026-05-31,2026-04-01,2026-05-31,acumulada_61_dias,61,61,95.082,1480000,0,0,140000,0,13868000,6460000,1444000,2297000,793000,764000,1118941,-11129059,15508493,15263493,15348000,-12388000,12388000,12248000,60,0.0,-24681.9672,0.0,0.0,0.0,-0.0158,situacion_critica,calculado,alta,baja,evidencia_temporal_disponible,balance_negativo,ninguna_relevante_para_el_periodo,La ventana entre 2026-04-01 y 2026-05-31 muestra un balance de -12388000 COP y una cobertura estimada de 0.00 meses. Este resultado describe el periodo y no a la persona.,historia_controlada_recalculada_v2,train,fragilidad_sostenida,si,roadmap_14_mvp_estructurado_v3.0,fincoach_mvp_estructurado_v3.0,87ed18441ad31f3280d388d2ed9347ec88143ce505b76889a83bb0878d3bea58,1480000,140000,0,0,4922000,8946000,245000,548000,0
VEN_0062_3,PERF_0062,dentro_del_mvp,2026-06-30,2026-04-01,2026-06-30,acumulada_91_dias,91,89,96.6292,2220000,0,518000,140000,0,21644000,10889000,2466000,3784000,1171000,764000,1118941,-17647059,15508493,15403493,23864000,-19424000,19424000,18766000,90,0.0,-10368.5822,0.0,0.0,0.18,-0.0068,situacion_critica,calculado,alta,baja,evidencia_temporal_disponible,balance_negativo,ninguna_relevante_para_el_periodo,La ventana entre 2026-04-01 y 2026-06-30 muestra un balance de -19424000 COP y una cobertura estimada de 0.00 meses. Este resultado describe el periodo y no a la persona.,historia_controlada_recalculada_v2,train,fragilidad_sostenida,si,roadmap_14_mvp_estructurado_v3.0,fincoach_mvp_estructurado_v3.0,564d36319a29e474792292e0264d3a10094fd23bfdc242f8be51834a9e03bd27,2220000,658000,0,0,8614000,13030000,623000,548000,518000
VEN_0063_1,PERF_0063,dentro_del_mvp,2026-04-30,2026-04-01,2026-04-30,acumulada_30_dias,30,28,100.0,3035000,0,713000,0,0,10692000,6725000,1233000,1573000,645000,0,1273099,-5670901,10707783,10775783,13727000,-7657000,7657000,7005000,27,0.0,0.0,0.0,0.0,0.1902,0.0064,situacion_critica,calculado,alta,baja,evidencia_temporal_disponible,balance_negativo,ninguna_relevante_para_el_periodo,La ventana entre 2026-04-01 y 2026-04-30 muestra un balance de -7657000 COP y una cobertura estimada de 0.00 meses. Este resultado describe el periodo y no a la persona.,historia_controlada_recalculada_v2,train,situacion_critica,si,roadmap_14_mvp_estructurado_v3.0,fincoach_mvp_estructurado_v3.0,e94a4cb4dbcd1d54262a7855810ae681fecedd4042b41a417a42d2256d1ecd32,3748000,0,0,0,5505000,5187000,645000,0,713000
VEN_0063_2,PERF_0063,dentro_del_mvp,2026-05-31,2026-04-01,2026-05-31,acumulada_61_dias,61,59,100.0,6306000,0,2020000,0,0,24194000,15615000,1766000,2434000,1514000,1077000,1273099,-14594901,10707783,12082783,30500000,-17888000,17888000,17036000,58,0.0,-38012.5683,0.0374,0.0,0.2426,0.1284,situacion_critica,calculado,alta,baja,evidencia_temporal_disponible,balance_negativo,ninguna_relevante_para_el_periodo,La ventana entre 2026-04-01 y 2026-05-31 muestra un balance de -17888000 COP y una cobertura estimada de 0.00 meses. Este resultado describe el periodo y no a la persona.,historia_controlada_recalculada_v2,train,situacion_critica,si,roadmap_14_mvp_estructurado_v3.0,fincoach_mvp_estructurado_v3.0,77969e44a5f872cb26ec072c39545113ad107dbc69ff5d0f19f342e93759c021,8326000,0,0,0,15041000,9153000,645000,869000,2020000
VEN_0063_3,PERF_0063,dentro_del_mvp,2026-06-30,2026-04-01,2026-06-30,acumulada_91_dias,91,90,98.8889,9468000,0,2020000,0,0,37696000,23940000,3600000,4931000,1851000,1077000,1273099,-24934901,10707783,11745783,47164000,-28228000,28228000,26671000,88,0.0,-16951.9006,0.0306,0.0,0.1758,0.0969,situacion_critica,calculado,alta,baja,evidencia_temporal_disponible,balance_negativo,ninguna_relevante_para_el_periodo,La ventana entre 2026-04-01 y 2026-06-30 muestra un balance de -28228000 COP y una cobertura estimada de 0.00 meses. Este resultado describe el periodo y no a la persona.,historia_controlada_recalculada_v2,train,situacion_critica,si,roadmap_14_mvp_estructurado_v3.0,fincoach_mvp_estructurado_v3.0,c53cc918a609697ed79f54515b5372343e841cc0ee3dbdf622fb0088da37ac42,11488000,0,0,0,21088000,16608000,982000,869000,2020000
VEN_0064_1,PERF_0064,dentro_del_mvp,2026-04-30,2026-04-01,2026-04-30,acumulada_30_dias,30,32,96.875,2699000,0,0,0,0,3542000,2089000,380000,679000,0,157000,6796126,5953126,0,0,6241000,-843000,843000,2168000,25,0.8105,0.0,0.0,2.8497,0.0,0.0,uso_planificado_reserva,calculado,alta,baja,evidencia_temporal_disponible,balance_negativo,ninguna_relevante_para_el_periodo,La ventana entre 2026-04-01 y 2026-04-30 muestra un balance de -843000 COP y una cobertura estimada de 2.85 meses. Este resultado describe el periodo y no a la persona.,historia_controlada_recalculada_v2,validation,acumulacion_estable,si,roadmap_14_mvp_estructurado_v3.0,fincoach_mvp_estructurado_v3.0,b39f43de727be5b5a2c2db9ef9b764d7668548420fdef4db1eca74cc23d3ab29,2699000,0,0,0,1473000,2069000,0,0,0
VEN_0064_2,PERF_0064,dentro_del_mvp,2026-05-31,2026-04-01,2026-05-31,acumulada_61_dias,61,66,96.9697,9520000,0,0,0,0,7084000,4400000,545000,1057000,0,422000,6796126,9232126,0,0,16604000,2436000,0,2168000,21,0.9244,68034.4262,0.433,4.1964,0.0,0.0,variable_resiliente,calculado,alta,baja,balance_no_negativo,sin_factor_dominante,ninguna_relevante_para_el_periodo,La ventana entre 2026-04-01 y 2026-05-31 muestra un balance de 2436000 COP y una cobertura estimada de 4.20 meses. Este resultado describe el periodo y no a la persona.,historia_controlada_recalculada_v2,validation,acumulacion_estable,si,roadmap_14_mvp_estructurado_v3.0,fincoach_mvp_estructurado_v3.0,3d40f14e90da5dff5e14b08c33d32714c193c32acc19e9cea2458d8484fb9b76,9520000,0,0,0,3299000,3785000,0,0,0
VEN_0064_3,PERF_0064,dentro_del_mvp,2026-06-30,2026-04-01,2026-06-30,acumulada_91_dias,91,100,97.0,16819000,0,0,0,0,10626000,6595000,779000,1415000,0,738000,6796126,12989126,0,0,27445000,6193000,0,2168000,19,0.8905,28120.5188,0.3683,5.9086,0.0,0.0,variable_resiliente,calculado,alta,baja,balance_no_negativo,sin_factor_dominante,ninguna_relevante_para_el_periodo,La ventana entre 2026-04-01 y 2026-06-30 muestra un balance de 6193000 COP y una cobertura estimada de 5.91 meses. Este resultado describe el periodo y no a la persona.,historia_controlada_recalculada_v2,validation,acumulacion_estable,si,roadmap_14_mvp_estructurado_v3.0,fincoach_mvp_estructurado_v3.0,1a5e0bb65fb728fcc7191d1a998d5d47143b8faba4805bfa506406207a8db056,16819000,0,0,0,4978000,5648000,0,0,0
VEN_0065_1,PERF_0065,dentro_del_mvp,2026-04-30,2026-04-01,2026-04-30,acumulada_30_dias,30,21,100.0,500000,0,0,0,0,5068000,3309000,783000,408000,264000,0,1713170,-2854830,9537357,9273357,5568000,-4568000,4568000,4568000,28,0.0,0.0,0.0,0.0,0.0,-0.0277,situacion_critica,calculado,alta,baja,evidencia_temporal_disponible,balance_negativo,ninguna_relevante_para_el_periodo,La ventana entre 2026-04-01 y 2026-04-30 muestra un balance de -4568000 COP y una cobertura estimada de 0.00 meses. Este resultado describe el periodo y no a la persona.,historia_controlada_recalculada_v2,train,equilibrio_sostenible,si,roadmap_14_mvp_estructurado_v3.0,fincoach_mvp_estructurado_v3.0,0efa056c1dfde123a518a98c9af33e990367b1331ff5f99ac053cca319c289ca,500000,0,0,0,2988000,2080000,264000,0,0
VEN_0065_2,PERF_0065,dentro_del_mvp,2026-05-31,2026-04-01,2026-05-31,acumulada_61_dias,61,41,97.561,1000000,0,0,0,0,10136000,6764000,861000,846000,552000,270000,1713170,-7422830,9537357,9273357,11136000,-9136000,9136000,9136000,59,0.0,2496.1749,0.0,0.0,0.0,-0.0277,situacion_critica,calculado,alta,baja,evidencia_temporal_disponible,balance_negativo,ninguna_relevante_para_el_periodo,La ventana entre 2026-04-01 y 2026-05-31 muestra un balance de -9136000 COP y una cobertura estimada de 0.00 meses. Este resultado describe el periodo y no a la persona.,historia_controlada_recalculada_v2,train,equilibrio_sostenible,si,roadmap_14_mvp_estructurado_v3.0,fincoach_mvp_estructurado_v3.0,a02225942b07d5a07814aa662027420ad63daed93f0f132820a8cb8e96d9ec17,1000000,0,0,0,5594000,4542000,264000,288000,0
VEN_0065_3,PERF_0065,dentro_del_mvp,2026-06-30,2026-04-01,2026-06-30,acumulada_91_dias,91,61,96.7213,1500000,0,0,0,0,15204000,10520000,1056000,1594000,552000,270000,1713170,-11990830,9537357,9273357,16704000,-13704000,13704000,13704000,89,0.0,-822.9148,0.0,0.0,0.0,-0.0277,situacion_critica,calculado,alta,baja,evidencia_temporal_disponible,balance_negativo,ninguna_relevante_para_el_periodo,La ventana entre 2026-04-01 y 2026-06-30 muestra un balance de -13704000 COP y una cobertura estimada de 0.00 meses. Este resultado describe el periodo y no a la persona.,historia_controlada_recalculada_v2,train,equilibrio_sostenible,si,roadmap_14_mvp_estructurado_v3.0,fincoach_mvp_estructurado_v3.0,053ded7ea9d2c15a6d180a45ebc87a6d65e207c7d7647a0b2ad4a21d314050ee,1500000,0,0,0,8304000,6900000,264000,288000,0
VEN_0066_1,PERF_0066,dentro_del_mvp,2026-04-30,2026-04-01,2026-04-30,acumulada_30_dias,30,23,100.0,0,0,0,0,0,6272000,3681000,627000,800000,0,179000,2750437,-3521563,1752544,1752544,6272000,-6272000,6272000,6272000,28,0.0,0.0,0.0,0.0,0.0,0.0,situacion_critica,calculado,alta,baja,evidencia_temporal_disponible,balance_negativo,motivo_de_periodos_sin_ingreso,La ventana entre 2026-04-01 y 2026-04-30 muestra un balance de -6272000 COP y una cobertura estimada de 0.00 meses. Este resultado describe el periodo y no a la persona.,historia_controlada_recalculada_v2,validation,variable_resiliente,si,roadmap_14_mvp_estructurado_v3.0,fincoach_mvp_estructurado_v3.0,f27b4854ede27cc743e1fc327a36dc7b7c9a756036f1776a6293421c5ec062ee,0,0,0,1,2455000,3817000,0,0,0
VEN_0066_2,PERF_0066,dentro_del_mvp,2026-05-31,2026-04-01,2026-05-31,acumulada_61_dias,61,42,100.0,0,0,0,0,0,10655000,6831000,1032000,1628000,0,179000,2750437,-7904563,1752544,1752544,10655000,-10655000,10655000,10655000,59,0.0,34394.5355,0.0,0.0,0.0,0.0,situacion_critica,calculado,alta,baja,evidencia_temporal_disponible,balance_negativo,motivo_de_periodos_sin_ingreso,La ventana entre 2026-04-01 y 2026-05-31 muestra un balance de -10655000 COP y una cobertura estimada de 0.00 meses. Este resultado describe el periodo y no a la persona.,historia_controlada_recalculada_v2,validation,variable_resiliente,si,roadmap_14_mvp_estructurado_v3.0,fincoach_mvp_estructurado_v3.0,f29b5687c5cca30119964dd3374449c1cd3a3a5ea6995199fbcb3d737f3302a1,0,0,0,2,4182000,6473000,0,0,0
VEN_0066_3,PERF_0066,dentro_del_mvp,2026-06-30,2026-04-01,2026-06-30,acumulada_91_dias,91,61,100.0,0,0,0,0,0,19056000,12047000,1975000,2373000,789000,414000,2750437,-16305563,1752544,963544,19056000,-19056000,19056000,19056000,89,0.0,-34734.4623,0.0,0.0,0.0,-0.4502,situacion_critica,calculado,alta,baja,evidencia_temporal_disponible,balance_negativo,motivo_de_periodos_sin_ingreso,La ventana entre 2026-04-01 y 2026-06-30 muestra un balance de -19056000 COP y una cobertura estimada de 0.00 meses. Este resultado describe el periodo y no a la persona.,historia_controlada_recalculada_v2,validation,variable_resiliente,si,roadmap_14_mvp_estructurado_v3.0,fincoach_mvp_estructurado_v3.0,17e35195385766f44a9019cde466ba36f549eb6452e78c99de6eadc7d29f89a9,0,0,0,3,8543000,10513000,789000,0,0
VEN_0067_1,PERF_0067,dentro_del_mvp,2026-04-30,2026-04-01,2026-04-30,acumulada_30_dias,30,24,100.0,820000,0,0,0,0,4864000,2504000,665000,693000,383000,0,24369626,20325626,15299653,15104653,5684000,-4044000,4044000,4044000,28,0.8341,0.0,0.0,8.1173,0.0,-0.0127,uso_planificado_reserva,calculado,alta,baja,evidencia_temporal_disponible,balance_negativo,ninguna_relevante_para_el_periodo,La ventana entre 2026-04-01 y 2026-04-30 muestra un balance de -4044000 COP y una cobertura estimada de 8.12 meses. Este resultado describe el periodo y no a la persona.,historia_controlada_recalculada_v2,validation,uso_planificado_reserva,si,roadmap_14_mvp_estructurado_v3.0,fincoach_mvp_estructurado_v3.0,8f51641068e63f9ca5825ee912df0488f48c5a075bc6b8c91d1f3fe511d29c54,820000,0,0,0,2187000,2677000,195000,188000,0
VEN_0067_2,PERF_0067,dentro_del_mvp,2026-05-31,2026-04-01,2026-05-31,acumulada_61_dias,61,48,95.8333,1640000,0,0,0,0,17656000,8717000,1240000,4009000,1059000,779000,24369626,8353626,15299653,15104653,19296000,-16016000,16016000,16016000,59,0.3428,-127757.377,0.0,1.9166,0.0,-0.0127,deterioro_reciente,calculado,alta,baja,evidencia_temporal_disponible,balance_negativo,ninguna_relevante_para_el_periodo,La ventana entre 2026-04-01 y 2026-05-31 muestra un balance de -16016000 COP y una cobertura estimada de 1.92 meses. Este resultado describe el periodo y no a la persona.,historia_controlada_recalculada_v2,validation,uso_planificado_reserva,si,roadmap_14_mvp_estructurado_v3.0,fincoach_mvp_estructurado_v3.0,f5635fb8dacfbeb7764f1a5b05a8bd84b30d5d68e681a6d6ef8aa0512a96c7ac,1640000,0,0,0,11210000,6446000,195000,864000,0
VEN_0067_3,PERF_0067,dentro_del_mvp,2026-06-30,2026-04-01,2026-06-30,acumulada_91_dias,91,72,97.2222,2460000,0,0,0,0,30448000,16130000,2285000,6296000,1059000,2138000,24369626,-3618374,15299653,15104653,32908000,-27988000,27988000,27988000,89,0.0,-45003.0625,0.0,0.0,0.0,-0.0127,situacion_critica,calculado,alta,baja,evidencia_temporal_disponible,balance_negativo,ninguna_relevante_para_el_periodo,La ventana entre 2026-04-01 y 2026-06-30 muestra un balance de -27988000 COP y una cobertura estimada de 0.00 meses. Este resultado describe el periodo y no a la persona.,historia_controlada_recalculada_v2,validation,uso_planificado_reserva,si,roadmap_14_mvp_estructurado_v3.0,fincoach_mvp_estructurado_v3.0,74bc27f9d19e9185565e460e6dbd20eedbd0b9776e0ac2ad644e7b0f7486abff,2460000,0,0,0,17530000,12918000,195000,864000,0
VEN_0068_1,PERF_0068,dentro_del_mvp,2026-04-30,2026-04-01,2026-04-30,acumulada_30_dias,30,32,93.75,6419000,0,0,0,0,5864000,3233000,543000,1590000,0,251000,5539670,6094670,10384992,10384992,12283000,555000,0,4075000,25,0.9738,0.0,0.0,1.8851,0.0,0.0,equilibrio_sostenible,calculado,alta,baja,balance_no_negativo,sin_factor_dominante,ninguna_relevante_para_el_periodo,La ventana entre 2026-04-01 y 2026-04-30 muestra un balance de 555000 COP y una cobertura estimada de 1.89 meses. Este resultado describe el periodo y no a la persona.,historia_controlada_recalculada_v2,train,deterioro_reciente,si,roadmap_14_mvp_estructurado_v3.0,fincoach_mvp_estructurado_v3.0,09088d938ff0b0bf11916fedcb7f852cb8ab6d4670f0b82203172e23698d15f1,1728000,4691000,0,0,3249000,2615000,0,0,0
VEN_0068_2,PERF_0068,dentro_del_mvp,2026-05-31,2026-04-01,2026-05-31,acumulada_61_dias,61,64,95.3125,12572000,0,0,0,0,11728000,6321000,970000,2485000,292000,387000,5539670,6383670,10384992,10092992,24300000,844000,0,4745000,0,1.0,-4663.9344,0.0212,2.0198,0.0,-0.0281,equilibrio_sostenible,calculado,alta,baja,balance_no_negativo,sin_factor_dominante,ninguna_relevante_para_el_periodo,La ventana entre 2026-04-01 y 2026-05-31 muestra un balance de 844000 COP y una cobertura estimada de 2.02 meses. Este resultado describe el periodo y no a la persona.,historia_controlada_recalculada_v2,train,deterioro_reciente,si,roadmap_14_mvp_estructurado_v3.0,fincoach_mvp_estructurado_v3.0,d6a478c6865dd5d3c64740dd89008fedab50557c45fb285a7d469a7baf3dbb53,7881000,4691000,0,0,6023000,5705000,292000,0,0
VEN_0068_3,PERF_0068,dentro_del_mvp,2026-06-30,2026-04-01,2026-06-30,acumulada_91_dias,91,95,94.7368,17850000,0,0,0,0,20246000,11726000,2089000,2938000,579000,387000,5539670,3143670,10384992,9805992,38096000,-2396000,2396000,6919000,30,0.4925,-40165.7359,0.0819,0.8043,0.0,-0.0558,fragilidad_sostenida,calculado,alta,baja,evidencia_temporal_disponible,balance_negativo,ninguna_relevante_para_el_periodo,La ventana entre 2026-04-01 y 2026-06-30 muestra un balance de -2396000 COP y una cobertura estimada de 0.80 meses. Este resultado describe el periodo y no a la persona.,historia_controlada_recalculada_v2,train,deterioro_reciente,si,roadmap_14_mvp_estructurado_v3.0,fincoach_mvp_estructurado_v3.0,f477fcbf03f1be6c3bfc3c12fc35cc91f26cfac899bc17837ca8b7d5103e3fa5,12709000,5141000,0,0,9913000,10333000,579000,0,0
VEN_0069_1,PERF_0069,dentro_del_mvp,2026-04-30,2026-04-01,2026-04-30,acumulada_30_dias,30,33,100.0,4555000,0,0,0,0,7926000,4079000,338000,1435000,533000,672000,459058,-2911942,14900181,14900181,12481000,-3371000,3371000,4555000,20,0.0,0.0,0.0,0.0,0.0,0.0,situacion_critica,calculado,alta,baja,evidencia_temporal_disponible,balance_negativo,ninguna_relevante_para_el_periodo,La ventana entre 2026-04-01 y 2026-04-30 muestra un balance de -3371000 COP y una cobertura estimada de 0.00 meses. Este resultado describe el periodo y no a la persona.,historia_controlada_recalculada_v2,validation,fragilidad_sostenida,si,roadmap_14_mvp_estructurado_v3.0,fincoach_mvp_estructurado_v3.0,de249c1bee7b118f127f8e92de0fb08a1598819d5af8337dc7b30ac496387c71,4555000,0,0,0,3135000,4791000,0,533000,0
VEN_0069_2,PERF_0069,dentro_del_mvp,2026-05-31,2026-04-01,2026-05-31,acumulada_61_dias,61,66,98.4848,7996000,0,0,0,0,18042000,10047000,902000,2615000,533000,1842000,459058,-9586942,14900181,14900181,26038000,-10046000,10046000,11230000,51,0.0,-52321.8579,0.1393,0.0,0.0,0.0,situacion_critica,calculado,alta,baja,evidencia_temporal_disponible,balance_negativo,ninguna_relevante_para_el_periodo,La ventana entre 2026-04-01 y 2026-05-31 muestra un balance de -10046000 COP y una cobertura estimada de 0.00 meses. Este resultado describe el periodo y no a la persona.,historia_controlada_recalculada_v2,validation,fragilidad_sostenida,si,roadmap_14_mvp_estructurado_v3.0,fincoach_mvp_estructurado_v3.0,02e19ed982520ce9cd981dd15536426120ca55875825f78696069cf5aa7ac291,7867000,129000,0,0,8483000,9559000,0,533000,0
VEN_0069_3,PERF_0069,dentro_del_mvp,2026-06-30,2026-04-01,2026-06-30,acumulada_91_dias,91,99,97.9798,11216000,0,674000,120000,0,28158000,15865000,2572000,4138000,533000,2286000,459058,-15688942,14900181,15574181,39374000,-16942000,16942000,18642000,81,0.0,-21487.2996,0.1563,0.0,0.0561,0.0452,situacion_critica,calculado,alta,baja,evidencia_temporal_disponible,balance_negativo,ninguna_relevante_para_el_periodo,La ventana entre 2026-04-01 y 2026-06-30 muestra un balance de -16942000 COP y una cobertura estimada de 0.00 meses. Este resultado describe el periodo y no a la persona.,historia_controlada_recalculada_v2,validation,fragilidad_sostenida,si,roadmap_14_mvp_estructurado_v3.0,fincoach_mvp_estructurado_v3.0,cbb6fa082671124e8ab737a908e0dd23ba9887ea05c3e8c97aab9f6f39c45871,8632000,3378000,0,0,12724000,15434000,0,533000,674000
VEN_0070_1,PERF_0070,dentro_del_mvp,2026-04-30,2026-04-01,2026-04-30,acumulada_30_dias,30,33,100.0,3785000,0,710000,0,0,10656000,6999000,587000,677000,886000,597000,1166230,-4994770,16459799,17169799,14441000,-6871000,6871000,7060000,27,0.0,0.0,0.0,0.0,0.158,0.0431,situacion_critica,calculado,alta,baja,evidencia_temporal_disponible,balance_negativo,ninguna_relevante_para_el_periodo,La ventana entre 2026-04-01 y 2026-04-30 muestra un balance de -6871000 COP y una cobertura estimada de 0.00 meses. Este resultado describe el periodo y no a la persona.,historia_controlada_recalculada_v2,train,situacion_critica,si,roadmap_14_mvp_estructurado_v3.0,fincoach_mvp_estructurado_v3.0,9c0aa655ac3563379c433d5139fefeb5b6a8ab346eb00a58017ce919a1025931,4363000,132000,0,0,3561000,7095000,0,886000,710000
VEN_0070_2,PERF_0070,dentro_del_mvp,2026-05-31,2026-04-01,2026-05-31,acumulada_61_dias,61,65,100.0,6654000,0,2012000,0,0,24113000,15060000,1165000,3333000,886000,1850000,1166230,-14280770,16459799,18471799,30767000,-17459000,17459000,15654000,58,0.0,-57179.7814,0.1377,0.0,0.2322,0.1222,situacion_critica,calculado,alta,baja,evidencia_temporal_disponible,balance_negativo,ninguna_relevante_para_el_periodo,La ventana entre 2026-04-01 y 2026-05-31 muestra un balance de -17459000 COP y una cobertura estimada de 0.00 meses. Este resultado describe el periodo y no a la persona.,historia_controlada_recalculada_v2,train,situacion_critica,si,roadmap_14_mvp_estructurado_v3.0,fincoach_mvp_estructurado_v3.0,cfcce53e22d6bc4f5720a65e079d5b27cf92dccbd5bd4aa1c69c92b8ea3c949f,8534000,132000,0,0,10056000,14057000,0,886000,2012000
VEN_0070_3,PERF_0070,dentro_del_mvp,2026-06-30,2026-04-01,2026-06-30,acumulada_91_dias,91,97,100.0,9276000,535000,2012000,0,0,37570000,22956000,2329000,6129000,886000,1850000,1166230,-24580770,16459799,18471799,47381000,-27759000,27759000,25747000,88,0.0,-18830.8413,0.1618,0.0,0.2154,0.1222,situacion_critica,calculado,alta,baja,evidencia_temporal_disponible,balance_negativo,ninguna_relevante_para_el_periodo,La ventana entre 2026-04-01 y 2026-06-30 muestra un balance de -27759000 COP y una cobertura estimada de 0.00 meses. Este resultado describe el periodo y no a la persona.,historia_controlada_recalculada_v2,train,situacion_critica,si,roadmap_14_mvp_estructurado_v3.0,fincoach_mvp_estructurado_v3.0,b9e95fb2626624e391dd6ad97fa8ab7dde01cc3b226abd3e4875f3b67e2ff397,11156000,667000,0,0,15187000,22383000,0,886000,2012000
VEN_0071_1,PERF_0071,dentro_del_mvp,2026-04-30,2026-04-01,2026-04-30,acumulada_30_dias,30,29,100.0,0,0,0,0,0,7106000,2409000,1365000,1300000,1083000,63000,6171297,-934703,19120901,18037901,7106000,-7106000,7106000,7106000,29,0.0,0.0,0.0,0.0,0.0,-0.0566,situacion_critica,calculado,alta,baja,evidencia_temporal_disponible,balance_negativo,motivo_de_periodos_sin_ingreso,La ventana entre 2026-04-01 y 2026-04-30 muestra un balance de -7106000 COP y una cobertura estimada de 0.00 meses. Este resultado describe el periodo y no a la persona.,historia_controlada_recalculada_v2,validation,acumulacion_estable,si,roadmap_14_mvp_estructurado_v3.0,fincoach_mvp_estructurado_v3.0,a69b759c02c22daa67cdc8e5ddc0eea2b4efa2cea2fe60bd3b1ac1da47771150,0,0,0,1,4207000,2899000,1083000,0,0
VEN_0071_2,PERF_0071,dentro_del_mvp,2026-05-31,2026-04-01,2026-05-31,acumulada_61_dias,61,56,100.0,0,532000,0,0,0,14212000,5569000,2021000,3843000,1636000,142000,6171297,-7508703,19120901,18037901,14744000,-13680000,13680000,13680000,60,0.0,12604.3716,0.0,0.0,1.0,-0.0566,situacion_critica,calculado,alta,baja,evidencia_temporal_disponible,balance_negativo,motivo_de_periodos_sin_ingreso,La ventana entre 2026-04-01 y 2026-05-31 muestra un balance de -13680000 COP y una cobertura estimada de 0.00 meses. Este resultado describe el periodo y no a la persona.,historia_controlada_recalculada_v2,validation,acumulacion_estable,si,roadmap_14_mvp_estructurado_v3.0,fincoach_mvp_estructurado_v3.0,f1ecff9e33171492ea0410368380775cd1baa02e0aee1e1cbca2abb5d6a965f0,0,532000,0,2,9347000,4865000,1083000,553000,0
VEN_0071_3,PERF_0071,dentro_del_mvp,2026-06-30,2026-04-01,2026-06-30,acumulada_91_dias,91,82,100.0,0,532000,0,0,0,21318000,10271000,2379000,4926000,1636000,708000,6171297,-14614703,19120901,18037901,21850000,-20786000,20786000,20786000,90,0.0,-4155.2873,0.0,0.0,1.0,-0.0566,situacion_critica,calculado,alta,baja,evidencia_temporal_disponible,balance_negativo,motivo_de_periodos_sin_ingreso,La ventana entre 2026-04-01 y 2026-06-30 muestra un balance de -20786000 COP y una cobertura estimada de 0.00 meses. Este resultado describe el periodo y no a la persona.,historia_controlada_recalculada_v2,validation,acumulacion_estable,si,roadmap_14_mvp_estructurado_v3.0,fincoach_mvp_estructurado_v3.0,0a9bd1c432d628243d96e459c0ec863594086f7d7cf7cdabadce8db26640f086,0,532000,0,3,12918000,8400000,1083000,553000,0
VEN_0072_1,PERF_0072,dentro_del_mvp,2026-04-30,2026-04-01,2026-04-30,acumulada_30_dias,30,20,95.0,0,428000,0,0,0,5544000,3208000,0,1559000,0,0,14298481,9182481,0,0,5972000,-5116000,5116000,5116000,29,0.6422,0.0,0.0,2.8624,1.0,0.0,uso_planificado_reserva,calculado,alta,baja,evidencia_temporal_disponible,balance_negativo,motivo_de_periodos_sin_ingreso,La ventana entre 2026-04-01 y 2026-04-30 muestra un balance de -5116000 COP y una cobertura estimada de 2.86 meses. Este resultado describe el periodo y no a la persona.,historia_controlada_recalculada_v2,train,equilibrio_sostenible,si,roadmap_14_mvp_estructurado_v3.0,fincoach_mvp_estructurado_v3.0,f8bc22af2731893fc3e2d4a656ef9be195a48abd800ddb43ae1786e5d221832e,0,428000,0,1,2803000,2741000,0,0,0
VEN_0072_2,PERF_0072,dentro_del_mvp,2026-05-31,2026-04-01,2026-05-31,acumulada_61_dias,61,45,95.5556,0,428000,0,0,0,11088000,6155000,333000,3289000,0,209000,14298481,3638481,0,0,11516000,-10660000,10660000,10660000,60,0.2545,-4220.765,0.0,1.1823,1.0,0.0,fragilidad_sostenida,calculado,alta,baja,evidencia_temporal_disponible,balance_negativo,motivo_de_periodos_sin_ingreso,La ventana entre 2026-04-01 y 2026-05-31 muestra un balance de -10660000 COP y una cobertura estimada de 1.18 meses. Este resultado describe el periodo y no a la persona.,historia_controlada_recalculada_v2,train,equilibrio_sostenible,si,roadmap_14_mvp_estructurado_v3.0,fincoach_mvp_estructurado_v3.0,52e91cf1473f948bcf0318dfbc705f139138671d36b61af1787c878f0c003ef8,0,428000,0,2,5916000,5172000,0,0,0
VEN_0072_3,PERF_0072,dentro_del_mvp,2026-06-30,2026-04-01,2026-06-30,acumulada_91_dias,91,65,96.9231,0,767000,0,60000,0,16632000,9404000,604000,4186000,0,937000,14298481,-1506519,0,0,17399000,-15865000,15865000,15805000,90,0.0,413.439,0.0,0.0,0.9274,0.0,situacion_critica,calculado,alta,baja,evidencia_temporal_disponible,balance_negativo,motivo_de_periodos_sin_ingreso,La ventana entre 2026-04-01 y 2026-06-30 muestra un balance de -15865000 COP y una cobertura estimada de 0.00 meses. Este resultado describe el periodo y no a la persona.,historia_controlada_recalculada_v2,train,equilibrio_sostenible,si,roadmap_14_mvp_estructurado_v3.0,fincoach_mvp_estructurado_v3.0,25bf992b31985f4a43139c70ef73830730273c4e3c30b4dc96c3d960f53f25e8,0,827000,0,3,8526000,8106000,0,0,0
VEN_0073_1,PERF_0073,dentro_del_mvp,2026-04-30,2026-04-01,2026-04-30,acumulada_30_dias,30,33,90.9091,5139000,0,0,0,0,4699000,2973000,411000,527000,130000,461000,2398519,2838519,11612324,11612324,9838000,440000,0,1425000,1,0.9581,0.0,0.0,0.9548,0.0,0.0,equilibrio_sostenible,calculado,alta,baja,balance_no_negativo,sin_factor_dominante,ninguna_relevante_para_el_periodo,La ventana entre 2026-04-01 y 2026-04-30 muestra un balance de 440000 COP y una cobertura estimada de 0.95 meses. Este resultado describe el periodo y no a la persona.,historia_controlada_recalculada_v2,train,variable_resiliente,si,roadmap_14_mvp_estructurado_v3.0,fincoach_mvp_estructurado_v3.0,f81b92cd554f01e3bbccdf8630fdc66465bce43fef313c4413c427e97b047f87,5139000,0,0,0,2980000,1719000,0,130000,0
VEN_0073_2,PERF_0073,dentro_del_mvp,2026-05-31,2026-04-01,2026-05-31,acumulada_61_dias,61,65,95.3846,8720000,0,0,40000,0,10993000,7241000,1337000,527000,510000,461000,2398519,165519,11612324,11232324,19713000,-2273000,2273000,3706000,32,0.0559,-51928.9617,0.1787,0.0457,0.0,-0.0327,fragilidad_sostenida,calculado,alta,baja,evidencia_temporal_disponible,balance_negativo,ninguna_relevante_para_el_periodo,La ventana entre 2026-04-01 y 2026-05-31 muestra un balance de -2273000 COP y una cobertura estimada de 0.05 meses. Este resultado describe el periodo y no a la persona.,historia_controlada_recalculada_v2,train,variable_resiliente,si,roadmap_14_mvp_estructurado_v3.0,fincoach_mvp_estructurado_v3.0,1081e5567efd52fff5221756a71693caf9c930c53f17996a68e30358a6b567a8,8260000,500000,0,0,5975000,5018000,380000,130000,0
VEN_0073_3,PERF_0073,dentro_del_mvp,2026-06-30,2026-04-01,2026-06-30,acumulada_91_dias,91,97,95.8763,12734000,0,0,40000,0,17287000,10867000,1774000,1793000,820000,461000,2398519,-2114481,11612324,11232324,30021000,-4553000,4553000,5468000,62,0.0,-12770.672,0.1547,0.0,0.0,-0.0327,situacion_critica,calculado,alta,baja,evidencia_temporal_disponible,balance_negativo,ninguna_relevante_para_el_periodo,La ventana entre 2026-04-01 y 2026-06-30 muestra un balance de -4553000 COP y una cobertura estimada de 0.00 meses. Este resultado describe el periodo y no a la persona.,historia_controlada_recalculada_v2,train,variable_resiliente,si,roadmap_14_mvp_estructurado_v3.0,fincoach_mvp_estructurado_v3.0,609f12a6c31df4cd93503e74f9480db84ec740c72eac4f7bb5c1d0bbfa424012,11705000,1069000,0,0,9361000,7926000,380000,440000,0
VEN_0074_1,PERF_0074,dentro_del_mvp,2026-04-30,2026-04-01,2026-04-30,acumulada_30_dias,30,30,96.6667,1040000,0,0,190000,0,3139000,1796000,204000,434000,0,465000,15205723,13296723,0,0,4179000,-2099000,2099000,2511000,25,0.8495,0.0,0.0,7.4035,0.0,0.0,uso_planificado_reserva,calculado,alta,baja,evidencia_temporal_disponible,balance_negativo,ninguna_relevante_para_el_periodo,La ventana entre 2026-04-01 y 2026-04-30 muestra un balance de -2099000 COP y una cobertura estimada de 7.40 meses. Este resultado describe el periodo y no a la persona.,historia_controlada_recalculada_v2,train,uso_planificado_reserva,si,roadmap_14_mvp_estructurado_v3.0,fincoach_mvp_estructurado_v3.0,3ae14e34a9e38b2284da9b76ff1fadb151f4e4630b77b70e4ec4d1ec283534ef,1040000,190000,0,0,1631000,1508000,0,0,0
VEN_0074_2,PERF_0074,dentro_del_mvp,2026-05-31,2026-04-01,2026-05-31,acumulada_61_dias,61,58,98.2759,2080000,0,0,190000,0,11394000,6471000,1735000,2263000,0,465000,15205723,6081723,0,0,13474000,-9314000,9314000,9571000,56,0.3885,-82721.8579,0.0,1.8797,0.0,0.0,deterioro_reciente,calculado,alta,baja,evidencia_temporal_disponible,balance_negativo,ninguna_relevante_para_el_periodo,La ventana entre 2026-04-01 y 2026-05-31 muestra un balance de -9314000 COP y una cobertura estimada de 1.88 meses. Este resultado describe el periodo y no a la persona.,historia_controlada_recalculada_v2,train,uso_planificado_reserva,si,roadmap_14_mvp_estructurado_v3.0,fincoach_mvp_estructurado_v3.0,9edb461e78608781230743207d4511d9021b54a75a7cfb67f07d2116673f1a17,2080000,190000,0,0,4464000,6930000,0,0,0
VEN_0074_3,PERF_0074,dentro_del_mvp,2026-06-30,2026-04-01,2026-06-30,acumulada_91_dias,91,87,98.8506,3120000,0,0,290000,0,19649000,10982000,3594000,2683000,0,1100000,15205723,-1033277,0,0,22769000,-16529000,16529000,16686000,86,0.0,-28948.838,0.0,0.0,0.0,0.0,situacion_critica,calculado,alta,baja,evidencia_temporal_disponible,balance_negativo,ninguna_relevante_para_el_periodo,La ventana entre 2026-04-01 y 2026-06-30 muestra un balance de -16529000 COP y una cobertura estimada de 0.00 meses. Este resultado describe el periodo y no a la persona.,historia_controlada_recalculada_v2,train,uso_planificado_reserva,si,roadmap_14_mvp_estructurado_v3.0,fincoach_mvp_estructurado_v3.0,921c2f8765f1809ce9bcada2a52f66bb4d38a953a339b210848ce7ab81e00042,3120000,290000,0,0,8069000,11580000,0,0,0
VEN_0075_1,PERF_0075,dentro_del_mvp,2026-04-30,2026-04-01,2026-04-30,acumulada_30_dias,30,31,93.5484,2336000,0,0,0,0,2194000,1112000,231000,413000,0,110000,1263917,1405917,0,0,4530000,142000,0,1092000,1,0.9481,0.0,0.0,1.2643,0.0,0.0,equilibrio_sostenible,calculado,alta,baja,balance_no_negativo,sin_factor_dominante,ninguna_relevante_para_el_periodo,La ventana entre 2026-04-01 y 2026-04-30 muestra un balance de 142000 COP y una cobertura estimada de 1.26 meses. Este resultado describe el periodo y no a la persona.,historia_controlada_recalculada_v2,train,deterioro_reciente,si,roadmap_14_mvp_estructurado_v3.0,fincoach_mvp_estructurado_v3.0,19e3a977fd1f02dddd1f7f100d88fbb4dd6651c78b871655013d2be46320ef62,2336000,0,0,0,825000,1369000,0,0,0
VEN_0075_2,PERF_0075,dentro_del_mvp,2026-05-31,2026-04-01,2026-05-31,acumulada_61_dias,61,61,95.082,4671000,0,0,240000,0,4388000,2043000,379000,1241000,0,110000,1263917,1786917,0,0,9059000,283000,0,1092000,19,0.9283,-93.9891,0.0002,1.7493,0.0,0.0,equilibrio_sostenible,calculado,alta,baja,balance_no_negativo,sin_factor_dominante,ninguna_relevante_para_el_periodo,La ventana entre 2026-04-01 y 2026-05-31 muestra un balance de 283000 COP y una cobertura estimada de 1.75 meses. Este resultado describe el periodo y no a la persona.,historia_controlada_recalculada_v2,train,deterioro_reciente,si,roadmap_14_mvp_estructurado_v3.0,fincoach_mvp_estructurado_v3.0,bf2a04361e5d2dcb6276939ee60373a4049dfdfc6e8fcfe74e7c256347c81b9d,4671000,240000,0,0,1432000,2956000,0,0,0
VEN_0075_3,PERF_0075,dentro_del_mvp,2026-06-30,2026-04-01,2026-06-30,acumulada_91_dias,91,91,95.6044,6441000,0,0,240000,0,7575000,4084000,672000,1754000,0,154000,1263917,369917,0,0,14016000,-1134000,1134000,1619000,49,0.1922,-17100.8827,0.1242,0.2717,0.0,0.0,fragilidad_sostenida,calculado,alta,baja,evidencia_temporal_disponible,balance_negativo,ninguna_relevante_para_el_periodo,La ventana entre 2026-04-01 y 2026-06-30 muestra un balance de -1134000 COP y una cobertura estimada de 0.27 meses. Este resultado describe el periodo y no a la persona.,historia_controlada_recalculada_v2,train,deterioro_reciente,si,roadmap_14_mvp_estructurado_v3.0,fincoach_mvp_estructurado_v3.0,c03098c2bf45faeac9aa87dbc1f685b397597ba33793db5bf463b42e71d7d7d7,6441000,240000,0,0,3113000,4462000,0,0,0
VEN_0076_1,PERF_0076,dentro_del_mvp,2026-04-30,2026-04-01,2026-04-30,acumulada_30_dias,30,28,100.0,0,0,1937000,0,0,8631000,3563000,474000,2738000,541000,521000,275048,-6418952,17055050,18451050,8631000,-8631000,8631000,7594000,28,0.0,0.0,0.0,0.0,1.0,0.0819,situacion_critica,calculado,alta,baja,evidencia_temporal_disponible,balance_negativo,motivo_de_periodos_sin_ingreso,La ventana entre 2026-04-01 y 2026-04-30 muestra un balance de -8631000 COP y una cobertura estimada de 0.00 meses. Este resultado describe el periodo y no a la persona.,historia_controlada_recalculada_v2,train,fragilidad_sostenida,si,roadmap_14_mvp_estructurado_v3.0,fincoach_mvp_estructurado_v3.0,1ebe82aa98a3531f0e9360400aa3a1b5903373b454157275865047fbe137b69b,0,1937000,0,1,3171000,5460000,541000,0,1937000
VEN_0076_2,PERF_0076,dentro_del_mvp,2026-05-31,2026-04-01,2026-05-31,acumulada_61_dias,61,56,98.2143,0,0,2671000,0,0,19647000,9097000,1503000,4126000,1303000,1051000,275048,-16700952,17055050,19185050,19647000,-19647000,19647000,16976000,59,0.0,-34381.9672,0.0,0.0,1.0,0.1249,situacion_critica,calculado,alta,baja,evidencia_temporal_disponible,balance_negativo,motivo_de_periodos_sin_ingreso,La ventana entre 2026-04-01 y 2026-05-31 muestra un balance de -19647000 COP y una cobertura estimada de 0.00 meses. Este resultado describe el periodo y no a la persona.,historia_controlada_recalculada_v2,train,fragilidad_sostenida,si,roadmap_14_mvp_estructurado_v3.0,fincoach_mvp_estructurado_v3.0,64346fe426425e609ede7ec3cee1edb163367be093aa2abde3ada4ba41edfe67,734000,1937000,0,2,8797000,10850000,541000,762000,2671000
VEN_0076_3,PERF_0076,dentro_del_mvp,2026-06-30,2026-04-01,2026-06-30,acumulada_91_dias,91,83,97.5904,0,0,5300000,0,0,30663000,15906000,2316000,4852000,1303000,2393000,275048,-25087952,17055050,21814050,30663000,-30663000,30663000,25363000,89,0.0,-14874.0767,0.0,0.0,1.0,0.279,situacion_critica,calculado,alta,baja,evidencia_temporal_disponible,balance_negativo,motivo_de_periodos_sin_ingreso,La ventana entre 2026-04-01 y 2026-06-30 muestra un balance de -30663000 COP y una cobertura estimada de 0.00 meses. Este resultado describe el periodo y no a la persona.,historia_controlada_recalculada_v2,train,fragilidad_sostenida,si,roadmap_14_mvp_estructurado_v3.0,fincoach_mvp_estructurado_v3.0,58e3d3e6b64baa944b201c84706fae8cc4984fddcb722849cbd41e1199cafee4,1468000,3832000,0,3,13720000,16943000,541000,762000,5300000
VEN_0077_1,PERF_0077,dentro_del_mvp,2026-04-30,2026-04-01,2026-04-30,acumulada_30_dias,30,29,100.0,3903000,0,828000,160000,0,12420000,7559000,896000,1732000,508000,648000,1387275,-6141725,14153624,14981624,16323000,-8517000,8517000,9989000,29,0.0,0.0,0.0,0.0,0.1693,0.0585,situacion_critica,calculado,alta,baja,evidencia_temporal_disponible,balance_negativo,ninguna_relevante_para_el_periodo,La ventana entre 2026-04-01 y 2026-04-30 muestra un balance de -8517000 COP y una cobertura estimada de 0.00 meses. Este resultado describe el periodo y no a la persona.,historia_controlada_recalculada_v2,test,situacion_critica,si,roadmap_14_mvp_estructurado_v3.0,fincoach_mvp_estructurado_v3.0,8038a8225da5bec804687afa0589c78905081210700e8a10e6b43aa84d503e4b,4731000,160000,0,0,7188000,5232000,0,508000,828000
VEN_0077_2,PERF_0077,dentro_del_mvp,2026-05-31,2026-04-01,2026-05-31,acumulada_61_dias,61,60,98.3333,7648000,0,2417000,160000,0,28104000,13330000,1317000,6795000,1884000,1843000,1387275,-16491725,14153624,16570624,35752000,-20456000,20456000,18004000,60,0.0,-51444.2623,0.0207,0.0,0.2364,0.1708,situacion_critica,calculado,alta,baja,evidencia_temporal_disponible,balance_negativo,ninguna_relevante_para_el_periodo,La ventana entre 2026-04-01 y 2026-05-31 muestra un balance de -20456000 COP y una cobertura estimada de 0.00 meses. Este resultado describe el periodo y no a la persona.,historia_controlada_recalculada_v2,test,situacion_critica,si,roadmap_14_mvp_estructurado_v3.0,fincoach_mvp_estructurado_v3.0,c4ba4a6e1fb105ad6c7c8dc83807fb7550c19a8415a04e2a403bf595fc708013,8476000,1749000,0,0,15582000,12522000,0,1884000,2417000
VEN_0077_3,PERF_0077,dentro_del_mvp,2026-06-30,2026-04-01,2026-06-30,acumulada_91_dias,91,91,97.8022,11355000,0,3935000,160000,0,43788000,21413000,3180000,8070000,4572000,2938000,1387275,-26950725,14153624,17077624,55143000,-32433000,32433000,29571000,90,0.0,-21062.3311,0.0224,0.0,0.2547,0.2066,situacion_critica,calculado,alta,baja,evidencia_temporal_disponible,balance_negativo,ninguna_relevante_para_el_periodo,La ventana entre 2026-04-01 y 2026-06-30 muestra un balance de -32433000 COP y una cobertura estimada de 0.00 meses. Este resultado describe el periodo y no a la persona.,historia_controlada_recalculada_v2,test,situacion_critica,si,roadmap_14_mvp_estructurado_v3.0,fincoach_mvp_estructurado_v3.0,593e63daa6a7c7e244d4e1849a0d290357918b0ea480e5c5d1c386b08aad64d8,13701000,1749000,0,0,24564000,19224000,1011000,3561000,3935000
VEN_0078_1,PERF_0078,dentro_del_mvp,2026-04-30,2026-04-01,2026-04-30,acumulada_30_dias,30,32,96.875,6680000,0,0,0,598000,3967000,2543000,267000,706000,0,223000,13024574,16335574,11565215,11565215,10647000,2713000,0,2324000,25,0.8755,0.0,0.0,6.4237,0.0822,0.0,acumulacion_estable,calculado,alta,baja,balance_no_negativo,sin_factor_dominante,ninguna_relevante_para_el_periodo,La ventana entre 2026-04-01 y 2026-04-30 muestra un balance de 2713000 COP y una cobertura estimada de 6.42 meses. Este resultado describe el periodo y no a la persona.,historia_controlada_recalculada_v2,test,acumulacion_estable,si,roadmap_14_mvp_estructurado_v3.0,fincoach_mvp_estructurado_v3.0,02fe12ab00b912c346981fbed30197eb2f2c86f808cda4025c38865a9ee3e75a,6680000,598000,0,0,1874000,2093000,0,0,0
VEN_0078_2,PERF_0078,dentro_del_mvp,2026-05-31,2026-04-01,2026-05-31,acumulada_61_dias,61,63,98.4127,13360000,0,0,0,598000,7934000,4942000,565000,1228000,127000,335000,13024574,19048574,11565215,11565215,21294000,5426000,0,3052000,26,0.8619,-1482.5137,0.0,7.7089,0.0428,0.0,acumulacion_estable,calculado,alta,baja,balance_no_negativo,sin_factor_dominante,ninguna_relevante_para_el_periodo,La ventana entre 2026-04-01 y 2026-05-31 muestra un balance de 5426000 COP y una cobertura estimada de 7.71 meses. Este resultado describe el periodo y no a la persona.,historia_controlada_recalculada_v2,test,acumulacion_estable,si,roadmap_14_mvp_estructurado_v3.0,fincoach_mvp_estructurado_v3.0,6feac473fc6ca3fabab575f361047bebfc0079e3e5348268b760bdc073af30e8,13360000,598000,0,0,4119000,3815000,0,127000,0
VEN_0078_3,PERF_0078,dentro_del_mvp,2026-06-30,2026-04-01,2026-06-30,acumulada_91_dias,91,94,97.8723,20040000,0,0,50000,1047000,11901000,6809000,891000,2577000,127000,496000,13024574,22260574,11565215,11565215,31941000,8139000,0,4141000,25,0.9118,488.7408,0.0,9.8079,0.0495,0.0,acumulacion_estable,calculado,alta,baja,balance_no_negativo,sin_factor_dominante,ninguna_relevante_para_el_periodo,La ventana entre 2026-04-01 y 2026-06-30 muestra un balance de 8139000 COP y una cobertura estimada de 9.81 meses. Este resultado describe el periodo y no a la persona.,historia_controlada_recalculada_v2,test,acumulacion_estable,si,roadmap_14_mvp_estructurado_v3.0,fincoach_mvp_estructurado_v3.0,a81e15d36b20e4ab21063792a3e33f835e439ad9262425c5342d16a73661670e,20040000,1097000,0,0,6095000,5806000,0,127000,0
VEN_0079_1,PERF_0079,dentro_del_mvp,2026-04-30,2026-04-01,2026-04-30,acumulada_30_dias,30,33,96.9697,6470000,0,0,0,0,5971000,3531000,801000,589000,0,0,3167730,3666730,0,0,12441000,499000,0,2888000,29,0.6053,0.0,0.0,1.0384,0.0,0.0,equilibrio_sostenible,calculado,alta,baja,balance_no_negativo,sin_factor_dominante,ninguna_relevante_para_el_periodo,La ventana entre 2026-04-01 y 2026-04-30 muestra un balance de 499000 COP y una cobertura estimada de 1.04 meses. Este resultado describe el periodo y no a la persona.,historia_controlada_recalculada_v2,train,equilibrio_sostenible,si,roadmap_14_mvp_estructurado_v3.0,fincoach_mvp_estructurado_v3.0,7627b484ed933b46f66a1938f6ad001fc94030f50a0b601f85c772139ebe048e,6470000,0,0,0,2584000,3387000,0,0,0
VEN_0079_2,PERF_0079,dentro_del_mvp,2026-05-31,2026-04-01,2026-05-31,acumulada_61_dias,61,66,98.4848,12416000,0,0,0,539000,11942000,7039000,1802000,1550000,0,55000,3167730,4180730,0,0,24358000,474000,0,3301000,14,0.5762,-8862.8415,0.0422,1.1879,0.0416,0.0,equilibrio_sostenible,calculado,alta,baja,balance_no_negativo,sin_factor_dominante,ninguna_relevante_para_el_periodo,La ventana entre 2026-04-01 y 2026-05-31 muestra un balance de 474000 COP y una cobertura estimada de 1.19 meses. Este resultado describe el periodo y no a la persona.,historia_controlada_recalculada_v2,train,equilibrio_sostenible,si,roadmap_14_mvp_estructurado_v3.0,fincoach_mvp_estructurado_v3.0,c3acf23a9de2cd8d93a74df831d2ef4fddd14d387233d526628d60ead354c2a4,9665000,3290000,0,0,5003000,6939000,0,0,0
VEN_0079_3,PERF_0079,dentro_del_mvp,2026-06-30,2026-04-01,2026-06-30,acumulada_91_dias,91,99,96.9697,18488000,0,0,0,539000,17913000,11373000,1895000,1913000,0,804000,3167730,4281730,0,0,36401000,575000,0,4995000,44,0.5901,-1451.8105,0.0362,1.1294,0.0283,0.0,equilibrio_sostenible,calculado,alta,baja,balance_no_negativo,sin_factor_dominante,ninguna_relevante_para_el_periodo,La ventana entre 2026-04-01 y 2026-06-30 muestra un balance de 575000 COP y una cobertura estimada de 1.13 meses. Este resultado describe el periodo y no a la persona.,historia_controlada_recalculada_v2,train,equilibrio_sostenible,si,roadmap_14_mvp_estructurado_v3.0,fincoach_mvp_estructurado_v3.0,b736d22fc3be4aea66f6dce0356608f95c3b403fff473edd393b33670f533f29,15737000,3290000,0,0,7695000,10218000,0,0,0
VEN_0080_1,PERF_0080,dentro_del_mvp,2026-04-30,2026-04-01,2026-04-30,acumulada_30_dias,30,33,96.9697,3674000,0,0,40000,316000,3990000,2463000,116000,1095000,0,0,6622965,6662965,2577264,2577264,7664000,-316000,316000,1718000,28,0.9481,0.0,0.0,2.7052,0.0784,0.0,uso_planificado_reserva,calculado,alta,baja,evidencia_temporal_disponible,balance_negativo,ninguna_relevante_para_el_periodo,La ventana entre 2026-04-01 y 2026-04-30 muestra un balance de -316000 COP y una cobertura estimada de 2.71 meses. Este resultado describe el periodo y no a la persona.,historia_controlada_recalculada_v2,train,variable_resiliente,si,roadmap_14_mvp_estructurado_v3.0,fincoach_mvp_estructurado_v3.0,42bab2f47fd9b0c15cb1cf1f9bcfba92e6aee3585ae21e5d26d9eecde4cb71e0,3714000,316000,0,0,1821000,2169000,0,0,0
VEN_0080_2,PERF_0080,dentro_del_mvp,2026-05-31,2026-04-01,2026-05-31,acumulada_61_dias,61,65,98.4615,10248000,0,0,260000,316000,6779000,4137000,283000,1532000,0,96000,6622965,10667965,2577264,2577264,17027000,3469000,0,1776000,0,1.0,67402.1858,0.283,5.1573,0.0292,0.0,variable_resiliente,calculado,alta,baja,balance_no_negativo,sin_factor_dominante,ninguna_relevante_para_el_periodo,La ventana entre 2026-04-01 y 2026-05-31 muestra un balance de 3469000 COP y una cobertura estimada de 5.16 meses. Este resultado describe el periodo y no a la persona.,historia_controlada_recalculada_v2,train,variable_resiliente,si,roadmap_14_mvp_estructurado_v3.0,fincoach_mvp_estructurado_v3.0,4af634c4b0ac9213b6125a717f59b47e34007b04534abac8b77fc8d5cd4634c0,10508000,316000,0,0,3055000,3724000,0,0,0
VEN_0080_3,PERF_0080,dentro_del_mvp,2026-06-30,2026-04-01,2026-06-30,acumulada_91_dias,91,97,97.9381,15832000,0,0,690000,316000,9568000,5955000,283000,1650000,146000,450000,6622965,13892965,2577264,2577264,25400000,6264000,0,1776000,0,1.0,11966.3124,0.2281,6.999,0.0188,0.0,variable_resiliente,calculado,alta,baja,balance_no_negativo,sin_factor_dominante,ninguna_relevante_para_el_periodo,La ventana entre 2026-04-01 y 2026-06-30 muestra un balance de 6264000 COP y una cobertura estimada de 7.00 meses. Este resultado describe el periodo y no a la persona.,historia_controlada_recalculada_v2,train,variable_resiliente,si,roadmap_14_mvp_estructurado_v3.0,fincoach_mvp_estructurado_v3.0,25db8a91ca78d338797f00b3093da2f2d69cc71724d9f50812797c705666c6ae,16332000,506000,0,0,4534000,5034000,0,146000,0
VEN_0081_1,PERF_0081,dentro_del_mvp,2026-04-30,2026-04-01,2026-04-30,acumulada_30_dias,30,33,100.0,1750000,0,0,0,0,4575000,1646000,717000,945000,598000,259000,20628740,17803740,3918997,3649997,6325000,-2825000,2825000,3181000,25,0.8484,0.0,0.0,10.8164,0.0,-0.0686,uso_planificado_reserva,calculado,alta,baja,evidencia_temporal_disponible,balance_negativo,ninguna_relevante_para_el_periodo,La ventana entre 2026-04-01 y 2026-04-30 muestra un balance de -2825000 COP y una cobertura estimada de 10.82 meses. Este resultado describe el periodo y no a la persona.,historia_controlada_recalculada_v2,train,uso_planificado_reserva,si,roadmap_14_mvp_estructurado_v3.0,fincoach_mvp_estructurado_v3.0,9d27d5fcbec899a4bb394913de0a56e570e3dc5e49a3996ff9701276724f8db4,1750000,0,0,0,2986000,1589000,269000,329000,0
VEN_0081_2,PERF_0081,dentro_del_mvp,2026-05-31,2026-04-01,2026-05-31,acumulada_61_dias,61,64,100.0,3500000,0,0,0,0,16607000,8640000,2051000,2615000,1153000,259000,20628740,7521740,3918997,3649997,20107000,-13107000,13107000,13463000,56,0.3584,-120702.1858,0.0,1.7411,0.0,-0.0686,deterioro_reciente,calculado,alta,baja,evidencia_temporal_disponible,balance_negativo,ninguna_relevante_para_el_periodo,La ventana entre 2026-04-01 y 2026-05-31 muestra un balance de -13107000 COP y una cobertura estimada de 1.74 meses. Este resultado describe el periodo y no a la persona.,historia_controlada_recalculada_v2,train,uso_planificado_reserva,si,roadmap_14_mvp_estructurado_v3.0,fincoach_mvp_estructurado_v3.0,0c3c161930a6ebfc68238e6b9c3af5a4fa55d8220080127645677c352b8e4cae,3500000,0,0,0,8702000,7905000,269000,884000,0
VEN_0081_3,PERF_0081,dentro_del_mvp,2026-06-30,2026-04-01,2026-06-30,acumulada_91_dias,91,95,100.0,5250000,0,0,220000,0,28639000,15560000,2989000,3848000,2085000,1011000,20628740,-2540260,3918997,2717997,33889000,-23389000,23389000,23525000,86,0.0,-42153.1256,0.0,0.0,0.0,-0.3065,situacion_critica,calculado,alta,baja,evidencia_temporal_disponible,balance_negativo,ninguna_relevante_para_el_periodo,La ventana entre 2026-04-01 y 2026-06-30 muestra un balance de -23389000 COP y una cobertura estimada de 0.00 meses. Este resultado describe el periodo y no a la persona.,historia_controlada_recalculada_v2,train,uso_planificado_reserva,si,roadmap_14_mvp_estructurado_v3.0,fincoach_mvp_estructurado_v3.0,e54193da0ff9e8e7aec39f4c6fda51fa6e8a2d000c16e40eef74d036448ddd43,5250000,220000,0,0,14992000,13647000,1201000,884000,0
VEN_0082_1,PERF_0082,dentro_del_mvp,2026-04-30,2026-04-01,2026-04-30,acumulada_30_dias,30,30,96.6667,0,1420000,0,0,0,6291000,3409000,565000,1642000,0,93000,14299393,9428393,1939071,1939071,7711000,-4871000,4871000,4871000,28,0.6594,0.0,0.0,2.7657,1.0,0.0,uso_planificado_reserva,calculado,alta,baja,evidencia_temporal_disponible,balance_negativo,motivo_de_periodos_sin_ingreso,La ventana entre 2026-04-01 y 2026-04-30 muestra un balance de -4871000 COP y una cobertura estimada de 2.77 meses. Este resultado describe el periodo y no a la persona.,historia_controlada_recalculada_v2,train,deterioro_reciente,si,roadmap_14_mvp_estructurado_v3.0,fincoach_mvp_estructurado_v3.0,f8ccac6846b21bc93a67ca5fd5189e6efe77144b33066cb4631517eca114cf65,1420000,0,0,1,3176000,3115000,0,0,0
VEN_0082_2,PERF_0082,dentro_del_mvp,2026-05-31,2026-04-01,2026-05-31,acumulada_61_dias,61,58,96.5517,0,2840000,0,0,0,12582000,6806000,957000,2964000,601000,335000,14299393,4557393,1939071,1639071,15422000,-9742000,9742000,9742000,59,0.3187,2661.7486,0.0,1.3392,1.0,-0.1547,fragilidad_sostenida,calculado,alta,baja,evidencia_temporal_disponible,balance_negativo,motivo_de_periodos_sin_ingreso,La ventana entre 2026-04-01 y 2026-05-31 muestra un balance de -9742000 COP y una cobertura estimada de 1.34 meses. Este resultado describe el periodo y no a la persona.,historia_controlada_recalculada_v2,train,deterioro_reciente,si,roadmap_14_mvp_estructurado_v3.0,fincoach_mvp_estructurado_v3.0,07c6f656f62fceb49238d6a41d30c480c70cdaca22877690504fa2a76a436bce,2840000,0,0,2,5911000,6671000,300000,301000,0
VEN_0082_3,PERF_0082,dentro_del_mvp,2026-06-30,2026-04-01,2026-06-30,acumulada_91_dias,91,86,96.5116,0,4260000,0,0,0,21720000,12285000,1895000,4724000,1031000,455000,14299393,-3160607,1939071,1639071,25980000,-17460000,17460000,17460000,89,0.0,-32163.2138,0.0,0.0,1.0,-0.1547,situacion_critica,calculado,alta,baja,evidencia_temporal_disponible,balance_negativo,motivo_de_periodos_sin_ingreso,La ventana entre 2026-04-01 y 2026-06-30 muestra un balance de -17460000 COP y una cobertura estimada de 0.00 meses. Este resultado describe el periodo y no a la persona.,historia_controlada_recalculada_v2,train,deterioro_reciente,si,roadmap_14_mvp_estructurado_v3.0,fincoach_mvp_estructurado_v3.0,21230207e9a1b6f95989c2f137e462f84ba3b11e697c5d16c30e000f7ec6e458,4260000,0,0,3,10868000,10852000,300000,731000,0
VEN_0083_1,PERF_0083,dentro_del_mvp,2026-04-30,2026-04-01,2026-04-30,acumulada_30_dias,30,30,96.6667,2600000,0,0,0,0,5782000,2493000,352000,1692000,279000,620000,608614,-2573386,17057048,16778048,8382000,-3182000,3182000,3182000,29,0.0,0.0,0.0,0.0,0.0,-0.0164,situacion_critica,calculado,alta,baja,evidencia_temporal_disponible,balance_negativo,ninguna_relevante_para_el_periodo,La ventana entre 2026-04-01 y 2026-04-30 muestra un balance de -3182000 COP y una cobertura estimada de 0.00 meses. Este resultado describe el periodo y no a la persona.,historia_controlada_recalculada_v2,train,fragilidad_sostenida,si,roadmap_14_mvp_estructurado_v3.0,fincoach_mvp_estructurado_v3.0,e28604c59760ceddc85d1e0f89d74e94b0ca814efb73a7e2371815dc655966e7,2600000,0,0,0,2679000,3103000,279000,0,0
VEN_0083_2,PERF_0083,dentro_del_mvp,2026-05-31,2026-04-01,2026-05-31,acumulada_61_dias,61,63,98.4127,5684000,0,492000,0,0,13162000,6999000,1205000,3220000,279000,620000,608614,-6377386,17057048,17270048,18846000,-7478000,7478000,7329000,60,0.0,-16523.4973,0.0852,0.0,0.0797,0.0125,situacion_critica,calculado,alta,baja,evidencia_temporal_disponible,balance_negativo,ninguna_relevante_para_el_periodo,La ventana entre 2026-04-01 y 2026-05-31 muestra un balance de -7478000 COP y una cobertura estimada de 0.00 meses. Este resultado describe el periodo y no a la persona.,historia_controlada_recalculada_v2,train,fragilidad_sostenida,si,roadmap_14_mvp_estructurado_v3.0,fincoach_mvp_estructurado_v3.0,02de89b042be400647fe319ef56dbe11a23c8386c21b743625aa88c07554108a,6176000,0,0,0,6824000,6338000,279000,0,492000
VEN_0083_3,PERF_0083,dentro_del_mvp,2026-06-30,2026-04-01,2026-06-30,acumulada_91_dias,91,95,97.8947,8710000,0,984000,0,0,20542000,10892000,1880000,5290000,568000,620000,608614,-10239386,17057048,17473048,29252000,-11832000,11832000,10848000,90,0.0,-7431.8141,0.0743,0.0,0.1015,0.0244,situacion_critica,calculado,alta,baja,evidencia_temporal_disponible,balance_negativo,ninguna_relevante_para_el_periodo,La ventana entre 2026-04-01 y 2026-06-30 muestra un balance de -11832000 COP y una cobertura estimada de 0.00 meses. Este resultado describe el periodo y no a la persona.,historia_controlada_recalculada_v2,train,fragilidad_sostenida,si,roadmap_14_mvp_estructurado_v3.0,fincoach_mvp_estructurado_v3.0,0dd7ed81fb150561029fbce54fce225bd7a4b65f5db516c540d548f2880c2c46,9694000,0,0,0,10479000,10063000,568000,0,984000
VEN_0084_1,PERF_0084,dentro_del_mvp,2026-04-30,2026-04-01,2026-04-30,acumulada_30_dias,30,23,95.6522,500000,0,919000,0,0,13788000,9007000,852000,1369000,417000,688000,1180330,-11188670,14949189,15868189,14288000,-13288000,13288000,12369000,28,0.0,0.0,0.0,0.0,0.6476,0.0615,situacion_critica,calculado,alta,baja,evidencia_temporal_disponible,balance_negativo,ninguna_relevante_para_el_periodo,La ventana entre 2026-04-01 y 2026-04-30 muestra un balance de -13288000 COP y una cobertura estimada de 0.00 meses. Este resultado describe el periodo y no a la persona.,historia_controlada_recalculada_v2,validation,situacion_critica,si,roadmap_14_mvp_estructurado_v3.0,fincoach_mvp_estructurado_v3.0,7ee2a2589e59923f1b3a545fbe6f53e00f36dada86e0c5b9ea2c76fdb4ad6721,500000,919000,0,0,8315000,5473000,0,417000,919000
VEN_0084_2,PERF_0084,dentro_del_mvp,2026-05-31,2026-04-01,2026-05-31,acumulada_61_dias,61,49,93.8776,1000000,0,919000,0,0,31200000,18429000,1686000,5169000,1396000,1677000,1180330,-28100670,14949189,14889189,32200000,-30200000,30200000,29281000,59,0.0,-52148.6339,0.0,0.0,0.4789,-0.004,situacion_critica,calculado,alta,baja,evidencia_temporal_disponible,balance_negativo,ninguna_relevante_para_el_periodo,La ventana entre 2026-04-01 y 2026-05-31 muestra un balance de -30200000 COP y una cobertura estimada de 0.00 meses. Este resultado describe el periodo y no a la persona.,historia_controlada_recalculada_v2,validation,situacion_critica,si,roadmap_14_mvp_estructurado_v3.0,fincoach_mvp_estructurado_v3.0,be46322b0cf63463d37adcee08a2c08a504a60c433d12b9293370849b1587fa8,1000000,919000,0,0,17636000,13564000,979000,417000,919000
VEN_0084_3,PERF_0084,dentro_del_mvp,2026-06-30,2026-04-01,2026-06-30,acumulada_91_dias,91,76,94.7368,1500000,0,919000,0,0,48612000,27726000,1686000,8281000,3020000,4140000,1180330,-45012670,14949189,14889189,50112000,-47112000,47112000,46193000,89,0.0,-22632.3185,0.0,0.0,0.3799,-0.004,situacion_critica,calculado,alta,baja,evidencia_temporal_disponible,balance_negativo,ninguna_relevante_para_el_periodo,La ventana entre 2026-04-01 y 2026-06-30 muestra un balance de -47112000 COP y una cobertura estimada de 0.00 meses. Este resultado describe el periodo y no a la persona.,historia_controlada_recalculada_v2,validation,situacion_critica,si,roadmap_14_mvp_estructurado_v3.0,fincoach_mvp_estructurado_v3.0,c53e0ebb02f81a220e17b125c3919e4649f3ba36de439202023a47441c930243,1500000,919000,0,0,24936000,23676000,979000,2041000,919000
VEN_0085_1,PERF_0085,dentro_del_mvp,2026-04-30,2026-04-01,2026-04-30,acumulada_30_dias,30,25,96.0,500000,0,0,210000,0,2082000,1138000,320000,433000,77000,44000,7388583,6016583,4731191,4654191,2582000,-1582000,1582000,1372000,29,0.8143,0.0,0.0,5.287,0.0,-0.0163,uso_planificado_reserva,calculado,alta,baja,evidencia_temporal_disponible,balance_negativo,ninguna_relevante_para_el_periodo,La ventana entre 2026-04-01 y 2026-04-30 muestra un balance de -1582000 COP y una cobertura estimada de 5.29 meses. Este resultado describe el periodo y no a la persona.,historia_controlada_recalculada_v2,train,acumulacion_estable,si,roadmap_14_mvp_estructurado_v3.0,fincoach_mvp_estructurado_v3.0,48597af41df88feeec867956f14c98cd390df86147e8854fddcb04491c9b216f,500000,210000,0,0,1190000,892000,77000,0,0
VEN_0085_2,PERF_0085,dentro_del_mvp,2026-05-31,2026-04-01,2026-05-31,acumulada_61_dias,61,50,94.0,1000000,0,0,210000,0,4164000,2323000,562000,797000,153000,44000,7388583,4434583,4731191,4654191,5164000,-3164000,3164000,2954000,60,0.6002,864.4809,0.0,3.818,0.0,-0.0163,uso_planificado_reserva,calculado,alta,baja,evidencia_temporal_disponible,balance_negativo,ninguna_relevante_para_el_periodo,La ventana entre 2026-04-01 y 2026-05-31 muestra un balance de -3164000 COP y una cobertura estimada de 3.82 meses. Este resultado describe el periodo y no a la persona.,historia_controlada_recalculada_v2,train,acumulacion_estable,si,roadmap_14_mvp_estructurado_v3.0,fincoach_mvp_estructurado_v3.0,67bdbb74a20b0feefede7b329d8e518641abcc4087eec0931db07c0eb5d1e712,1000000,210000,0,0,2372000,1792000,77000,76000,0
VEN_0085_3,PERF_0085,dentro_del_mvp,2026-06-30,2026-04-01,2026-06-30,acumulada_91_dias,91,71,92.9577,1500000,0,0,210000,0,6246000,3595000,713000,1168000,236000,132000,7388583,2852583,4731191,4654191,7746000,-4746000,4746000,4536000,90,0.3861,-284.9937,0.0,2.3805,0.0,-0.0163,fragilidad_sostenida,calculado,alta,baja,evidencia_temporal_disponible,balance_negativo,ninguna_relevante_para_el_periodo,La ventana entre 2026-04-01 y 2026-06-30 muestra un balance de -4746000 COP y una cobertura estimada de 2.38 meses. Este resultado describe el periodo y no a la persona.,historia_controlada_recalculada_v2,train,acumulacion_estable,si,roadmap_14_mvp_estructurado_v3.0,fincoach_mvp_estructurado_v3.0,d9b4ca94698f74f987f4fa69e11dbe4b64f94b958c72a81f7249fd1ec6ae4bc2,1500000,210000,0,0,3633000,2613000,77000,159000,0
VEN_0086_1,PERF_0086,dentro_del_mvp,2026-04-30,2026-04-01,2026-04-30,acumulada_30_dias,30,29,100.0,2120000,0,0,0,0,6476000,2849000,1034000,1643000,0,410000,15629454,11273454,0,0,8596000,-4356000,4356000,4356000,29,0.7213,0.0,0.0,3.957,0.0,0.0,uso_planificado_reserva,calculado,alta,baja,evidencia_temporal_disponible,balance_negativo,ninguna_relevante_para_el_periodo,La ventana entre 2026-04-01 y 2026-04-30 muestra un balance de -4356000 COP y una cobertura estimada de 3.96 meses. Este resultado describe el periodo y no a la persona.,historia_controlada_recalculada_v2,validation,equilibrio_sostenible,si,roadmap_14_mvp_estructurado_v3.0,fincoach_mvp_estructurado_v3.0,f3bb3761eaa635e85a8069646ecb1da4762b18d9186a25d8b7a05d8eea3df635,2120000,0,0,0,2675000,3801000,0,0,0
VEN_0086_2,PERF_0086,dentro_del_mvp,2026-05-31,2026-04-01,2026-05-31,acumulada_61_dias,61,59,98.3051,4240000,0,0,0,0,12952000,6743000,1539000,2594000,0,628000,15629454,6917454,0,0,17192000,-8712000,8712000,8712000,60,0.4426,2380.3279,0.0,2.0517,0.0,0.0,fragilidad_sostenida,calculado,alta,baja,evidencia_temporal_disponible,balance_negativo,ninguna_relevante_para_el_periodo,La ventana entre 2026-04-01 y 2026-05-31 muestra un balance de -8712000 COP y una cobertura estimada de 2.05 meses. Este resultado describe el periodo y no a la persona.,historia_controlada_recalculada_v2,validation,equilibrio_sostenible,si,roadmap_14_mvp_estructurado_v3.0,fincoach_mvp_estructurado_v3.0,e001bfac167bc7702ad47e353fa228f4839ac2a08c5059abeef6788472cd8079,4240000,0,0,0,5383000,7569000,0,0,0
VEN_0086_3,PERF_0086,dentro_del_mvp,2026-06-30,2026-04-01,2026-06-30,acumulada_91_dias,91,89,98.8764,6360000,0,0,0,0,19428000,10488000,1812000,4085000,0,1060000,15629454,2561454,0,0,25788000,-13068000,13068000,13068000,90,0.1639,-784.7235,0.0,0.7327,0.0,0.0,fragilidad_sostenida,calculado,alta,baja,evidencia_temporal_disponible,balance_negativo,ninguna_relevante_para_el_periodo,La ventana entre 2026-04-01 y 2026-06-30 muestra un balance de -13068000 COP y una cobertura estimada de 0.73 meses. Este resultado describe el periodo y no a la persona.,historia_controlada_recalculada_v2,validation,equilibrio_sostenible,si,roadmap_14_mvp_estructurado_v3.0,fincoach_mvp_estructurado_v3.0,cfc366c41fe265deb7bde6931543fd721afe1aaf1e4f4606d4c81c7b9b9295c1,6360000,0,0,0,7622000,11806000,0,0,0
VEN_0087_1,PERF_0087,dentro_del_mvp,2026-04-30,2026-04-01,2026-04-30,acumulada_30_dias,30,32,96.875,5317000,0,0,0,0,5184000,2559000,658000,941000,149000,302000,13711715,13844715,2833126,2684126,10501000,133000,0,2795000,18,0.908,0.0,0.0,5.4102,0.0,-0.0526,acumulacion_estable,calculado,alta,baja,balance_no_negativo,sin_factor_dominante,ninguna_relevante_para_el_periodo,La ventana entre 2026-04-01 y 2026-04-30 muestra un balance de 133000 COP y una cobertura estimada de 5.41 meses. Este resultado describe el periodo y no a la persona.,historia_controlada_recalculada_v2,train,variable_resiliente,si,roadmap_14_mvp_estructurado_v3.0,fincoach_mvp_estructurado_v3.0,9de89d65d9ed195bbe64b7fc8106ca9bf3879f3da447de8109b13241365113e1,0,0,5317000,0,3153000,2031000,149000,0,0
VEN_0087_2,PERF_0087,dentro_del_mvp,2026-05-31,2026-04-01,2026-05-31,acumulada_61_dias,61,56,94.6429,5317000,0,0,0,0,8807000,4688000,988000,1347000,555000,394000,13711715,10221715,2833126,2278126,14124000,-3490000,3490000,5026000,49,0.6704,-61646.4481,1.0,4.3608,0.0,-0.1959,deterioro_reciente,calculado,alta,baja,evidencia_temporal_disponible,balance_negativo,motivo_de_periodos_sin_ingreso,La ventana entre 2026-04-01 y 2026-05-31 muestra un balance de -3490000 COP y una cobertura estimada de 4.36 meses. Este resultado describe el periodo y no a la persona.,historia_controlada_recalculada_v2,train,variable_resiliente,si,roadmap_14_mvp_estructurado_v3.0,fincoach_mvp_estructurado_v3.0,476c5fcf841307461041545ac90a77227ebf4e2ae1659aa69de61ac9506e268b,0,0,5317000,1,5077000,3730000,555000,0,0
VEN_0087_3,PERF_0087,dentro_del_mvp,2026-06-30,2026-04-01,2026-06-30,acumulada_91_dias,91,88,96.5909,9771000,0,0,0,0,15752000,7840000,2044000,3132000,800000,514000,13711715,7730715,2833126,2278126,25523000,-5981000,5981000,8467000,79,0.507,-8512.16,0.7153,2.9582,0.0,-0.1959,uso_planificado_reserva,calculado,alta,baja,evidencia_temporal_disponible,balance_negativo,motivo_de_periodos_sin_ingreso,La ventana entre 2026-04-01 y 2026-06-30 muestra un balance de -5981000 COP y una cobertura estimada de 2.96 meses. Este resultado describe el periodo y no a la persona.,historia_controlada_recalculada_v2,train,variable_resiliente,si,roadmap_14_mvp_estructurado_v3.0,fincoach_mvp_estructurado_v3.0,d87f61bce8e3406f88a5a7f7358395e7b8c1611b224f2466a0834d5306aad3f6,0,0,9771000,1,7943000,7809000,555000,245000,0
VEN_0088_1,PERF_0088,dentro_del_mvp,2026-04-30,2026-04-01,2026-04-30,acumulada_30_dias,30,30,96.6667,4580000,0,0,0,0,4552000,2287000,199000,1577000,0,126000,16293778,16321778,0,0,9132000,28000,0,3319000,25,0.831,0.0,0.0,7.1368,0.0,0.0,acumulacion_estable,calculado,alta,baja,balance_no_negativo,sin_factor_dominante,ninguna_relevante_para_el_periodo,La ventana entre 2026-04-01 y 2026-04-30 muestra un balance de 28000 COP y una cobertura estimada de 7.14 meses. Este resultado describe el periodo y no a la persona.,historia_controlada_recalculada_v2,train,uso_planificado_reserva,si,roadmap_14_mvp_estructurado_v3.0,fincoach_mvp_estructurado_v3.0,eec727592df669a6bf0f5dfb4a3203a9a2fdd21b48dbe5553d8a7998a65ebc6d,4580000,0,0,0,2424000,2128000,0,0,0
VEN_0088_2,PERF_0088,dentro_del_mvp,2026-05-31,2026-04-01,2026-05-31,acumulada_61_dias,61,61,98.3607,9160000,0,0,0,0,16524000,8572000,2170000,3705000,0,1714000,16293778,8929778,0,0,25684000,-7364000,7364000,10711000,56,0.4547,-121654.6448,0.0,2.0835,0.0,0.0,deterioro_reciente,calculado,alta,baja,evidencia_temporal_disponible,balance_negativo,ninguna_relevante_para_el_periodo,La ventana entre 2026-04-01 y 2026-05-31 muestra un balance de -7364000 COP y una cobertura estimada de 2.08 meses. Este resultado describe el periodo y no a la persona.,historia_controlada_recalculada_v2,train,uso_planificado_reserva,si,roadmap_14_mvp_estructurado_v3.0,fincoach_mvp_estructurado_v3.0,4afca531890fa3449c47fbb678b615fbe75d6a1d17a7db0a79381625908ef315,9160000,0,0,0,7453000,9071000,0,0,0
VEN_0088_3,PERF_0088,dentro_del_mvp,2026-06-30,2026-04-01,2026-06-30,acumulada_91_dias,91,93,98.9247,18816000,0,0,210000,0,28496000,16539000,4084000,5423000,0,1714000,16293778,6823778,0,0,47312000,-9680000,9680000,16296000,86,0.3474,14347.6851,0.3815,1.2378,0.0,0.0,fragilidad_sostenida,calculado,alta,baja,evidencia_temporal_disponible,balance_negativo,ninguna_relevante_para_el_periodo,La ventana entre 2026-04-01 y 2026-06-30 muestra un balance de -9680000 COP y una cobertura estimada de 1.24 meses. Este resultado describe el periodo y no a la persona.,historia_controlada_recalculada_v2,train,uso_planificado_reserva,si,roadmap_14_mvp_estructurado_v3.0,fincoach_mvp_estructurado_v3.0,33bae7f6bc78d4d1ac4040b9ce1cf769aca4f3bff97aa4a289939342d9e8a251,13740000,5286000,0,0,13322000,15174000,0,0,0
VEN_0089_1,PERF_0089,dentro_del_mvp,2026-04-30,2026-04-01,2026-04-30,acumulada_30_dias,30,30,93.3333,500000,0,0,0,0,4126000,2166000,589000,252000,338000,217000,5697019,2071019,4125811,4125811,4626000,-3626000,3626000,3626000,29,0.3635,0.0,0.0,0.9561,0.0,0.0,fragilidad_sostenida,calculado,alta,baja,evidencia_temporal_disponible,balance_negativo,ninguna_relevante_para_el_periodo,La ventana entre 2026-04-01 y 2026-04-30 muestra un balance de -3626000 COP y una cobertura estimada de 0.96 meses. Este resultado describe el periodo y no a la persona.,historia_controlada_recalculada_v2,train,deterioro_reciente,si,roadmap_14_mvp_estructurado_v3.0,fincoach_mvp_estructurado_v3.0,76c98c3f3ea1f7b33ad6840467e7ea6d6c642a82c62b58a4a54a09efa0f58cce,500000,0,0,0,1600000,2526000,0,338000,0
VEN_0089_2,PERF_0089,dentro_del_mvp,2026-05-31,2026-04-01,2026-05-31,acumulada_61_dias,61,57,94.7368,1000000,0,0,0,0,8252000,4394000,1036000,872000,525000,274000,5697019,-1554981,4125811,3938811,9252000,-7252000,7252000,7252000,60,0.0,1981.4208,0.0,0.0,0.0,-0.0453,situacion_critica,calculado,alta,baja,evidencia_temporal_disponible,balance_negativo,ninguna_relevante_para_el_periodo,La ventana entre 2026-04-01 y 2026-05-31 muestra un balance de -7252000 COP y una cobertura estimada de 0.00 meses. Este resultado describe el periodo y no a la persona.,historia_controlada_recalculada_v2,train,deterioro_reciente,si,roadmap_14_mvp_estructurado_v3.0,fincoach_mvp_estructurado_v3.0,b7534974aa564811c5ce4c57a0deb5e9ccfb9ba5cbc49739500c55b5dfa8a8e2,1000000,0,0,0,3017000,5235000,187000,338000,0
VEN_0089_3,PERF_0089,dentro_del_mvp,2026-06-30,2026-04-01,2026-06-30,acumulada_91_dias,91,85,92.9412,1500000,0,0,0,0,14246000,7110000,1617000,1847000,693000,1290000,5697019,-7048981,4125811,3938811,15746000,-12746000,12746000,12746000,90,0.0,-21180.6882,0.0,0.0,0.0,-0.0453,situacion_critica,calculado,alta,baja,evidencia_temporal_disponible,balance_negativo,ninguna_relevante_para_el_periodo,La ventana entre 2026-04-01 y 2026-06-30 muestra un balance de -12746000 COP y una cobertura estimada de 0.00 meses. Este resultado describe el periodo y no a la persona.,historia_controlada_recalculada_v2,train,deterioro_reciente,si,roadmap_14_mvp_estructurado_v3.0,fincoach_mvp_estructurado_v3.0,9ebac23e6eb54ea69d2f398f690e9bdf83e75a400fe13530d2d7e4eb1af587fe,1500000,0,0,0,4933000,9313000,187000,506000,0
VEN_0090_1,PERF_0090,dentro_del_mvp,2026-04-30,2026-04-01,2026-04-30,acumulada_30_dias,30,30,96.6667,4293000,0,0,0,0,7362000,3932000,515000,978000,885000,193000,1668744,-1400256,14791558,14442558,11655000,-3069000,3069000,3247000,25,0.0,0.0,0.0,0.0,0.0,-0.0236,situacion_critica,calculado,alta,baja,evidencia_temporal_disponible,balance_negativo,ninguna_relevante_para_el_periodo,La ventana entre 2026-04-01 y 2026-04-30 muestra un balance de -3069000 COP y una cobertura estimada de 0.00 meses. Este resultado describe el periodo y no a la persona.,historia_controlada_recalculada_v2,train,fragilidad_sostenida,si,roadmap_14_mvp_estructurado_v3.0,fincoach_mvp_estructurado_v3.0,e6b0c7919c613f453dc8f2aced2e70339ce642356e77ee6a032912368ca2089f,0,0,4293000,0,3499000,3863000,349000,536000,0
VEN_0090_2,PERF_0090,dentro_del_mvp,2026-05-31,2026-04-01,2026-05-31,acumulada_61_dias,61,52,98.0769,4293000,0,0,0,0,16758000,8466000,1146000,3656000,1226000,683000,1668744,-10796256,14791558,14442558,21051000,-12465000,12465000,12465000,56,0.0,-102044.2623,1.0,0.0,0.0,-0.0236,situacion_critica,calculado,alta,baja,evidencia_temporal_disponible,balance_negativo,motivo_de_periodos_sin_ingreso,La ventana entre 2026-04-01 y 2026-05-31 muestra un balance de -12465000 COP y una cobertura estimada de 0.00 meses. Este resultado describe el periodo y no a la persona.,historia_controlada_recalculada_v2,train,fragilidad_sostenida,si,roadmap_14_mvp_estructurado_v3.0,fincoach_mvp_estructurado_v3.0,6915bc708c42e5216470a5e08b545b8cdbbfb251de5ecf18d8e7c188f039cd3f,0,0,4293000,1,7254000,9504000,349000,877000,0
VEN_0090_3,PERF_0090,dentro_del_mvp,2026-06-30,2026-04-01,2026-06-30,acumulada_91_dias,91,82,97.561,7455000,313000,0,0,0,26154000,15665000,1457000,3656000,2002000,683000,1668744,-16717256,14791558,14442558,33922000,-18386000,18386000,18386000,86,0.0,2300.3063,0.7311,0.0,0.0403,-0.0236,situacion_critica,calculado,alta,baja,evidencia_temporal_disponible,balance_negativo,motivo_de_periodos_sin_ingreso,La ventana entre 2026-04-01 y 2026-06-30 muestra un balance de -18386000 COP y una cobertura estimada de 0.00 meses. Este resultado describe el periodo y no a la persona.,historia_controlada_recalculada_v2,train,fragilidad_sostenida,si,roadmap_14_mvp_estructurado_v3.0,fincoach_mvp_estructurado_v3.0,da50207a9ab2088085d85f6ffb48b7ef02b84f0bd97f84d36b4248c60b1ff754,0,313000,7455000,1,12258000,13896000,349000,1653000,0
VEN_0091_1,PERF_0091,dentro_del_mvp,2026-04-30,2026-04-01,2026-04-30,acumulada_30_dias,30,31,93.5484,5597000,0,1055000,0,0,15822000,7437000,1047000,2587000,2465000,609000,815972,-8354028,12533015,12946015,21419000,-10225000,10225000,12371000,28,0.0,0.0,0.0,0.0,0.1586,0.033,situacion_critica,calculado,alta,baja,evidencia_temporal_disponible,balance_negativo,ninguna_relevante_para_el_periodo,La ventana entre 2026-04-01 y 2026-04-30 muestra un balance de -10225000 COP y una cobertura estimada de 0.00 meses. Este resultado describe el periodo y no a la persona.,historia_controlada_recalculada_v2,validation,situacion_critica,si,roadmap_14_mvp_estructurado_v3.0,fincoach_mvp_estructurado_v3.0,1ff29221f35c1534d9f6f5db08558cfb08529abdaf4a8af8ef7963e6b69cc8ac,5085000,1567000,0,0,8908000,6914000,642000,1823000,1055000
VEN_0091_2,PERF_0091,dentro_del_mvp,2026-05-31,2026-04-01,2026-05-31,acumulada_61_dias,61,62,93.5484,9843000,838000,2989000,0,0,35802000,18432000,2342000,8303000,3162000,609000,815972,-21316028,12533015,14183015,46483000,-25121000,25121000,22531000,59,0.0,-70986.3388,0.1373,0.0,0.28,0.1317,situacion_critica,calculado,alta,baja,evidencia_temporal_disponible,balance_negativo,ninguna_relevante_para_el_periodo,La ventana entre 2026-04-01 y 2026-05-31 muestra un balance de -25121000 COP y una cobertura estimada de 0.00 meses. Este resultado describe el periodo y no a la persona.,historia_controlada_recalculada_v2,validation,situacion_critica,si,roadmap_14_mvp_estructurado_v3.0,fincoach_mvp_estructurado_v3.0,d3642490ccb0ae349657d4b94788a4a7db4afcc1655a8d843dd42335b252f0d4,11265000,2405000,0,0,21948000,13854000,1339000,1823000,2989000
VEN_0091_3,PERF_0091,dentro_del_mvp,2026-06-30,2026-04-01,2026-06-30,acumulada_91_dias,91,93,93.5484,13597000,838000,4923000,0,0,55782000,27996000,3237000,9396000,6750000,1679000,815972,-35608028,12533015,15166015,70217000,-41347000,41347000,36857000,89,0.0,-42542.9652,0.1719,0.0,0.2976,0.2101,situacion_critica,calculado,alta,baja,evidencia_temporal_disponible,balance_negativo,ninguna_relevante_para_el_periodo,La ventana entre 2026-04-01 y 2026-06-30 muestra un balance de -41347000 COP y una cobertura estimada de 0.00 meses. Este resultado describe el periodo y no a la persona.,historia_controlada_recalculada_v2,validation,situacion_critica,si,roadmap_14_mvp_estructurado_v3.0,fincoach_mvp_estructurado_v3.0,1eca25e8cd6e3f9dbbf173862efc1c87357c05a196f6187a4ab1ec9785863f1e,15842000,3516000,0,0,33072000,22710000,2290000,4460000,4923000
VEN_0092_1,PERF_0092,dentro_del_mvp,2026-04-30,2026-04-01,2026-04-30,acumulada_30_dias,30,34,97.0588,4736000,322000,0,0,0,3017000,1648000,275000,0,287000,0,6667705,8708705,1054709,1054709,8075000,2041000,0,930000,9,0.981,0.0,0.0,5.2844,0.0637,0.0,acumulacion_estable,calculado,alta,baja,balance_no_negativo,sin_factor_dominante,ninguna_relevante_para_el_periodo,La ventana entre 2026-04-01 y 2026-04-30 muestra un balance de 2041000 COP y una cobertura estimada de 5.28 meses. Este resultado describe el periodo y no a la persona.,historia_controlada_recalculada_v2,test,acumulacion_estable,si,roadmap_14_mvp_estructurado_v3.0,fincoach_mvp_estructurado_v3.0,ef6c31c8dc0cd68df9108d4173afbb858afbb264444e2a4df750935cd52b2436,4736000,322000,0,0,1824000,1193000,0,287000,0
VEN_0092_2,PERF_0092,dentro_del_mvp,2026-05-31,2026-04-01,2026-05-31,acumulada_61_dias,61,67,97.0149,10025000,322000,0,0,0,6034000,2776000,414000,1151000,287000,207000,6667705,10980705,1054709,1054709,16381000,4313000,0,1741000,0,1.0,2671.5847,0.0552,7.9112,0.0311,0.0,acumulacion_estable,calculado,alta,baja,balance_no_negativo,sin_factor_dominante,ninguna_relevante_para_el_periodo,La ventana entre 2026-04-01 y 2026-05-31 muestra un balance de 4313000 COP y una cobertura estimada de 7.91 meses. Este resultado describe el periodo y no a la persona.,historia_controlada_recalculada_v2,test,acumulacion_estable,si,roadmap_14_mvp_estructurado_v3.0,fincoach_mvp_estructurado_v3.0,417008e841e048be1c77541f5e37fad61482500383e498bf54867f2eeb9c9f31,8471000,1876000,0,0,3346000,2688000,0,287000,0
VEN_0092_3,PERF_0092,dentro_del_mvp,2026-06-30,2026-04-01,2026-06-30,acumulada_91_dias,91,100,98.0,14628000,723000,0,0,0,9051000,4441000,630000,1545000,360000,427000,6667705,12967705,1054709,1054709,24402000,6300000,0,1741000,0,1.0,-1474.1488,0.0609,8.76,0.0471,0.0,acumulacion_estable,calculado,alta,baja,balance_no_negativo,sin_factor_dominante,ninguna_relevante_para_el_periodo,La ventana entre 2026-04-01 y 2026-06-30 muestra un balance de 6300000 COP y una cobertura estimada de 8.76 meses. Este resultado describe el periodo y no a la persona.,historia_controlada_recalculada_v2,test,acumulacion_estable,si,roadmap_14_mvp_estructurado_v3.0,fincoach_mvp_estructurado_v3.0,5a933a4a73d47e238e01e4bbcbbd1dfe2a7530d24257f15ba660e1316774eb06,13074000,2277000,0,0,4737000,4314000,0,360000,0
VEN_0093_1,PERF_0093,dentro_del_mvp,2026-04-30,2026-04-01,2026-04-30,acumulada_30_dias,30,21,95.2381,500000,0,0,0,0,3388000,1959000,550000,185000,0,89000,6683962,3795962,0,0,3888000,-2888000,2888000,2888000,29,0.5679,0.0,0.0,1.9377,0.0,0.0,uso_planificado_reserva,calculado,alta,baja,evidencia_temporal_disponible,balance_negativo,ninguna_relevante_para_el_periodo,La ventana entre 2026-04-01 y 2026-04-30 muestra un balance de -2888000 COP y una cobertura estimada de 1.94 meses. Este resultado describe el periodo y no a la persona.,historia_controlada_recalculada_v2,train,equilibrio_sostenible,si,roadmap_14_mvp_estructurado_v3.0,fincoach_mvp_estructurado_v3.0,f0fced74d33523b5fd2cd525d159244e7bbd003d0e79d5eb1f4e7412691fa3b0,500000,0,0,0,1752000,1636000,0,0,0
VEN_0093_2,PERF_0093,dentro_del_mvp,2026-05-31,2026-04-01,2026-05-31,acumulada_61_dias,61,41,92.6829,1000000,0,0,50000,0,6776000,4371000,925000,524000,0,89000,6683962,957962,0,0,7776000,-5776000,5776000,5726000,60,0.1433,1578.1421,0.0,0.4383,0.0,0.0,fragilidad_sostenida,calculado,alta,baja,evidencia_temporal_disponible,balance_negativo,ninguna_relevante_para_el_periodo,La ventana entre 2026-04-01 y 2026-05-31 muestra un balance de -5776000 COP y una cobertura estimada de 0.44 meses. Este resultado describe el periodo y no a la persona.,historia_controlada_recalculada_v2,train,equilibrio_sostenible,si,roadmap_14_mvp_estructurado_v3.0,fincoach_mvp_estructurado_v3.0,6098074a369dbc9c14bf0471df447ec3c3366741989a323294136011409d06a4,1000000,50000,0,0,3404000,3372000,0,0,0
VEN_0093_3,PERF_0093,dentro_del_mvp,2026-06-30,2026-04-01,2026-06-30,acumulada_91_dias,91,62,93.5484,1500000,0,0,140000,0,10164000,6348000,1154000,1153000,0,351000,6683962,-1840038,0,0,11664000,-8664000,8664000,8524000,90,0.0,-520.2666,0.0,0.0,0.0,0.0,situacion_critica,calculado,alta,baja,evidencia_temporal_disponible,balance_negativo,ninguna_relevante_para_el_periodo,La ventana entre 2026-04-01 y 2026-06-30 muestra un balance de -8664000 COP y una cobertura estimada de 0.00 meses. Este resultado describe el periodo y no a la persona.,historia_controlada_recalculada_v2,train,equilibrio_sostenible,si,roadmap_14_mvp_estructurado_v3.0,fincoach_mvp_estructurado_v3.0,9793228044ca4a07f64c2ada8c2c1b9de810c468817962f382fabafea41327c6,1500000,140000,0,0,4958000,5206000,0,0,0
VEN_0094_1,PERF_0094,dentro_del_mvp,2026-04-30,2026-04-01,2026-04-30,acumulada_30_dias,30,20,100.0,0,500000,0,250000,0,4845000,2929000,467000,1117000,0,214000,9990222,5895222,5522105,5522105,5345000,-4345000,4345000,4095000,28,0.5901,0.0,0.0,2.0127,0.6667,0.0,uso_planificado_reserva,calculado,alta,baja,evidencia_temporal_disponible,balance_negativo,motivo_de_periodos_sin_ingreso,La ventana entre 2026-04-01 y 2026-04-30 muestra un balance de -4345000 COP y una cobertura estimada de 2.01 meses. Este resultado describe el periodo y no a la persona.,historia_controlada_recalculada_v2,train,variable_resiliente,si,roadmap_14_mvp_estructurado_v3.0,fincoach_mvp_estructurado_v3.0,ec07204e3df6da727ca93fdd8ae7528d0f4d5e474f48ca84718169f2d6e2c4de,500000,250000,0,1,2147000,2698000,0,0,0
VEN_0094_2,PERF_0094,dentro_del_mvp,2026-05-31,2026-04-01,2026-05-31,acumulada_61_dias,61,42,95.2381,0,1000000,0,250000,0,8231000,4762000,767000,1550000,303000,446000,9990222,3009222,5522105,5522105,9231000,-7231000,7231000,6981000,59,0.3012,26292.3497,0.0,1.2638,0.8,0.0,fragilidad_sostenida,calculado,alta,baja,evidencia_temporal_disponible,balance_negativo,motivo_de_periodos_sin_ingreso,La ventana entre 2026-04-01 y 2026-05-31 muestra un balance de -7231000 COP y una cobertura estimada de 1.26 meses. Este resultado describe el periodo y no a la persona.,historia_controlada_recalculada_v2,train,variable_resiliente,si,roadmap_14_mvp_estructurado_v3.0,fincoach_mvp_estructurado_v3.0,6737d86cae83fe25fcdc3b06db458bc962b92177860a31995d398967e6b49667,1000000,250000,0,2,4095000,4136000,0,303000,0
VEN_0094_3,PERF_0094,dentro_del_mvp,2026-06-30,2026-04-01,2026-06-30,acumulada_91_dias,91,63,95.2381,0,1500000,0,320000,0,14721000,9614000,1070000,1550000,612000,723000,9990222,-2910778,5522105,5522105,16221000,-13221000,13221000,12901000,89,0.0,-26744.7307,0.0,0.0,0.8242,0.0,situacion_critica,calculado,alta,baja,evidencia_temporal_disponible,balance_negativo,motivo_de_periodos_sin_ingreso,La ventana entre 2026-04-01 y 2026-06-30 muestra un balance de -13221000 COP y una cobertura estimada de 0.00 meses. Este resultado describe el periodo y no a la persona.,historia_controlada_recalculada_v2,train,variable_resiliente,si,roadmap_14_mvp_estructurado_v3.0,fincoach_mvp_estructurado_v3.0,dc50e62185ce661e8b8ce594bbf2f164790286f71f0fc7e23ca03338d177880d,1500000,320000,0,3,7981000,6740000,0,612000,0
VEN_0095_1,PERF_0095,dentro_del_mvp,2026-04-30,2026-04-01,2026-04-30,acumulada_30_dias,30,27,92.5926,0,0,0,250000,0,1467000,575000,135000,497000,0,0,6174519,4957519,0,0,1467000,-1467000,1467000,1254000,25,0.8029,0.0,0.0,8.6218,0.0,0.0,uso_planificado_reserva,calculado,alta,baja,evidencia_temporal_disponible,balance_negativo,motivo_de_periodos_sin_ingreso,La ventana entre 2026-04-01 y 2026-04-30 muestra un balance de -1467000 COP y una cobertura estimada de 8.62 meses. Este resultado describe el periodo y no a la persona.,historia_controlada_recalculada_v2,test,uso_planificado_reserva,si,roadmap_14_mvp_estructurado_v3.0,fincoach_mvp_estructurado_v3.0,42d092d8515b83e5531075a9a88dbf008060c4e0d82344fe14c7a47092905621,250000,0,0,1,430000,1037000,0,0,0
VEN_0095_2,PERF_0095,dentro_del_mvp,2026-05-31,2026-04-01,2026-05-31,acumulada_61_dias,61,51,88.2353,0,0,0,470000,0,5325000,2597000,234000,1526000,0,430000,6174519,1319519,0,0,5325000,-5325000,5325000,4855000,56,0.2137,-38395.082,0.0,1.0162,0.0,0.0,fragilidad_sostenida,calculado,alta,media,evidencia_temporal_disponible,balance_negativo,motivo_de_periodos_sin_ingreso,La ventana entre 2026-04-01 y 2026-05-31 muestra un balance de -5325000 COP y una cobertura estimada de 1.02 meses. Este resultado describe el periodo y no a la persona.,historia_controlada_recalculada_v2,test,uso_planificado_reserva,si,roadmap_14_mvp_estructurado_v3.0,fincoach_mvp_estructurado_v3.0,8e465e24c2f659b0118a4ab17b728d56da10fd6f354a7a52dd32f5b191c3ef16,470000,0,0,2,1872000,3453000,0,0,0
VEN_0095_3,PERF_0095,dentro_del_mvp,2026-06-30,2026-04-01,2026-06-30,acumulada_91_dias,91,75,92.0,0,0,0,470000,0,9183000,5181000,413000,2190000,0,640000,6174519,-2538481,0,0,9183000,-9183000,9183000,8713000,86,0.0,-13617.0059,0.0,0.0,0.0,0.0,situacion_critica,calculado,alta,baja,evidencia_temporal_disponible,balance_negativo,motivo_de_periodos_sin_ingreso,La ventana entre 2026-04-01 y 2026-06-30 muestra un balance de -9183000 COP y una cobertura estimada de 0.00 meses. Este resultado describe el periodo y no a la persona.,historia_controlada_recalculada_v2,test,uso_planificado_reserva,si,roadmap_14_mvp_estructurado_v3.0,fincoach_mvp_estructurado_v3.0,f334170f53a6fa16bdd457775469f3fe0098853333d9013e2ca9f1f6e01be553,470000,0,0,3,4158000,5025000,0,0,0
VEN_0096_1,PERF_0096,dentro_del_mvp,2026-04-30,2026-04-01,2026-04-30,acumulada_30_dias,30,32,90.625,730000,0,980000,0,0,2835000,1752000,250000,312000,0,61000,1172161,47161,1808744,2788744,3565000,-2105000,2105000,2105000,29,0.0402,0.0,0.0,0.0269,0.5731,0.5418,situacion_critica,calculado,alta,baja,evidencia_temporal_disponible,balance_negativo,ninguna_relevante_para_el_periodo,La ventana entre 2026-04-01 y 2026-04-30 muestra un balance de -2105000 COP y una cobertura estimada de 0.03 meses. Este resultado describe el periodo y no a la persona.,historia_controlada_recalculada_v2,train,deterioro_reciente,si,roadmap_14_mvp_estructurado_v3.0,fincoach_mvp_estructurado_v3.0,9967cbcf71b46a15764d8bdda2b55f1b63e75918711e695160ffe74de0432a76,730000,980000,0,0,1327000,1508000,0,0,980000
VEN_0096_2,PERF_0096,dentro_del_mvp,2026-05-31,2026-04-01,2026-05-31,acumulada_61_dias,61,64,93.75,3474000,0,980000,0,0,5670000,3538000,492000,781000,0,146000,1172161,-43839,1808744,2788744,9144000,-2196000,2196000,2503000,60,0.0,34166.6667,0.5797,0.0,0.22,0.5418,situacion_critica,calculado,alta,baja,evidencia_temporal_disponible,balance_negativo,ninguna_relevante_para_el_periodo,La ventana entre 2026-04-01 y 2026-05-31 muestra un balance de -2196000 COP y una cobertura estimada de 0.00 meses. Este resultado describe el periodo y no a la persona.,historia_controlada_recalculada_v2,train,deterioro_reciente,si,roadmap_14_mvp_estructurado_v3.0,fincoach_mvp_estructurado_v3.0,30c49ba2d7e929f2beeb445f13e931da0941e31e6b92a6425e5a6f762414dbc9,3474000,980000,0,0,2726000,2944000,0,0,980000
VEN_0096_3,PERF_0096,dentro_del_mvp,2026-06-30,2026-04-01,2026-06-30,acumulada_91_dias,91,97,93.8144,6630000,0,1957000,0,0,9788000,6122000,1023000,1254000,243000,255000,1172161,-28839,1808744,3522744,16418000,-3158000,3158000,2503000,90,0.0,1296.7033,0.4796,0.0,0.2279,0.9476,situacion_critica,calculado,alta,baja,evidencia_temporal_disponible,balance_negativo,ninguna_relevante_para_el_periodo,La ventana entre 2026-04-01 y 2026-06-30 muestra un balance de -3158000 COP y una cobertura estimada de 0.00 meses. Este resultado describe el periodo y no a la persona.,historia_controlada_recalculada_v2,train,deterioro_reciente,si,roadmap_14_mvp_estructurado_v3.0,fincoach_mvp_estructurado_v3.0,f5c87304c27192f6232bfde7688ce09b3dad79f264d3fdd150a71a5bf7e112b4,6630000,1957000,0,0,4388000,5400000,243000,0,1957000
VEN_0097_1,PERF_0097,dentro_del_mvp,2026-04-30,2026-04-01,2026-04-30,acumulada_30_dias,30,30,100.0,5987000,0,0,0,0,11395000,7077000,716000,1549000,561000,765000,1716825,-3691175,21518542,21518542,17382000,-5408000,5408000,5628000,29,0.0,0.0,0.0,0.0,0.0,0.0,situacion_critica,calculado,alta,baja,evidencia_temporal_disponible,balance_negativo,ninguna_relevante_para_el_periodo,La ventana entre 2026-04-01 y 2026-04-30 muestra un balance de -5408000 COP y una cobertura estimada de 0.00 meses. Este resultado describe el periodo y no a la persona.,historia_controlada_recalculada_v2,test,fragilidad_sostenida,si,roadmap_14_mvp_estructurado_v3.0,fincoach_mvp_estructurado_v3.0,95db10fc54142721556d8fbf455eee8d7e79b07a088f9bb30385c34d7bcbbaec,0,0,5987000,0,6047000,5348000,0,561000,0
VEN_0097_2,PERF_0097,dentro_del_mvp,2026-05-31,2026-04-01,2026-05-31,acumulada_61_dias,61,55,100.0,5987000,0,2820000,0,0,25939000,15516000,2117000,3268000,1391000,1817000,1716825,-15415175,21518542,23508542,31926000,-19952000,19952000,17132000,60,0.0,-146815.3005,1.0,0.0,0.3202,0.0925,situacion_critica,calculado,alta,baja,evidencia_temporal_disponible,balance_negativo,motivo_de_periodos_sin_ingreso,La ventana entre 2026-04-01 y 2026-05-31 muestra un balance de -19952000 COP y una cobertura estimada de 0.00 meses. Este resultado describe el periodo y no a la persona.,historia_controlada_recalculada_v2,test,fragilidad_sostenida,si,roadmap_14_mvp_estructurado_v3.0,fincoach_mvp_estructurado_v3.0,f45c3550f4f36b537176c7de0abed8db73f344b78ca136e8ce0af449fee7b93a,970000,1850000,5987000,1,13090000,12849000,830000,561000,2820000
VEN_0097_3,PERF_0097,dentro_del_mvp,2026-06-30,2026-04-01,2026-06-30,acumulada_91_dias,91,85,100.0,11204000,0,3790000,0,0,40483000,22796000,4416000,5813000,1391000,1989000,1716825,-23772175,21518542,24478542,51687000,-29279000,29279000,29280000,90,0.0,5334.7145,0.7121,0.0,0.2528,0.1376,situacion_critica,calculado,alta,baja,evidencia_temporal_disponible,balance_negativo,motivo_de_periodos_sin_ingreso,La ventana entre 2026-04-01 y 2026-06-30 muestra un balance de -29279000 COP y una cobertura estimada de 0.00 meses. Este resultado describe el periodo y no a la persona.,historia_controlada_recalculada_v2,test,fragilidad_sostenida,si,roadmap_14_mvp_estructurado_v3.0,fincoach_mvp_estructurado_v3.0,ee428f16e9f1543c618be59f1a21c07dc9e96b76f7d52f0562b71cf54decc634,1940000,1850000,11204000,1,18688000,21795000,830000,561000,3790000
VEN_0098_1,PERF_0098,dentro_del_mvp,2026-04-30,2026-04-01,2026-04-30,acumulada_30_dias,30,32,96.875,2210000,0,590000,230000,119000,8856000,5225000,965000,700000,243000,330000,1058921,-4648079,7375645,7965645,11066000,-6646000,6646000,5826000,29,0.0,0.0,0.0,0.0,0.2252,0.08,situacion_critica,calculado,alta,baja,evidencia_temporal_disponible,balance_negativo,ninguna_relevante_para_el_periodo,La ventana entre 2026-04-01 y 2026-04-30 muestra un balance de -6646000 COP y una cobertura estimada de 0.00 meses. Este resultado describe el periodo y no a la persona.,historia_controlada_recalculada_v2,test,situacion_critica,si,roadmap_14_mvp_estructurado_v3.0,fincoach_mvp_estructurado_v3.0,a16565976565d02e38c5d29e232f7178ef5b378f2d766d2872bfbbbc96a16ef5,3030000,119000,0,0,3685000,5171000,0,243000,590000
VEN_0098_2,PERF_0098,dentro_del_mvp,2026-05-31,2026-04-01,2026-05-31,acumulada_61_dias,61,64,95.3125,4420000,0,1672000,230000,119000,20040000,10243000,2252000,4515000,243000,330000,1058921,-12540079,7375645,9047645,24460000,-15620000,15620000,13599000,60,0.0,-34532.2404,0.0,0.0,0.2781,0.2267,situacion_critica,calculado,alta,baja,evidencia_temporal_disponible,balance_negativo,ninguna_relevante_para_el_periodo,La ventana entre 2026-04-01 y 2026-05-31 muestra un balance de -15620000 COP y una cobertura estimada de 0.00 meses. Este resultado describe el periodo y no a la persona.,historia_controlada_recalculada_v2,test,situacion_critica,si,roadmap_14_mvp_estructurado_v3.0,fincoach_mvp_estructurado_v3.0,44a844345e69eaf6b15a7abb52383bd3b23ebf0807113d955bf1860b1a61e32b,6322000,119000,0,0,7872000,12168000,0,243000,1672000
VEN_0098_3,PERF_0098,dentro_del_mvp,2026-06-30,2026-04-01,2026-06-30,acumulada_91_dias,91,95,96.8421,6630000,0,2754000,280000,413000,31224000,16296000,3298000,6338000,1409000,666000,1058921,-20088079,7375645,9325645,37854000,-24594000,24594000,21629000,90,0.0,-14198.1625,0.0,0.0,0.3143,0.2644,situacion_critica,calculado,alta,baja,evidencia_temporal_disponible,balance_negativo,ninguna_relevante_para_el_periodo,La ventana entre 2026-04-01 y 2026-06-30 muestra un balance de -24594000 COP y una cobertura estimada de 0.00 meses. Este resultado describe el periodo y no a la persona.,historia_controlada_recalculada_v2,test,situacion_critica,si,roadmap_14_mvp_estructurado_v3.0,fincoach_mvp_estructurado_v3.0,31d2942c67a05455178fb2a4494fb043eb3fb88f2a50a062ddc7b606fdb4130f,9664000,413000,0,0,12002000,19222000,804000,605000,2754000
VEN_0099_1,PERF_0099,dentro_del_mvp,2026-04-30,2026-04-01,2026-04-30,acumulada_30_dias,30,32,96.875,4997000,0,0,0,0,2896000,1195000,64000,815000,72000,515000,1288258,3389258,3826816,3754816,7893000,2101000,0,1148000,19,0.8345,0.0,0.0,2.8362,0.0,-0.0188,equilibrio_sostenible,calculado,alta,baja,balance_no_negativo,sin_factor_dominante,ninguna_relevante_para_el_periodo,La ventana entre 2026-04-01 y 2026-04-30 muestra un balance de 2101000 COP y una cobertura estimada de 2.84 meses. Este resultado describe el periodo y no a la persona.,historia_controlada_recalculada_v2,train,acumulacion_estable,si,roadmap_14_mvp_estructurado_v3.0,fincoach_mvp_estructurado_v3.0,82e8801bd60af8eb9ee7aa507a9797eeedfa4c08c544da7d1330e0ae31666de9,4997000,0,0,0,1175000,1721000,72000,0,0
VEN_0099_2,PERF_0099,dentro_del_mvp,2026-05-31,2026-04-01,2026-05-31,acumulada_61_dias,61,64,96.875,9383000,0,0,0,262000,5792000,2432000,327000,1888000,156000,515000,1288258,5141258,3826816,3670816,15175000,3591000,0,1323000,7,0.92,-11164.4809,0.0651,4.228,0.0272,-0.0408,acumulacion_estable,calculado,alta,baja,balance_no_negativo,sin_factor_dominante,ninguna_relevante_para_el_periodo,La ventana entre 2026-04-01 y 2026-05-31 muestra un balance de 3591000 COP y una cobertura estimada de 4.23 meses. Este resultado describe el periodo y no a la persona.,historia_controlada_recalculada_v2,train,acumulacion_estable,si,roadmap_14_mvp_estructurado_v3.0,fincoach_mvp_estructurado_v3.0,219607af8025782e98497f2c4f0b7e2e44f646202dfb8abe4a538c46f9dfaafb,8016000,1629000,0,0,2249000,3543000,156000,0,0
VEN_0099_3,PERF_0099,dentro_del_mvp,2026-06-30,2026-04-01,2026-06-30,acumulada_91_dias,91,96,97.9167,13957000,0,0,0,262000,8688000,3847000,641000,2331000,340000,856000,1288258,6819258,3826816,3544816,22645000,5269000,0,2195000,2,0.9907,-967.7536,0.0549,5.3179,0.0184,-0.0737,acumulacion_estable,calculado,alta,baja,balance_no_negativo,sin_factor_dominante,ninguna_relevante_para_el_periodo,La ventana entre 2026-04-01 y 2026-06-30 muestra un balance de 5269000 COP y una cobertura estimada de 5.32 meses. Este resultado describe el periodo y no a la persona.,historia_controlada_recalculada_v2,train,acumulacion_estable,si,roadmap_14_mvp_estructurado_v3.0,fincoach_mvp_estructurado_v3.0,327953eff622ba4e2e91727cc428d8c6d04517ddc7ccdf91f628dda6c80b1791,12590000,1629000,0,0,3518000,5170000,282000,58000,0
VEN_0100_1,PERF_0100,dentro_del_mvp,2026-04-30,2026-04-01,2026-04-30,acumulada_30_dias,30,25,100.0,500000,0,0,70000,258000,2350000,1063000,151000,639000,188000,148000,1353689,-168311,796025,796025,2850000,-1850000,1850000,1618000,27,0.0,0.0,0.0,0.0,0.3116,0.0,situacion_critica,calculado,alta,baja,evidencia_temporal_disponible,balance_negativo,ninguna_relevante_para_el_periodo,La ventana entre 2026-04-01 y 2026-04-30 muestra un balance de -1850000 COP y una cobertura estimada de 0.00 meses. Este resultado describe el periodo y no a la persona.,historia_controlada_recalculada_v2,train,equilibrio_sostenible,si,roadmap_14_mvp_estructurado_v3.0,fincoach_mvp_estructurado_v3.0,5b8d3ebccf8a627fb5078ca1eb599bd4691ce17e336fce7ec91ff620f0020ddb,500000,328000,0,0,1066000,1284000,0,188000,0
VEN_0100_2,PERF_0100,dentro_del_mvp,2026-05-31,2026-04-01,2026-05-31,acumulada_61_dias,61,55,98.1818,1000000,0,0,70000,258000,4700000,2210000,310000,1094000,431000,356000,1353689,-2018311,796025,553025,5700000,-3700000,3700000,3372000,58,0.0,1010.929,0.0,0.0,0.1943,-0.3053,situacion_critica,calculado,alta,baja,evidencia_temporal_disponible,balance_negativo,ninguna_relevante_para_el_periodo,La ventana entre 2026-04-01 y 2026-05-31 muestra un balance de -3700000 COP y una cobertura estimada de 0.00 meses. Este resultado describe el periodo y no a la persona.,historia_controlada_recalculada_v2,train,equilibrio_sostenible,si,roadmap_14_mvp_estructurado_v3.0,fincoach_mvp_estructurado_v3.0,e3a5d2bad52f7f5cfaef8805163c2d01624f99507887167d03d812494df02df4,1000000,328000,0,0,2137000,2563000,243000,188000,0
VEN_0100_3,PERF_0100,dentro_del_mvp,2026-06-30,2026-04-01,2026-06-30,acumulada_91_dias,91,84,96.4286,1500000,0,0,350000,258000,7050000,3906000,521000,1094000,627000,400000,1353689,-3588311,796025,454025,8550000,-5550000,5550000,4942000,88,0.0,-333.2733,0.0,0.0,0.1224,-0.4296,situacion_critica,calculado,alta,baja,evidencia_temporal_disponible,balance_negativo,ninguna_relevante_para_el_periodo,La ventana entre 2026-04-01 y 2026-06-30 muestra un balance de -5550000 COP y una cobertura estimada de 0.00 meses. Este resultado describe el periodo y no a la persona.,historia_controlada_recalculada_v2,train,equilibrio_sostenible,si,roadmap_14_mvp_estructurado_v3.0,fincoach_mvp_estructurado_v3.0,13d8031997acfc96b7f8ec8934bc32f8b10d60cb084a1cdd104b9f9af133322f,1500000,608000,0,0,3562000,3488000,342000,285000,0
VEN_0101_1,PERF_0101,dentro_del_mvp,2026-04-30,2026-04-01,2026-04-30,acumulada_30_dias,30,22,90.9091,0,0,0,0,0,7942000,3299000,759000,1791000,0,918000,7704798,-237202,0,0,7942000,-7942000,7942000,7942000,27,0.0,0.0,0.0,0.0,0.0,0.0,situacion_critica,calculado,alta,baja,evidencia_temporal_disponible,balance_negativo,motivo_de_periodos_sin_ingreso,La ventana entre 2026-04-01 y 2026-04-30 muestra un balance de -7942000 COP y una cobertura estimada de 0.00 meses. Este resultado describe el periodo y no a la persona.,historia_controlada_recalculada_v2,train,variable_resiliente,si,roadmap_14_mvp_estructurado_v3.0,fincoach_mvp_estructurado_v3.0,1a2b2b116745e2bfa090b761991074e6fbb044279d49debefcd1b56c394cac93,0,0,0,1,3299000,4643000,0,0,0
VEN_0101_2,PERF_0101,dentro_del_mvp,2026-05-31,2026-04-01,2026-05-31,acumulada_61_dias,61,46,93.4783,0,0,0,0,0,18580000,8904000,2045000,4087000,0,1403000,7704798,-10875202,0,0,18580000,-18580000,18580000,18580000,58,0.0,-39856.8306,0.0,0.0,0.0,0.0,situacion_critica,calculado,alta,baja,evidencia_temporal_disponible,balance_negativo,motivo_de_periodos_sin_ingreso,La ventana entre 2026-04-01 y 2026-05-31 muestra un balance de -18580000 COP y una cobertura estimada de 0.00 meses. Este resultado describe el periodo y no a la persona.,historia_controlada_recalculada_v2,train,variable_resiliente,si,roadmap_14_mvp_estructurado_v3.0,fincoach_mvp_estructurado_v3.0,1c51703fd8d613ab65d181bb783a46cbd71126475230005ed341e50e41ffd011,0,0,0,2,9358000,9222000,0,0,0
VEN_0101_3,PERF_0101,dentro_del_mvp,2026-06-30,2026-04-01,2026-06-30,acumulada_91_dias,91,67,91.0448,0,0,0,240000,0,24130000,12564000,2267000,5127000,0,1612000,7704798,-16185202,0,0,24130000,-24130000,24130000,23890000,88,0.0,39425.3288,0.0,0.0,0.0,0.0,situacion_critica,calculado,alta,baja,evidencia_temporal_disponible,balance_negativo,motivo_de_periodos_sin_ingreso,La ventana entre 2026-04-01 y 2026-06-30 muestra un balance de -24130000 COP y una cobertura estimada de 0.00 meses. Este resultado describe el periodo y no a la persona.,historia_controlada_recalculada_v2,train,variable_resiliente,si,roadmap_14_mvp_estructurado_v3.0,fincoach_mvp_estructurado_v3.0,c6e53b92d69b0783f39128be687af5b5d4026f9361877daefc70e3c0d075109c,0,240000,0,3,12395000,11735000,0,0,0
VEN_0102_1,PERF_0102,dentro_del_mvp,2026-04-30,2026-04-01,2026-04-30,acumulada_30_dias,30,33,90.9091,8331000,0,0,210000,0,4492000,3356000,265000,202000,168000,0,19991553,24040553,3927922,3927922,12823000,3839000,0,1093000,0,1.0,0.0,0.0,7.1635,0.0,0.0,acumulacion_estable,calculado,alta,baja,balance_no_negativo,sin_factor_dominante,ninguna_relevante_para_el_periodo,La ventana entre 2026-04-01 y 2026-04-30 muestra un balance de 3839000 COP y una cobertura estimada de 7.16 meses. Este resultado describe el periodo y no a la persona.,historia_controlada_recalculada_v2,validation,uso_planificado_reserva,si,roadmap_14_mvp_estructurado_v3.0,fincoach_mvp_estructurado_v3.0,2450e81b67fc3aacb3d8eaef1ead22ff44e58993033d57a10f9adfd50f59945e,7959000,582000,0,0,2382000,2110000,0,168000,0
VEN_0102_2,PERF_0102,dentro_del_mvp,2026-05-31,2026-04-01,2026-05-31,acumulada_61_dias,61,66,93.9394,12895000,0,0,210000,0,16304000,11037000,1214000,948000,987000,175000,19991553,16792553,3927922,3670922,29199000,-3409000,3409000,9543000,31,0.6985,-183851.9126,0.2921,3.043,0.0,-0.0654,deterioro_reciente,calculado,alta,baja,evidencia_temporal_disponible,balance_negativo,ninguna_relevante_para_el_periodo,La ventana entre 2026-04-01 y 2026-05-31 muestra un balance de -3409000 COP y una cobertura estimada de 3.04 meses. Este resultado describe el periodo y no a la persona.,historia_controlada_recalculada_v2,validation,uso_planificado_reserva,si,roadmap_14_mvp_estructurado_v3.0,fincoach_mvp_estructurado_v3.0,e42e5a1c175d1acad73bf78cd22fc8b1b7e4a9d77366c19d8074e113d8d9fea7,11421000,1684000,0,0,8382000,7922000,257000,730000,0
VEN_0102_3,PERF_0102,dentro_del_mvp,2026-06-30,2026-04-01,2026-06-30,acumulada_91_dias,91,99,94.9495,18243000,0,0,430000,0,28116000,18002000,1836000,2474000,2196000,720000,19991553,10548553,3927922,3165922,46359000,-9873000,9873000,15480000,61,0.4388,-52609.2596,0.2669,1.7579,0.0,-0.194,deterioro_reciente,calculado,alta,baja,evidencia_temporal_disponible,balance_negativo,ninguna_relevante_para_el_periodo,La ventana entre 2026-04-01 y 2026-06-30 muestra un balance de -9873000 COP y una cobertura estimada de 1.76 meses. Este resultado describe el periodo y no a la persona.,historia_controlada_recalculada_v2,validation,uso_planificado_reserva,si,roadmap_14_mvp_estructurado_v3.0,fincoach_mvp_estructurado_v3.0,f9bc7b58cd779fd7232593929612423f725f965801c8626824257af50cdee8e0,16602000,2071000,0,0,15124000,12992000,762000,1434000,0
VEN_0103_1,PERF_0103,dentro_del_mvp,2026-04-30,2026-04-01,2026-04-30,acumulada_30_dias,30,31,93.5484,4930000,0,0,0,0,6515000,3808000,775000,1171000,0,127000,10264240,8679240,0,0,11445000,-1585000,1585000,4048000,28,0.8456,0.0,0.0,2.2792,0.0,0.0,uso_planificado_reserva,calculado,alta,baja,evidencia_temporal_disponible,balance_negativo,ninguna_relevante_para_el_periodo,La ventana entre 2026-04-01 y 2026-04-30 muestra un balance de -1585000 COP y una cobertura estimada de 2.28 meses. Este resultado describe el periodo y no a la persona.,historia_controlada_recalculada_v2,train,deterioro_reciente,si,roadmap_14_mvp_estructurado_v3.0,fincoach_mvp_estructurado_v3.0,9ee39485209b42cfc82b357bb7e6db4fee27ed75d73087b256baa1588de15642,4930000,0,0,0,2861000,3654000,0,0,0
VEN_0103_2,PERF_0103,dentro_del_mvp,2026-05-31,2026-04-01,2026-05-31,acumulada_61_dias,61,65,95.3846,13505000,0,0,0,0,13030000,8259000,775000,2876000,0,246000,10264240,10739240,0,0,26535000,475000,0,4048000,3,0.894,60620.2186,0.2699,2.6006,0.0,0.0,variable_resiliente,calculado,alta,baja,balance_no_negativo,sin_factor_dominante,ninguna_relevante_para_el_periodo,La ventana entre 2026-04-01 y 2026-05-31 muestra un balance de 475000 COP y una cobertura estimada de 2.60 meses. Este resultado describe el periodo y no a la persona.,historia_controlada_recalculada_v2,train,deterioro_reciente,si,roadmap_14_mvp_estructurado_v3.0,fincoach_mvp_estructurado_v3.0,38bf62667cd0144fc575c9997b15fb81ae1f369aceb592ccec8179aa02714393,13505000,0,0,0,5617000,7413000,0,0,0
VEN_0103_3,PERF_0103,dentro_del_mvp,2026-06-30,2026-04-01,2026-06-30,acumulada_91_dias,91,98,96.9388,19467000,0,0,0,0,22493000,13486000,995000,5143000,0,246000,10264240,7238240,0,0,41960000,-3026000,3026000,6879000,33,0.6026,-41039.6325,0.2364,1.6102,0.0,0.0,uso_planificado_reserva,calculado,alta,baja,evidencia_temporal_disponible,balance_negativo,ninguna_relevante_para_el_periodo,La ventana entre 2026-04-01 y 2026-06-30 muestra un balance de -3026000 COP y una cobertura estimada de 1.61 meses. Este resultado describe el periodo y no a la persona.,historia_controlada_recalculada_v2,train,deterioro_reciente,si,roadmap_14_mvp_estructurado_v3.0,fincoach_mvp_estructurado_v3.0,07fa65dd0ce874fc163df6fb56fe6cd61f0d1b52c6b0237979f9fc6a1ba76bb5,19467000,0,0,0,9464000,13029000,0,0,0
VEN_0104_1,PERF_0104,dentro_del_mvp,2026-04-30,2026-04-01,2026-04-30,acumulada_30_dias,30,28,92.8571,3593000,0,0,70000,0,6177000,4123000,0,0,1336000,0,381673,-2132327,15637176,15353176,9770000,-2584000,2584000,3990000,28,0.0,0.0,0.0,0.0,0.0,-0.0182,situacion_critica,calculado,alta,baja,evidencia_temporal_disponible,balance_negativo,ninguna_relevante_para_el_periodo,La ventana entre 2026-04-01 y 2026-04-30 muestra un balance de -2584000 COP y una cobertura estimada de 0.00 meses. Este resultado describe el periodo y no a la persona.,historia_controlada_recalculada_v2,train,fragilidad_sostenida,si,roadmap_14_mvp_estructurado_v3.0,fincoach_mvp_estructurado_v3.0,3d87317fb0774d5f3c9862ed590b31e745274406937ed021011dad34d06ecf51,3663000,0,0,0,4215000,1962000,284000,1052000,0
VEN_0104_2,PERF_0104,dentro_del_mvp,2026-05-31,2026-04-01,2026-05-31,acumulada_61_dias,61,59,94.9153,6519000,0,526000,70000,0,14061000,9661000,309000,780000,1762000,0,381673,-6564327,15637176,15453176,20580000,-7542000,7542000,6946000,59,0.0,-37506.0109,0.1023,0.0,0.0739,-0.0118,situacion_critica,calculado,alta,baja,evidencia_temporal_disponible,balance_negativo,ninguna_relevante_para_el_periodo,La ventana entre 2026-04-01 y 2026-05-31 muestra un balance de -7542000 COP y una cobertura estimada de 0.00 meses. Este resultado describe el periodo y no a la persona.,historia_controlada_recalculada_v2,train,fragilidad_sostenida,si,roadmap_14_mvp_estructurado_v3.0,fincoach_mvp_estructurado_v3.0,63b4577426360050161f87c37f5311b7134042585e70be538863e1a03ccf871c,6589000,526000,0,0,7097000,6964000,710000,1052000,526000
VEN_0104_3,PERF_0104,dentro_del_mvp,2026-06-30,2026-04-01,2026-06-30,acumulada_91_dias,91,90,96.6667,9871000,0,526000,190000,0,21945000,13961000,1664000,2016000,2210000,0,381673,-10976327,15637176,15005176,31816000,-12074000,12074000,11358000,89,0.0,-9041.9744,0.0838,0.0,0.0497,-0.0404,situacion_critica,calculado,alta,baja,evidencia_temporal_disponible,balance_negativo,ninguna_relevante_para_el_periodo,La ventana entre 2026-04-01 y 2026-06-30 muestra un balance de -12074000 COP y una cobertura estimada de 0.00 meses. Este resultado describe el periodo y no a la persona.,historia_controlada_recalculada_v2,train,fragilidad_sostenida,si,roadmap_14_mvp_estructurado_v3.0,fincoach_mvp_estructurado_v3.0,d60620f68aa0c3db0d0439e551b25c313ca44b40460cf229e4bb5ded7de9e193,10061000,526000,0,0,11266000,10679000,1158000,1052000,526000
VEN_0105_1,PERF_0105,dentro_del_mvp,2026-04-30,2026-04-01,2026-04-30,acumulada_30_dias,30,32,90.625,1739000,0,338000,0,0,5076000,3526000,647000,0,344000,0,222854,-2776146,5460188,5454188,6815000,-3337000,3337000,3614000,28,0.0,0.0,0.0,0.0,0.1627,-0.0011,situacion_critica,calculado,alta,baja,evidencia_temporal_disponible,balance_negativo,ninguna_relevante_para_el_periodo,La ventana entre 2026-04-01 y 2026-04-30 muestra un balance de -3337000 COP y una cobertura estimada de 0.00 meses. Este resultado describe el periodo y no a la persona.,historia_controlada_recalculada_v2,train,situacion_critica,si,roadmap_14_mvp_estructurado_v3.0,fincoach_mvp_estructurado_v3.0,c02cb7e939e6f6b2b7c45b01f53d5d9d1356b43595a067018deb2b503a11b2cd,338000,0,1739000,0,2651000,2425000,344000,0,338000
VEN_0105_2,PERF_0105,dentro_del_mvp,2026-05-31,2026-04-01,2026-05-31,acumulada_61_dias,61,58,93.1034,1739000,0,958000,0,0,11486000,6861000,1745000,1298000,550000,0,222854,-8566146,5460188,5868188,13225000,-9747000,9747000,8789000,59,0.0,-48553.5519,1.0,0.0,0.3552,0.0747,situacion_critica,calculado,alta,baja,evidencia_temporal_disponible,balance_negativo,motivo_de_periodos_sin_ingreso,La ventana entre 2026-04-01 y 2026-05-31 muestra un balance de -9747000 COP y una cobertura estimada de 0.00 meses. Este resultado describe el periodo y no a la persona.,historia_controlada_recalculada_v2,train,situacion_critica,si,roadmap_14_mvp_estructurado_v3.0,fincoach_mvp_estructurado_v3.0,178be6c3e142e459d1aa9fed2425ea6a065a31e23b344c83e15ff4e1778aab7a,958000,0,1739000,1,5239000,6247000,550000,0,958000
VEN_0105_3,PERF_0105,dentro_del_mvp,2026-06-30,2026-04-01,2026-06-30,acumulada_91_dias,91,90,92.2222,3107000,0,958000,0,0,17896000,9942000,2303000,2584000,1010000,314000,222854,-13608146,5460188,5408188,21003000,-14789000,14789000,14071000,89,0.0,-2729.5983,0.7221,0.0,0.2357,-0.0095,situacion_critica,calculado,alta,baja,evidencia_temporal_disponible,balance_negativo,motivo_de_periodos_sin_ingreso,La ventana entre 2026-04-01 y 2026-06-30 muestra un balance de -14789000 COP y una cobertura estimada de 0.00 meses. Este resultado describe el periodo y no a la persona.,historia_controlada_recalculada_v2,train,situacion_critica,si,roadmap_14_mvp_estructurado_v3.0,fincoach_mvp_estructurado_v3.0,c4c88cf2bba04c2949033b73e76066ed94f39609ce6f1a5c1658a5a62622e56b,958000,0,3107000,1,8133000,9763000,1010000,0,958000
VEN_0106_1,PERF_0106,dentro_del_mvp,2026-04-30,2026-04-01,2026-04-30,acumulada_30_dias,30,28,96.4286,8350000,0,0,0,0,6247000,5143000,273000,597000,0,0,4653013,6756013,8092850,8092850,14597000,2103000,0,3168000,4,0.9267,0.0,0.0,1.3136,0.0,0.0,equilibrio_sostenible,calculado,alta,baja,balance_no_negativo,sin_factor_dominante,ninguna_relevante_para_el_periodo,La ventana entre 2026-04-01 y 2026-04-30 muestra un balance de 2103000 COP y una cobertura estimada de 1.31 meses. Este resultado describe el periodo y no a la persona.,historia_controlada_recalculada_v2,train,acumulacion_estable,si,roadmap_14_mvp_estructurado_v3.0,fincoach_mvp_estructurado_v3.0,d5f2b7ba4e4312e6ffcd32767fe653d494b0f85156cdee4dd4798e64f0548bf0,8350000,0,0,0,3538000,2709000,0,0,0
VEN_0106_2,PERF_0106,dentro_del_mvp,2026-05-31,2026-04-01,2026-05-31,acumulada_61_dias,61,59,96.6102,19871000,0,0,0,0,12494000,9160000,891000,597000,703000,390000,4653013,12030013,8092850,7644850,32365000,7377000,0,3394000,4,0.9737,50834.4262,0.1596,2.6266,0.0,-0.0554,variable_resiliente,calculado,alta,baja,balance_no_negativo,sin_factor_dominante,ninguna_relevante_para_el_periodo,La ventana entre 2026-04-01 y 2026-05-31 muestra un balance de 7377000 COP y una cobertura estimada de 2.63 meses. Este resultado describe el periodo y no a la persona.,historia_controlada_recalculada_v2,train,acumulacion_estable,si,roadmap_14_mvp_estructurado_v3.0,fincoach_mvp_estructurado_v3.0,33688f79fe36567b4545beff26767c40403a5a4ddf3f48d592e9286c06e52ddb,19871000,0,0,0,7070000,5424000,448000,255000,0
VEN_0106_3,PERF_0106,dentro_del_mvp,2026-06-30,2026-04-01,2026-06-30,acumulada_91_dias,91,90,97.7778,30892000,0,0,0,0,18741000,12811000,1228000,1761000,990000,805000,4653013,16804013,8092850,7357850,49633000,12151000,0,3394000,0,1.0,12593.0463,0.1352,3.9351,0.0,-0.0908,acumulacion_estable,calculado,alta,baja,balance_no_negativo,sin_factor_dominante,ninguna_relevante_para_el_periodo,La ventana entre 2026-04-01 y 2026-06-30 muestra un balance de 12151000 COP y una cobertura estimada de 3.94 meses. Este resultado describe el periodo y no a la persona.,historia_controlada_recalculada_v2,train,acumulacion_estable,si,roadmap_14_mvp_estructurado_v3.0,fincoach_mvp_estructurado_v3.0,27714bd888b7fb3ae295c1df1c9da51abbf9443d3b5a81895cbfb1d1cc99f41a,30892000,0,0,0,10524000,8217000,735000,255000,0
VEN_0107_1,PERF_0107,dentro_del_mvp,2026-04-30,2026-04-01,2026-04-30,acumulada_30_dias,30,31,100.0,4874000,0,0,40000,0,4524000,2275000,484000,1269000,370000,0,6116237,6506237,8610757,8363757,9398000,350000,0,2032000,27,0.9877,0.0,0.0,2.8599,0.0,-0.0287,equilibrio_sostenible,calculado,alta,baja,balance_no_negativo,sin_factor_dominante,ninguna_relevante_para_el_periodo,La ventana entre 2026-04-01 y 2026-04-30 muestra un balance de 350000 COP y una cobertura estimada de 2.86 meses. Este resultado describe el periodo y no a la persona.,historia_controlada_recalculada_v2,train,equilibrio_sostenible,si,roadmap_14_mvp_estructurado_v3.0,fincoach_mvp_estructurado_v3.0,a3d2aa7cffdf4e699338144b53862967950183f59e62e8a1c6c6f9f4d5e259a3,4874000,40000,0,0,1983000,2541000,247000,123000,0
VEN_0107_2,PERF_0107,dentro_del_mvp,2026-05-31,2026-04-01,2026-05-31,acumulada_61_dias,61,62,100.0,9502000,0,0,40000,0,9048000,4658000,862000,1853000,1232000,0,6116237,6610237,8610757,7719757,18550000,454000,0,2280000,2,0.979,-4224.0437,0.0259,2.8382,0.0,-0.1035,equilibrio_sostenible,calculado,alta,baja,balance_no_negativo,sin_factor_dominante,ninguna_relevante_para_el_periodo,La ventana entre 2026-04-01 y 2026-05-31 muestra un balance de 454000 COP y una cobertura estimada de 2.84 meses. Este resultado describe el periodo y no a la persona.,historia_controlada_recalculada_v2,train,equilibrio_sostenible,si,roadmap_14_mvp_estructurado_v3.0,fincoach_mvp_estructurado_v3.0,6b8f993412daa6f6ad1334d230e2bac6137c79a4f4428b5410a270138fb2a0c1,9361000,181000,0,0,5035000,4013000,891000,341000,0
VEN_0107_3,PERF_0107,dentro_del_mvp,2026-06-30,2026-04-01,2026-06-30,acumulada_91_dias,91,93,100.0,14566000,0,0,40000,0,13572000,6946000,1197000,2710000,1345000,470000,6116237,7150237,8610757,7719757,28138000,994000,0,2280000,7,0.9054,3480.454,0.0368,3.0882,0.0,-0.1035,acumulacion_estable,calculado,alta,baja,balance_no_negativo,sin_factor_dominante,ninguna_relevante_para_el_periodo,La ventana entre 2026-04-01 y 2026-06-30 muestra un balance de 994000 COP y una cobertura estimada de 3.09 meses. Este resultado describe el periodo y no a la persona.,historia_controlada_recalculada_v2,train,equilibrio_sostenible,si,roadmap_14_mvp_estructurado_v3.0,fincoach_mvp_estructurado_v3.0,850d56c5db7c717d164af92e642ef71c00651d47f20e029fe037ba140ea9618c,14425000,181000,0,0,7388000,6184000,891000,454000,0
VEN_0108_1,PERF_0108,dentro_del_mvp,2026-04-30,2026-04-01,2026-04-30,acumulada_30_dias,30,31,96.7742,0,4350000,0,0,0,5243000,2789000,553000,1021000,569000,84000,7398949,6505949,11146414,10993414,9593000,-893000,893000,3804000,25,0.631,0.0,0.0,2.3327,1.0,-0.0137,uso_planificado_reserva,calculado,alta,baja,evidencia_temporal_disponible,balance_negativo,motivo_de_periodos_sin_ingreso,La ventana entre 2026-04-01 y 2026-04-30 muestra un balance de -893000 COP y una cobertura estimada de 2.33 meses. Este resultado describe el periodo y no a la persona.,historia_controlada_recalculada_v2,train,variable_resiliente,si,roadmap_14_mvp_estructurado_v3.0,fincoach_mvp_estructurado_v3.0,6970026287707a38e68b02eebb2a651edf4ddefdea7dd9660bf1c7b24b9e82ad,4350000,0,0,1,2547000,2696000,153000,416000,0
VEN_0108_2,PERF_0108,dentro_del_mvp,2026-05-31,2026-04-01,2026-05-31,acumulada_61_dias,61,63,96.8254,0,8700000,0,0,0,12266000,6380000,1475000,2784000,882000,84000,7398949,3832949,11146414,10822414,20966000,-3566000,3566000,6477000,56,0.3718,-28692.3497,0.0,1.2016,1.0,-0.0291,fragilidad_sostenida,calculado,alta,baja,evidencia_temporal_disponible,balance_negativo,motivo_de_periodos_sin_ingreso,La ventana entre 2026-04-01 y 2026-05-31 muestra un balance de -3566000 COP y una cobertura estimada de 1.20 meses. Este resultado describe el periodo y no a la persona.,historia_controlada_recalculada_v2,train,variable_resiliente,si,roadmap_14_mvp_estructurado_v3.0,fincoach_mvp_estructurado_v3.0,0fff1c372c3b4aa43be675706b539dc9f86aeddce370ee4d9eddcb98d4d5fc22,8700000,0,0,2,6560000,5706000,324000,558000,0
VEN_0108_3,PERF_0108,dentro_del_mvp,2026-06-30,2026-04-01,2026-06-30,acumulada_91_dias,91,93,95.6989,0,13050000,0,0,0,15930000,8797000,2020000,2784000,882000,261000,7398949,4518949,11146414,10822414,28980000,-2880000,2880000,7522000,86,0.4383,26810.6647,0.0,1.5411,1.0,-0.0291,fragilidad_sostenida,calculado,alta,baja,evidencia_temporal_disponible,balance_negativo,motivo_de_periodos_sin_ingreso,La ventana entre 2026-04-01 y 2026-06-30 muestra un balance de -2880000 COP y una cobertura estimada de 1.54 meses. Este resultado describe el periodo y no a la persona.,historia_controlada_recalculada_v2,train,variable_resiliente,si,roadmap_14_mvp_estructurado_v3.0,fincoach_mvp_estructurado_v3.0,b513aa3eff2dbf14ec8c41215bd4265aad834793c05dcdcb564f1ff265779d35,13050000,0,0,3,8230000,7700000,324000,558000,0
VEN_0109_1,PERF_0109,dentro_del_mvp,2026-04-30,2026-04-01,2026-04-30,acumulada_30_dias,30,32,100.0,3888000,0,0,70000,0,2288000,1185000,127000,438000,123000,94000,8904322,10574322,4208765,4151765,6176000,1600000,0,1138000,6,0.9636,0.0,0.0,8.9235,0.0,-0.0135,acumulacion_estable,calculado,alta,baja,balance_no_negativo,sin_factor_dominante,ninguna_relevante_para_el_periodo,La ventana entre 2026-04-01 y 2026-04-30 muestra un balance de 1600000 COP y una cobertura estimada de 8.92 meses. Este resultado describe el periodo y no a la persona.,historia_controlada_recalculada_v2,train,uso_planificado_reserva,si,roadmap_14_mvp_estructurado_v3.0,fincoach_mvp_estructurado_v3.0,03e416065af274e664cdbb10c9c69d098fb6f28c04535f200629ce6a441af0de,3888000,70000,0,0,857000,1431000,57000,66000,0
VEN_0109_2,PERF_0109,dentro_del_mvp,2026-05-31,2026-04-01,2026-05-31,acumulada_61_dias,61,64,98.4375,6426000,0,0,70000,0,8304000,4058000,329000,1851000,667000,515000,8904322,7096322,4208765,3740765,14730000,-1878000,1878000,3878000,37,0.6466,-84120.2186,0.2101,3.4974,0.0,-0.1112,deterioro_reciente,calculado,alta,baja,evidencia_temporal_disponible,balance_negativo,ninguna_relevante_para_el_periodo,La ventana entre 2026-04-01 y 2026-05-31 muestra un balance de -1878000 COP y una cobertura estimada de 3.50 meses. Este resultado describe el periodo y no a la persona.,historia_controlada_recalculada_v2,train,uso_planificado_reserva,si,roadmap_14_mvp_estructurado_v3.0,fincoach_mvp_estructurado_v3.0,ac7e32e0eda42a8cb810e057fb69dbde112a7c8be78c1686d48c791272e6a995,6277000,219000,0,0,4073000,4231000,468000,199000,0
VEN_0109_3,PERF_0109,dentro_del_mvp,2026-06-30,2026-04-01,2026-06-30,acumulada_91_dias,91,95,97.8947,8665000,0,0,70000,0,14320000,6710000,603000,3577000,1229000,1090000,8904322,3319322,4208765,3435765,22985000,-5655000,5655000,8436000,67,0.3025,-31355.9719,0.2484,1.484,0.0,-0.1837,fragilidad_sostenida,calculado,alta,baja,evidencia_temporal_disponible,balance_negativo,ninguna_relevante_para_el_periodo,La ventana entre 2026-04-01 y 2026-06-30 muestra un balance de -5655000 COP y una cobertura estimada de 1.48 meses. Este resultado describe el periodo y no a la persona.,historia_controlada_recalculada_v2,train,uso_planificado_reserva,si,roadmap_14_mvp_estructurado_v3.0,fincoach_mvp_estructurado_v3.0,386d5f79189f75e67e2089b6da050e9c5b09374efe1864b0629c7bbb55ad8492,8516000,219000,0,0,6704000,7616000,773000,456000,0
VEN_0110_1,PERF_0110,dentro_del_mvp,2026-04-30,2026-04-01,2026-04-30,acumulada_30_dias,30,24,91.6667,0,0,0,0,0,4825000,2148000,557000,1151000,297000,138000,13454509,8629509,5528457,5231457,4825000,-4825000,4825000,4825000,26,0.6414,0.0,0.0,4.0175,0.0,-0.0537,uso_planificado_reserva,calculado,alta,baja,evidencia_temporal_disponible,balance_negativo,motivo_de_periodos_sin_ingreso,La ventana entre 2026-04-01 y 2026-04-30 muestra un balance de -4825000 COP y una cobertura estimada de 4.02 meses. Este resultado describe el periodo y no a la persona.,historia_controlada_recalculada_v2,train,deterioro_reciente,si,roadmap_14_mvp_estructurado_v3.0,fincoach_mvp_estructurado_v3.0,c2624add9282d4087ff519c5a0f6a6675088900dd3e47246217e3197fee3b4b5,0,0,0,1,1943000,2882000,297000,0,0
VEN_0110_2,PERF_0110,dentro_del_mvp,2026-05-31,2026-04-01,2026-05-31,acumulada_61_dias,61,47,93.617,0,0,0,0,0,9650000,4757000,722000,2234000,713000,239000,13454509,3804509,5528457,5072457,9650000,-9650000,9650000,9650000,57,0.2828,2636.612,0.0,1.5995,0.0,-0.0825,fragilidad_sostenida,calculado,alta,baja,evidencia_temporal_disponible,balance_negativo,motivo_de_periodos_sin_ingreso,La ventana entre 2026-04-01 y 2026-05-31 muestra un balance de -9650000 COP y una cobertura estimada de 1.60 meses. Este resultado describe el periodo y no a la persona.,historia_controlada_recalculada_v2,train,deterioro_reciente,si,roadmap_14_mvp_estructurado_v3.0,fincoach_mvp_estructurado_v3.0,760cdab1395fb3043fe8172840062131db538f62406e0414050be1cc1dfd4a50,0,0,0,2,4072000,5578000,456000,257000,0
VEN_0110_3,PERF_0110,dentro_del_mvp,2026-06-30,2026-04-01,2026-06-30,acumulada_91_dias,91,66,93.9394,0,253000,0,0,0,16659000,9309000,1091000,2814000,1609000,239000,13454509,-2951491,5528457,4583457,16912000,-16406000,16406000,16406000,87,0.0,-22088.993,0.0,0.0,1.0,-0.1709,situacion_critica,calculado,alta,baja,evidencia_temporal_disponible,balance_negativo,motivo_de_periodos_sin_ingreso,La ventana entre 2026-04-01 y 2026-06-30 muestra un balance de -16406000 COP y una cobertura estimada de 0.00 meses. Este resultado describe el periodo y no a la persona.,historia_controlada_recalculada_v2,train,deterioro_reciente,si,roadmap_14_mvp_estructurado_v3.0,fincoach_mvp_estructurado_v3.0,b5cd59d0a76dde5e4c04699fe7ba01280162ecfd4519d49515a4cfb276b495ac,0,253000,0,3,7881000,8778000,945000,664000,0
VEN_0111_1,PERF_0111,dentro_del_mvp,2026-04-30,2026-04-01,2026-04-30,acumulada_30_dias,30,32,93.75,1080000,0,0,0,0,9604000,4490000,337000,2670000,256000,882000,1519560,-7004440,28028897,27772897,10684000,-8524000,8524000,8524000,28,0.0,0.0,0.0,0.0,0.0,-0.0091,situacion_critica,calculado,alta,baja,evidencia_temporal_disponible,balance_negativo,ninguna_relevante_para_el_periodo,La ventana entre 2026-04-01 y 2026-04-30 muestra un balance de -8524000 COP y una cobertura estimada de 0.00 meses. Este resultado describe el periodo y no a la persona.,historia_controlada_recalculada_v2,train,fragilidad_sostenida,si,roadmap_14_mvp_estructurado_v3.0,fincoach_mvp_estructurado_v3.0,be2cdead7a28273e928483560cbb78dfb03f0fad3466410edbae99d6cc263bd3,1080000,0,0,0,6239000,3365000,256000,0,0
VEN_0111_2,PERF_0111,dentro_del_mvp,2026-05-31,2026-04-01,2026-05-31,acumulada_61_dias,61,66,96.9697,6499000,213000,817000,0,0,21862000,12282000,2356000,3311000,256000,2351000,1519560,-12813440,28028897,28589897,28574000,-15150000,15150000,14333000,59,0.0,35772.6776,0.6676,0.0,0.1368,0.02,situacion_critica,calculado,alta,baja,evidencia_temporal_disponible,balance_negativo,ninguna_relevante_para_el_periodo,La ventana entre 2026-04-01 y 2026-05-31 muestra un balance de -15150000 COP y una cobertura estimada de 0.00 meses. Este resultado describe el periodo y no a la persona.,historia_controlada_recalculada_v2,train,fragilidad_sostenida,si,roadmap_14_mvp_estructurado_v3.0,fincoach_mvp_estructurado_v3.0,93a0ff694753f06ae300ebd4e5fcca62ec3855d80a67e2e22eec8bed9d6e039a,7316000,213000,0,0,11013000,10849000,256000,0,817000
VEN_0111_3,PERF_0111,dentro_del_mvp,2026-06-30,2026-04-01,2026-06-30,acumulada_91_dias,91,100,97.0,12136000,213000,1634000,0,0,34120000,18042000,3682000,8120000,256000,2351000,1519560,-18617440,28028897,29406897,46469000,-21771000,21771000,20137000,89,0.0,9118.8975,0.5188,0.0,0.1321,0.0492,situacion_critica,calculado,alta,baja,evidencia_temporal_disponible,balance_negativo,ninguna_relevante_para_el_periodo,La ventana entre 2026-04-01 y 2026-06-30 muestra un balance de -21771000 COP y una cobertura estimada de 0.00 meses. Este resultado describe el periodo y no a la persona.,historia_controlada_recalculada_v2,train,fragilidad_sostenida,si,roadmap_14_mvp_estructurado_v3.0,fincoach_mvp_estructurado_v3.0,a7309977697f39774d75c24dc121abc992853e19df421acb114b033c1153662b,13770000,213000,0,0,19710000,14410000,256000,0,1634000
VEN_0112_1,PERF_0112,dentro_del_mvp,2026-04-30,2026-04-01,2026-04-30,acumulada_30_dias,30,30,96.6667,3646000,371000,0,0,0,14004000,7938000,1747000,988000,1094000,488000,1559422,-8427578,16113973,15019973,18021000,-9987000,9987000,11293000,26,0.0,0.0,0.0,0.0,0.0924,-0.0679,situacion_critica,calculado,alta,baja,evidencia_temporal_disponible,balance_negativo,ninguna_relevante_para_el_periodo,La ventana entre 2026-04-01 y 2026-04-30 muestra un balance de -9987000 COP y una cobertura estimada de 0.00 meses. Este resultado describe el periodo y no a la persona.,historia_controlada_recalculada_v2,train,situacion_critica,si,roadmap_14_mvp_estructurado_v3.0,fincoach_mvp_estructurado_v3.0,70cc744afa17fd3d2e45d3a52fcd5ad001f373c1228c2213c007b80af7e39471,3646000,371000,0,0,8243000,5761000,1094000,0,0
VEN_0112_2,PERF_0112,dentro_del_mvp,2026-05-31,2026-04-01,2026-05-31,acumulada_61_dias,61,62,98.3871,8017000,371000,0,0,0,31689000,17220000,3546000,4144000,2681000,1213000,1559422,-21741578,16113973,14357973,40077000,-23301000,23301000,23301000,57,0.0,-49083.6066,0.0904,0.0,0.0442,-0.109,situacion_critica,calculado,alta,baja,evidencia_temporal_disponible,balance_negativo,ninguna_relevante_para_el_periodo,La ventana entre 2026-04-01 y 2026-05-31 muestra un balance de -23301000 COP y una cobertura estimada de 0.00 meses. Este resultado describe el periodo y no a la persona.,historia_controlada_recalculada_v2,train,situacion_critica,si,roadmap_14_mvp_estructurado_v3.0,fincoach_mvp_estructurado_v3.0,519c3288d1ebb2b6f47ba7fa4d75f5997f6609b575b4fee2449577091bf42f89,8017000,371000,0,0,14766000,16923000,1756000,925000,0
VEN_0112_3,PERF_0112,dentro_del_mvp,2026-06-30,2026-04-01,2026-06-30,acumulada_91_dias,91,94,97.8723,12145000,1108000,1712000,240000,0,49374000,26244000,4417000,5523000,4166000,1213000,1559422,-32609578,16113973,16069973,62627000,-36121000,36121000,35858000,87,0.0,-14950.4594,0.0744,0.0,0.1855,-0.0027,situacion_critica,calculado,alta,baja,evidencia_temporal_disponible,balance_negativo,ninguna_relevante_para_el_periodo,La ventana entre 2026-04-01 y 2026-06-30 muestra un balance de -36121000 COP y una cobertura estimada de 0.00 meses. Este resultado describe el periodo y no a la persona.,historia_controlada_recalculada_v2,train,situacion_critica,si,roadmap_14_mvp_estructurado_v3.0,fincoach_mvp_estructurado_v3.0,f0480c4f65187554f4c8f21137508534c485e2b60943624e17853c8465b9d5d5,12145000,3060000,0,0,22796000,26578000,1756000,2410000,1712000
VEN_0113_1,PERF_0113,dentro_del_mvp,2026-04-30,2026-04-01,2026-04-30,acumulada_30_dias,30,19,94.7368,0,550000,0,0,0,4735000,3599000,424000,313000,0,0,17245689,13060689,0,0,5285000,-4185000,4185000,4185000,29,0.7573,0.0,0.0,3.629,1.0,0.0,uso_planificado_reserva,calculado,alta,baja,evidencia_temporal_disponible,balance_negativo,motivo_de_periodos_sin_ingreso,La ventana entre 2026-04-01 y 2026-04-30 muestra un balance de -4185000 COP y una cobertura estimada de 3.63 meses. Este resultado describe el periodo y no a la persona.,historia_controlada_recalculada_v2,validation,acumulacion_estable,si,roadmap_14_mvp_estructurado_v3.0,fincoach_mvp_estructurado_v3.0,7e5058ea706594afb2b5d4d65be6785df3e90c56e71761697d07bfb134160045,550000,0,0,1,2482000,2253000,0,0,0
VEN_0113_2,PERF_0113,dentro_del_mvp,2026-05-31,2026-04-01,2026-05-31,acumulada_61_dias,61,40,97.5,0,1100000,0,260000,0,9470000,7207000,887000,752000,0,0,17245689,9135689,0,0,10570000,-8370000,8370000,8110000,60,0.5297,2286.8852,0.0,2.5352,0.8088,0.0,uso_planificado_reserva,calculado,alta,baja,evidencia_temporal_disponible,balance_negativo,motivo_de_periodos_sin_ingreso,La ventana entre 2026-04-01 y 2026-05-31 muestra un balance de -8370000 COP y una cobertura estimada de 2.54 meses. Este resultado describe el periodo y no a la persona.,historia_controlada_recalculada_v2,validation,acumulacion_estable,si,roadmap_14_mvp_estructurado_v3.0,fincoach_mvp_estructurado_v3.0,3db339fcd2f592ee6634d2689c63307c8bb0c1031289ac6bd61fb05c23fd6295,1100000,260000,0,2,4766000,4704000,0,0,0
VEN_0113_3,PERF_0113,dentro_del_mvp,2026-06-30,2026-04-01,2026-06-30,acumulada_91_dias,91,59,96.6102,0,1650000,0,260000,0,14205000,10477000,1049000,1888000,0,0,17245689,4950689,0,0,15855000,-12555000,12555000,12295000,90,0.2871,-753.9182,0.0,1.4176,0.8639,0.0,fragilidad_sostenida,calculado,alta,baja,evidencia_temporal_disponible,balance_negativo,motivo_de_periodos_sin_ingreso,La ventana entre 2026-04-01 y 2026-06-30 muestra un balance de -12555000 COP y una cobertura estimada de 1.42 meses. Este resultado describe el periodo y no a la persona.,historia_controlada_recalculada_v2,validation,acumulacion_estable,si,roadmap_14_mvp_estructurado_v3.0,fincoach_mvp_estructurado_v3.0,3599531e73fa72742eab1b2186e9107b521652f712ba622b61f2abfabba35fa9,1650000,260000,0,3,7449000,6756000,0,0,0
VEN_0114_1,PERF_0114,dentro_del_mvp,2026-04-30,2026-04-01,2026-04-30,acumulada_30_dias,30,27,96.2963,0,500000,0,70000,0,3350000,1562000,295000,1368000,0,0,2689020,-90980,0,0,3850000,-2850000,2850000,2780000,28,0.0,0.0,0.0,0.0,0.8772,0.0,situacion_critica,calculado,alta,baja,evidencia_temporal_disponible,balance_negativo,motivo_de_periodos_sin_ingreso,La ventana entre 2026-04-01 y 2026-04-30 muestra un balance de -2850000 COP y una cobertura estimada de 0.00 meses. Este resultado describe el periodo y no a la persona.,historia_controlada_recalculada_v2,train,equilibrio_sostenible,si,roadmap_14_mvp_estructurado_v3.0,fincoach_mvp_estructurado_v3.0,3d179d064740d76be4f51ba243416a7f80c23ce34cacce02da6de0e42939e08c,500000,70000,0,1,948000,2402000,0,0,0
VEN_0114_2,PERF_0114,dentro_del_mvp,2026-05-31,2026-04-01,2026-05-31,acumulada_61_dias,61,52,98.0769,0,1000000,0,70000,0,6700000,3716000,665000,1813000,0,108000,2689020,-2940980,0,0,7700000,-5700000,5700000,5630000,59,0.0,1557.377,0.0,0.0,0.9346,0.0,situacion_critica,calculado,alta,baja,evidencia_temporal_disponible,balance_negativo,motivo_de_periodos_sin_ingreso,La ventana entre 2026-04-01 y 2026-05-31 muestra un balance de -5700000 COP y una cobertura estimada de 0.00 meses. Este resultado describe el periodo y no a la persona.,historia_controlada_recalculada_v2,train,equilibrio_sostenible,si,roadmap_14_mvp_estructurado_v3.0,fincoach_mvp_estructurado_v3.0,42f1b1d40f0da703829bd89056e3939f970e824a6679c00de3d6280044f208ca,1000000,70000,0,2,2569000,4131000,0,0,0
VEN_0114_3,PERF_0114,dentro_del_mvp,2026-06-30,2026-04-01,2026-06-30,acumulada_91_dias,91,80,95.0,0,1500000,0,220000,0,10050000,6069000,974000,2208000,0,108000,2689020,-5640980,0,0,11550000,-8550000,8550000,8330000,89,0.0,-513.421,0.0,0.0,0.8721,0.0,situacion_critica,calculado,alta,baja,evidencia_temporal_disponible,balance_negativo,motivo_de_periodos_sin_ingreso,La ventana entre 2026-04-01 y 2026-06-30 muestra un balance de -8550000 COP y una cobertura estimada de 0.00 meses. Este resultado describe el periodo y no a la persona.,historia_controlada_recalculada_v2,train,equilibrio_sostenible,si,roadmap_14_mvp_estructurado_v3.0,fincoach_mvp_estructurado_v3.0,0b1cf6aaa673216c1fadb8edd20d04417b2b88be05e0f020700ef5f36afafaf3,1500000,220000,0,3,3697000,6353000,0,0,0
VEN_0115_1,PERF_0115,dentro_del_mvp,2026-04-30,2026-04-01,2026-04-30,acumulada_30_dias,30,26,100.0,500000,0,0,0,0,4243000,2650000,268000,826000,0,0,2655600,-1087400,0,0,4743000,-3743000,3743000,3743000,28,0.0,0.0,0.0,0.0,0.0,0.0,situacion_critica,calculado,alta,baja,evidencia_temporal_disponible,balance_negativo,ninguna_relevante_para_el_periodo,La ventana entre 2026-04-01 y 2026-04-30 muestra un balance de -3743000 COP y una cobertura estimada de 0.00 meses. Este resultado describe el periodo y no a la persona.,historia_controlada_recalculada_v2,train,variable_resiliente,si,roadmap_14_mvp_estructurado_v3.0,fincoach_mvp_estructurado_v3.0,eeaf08e13fb297b2e80ce39c351cc735119b7daf63cfb51160e1b45e1fda63c4,500000,0,0,0,1773000,2470000,0,0,0
VEN_0115_2,PERF_0115,dentro_del_mvp,2026-05-31,2026-04-01,2026-05-31,acumulada_61_dias,61,54,100.0,1000000,0,0,30000,0,9926000,4696000,811000,2867000,0,148000,2655600,-6240400,0,0,10926000,-8926000,8926000,8896000,59,0.0,-21561.2022,0.0,0.0,0.0,0.0,situacion_critica,calculado,alta,baja,evidencia_temporal_disponible,balance_negativo,ninguna_relevante_para_el_periodo,La ventana entre 2026-04-01 y 2026-05-31 muestra un balance de -8926000 COP y una cobertura estimada de 0.00 meses. Este resultado describe el periodo y no a la persona.,historia_controlada_recalculada_v2,train,variable_resiliente,si,roadmap_14_mvp_estructurado_v3.0,fincoach_mvp_estructurado_v3.0,468dac689e78a773aacf2de89d66a50f324873c33a3841f269b7354b3158b7d0,1000000,30000,0,0,4176000,5750000,0,0,0
VEN_0115_3,PERF_0115,dentro_del_mvp,2026-06-30,2026-04-01,2026-06-30,acumulada_91_dias,91,79,100.0,1500000,0,0,30000,0,15609000,7029000,1672000,4499000,0,231000,2655600,-11423400,0,0,17109000,-14109000,14109000,14079000,89,0.0,-8716.0872,0.0,0.0,0.0,0.0,situacion_critica,calculado,alta,baja,evidencia_temporal_disponible,balance_negativo,ninguna_relevante_para_el_periodo,La ventana entre 2026-04-01 y 2026-06-30 muestra un balance de -14109000 COP y una cobertura estimada de 0.00 meses. Este resultado describe el periodo y no a la persona.,historia_controlada_recalculada_v2,train,variable_resiliente,si,roadmap_14_mvp_estructurado_v3.0,fincoach_mvp_estructurado_v3.0,55cd512ca3b7d1df98f7efeebcd8f872a7294ff205a20744fe85badd45ca8523,1500000,30000,0,0,6869000,8740000,0,0,0
VEN_0116_1,PERF_0116,dentro_del_mvp,2026-04-30,2026-04-01,2026-04-30,acumulada_30_dias,30,20,95.0,500000,0,429000,0,0,3184000,1775000,119000,651000,293000,133000,13157027,10902027,3430566,3859566,3684000,-2684000,2684000,2260000,28,0.8286,0.0,0.0,6.142,0.4618,0.1251,uso_planificado_reserva,calculado,alta,baja,evidencia_temporal_disponible,balance_negativo,ninguna_relevante_para_el_periodo,La ventana entre 2026-04-01 y 2026-04-30 muestra un balance de -2684000 COP y una cobertura estimada de 6.14 meses. Este resultado describe el periodo y no a la persona.,historia_controlada_recalculada_v2,train,uso_planificado_reserva,si,roadmap_14_mvp_estructurado_v3.0,fincoach_mvp_estructurado_v3.0,f8e683b3a13d133a9d35e8238096c4700c7b0c3d42f9bfdb2c63f283e4390b9d,500000,429000,0,0,1621000,1563000,0,293000,429000
VEN_0116_2,PERF_0116,dentro_del_mvp,2026-05-31,2026-04-01,2026-05-31,acumulada_61_dias,61,45,97.7778,1000000,0,429000,0,0,11559000,7303000,660000,1744000,662000,977000,13157027,3027027,3430566,3859566,12559000,-10559000,10559000,10130000,59,0.2301,-83631.694,0.0,0.829,0.3002,0.1251,deterioro_reciente,calculado,alta,baja,evidencia_temporal_disponible,balance_negativo,ninguna_relevante_para_el_periodo,La ventana entre 2026-04-01 y 2026-05-31 muestra un balance de -10559000 COP y una cobertura estimada de 0.83 meses. Este resultado describe el periodo y no a la persona.,historia_controlada_recalculada_v2,train,uso_planificado_reserva,si,roadmap_14_mvp_estructurado_v3.0,fincoach_mvp_estructurado_v3.0,08031b10c5aa03b1b08b5057dda7660bf13c7a134268f283752b0c9ea6d62edb,1000000,429000,0,0,6636000,4923000,0,662000,429000
VEN_0116_3,PERF_0116,dentro_del_mvp,2026-06-30,2026-04-01,2026-06-30,acumulada_91_dias,91,68,97.0588,1500000,0,1418000,0,0,19934000,11384000,1463000,2753000,1268000,2174000,13157027,-3858973,3430566,4242566,21434000,-18434000,18434000,17016000,89,0.0,-29473.0679,0.0,0.0,0.4859,0.2367,situacion_critica,calculado,alta,baja,evidencia_temporal_disponible,balance_negativo,ninguna_relevante_para_el_periodo,La ventana entre 2026-04-01 y 2026-06-30 muestra un balance de -18434000 COP y una cobertura estimada de 0.00 meses. Este resultado describe el periodo y no a la persona.,historia_controlada_recalculada_v2,train,uso_planificado_reserva,si,roadmap_14_mvp_estructurado_v3.0,fincoach_mvp_estructurado_v3.0,fa22b645b20f52562322d22308c221226fc06ba20a38ccded95f9391e04a8043,1500000,1418000,0,0,11365000,8569000,606000,662000,1418000
VEN_0117_1,PERF_0117,dentro_del_mvp,2026-04-30,2026-04-01,2026-04-30,acumulada_30_dias,30,20,95.0,0,0,0,0,0,7709000,4630000,768000,1238000,0,339000,6044612,-1664388,0,0,7709000,-7709000,7709000,7709000,28,0.0,0.0,0.0,0.0,0.0,0.0,situacion_critica,calculado,alta,baja,evidencia_temporal_disponible,balance_negativo,motivo_de_periodos_sin_ingreso,La ventana entre 2026-04-01 y 2026-04-30 muestra un balance de -7709000 COP y una cobertura estimada de 0.00 meses. Este resultado describe el periodo y no a la persona.,historia_controlada_recalculada_v2,train,deterioro_reciente,si,roadmap_14_mvp_estructurado_v3.0,fincoach_mvp_estructurado_v3.0,a8b18648c62820b5eed6ccf9e577beb58de24bf843684aec90bd620ac5dc3fed,0,0,0,1,3812000,3897000,0,0,0
VEN_0117_2,PERF_0117,dentro_del_mvp,2026-05-31,2026-04-01,2026-05-31,acumulada_61_dias,61,39,97.4359,0,0,1024000,0,0,15418000,9896000,1190000,2104000,0,721000,6044612,-8349388,0,1024000,15418000,-15418000,15418000,14776000,59,0.0,4212.5683,0.0,0.0,1.0,1024000.0,situacion_critica,calculado,alta,baja,evidencia_temporal_disponible,balance_negativo,motivo_de_periodos_sin_ingreso,La ventana entre 2026-04-01 y 2026-05-31 muestra un balance de -15418000 COP y una cobertura estimada de 0.00 meses. Este resultado describe el periodo y no a la persona.,historia_controlada_recalculada_v2,train,deterioro_reciente,si,roadmap_14_mvp_estructurado_v3.0,fincoach_mvp_estructurado_v3.0,9eb3ceb406cdd38de9da5eeb812ded97b30ac11d034d4bdb600314ff3460f68a,0,1024000,0,2,8697000,6721000,0,0,1024000
VEN_0117_3,PERF_0117,dentro_del_mvp,2026-06-30,2026-04-01,2026-06-30,acumulada_91_dias,91,61,96.7213,0,0,1024000,0,0,26615000,14878000,2344000,3978000,0,2443000,6044612,-19546388,0,1024000,26615000,-26615000,26615000,25591000,89,0.0,-39718.4291,0.0,0.0,1.0,1024000.0,situacion_critica,calculado,alta,baja,evidencia_temporal_disponible,balance_negativo,motivo_de_periodos_sin_ingreso,La ventana entre 2026-04-01 y 2026-06-30 muestra un balance de -26615000 COP y una cobertura estimada de 0.00 meses. Este resultado describe el periodo y no a la persona.,historia_controlada_recalculada_v2,train,deterioro_reciente,si,roadmap_14_mvp_estructurado_v3.0,fincoach_mvp_estructurado_v3.0,08849f2d01532e683132419b230a614b874030fdcc82f5ff5ba8772f0eb6773e,0,1024000,0,3,12408000,14207000,0,0,1024000
VEN_0118_1,PERF_0118,dentro_del_mvp,2026-04-30,2026-04-01,2026-04-30,acumulada_30_dias,30,30,93.3333,5560000,0,0,0,315000,9844000,6903000,0,1220000,0,525000,1880140,-2088860,24662556,24662556,15404000,-4284000,4284000,6426000,27,0.0,0.0,0.0,0.0,0.0536,0.0,situacion_critica,calculado,alta,baja,evidencia_temporal_disponible,balance_negativo,ninguna_relevante_para_el_periodo,La ventana entre 2026-04-01 y 2026-04-30 muestra un balance de -4284000 COP y una cobertura estimada de 0.00 meses. Este resultado describe el periodo y no a la persona.,historia_controlada_recalculada_v2,train,fragilidad_sostenida,si,roadmap_14_mvp_estructurado_v3.0,fincoach_mvp_estructurado_v3.0,17b67762b89ce828406dbd6fdfa34399404c180b4fe15c5fe3171277e1c6a92f,1557000,4318000,0,0,5128000,4716000,0,0,0
VEN_0118_2,PERF_0118,dentro_del_mvp,2026-05-31,2026-04-01,2026-05-31,acumulada_61_dias,61,60,95.0,9827000,0,838000,0,315000,22408000,14307000,749000,3519000,633000,1117000,1880140,-9547860,24662556,24867556,32235000,-12581000,12581000,13699000,58,0.0,-63445.9016,0.1316,0.0,0.105,0.0083,situacion_critica,calculado,alta,baja,evidencia_temporal_disponible,balance_negativo,ninguna_relevante_para_el_periodo,La ventana entre 2026-04-01 y 2026-05-31 muestra un balance de -12581000 COP y una cobertura estimada de 0.00 meses. Este resultado describe el periodo y no a la persona.,historia_controlada_recalculada_v2,train,fragilidad_sostenida,si,roadmap_14_mvp_estructurado_v3.0,fincoach_mvp_estructurado_v3.0,f830e64c389421c04a27323c150d3b687ee7e90cb1ac990fb9baaf6489b64511,5824000,5156000,0,0,10983000,11425000,633000,0,838000
VEN_0118_3,PERF_0118,dentro_del_mvp,2026-06-30,2026-04-01,2026-06-30,acumulada_91_dias,91,90,95.5556,14362000,0,838000,180000,666000,34972000,23658000,1198000,3519000,633000,1538000,1880140,-17045860,24662556,24867556,49334000,-20610000,20610000,22208000,88,0.0,-20237.6148,0.1164,0.0,0.0937,0.0083,situacion_critica,calculado,alta,baja,evidencia_temporal_disponible,balance_negativo,ninguna_relevante_para_el_periodo,La ventana entre 2026-04-01 y 2026-06-30 muestra un balance de -20610000 COP y una cobertura estimada de 0.00 meses. Este resultado describe el periodo y no a la persona.,historia_controlada_recalculada_v2,train,fragilidad_sostenida,si,roadmap_14_mvp_estructurado_v3.0,fincoach_mvp_estructurado_v3.0,9f2a8d4c2eb2d6608f582e1c50690b3d68791ddbd63130524e1f8ed12600ce54,10359000,5687000,0,0,16457000,18515000,633000,0,838000
VEN_0119_1,PERF_0119,dentro_del_mvp,2026-04-30,2026-04-01,2026-04-30,acumulada_30_dias,30,27,96.2963,0,0,0,160000,0,8550000,4074000,758000,1568000,957000,706000,1588184,-6801816,10577351,9943351,8550000,-8550000,8550000,8390000,29,0.0,0.0,0.0,0.0,0.0,-0.0599,situacion_critica,calculado,alta,baja,evidencia_temporal_disponible,balance_negativo,motivo_de_periodos_sin_ingreso,La ventana entre 2026-04-01 y 2026-04-30 muestra un balance de -8550000 COP y una cobertura estimada de 0.00 meses. Este resultado describe el periodo y no a la persona.,historia_controlada_recalculada_v2,train,situacion_critica,si,roadmap_14_mvp_estructurado_v3.0,fincoach_mvp_estructurado_v3.0,0f30c61e6c9c8562d75278d0417cc9c965d575fb64c0392008557a485d8db63b,160000,0,0,1,4560000,3990000,634000,323000,0
VEN_0119_2,PERF_0119,dentro_del_mvp,2026-05-31,2026-04-01,2026-05-31,acumulada_61_dias,61,51,98.0392,0,0,1045000,210000,438000,19347000,9470000,2054000,3383000,1652000,1449000,1588184,-16065816,10577351,10293351,19347000,-19347000,19347000,17654000,60,0.0,-32163.9344,0.0,0.0,0.876,-0.0268,situacion_critica,calculado,alta,baja,evidencia_temporal_disponible,balance_negativo,motivo_de_periodos_sin_ingreso,La ventana entre 2026-04-01 y 2026-05-31 muestra un balance de -19347000 COP y una cobertura estimada de 0.00 meses. Este resultado describe el periodo y no a la persona.,historia_controlada_recalculada_v2,train,situacion_critica,si,roadmap_14_mvp_estructurado_v3.0,fincoach_mvp_estructurado_v3.0,d39467b008e5648e3736fe59aaafc763699dbbcbc35fe36e63fa4a1ab86ce3cc,210000,1483000,0,2,8679000,10668000,1329000,323000,1045000
VEN_0119_3,PERF_0119,dentro_del_mvp,2026-06-30,2026-04-01,2026-06-30,acumulada_91_dias,91,72,97.2222,0,0,1045000,210000,438000,30144000,16969000,2909000,5054000,2071000,1449000,1588184,-26862816,10577351,9874351,30144000,-30144000,30144000,28451000,90,0.0,-14088.8128,0.0,0.0,0.876,-0.0665,situacion_critica,calculado,alta,baja,evidencia_temporal_disponible,balance_negativo,motivo_de_periodos_sin_ingreso,La ventana entre 2026-04-01 y 2026-06-30 muestra un balance de -30144000 COP y una cobertura estimada de 0.00 meses. Este resultado describe el periodo y no a la persona.,historia_controlada_recalculada_v2,train,situacion_critica,si,roadmap_14_mvp_estructurado_v3.0,fincoach_mvp_estructurado_v3.0,27ef7e0e0f0d34c9f44f8120c05d485519c263b4b97d0888acbd02db306e3107,210000,1483000,0,3,13767000,16377000,1748000,323000,1045000
VEN_0120_1,PERF_0120,dentro_del_mvp,2026-04-30,2026-04-01,2026-04-30,acumulada_30_dias,30,33,100.0,6911000,0,0,50000,126000,4043000,2020000,279000,940000,420000,194000,14573466,17617466,11989558,11894558,10954000,2868000,0,2323000,28,0.946,0.0,0.0,8.7215,0.0178,-0.0079,acumulacion_estable,calculado,alta,baja,balance_no_negativo,sin_factor_dominante,ninguna_relevante_para_el_periodo,La ventana entre 2026-04-01 y 2026-04-30 muestra un balance de 2868000 COP y una cobertura estimada de 8.72 meses. Este resultado describe el periodo y no a la persona.,historia_controlada_recalculada_v2,train,acumulacion_estable,si,roadmap_14_mvp_estructurado_v3.0,fincoach_mvp_estructurado_v3.0,b164bd4c0953a1084f691ed6b38492ea191dbbf33da96efe6fde12a6dd505087,6911000,176000,0,0,1878000,2165000,95000,325000,0
VEN_0120_2,PERF_0120,dentro_del_mvp,2026-05-31,2026-04-01,2026-05-31,acumulada_61_dias,61,66,100.0,13340000,0,0,50000,126000,8086000,3791000,957000,1405000,420000,1037000,14573466,20003466,11989558,11894558,21426000,5254000,0,2323000,5,0.9801,-9468.8525,0.0361,10.5531,0.0093,-0.0079,acumulacion_estable,calculado,alta,baja,balance_no_negativo,sin_factor_dominante,ninguna_relevante_para_el_periodo,La ventana entre 2026-04-01 y 2026-05-31 muestra un balance de 5254000 COP y una cobertura estimada de 10.55 meses. Este resultado describe el periodo y no a la persona.,historia_controlada_recalculada_v2,train,acumulacion_estable,si,roadmap_14_mvp_estructurado_v3.0,fincoach_mvp_estructurado_v3.0,7341fd14e3a250efc13abe422f4f29bbfcfae08512e8583a7026420e0791485c,13340000,176000,0,0,3887000,4199000,95000,325000,0
VEN_0120_3,PERF_0120,dentro_del_mvp,2026-06-30,2026-04-01,2026-06-30,acumulada_91_dias,91,98,97.9592,20216000,0,0,150000,126000,12129000,6710000,957000,1405000,799000,1319000,14573466,22936466,11989558,11515558,32345000,8087000,0,2323000,9,0.9739,2736.9843,0.0326,10.2548,0.0061,-0.0395,acumulacion_estable,calculado,alta,baja,balance_no_negativo,sin_factor_dominante,ninguna_relevante_para_el_periodo,La ventana entre 2026-04-01 y 2026-06-30 muestra un balance de 8087000 COP y una cobertura estimada de 10.25 meses. Este resultado describe el periodo y no a la persona.,historia_controlada_recalculada_v2,train,acumulacion_estable,si,roadmap_14_mvp_estructurado_v3.0,fincoach_mvp_estructurado_v3.0,e1007639b10da4643e5bc51127f651c8f4279e060807cb04c7ba1c2b928c8a45,20216000,276000,0,0,6160000,5969000,474000,325000,0
VEN_0121_1,PERF_0121,dentro_del_mvp,2026-04-30,2026-04-01,2026-04-30,acumulada_30_dias,30,28,96.4286,4138000,0,0,0,0,6398000,4146000,312000,569000,374000,546000,3755265,1495265,4494403,4494403,10536000,-2260000,2260000,3729000,29,0.3982,0.0,0.0,0.3607,0.0,0.0,fragilidad_sostenida,calculado,alta,baja,evidencia_temporal_disponible,balance_negativo,ninguna_relevante_para_el_periodo,La ventana entre 2026-04-01 y 2026-04-30 muestra un balance de -2260000 COP y una cobertura estimada de 0.36 meses. Este resultado describe el periodo y no a la persona.,historia_controlada_recalculada_v2,train,equilibrio_sostenible,si,roadmap_14_mvp_estructurado_v3.0,fincoach_mvp_estructurado_v3.0,330484753e7809b8485bac112be71ca894c4cfb3831bc357ab5598cc78e23e52,4138000,0,0,0,4186000,2212000,0,374000,0
VEN_0121_2,PERF_0121,dentro_del_mvp,2026-05-31,2026-04-01,2026-05-31,acumulada_61_dias,61,59,94.9153,13259000,0,0,0,0,12796000,8273000,783000,1340000,674000,645000,3755265,4218265,4494403,4194403,26055000,463000,0,4155000,5,0.8084,82923.4973,0.3758,1.0198,0.0,-0.0667,variable_resiliente,calculado,alta,baja,balance_no_negativo,sin_factor_dominante,ninguna_relevante_para_el_periodo,La ventana entre 2026-04-01 y 2026-05-31 muestra un balance de 463000 COP y una cobertura estimada de 1.02 meses. Este resultado describe el periodo y no a la persona.,historia_controlada_recalculada_v2,train,equilibrio_sostenible,si,roadmap_14_mvp_estructurado_v3.0,fincoach_mvp_estructurado_v3.0,14aef4659789d5fabafd03e642943f0fbfcd56bc4eea95e691b82f23215f3955,13259000,0,0,0,8012000,4784000,300000,374000,0
VEN_0121_3,PERF_0121,dentro_del_mvp,2026-06-30,2026-04-01,2026-06-30,acumulada_91_dias,91,90,95.5556,21213000,0,0,0,0,19194000,12102000,1040000,2016000,1265000,1077000,3755265,5774265,4494403,3991403,40407000,2019000,0,4155000,3,0.9032,14596.6493,0.3009,1.4314,0.0,-0.1119,variable_resiliente,calculado,alta,baja,balance_no_negativo,sin_factor_dominante,ninguna_relevante_para_el_periodo,La ventana entre 2026-04-01 y 2026-06-30 muestra un balance de 2019000 COP y una cobertura estimada de 1.43 meses. Este resultado describe el periodo y no a la persona.,historia_controlada_recalculada_v2,train,equilibrio_sostenible,si,roadmap_14_mvp_estructurado_v3.0,fincoach_mvp_estructurado_v3.0,219f25bc8023e43988b55c739ec81f840da3a88df729096a91e6ac70befd4f96,21213000,0,0,0,11918000,7276000,503000,762000,0
VEN_0122_1,PERF_0122,dentro_del_mvp,2026-04-30,2026-04-01,2026-04-30,acumulada_30_dias,30,19,100.0,500000,0,0,0,0,6806000,4671000,826000,806000,0,0,7872510,1566510,8088398,8088398,7306000,-6306000,6306000,6306000,27,0.199,0.0,0.0,0.3354,0.0,0.0,fragilidad_sostenida,calculado,alta,baja,evidencia_temporal_disponible,balance_negativo,ninguna_relevante_para_el_periodo,La ventana entre 2026-04-01 y 2026-04-30 muestra un balance de -6306000 COP y una cobertura estimada de 0.34 meses. Este resultado describe el periodo y no a la persona.,historia_controlada_recalculada_v2,train,variable_resiliente,si,roadmap_14_mvp_estructurado_v3.0,fincoach_mvp_estructurado_v3.0,785c520b790dd5fc0d268e5928001f7722a76c75bc71cb73851e9c7b19957816,500000,0,0,0,3412000,3394000,0,0,0
VEN_0122_2,PERF_0122,dentro_del_mvp,2026-05-31,2026-04-01,2026-05-31,acumulada_61_dias,61,42,100.0,1000000,0,0,0,0,15923000,11192000,1687000,1662000,0,320000,7872510,-7050490,8088398,8088398,16923000,-14923000,14923000,14923000,58,0.0,-34439.3443,0.0,0.0,0.0,0.0,situacion_critica,calculado,alta,baja,evidencia_temporal_disponible,balance_negativo,ninguna_relevante_para_el_periodo,La ventana entre 2026-04-01 y 2026-05-31 muestra un balance de -14923000 COP y una cobertura estimada de 0.00 meses. Este resultado describe el periodo y no a la persona.,historia_controlada_recalculada_v2,train,variable_resiliente,si,roadmap_14_mvp_estructurado_v3.0,fincoach_mvp_estructurado_v3.0,2440cb4b53b06f0a4d0ece3359e7303397cfcebc6aa654516da7a542deca906e,1000000,0,0,0,7803000,8120000,0,0,0
VEN_0122_3,PERF_0122,dentro_del_mvp,2026-06-30,2026-04-01,2026-06-30,acumulada_91_dias,91,62,96.7742,1500000,0,0,0,0,20679000,13724000,2065000,2742000,0,443000,7872510,-11306490,8088398,8088398,22179000,-19179000,19179000,19179000,88,0.0,33881.1025,0.0,0.0,0.0,0.0,situacion_critica,calculado,alta,baja,evidencia_temporal_disponible,balance_negativo,ninguna_relevante_para_el_periodo,La ventana entre 2026-04-01 y 2026-06-30 muestra un balance de -19179000 COP y una cobertura estimada de 0.00 meses. Este resultado describe el periodo y no a la persona.,historia_controlada_recalculada_v2,train,variable_resiliente,si,roadmap_14_mvp_estructurado_v3.0,fincoach_mvp_estructurado_v3.0,cfbd89c7bd3de25775ca40b0a4d16c6c6376b1b2f0add5039228789d59c2cacf,1500000,0,0,0,9848000,10831000,0,0,0
VEN_0123_1,PERF_0123,dentro_del_mvp,2026-04-30,2026-04-01,2026-04-30,acumulada_30_dias,30,30,93.3333,3963000,0,0,0,0,2918000,1673000,616000,324000,0,62000,13398357,14443357,0,0,6881000,1045000,0,1037000,0,1.0,0.0,0.0,8.6332,0.0,0.0,acumulacion_estable,calculado,alta,baja,balance_no_negativo,sin_factor_dominante,ninguna_relevante_para_el_periodo,La ventana entre 2026-04-01 y 2026-04-30 muestra un balance de 1045000 COP y una cobertura estimada de 8.63 meses. Este resultado describe el periodo y no a la persona.,historia_controlada_recalculada_v2,train,uso_planificado_reserva,si,roadmap_14_mvp_estructurado_v3.0,fincoach_mvp_estructurado_v3.0,39c287ef9f7ea92f581c938074eb7a731be0b578c8b9d74a7094f97c379e4ea7,3780000,183000,0,0,1355000,1563000,0,0,0
VEN_0123_2,PERF_0123,dentro_del_mvp,2026-05-31,2026-04-01,2026-05-31,acumulada_61_dias,61,60,96.6667,7007000,0,0,110000,0,10593000,7477000,616000,1446000,0,62000,13398357,9922357,0,0,17600000,-3586000,3586000,4521000,31,0.687,-93620.2186,0.1312,2.6541,0.0,0.0,deterioro_reciente,calculado,alta,baja,evidencia_temporal_disponible,balance_negativo,ninguna_relevante_para_el_periodo,La ventana entre 2026-04-01 y 2026-05-31 muestra un balance de -3586000 COP y una cobertura estimada de 2.65 meses. Este resultado describe el periodo y no a la persona.,historia_controlada_recalculada_v2,train,uso_planificado_reserva,si,roadmap_14_mvp_estructurado_v3.0,fincoach_mvp_estructurado_v3.0,72e19076dbc985e9dd0ed793b35f145ae036ce28b8539c10d57516acd23c4c40,6516000,601000,0,0,4732000,5861000,0,0,0
VEN_0123_3,PERF_0123,dentro_del_mvp,2026-06-30,2026-04-01,2026-06-30,acumulada_91_dias,91,90,96.6667,9465000,0,0,110000,0,18268000,12820000,1219000,1446000,0,709000,13398357,4705357,0,0,27733000,-8803000,8803000,9853000,61,0.3258,-37949.3785,0.1963,1.1011,0.0,0.0,fragilidad_sostenida,calculado,alta,baja,evidencia_temporal_disponible,balance_negativo,ninguna_relevante_para_el_periodo,La ventana entre 2026-04-01 y 2026-06-30 muestra un balance de -8803000 COP y una cobertura estimada de 1.10 meses. Este resultado describe el periodo y no a la persona.,historia_controlada_recalculada_v2,train,uso_planificado_reserva,si,roadmap_14_mvp_estructurado_v3.0,fincoach_mvp_estructurado_v3.0,2c2d85905bc7b405f864978b0e1935a25c60308e36c219484c0a821c019838a0,8974000,601000,0,0,8323000,9945000,0,0,0
VEN_0124_1,PERF_0124,dentro_del_mvp,2026-04-30,2026-04-01,2026-04-30,acumulada_30_dias,30,30,93.3333,5151000,0,0,0,0,6641000,4062000,812000,227000,0,171000,6534973,5044973,3409543,3409543,11792000,-1490000,1490000,4806000,27,0.772,0.0,0.0,1.242,0.0,0.0,uso_planificado_reserva,calculado,alta,baja,evidencia_temporal_disponible,balance_negativo,ninguna_relevante_para_el_periodo,La ventana entre 2026-04-01 y 2026-04-30 muestra un balance de -1490000 COP y una cobertura estimada de 1.24 meses. Este resultado describe el periodo y no a la persona.,historia_controlada_recalculada_v2,train,deterioro_reciente,si,roadmap_14_mvp_estructurado_v3.0,fincoach_mvp_estructurado_v3.0,cadf2a51264987a44ac4085a5bd273fc6ed8bf091112fc1aa7b86c02ab1d25e8,5151000,0,0,0,2620000,4021000,0,0,0
VEN_0124_2,PERF_0124,dentro_del_mvp,2026-05-31,2026-04-01,2026-05-31,acumulada_61_dias,61,63,95.2381,13775000,0,0,0,0,13282000,7436000,1246000,1107000,897000,714000,6534973,7027973,3409543,3079543,27057000,493000,0,4806000,13,0.7939,57748.6339,0.2521,1.8903,0.0,-0.0968,variable_resiliente,calculado,alta,baja,balance_no_negativo,sin_factor_dominante,ninguna_relevante_para_el_periodo,La ventana entre 2026-04-01 y 2026-05-31 muestra un balance de 493000 COP y una cobertura estimada de 1.89 meses. Este resultado describe el periodo y no a la persona.,historia_controlada_recalculada_v2,train,deterioro_reciente,si,roadmap_14_mvp_estructurado_v3.0,fincoach_mvp_estructurado_v3.0,b42a99e0bb0d06a03f915a2eb829b5caa7d5ad87fa54f2117d99fc225e374c57,13775000,0,0,0,6303000,6979000,330000,567000,0
VEN_0124_3,PERF_0124,dentro_del_mvp,2026-06-30,2026-04-01,2026-06-30,acumulada_91_dias,91,95,93.6842,20752000,0,0,70000,0,22928000,13649000,1871000,1955000,1476000,1186000,6534973,4428973,3409543,3079543,43680000,-2176000,2176000,5151000,43,0.5003,-31994.0551,0.2051,0.9735,0.0,-0.0968,fragilidad_sostenida,calculado,alta,baja,evidencia_temporal_disponible,balance_negativo,ninguna_relevante_para_el_periodo,La ventana entre 2026-04-01 y 2026-06-30 muestra un balance de -2176000 COP y una cobertura estimada de 0.97 meses. Este resultado describe el periodo y no a la persona.,historia_controlada_recalculada_v2,train,deterioro_reciente,si,roadmap_14_mvp_estructurado_v3.0,fincoach_mvp_estructurado_v3.0,ff2770150ac7a37cf07ee110b2ea2f9881986c8fd90acfb75898b75f61fee69c,20752000,70000,0,0,11378000,11550000,330000,1146000,0
VEN_0125_1,PERF_0125,dentro_del_mvp,2026-04-30,2026-04-01,2026-04-30,acumulada_30_dias,30,30,96.6667,4839000,0,0,0,0,8264000,5024000,731000,1239000,0,415000,412310,-3012690,23497287,23497287,13103000,-3425000,3425000,4755000,25,0.0,0.0,0.0,0.0,0.0,0.0,situacion_critica,calculado,alta,baja,evidencia_temporal_disponible,balance_negativo,ninguna_relevante_para_el_periodo,La ventana entre 2026-04-01 y 2026-04-30 muestra un balance de -3425000 COP y una cobertura estimada de 0.00 meses. Este resultado describe el periodo y no a la persona.,historia_controlada_recalculada_v2,train,fragilidad_sostenida,si,roadmap_14_mvp_estructurado_v3.0,fincoach_mvp_estructurado_v3.0,7b8e856b5b6ee50ef557f976555688ec0e5419f50a083a5b00cd52d483ebb0a5,4839000,0,0,0,5041000,3223000,0,0,0
VEN_0125_2,PERF_0125,dentro_del_mvp,2026-05-31,2026-04-01,2026-05-31,acumulada_61_dias,61,60,96.6667,8001000,0,703000,0,0,18812000,12149000,1974000,2847000,0,415000,412310,-9695690,23497287,24200287,26813000,-10811000,10811000,10695000,56,0.0,-63062.8415,0.2096,0.0,0.0808,0.0299,situacion_critica,calculado,alta,baja,evidencia_temporal_disponible,balance_negativo,ninguna_relevante_para_el_periodo,La ventana entre 2026-04-01 y 2026-05-31 muestra un balance de -10811000 COP y una cobertura estimada de 0.00 meses. Este resultado describe el periodo y no a la persona.,historia_controlada_recalculada_v2,train,fragilidad_sostenida,si,roadmap_14_mvp_estructurado_v3.0,fincoach_mvp_estructurado_v3.0,2b22516bbf4ff84f9eda4e908bd3b7d15f2fc437d410d68708480640f081b06c,8566000,138000,0,0,9911000,8901000,0,0,703000
VEN_0125_3,PERF_0125,dentro_del_mvp,2026-06-30,2026-04-01,2026-06-30,acumulada_91_dias,91,90,97.7778,11473000,0,1406000,0,0,29360000,17364000,2566000,5786000,910000,415000,412310,-16068690,23497287,24903287,40833000,-17887000,17887000,17068000,86,0.0,-19330.9314,0.1905,0.0,0.1092,0.0598,situacion_critica,calculado,alta,baja,evidencia_temporal_disponible,balance_negativo,ninguna_relevante_para_el_periodo,La ventana entre 2026-04-01 y 2026-06-30 muestra un balance de -17887000 COP y una cobertura estimada de 0.00 meses. Este resultado describe el periodo y no a la persona.,historia_controlada_recalculada_v2,train,fragilidad_sostenida,si,roadmap_14_mvp_estructurado_v3.0,fincoach_mvp_estructurado_v3.0,c473be50046b11b3b6fdb21622e70785b2d808a14b3eacc68414a1fc1f39c965,12741000,138000,0,0,13970000,15390000,0,910000,1406000
VEN_0126_1,PERF_0126,dentro_del_mvp,2026-04-30,2026-04-01,2026-04-30,acumulada_30_dias,30,30,93.3333,3371000,0,686000,0,0,10296000,6307000,478000,2501000,0,704000,612968,-5626032,22401436,23087436,13667000,-6925000,6925000,7459000,25,0.0,0.0,0.0,0.0,0.1691,0.0306,situacion_critica,calculado,alta,baja,evidencia_temporal_disponible,balance_negativo,ninguna_relevante_para_el_periodo,La ventana entre 2026-04-01 y 2026-04-30 muestra un balance de -6925000 COP y una cobertura estimada de 0.00 meses. Este resultado describe el periodo y no a la persona.,historia_controlada_recalculada_v2,train,situacion_critica,si,roadmap_14_mvp_estructurado_v3.0,fincoach_mvp_estructurado_v3.0,ce84788380866539f5a6ea52884a2ed4f7202ea2cff0bf668d582d98514dfef3,4057000,0,0,0,6251000,4045000,0,0,686000
VEN_0126_2,PERF_0126,dentro_del_mvp,2026-05-31,2026-04-01,2026-05-31,acumulada_61_dias,61,62,96.7742,6451000,0,1944000,240000,0,23298000,14455000,1707000,4237000,650000,1113000,612968,-14050032,22401436,24345436,29749000,-16847000,16847000,14663000,56,0.0,-45346.9945,0.0451,0.0,0.2251,0.0868,situacion_critica,calculado,alta,baja,evidencia_temporal_disponible,balance_negativo,ninguna_relevante_para_el_periodo,La ventana entre 2026-04-01 y 2026-05-31 muestra un balance de -16847000 COP y una cobertura estimada de 0.00 meses. Este resultado describe el periodo y no a la persona.,historia_controlada_recalculada_v2,train,situacion_critica,si,roadmap_14_mvp_estructurado_v3.0,fincoach_mvp_estructurado_v3.0,95a5207454e41e9a0e49449b1b01cdc58ad5fb5a38a748ec5764d8a329dd5265,8395000,240000,0,0,14202000,9096000,0,650000,1944000
VEN_0126_3,PERF_0126,dentro_del_mvp,2026-06-30,2026-04-01,2026-06-30,acumulada_91_dias,91,94,97.8723,9507000,0,3202000,240000,0,36300000,23849000,2276000,4237000,1221000,3581000,612968,-22738032,22401436,25032436,45807000,-26793000,26793000,23761000,86,0.0,-18248.2436,0.0452,0.0,0.2473,0.1174,situacion_critica,calculado,alta,baja,evidencia_temporal_disponible,balance_negativo,ninguna_relevante_para_el_periodo,La ventana entre 2026-04-01 y 2026-06-30 muestra un balance de -26793000 COP y una cobertura estimada de 0.00 meses. Este resultado describe el periodo y no a la persona.,historia_controlada_recalculada_v2,train,situacion_critica,si,roadmap_14_mvp_estructurado_v3.0,fincoach_mvp_estructurado_v3.0,fce9297ea0a0375b592788eba33d75ed623bdd2e49adf9d67b804d825cc652a7,12709000,240000,0,0,21687000,14613000,571000,650000,3202000
VEN_0127_1,PERF_0127,dentro_del_mvp,2026-04-30,2026-04-01,2026-04-30,acumulada_30_dias,30,30,96.6667,5163000,0,0,0,0,4530000,2813000,718000,194000,0,172000,10680870,11313870,0,0,9693000,633000,0,2238000,2,0.9929,0.0,0.0,4.022,0.0,0.0,acumulacion_estable,calculado,alta,baja,balance_no_negativo,sin_factor_dominante,ninguna_relevante_para_el_periodo,La ventana entre 2026-04-01 y 2026-04-30 muestra un balance de 633000 COP y una cobertura estimada de 4.02 meses. Este resultado describe el periodo y no a la persona.,historia_controlada_recalculada_v2,train,acumulacion_estable,si,roadmap_14_mvp_estructurado_v3.0,fincoach_mvp_estructurado_v3.0,d107bd4309323c9e4926fc4045f7ebeb3c13521739c72c15c6408672cceb33ea,5163000,0,0,0,2089000,2441000,0,0,0
VEN_0127_2,PERF_0127,dentro_del_mvp,2026-05-31,2026-04-01,2026-05-31,acumulada_61_dias,61,63,98.4127,14308000,0,0,220000,0,9060000,5153000,718000,1444000,0,884000,10680870,16148870,0,0,23368000,5248000,0,2238000,2,0.9864,64932.7869,0.2783,6.2678,0.0,0.0,variable_resiliente,calculado,alta,baja,balance_no_negativo,sin_factor_dominante,ninguna_relevante_para_el_periodo,La ventana entre 2026-04-01 y 2026-05-31 muestra un balance de 5248000 COP y una cobertura estimada de 6.27 meses. Este resultado describe el periodo y no a la persona.,historia_controlada_recalculada_v2,train,acumulacion_estable,si,roadmap_14_mvp_estructurado_v3.0,fincoach_mvp_estructurado_v3.0,955fdb05644b53253dc43272f2097557cdc68dabfa5e30b89003393b4c56ba3d,14308000,220000,0,0,4692000,4368000,0,0,0
VEN_0127_3,PERF_0127,dentro_del_mvp,2026-06-30,2026-04-01,2026-06-30,acumulada_91_dias,91,95,97.8947,22268000,0,0,220000,0,13590000,7887000,978000,2486000,0,884000,10680870,19578870,0,0,35858000,8678000,0,2238000,0,1.0,9329.8505,0.2249,7.4473,0.0,0.0,variable_resiliente,calculado,alta,baja,balance_no_negativo,sin_factor_dominante,ninguna_relevante_para_el_periodo,La ventana entre 2026-04-01 y 2026-06-30 muestra un balance de 8678000 COP y una cobertura estimada de 7.45 meses. Este resultado describe el periodo y no a la persona.,historia_controlada_recalculada_v2,train,acumulacion_estable,si,roadmap_14_mvp_estructurado_v3.0,fincoach_mvp_estructurado_v3.0,09648e8d2733df8e5b9ddfba5ae16efd01c78efe0bb597cc00bc807de506ff22,22268000,220000,0,0,7630000,5960000,0,0,0
VEN_0128_1,PERF_0128,dentro_del_mvp,2026-04-30,2026-04-01,2026-04-30,acumulada_30_dias,30,27,100.0,560000,0,0,0,0,7505000,3468000,474000,1957000,1054000,0,16622110,9677110,9148664,9148664,8065000,-6945000,6945000,6945000,29,0.5822,0.0,0.0,2.7904,0.0,0.0,uso_planificado_reserva,calculado,alta,baja,evidencia_temporal_disponible,balance_negativo,ninguna_relevante_para_el_periodo,La ventana entre 2026-04-01 y 2026-04-30 muestra un balance de -6945000 COP y una cobertura estimada de 2.79 meses. Este resultado describe el periodo y no a la persona.,historia_controlada_recalculada_v2,train,equilibrio_sostenible,si,roadmap_14_mvp_estructurado_v3.0,fincoach_mvp_estructurado_v3.0,a22723e5d30d80a7c1ab26543db14a51ab3810139115ee59b462453bf75716b8,560000,0,0,0,3103000,4402000,0,1054000,0
VEN_0128_2,PERF_0128,dentro_del_mvp,2026-05-31,2026-04-01,2026-05-31,acumulada_61_dias,61,56,100.0,1120000,0,0,0,0,15010000,7032000,1473000,2920000,1880000,823000,16622110,2732110,9148664,8496664,16130000,-13890000,13890000,13890000,60,0.1644,3795.082,0.0,0.7771,0.0,-0.0713,fragilidad_sostenida,calculado,alta,baja,evidencia_temporal_disponible,balance_negativo,ninguna_relevante_para_el_periodo,La ventana entre 2026-04-01 y 2026-05-31 muestra un balance de -13890000 COP y una cobertura estimada de 0.78 meses. Este resultado describe el periodo y no a la persona.,historia_controlada_recalculada_v2,train,equilibrio_sostenible,si,roadmap_14_mvp_estructurado_v3.0,fincoach_mvp_estructurado_v3.0,9d05c9574046a1fb6db5fc88f932fdf86455ea9488413fdfbdadca1b934060f6,1120000,0,0,0,6688000,8322000,652000,1228000,0
VEN_0128_3,PERF_0128,dentro_del_mvp,2026-06-30,2026-04-01,2026-06-30,acumulada_91_dias,91,84,100.0,1680000,0,0,0,0,22515000,10620000,2802000,3708000,1880000,1046000,16622110,-4212890,9148664,8496664,24195000,-20835000,20835000,20835000,90,0.0,-1251.1259,0.0,0.0,0.0,-0.0713,situacion_critica,calculado,alta,baja,evidencia_temporal_disponible,balance_negativo,ninguna_relevante_para_el_periodo,La ventana entre 2026-04-01 y 2026-06-30 muestra un balance de -20835000 COP y una cobertura estimada de 0.00 meses. Este resultado describe el periodo y no a la persona.,historia_controlada_recalculada_v2,train,equilibrio_sostenible,si,roadmap_14_mvp_estructurado_v3.0,fincoach_mvp_estructurado_v3.0,71f99098b10a004541d8c9b9881010b0fe5bb5df8139b5b17bfcc7725baabdd7,1680000,0,0,0,9615000,12900000,652000,1228000,0
VEN_0129_1,PERF_0129,dentro_del_mvp,2026-04-30,2026-04-01,2026-04-30,acumulada_30_dias,30,34,97.0588,4479000,0,0,0,0,3932000,2212000,605000,0,393000,326000,9666158,10213158,6275912,6171912,8411000,547000,0,1947000,4,0.933,0.0,0.0,4.6172,0.0,-0.0166,acumulacion_estable,calculado,alta,baja,balance_no_negativo,sin_factor_dominante,ninguna_relevante_para_el_periodo,La ventana entre 2026-04-01 y 2026-04-30 muestra un balance de 547000 COP y una cobertura estimada de 4.62 meses. Este resultado describe el periodo y no a la persona.,historia_controlada_recalculada_v2,train,variable_resiliente,si,roadmap_14_mvp_estructurado_v3.0,fincoach_mvp_estructurado_v3.0,3eb05eb853e915824c44f41d33ee18891215b0a376597c68cbe84c22b2190be9,4479000,0,0,0,2269000,1663000,104000,289000,0
VEN_0129_2,PERF_0129,dentro_del_mvp,2026-05-31,2026-04-01,2026-05-31,acumulada_61_dias,61,67,94.0299,7742000,0,0,0,0,9199000,6242000,829000,247000,393000,407000,9666158,8209158,6275912,6171912,16941000,-1457000,1457000,4774000,35,0.75,-42118.5792,0.1571,2.6303,0.0,-0.0166,uso_planificado_reserva,calculado,alta,baja,evidencia_temporal_disponible,balance_negativo,ninguna_relevante_para_el_periodo,La ventana entre 2026-04-01 y 2026-05-31 muestra un balance de -1457000 COP y una cobertura estimada de 2.63 meses. Este resultado describe el periodo y no a la persona.,historia_controlada_recalculada_v2,train,variable_resiliente,si,roadmap_14_mvp_estructurado_v3.0,fincoach_mvp_estructurado_v3.0,379a2e2b5ae3303154446e9007bdeab71cbe7a530652d6e008e9f928a09e3515,6785000,957000,0,0,4605000,4594000,104000,289000,0
VEN_0129_3,PERF_0129,dentro_del_mvp,2026-06-30,2026-04-01,2026-06-30,acumulada_91_dias,91,100,95.0,11146000,0,0,230000,0,14466000,9412000,1094000,882000,672000,588000,9666158,6576158,6275912,6059912,25612000,-3320000,3320000,5268000,65,0.6008,-12598.2706,0.1462,2.0961,0.0,-0.0344,uso_planificado_reserva,calculado,alta,baja,evidencia_temporal_disponible,balance_negativo,ninguna_relevante_para_el_periodo,La ventana entre 2026-04-01 y 2026-06-30 muestra un balance de -3320000 COP y una cobertura estimada de 2.10 meses. Este resultado describe el periodo y no a la persona.,historia_controlada_recalculada_v2,train,variable_resiliente,si,roadmap_14_mvp_estructurado_v3.0,fincoach_mvp_estructurado_v3.0,df9d2fd0a331214ae3bdaeb58e8014e7f1f1c39147258305e4b638baf3dc4558,10189000,1187000,0,0,7144000,7322000,216000,456000,0
VEN_0130_1,PERF_0130,dentro_del_mvp,2026-04-30,2026-04-01,2026-04-30,acumulada_30_dias,30,24,91.6667,700000,0,0,0,0,4058000,2793000,83000,736000,0,56000,16494349,13136349,7061417,7061417,4758000,-3358000,3358000,3358000,26,0.7964,0.0,0.0,4.7033,0.0,0.0,uso_planificado_reserva,calculado,alta,baja,evidencia_temporal_disponible,balance_negativo,ninguna_relevante_para_el_periodo,La ventana entre 2026-04-01 y 2026-04-30 muestra un balance de -3358000 COP y una cobertura estimada de 4.70 meses. Este resultado describe el periodo y no a la persona.,historia_controlada_recalculada_v2,train,uso_planificado_reserva,si,roadmap_14_mvp_estructurado_v3.0,fincoach_mvp_estructurado_v3.0,0d17fbda8525920a9b59a8b247b1faa9cf7459e351ffe0bc2d3bddcc541a8e65,700000,0,0,0,2192000,1866000,0,0,0
VEN_0130_2,PERF_0130,dentro_del_mvp,2026-05-31,2026-04-01,2026-05-31,acumulada_61_dias,61,53,94.3396,1400000,0,0,0,0,14731000,8804000,652000,1519000,1254000,725000,16494349,3163349,7061417,7061417,16131000,-13331000,13331000,13331000,57,0.1918,-106607.6503,0.0,0.7186,0.0,0.0,deterioro_reciente,calculado,alta,baja,evidencia_temporal_disponible,balance_negativo,ninguna_relevante_para_el_periodo,La ventana entre 2026-04-01 y 2026-05-31 muestra un balance de -13331000 COP y una cobertura estimada de 0.72 meses. Este resultado describe el periodo y no a la persona.,historia_controlada_recalculada_v2,train,uso_planificado_reserva,si,roadmap_14_mvp_estructurado_v3.0,fincoach_mvp_estructurado_v3.0,ce4d1f869a61910fab6888ae9d5ad228377f9365ceb918c361d73e4b5370e721,1400000,0,0,0,7869000,6862000,0,1254000,0
VEN_0130_3,PERF_0130,dentro_del_mvp,2026-06-30,2026-04-01,2026-06-30,acumulada_91_dias,91,77,96.1039,2100000,464000,0,0,0,25404000,15249000,772000,2822000,2859000,1467000,16494349,-6345651,7061417,6190417,27968000,-22840000,22840000,22840000,87,0.0,-32448.0274,0.0,0.0,0.181,-0.1233,situacion_critica,calculado,alta,baja,evidencia_temporal_disponible,balance_negativo,ninguna_relevante_para_el_periodo,La ventana entre 2026-04-01 y 2026-06-30 muestra un balance de -22840000 COP y una cobertura estimada de 0.00 meses. Este resultado describe el periodo y no a la persona.,historia_controlada_recalculada_v2,train,uso_planificado_reserva,si,roadmap_14_mvp_estructurado_v3.0,fincoach_mvp_estructurado_v3.0,b91f9a377d3a8cd043c4b02ce787087bc834fdbfc03fba9446f8857ffba73efc,2100000,464000,0,0,13200000,12204000,871000,1988000,0
VEN_0131_1,PERF_0131,dentro_del_mvp,2026-04-30,2026-04-01,2026-04-30,acumulada_30_dias,30,26,96.1538,2000000,0,0,0,0,9903000,6164000,560000,1261000,0,368000,22112305,14209305,4058484,4058484,11903000,-7903000,7903000,7903000,28,0.6426,0.0,0.0,2.3052,0.0,0.0,uso_planificado_reserva,calculado,alta,baja,evidencia_temporal_disponible,balance_negativo,ninguna_relevante_para_el_periodo,La ventana entre 2026-04-01 y 2026-04-30 muestra un balance de -7903000 COP y una cobertura estimada de 2.31 meses. Este resultado describe el periodo y no a la persona.,historia_controlada_recalculada_v2,train,deterioro_reciente,si,roadmap_14_mvp_estructurado_v3.0,fincoach_mvp_estructurado_v3.0,3c77a812dbdd005a50bff664c2a1c65a609a822d92aedc0e38c1ead1b5492a6d,2000000,0,0,0,4445000,5458000,0,0,0
VEN_0131_2,PERF_0131,dentro_del_mvp,2026-05-31,2026-04-01,2026-05-31,acumulada_61_dias,61,55,92.7273,4000000,665000,0,70000,0,19806000,11989000,763000,2825000,364000,694000,22112305,7041305,4058484,4058484,24471000,-15141000,15141000,15071000,59,0.3184,15220.2186,0.0,1.1746,0.1404,0.0,fragilidad_sostenida,calculado,alta,baja,evidencia_temporal_disponible,balance_negativo,ninguna_relevante_para_el_periodo,La ventana entre 2026-04-01 y 2026-05-31 muestra un balance de -15141000 COP y una cobertura estimada de 1.17 meses. Este resultado describe el periodo y no a la persona.,historia_controlada_recalculada_v2,train,deterioro_reciente,si,roadmap_14_mvp_estructurado_v3.0,fincoach_mvp_estructurado_v3.0,bb46d6d498bc75b9946a7a4ad125154dd6d0150e048fbe2511ee09c204648da5,4000000,735000,0,0,8371000,11435000,0,364000,0
VEN_0131_3,PERF_0131,dentro_del_mvp,2026-06-30,2026-04-01,2026-06-30,acumulada_91_dias,91,84,91.6667,6000000,665000,0,70000,0,34191000,17865000,1891000,7302000,1351000,876000,22112305,-5343695,4058484,4058484,40856000,-27526000,27526000,27456000,89,0.0,-54270.4017,0.0,0.0,0.0987,0.0,situacion_critica,calculado,alta,baja,evidencia_temporal_disponible,balance_negativo,ninguna_relevante_para_el_periodo,La ventana entre 2026-04-01 y 2026-06-30 muestra un balance de -27526000 COP y una cobertura estimada de 0.00 meses. Este resultado describe el periodo y no a la persona.,historia_controlada_recalculada_v2,train,deterioro_reciente,si,roadmap_14_mvp_estructurado_v3.0,fincoach_mvp_estructurado_v3.0,2bc86e46e928c19c020cd966d143a00fdd88a6ff5bced6162a0189fbbac1675e,6000000,735000,0,0,13744000,20447000,0,1351000,0
VEN_0132_1,PERF_0132,dentro_del_mvp,2026-04-30,2026-04-01,2026-04-30,acumulada_30_dias,30,26,100.0,0,609000,0,40000,0,7192000,4696000,990000,0,634000,276000,1441060,-5101940,17329856,17329856,7801000,-6583000,6583000,6543000,28,0.0,0.0,0.0,0.0,0.9384,0.0,situacion_critica,calculado,alta,baja,evidencia_temporal_disponible,balance_negativo,motivo_de_periodos_sin_ingreso,La ventana entre 2026-04-01 y 2026-04-30 muestra un balance de -6583000 COP y una cobertura estimada de 0.00 meses. Este resultado describe el periodo y no a la persona.,historia_controlada_recalculada_v2,test,fragilidad_sostenida,si,roadmap_14_mvp_estructurado_v3.0,fincoach_mvp_estructurado_v3.0,929f8d176d3c284525fe0d63ebb56e7f4d99a4a895b2a47a503978188dfc671f,0,649000,0,1,2410000,4782000,0,634000,0
VEN_0132_2,PERF_0132,dentro_del_mvp,2026-05-31,2026-04-01,2026-05-31,acumulada_61_dias,61,52,100.0,0,609000,612000,40000,0,16372000,8903000,1920000,3160000,988000,276000,1441060,-13669940,17329856,17941856,16981000,-15763000,15763000,15723000,59,0.0,-38976.5027,0.0,0.0,0.9683,0.0353,situacion_critica,calculado,alta,baja,evidencia_temporal_disponible,balance_negativo,motivo_de_periodos_sin_ingreso,La ventana entre 2026-04-01 y 2026-05-31 muestra un balance de -15763000 COP y una cobertura estimada de 0.00 meses. Este resultado describe el periodo y no a la persona.,historia_controlada_recalculada_v2,test,fragilidad_sostenida,si,roadmap_14_mvp_estructurado_v3.0,fincoach_mvp_estructurado_v3.0,4844e6a6f4c7148fd160b33f8d20b41f70c6bbe2daabd303066996fcdb196634,612000,649000,0,2,6846000,9526000,0,988000,612000
VEN_0132_3,PERF_0132,dentro_del_mvp,2026-06-30,2026-04-01,2026-06-30,acumulada_91_dias,91,78,98.7179,0,962000,1224000,40000,0,25552000,13894000,3857000,3779000,988000,276000,1441060,-21884940,17329856,18553856,26514000,-24590000,24590000,23326000,89,0.0,-11809.9442,0.0,0.0,0.982,0.0706,situacion_critica,calculado,alta,baja,evidencia_temporal_disponible,balance_negativo,motivo_de_periodos_sin_ingreso,La ventana entre 2026-04-01 y 2026-06-30 muestra un balance de -24590000 COP y una cobertura estimada de 0.00 meses. Este resultado describe el periodo y no a la persona.,historia_controlada_recalculada_v2,test,fragilidad_sostenida,si,roadmap_14_mvp_estructurado_v3.0,fincoach_mvp_estructurado_v3.0,74281a1d79a9e0f1efee0682bf5aeb7316cf561936be2272e3e3a7774362c7d4,1224000,1002000,0,3,10827000,14725000,0,988000,1224000
VEN_0133_1,PERF_0133,dentro_del_mvp,2026-04-30,2026-04-01,2026-04-30,acumulada_30_dias,30,33,100.0,3021000,0,714000,0,0,10710000,4999000,1343000,2170000,648000,384000,1818755,-5156245,10798753,10864753,13731000,-7689000,7689000,6975000,29,0.0,0.0,0.0,0.0,0.1912,0.0061,situacion_critica,calculado,alta,baja,evidencia_temporal_disponible,balance_negativo,ninguna_relevante_para_el_periodo,La ventana entre 2026-04-01 y 2026-04-30 muestra un balance de -7689000 COP y una cobertura estimada de 0.00 meses. Este resultado describe el periodo y no a la persona.,historia_controlada_recalculada_v2,test,situacion_critica,si,roadmap_14_mvp_estructurado_v3.0,fincoach_mvp_estructurado_v3.0,157640e8d08cde66bbe98a23953d0a6a2cf21424c7ed626906272aad682b428d,714000,0,3021000,0,3670000,7040000,648000,0,714000
VEN_0133_2,PERF_0133,dentro_del_mvp,2026-05-31,2026-04-01,2026-05-31,acumulada_61_dias,61,53,100.0,3021000,0,2023000,240000,0,24235000,12616000,3740000,3823000,648000,384000,1818755,-17132245,10798753,12173753,27256000,-21214000,21214000,18951000,60,0.0,-91470.4918,1.0,0.0,0.3829,0.1273,situacion_critica,calculado,alta,baja,evidencia_temporal_disponible,balance_negativo,motivo_de_periodos_sin_ingreso,La ventana entre 2026-04-01 y 2026-05-31 muestra un balance de -21214000 COP y una cobertura estimada de 0.00 meses. Este resultado describe el periodo y no a la persona.,historia_controlada_recalculada_v2,test,situacion_critica,si,roadmap_14_mvp_estructurado_v3.0,fincoach_mvp_estructurado_v3.0,eaa19b253348d7fd8901721d73d6eb58543a84c1bf6f68fd717cfe9816bf12b6,2023000,240000,3021000,1,9497000,14738000,648000,0,2023000
VEN_0133_3,PERF_0133,dentro_del_mvp,2026-06-30,2026-04-01,2026-06-30,acumulada_91_dias,91,85,100.0,5697000,0,3332000,240000,0,37760000,23935000,5075000,3823000,648000,384000,1818755,-26672245,10798753,13482753,43457000,-32063000,32063000,29203000,90,0.0,-4570.1675,0.711,0.0,0.3595,0.2485,situacion_critica,calculado,alta,baja,evidencia_temporal_disponible,balance_negativo,motivo_de_periodos_sin_ingreso,La ventana entre 2026-04-01 y 2026-06-30 muestra un balance de -32063000 COP y una cobertura estimada de 0.00 meses. Este resultado describe el periodo y no a la persona.,historia_controlada_recalculada_v2,test,situacion_critica,si,roadmap_14_mvp_estructurado_v3.0,fincoach_mvp_estructurado_v3.0,13391f9caf343291c46babd0f1c76c4313a1ff660293cb66ef3674a79537ae8d,3332000,240000,5697000,1,16357000,21403000,648000,0,3332000
VEN_0134_1,PERF_0134,dentro_del_mvp,2026-04-30,2026-04-01,2026-04-30,acumulada_30_dias,30,33,96.9697,4529000,0,0,240000,0,2736000,1351000,678000,332000,0,326000,1931547,3964547,0,0,7265000,1793000,0,1549000,2,0.9863,0.0,0.0,2.9345,0.0,0.0,equilibrio_sostenible,calculado,alta,baja,balance_no_negativo,sin_factor_dominante,ninguna_relevante_para_el_periodo,La ventana entre 2026-04-01 y 2026-04-30 muestra un balance de 1793000 COP y una cobertura estimada de 2.93 meses. Este resultado describe el periodo y no a la persona.,historia_controlada_recalculada_v2,train,acumulacion_estable,si,roadmap_14_mvp_estructurado_v3.0,fincoach_mvp_estructurado_v3.0,a92761f547480dcb16d6d0051dd4edb14ac0626863f1adde40b76dcb629202b5,1490000,3279000,0,0,1326000,1410000,0,0,0
VEN_0134_2,PERF_0134,dentro_del_mvp,2026-05-31,2026-04-01,2026-05-31,acumulada_61_dias,61,66,98.4848,9276000,0,0,240000,0,5472000,3005000,1114000,501000,0,392000,1931547,5975547,0,0,14748000,3804000,0,1549000,3,0.9953,2593.9891,0.0235,3.9771,0.0,0.0,acumulacion_estable,calculado,alta,baja,balance_no_negativo,sin_factor_dominante,ninguna_relevante_para_el_periodo,La ventana entre 2026-04-01 y 2026-05-31 muestra un balance de 3804000 COP y una cobertura estimada de 3.98 meses. Este resultado describe el periodo y no a la persona.,historia_controlada_recalculada_v2,train,acumulacion_estable,si,roadmap_14_mvp_estructurado_v3.0,fincoach_mvp_estructurado_v3.0,28d53b32db36a25ce50d67547b3e13e8c1d03072a124ef068810851348586846,1490000,8026000,0,0,2691000,2781000,0,0,0
VEN_0134_3,PERF_0134,dentro_del_mvp,2026-06-30,2026-04-01,2026-06-30,acumulada_91_dias,91,98,98.9796,13823000,0,0,340000,0,8208000,4516000,1404000,886000,0,513000,1931547,7886547,0,0,22031000,5615000,0,1549000,2,0.9927,-657.359,0.0214,5.2391,0.0,0.0,acumulacion_estable,calculado,alta,baja,balance_no_negativo,sin_factor_dominante,ninguna_relevante_para_el_periodo,La ventana entre 2026-04-01 y 2026-06-30 muestra un balance de 5615000 COP y una cobertura estimada de 5.24 meses. Este resultado describe el periodo y no a la persona.,historia_controlada_recalculada_v2,train,acumulacion_estable,si,roadmap_14_mvp_estructurado_v3.0,fincoach_mvp_estructurado_v3.0,d5fb8e170e7fc8a7b98969efaf5dc3ff58d2d68a473c0e8cd5f270000195488a,4824000,9339000,0,0,3853000,4355000,0,0,0
VEN_0135_1,PERF_0135,dentro_del_mvp,2026-04-30,2026-04-01,2026-04-30,acumulada_30_dias,30,18,94.4444,0,0,0,0,0,2825000,1639000,390000,246000,0,219000,6838931,4013931,0,0,2825000,-2825000,2825000,2825000,29,0.5869,0.0,0.0,2.449,0.0,0.0,uso_planificado_reserva,calculado,alta,baja,evidencia_temporal_disponible,balance_negativo,motivo_de_periodos_sin_ingreso,La ventana entre 2026-04-01 y 2026-04-30 muestra un balance de -2825000 COP y una cobertura estimada de 2.45 meses. Este resultado describe el periodo y no a la persona.,historia_controlada_recalculada_v2,train,equilibrio_sostenible,si,roadmap_14_mvp_estructurado_v3.0,fincoach_mvp_estructurado_v3.0,927214b223c56ad7f0615d244ce63c0b86c129eba5274f20dd63a7e7e993c47a,0,0,0,1,1053000,1772000,0,0,0
VEN_0135_2,PERF_0135,dentro_del_mvp,2026-05-31,2026-04-01,2026-05-31,acumulada_61_dias,61,37,97.2973,0,0,0,230000,0,5650000,3523000,936000,246000,0,412000,6838931,1418931,0,0,5650000,-5650000,5650000,5650000,60,0.2075,1543.7158,0.0,0.8055,0.0,0.0,fragilidad_sostenida,calculado,alta,baja,evidencia_temporal_disponible,balance_negativo,motivo_de_periodos_sin_ingreso,La ventana entre 2026-04-01 y 2026-05-31 muestra un balance de -5650000 COP y una cobertura estimada de 0.81 meses. Este resultado describe el periodo y no a la persona.,historia_controlada_recalculada_v2,train,equilibrio_sostenible,si,roadmap_14_mvp_estructurado_v3.0,fincoach_mvp_estructurado_v3.0,775575a2cd3b77af71f4ca030d1141305c69e314acbac18724c20a9acd0ae48c,0,230000,0,2,2592000,3058000,0,0,0
VEN_0135_3,PERF_0135,dentro_del_mvp,2026-06-30,2026-04-01,2026-06-30,acumulada_91_dias,91,55,98.1818,0,0,0,230000,0,8475000,5053000,1234000,726000,0,613000,6838931,-1406069,0,0,8475000,-8475000,8475000,8245000,90,0.0,-508.9173,0.0,0.0,0.0,0.0,situacion_critica,calculado,alta,baja,evidencia_temporal_disponible,balance_negativo,motivo_de_periodos_sin_ingreso,La ventana entre 2026-04-01 y 2026-06-30 muestra un balance de -8475000 COP y una cobertura estimada de 0.00 meses. Este resultado describe el periodo y no a la persona.,historia_controlada_recalculada_v2,train,equilibrio_sostenible,si,roadmap_14_mvp_estructurado_v3.0,fincoach_mvp_estructurado_v3.0,cca67555fdd8da38d3d948d5795e9ec688ae6399cc93d0ec83cd047aa701d12a,0,230000,0,3,3836000,4639000,0,0,0
VEN_0136_1,PERF_0136,dentro_del_mvp,2026-04-30,2026-04-01,2026-04-30,acumulada_30_dias,30,33,96.9697,3851000,0,1184000,0,0,3786000,2167000,230000,459000,204000,262000,4733757,5982757,9208815,10188815,7637000,65000,0,1918000,19,0.7572,0.0,0.0,2.7608,0.2352,0.1064,equilibrio_sostenible,calculado,alta,baja,balance_no_negativo,sin_factor_dominante,ninguna_relevante_para_el_periodo,La ventana entre 2026-04-01 y 2026-04-30 muestra un balance de 65000 COP y una cobertura estimada de 2.76 meses. Este resultado describe el periodo y no a la persona.,historia_controlada_recalculada_v2,train,variable_resiliente,si,roadmap_14_mvp_estructurado_v3.0,fincoach_mvp_estructurado_v3.0,d8ba13eb8f89df85bc621d326513270c9bf27c8fee72adfb65fdf43fd234f2b2,3851000,1184000,0,0,1715000,2071000,204000,0,1184000
VEN_0136_2,PERF_0136,dentro_del_mvp,2026-05-31,2026-04-01,2026-05-31,acumulada_61_dias,61,66,96.9697,9364000,0,1184000,0,0,6432000,3533000,407000,878000,428000,373000,4733757,8849757,9208815,10188815,15796000,2932000,0,2607000,4,0.9559,45898.9071,0.1775,5.0098,0.1122,0.1064,variable_resiliente,calculado,alta,baja,balance_no_negativo,sin_factor_dominante,ninguna_relevante_para_el_periodo,La ventana entre 2026-04-01 y 2026-05-31 muestra un balance de 2932000 COP y una cobertura estimada de 5.01 meses. Este resultado describe el periodo y no a la persona.,historia_controlada_recalculada_v2,train,variable_resiliente,si,roadmap_14_mvp_estructurado_v3.0,fincoach_mvp_estructurado_v3.0,59630af22c79169670ef4fe39b7bbd8b0c576819754e32bdc189362b264cb523,8478000,2070000,0,0,2710000,3722000,204000,224000,1184000
VEN_0136_3,PERF_0136,dentro_del_mvp,2026-06-30,2026-04-01,2026-06-30,acumulada_91_dias,91,99,97.9798,14888000,0,1948000,0,0,9078000,5165000,595000,1220000,517000,514000,4733757,12491757,9208815,10952815,23966000,5810000,0,2607000,4,0.9828,15780.5801,0.1584,7.2556,0.1157,0.1894,variable_resiliente,calculado,alta,baja,balance_no_negativo,sin_factor_dominante,ninguna_relevante_para_el_periodo,La ventana entre 2026-04-01 y 2026-06-30 muestra un balance de 5810000 COP y una cobertura estimada de 7.26 meses. Este resultado describe el periodo y no a la persona.,historia_controlada_recalculada_v2,train,variable_resiliente,si,roadmap_14_mvp_estructurado_v3.0,fincoach_mvp_estructurado_v3.0,be548d7e9e88acd5d0a582e13ec5813d661b2a186a5f1b0cd3a0013cc2b1304e,14002000,2834000,0,0,3753000,5325000,204000,313000,1948000
VEN_0137_1,PERF_0137,dentro_del_mvp,2026-04-30,2026-04-01,2026-04-30,acumulada_30_dias,30,23,95.6522,500000,0,0,0,0,2356000,1045000,20000,670000,0,235000,10441496,8585496,0,0,2856000,-1856000,1856000,1856000,28,0.8222,0.0,0.0,8.2158,0.0,0.0,uso_planificado_reserva,calculado,alta,baja,evidencia_temporal_disponible,balance_negativo,ninguna_relevante_para_el_periodo,La ventana entre 2026-04-01 y 2026-04-30 muestra un balance de -1856000 COP y una cobertura estimada de 8.22 meses. Este resultado describe el periodo y no a la persona.,historia_controlada_recalculada_v2,train,uso_planificado_reserva,si,roadmap_14_mvp_estructurado_v3.0,fincoach_mvp_estructurado_v3.0,7d49476a9624a7ab05a4b8cd7d52d8edbbbe2ad748994efe545b1daecede189d,500000,0,0,0,886000,1470000,0,0,0
VEN_0137_2,PERF_0137,dentro_del_mvp,2026-05-31,2026-04-01,2026-05-31,acumulada_61_dias,61,47,97.8723,1000000,0,810000,0,0,8552000,5531000,454000,1946000,0,235000,10441496,3699496,0,810000,9552000,-7552000,7552000,7084000,59,0.3543,-61936.612,0.0,1.3377,0.4475,810000.0,deterioro_reciente,calculado,alta,baja,evidencia_temporal_disponible,balance_negativo,ninguna_relevante_para_el_periodo,La ventana entre 2026-04-01 y 2026-05-31 muestra un balance de -7552000 COP y una cobertura estimada de 1.34 meses. Este resultado describe el periodo y no a la persona.,historia_controlada_recalculada_v2,train,uso_planificado_reserva,si,roadmap_14_mvp_estructurado_v3.0,fincoach_mvp_estructurado_v3.0,55c21fabee656b4912bb75aac96784c9498e073515d3c1883ec09a9b06e761ee,1000000,810000,0,0,3878000,4674000,0,0,810000
VEN_0137_3,PERF_0137,dentro_del_mvp,2026-06-30,2026-04-01,2026-06-30,acumulada_91_dias,91,71,98.5915,1500000,0,810000,0,0,14748000,9407000,1429000,2839000,0,235000,10441496,-1996504,0,810000,16248000,-13248000,13248000,12438000,89,0.0,-21779.1389,0.0,0.0,0.3506,810000.0,situacion_critica,calculado,alta,baja,evidencia_temporal_disponible,balance_negativo,ninguna_relevante_para_el_periodo,La ventana entre 2026-04-01 y 2026-06-30 muestra un balance de -13248000 COP y una cobertura estimada de 0.00 meses. Este resultado describe el periodo y no a la persona.,historia_controlada_recalculada_v2,train,uso_planificado_reserva,si,roadmap_14_mvp_estructurado_v3.0,fincoach_mvp_estructurado_v3.0,a943844420ed5d0294654e773b62fb8e53eb5d2ec105bfeda0fd9c8ba3be349d,1500000,810000,0,0,7121000,7627000,0,0,810000
VEN_0138_1,PERF_0138,dentro_del_mvp,2026-04-30,2026-04-01,2026-04-30,acumulada_30_dias,30,27,96.2963,0,0,0,0,125000,3845000,1986000,661000,816000,230000,0,10917570,7197570,4271533,4041533,3845000,-3845000,3845000,3720000,29,0.6593,0.0,0.0,3.6242,1.0,-0.0538,uso_planificado_reserva,calculado,alta,baja,evidencia_temporal_disponible,balance_negativo,motivo_de_periodos_sin_ingreso,La ventana entre 2026-04-01 y 2026-04-30 muestra un balance de -3845000 COP y una cobertura estimada de 3.62 meses. Este resultado describe el periodo y no a la persona.,historia_controlada_recalculada_v2,train,deterioro_reciente,si,roadmap_14_mvp_estructurado_v3.0,fincoach_mvp_estructurado_v3.0,915133234488880398d79ebe1ab9b40ad096d0481f7b23706fadaf2b393fe897,0,125000,0,1,1653000,2192000,230000,0,0
VEN_0138_2,PERF_0138,dentro_del_mvp,2026-05-31,2026-04-01,2026-05-31,acumulada_61_dias,61,52,96.1538,0,0,0,0,125000,7690000,4193000,957000,1521000,437000,39000,10917570,3352570,4271533,3927533,7690000,-7690000,7690000,7565000,60,0.3071,2101.0929,0.0,1.5991,1.0,-0.0805,fragilidad_sostenida,calculado,alta,baja,evidencia_temporal_disponible,balance_negativo,motivo_de_periodos_sin_ingreso,La ventana entre 2026-04-01 y 2026-05-31 muestra un balance de -7690000 COP y una cobertura estimada de 1.60 meses. Este resultado describe el periodo y no a la persona.,historia_controlada_recalculada_v2,train,deterioro_reciente,si,roadmap_14_mvp_estructurado_v3.0,fincoach_mvp_estructurado_v3.0,01b951bb65203603ceb266be05281dc209d5fc604389e97753b8f2107bddf80d,0,125000,0,2,3639000,4051000,344000,93000,0
VEN_0138_3,PERF_0138,dentro_del_mvp,2026-06-30,2026-04-01,2026-06-30,acumulada_91_dias,91,80,97.5,0,0,0,0,586000,13275000,7285000,1856000,1521000,813000,894000,10917570,-1771430,4271533,3551533,13275000,-13275000,13275000,12689000,90,0.0,-19813.5471,0.0,0.0,1.0,-0.1686,situacion_critica,calculado,alta,baja,evidencia_temporal_disponible,balance_negativo,motivo_de_periodos_sin_ingreso,La ventana entre 2026-04-01 y 2026-06-30 muestra un balance de -13275000 COP y una cobertura estimada de 0.00 meses. Este resultado describe el periodo y no a la persona.,historia_controlada_recalculada_v2,train,deterioro_reciente,si,roadmap_14_mvp_estructurado_v3.0,fincoach_mvp_estructurado_v3.0,703b6e286fdd82651d83ea9cbe01c09663fc3fd198f5215ec974af7c4eab299b,0,586000,0,3,5765000,7510000,720000,93000,0
VEN_0139_1,PERF_0139,dentro_del_mvp,2026-04-30,2026-04-01,2026-04-30,acumulada_30_dias,30,31,96.7742,0,500000,0,0,0,2538000,986000,283000,843000,81000,125000,579032,-1458968,3139317,3058317,3038000,-2038000,2038000,2038000,28,0.0,0.0,0.0,0.0,1.0,-0.0258,situacion_critica,calculado,alta,baja,evidencia_temporal_disponible,balance_negativo,motivo_de_periodos_sin_ingreso,La ventana entre 2026-04-01 y 2026-04-30 muestra un balance de -2038000 COP y una cobertura estimada de 0.00 meses. Este resultado describe el periodo y no a la persona.,historia_controlada_recalculada_v2,train,fragilidad_sostenida,si,roadmap_14_mvp_estructurado_v3.0,fincoach_mvp_estructurado_v3.0,edd24e987f9f2f4dffada32180e6269b186994ad4aaffdd2d9b39e0870db7ade,500000,0,0,1,922000,1616000,81000,0,0
VEN_0139_2,PERF_0139,dentro_del_mvp,2026-05-31,2026-04-01,2026-05-31,acumulada_61_dias,61,62,96.7742,0,1000000,216000,0,53000,5778000,3147000,341000,1515000,256000,125000,579032,-3929968,3139317,3200317,6778000,-4778000,4778000,4509000,59,0.0,-10394.5355,0.0,0.0,1.0,0.0194,situacion_critica,calculado,alta,baja,evidencia_temporal_disponible,balance_negativo,motivo_de_periodos_sin_ingreso,La ventana entre 2026-04-01 y 2026-05-31 muestra un balance de -4778000 COP y una cobertura estimada de 0.00 meses. Este resultado describe el periodo y no a la persona.,historia_controlada_recalculada_v2,train,fragilidad_sostenida,si,roadmap_14_mvp_estructurado_v3.0,fincoach_mvp_estructurado_v3.0,44d968598de64024ebcf698f6cab8fadc50bda2c0c3f3c82afc4226060e580ef,1216000,53000,0,2,2285000,3493000,155000,101000,216000
VEN_0139_3,PERF_0139,dentro_del_mvp,2026-06-30,2026-04-01,2026-06-30,acumulada_91_dias,91,95,97.8947,0,1500000,432000,0,53000,9018000,4814000,897000,1808000,256000,389000,579032,-6453968,3139317,3416317,10518000,-7518000,7518000,7108000,89,0.0,-4287.5158,0.0,0.0,1.0,0.0882,situacion_critica,calculado,alta,baja,evidencia_temporal_disponible,balance_negativo,motivo_de_periodos_sin_ingreso,La ventana entre 2026-04-01 y 2026-06-30 muestra un balance de -7518000 COP y una cobertura estimada de 0.00 meses. Este resultado describe el periodo y no a la persona.,historia_controlada_recalculada_v2,train,fragilidad_sostenida,si,roadmap_14_mvp_estructurado_v3.0,fincoach_mvp_estructurado_v3.0,d0d8fad91c60d43f009fc062f2c19fdf4eb9cedc64452cd7e17bdb725a41d684,1932000,53000,0,3,3648000,5370000,155000,101000,432000
VEN_0140_1,PERF_0140,dentro_del_mvp,2026-04-30,2026-04-01,2026-04-30,acumulada_30_dias,30,25,100.0,500000,0,307000,170000,275000,4608000,2458000,323000,1081000,0,0,171200,-3184800,10194475,10501475,5108000,-4108000,4108000,3612000,28,0.0,0.0,0.0,0.0,0.4649,0.0301,situacion_critica,calculado,alta,baja,evidencia_temporal_disponible,balance_negativo,ninguna_relevante_para_el_periodo,La ventana entre 2026-04-01 y 2026-04-30 muestra un balance de -4108000 COP y una cobertura estimada de 0.00 meses. Este resultado describe el periodo y no a la persona.,historia_controlada_recalculada_v2,test,situacion_critica,si,roadmap_14_mvp_estructurado_v3.0,fincoach_mvp_estructurado_v3.0,a1d6fb6e2bcc10b6215462b5164167c1cc89d7034327c3ce25c46549cff3f59d,807000,445000,0,0,1716000,2892000,0,0,307000
VEN_0140_2,PERF_0140,dentro_del_mvp,2026-05-31,2026-04-01,2026-05-31,acumulada_61_dias,61,50,98.0,1000000,0,307000,170000,275000,10427000,5288000,989000,2289000,345000,0,171200,-8503800,10194475,10501475,11427000,-9427000,9427000,8675000,59,0.0,-17607.6503,0.0,0.0,0.3322,0.0301,situacion_critica,calculado,alta,baja,evidencia_temporal_disponible,balance_negativo,ninguna_relevante_para_el_periodo,La ventana entre 2026-04-01 y 2026-05-31 muestra un balance de -9427000 COP y una cobertura estimada de 0.00 meses. Este resultado describe el periodo y no a la persona.,historia_controlada_recalculada_v2,test,situacion_critica,si,roadmap_14_mvp_estructurado_v3.0,fincoach_mvp_estructurado_v3.0,e3ec1a44320306e0033e24790b37c2daa3ce4f3f86264fa94778fb498f9772c1,1307000,445000,0,0,3967000,6460000,0,345000,307000
VEN_0140_3,PERF_0140,dentro_del_mvp,2026-06-30,2026-04-01,2026-06-30,acumulada_91_dias,91,78,94.8718,1500000,0,870000,280000,275000,16246000,8526000,1310000,3246000,1025000,271000,171200,-13149800,10194475,10649475,17746000,-14746000,14746000,13321000,89,0.0,-7502.9724,0.0,0.0,0.3915,0.0446,situacion_critica,calculado,alta,baja,evidencia_temporal_disponible,balance_negativo,ninguna_relevante_para_el_periodo,La ventana entre 2026-04-01 y 2026-06-30 muestra un balance de -14746000 COP y una cobertura estimada de 0.00 meses. Este resultado describe el periodo y no a la persona.,historia_controlada_recalculada_v2,test,situacion_critica,si,roadmap_14_mvp_estructurado_v3.0,fincoach_mvp_estructurado_v3.0,95f004263b6112368758890c8990408896f2a09433f5cf851e4170ad74013df2,2370000,555000,0,0,6398000,9848000,415000,610000,870000
VEN_0141_1,PERF_0141,dentro_del_mvp,2026-04-30,2026-04-01,2026-04-30,acumulada_30_dias,30,29,100.0,5112000,0,0,0,0,6825000,3376000,315000,1214000,894000,568000,16591655,14878655,11888568,11888568,11937000,-1713000,1713000,4820000,29,0.8968,0.0,0.0,4.4072,0.0,0.0,uso_planificado_reserva,calculado,alta,baja,evidencia_temporal_disponible,balance_negativo,ninguna_relevante_para_el_periodo,La ventana entre 2026-04-01 y 2026-04-30 muestra un balance de -1713000 COP y una cobertura estimada de 4.41 meses. Este resultado describe el periodo y no a la persona.,historia_controlada_recalculada_v2,train,acumulacion_estable,si,roadmap_14_mvp_estructurado_v3.0,fincoach_mvp_estructurado_v3.0,f3bfea0e4577c9e02ef8ab28d141ed443d1f257e6426472fb043c6aca853c5eb,5112000,0,0,0,4270000,2555000,0,894000,0
VEN_0141_2,PERF_0141,dentro_del_mvp,2026-05-31,2026-04-01,2026-05-31,acumulada_61_dias,61,61,98.3607,18540000,0,0,110000,0,13650000,7432000,625000,2667000,1526000,733000,16591655,21591655,11888568,11256568,32190000,4890000,0,4820000,10,0.9605,137263.9344,0.4485,5.8105,0.0,-0.0532,variable_resiliente,calculado,alta,baja,balance_no_negativo,sin_factor_dominante,ninguna_relevante_para_el_periodo,La ventana entre 2026-04-01 y 2026-05-31 muestra un balance de 4890000 COP y una cobertura estimada de 5.81 meses. Este resultado describe el periodo y no a la persona.,historia_controlada_recalculada_v2,train,acumulacion_estable,si,roadmap_14_mvp_estructurado_v3.0,fincoach_mvp_estructurado_v3.0,853a814c31870af1467fb950f4086d5f6dc8f9aec14cebc0975bf6a988b04cc5,18540000,110000,0,0,9035000,4615000,632000,894000,0
VEN_0141_3,PERF_0141,dentro_del_mvp,2026-06-30,2026-04-01,2026-06-30,acumulada_91_dias,91,93,97.8495,31487000,0,0,110000,0,20475000,11261000,1033000,4048000,2260000,733000,16591655,27713655,11888568,10851568,51962000,11012000,0,4820000,0,1.0,40847.0546,0.3632,7.3831,0.0,-0.0872,variable_resiliente,calculado,alta,baja,balance_no_negativo,sin_factor_dominante,ninguna_relevante_para_el_periodo,La ventana entre 2026-04-01 y 2026-06-30 muestra un balance de 11012000 COP y una cobertura estimada de 7.38 meses. Este resultado describe el periodo y no a la persona.,historia_controlada_recalculada_v2,train,acumulacion_estable,si,roadmap_14_mvp_estructurado_v3.0,fincoach_mvp_estructurado_v3.0,fedc6d0558e619819509c6f6faeaa45213a41dbd2881a5365a35d320a82cb958,31487000,110000,0,0,13182000,7293000,1037000,1223000,0
VEN_0142_1,PERF_0142,dentro_del_mvp,2026-04-30,2026-04-01,2026-04-30,acumulada_30_dias,30,29,96.5517,0,0,0,0,0,6660000,3638000,717000,779000,0,335000,9374467,2714467,0,0,6660000,-6660000,6660000,6660000,29,0.2896,0.0,0.0,0.7461,0.0,0.0,fragilidad_sostenida,calculado,alta,baja,evidencia_temporal_disponible,balance_negativo,motivo_de_periodos_sin_ingreso,La ventana entre 2026-04-01 y 2026-04-30 muestra un balance de -6660000 COP y una cobertura estimada de 0.75 meses. Este resultado describe el periodo y no a la persona.,historia_controlada_recalculada_v2,train,equilibrio_sostenible,si,roadmap_14_mvp_estructurado_v3.0,fincoach_mvp_estructurado_v3.0,710e5e1b34a3810bc0e192711c4a85f2e42f25a652371beef9f47fa770d9dde8,0,0,0,1,3383000,3277000,0,0,0
VEN_0142_2,PERF_0142,dentro_del_mvp,2026-05-31,2026-04-01,2026-05-31,acumulada_61_dias,61,57,94.7368,0,0,0,0,0,13320000,7292000,895000,2116000,0,1068000,9374467,-3945533,0,0,13320000,-13320000,13320000,13320000,60,0.0,3639.3443,0.0,0.0,0.0,0.0,situacion_critica,calculado,alta,baja,evidencia_temporal_disponible,balance_negativo,motivo_de_periodos_sin_ingreso,La ventana entre 2026-04-01 y 2026-05-31 muestra un balance de -13320000 COP y una cobertura estimada de 0.00 meses. Este resultado describe el periodo y no a la persona.,historia_controlada_recalculada_v2,train,equilibrio_sostenible,si,roadmap_14_mvp_estructurado_v3.0,fincoach_mvp_estructurado_v3.0,3aca2ce374da489896f34a22212662ebb7d113b14ee5052d3aa44f6a9a6bbac8,0,0,0,2,7346000,5974000,0,0,0
VEN_0142_3,PERF_0142,dentro_del_mvp,2026-06-30,2026-04-01,2026-06-30,acumulada_91_dias,91,85,95.2941,0,0,0,0,0,19980000,11170000,970000,3023000,0,1591000,9374467,-10605533,0,0,19980000,-19980000,19980000,19980000,90,0.0,-1199.7838,0.0,0.0,0.0,0.0,situacion_critica,calculado,alta,baja,evidencia_temporal_disponible,balance_negativo,motivo_de_periodos_sin_ingreso,La ventana entre 2026-04-01 y 2026-06-30 muestra un balance de -19980000 COP y una cobertura estimada de 0.00 meses. Este resultado describe el periodo y no a la persona.,historia_controlada_recalculada_v2,train,equilibrio_sostenible,si,roadmap_14_mvp_estructurado_v3.0,fincoach_mvp_estructurado_v3.0,f34f16191ffa9778cbec429c9064be7c5a026520025841b5973af1ee61a0704f,0,0,0,3,10192000,9788000,0,0,0
VEN_0143_1,PERF_0143,dentro_del_mvp,2026-04-30,2026-04-01,2026-04-30,acumulada_30_dias,30,32,100.0,5558000,0,0,0,0,5010000,2853000,203000,1363000,228000,121000,14139321,14687321,9766422,9538422,10568000,548000,0,1429000,5,0.9669,0.0,0.0,5.148,0.0,-0.0233,acumulacion_estable,calculado,alta,baja,balance_no_negativo,sin_factor_dominante,ninguna_relevante_para_el_periodo,La ventana entre 2026-04-01 y 2026-04-30 muestra un balance de 548000 COP y una cobertura estimada de 5.15 meses. Este resultado describe el periodo y no a la persona.,historia_controlada_recalculada_v2,validation,variable_resiliente,si,roadmap_14_mvp_estructurado_v3.0,fincoach_mvp_estructurado_v3.0,bc0c85e2637fdcee035b1fc33265fc75e169c34c70d1bcf91980a3fca9f4f80e,5558000,0,0,0,2325000,2685000,228000,0,0
VEN_0143_2,PERF_0143,dentro_del_mvp,2026-05-31,2026-04-01,2026-05-31,acumulada_61_dias,61,64,98.4375,10174000,0,0,0,0,11721000,6050000,701000,2908000,541000,437000,14139321,12592321,9766422,9538422,21895000,-1547000,1547000,3847000,36,0.829,-43627.3224,0.0926,4.1628,0.0,-0.0233,uso_planificado_reserva,calculado,alta,baja,evidencia_temporal_disponible,balance_negativo,ninguna_relevante_para_el_periodo,La ventana entre 2026-04-01 y 2026-05-31 muestra un balance de -1547000 COP y una cobertura estimada de 4.16 meses. Este resultado describe el periodo y no a la persona.,historia_controlada_recalculada_v2,validation,variable_resiliente,si,roadmap_14_mvp_estructurado_v3.0,fincoach_mvp_estructurado_v3.0,3fc096d6022d236a811747635b8bcd679c691e26b6adb352fd1511b32e7d08ff,9835000,339000,0,0,5237000,6484000,228000,313000,0
VEN_0143_3,PERF_0143,dentro_del_mvp,2026-06-30,2026-04-01,2026-06-30,acumulada_91_dias,91,95,96.8421,17468000,0,0,0,0,15222000,8254000,1035000,3090000,977000,539000,14139321,16385321,9766422,9217422,32690000,2246000,0,3847000,5,0.9734,50041.9744,0.1905,5.9554,0.0,-0.0562,variable_resiliente,calculado,alta,baja,balance_no_negativo,sin_factor_dominante,ninguna_relevante_para_el_periodo,La ventana entre 2026-04-01 y 2026-06-30 muestra un balance de 2246000 COP y una cobertura estimada de 5.96 meses. Este resultado describe el periodo y no a la persona.,historia_controlada_recalculada_v2,validation,variable_resiliente,si,roadmap_14_mvp_estructurado_v3.0,fincoach_mvp_estructurado_v3.0,4b402bd2bc6661a50c6bf0e4384bd83689c7025b2ed81c7db8638c6ac0ec0d17,17129000,339000,0,0,7459000,7763000,549000,428000,0
VEN_0144_1,PERF_0144,dentro_del_mvp,2026-04-30,2026-04-01,2026-04-30,acumulada_30_dias,30,19,100.0,500000,0,0,0,0,3329000,2079000,0,574000,0,136000,8833944,6004944,0,0,3829000,-2829000,2829000,2829000,29,0.6798,0.0,0.0,2.8884,0.0,0.0,uso_planificado_reserva,calculado,alta,baja,evidencia_temporal_disponible,balance_negativo,ninguna_relevante_para_el_periodo,La ventana entre 2026-04-01 y 2026-04-30 muestra un balance de -2829000 COP y una cobertura estimada de 2.89 meses. Este resultado describe el periodo y no a la persona.,historia_controlada_recalculada_v2,train,uso_planificado_reserva,si,roadmap_14_mvp_estructurado_v3.0,fincoach_mvp_estructurado_v3.0,de832da0d9357165afb8625ea089c743cd30d32eb7dcb09238e89b2743d468f8,500000,0,0,0,1555000,1774000,0,0,0
VEN_0144_2,PERF_0144,dentro_del_mvp,2026-05-31,2026-04-01,2026-05-31,acumulada_61_dias,61,41,97.561,1000000,0,0,0,0,12083000,7467000,0,1360000,0,873000,8833944,-2249056,0,0,13083000,-11083000,11083000,11083000,60,0.0,-87388.5246,0.0,0.0,0.0,0.0,situacion_critica,calculado,alta,baja,evidencia_temporal_disponible,balance_negativo,ninguna_relevante_para_el_periodo,La ventana entre 2026-04-01 y 2026-05-31 muestra un balance de -11083000 COP y una cobertura estimada de 0.00 meses. Este resultado describe el periodo y no a la persona.,historia_controlada_recalculada_v2,train,uso_planificado_reserva,si,roadmap_14_mvp_estructurado_v3.0,fincoach_mvp_estructurado_v3.0,7576fae3c0fe8170977f66592aeb20c9a1a426731091926c49d90918c921327b,1000000,0,0,0,6143000,5940000,0,0,0
VEN_0144_3,PERF_0144,dentro_del_mvp,2026-06-30,2026-04-01,2026-06-30,acumulada_91_dias,91,65,98.4615,1500000,0,0,220000,0,20837000,12801000,420000,3719000,0,1255000,8833944,-10283056,0,0,22337000,-19337000,19337000,19117000,90,0.0,-30805.9809,0.0,0.0,0.0,0.0,situacion_critica,calculado,alta,baja,evidencia_temporal_disponible,balance_negativo,ninguna_relevante_para_el_periodo,La ventana entre 2026-04-01 y 2026-06-30 muestra un balance de -19337000 COP y una cobertura estimada de 0.00 meses. Este resultado describe el periodo y no a la persona.,historia_controlada_recalculada_v2,train,uso_planificado_reserva,si,roadmap_14_mvp_estructurado_v3.0,fincoach_mvp_estructurado_v3.0,9bf07a37bc40effc62911a5700392db70082c0fae30e9434ade2399683683c41,1500000,220000,0,0,10481000,10356000,0,0,0
VEN_0145_1,PERF_0145,dentro_del_mvp,2026-04-30,2026-04-01,2026-04-30,acumulada_30_dias,30,26,100.0,0,500000,0,50000,0,1961000,843000,70000,827000,0,113000,1950755,539755,0,0,2461000,-1461000,1461000,1500000,25,0.2646,0.0,0.0,0.6403,0.9091,0.0,fragilidad_sostenida,calculado,alta,baja,evidencia_temporal_disponible,balance_negativo,motivo_de_periodos_sin_ingreso,La ventana entre 2026-04-01 y 2026-04-30 muestra un balance de -1461000 COP y una cobertura estimada de 0.64 meses. Este resultado describe el periodo y no a la persona.,historia_controlada_recalculada_v2,test,deterioro_reciente,si,roadmap_14_mvp_estructurado_v3.0,fincoach_mvp_estructurado_v3.0,1e974ef68b8160bd59fc5d6e7aeedcfa964e65a297c62d5279a1ec715300db54,550000,0,0,1,794000,1167000,0,0,0
VEN_0145_2,PERF_0145,dentro_del_mvp,2026-05-31,2026-04-01,2026-05-31,acumulada_61_dias,61,52,96.1538,0,1000000,0,280000,0,3922000,2192000,248000,1023000,0,164000,1950755,-691245,0,0,4922000,-2922000,2922000,2760000,56,0.0,798.3607,0.0,0.0,0.7812,0.0,situacion_critica,calculado,alta,baja,evidencia_temporal_disponible,balance_negativo,motivo_de_periodos_sin_ingreso,La ventana entre 2026-04-01 y 2026-05-31 muestra un balance de -2922000 COP y una cobertura estimada de 0.00 meses. Este resultado describe el periodo y no a la persona.,historia_controlada_recalculada_v2,test,deterioro_reciente,si,roadmap_14_mvp_estructurado_v3.0,fincoach_mvp_estructurado_v3.0,1e93b36d1866cfc44f143257f6c896d6f82109659b056574502e7bc0c7345dc9,1280000,0,0,2,1860000,2062000,0,0,0
VEN_0145_3,PERF_0145,dentro_del_mvp,2026-06-30,2026-04-01,2026-06-30,acumulada_91_dias,91,77,96.1039,0,1500000,0,280000,0,6771000,4315000,397000,1188000,0,346000,1950755,-3040245,0,0,8271000,-5271000,5271000,5080000,86,0.0,-10021.4376,0.0,0.0,0.8427,0.0,situacion_critica,calculado,alta,baja,evidencia_temporal_disponible,balance_negativo,motivo_de_periodos_sin_ingreso,La ventana entre 2026-04-01 y 2026-06-30 muestra un balance de -5271000 COP y una cobertura estimada de 0.00 meses. Este resultado describe el periodo y no a la persona.,historia_controlada_recalculada_v2,test,deterioro_reciente,si,roadmap_14_mvp_estructurado_v3.0,fincoach_mvp_estructurado_v3.0,e3ba44a9552f7c1379670f9b7a37917d1596ee6816da99ede91e3f760e41aabe,1780000,0,0,3,3552000,3219000,0,0,0
VEN_0146_1,PERF_0146,dentro_del_mvp,2026-04-30,2026-04-01,2026-04-30,acumulada_30_dias,30,27,88.8889,910000,0,0,0,0,10323000,5555000,950000,1728000,978000,430000,573765,-8839235,14859858,14381858,11233000,-9413000,9413000,9413000,29,0.0,0.0,0.0,0.0,0.0,-0.0322,situacion_critica,calculado,alta,media,evidencia_temporal_disponible,balance_negativo,ninguna_relevante_para_el_periodo,La ventana entre 2026-04-01 y 2026-04-30 muestra un balance de -9413000 COP y una cobertura estimada de 0.00 meses. Este resultado describe el periodo y no a la persona.,historia_controlada_recalculada_v2,train,fragilidad_sostenida,si,roadmap_14_mvp_estructurado_v3.0,fincoach_mvp_estructurado_v3.0,c57eaae4994839f5bbf35ae599cfef7c7f99c4c2f031d940fa2e89f94e6cf95c,910000,0,0,0,4012000,6311000,478000,500000,0
VEN_0146_2,PERF_0146,dentro_del_mvp,2026-05-31,2026-04-01,2026-05-31,acumulada_61_dias,61,56,92.8571,1820000,0,878000,0,0,23499000,11811000,2949000,4374000,1445000,1820000,573765,-20227235,14859858,15259858,25319000,-21679000,21679000,20801000,60,0.0,-41626.776,0.0,0.0,0.3254,0.0269,situacion_critica,calculado,alta,baja,evidencia_temporal_disponible,balance_negativo,ninguna_relevante_para_el_periodo,La ventana entre 2026-04-01 y 2026-05-31 muestra un balance de -21679000 COP y una cobertura estimada de 0.00 meses. Este resultado describe el periodo y no a la persona.,historia_controlada_recalculada_v2,train,fragilidad_sostenida,si,roadmap_14_mvp_estructurado_v3.0,fincoach_mvp_estructurado_v3.0,61580ef9d9b7d6ae7708baae6e0ce2b612be5e70c341a640e54e94fe4386b1b7,1820000,878000,0,0,9478000,14021000,478000,967000,878000
VEN_0146_3,PERF_0146,dentro_del_mvp,2026-06-30,2026-04-01,2026-06-30,acumulada_91_dias,91,84,92.8571,2730000,0,878000,0,0,36675000,19947000,4320000,5449000,1782000,2270000,573765,-32493235,14859858,14922858,39405000,-33945000,33945000,33067000,90,0.0,-17628.5354,0.0,0.0,0.2433,0.0042,situacion_critica,calculado,alta,baja,evidencia_temporal_disponible,balance_negativo,ninguna_relevante_para_el_periodo,La ventana entre 2026-04-01 y 2026-06-30 muestra un balance de -33945000 COP y una cobertura estimada de 0.00 meses. Este resultado describe el periodo y no a la persona.,historia_controlada_recalculada_v2,train,fragilidad_sostenida,si,roadmap_14_mvp_estructurado_v3.0,fincoach_mvp_estructurado_v3.0,0e8a6170ecdfa40dd2754d372c64ced9d5a861da6da3d2fbb9e98118a9429b7e,2730000,878000,0,0,15749000,20926000,815000,967000,878000
VEN_0147_1,PERF_0147,dentro_del_mvp,2026-04-30,2026-04-01,2026-04-30,acumulada_30_dias,30,29,86.2069,0,500000,0,0,0,11358000,5701000,658000,3703000,0,0,2192159,-8665841,12579836,12579836,11858000,-10858000,10858000,10858000,28,0.0,0.0,0.0,0.0,1.0,0.0,situacion_critica,calculado,alta,media,evidencia_temporal_disponible,balance_negativo,motivo_de_periodos_sin_ingreso,La ventana entre 2026-04-01 y 2026-04-30 muestra un balance de -10858000 COP y una cobertura estimada de 0.00 meses. Este resultado describe el periodo y no a la persona.,historia_controlada_recalculada_v2,train,situacion_critica,si,roadmap_14_mvp_estructurado_v3.0,fincoach_mvp_estructurado_v3.0,7d1bacd38b85aeb4fbde2d778e230a7143a42a6345e7ce07348fec79417f58ce,500000,0,0,1,6670000,4688000,0,0,0
VEN_0147_2,PERF_0147,dentro_del_mvp,2026-05-31,2026-04-01,2026-05-31,acumulada_61_dias,61,58,93.1034,0,1000000,1388000,90000,0,25701000,14273000,1292000,5115000,691000,1422000,2192159,-21030841,12579836,13276836,26701000,-24701000,24701000,23223000,59,0.0,-43001.0929,0.0,0.0,0.9637,0.0554,situacion_critica,calculado,alta,baja,evidencia_temporal_disponible,balance_negativo,motivo_de_periodos_sin_ingreso,La ventana entre 2026-04-01 y 2026-05-31 muestra un balance de -24701000 COP y una cobertura estimada de 0.00 meses. Este resultado describe el periodo y no a la persona.,historia_controlada_recalculada_v2,train,situacion_critica,si,roadmap_14_mvp_estructurado_v3.0,fincoach_mvp_estructurado_v3.0,ada30cdcffb4741d3c5cab9f9304280105f24a21f6d4a069948180c9cf67e01a,2388000,90000,0,2,13630000,12071000,691000,0,1388000
VEN_0147_3,PERF_0147,dentro_del_mvp,2026-06-30,2026-04-01,2026-06-30,acumulada_91_dias,91,84,92.8571,0,1500000,2776000,90000,0,40044000,21585000,2099000,7472000,2166000,3113000,2192159,-33485841,12579836,13533836,41544000,-38544000,38544000,35678000,89,0.0,-18626.0133,0.0,0.0,0.9794,0.0758,situacion_critica,calculado,alta,baja,evidencia_temporal_disponible,balance_negativo,motivo_de_periodos_sin_ingreso,La ventana entre 2026-04-01 y 2026-06-30 muestra un balance de -38544000 COP y una cobertura estimada de 0.00 meses. Este resultado describe el periodo y no a la persona.,historia_controlada_recalculada_v2,train,situacion_critica,si,roadmap_14_mvp_estructurado_v3.0,fincoach_mvp_estructurado_v3.0,f30e97aa692bd00028576e9eadbc7e259a6cbb995fd8d198c332ba257d5b0e1a,4276000,90000,0,3,21516000,18528000,1822000,344000,2776000
VEN_0148_1,PERF_0148,dentro_del_mvp,2026-04-30,2026-04-01,2026-04-30,acumulada_30_dias,30,30,93.3333,0,3810000,0,0,0,2455000,1885000,204000,148000,0,0,4319284,5674284,0,0,6265000,1355000,0,1389000,25,0.8033,0.0,0.0,3.0102,1.0,0.0,acumulacion_estable,calculado,alta,baja,balance_no_negativo,sin_factor_dominante,motivo_de_periodos_sin_ingreso,La ventana entre 2026-04-01 y 2026-04-30 muestra un balance de 1355000 COP y una cobertura estimada de 3.01 meses. Este resultado describe el periodo y no a la persona.,historia_controlada_recalculada_v2,train,acumulacion_estable,si,roadmap_14_mvp_estructurado_v3.0,fincoach_mvp_estructurado_v3.0,11364c3e3fc7c86fa565a6ea197ca4a3f9a193c8230559491c2df9e4db217305,3810000,0,0,1,1196000,1259000,0,0,0
VEN_0148_2,PERF_0148,dentro_del_mvp,2026-05-31,2026-04-01,2026-05-31,acumulada_61_dias,61,61,95.082,0,7620000,0,0,0,4910000,3073000,452000,609000,0,235000,4319284,7029284,0,0,12530000,2710000,0,2024000,26,0.7764,-740.4372,0.0,4.5749,1.0,0.0,acumulacion_estable,calculado,alta,baja,balance_no_negativo,sin_factor_dominante,motivo_de_periodos_sin_ingreso,La ventana entre 2026-04-01 y 2026-05-31 muestra un balance de 2710000 COP y una cobertura estimada de 4.57 meses. Este resultado describe el periodo y no a la persona.,historia_controlada_recalculada_v2,train,acumulacion_estable,si,roadmap_14_mvp_estructurado_v3.0,fincoach_mvp_estructurado_v3.0,9af0ef21c1ecf70169e0ecc9c500094128caf86017c7bee268efa45025593561,7620000,0,0,2,2450000,2460000,0,0,0
VEN_0148_3,PERF_0148,dentro_del_mvp,2026-06-30,2026-04-01,2026-06-30,acumulada_91_dias,91,90,95.5556,0,11430000,0,0,0,7365000,4355000,753000,1026000,0,443000,4319284,8384284,0,0,18795000,4065000,0,2105000,25,0.8158,244.1002,0.0,5.7756,1.0,0.0,acumulacion_estable,calculado,alta,baja,balance_no_negativo,sin_factor_dominante,motivo_de_periodos_sin_ingreso,La ventana entre 2026-04-01 y 2026-06-30 muestra un balance de 4065000 COP y una cobertura estimada de 5.78 meses. Este resultado describe el periodo y no a la persona.,historia_controlada_recalculada_v2,train,acumulacion_estable,si,roadmap_14_mvp_estructurado_v3.0,fincoach_mvp_estructurado_v3.0,4778712f9af317a34a14d98c916b6d57bb762e3fcfe9750f5ac1c1a40048859d,11430000,0,0,3,3370000,3995000,0,0,0
VEN_0149_1,PERF_0149,dentro_del_mvp,2026-04-30,2026-04-01,2026-04-30,acumulada_30_dias,30,32,96.875,1340000,0,0,0,0,3602000,1958000,454000,445000,189000,333000,7128327,4866327,5182903,5182903,4942000,-2262000,2262000,2558000,25,0.6555,0.0,0.0,2.4854,0.0,0.0,uso_planificado_reserva,calculado,alta,baja,evidencia_temporal_disponible,balance_negativo,ninguna_relevante_para_el_periodo,La ventana entre 2026-04-01 y 2026-04-30 muestra un balance de -2262000 COP y una cobertura estimada de 2.49 meses. Este resultado describe el periodo y no a la persona.,historia_controlada_recalculada_v2,train,equilibrio_sostenible,si,roadmap_14_mvp_estructurado_v3.0,fincoach_mvp_estructurado_v3.0,1f345ec67cf8bd908b1e83f07fe70ed5845d7fb2fbb395679bb00b35cf9a3693,1340000,0,0,0,1516000,2086000,0,189000,0
VEN_0149_2,PERF_0149,dentro_del_mvp,2026-05-31,2026-04-01,2026-05-31,acumulada_61_dias,61,62,96.7742,2680000,0,0,0,0,7204000,3264000,755000,1699000,434000,540000,7128327,2604327,5182903,4937903,9884000,-4524000,4524000,4820000,56,0.3508,1236.0656,0.0,1.5958,0.0,-0.0473,fragilidad_sostenida,calculado,alta,baja,evidencia_temporal_disponible,balance_negativo,ninguna_relevante_para_el_periodo,La ventana entre 2026-04-01 y 2026-05-31 muestra un balance de -4524000 COP y una cobertura estimada de 1.60 meses. Este resultado describe el periodo y no a la persona.,historia_controlada_recalculada_v2,train,equilibrio_sostenible,si,roadmap_14_mvp_estructurado_v3.0,fincoach_mvp_estructurado_v3.0,3c4eac3edd11571d2d67e353cfde11d139033b30bb7c1e918b3293fefc32ff72,2680000,0,0,0,2837000,4367000,245000,189000,0
VEN_0149_3,PERF_0149,dentro_del_mvp,2026-06-30,2026-04-01,2026-06-30,acumulada_91_dias,91,93,95.6989,4020000,0,0,0,0,10806000,5013000,1047000,2290000,812000,852000,7128327,342327,5182903,4786903,14826000,-6786000,6786000,7082000,86,0.0461,-407.4941,0.0,0.2049,0.0,-0.0764,fragilidad_sostenida,calculado,alta,baja,evidencia_temporal_disponible,balance_negativo,ninguna_relevante_para_el_periodo,La ventana entre 2026-04-01 y 2026-06-30 muestra un balance de -6786000 COP y una cobertura estimada de 0.20 meses. Este resultado describe el periodo y no a la persona.,historia_controlada_recalculada_v2,train,equilibrio_sostenible,si,roadmap_14_mvp_estructurado_v3.0,fincoach_mvp_estructurado_v3.0,eff6adc264cc5cbf116856db2f72ec4be8360eaf0361099e231cc5508c464817,4020000,0,0,0,4721000,6085000,396000,416000,0
VEN_0150_1,PERF_0150,dentro_del_mvp,2026-04-30,2026-04-01,2026-04-30,acumulada_30_dias,30,32,96.875,2658000,0,0,190000,0,3117000,1461000,86000,913000,434000,0,2007940,1738940,7924293,7924293,5775000,-459000,459000,1099000,14,0.6127,0.0,0.0,1.1902,0.0,0.0,uso_planificado_reserva,calculado,alta,baja,evidencia_temporal_disponible,balance_negativo,ninguna_relevante_para_el_periodo,La ventana entre 2026-04-01 y 2026-04-30 muestra un balance de -459000 COP y una cobertura estimada de 1.19 meses. Este resultado describe el periodo y no a la persona.,historia_controlada_recalculada_v2,train,variable_resiliente,si,roadmap_14_mvp_estructurado_v3.0,fincoach_mvp_estructurado_v3.0,ba2593af245ae32287a536497301571b4e93d87cc7ce836057a45bed06e4b156,2848000,0,0,0,1272000,1845000,0,434000,0
VEN_0150_2,PERF_0150,dentro_del_mvp,2026-05-31,2026-04-01,2026-05-31,acumulada_61_dias,61,66,96.9697,5766000,0,0,420000,0,7292000,3231000,659000,1816000,434000,74000,2007940,901940,7924293,7924293,13058000,-1526000,1526000,2428000,45,0.3178,-9716.3934,0.078,0.5583,0.0,0.0,fragilidad_sostenida,calculado,alta,baja,evidencia_temporal_disponible,balance_negativo,ninguna_relevante_para_el_periodo,La ventana entre 2026-04-01 y 2026-05-31 muestra un balance de -1526000 COP y una cobertura estimada de 0.56 meses. Este resultado describe el periodo y no a la persona.,historia_controlada_recalculada_v2,train,variable_resiliente,si,roadmap_14_mvp_estructurado_v3.0,fincoach_mvp_estructurado_v3.0,1c7c23a8a484bf35196b08412a5e24f1c5a8e6b164c0fc38e0adaebbcc336e69,6186000,0,0,0,2956000,4336000,0,434000,0
VEN_0150_3,PERF_0150,dentro_del_mvp,2026-06-30,2026-04-01,2026-06-30,acumulada_91_dias,91,100,98.0,8838000,279000,0,420000,0,11467000,5071000,1071000,3002000,728000,336000,2007940,77940,7924293,7924293,20584000,-2350000,2350000,2760000,75,0.0275,-807.7824,0.0693,0.0461,0.0293,0.0,fragilidad_sostenida,calculado,alta,baja,evidencia_temporal_disponible,balance_negativo,ninguna_relevante_para_el_periodo,La ventana entre 2026-04-01 y 2026-06-30 muestra un balance de -2350000 COP y una cobertura estimada de 0.05 meses. Este resultado describe el periodo y no a la persona.,historia_controlada_recalculada_v2,train,variable_resiliente,si,roadmap_14_mvp_estructurado_v3.0,fincoach_mvp_estructurado_v3.0,6ed30307fd8b30212df3ea532c745430574a5c65b1ddd462d2fc19aeba525307,9258000,279000,0,0,4681000,6786000,0,728000,0
VEN_0151_1,PERF_0151,dentro_del_mvp,2026-04-30,2026-04-01,2026-04-30,acumulada_30_dias,30,32,96.875,12267000,0,0,0,0,7357000,4324000,1305000,928000,0,433000,21473008,26383008,0,0,19624000,4910000,0,3854000,0,1.0,0.0,0.0,6.1015,0.0,0.0,acumulacion_estable,calculado,alta,baja,balance_no_negativo,sin_factor_dominante,ninguna_relevante_para_el_periodo,La ventana entre 2026-04-01 y 2026-04-30 muestra un balance de 4910000 COP y una cobertura estimada de 6.10 meses. Este resultado describe el periodo y no a la persona.,historia_controlada_recalculada_v2,train,uso_planificado_reserva,si,roadmap_14_mvp_estructurado_v3.0,fincoach_mvp_estructurado_v3.0,d2f4717504b075f7d38c697996b9a3c964bed126ee255663ccd8c15effc674e5,0,0,12267000,0,3326000,4031000,0,0,0
VEN_0151_2,PERF_0151,dentro_del_mvp,2026-05-31,2026-04-01,2026-05-31,acumulada_61_dias,61,56,94.6429,12267000,1100000,0,0,0,26705000,16699000,3530000,4625000,0,433000,21473008,8135008,0,0,40072000,-13338000,13338000,18248000,32,0.3083,-382322.4044,1.0,0.9743,0.0823,0.0,deterioro_reciente,calculado,alta,baja,evidencia_temporal_disponible,balance_negativo,motivo_de_periodos_sin_ingreso,La ventana entre 2026-04-01 y 2026-05-31 muestra un balance de -13338000 COP y una cobertura estimada de 0.97 meses. Este resultado describe el periodo y no a la persona.,historia_controlada_recalculada_v2,train,uso_planificado_reserva,si,roadmap_14_mvp_estructurado_v3.0,fincoach_mvp_estructurado_v3.0,caee7d20f319d4e329963c07289676e06bab1b84ee781e8e1f145c94ac8278c9,0,1100000,12267000,1,12969000,13736000,0,0,0
VEN_0151_3,PERF_0151,dentro_del_mvp,2026-06-30,2026-04-01,2026-06-30,acumulada_91_dias,91,87,95.4023,20332000,1100000,0,80000,0,46053000,26773000,6237000,8763000,0,1111000,21473008,-3067992,0,0,67485000,-24621000,24621000,29979000,62,0.0,-51904.7019,0.751,0.0,0.0511,0.0,situacion_critica,calculado,alta,baja,evidencia_temporal_disponible,balance_negativo,motivo_de_periodos_sin_ingreso,La ventana entre 2026-04-01 y 2026-06-30 muestra un balance de -24621000 COP y una cobertura estimada de 0.00 meses. Este resultado describe el periodo y no a la persona.,historia_controlada_recalculada_v2,train,uso_planificado_reserva,si,roadmap_14_mvp_estructurado_v3.0,fincoach_mvp_estructurado_v3.0,e7e92944d467aa3148f81d171b523c223fd3ed1dcbc1ffd915ab95b94b1d19ea,0,1180000,20332000,1,24020000,22033000,0,0,0
VEN_0152_1,PERF_0152,dentro_del_mvp,2026-04-30,2026-04-01,2026-04-30,acumulada_30_dias,30,34,100.0,5333000,242000,0,0,0,5087000,2995000,566000,385000,308000,155000,9999621,10487621,3100170,2930170,10662000,488000,0,2047000,2,0.9258,0.0,0.0,3.5017,0.0434,-0.0548,acumulacion_estable,calculado,alta,baja,balance_no_negativo,sin_factor_dominante,ninguna_relevante_para_el_periodo,La ventana entre 2026-04-01 y 2026-04-30 muestra un balance de 488000 COP y una cobertura estimada de 3.50 meses. Este resultado describe el periodo y no a la persona.,historia_controlada_recalculada_v2,train,deterioro_reciente,si,roadmap_14_mvp_estructurado_v3.0,fincoach_mvp_estructurado_v3.0,84963b63728550d3d36745ce2144d11c64df12b00bf62805371bcb391a894606,0,242000,5333000,0,3019000,2068000,170000,138000,0
VEN_0152_2,PERF_0152,dentro_del_mvp,2026-05-31,2026-04-01,2026-05-31,acumulada_61_dias,61,62,98.3871,5333000,242000,0,0,0,10174000,6014000,1086000,1051000,308000,870000,9999621,5400621,3100170,2930170,15749000,-4599000,4599000,5928000,33,0.4767,-91660.1093,1.0,1.796,0.0434,-0.0548,deterioro_reciente,calculado,alta,baja,evidencia_temporal_disponible,balance_negativo,motivo_de_periodos_sin_ingreso,La ventana entre 2026-04-01 y 2026-05-31 muestra un balance de -4599000 COP y una cobertura estimada de 1.80 meses. Este resultado describe el periodo y no a la persona.,historia_controlada_recalculada_v2,train,deterioro_reciente,si,roadmap_14_mvp_estructurado_v3.0,fincoach_mvp_estructurado_v3.0,7eaa4330157ffd2caf8565642163f5ab6c8146b75acec8fad8cb64f3863e8a2b,0,242000,5333000,1,6009000,4165000,170000,138000,0
VEN_0152_3,PERF_0152,dentro_del_mvp,2026-06-30,2026-04-01,2026-06-30,acumulada_91_dias,91,95,96.8421,9266000,550000,0,0,0,17564000,10957000,1491000,2280000,842000,975000,9999621,2251621,3100170,2930170,27380000,-7748000,7748000,11251000,63,0.1988,-9749.4145,0.7309,0.6165,0.056,-0.0548,fragilidad_sostenida,calculado,alta,baja,evidencia_temporal_disponible,balance_negativo,motivo_de_periodos_sin_ingreso,La ventana entre 2026-04-01 y 2026-06-30 muestra un balance de -7748000 COP y una cobertura estimada de 0.62 meses. Este resultado describe el periodo y no a la persona.,historia_controlada_recalculada_v2,train,deterioro_reciente,si,roadmap_14_mvp_estructurado_v3.0,fincoach_mvp_estructurado_v3.0,98174c6874a197fe7b6bc6f4291ddb691fde616ba790192bd1981a00d4ad5023,0,550000,9266000,1,9815000,7749000,170000,672000,0
VEN_0153_1,PERF_0153,dentro_del_mvp,2026-04-30,2026-04-01,2026-04-30,acumulada_30_dias,30,19,100.0,0,500000,0,0,0,6938000,4175000,253000,1018000,673000,226000,676283,-5761717,11732518,11352518,7438000,-6438000,6438000,6438000,27,0.0,0.0,0.0,0.0,1.0,-0.0324,situacion_critica,calculado,alta,baja,evidencia_temporal_disponible,balance_negativo,motivo_de_periodos_sin_ingreso,La ventana entre 2026-04-01 y 2026-04-30 muestra un balance de -6438000 COP y una cobertura estimada de 0.00 meses. Este resultado describe el periodo y no a la persona.,historia_controlada_recalculada_v2,validation,fragilidad_sostenida,si,roadmap_14_mvp_estructurado_v3.0,fincoach_mvp_estructurado_v3.0,2e61fbfe3e16a19aebf8b4b34f316ab24edb48bfde8899678d14587fdb3f84a0,500000,0,0,1,3561000,3377000,380000,293000,0
VEN_0153_2,PERF_0153,dentro_del_mvp,2026-05-31,2026-04-01,2026-05-31,acumulada_61_dias,61,40,100.0,0,1000000,590000,130000,0,15794000,10112000,743000,3316000,673000,226000,676283,-13397717,11732518,11942518,16794000,-14794000,14794000,14347000,58,0.0,-27924.5902,0.0,0.0,0.9244,0.0179,situacion_critica,calculado,alta,baja,evidencia_temporal_disponible,balance_negativo,motivo_de_periodos_sin_ingreso,La ventana entre 2026-04-01 y 2026-05-31 muestra un balance de -14794000 COP y una cobertura estimada de 0.00 meses. Este resultado describe el periodo y no a la persona.,historia_controlada_recalculada_v2,validation,fragilidad_sostenida,si,roadmap_14_mvp_estructurado_v3.0,fincoach_mvp_estructurado_v3.0,69c81a8e88fd690fca6106179c26201d0258fd2e78243a5e71b58e72eca6dc3c,1590000,130000,0,2,7908000,7886000,380000,293000,590000
VEN_0153_3,PERF_0153,dentro_del_mvp,2026-06-30,2026-04-01,2026-06-30,acumulada_91_dias,91,60,98.3333,0,1500000,1180000,130000,0,24650000,15897000,1455000,3876000,673000,1353000,676283,-21163717,11732518,12532518,26150000,-23150000,23150000,21840000,88,0.0,-11871.0142,0.0,0.0,0.9537,0.0682,situacion_critica,calculado,alta,baja,evidencia_temporal_disponible,balance_negativo,motivo_de_periodos_sin_ingreso,La ventana entre 2026-04-01 y 2026-06-30 muestra un balance de -23150000 COP y una cobertura estimada de 0.00 meses. Este resultado describe el periodo y no a la persona.,historia_controlada_recalculada_v2,validation,fragilidad_sostenida,si,roadmap_14_mvp_estructurado_v3.0,fincoach_mvp_estructurado_v3.0,a387ed9f6a2c6fe1f9473a62b0c218d3be16dc48a3fb3be062cbbe6cb76c7f85,2680000,130000,0,3,13324000,11326000,380000,293000,1180000
VEN_0154_1,PERF_0154,dentro_del_mvp,2026-04-30,2026-04-01,2026-04-30,acumulada_30_dias,30,32,100.0,5133000,0,994000,140000,0,14904000,6806000,1204000,4079000,818000,569000,1783725,-6853275,33372333,33548333,20037000,-9771000,9771000,10602000,29,0.0,0.0,0.0,0.0,0.1586,0.0053,situacion_critica,calculado,alta,baja,evidencia_temporal_disponible,balance_negativo,ninguna_relevante_para_el_periodo,La ventana entre 2026-04-01 y 2026-04-30 muestra un balance de -9771000 COP y una cobertura estimada de 0.00 meses. Este resultado describe el periodo y no a la persona.,historia_controlada_recalculada_v2,train,situacion_critica,si,roadmap_14_mvp_estructurado_v3.0,fincoach_mvp_estructurado_v3.0,ada63912892b41bbfbf0dc25cd88ca6bbeab7920d4eb0ba85ad4835f89cc9b54,994000,140000,5133000,0,7470000,7434000,818000,0,994000
VEN_0154_2,PERF_0154,dentro_del_mvp,2026-05-31,2026-04-01,2026-05-31,acumulada_61_dias,61,53,100.0,5133000,0,2816000,140000,0,33725000,17508000,3419000,6740000,1972000,1589000,1783725,-23852275,33372333,34216333,38858000,-28592000,28592000,25636000,60,0.0,-143021.3115,1.0,0.0,0.3481,0.0253,situacion_critica,calculado,alta,baja,evidencia_temporal_disponible,balance_negativo,motivo_de_periodos_sin_ingreso,La ventana entre 2026-04-01 y 2026-05-31 muestra un balance de -28592000 COP y una cobertura estimada de 0.00 meses. Este resultado describe el periodo y no a la persona.,historia_controlada_recalculada_v2,train,situacion_critica,si,roadmap_14_mvp_estructurado_v3.0,fincoach_mvp_estructurado_v3.0,0bd17a6697d54007f3c8524fd75c015d1b0d7f792c773ee6765330274d2a10ef,2816000,140000,5133000,1,15205000,18520000,1972000,0,2816000
VEN_0154_3,PERF_0154,dentro_del_mvp,2026-06-30,2026-04-01,2026-06-30,acumulada_91_dias,91,85,98.8235,8991000,0,4638000,350000,0,52546000,29478000,4400000,10459000,1972000,1589000,1783725,-36783275,33372333,36038333,61537000,-43555000,43555000,38567000,90,0.0,-9905.0622,0.7281,0.0,0.3318,0.0799,situacion_critica,calculado,alta,baja,evidencia_temporal_disponible,balance_negativo,motivo_de_periodos_sin_ingreso,La ventana entre 2026-04-01 y 2026-06-30 muestra un balance de -43555000 COP y una cobertura estimada de 0.00 meses. Este resultado describe el periodo y no a la persona.,historia_controlada_recalculada_v2,train,situacion_critica,si,roadmap_14_mvp_estructurado_v3.0,fincoach_mvp_estructurado_v3.0,d64e6738e766e5aadb511c83d6ac5afe52d52898cdc78aed0926f255c83dd829,4638000,350000,8991000,1,22359000,30187000,1972000,0,4638000
VEN_0155_1,PERF_0155,dentro_del_mvp,2026-04-30,2026-04-01,2026-04-30,acumulada_30_dias,30,20,100.0,0,500000,0,0,0,3382000,2269000,99000,856000,0,110000,4555262,1673262,8977181,8977181,3882000,-2882000,2882000,2882000,28,0.3673,0.0,0.0,0.7374,1.0,0.0,fragilidad_sostenida,calculado,alta,baja,evidencia_temporal_disponible,balance_negativo,motivo_de_periodos_sin_ingreso,La ventana entre 2026-04-01 y 2026-04-30 muestra un balance de -2882000 COP y una cobertura estimada de 0.74 meses. Este resultado describe el periodo y no a la persona.,historia_controlada_recalculada_v2,train,acumulacion_estable,si,roadmap_14_mvp_estructurado_v3.0,fincoach_mvp_estructurado_v3.0,47a89ae128a202cdc6233beaa171afcdce3c459599b5c3742f6a5a54d99cb65b,500000,0,0,1,1632000,1750000,0,0,0
VEN_0155_2,PERF_0155,dentro_del_mvp,2026-05-31,2026-04-01,2026-05-31,acumulada_61_dias,61,40,100.0,0,1000000,0,210000,0,6764000,4959000,99000,1280000,0,110000,4555262,-998738,8977181,8977181,7764000,-5764000,5764000,5554000,59,0.0,1574.8634,0.0,0.0,0.8264,0.0,situacion_critica,calculado,alta,baja,evidencia_temporal_disponible,balance_negativo,motivo_de_periodos_sin_ingreso,La ventana entre 2026-04-01 y 2026-05-31 muestra un balance de -5764000 COP y una cobertura estimada de 0.00 meses. Este resultado describe el periodo y no a la persona.,historia_controlada_recalculada_v2,train,acumulacion_estable,si,roadmap_14_mvp_estructurado_v3.0,fincoach_mvp_estructurado_v3.0,7749d96cd88a729ae115c3592adff318b1e31017760d80a4beb5c1e23261a7bb,1000000,210000,0,2,3607000,3157000,0,0,0
VEN_0155_3,PERF_0155,dentro_del_mvp,2026-06-30,2026-04-01,2026-06-30,acumulada_91_dias,91,59,96.6102,0,1500000,0,210000,0,10146000,7347000,432000,1280000,227000,403000,4555262,-3880738,8977181,8977181,11646000,-8646000,8646000,8436000,89,0.0,-519.1857,0.0,0.0,0.8772,0.0,situacion_critica,calculado,alta,baja,evidencia_temporal_disponible,balance_negativo,motivo_de_periodos_sin_ingreso,La ventana entre 2026-04-01 y 2026-06-30 muestra un balance de -8646000 COP y una cobertura estimada de 0.00 meses. Este resultado describe el periodo y no a la persona.,historia_controlada_recalculada_v2,train,acumulacion_estable,si,roadmap_14_mvp_estructurado_v3.0,fincoach_mvp_estructurado_v3.0,88a44c5abed98f82d01315c8abc0e93952758a828a796893c86e56cec705c02f,1500000,210000,0,3,5190000,4956000,0,227000,0
VEN_0156_1,PERF_0156,dentro_del_mvp,2026-04-30,2026-04-01,2026-04-30,acumulada_30_dias,30,32,100.0,5324000,0,1367000,0,0,4709000,2774000,197000,1212000,410000,0,1750100,3732100,9256613,10394613,10033000,615000,0,1640000,10,0.6947,0.0,0.0,1.3454,0.2043,0.1229,equilibrio_sostenible,calculado,alta,baja,balance_no_negativo,sin_factor_dominante,ninguna_relevante_para_el_periodo,La ventana entre 2026-04-01 y 2026-04-30 muestra un balance de 615000 COP y una cobertura estimada de 1.35 meses. Este resultado describe el periodo y no a la persona.,historia_controlada_recalculada_v2,train,equilibrio_sostenible,si,roadmap_14_mvp_estructurado_v3.0,fincoach_mvp_estructurado_v3.0,e978d61208a2a0f5934279eb3bde22e52f3426cb9314318796358fd9da3ba64e,5324000,1367000,0,0,2025000,2684000,229000,181000,1367000
VEN_0156_2,PERF_0156,dentro_del_mvp,2026-05-31,2026-04-01,2026-05-31,acumulada_61_dias,61,64,98.4375,10198000,0,1367000,0,0,9418000,5353000,528000,2306000,822000,0,1750100,3897100,9256613,9982613,19616000,780000,0,1640000,41,0.7254,-7713.1148,0.0441,1.456,0.1182,0.0784,equilibrio_sostenible,calculado,alta,baja,balance_no_negativo,sin_factor_dominante,ninguna_relevante_para_el_periodo,La ventana entre 2026-04-01 y 2026-05-31 muestra un balance de 780000 COP y una cobertura estimada de 1.46 meses. Este resultado describe el periodo y no a la persona.,historia_controlada_recalculada_v2,train,equilibrio_sostenible,si,roadmap_14_mvp_estructurado_v3.0,fincoach_mvp_estructurado_v3.0,d1eb1d86c1f93559bd1c7f58397ec273945f85598068fc379bd993911c9a356d,10198000,1367000,0,0,4759000,4659000,641000,181000,1367000
VEN_0156_3,PERF_0156,dentro_del_mvp,2026-06-30,2026-04-01,2026-06-30,acumulada_91_dias,91,96,98.9583,15366000,0,2117000,0,0,14127000,8085000,745000,3199000,1140000,127000,1750100,5106100,9256613,10732613,29493000,1239000,0,2445000,15,0.95,828.4994,0.0364,1.8947,0.1211,0.1595,equilibrio_sostenible,calculado,alta,baja,balance_no_negativo,sin_factor_dominante,ninguna_relevante_para_el_periodo,La ventana entre 2026-04-01 y 2026-06-30 muestra un balance de 1239000 COP y una cobertura estimada de 1.89 meses. Este resultado describe el periodo y no a la persona.,historia_controlada_recalculada_v2,train,equilibrio_sostenible,si,roadmap_14_mvp_estructurado_v3.0,fincoach_mvp_estructurado_v3.0,679b2b8d2ab45663c1c2012f8f4c148f310c8a1c76ad41c4af3c49c1c6662c44,14397000,3086000,0,0,7256000,6871000,641000,499000,2117000
VEN_0157_1,PERF_0157,dentro_del_mvp,2026-04-30,2026-04-01,2026-04-30,acumulada_30_dias,30,31,93.5484,5049000,0,0,0,0,4786000,3061000,488000,907000,0,0,11548496,11811496,7006001,7006001,9835000,263000,0,2260000,0,1.0,0.0,0.0,3.8587,0.0,0.0,acumulacion_estable,calculado,alta,baja,balance_no_negativo,sin_factor_dominante,ninguna_relevante_para_el_periodo,La ventana entre 2026-04-01 y 2026-04-30 muestra un balance de 263000 COP y una cobertura estimada de 3.86 meses. Este resultado describe el periodo y no a la persona.,historia_controlada_recalculada_v2,train,variable_resiliente,si,roadmap_14_mvp_estructurado_v3.0,fincoach_mvp_estructurado_v3.0,0b1cf7c06e77fa6ee2de8fcbc6050761d44c42df5be41e0c6c8b12075391ef6f,5049000,0,0,0,2413000,2373000,0,0,0
VEN_0157_2,PERF_0157,dentro_del_mvp,2026-05-31,2026-04-01,2026-05-31,acumulada_61_dias,61,62,95.1613,12772000,0,1567000,0,0,8131000,5516000,642000,1395000,102000,0,11548496,17756496,7006001,8573001,20903000,4641000,0,2260000,0,1.0,67315.3005,0.2094,6.4382,0.1093,0.2237,variable_resiliente,calculado,alta,baja,balance_no_negativo,sin_factor_dominante,ninguna_relevante_para_el_periodo,La ventana entre 2026-04-01 y 2026-05-31 muestra un balance de 4641000 COP y una cobertura estimada de 6.44 meses. Este resultado describe el periodo y no a la persona.,historia_controlada_recalculada_v2,train,variable_resiliente,si,roadmap_14_mvp_estructurado_v3.0,fincoach_mvp_estructurado_v3.0,9605c7ffb500924ab70de45708f39ad5df4f4f6548b57eea54d7819c27508962,12772000,1567000,0,0,4439000,3692000,0,102000,1567000
VEN_0157_3,PERF_0157,dentro_del_mvp,2026-06-30,2026-04-01,2026-06-30,acumulada_91_dias,91,93,95.6989,16290000,0,1567000,0,0,14542000,8653000,1829000,2490000,363000,0,11548496,14863496,7006001,8573001,30832000,1748000,0,4301000,29,0.8337,-56873.176,0.32,5.1532,0.0878,0.2237,variable_resiliente,calculado,alta,baja,balance_no_negativo,sin_factor_dominante,ninguna_relevante_para_el_periodo,La ventana entre 2026-04-01 y 2026-06-30 muestra un balance de 1748000 COP y una cobertura estimada de 5.15 meses. Este resultado describe el periodo y no a la persona.,historia_controlada_recalculada_v2,train,variable_resiliente,si,roadmap_14_mvp_estructurado_v3.0,fincoach_mvp_estructurado_v3.0,54ed91f7047a3b58a7b22c2cbb9b4627457fcad8ad6c38da74c4bc85959f301c,16290000,1567000,0,0,8189000,6353000,0,363000,1567000
VEN_0158_1,PERF_0158,dentro_del_mvp,2026-04-30,2026-04-01,2026-04-30,acumulada_30_dias,30,31,100.0,0,0,0,0,174000,4545000,2753000,285000,861000,196000,107000,14357617,9986617,12482533,12482533,4545000,-4545000,4545000,4371000,29,0.6956,0.0,0.0,3.6275,1.0,0.0,uso_planificado_reserva,calculado,alta,baja,evidencia_temporal_disponible,balance_negativo,motivo_de_periodos_sin_ingreso,La ventana entre 2026-04-01 y 2026-04-30 muestra un balance de -4545000 COP y una cobertura estimada de 3.63 meses. Este resultado describe el periodo y no a la persona.,historia_controlada_recalculada_v2,train,uso_planificado_reserva,si,roadmap_14_mvp_estructurado_v3.0,fincoach_mvp_estructurado_v3.0,73561bd7e18972eae8c22f60f42ca583bf13876f06f61f13bf607352a1d23dd9,0,174000,0,1,2685000,1860000,0,196000,0
VEN_0158_2,PERF_0158,dentro_del_mvp,2026-05-31,2026-04-01,2026-05-31,acumulada_61_dias,61,62,98.3871,0,0,0,0,174000,16497000,9051000,2046000,1920000,515000,1716000,14357617,-1965383,12482533,12482533,16497000,-16497000,16497000,16323000,60,0.0,-118942.623,0.0,0.0,1.0,0.0,situacion_critica,calculado,alta,baja,evidencia_temporal_disponible,balance_negativo,motivo_de_periodos_sin_ingreso,La ventana entre 2026-04-01 y 2026-05-31 muestra un balance de -16497000 COP y una cobertura estimada de 0.00 meses. Este resultado describe el periodo y no a la persona.,historia_controlada_recalculada_v2,train,uso_planificado_reserva,si,roadmap_14_mvp_estructurado_v3.0,fincoach_mvp_estructurado_v3.0,1f20e6c627e9d65a774d0a7ceb4e154846fe8de90f0b71c0591a66d9c6d6f192,0,174000,0,2,8284000,8213000,0,515000,0
VEN_0158_3,PERF_0158,dentro_del_mvp,2026-06-30,2026-04-01,2026-06-30,acumulada_91_dias,91,92,97.8261,0,0,0,0,830000,28449000,15375000,3346000,3209000,1255000,2919000,14357617,-13261383,12482533,12482533,28449000,-28449000,28449000,27619000,90,0.0,-42183.7507,0.0,0.0,1.0,0.0,situacion_critica,calculado,alta,baja,evidencia_temporal_disponible,balance_negativo,motivo_de_periodos_sin_ingreso,La ventana entre 2026-04-01 y 2026-06-30 muestra un balance de -28449000 COP y una cobertura estimada de 0.00 meses. Este resultado describe el periodo y no a la persona.,historia_controlada_recalculada_v2,train,uso_planificado_reserva,si,roadmap_14_mvp_estructurado_v3.0,fincoach_mvp_estructurado_v3.0,66f84da4bcd5499f1f39bee5d2f5653552024083e38291ec522d0ad9a5dcb10e,0,830000,0,3,15735000,12714000,0,1255000,0
VEN_0159_1,PERF_0159,dentro_del_mvp,2026-04-30,2026-04-01,2026-04-30,acumulada_30_dias,30,30,90.0,1300000,0,0,0,0,4243000,2309000,709000,790000,0,0,5488610,2545610,0,0,5543000,-2943000,2943000,2963000,25,0.4621,0.0,0.0,1.1025,0.0,0.0,uso_planificado_reserva,calculado,alta,baja,evidencia_temporal_disponible,balance_negativo,ninguna_relevante_para_el_periodo,La ventana entre 2026-04-01 y 2026-04-30 muestra un balance de -2943000 COP y una cobertura estimada de 1.10 meses. Este resultado describe el periodo y no a la persona.,historia_controlada_recalculada_v2,train,deterioro_reciente,si,roadmap_14_mvp_estructurado_v3.0,fincoach_mvp_estructurado_v3.0,eccebfb405ccbad7b8f11fb156ae22fbb6e013e988bbacb3d141340e59b0f42d,1300000,0,0,0,1545000,2698000,0,0,0
VEN_0159_2,PERF_0159,dentro_del_mvp,2026-05-31,2026-04-01,2026-05-31,acumulada_61_dias,61,59,93.2203,2600000,0,0,0,463000,8486000,4656000,867000,2274000,0,105000,5488610,65610,0,0,11086000,-5886000,5886000,5443000,56,0.0119,1608.1967,0.0,0.0282,0.1512,0.0,fragilidad_sostenida,calculado,alta,baja,evidencia_temporal_disponible,balance_negativo,ninguna_relevante_para_el_periodo,La ventana entre 2026-04-01 y 2026-05-31 muestra un balance de -5886000 COP y una cobertura estimada de 0.03 meses. Este resultado describe el periodo y no a la persona.,historia_controlada_recalculada_v2,train,deterioro_reciente,si,roadmap_14_mvp_estructurado_v3.0,fincoach_mvp_estructurado_v3.0,9ca489ff5f8c48a21ebce59e14d27f7f16a1a7bd845ee67a424efeb994e05af9,2600000,463000,0,0,3373000,5113000,0,0,0
VEN_0159_3,PERF_0159,dentro_del_mvp,2026-06-30,2026-04-01,2026-06-30,acumulada_91_dias,91,89,95.5056,3900000,0,0,0,463000,14649000,8516000,1536000,3018000,0,649000,5488610,-4797390,0,0,18549000,-10749000,10749000,10306000,86,0.0,-21629.0758,0.0,0.0,0.1061,0.0,situacion_critica,calculado,alta,baja,evidencia_temporal_disponible,balance_negativo,ninguna_relevante_para_el_periodo,La ventana entre 2026-04-01 y 2026-06-30 muestra un balance de -10749000 COP y una cobertura estimada de 0.00 meses. Este resultado describe el periodo y no a la persona.,historia_controlada_recalculada_v2,train,deterioro_reciente,si,roadmap_14_mvp_estructurado_v3.0,fincoach_mvp_estructurado_v3.0,555d157dfbd63a2959d90df48fc52ef204e8c925ab075dfcd661ff575844d985,3900000,463000,0,0,6254000,8395000,0,0,0
VEN_0160_1,PERF_0160,dentro_del_mvp,2026-04-30,2026-04-01,2026-04-30,acumulada_30_dias,30,32,96.875,3093000,0,0,120000,373000,5359000,3128000,699000,677000,123000,138000,891846,-881154,15223895,15223895,8452000,-2266000,2266000,1773000,26,0.0,0.0,0.0,0.0,0.104,0.0,situacion_critica,calculado,alta,baja,evidencia_temporal_disponible,balance_negativo,ninguna_relevante_para_el_periodo,La ventana entre 2026-04-01 y 2026-04-30 muestra un balance de -2266000 COP y una cobertura estimada de 0.00 meses. Este resultado describe el periodo y no a la persona.,historia_controlada_recalculada_v2,test,fragilidad_sostenida,si,roadmap_14_mvp_estructurado_v3.0,fincoach_mvp_estructurado_v3.0,95ccb0e7759c37f9964b25dd8d1e068bf5e6f48abb52db519953ec6becb02756,3093000,493000,0,0,2613000,2746000,0,123000,0
VEN_0160_2,PERF_0160,dentro_del_mvp,2026-05-31,2026-04-01,2026-05-31,acumulada_61_dias,61,64,98.4375,5568000,0,0,120000,373000,12199000,7631000,1107000,1208000,936000,370000,891846,-5246154,15223895,14845895,17767000,-6631000,6631000,6376000,57,0.0,-33171.5847,0.111,0.0,0.0615,-0.0248,situacion_critica,calculado,alta,baja,evidencia_temporal_disponible,balance_negativo,ninguna_relevante_para_el_periodo,La ventana entre 2026-04-01 y 2026-05-31 muestra un balance de -6631000 COP y una cobertura estimada de 0.00 meses. Este resultado describe el periodo y no a la persona.,historia_controlada_recalculada_v2,test,fragilidad_sostenida,si,roadmap_14_mvp_estructurado_v3.0,fincoach_mvp_estructurado_v3.0,b2557e346054d129ddcc16d5704788e9781d9b3f97a010ca3d19398d3bda1b15,5568000,493000,0,0,7176000,5023000,378000,558000,0
VEN_0160_3,PERF_0160,dentro_del_mvp,2026-06-30,2026-04-01,2026-06-30,acumulada_91_dias,91,96,97.9167,7936000,0,456000,390000,373000,19039000,12142000,1678000,2135000,1206000,370000,891846,-8992154,15223895,15301895,26975000,-11103000,11103000,10477000,87,0.0,-13306.071,0.1208,0.0,0.0906,0.0051,situacion_critica,calculado,alta,baja,evidencia_temporal_disponible,balance_negativo,ninguna_relevante_para_el_periodo,La ventana entre 2026-04-01 y 2026-06-30 muestra un balance de -11103000 COP y una cobertura estimada de 0.00 meses. Este resultado describe el periodo y no a la persona.,historia_controlada_recalculada_v2,test,fragilidad_sostenida,si,roadmap_14_mvp_estructurado_v3.0,fincoach_mvp_estructurado_v3.0,0b428129c4b85750cd5bd1289ff244fc78ecd0e4691b73d8be7d81f40c37128e,7775000,1380000,0,0,11202000,7837000,378000,828000,456000
VEN_0161_1,PERF_0161,dentro_del_mvp,2026-04-30,2026-04-01,2026-04-30,acumulada_30_dias,30,31,100.0,580000,0,0,220000,0,9504000,4511000,553000,2015000,1030000,0,1696174,-7007826,8827064,8513064,10084000,-8924000,8924000,8704000,28,0.0,0.0,0.0,0.0,0.0,-0.0356,situacion_critica,calculado,alta,baja,evidencia_temporal_disponible,balance_negativo,ninguna_relevante_para_el_periodo,La ventana entre 2026-04-01 y 2026-04-30 muestra un balance de -8924000 COP y una cobertura estimada de 0.00 meses. Este resultado describe el periodo y no a la persona.,historia_controlada_recalculada_v2,train,situacion_critica,si,roadmap_14_mvp_estructurado_v3.0,fincoach_mvp_estructurado_v3.0,cceb4f10c0e63ffa6dba95ed9f8afee124aff48894cb3239a547be44d04cc082,800000,0,0,0,5106000,4398000,314000,716000,0
VEN_0161_2,PERF_0161,dentro_del_mvp,2026-05-31,2026-04-01,2026-05-31,acumulada_61_dias,61,59,100.0,1160000,0,1162000,300000,0,21506000,12567000,992000,3832000,1030000,644000,1696174,-17187826,8827064,9675064,22666000,-20346000,20346000,18884000,59,0.0,-36074.3169,0.0,0.0,0.4432,0.0961,situacion_critica,calculado,alta,baja,evidencia_temporal_disponible,balance_negativo,ninguna_relevante_para_el_periodo,La ventana entre 2026-04-01 y 2026-05-31 muestra un balance de -20346000 COP y una cobertura estimada de 0.00 meses. Este resultado describe el periodo y no a la persona.,historia_controlada_recalculada_v2,train,situacion_critica,si,roadmap_14_mvp_estructurado_v3.0,fincoach_mvp_estructurado_v3.0,c8c0d79dda99484fb28d1e8622628bfa2f67ea54a5d8e53d5f455854794d9033,2622000,0,0,0,13663000,7843000,314000,716000,1162000
VEN_0161_3,PERF_0161,dentro_del_mvp,2026-06-30,2026-04-01,2026-06-30,acumulada_91_dias,91,90,98.8889,1740000,0,2324000,300000,0,33508000,20406000,2418000,3832000,2272000,1339000,1696174,-27447826,8827064,9595064,35248000,-31768000,31768000,29144000,89,0.0,-15557.9175,0.0,0.0,0.5325,0.087,situacion_critica,calculado,alta,baja,evidencia_temporal_disponible,balance_negativo,ninguna_relevante_para_el_periodo,La ventana entre 2026-04-01 y 2026-06-30 muestra un balance de -31768000 COP y una cobertura estimada de 0.00 meses. Este resultado describe el periodo y no a la persona.,historia_controlada_recalculada_v2,train,situacion_critica,si,roadmap_14_mvp_estructurado_v3.0,fincoach_mvp_estructurado_v3.0,b5c24f7b5211b0be4b08fdce429e67ab4b1828cbc8fec844e890d70fedad88ed,4364000,0,0,0,19846000,13662000,1556000,716000,2324000
VEN_0162_1,PERF_0162,dentro_del_mvp,2026-04-30,2026-04-01,2026-04-30,acumulada_30_dias,30,23,95.6522,0,0,0,0,0,3580000,2100000,408000,430000,156000,109000,3343337,-236663,8798054,8642054,3580000,-3580000,3580000,3580000,28,0.0,0.0,0.0,0.0,0.0,-0.0177,situacion_critica,calculado,alta,baja,evidencia_temporal_disponible,balance_negativo,motivo_de_periodos_sin_ingreso,La ventana entre 2026-04-01 y 2026-04-30 muestra un balance de -3580000 COP y una cobertura estimada de 0.00 meses. Este resultado describe el periodo y no a la persona.,historia_controlada_recalculada_v2,validation,acumulacion_estable,si,roadmap_14_mvp_estructurado_v3.0,fincoach_mvp_estructurado_v3.0,bab109790ceb0d17179aa7f09726a9dfa6adae0f7bd8d591d081b87b0190b994,0,0,0,1,1694000,1886000,156000,0,0
VEN_0162_2,PERF_0162,dentro_del_mvp,2026-05-31,2026-04-01,2026-05-31,acumulada_61_dias,61,50,98.0,0,0,0,0,0,7160000,4406000,733000,430000,406000,109000,3343337,-3816663,8798054,8392054,7160000,-7160000,7160000,7160000,59,0.0,1956.2842,0.0,0.0,0.0,-0.0461,situacion_critica,calculado,alta,baja,evidencia_temporal_disponible,balance_negativo,motivo_de_periodos_sin_ingreso,La ventana entre 2026-04-01 y 2026-05-31 muestra un balance de -7160000 COP y una cobertura estimada de 0.00 meses. Este resultado describe el periodo y no a la persona.,historia_controlada_recalculada_v2,validation,acumulacion_estable,si,roadmap_14_mvp_estructurado_v3.0,fincoach_mvp_estructurado_v3.0,e24d01594f249863dd9d114c18ce5b00c0e1cad45ba2c74c277742d4e8191b2d,0,0,0,2,3247000,3913000,406000,0,0
VEN_0162_3,PERF_0162,dentro_del_mvp,2026-06-30,2026-04-01,2026-06-30,acumulada_91_dias,91,73,98.6301,0,0,0,0,0,10740000,6672000,847000,1107000,562000,109000,3343337,-7396663,8798054,8392054,10740000,-10740000,10740000,10740000,89,0.0,-644.9288,0.0,0.0,0.0,-0.0461,situacion_critica,calculado,alta,baja,evidencia_temporal_disponible,balance_negativo,motivo_de_periodos_sin_ingreso,La ventana entre 2026-04-01 y 2026-06-30 muestra un balance de -10740000 COP y una cobertura estimada de 0.00 meses. Este resultado describe el periodo y no a la persona.,historia_controlada_recalculada_v2,validation,acumulacion_estable,si,roadmap_14_mvp_estructurado_v3.0,fincoach_mvp_estructurado_v3.0,9dab98d33c556eea3d5d17775a878a528b219d5dfae6fb8d3cf629aa7c876dd7,0,0,0,3,4904000,5836000,406000,156000,0
VEN_0163_1,PERF_0163,dentro_del_mvp,2026-04-30,2026-04-01,2026-04-30,acumulada_30_dias,30,31,96.7742,3840000,0,0,0,0,3466000,1658000,206000,753000,285000,207000,1014829,1388829,809471,809471,7306000,374000,0,1197000,5,0.7847,0.0,0.0,0.8377,0.0,0.0,equilibrio_sostenible,calculado,alta,baja,balance_no_negativo,sin_factor_dominante,ninguna_relevante_para_el_periodo,La ventana entre 2026-04-01 y 2026-04-30 muestra un balance de 374000 COP y una cobertura estimada de 0.84 meses. Este resultado describe el periodo y no a la persona.,historia_controlada_recalculada_v2,test,equilibrio_sostenible,si,roadmap_14_mvp_estructurado_v3.0,fincoach_mvp_estructurado_v3.0,c5e7abf97acc99403dd5e8480ca4655f9e6a7679220be91d899e63b0b0bff86f,3840000,0,0,0,1480000,1986000,0,285000,0
VEN_0163_2,PERF_0163,dentro_del_mvp,2026-05-31,2026-04-01,2026-05-31,acumulada_61_dias,61,61,96.7213,7833000,0,0,0,0,6932000,4050000,679000,928000,451000,410000,1014829,1915829,809471,643471,14765000,901000,0,1325000,5,0.801,2303.8251,0.0195,0.9461,0.0,-0.2051,equilibrio_sostenible,calculado,alta,baja,balance_no_negativo,sin_factor_dominante,ninguna_relevante_para_el_periodo,La ventana entre 2026-04-01 y 2026-05-31 muestra un balance de 901000 COP y una cobertura estimada de 0.95 meses. Este resultado describe el periodo y no a la persona.,historia_controlada_recalculada_v2,test,equilibrio_sostenible,si,roadmap_14_mvp_estructurado_v3.0,fincoach_mvp_estructurado_v3.0,aae3d8154083fee11da983aed607f4b80c1765f2c365fe2f9e505663109f85a4,7660000,173000,0,0,2941000,3991000,166000,285000,0
VEN_0163_3,PERF_0163,dentro_del_mvp,2026-06-30,2026-04-01,2026-06-30,acumulada_91_dias,91,91,97.8022,11368000,0,0,0,0,10398000,6032000,998000,1674000,451000,588000,1014829,1984829,809471,643471,21766000,970000,0,1586000,35,0.8298,-4111.1511,0.0502,0.9871,0.0,-0.2051,equilibrio_sostenible,calculado,alta,baja,balance_no_negativo,sin_factor_dominante,ninguna_relevante_para_el_periodo,La ventana entre 2026-04-01 y 2026-06-30 muestra un balance de 970000 COP y una cobertura estimada de 0.99 meses. Este resultado describe el periodo y no a la persona.,historia_controlada_recalculada_v2,test,equilibrio_sostenible,si,roadmap_14_mvp_estructurado_v3.0,fincoach_mvp_estructurado_v3.0,814cab6f0ae2358b13405ddd3ed17692f36dc1df72d79b14537e12431f3960cc,11195000,173000,0,0,4384000,6014000,166000,285000,0
VEN_0164_1,PERF_0164,dentro_del_mvp,2026-04-30,2026-04-01,2026-04-30,acumulada_30_dias,30,33,100.0,9137000,0,0,250000,0,7350000,4407000,558000,750000,616000,576000,2012502,4049502,3897117,3281117,16487000,1787000,0,3840000,16,0.64,0.0,0.0,0.9189,0.0,-0.1581,equilibrio_sostenible,calculado,alta,baja,balance_no_negativo,sin_factor_dominante,ninguna_relevante_para_el_periodo,La ventana entre 2026-04-01 y 2026-04-30 muestra un balance de 1787000 COP y una cobertura estimada de 0.92 meses. Este resultado describe el periodo y no a la persona.,historia_controlada_recalculada_v2,test,variable_resiliente,si,roadmap_14_mvp_estructurado_v3.0,fincoach_mvp_estructurado_v3.0,63fef8931e63da5b0a21d7913c456e07d70c3a2aadca034622e6851de4b5ebe6,8413000,974000,0,0,3656000,3694000,616000,0,0
VEN_0164_2,PERF_0164,dentro_del_mvp,2026-05-31,2026-04-01,2026-05-31,acumulada_61_dias,61,66,96.9697,14968000,0,0,250000,0,17195000,10762000,1207000,750000,1812000,818000,2012502,35502,3897117,2963117,32163000,-2227000,2227000,8170000,47,0.0056,-96074.8634,0.2209,0.0066,0.0,-0.2397,fragilidad_sostenida,calculado,alta,baja,evidencia_temporal_disponible,balance_negativo,ninguna_relevante_para_el_periodo,La ventana entre 2026-04-01 y 2026-05-31 muestra un balance de -2227000 COP y una cobertura estimada de 0.01 meses. Este resultado describe el periodo y no a la persona.,historia_controlada_recalculada_v2,test,variable_resiliente,si,roadmap_14_mvp_estructurado_v3.0,fincoach_mvp_estructurado_v3.0,a3ded4db07f9d1bb56dd2eb538cc46a456bd485d4314d7ab9c6dbca8595b35b4,14244000,974000,0,0,9517000,7678000,934000,878000,0
VEN_0164_3,PERF_0164,dentro_del_mvp,2026-06-30,2026-04-01,2026-06-30,acumulada_91_dias,91,98,96.9388,22125000,0,0,250000,0,27040000,17109000,2026000,1786000,2311000,1191000,2012502,-2652498,3897117,2963117,49165000,-4915000,4915000,9171000,77,0.0,-17502.7923,0.1842,0.0,0.0,-0.2397,situacion_critica,calculado,alta,baja,evidencia_temporal_disponible,balance_negativo,ninguna_relevante_para_el_periodo,La ventana entre 2026-04-01 y 2026-06-30 muestra un balance de -4915000 COP y una cobertura estimada de 0.00 meses. Este resultado describe el periodo y no a la persona.,historia_controlada_recalculada_v2,test,variable_resiliente,si,roadmap_14_mvp_estructurado_v3.0,fincoach_mvp_estructurado_v3.0,fa6dd78f6021ec860be9b47d020df5eec0dafabb2dfc8815cc9cee25335241ee,19048000,3327000,0,0,14303000,12737000,934000,1377000,0
VEN_0165_1,PERF_0165,dentro_del_mvp,2026-04-30,2026-04-01,2026-04-30,acumulada_30_dias,30,33,93.9394,4841000,0,0,0,0,2918000,1430000,236000,904000,106000,0,15088421,17011421,9565093,9459093,7759000,1923000,0,917000,8,0.9685,0.0,0.0,11.8961,0.0,-0.0111,acumulacion_estable,calculado,alta,baja,balance_no_negativo,sin_factor_dominante,ninguna_relevante_para_el_periodo,La ventana entre 2026-04-01 y 2026-04-30 muestra un balance de 1923000 COP y una cobertura estimada de 11.90 meses. Este resultado describe el periodo y no a la persona.,historia_controlada_recalculada_v2,train,uso_planificado_reserva,si,roadmap_14_mvp_estructurado_v3.0,fincoach_mvp_estructurado_v3.0,ee1129b251fa0f6e9364e5ce1233e390e8e50f1f5f47dc5992060de596168ddd,4841000,0,0,0,1467000,1451000,106000,0,0
VEN_0165_2,PERF_0165,dentro_del_mvp,2026-05-31,2026-04-01,2026-05-31,acumulada_61_dias,61,66,93.9394,8077000,0,0,0,0,10593000,5870000,826000,1517000,769000,123000,15088421,12572421,9565093,9141093,18670000,-2516000,2516000,4993000,39,0.7157,-105345.9016,0.1987,4.2836,0.0,-0.0443,deterioro_reciente,calculado,alta,baja,evidencia_temporal_disponible,balance_negativo,ninguna_relevante_para_el_periodo,La ventana entre 2026-04-01 y 2026-05-31 muestra un balance de -2516000 COP y una cobertura estimada de 4.28 meses. Este resultado describe el periodo y no a la persona.,historia_controlada_recalculada_v2,train,uso_planificado_reserva,si,roadmap_14_mvp_estructurado_v3.0,fincoach_mvp_estructurado_v3.0,4ba6189f96a6b8d175823ee46695eac3c0fe66fabe0c02e00fdd9f523c5ea599,7838000,239000,0,0,5114000,5479000,424000,345000,0
VEN_0165_3,PERF_0165,dentro_del_mvp,2026-06-30,2026-04-01,2026-06-30,acumulada_91_dias,91,99,94.9495,11084000,0,0,0,0,18268000,10884000,1703000,2600000,1076000,123000,15088421,7904421,9565093,9141093,29352000,-7184000,7184000,9661000,69,0.45,-37699.1533,0.2208,2.1787,0.0,-0.0443,uso_planificado_reserva,calculado,alta,baja,evidencia_temporal_disponible,balance_negativo,ninguna_relevante_para_el_periodo,La ventana entre 2026-04-01 y 2026-06-30 muestra un balance de -7184000 COP y una cobertura estimada de 2.18 meses. Este resultado describe el periodo y no a la persona.,historia_controlada_recalculada_v2,train,uso_planificado_reserva,si,roadmap_14_mvp_estructurado_v3.0,fincoach_mvp_estructurado_v3.0,19f97faaffd4c4f16ff8284196cdea02e408d9fa03b07ca6e451dd48661e28f3,10845000,239000,0,0,9568000,8700000,424000,652000,0
VEN_0166_1,PERF_0166,dentro_del_mvp,2026-04-30,2026-04-01,2026-04-30,acumulada_30_dias,30,33,96.9697,6046000,0,0,0,0,5165000,3020000,317000,1223000,0,61000,3229547,4110547,0,0,11211000,881000,0,2599000,7,0.8441,0.0,0.0,1.3611,0.0,0.0,equilibrio_sostenible,calculado,alta,baja,balance_no_negativo,sin_factor_dominante,ninguna_relevante_para_el_periodo,La ventana entre 2026-04-01 y 2026-04-30 muestra un balance de 881000 COP y una cobertura estimada de 1.36 meses. Este resultado describe el periodo y no a la persona.,historia_controlada_recalculada_v2,train,deterioro_reciente,si,roadmap_14_mvp_estructurado_v3.0,fincoach_mvp_estructurado_v3.0,491949fb4e52aec20404c8b7f283d76fe35b120495106e4639c0769e7038c2ae,0,0,6046000,0,1567000,3598000,0,0,0
VEN_0166_2,PERF_0166,dentro_del_mvp,2026-05-31,2026-04-01,2026-05-31,acumulada_61_dias,61,61,96.7213,6046000,0,0,0,0,10330000,6050000,1034000,2095000,0,372000,3229547,-1054453,0,0,16376000,-4284000,4284000,5924000,38,0.0,-99596.1749,1.0,0.0,0.0,0.0,situacion_critica,calculado,alta,baja,evidencia_temporal_disponible,balance_negativo,motivo_de_periodos_sin_ingreso,La ventana entre 2026-04-01 y 2026-05-31 muestra un balance de -4284000 COP y una cobertura estimada de 0.00 meses. Este resultado describe el periodo y no a la persona.,historia_controlada_recalculada_v2,train,deterioro_reciente,si,roadmap_14_mvp_estructurado_v3.0,fincoach_mvp_estructurado_v3.0,6d6b52a82c41e4a70da8661123e78ca39af634b568e156ff073bb59fa6c9d219,0,0,6046000,1,3628000,6702000,0,0,0
VEN_0166_3,PERF_0166,dentro_del_mvp,2026-06-30,2026-04-01,2026-06-30,acumulada_91_dias,91,94,97.8723,10432000,0,0,110000,0,17833000,10401000,2286000,2758000,0,1008000,3229547,-4061453,0,0,28265000,-7401000,7401000,8931000,68,0.0,-11100.1621,0.7335,0.0,0.0,0.0,situacion_critica,calculado,alta,baja,evidencia_temporal_disponible,balance_negativo,motivo_de_periodos_sin_ingreso,La ventana entre 2026-04-01 y 2026-06-30 muestra un balance de -7401000 COP y una cobertura estimada de 0.00 meses. Este resultado describe el periodo y no a la persona.,historia_controlada_recalculada_v2,train,deterioro_reciente,si,roadmap_14_mvp_estructurado_v3.0,fincoach_mvp_estructurado_v3.0,ec744872961d8f4675b18966bf82b43e4711b0b0fbe7ea9535070baf0ad818df,0,110000,10432000,1,7384000,10449000,0,0,0
VEN_0167_1,PERF_0167,dentro_del_mvp,2026-04-30,2026-04-01,2026-04-30,acumulada_30_dias,30,33,96.9697,2541000,0,0,0,0,4273000,2282000,402000,373000,432000,131000,807223,-924777,11976320,11976320,6814000,-1732000,1732000,1732000,29,0.0,0.0,0.0,0.0,0.0,0.0,situacion_critica,calculado,alta,baja,evidencia_temporal_disponible,balance_negativo,ninguna_relevante_para_el_periodo,La ventana entre 2026-04-01 y 2026-04-30 muestra un balance de -1732000 COP y una cobertura estimada de 0.00 meses. Este resultado describe el periodo y no a la persona.,historia_controlada_recalculada_v2,train,fragilidad_sostenida,si,roadmap_14_mvp_estructurado_v3.0,fincoach_mvp_estructurado_v3.0,43e580ded6bfa93d0e9eb8f212d0db1117f34ca2d4c2f0fa573fd60c58e6c700,2541000,0,0,0,1854000,2419000,0,432000,0
VEN_0167_2,PERF_0167,dentro_del_mvp,2026-05-31,2026-04-01,2026-05-31,acumulada_61_dias,61,66,98.4848,4791000,0,364000,0,0,9727000,4704000,679000,2150000,571000,426000,807223,-3764777,11976320,12340320,14518000,-4936000,4936000,5283000,60,0.0,-23184.6995,0.0607,0.0,0.0706,0.0304,situacion_critica,calculado,alta,baja,evidencia_temporal_disponible,balance_negativo,ninguna_relevante_para_el_periodo,La ventana entre 2026-04-01 y 2026-05-31 muestra un balance de -4936000 COP y una cobertura estimada de 0.00 meses. Este resultado describe el periodo y no a la persona.,historia_controlada_recalculada_v2,train,fragilidad_sostenida,si,roadmap_14_mvp_estructurado_v3.0,fincoach_mvp_estructurado_v3.0,3312a2402afeb1743ba0faef49200e84334be1dab8f0f4f8531b4885a5213bef,4819000,336000,0,0,5019000,4708000,0,571000,364000
VEN_0167_3,PERF_0167,dentro_del_mvp,2026-06-30,2026-04-01,2026-06-30,acumulada_91_dias,91,98,98.9796,6659000,0,728000,0,0,15181000,7861000,1177000,3181000,851000,757000,807223,-6986777,11976320,12704320,21840000,-8522000,8522000,8135000,90,0.0,-12730.3189,0.1242,0.0,0.0986,0.0608,situacion_critica,calculado,alta,baja,evidencia_temporal_disponible,balance_negativo,ninguna_relevante_para_el_periodo,La ventana entre 2026-04-01 y 2026-06-30 muestra un balance de -8522000 COP y una cobertura estimada de 0.00 meses. Este resultado describe el periodo y no a la persona.,historia_controlada_recalculada_v2,train,fragilidad_sostenida,si,roadmap_14_mvp_estructurado_v3.0,fincoach_mvp_estructurado_v3.0,646a08e7d966a6f1abdb0f584fdce0821b7f1599ec3c26c5fbe092e8ec54fe68,7051000,336000,0,0,8268000,6913000,0,851000,728000
VEN_0168_1,PERF_0168,dentro_del_mvp,2026-04-30,2026-04-01,2026-04-30,acumulada_30_dias,30,32,100.0,1750000,0,443000,0,0,6642000,2736000,806000,1170000,989000,205000,1248760,-3200240,6630040,6651040,8392000,-4892000,4892000,4935000,25,0.0,0.0,0.0,0.0,0.202,0.0032,situacion_critica,calculado,alta,baja,evidencia_temporal_disponible,balance_negativo,ninguna_relevante_para_el_periodo,La ventana entre 2026-04-01 y 2026-04-30 muestra un balance de -4892000 COP y una cobertura estimada de 0.00 meses. Este resultado describe el periodo y no a la persona.,historia_controlada_recalculada_v2,train,situacion_critica,si,roadmap_14_mvp_estructurado_v3.0,fincoach_mvp_estructurado_v3.0,fe3e6b3862bfe8f08fa395befdfdd3aa40b9ed5536d024497478bb7f4412c975,2193000,0,0,0,2916000,3726000,422000,567000,443000
VEN_0168_2,PERF_0168,dentro_del_mvp,2026-05-31,2026-04-01,2026-05-31,acumulada_61_dias,61,65,98.4615,3500000,0,1255000,0,0,15030000,6638000,1710000,2155000,1582000,1190000,1248760,-9026240,6630040,7226040,18530000,-11530000,11530000,10761000,56,0.0,-25949.7268,0.0,0.0,0.2639,0.0899,situacion_critica,calculado,alta,baja,evidencia_temporal_disponible,balance_negativo,ninguna_relevante_para_el_periodo,La ventana entre 2026-04-01 y 2026-05-31 muestra un balance de -11530000 COP y una cobertura estimada de 0.00 meses. Este resultado describe el periodo y no a la persona.,historia_controlada_recalculada_v2,train,situacion_critica,si,roadmap_14_mvp_estructurado_v3.0,fincoach_mvp_estructurado_v3.0,b6dcf32d93e326910f84155e34b514e38d08415a74dee4ac4946e1f397f293cf,4755000,0,0,0,5850000,9180000,659000,923000,1255000
VEN_0168_3,PERF_0168,dentro_del_mvp,2026-06-30,2026-04-01,2026-06-30,acumulada_91_dias,91,97,96.9072,5250000,0,2067000,0,0,23418000,10672000,2589000,4172000,1781000,1546000,1248760,-14852240,6630040,7839040,28668000,-18168000,18168000,16587000,86,0.0,-10631.9582,0.0,0.0,0.2825,0.1824,situacion_critica,calculado,alta,baja,evidencia_temporal_disponible,balance_negativo,ninguna_relevante_para_el_periodo,La ventana entre 2026-04-01 y 2026-06-30 muestra un balance de -18168000 COP y una cobertura estimada de 0.00 meses. Este resultado describe el periodo y no a la persona.,historia_controlada_recalculada_v2,train,situacion_critica,si,roadmap_14_mvp_estructurado_v3.0,fincoach_mvp_estructurado_v3.0,8dc2d425757eedd7b70ba4493d310b26c3c10d1ca4684646527d0e0ea8cef453,7317000,0,0,0,8736000,14682000,858000,923000,2067000
VEN_0169_1,PERF_0169,dentro_del_mvp,2026-04-30,2026-04-01,2026-04-30,acumulada_30_dias,30,30,96.6667,1740000,0,0,0,0,2561000,1669000,162000,487000,138000,34000,5065916,4244916,1028770,890770,4301000,-821000,821000,2048000,25,0.6746,0.0,0.0,2.5434,0.0,-0.1341,uso_planificado_reserva,calculado,alta,baja,evidencia_temporal_disponible,balance_negativo,ninguna_relevante_para_el_periodo,La ventana entre 2026-04-01 y 2026-04-30 muestra un balance de -821000 COP y una cobertura estimada de 2.54 meses. Este resultado describe el periodo y no a la persona.,historia_controlada_recalculada_v2,train,acumulacion_estable,si,roadmap_14_mvp_estructurado_v3.0,fincoach_mvp_estructurado_v3.0,696c1167eb5e2c6254368e8592fb13e88357e865844a16393177dd761a4991ba,1740000,0,0,0,1356000,1205000,138000,0,0
VEN_0169_2,PERF_0169,dentro_del_mvp,2026-05-31,2026-04-01,2026-05-31,acumulada_61_dias,61,61,98.3607,3480000,0,0,0,0,5122000,3102000,413000,671000,594000,166000,5065916,3423916,1028770,626770,8602000,-1642000,1642000,2869000,56,0.5441,448.6339,0.0,2.2076,0.0,-0.3908,uso_planificado_reserva,calculado,alta,baja,evidencia_temporal_disponible,balance_negativo,ninguna_relevante_para_el_periodo,La ventana entre 2026-04-01 y 2026-05-31 muestra un balance de -1642000 COP y una cobertura estimada de 2.21 meses. Este resultado describe el periodo y no a la persona.,historia_controlada_recalculada_v2,train,acumulacion_estable,si,roadmap_14_mvp_estructurado_v3.0,fincoach_mvp_estructurado_v3.0,389a3668cc15c939e870debf013de75f38a96cd516634f20af4e21c56c3db637,3480000,0,0,0,2913000,2209000,402000,192000,0
VEN_0169_3,PERF_0169,dentro_del_mvp,2026-06-30,2026-04-01,2026-06-30,acumulada_91_dias,91,92,98.913,5220000,0,0,0,0,7683000,4201000,654000,919000,1272000,252000,5065916,2602916,1028770,314770,12903000,-2463000,2463000,3690000,86,0.4136,-147.9013,0.0,1.8588,0.0,-0.694,fragilidad_sostenida,calculado,alta,baja,evidencia_temporal_disponible,balance_negativo,ninguna_relevante_para_el_periodo,La ventana entre 2026-04-01 y 2026-06-30 muestra un balance de -2463000 COP y una cobertura estimada de 1.86 meses. Este resultado describe el periodo y no a la persona.,historia_controlada_recalculada_v2,train,acumulacion_estable,si,roadmap_14_mvp_estructurado_v3.0,fincoach_mvp_estructurado_v3.0,10f404a7f4aef66be3dd264fd5c840e3336b097facf15bca4dce18b786acdfbe,5220000,0,0,0,4617000,3066000,714000,558000,0
VEN_0170_1,PERF_0170,dentro_del_mvp,2026-04-30,2026-04-01,2026-04-30,acumulada_30_dias,30,30,96.6667,6359000,0,0,190000,0,5874000,3599000,204000,1454000,0,332000,3271559,3946559,0,0,12233000,485000,0,1312000,3,0.8765,0.0,0.0,1.0966,0.0,0.0,equilibrio_sostenible,calculado,alta,baja,balance_no_negativo,sin_factor_dominante,ninguna_relevante_para_el_periodo,La ventana entre 2026-04-01 y 2026-04-30 muestra un balance de 485000 COP y una cobertura estimada de 1.10 meses. Este resultado describe el periodo y no a la persona.,historia_controlada_recalculada_v2,validation,equilibrio_sostenible,si,roadmap_14_mvp_estructurado_v3.0,fincoach_mvp_estructurado_v3.0,ad21b11cccb4db8dc58b2b00912efb94e6f79dba8d335199a4690b194256856b,6549000,0,0,0,2590000,3284000,0,0,0
VEN_0170_2,PERF_0170,dentro_del_mvp,2026-05-31,2026-04-01,2026-05-31,acumulada_61_dias,61,63,98.4127,13027000,0,0,330000,0,11748000,7764000,405000,2498000,0,556000,3271559,4880559,0,0,24775000,1279000,0,2790000,0,1.0,4800.5464,0.0237,1.2572,0.0,0.0,equilibrio_sostenible,calculado,alta,baja,balance_no_negativo,sin_factor_dominante,ninguna_relevante_para_el_periodo,La ventana entre 2026-04-01 y 2026-05-31 muestra un balance de 1279000 COP y una cobertura estimada de 1.26 meses. Este resultado describe el periodo y no a la persona.,historia_controlada_recalculada_v2,validation,equilibrio_sostenible,si,roadmap_14_mvp_estructurado_v3.0,fincoach_mvp_estructurado_v3.0,575402f9d0857ad82785ff441887b16f1592dbcb14beca00642ce086c62dd89c,13357000,0,0,0,6560000,5188000,0,0,0
VEN_0170_3,PERF_0170,dentro_del_mvp,2026-06-30,2026-04-01,2026-06-30,acumulada_91_dias,91,95,97.8947,19798000,379000,0,330000,0,17622000,10850000,641000,4138000,0,942000,3271559,6156559,0,0,37799000,2555000,0,2790000,21,0.9228,7109.71,0.0265,1.7023,0.0185,0.0,equilibrio_sostenible,calculado,alta,baja,balance_no_negativo,sin_factor_dominante,ninguna_relevante_para_el_periodo,La ventana entre 2026-04-01 y 2026-06-30 muestra un balance de 2555000 COP y una cobertura estimada de 1.70 meses. Este resultado describe el periodo y no a la persona.,historia_controlada_recalculada_v2,validation,equilibrio_sostenible,si,roadmap_14_mvp_estructurado_v3.0,fincoach_mvp_estructurado_v3.0,3fdd1ea70086e43ccf56cce86a5a31f556fd02fe51fc75b0ec54e1aee15b32de,20128000,379000,0,0,8585000,9037000,0,0,0
VEN_0171_1,PERF_0171,dentro_del_mvp,2026-04-30,2026-04-01,2026-04-30,acumulada_30_dias,30,29,93.1034,5189000,0,0,0,0,7612000,4863000,579000,1088000,0,367000,3548499,1125499,0,0,12801000,-2423000,2423000,4561000,29,0.3172,0.0,0.0,0.2314,0.0,0.0,fragilidad_sostenida,calculado,alta,baja,evidencia_temporal_disponible,balance_negativo,ninguna_relevante_para_el_periodo,La ventana entre 2026-04-01 y 2026-04-30 muestra un balance de -2423000 COP y una cobertura estimada de 0.23 meses. Este resultado describe el periodo y no a la persona.,historia_controlada_recalculada_v2,test,variable_resiliente,si,roadmap_14_mvp_estructurado_v3.0,fincoach_mvp_estructurado_v3.0,ba1094b1c2b3b60fe0e3ceffb091d03e353113b67037c8f6366376b8273c3f3b,5189000,0,0,0,3700000,3912000,0,0,0
VEN_0171_2,PERF_0171,dentro_del_mvp,2026-05-31,2026-04-01,2026-05-31,acumulada_61_dias,61,61,95.082,12896000,716000,0,0,0,17808000,9663000,1743000,3552000,0,1136000,3548499,-647501,0,0,31420000,-4196000,4196000,6096000,60,0.0,11979.7814,0.1953,0.0,0.0526,0.0,situacion_critica,calculado,alta,baja,evidencia_temporal_disponible,balance_negativo,ninguna_relevante_para_el_periodo,La ventana entre 2026-04-01 y 2026-05-31 muestra un balance de -4196000 COP y una cobertura estimada de 0.00 meses. Este resultado describe el periodo y no a la persona.,historia_controlada_recalculada_v2,test,variable_resiliente,si,roadmap_14_mvp_estructurado_v3.0,fincoach_mvp_estructurado_v3.0,a10b81d305970132dda6a26651afd990c3648ecbed0e0af3ff691888042f811f,12896000,716000,0,0,10743000,7065000,0,0,0
VEN_0171_3,PERF_0171,dentro_del_mvp,2026-06-30,2026-04-01,2026-06-30,acumulada_91_dias,91,93,95.6989,27014000,716000,0,0,0,23128000,11814000,2542000,4785000,0,1629000,3548499,8150499,0,0,50858000,4602000,0,6096000,0,1.0,119358.3138,0.4174,2.0697,0.0258,0.0,variable_resiliente,calculado,alta,baja,balance_no_negativo,sin_factor_dominante,ninguna_relevante_para_el_periodo,La ventana entre 2026-04-01 y 2026-06-30 muestra un balance de 4602000 COP y una cobertura estimada de 2.07 meses. Este resultado describe el periodo y no a la persona.,historia_controlada_recalculada_v2,test,variable_resiliente,si,roadmap_14_mvp_estructurado_v3.0,fincoach_mvp_estructurado_v3.0,437d015002726a5536f0bc20bb125c60e850ea6d1f74ba17a80f2c99b0728068,27014000,716000,0,0,13968000,9160000,0,0,0
VEN_0172_1,PERF_0172,dentro_del_mvp,2026-04-30,2026-04-01,2026-04-30,acumulada_30_dias,30,28,96.4286,0,334000,0,0,0,4332000,2501000,276000,870000,0,362000,20297008,16299008,0,0,4666000,-3998000,3998000,4332000,28,0.803,0.0,0.0,6.517,1.0,0.0,uso_planificado_reserva,calculado,alta,baja,evidencia_temporal_disponible,balance_negativo,motivo_de_periodos_sin_ingreso,La ventana entre 2026-04-01 y 2026-04-30 muestra un balance de -3998000 COP y una cobertura estimada de 6.52 meses. Este resultado describe el periodo y no a la persona.,historia_controlada_recalculada_v2,train,uso_planificado_reserva,si,roadmap_14_mvp_estructurado_v3.0,fincoach_mvp_estructurado_v3.0,3e5eba47d8f0bcdf2857587570b95ee51153be21e09d9caab450beab9b176643,0,334000,0,1,2177000,2155000,0,0,0
VEN_0172_2,PERF_0172,dentro_del_mvp,2026-05-31,2026-04-01,2026-05-31,acumulada_61_dias,61,55,96.3636,0,334000,0,0,0,15725000,8808000,937000,3030000,0,1269000,20297008,4906008,0,0,16059000,-15391000,15391000,15391000,59,0.2417,-119044.8087,0.0,1.114,1.0,0.0,deterioro_reciente,calculado,alta,baja,evidencia_temporal_disponible,balance_negativo,motivo_de_periodos_sin_ingreso,La ventana entre 2026-04-01 y 2026-05-31 muestra un balance de -15391000 COP y una cobertura estimada de 1.11 meses. Este resultado describe el periodo y no a la persona.,historia_controlada_recalculada_v2,train,uso_planificado_reserva,si,roadmap_14_mvp_estructurado_v3.0,fincoach_mvp_estructurado_v3.0,9e604c581aeb00b5289fef53eecfd10e61676c0225f1958e06caff3e2f124e22,0,334000,0,2,7292000,8433000,0,0,0
VEN_0172_3,PERF_0172,dentro_del_mvp,2026-06-30,2026-04-01,2026-06-30,acumulada_91_dias,91,80,97.5,0,929000,0,0,0,27118000,15785000,2247000,4650000,0,1671000,20297008,-5891992,0,0,28047000,-26189000,26189000,26189000,89,0.0,-35479.7334,0.0,0.0,1.0,0.0,situacion_critica,calculado,alta,baja,evidencia_temporal_disponible,balance_negativo,motivo_de_periodos_sin_ingreso,La ventana entre 2026-04-01 y 2026-06-30 muestra un balance de -26189000 COP y una cobertura estimada de 0.00 meses. Este resultado describe el periodo y no a la persona.,historia_controlada_recalculada_v2,train,uso_planificado_reserva,si,roadmap_14_mvp_estructurado_v3.0,fincoach_mvp_estructurado_v3.0,569d54c78e4bd340711f72c12fee025b790a573cb4bc70c58a616009d0f9e9dc,0,929000,0,3,12380000,14738000,0,0,0
VEN_0173_1,PERF_0173,dentro_del_mvp,2026-04-30,2026-04-01,2026-04-30,acumulada_30_dias,30,25,88.0,0,500000,0,0,0,4000000,2293000,204000,771000,0,77000,4950230,1450230,5746444,5746444,4500000,-3500000,3500000,3500000,29,0.293,0.0,0.0,0.6325,1.0,0.0,fragilidad_sostenida,calculado,alta,media,evidencia_temporal_disponible,balance_negativo,motivo_de_periodos_sin_ingreso,La ventana entre 2026-04-01 y 2026-04-30 muestra un balance de -3500000 COP y una cobertura estimada de 0.63 meses. Este resultado describe el periodo y no a la persona.,historia_controlada_recalculada_v2,train,deterioro_reciente,si,roadmap_14_mvp_estructurado_v3.0,fincoach_mvp_estructurado_v3.0,1df5e96b7709147d973b2eb880bddaf35504b161de3acd8fc468a72158402000,500000,0,0,1,1899000,2101000,0,0,0
VEN_0173_2,PERF_0173,dentro_del_mvp,2026-05-31,2026-04-01,2026-05-31,acumulada_61_dias,61,48,93.75,0,1000000,0,200000,0,8000000,4883000,297000,946000,0,504000,4950230,-1849770,5746444,5746444,9000000,-7000000,7000000,6800000,60,0.0,1912.5683,0.0,0.0,0.8333,0.0,situacion_critica,calculado,alta,baja,evidencia_temporal_disponible,balance_negativo,motivo_de_periodos_sin_ingreso,La ventana entre 2026-04-01 y 2026-05-31 muestra un balance de -7000000 COP y una cobertura estimada de 0.00 meses. Este resultado describe el periodo y no a la persona.,historia_controlada_recalculada_v2,train,deterioro_reciente,si,roadmap_14_mvp_estructurado_v3.0,fincoach_mvp_estructurado_v3.0,c61ae258550b05a8d11d28f818010c397b169669c3dada5fdca42d05741969be,1000000,200000,0,2,3990000,4010000,0,0,0
VEN_0173_3,PERF_0173,dentro_del_mvp,2026-06-30,2026-04-01,2026-06-30,acumulada_91_dias,91,71,95.7746,0,1500000,0,200000,0,13810000,7655000,670000,1886000,163000,1038000,4950230,-7159770,5746444,5583444,15310000,-12310000,12310000,12110000,90,0.0,-20520.6269,0.0,0.0,0.8824,-0.0284,situacion_critica,calculado,alta,baja,evidencia_temporal_disponible,balance_negativo,motivo_de_periodos_sin_ingreso,La ventana entre 2026-04-01 y 2026-06-30 muestra un balance de -12310000 COP y una cobertura estimada de 0.00 meses. Este resultado describe el periodo y no a la persona.,historia_controlada_recalculada_v2,train,deterioro_reciente,si,roadmap_14_mvp_estructurado_v3.0,fincoach_mvp_estructurado_v3.0,2327316de6c119f6ee2f4b256b5951cfa43b410f223d5ece2650a65d3e3db1ff,1500000,200000,0,3,6922000,6888000,163000,0,0
VEN_0174_1,PERF_0174,dentro_del_mvp,2026-04-30,2026-04-01,2026-04-30,acumulada_30_dias,30,33,96.9697,6978000,0,0,120000,0,12565000,7632000,532000,1543000,1833000,0,2915408,-2551592,29626467,28449467,19543000,-5587000,5587000,10440000,27,0.0,0.0,0.0,0.0,0.0,-0.0397,situacion_critica,calculado,alta,baja,evidencia_temporal_disponible,balance_negativo,ninguna_relevante_para_el_periodo,La ventana entre 2026-04-01 y 2026-04-30 muestra un balance de -5587000 COP y una cobertura estimada de 0.00 meses. Este resultado describe el periodo y no a la persona.,historia_controlada_recalculada_v2,train,fragilidad_sostenida,si,roadmap_14_mvp_estructurado_v3.0,fincoach_mvp_estructurado_v3.0,ebf43ed58527fc21e05c18534def929a833517c1d3fdbb9815106419e1044ebf,0,120000,6978000,0,6084000,6481000,1177000,656000,0
VEN_0174_2,PERF_0174,dentro_del_mvp,2026-05-31,2026-04-01,2026-05-31,acumulada_61_dias,61,57,96.4912,6978000,0,1069000,120000,0,28603000,16626000,1399000,4896000,3152000,0,2915408,-17520592,29626467,28798467,35581000,-21625000,21625000,21587000,58,0.0,-168274.8634,1.0,0.0,0.1309,-0.0279,situacion_critica,calculado,alta,baja,evidencia_temporal_disponible,balance_negativo,motivo_de_periodos_sin_ingreso,La ventana entre 2026-04-01 y 2026-05-31 muestra un balance de -21625000 COP y una cobertura estimada de 0.00 meses. Este resultado describe el periodo y no a la persona.,historia_controlada_recalculada_v2,train,fragilidad_sostenida,si,roadmap_14_mvp_estructurado_v3.0,fincoach_mvp_estructurado_v3.0,469a692555757dc5a4f6091b343290674e4326d19e874d062033e55a39bea26b,1069000,120000,6978000,1,15604000,12999000,1897000,1255000,1069000
VEN_0174_3,PERF_0174,dentro_del_mvp,2026-06-30,2026-04-01,2026-06-30,acumulada_91_dias,91,89,97.7528,12831000,0,2138000,180000,0,44641000,25395000,1585000,8944000,4561000,743000,2915408,-26576592,29626467,28458467,57472000,-31810000,31810000,30643000,88,0.0,4947.7572,0.7152,0.0,0.1411,-0.0394,situacion_critica,calculado,alta,baja,evidencia_temporal_disponible,balance_negativo,motivo_de_periodos_sin_ingreso,La ventana entre 2026-04-01 y 2026-06-30 muestra un balance de -31810000 COP y una cobertura estimada de 0.00 meses. Este resultado describe el periodo y no a la persona.,historia_controlada_recalculada_v2,train,fragilidad_sostenida,si,roadmap_14_mvp_estructurado_v3.0,fincoach_mvp_estructurado_v3.0,d77105c2b129a650007a6f01cd1df9721c7dc539a95b63e742118fff9c8a942a,2138000,180000,12831000,1,23453000,21188000,3306000,1255000,2138000
VEN_0175_1,PERF_0175,dentro_del_mvp,2026-04-30,2026-04-01,2026-04-30,acumulada_30_dias,30,29,100.0,500000,0,443000,0,0,6642000,3028000,686000,1183000,1148000,0,786875,-4912125,9635935,9514935,7142000,-6142000,6142000,5699000,27,0.0,0.0,0.0,0.0,0.4698,-0.0126,situacion_critica,calculado,alta,baja,evidencia_temporal_disponible,balance_negativo,ninguna_relevante_para_el_periodo,La ventana entre 2026-04-01 y 2026-04-30 muestra un balance de -6142000 COP y una cobertura estimada de 0.00 meses. Este resultado describe el periodo y no a la persona.,historia_controlada_recalculada_v2,validation,situacion_critica,si,roadmap_14_mvp_estructurado_v3.0,fincoach_mvp_estructurado_v3.0,b7427c39b64af0ba018b410f1aec8cae7a2f37bc1a34b22ca5cc65ec2649283b,943000,0,0,0,3931000,2711000,564000,584000,443000
VEN_0175_2,PERF_0175,dentro_del_mvp,2026-05-31,2026-04-01,2026-05-31,acumulada_61_dias,61,56,96.4286,1000000,0,1255000,250000,0,15030000,7547000,1438000,1634000,2025000,1154000,786875,-11738125,9635935,10326935,16030000,-14030000,14030000,12732000,58,0.0,-25266.6667,0.0,0.0,0.501,0.0717,situacion_critica,calculado,alta,baja,evidencia_temporal_disponible,balance_negativo,ninguna_relevante_para_el_periodo,La ventana entre 2026-04-01 y 2026-05-31 muestra un balance de -14030000 COP y una cobertura estimada de 0.00 meses. Este resultado describe el periodo y no a la persona.,historia_controlada_recalculada_v2,validation,situacion_critica,si,roadmap_14_mvp_estructurado_v3.0,fincoach_mvp_estructurado_v3.0,7848e6f4b9fee697eb12fec980de27f8e194d91c353f8fc377c3785388acdf16,2255000,250000,0,0,8355000,6675000,564000,1461000,1255000
VEN_0175_3,PERF_0175,dentro_del_mvp,2026-06-30,2026-04-01,2026-06-30,acumulada_91_dias,91,80,97.5,1500000,0,2067000,250000,0,23418000,12021000,1917000,3847000,2488000,1583000,786875,-18814125,9635935,11138935,24918000,-21918000,21918000,20028000,88,0.0,-10857.1429,0.0,0.0,0.5415,0.156,situacion_critica,calculado,alta,baja,evidencia_temporal_disponible,balance_negativo,ninguna_relevante_para_el_periodo,La ventana entre 2026-04-01 y 2026-06-30 muestra un balance de -21918000 COP y una cobertura estimada de 0.00 meses. Este resultado describe el periodo y no a la persona.,historia_controlada_recalculada_v2,validation,situacion_critica,si,roadmap_14_mvp_estructurado_v3.0,fincoach_mvp_estructurado_v3.0,7c4607810c40acabfeb76c7c9673e26f4a13a0fd689153ff29bbfcd53e797f9d,3567000,250000,0,0,12519000,10899000,564000,1924000,2067000
VEN_0176_1,PERF_0176,dentro_del_mvp,2026-04-30,2026-04-01,2026-04-30,acumulada_30_dias,30,29,96.5517,780000,0,1493000,0,0,4834000,3232000,446000,0,0,523000,8445451,5884451,10695517,12188517,5614000,-4054000,4054000,3260000,29,0.6968,0.0,0.0,1.8207,0.6568,0.1396,uso_planificado_reserva,calculado,alta,baja,evidencia_temporal_disponible,balance_negativo,ninguna_relevante_para_el_periodo,La ventana entre 2026-04-01 y 2026-04-30 muestra un balance de -4054000 COP y una cobertura estimada de 1.82 meses. Este resultado describe el periodo y no a la persona.,historia_controlada_recalculada_v2,train,acumulacion_estable,si,roadmap_14_mvp_estructurado_v3.0,fincoach_mvp_estructurado_v3.0,32185c1ee19cee23b2a984abafcda8d5408cca3f2b5aec60824d0c4213314523,780000,1493000,0,0,2974000,1860000,0,0,1493000
VEN_0176_2,PERF_0176,dentro_del_mvp,2026-05-31,2026-04-01,2026-05-31,acumulada_61_dias,61,52,94.2308,1560000,0,1493000,0,0,9668000,5916000,750000,497000,0,1078000,8445451,1830451,10695517,12188517,11228000,-8108000,8108000,6615000,60,0.2167,2215.3005,0.0,0.6188,0.489,0.1396,fragilidad_sostenida,calculado,alta,baja,evidencia_temporal_disponible,balance_negativo,ninguna_relevante_para_el_periodo,La ventana entre 2026-04-01 y 2026-05-31 muestra un balance de -8108000 COP y una cobertura estimada de 0.62 meses. Este resultado describe el periodo y no a la persona.,historia_controlada_recalculada_v2,train,acumulacion_estable,si,roadmap_14_mvp_estructurado_v3.0,fincoach_mvp_estructurado_v3.0,442cf6997690d457371408314fa557fdd226898894effa7d0c69e3eb733b43d1,1560000,1493000,0,0,5514000,4154000,0,0,1493000
VEN_0176_3,PERF_0176,dentro_del_mvp,2026-06-30,2026-04-01,2026-06-30,acumulada_91_dias,91,76,94.7368,2340000,0,2498000,0,0,14502000,9308000,997000,497000,220000,1330000,8445451,-1218549,10695517,13193517,16842000,-12162000,12162000,9664000,90,0.0,-730.3189,0.0,0.0,0.5163,0.2336,situacion_critica,calculado,alta,baja,evidencia_temporal_disponible,balance_negativo,ninguna_relevante_para_el_periodo,La ventana entre 2026-04-01 y 2026-06-30 muestra un balance de -12162000 COP y una cobertura estimada de 0.00 meses. Este resultado describe el periodo y no a la persona.,historia_controlada_recalculada_v2,train,acumulacion_estable,si,roadmap_14_mvp_estructurado_v3.0,fincoach_mvp_estructurado_v3.0,ba999eb5fbe9ce1fc75effdc7929f2211ccaae65575b396ec64a343f788848cd,2340000,2498000,0,0,7712000,6790000,0,220000,2498000
VEN_0177_1,PERF_0177,dentro_del_mvp,2026-04-30,2026-04-01,2026-04-30,acumulada_30_dias,30,28,92.8571,500000,0,0,0,0,2874000,1559000,276000,389000,141000,276000,4263924,1889924,2918370,2918370,3374000,-2374000,2374000,2374000,29,0.4432,0.0,0.0,1.2123,0.0,0.0,fragilidad_sostenida,calculado,alta,baja,evidencia_temporal_disponible,balance_negativo,ninguna_relevante_para_el_periodo,La ventana entre 2026-04-01 y 2026-04-30 muestra un balance de -2374000 COP y una cobertura estimada de 1.21 meses. Este resultado describe el periodo y no a la persona.,historia_controlada_recalculada_v2,validation,equilibrio_sostenible,si,roadmap_14_mvp_estructurado_v3.0,fincoach_mvp_estructurado_v3.0,3d66f9ae95d594d001ca3d6752eeb5e0230d186aaa27c1a5cae373e80d903ca6,500000,0,0,0,1404000,1470000,0,141000,0
VEN_0177_2,PERF_0177,dentro_del_mvp,2026-05-31,2026-04-01,2026-05-31,acumulada_61_dias,61,51,90.1961,1000000,0,403000,0,0,5748000,3027000,370000,999000,338000,492000,4263924,-81076,2918370,3124370,6748000,-4748000,4748000,4748000,60,0.0,1297.2678,0.0,0.0,0.2872,0.0706,situacion_critica,calculado,alta,baja,evidencia_temporal_disponible,balance_negativo,ninguna_relevante_para_el_periodo,La ventana entre 2026-04-01 y 2026-05-31 muestra un balance de -4748000 COP y una cobertura estimada de 0.00 meses. Este resultado describe el periodo y no a la persona.,historia_controlada_recalculada_v2,validation,equilibrio_sostenible,si,roadmap_14_mvp_estructurado_v3.0,fincoach_mvp_estructurado_v3.0,5e004945717612f3abe228f1651ca30e20bfd3c4b7edec820b8009ac3806d68f,1000000,403000,0,0,2769000,2979000,197000,141000,403000
VEN_0177_3,PERF_0177,dentro_del_mvp,2026-06-30,2026-04-01,2026-06-30,acumulada_91_dias,91,73,91.7808,1500000,0,403000,0,0,8622000,4597000,550000,1550000,822000,492000,4263924,-2455076,2918370,3124370,10122000,-7122000,7122000,6719000,90,0.0,-427.6707,0.0,0.0,0.2118,0.0706,situacion_critica,calculado,alta,baja,evidencia_temporal_disponible,balance_negativo,ninguna_relevante_para_el_periodo,La ventana entre 2026-04-01 y 2026-06-30 muestra un balance de -7122000 COP y una cobertura estimada de 0.00 meses. Este resultado describe el periodo y no a la persona.,historia_controlada_recalculada_v2,validation,equilibrio_sostenible,si,roadmap_14_mvp_estructurado_v3.0,fincoach_mvp_estructurado_v3.0,1d4eab97c526b0728ef935016daccd05cb100b360f7f7b1d6b1e5c7167345f6e,1500000,403000,0,0,4300000,4322000,197000,625000,403000
VEN_0178_1,PERF_0178,dentro_del_mvp,2026-04-30,2026-04-01,2026-04-30,acumulada_30_dias,30,33,96.9697,7671000,0,0,0,159000,6864000,3383000,373000,1017000,840000,0,3989327,4955327,6535887,6220887,14535000,807000,0,5006000,2,0.9764,0.0,0.0,1.4648,0.0203,-0.0482,equilibrio_sostenible,calculado,alta,baja,balance_no_negativo,sin_factor_dominante,ninguna_relevante_para_el_periodo,La ventana entre 2026-04-01 y 2026-04-30 muestra un balance de 807000 COP y una cobertura estimada de 1.46 meses. Este resultado describe el periodo y no a la persona.,historia_controlada_recalculada_v2,validation,variable_resiliente,si,roadmap_14_mvp_estructurado_v3.0,fincoach_mvp_estructurado_v3.0,51646d289a94e8bb5418a8e87ef0b28641dd991eeda96894f4b115b799afda28,0,159000,7671000,0,2464000,4400000,315000,525000,0
VEN_0178_2,PERF_0178,dentro_del_mvp,2026-05-31,2026-04-01,2026-05-31,acumulada_61_dias,61,60,98.3333,7671000,0,0,0,159000,16059000,7509000,1186000,2778000,1389000,209000,3989327,-4239673,6535887,6220887,23730000,-8388000,8388000,9315000,33,0.0,-164408.1967,1.0,0.0,0.0203,-0.0482,situacion_critica,calculado,alta,baja,evidencia_temporal_disponible,balance_negativo,motivo_de_periodos_sin_ingreso,La ventana entre 2026-04-01 y 2026-05-31 muestra un balance de -8388000 COP y una cobertura estimada de 0.00 meses. Este resultado describe el periodo y no a la persona.,historia_controlada_recalculada_v2,validation,variable_resiliente,si,roadmap_14_mvp_estructurado_v3.0,fincoach_mvp_estructurado_v3.0,75f1a06c9b962e74617a5a91b0f29395db07720daa712951cbad7b1c73d2458a,0,159000,7671000,1,7013000,9046000,315000,1074000,0
VEN_0178_3,PERF_0178,dentro_del_mvp,2026-06-30,2026-04-01,2026-06-30,acumulada_91_dias,91,92,97.8261,12860000,0,0,0,878000,25254000,13781000,2212000,2778000,1389000,1313000,3989327,-7526673,6535887,6220887,38114000,-12394000,12394000,16338000,63,0.0,1310.3945,0.7456,0.0,0.0639,-0.0482,situacion_critica,calculado,alta,baja,evidencia_temporal_disponible,balance_negativo,motivo_de_periodos_sin_ingreso,La ventana entre 2026-04-01 y 2026-06-30 muestra un balance de -12394000 COP y una cobertura estimada de 0.00 meses. Este resultado describe el periodo y no a la persona.,historia_controlada_recalculada_v2,validation,variable_resiliente,si,roadmap_14_mvp_estructurado_v3.0,fincoach_mvp_estructurado_v3.0,76f707e8d878d00cc826c2c8fc4fcdc939d37f3fd6dd7c2189f72010bb9e86df,0,878000,12860000,1,11341000,13913000,315000,1074000,0
VEN_0179_1,PERF_0179,dentro_del_mvp,2026-04-30,2026-04-01,2026-04-30,acumulada_30_dias,30,33,96.9697,4571000,0,0,0,0,2683000,1649000,273000,270000,186000,208000,9278805,11166805,7412685,7332685,7254000,1888000,0,1521000,24,0.9734,0.0,0.0,6.7719,0.0,-0.0108,acumulacion_estable,calculado,alta,baja,balance_no_negativo,sin_factor_dominante,ninguna_relevante_para_el_periodo,La ventana entre 2026-04-01 y 2026-04-30 muestra un balance de 1888000 COP y una cobertura estimada de 6.77 meses. Este resultado describe el periodo y no a la persona.,historia_controlada_recalculada_v2,train,uso_planificado_reserva,si,roadmap_14_mvp_estructurado_v3.0,fincoach_mvp_estructurado_v3.0,f3a4dcadabee234fc33e585977fff0b27c6a49ca33ad54bc726191e9ce63d3e1,0,0,4571000,0,1477000,1206000,80000,106000,0
VEN_0179_2,PERF_0179,dentro_del_mvp,2026-05-31,2026-04-01,2026-05-31,acumulada_61_dias,61,62,96.7742,4571000,0,0,0,411000,9738000,5602000,1412000,631000,539000,1076000,9278805,4522805,7412685,7332685,14309000,-5167000,5167000,7360000,55,0.3943,-147638.2514,1.0,1.6147,0.0825,-0.0108,deterioro_reciente,calculado,alta,baja,evidencia_temporal_disponible,balance_negativo,motivo_de_periodos_sin_ingreso,La ventana entre 2026-04-01 y 2026-05-31 muestra un balance de -5167000 COP y una cobertura estimada de 1.61 meses. Este resultado describe el periodo y no a la persona.,historia_controlada_recalculada_v2,train,uso_planificado_reserva,si,roadmap_14_mvp_estructurado_v3.0,fincoach_mvp_estructurado_v3.0,25970ba02ca992ab8d1fa24307a01d159fea6f9c7be47b29bdc0768c1a00cf85,0,411000,4571000,1,4828000,4910000,80000,459000,0
VEN_0179_3,PERF_0179,dentro_del_mvp,2026-06-30,2026-04-01,2026-06-30,acumulada_91_dias,91,94,95.7447,7180000,0,0,60000,411000,16793000,9717000,2304000,2124000,539000,1258000,9278805,136805,7412685,7332685,23973000,-9613000,9613000,11488000,85,0.0119,-20932.4446,0.7823,0.0422,0.0537,-0.0108,fragilidad_sostenida,calculado,alta,baja,evidencia_temporal_disponible,balance_negativo,motivo_de_periodos_sin_ingreso,La ventana entre 2026-04-01 y 2026-06-30 muestra un balance de -9613000 COP y una cobertura estimada de 0.04 meses. Este resultado describe el periodo y no a la persona.,historia_controlada_recalculada_v2,train,uso_planificado_reserva,si,roadmap_14_mvp_estructurado_v3.0,fincoach_mvp_estructurado_v3.0,90716929c6f059f643ded6d7fef33b90a2d9e04b32983a7a4c9a3765db91b292,0,471000,7180000,1,7850000,8943000,80000,459000,0
VEN_0180_1,PERF_0180,dentro_del_mvp,2026-04-30,2026-04-01,2026-04-30,acumulada_30_dias,30,23,95.6522,500000,0,0,210000,232000,5398000,4007000,351000,0,0,0,4585472,129472,3006740,3006740,5898000,-4898000,4898000,4666000,29,0.027,0.0,0.0,0.0323,0.2463,0.0,fragilidad_sostenida,calculado,alta,baja,evidencia_temporal_disponible,balance_negativo,ninguna_relevante_para_el_periodo,La ventana entre 2026-04-01 y 2026-04-30 muestra un balance de -4898000 COP y una cobertura estimada de 0.03 meses. Este resultado describe el periodo y no a la persona.,historia_controlada_recalculada_v2,train,deterioro_reciente,si,roadmap_14_mvp_estructurado_v3.0,fincoach_mvp_estructurado_v3.0,2f6c2e8e8588e499bc9e3b6f2be8e0d9e399a6e37d26e62a6b1a5e3fc7b40c6d,710000,232000,0,0,2734000,2664000,0,0,0
VEN_0180_2,PERF_0180,dentro_del_mvp,2026-05-31,2026-04-01,2026-05-31,acumulada_61_dias,61,43,93.0233,1000000,0,0,430000,232000,10796000,6759000,930000,1072000,225000,531000,4585472,-4548528,3006740,2781740,11796000,-9796000,9796000,9344000,60,0.0,2676.5027,0.0,0.0,0.1396,-0.0748,situacion_critica,calculado,alta,baja,evidencia_temporal_disponible,balance_negativo,ninguna_relevante_para_el_periodo,La ventana entre 2026-04-01 y 2026-05-31 muestra un balance de -9796000 COP y una cobertura estimada de 0.00 meses. Este resultado describe el periodo y no a la persona.,historia_controlada_recalculada_v2,train,deterioro_reciente,si,roadmap_14_mvp_estructurado_v3.0,fincoach_mvp_estructurado_v3.0,1d97134aa41f0fe43d40580b58f018efe5aa26ea7a4c7e09152a1c64089974ef,1430000,232000,0,0,5187000,5609000,225000,0,0
VEN_0180_3,PERF_0180,dentro_del_mvp,2026-06-30,2026-04-01,2026-06-30,acumulada_91_dias,91,63,93.6508,1500000,0,0,700000,232000,18637000,12154000,1372000,1819000,741000,814000,4585472,-11619528,3006740,2781740,20137000,-17137000,17137000,16415000,90,0.0,-27728.5174,0.0,0.0,0.0954,-0.0748,situacion_critica,calculado,alta,baja,evidencia_temporal_disponible,balance_negativo,ninguna_relevante_para_el_periodo,La ventana entre 2026-04-01 y 2026-06-30 muestra un balance de -17137000 COP y una cobertura estimada de 0.00 meses. Este resultado describe el periodo y no a la persona.,historia_controlada_recalculada_v2,train,deterioro_reciente,si,roadmap_14_mvp_estructurado_v3.0,fincoach_mvp_estructurado_v3.0,6b5463f9e424bb8588c55829c9e39bcd7cca6ac5dd1c4e69a9c88a147a50890d,1930000,502000,0,0,9736000,8901000,225000,516000,0
VEN_0181_1,PERF_0181,dentro_del_mvp,2026-04-30,2026-04-01,2026-04-30,acumulada_30_dias,30,26,100.0,0,0,0,0,0,13736000,7507000,1510000,1345000,697000,515000,2639675,-11096325,22436601,22436601,13736000,-13736000,13736000,13736000,29,0.0,0.0,0.0,0.0,0.0,0.0,situacion_critica,calculado,alta,baja,evidencia_temporal_disponible,balance_negativo,motivo_de_periodos_sin_ingreso,La ventana entre 2026-04-01 y 2026-04-30 muestra un balance de -13736000 COP y una cobertura estimada de 0.00 meses. Este resultado describe el periodo y no a la persona.,historia_controlada_recalculada_v2,train,fragilidad_sostenida,si,roadmap_14_mvp_estructurado_v3.0,fincoach_mvp_estructurado_v3.0,7e72abbff5fa511d0ffff74c2c17429d5ff1e4cd1d29ea0592f7f3255e280dad,0,0,0,1,7642000,6094000,0,697000,0
VEN_0181_2,PERF_0181,dentro_del_mvp,2026-05-31,2026-04-01,2026-05-31,acumulada_61_dias,61,51,96.0784,0,0,1169000,0,0,31268000,17424000,1510000,5095000,2311000,1620000,2639675,-27459325,22436601,22846601,31268000,-31268000,31268000,30099000,60,0.0,-54723.4973,0.0,0.0,1.0,0.0183,situacion_critica,calculado,alta,baja,evidencia_temporal_disponible,balance_negativo,motivo_de_periodos_sin_ingreso,La ventana entre 2026-04-01 y 2026-05-31 muestra un balance de -31268000 COP y una cobertura estimada de 0.00 meses. Este resultado describe el periodo y no a la persona.,historia_controlada_recalculada_v2,train,fragilidad_sostenida,si,roadmap_14_mvp_estructurado_v3.0,fincoach_mvp_estructurado_v3.0,cc00cf2365d2fa2c3424d4d2689234c94d8112cec464e9b39446e1de44341c68,0,1169000,0,2,20217000,11051000,759000,1552000,1169000
VEN_0181_3,PERF_0181,dentro_del_mvp,2026-06-30,2026-04-01,2026-06-30,acumulada_91_dias,91,77,97.4026,0,0,1169000,0,0,48800000,24832000,3239000,10389000,3130000,1620000,2639675,-44991325,22436601,22027601,48800000,-48800000,48800000,47631000,90,0.0,-23673.5723,0.0,0.0,1.0,-0.0182,situacion_critica,calculado,alta,baja,evidencia_temporal_disponible,balance_negativo,motivo_de_periodos_sin_ingreso,La ventana entre 2026-04-01 y 2026-06-30 muestra un balance de -48800000 COP y una cobertura estimada de 0.00 meses. Este resultado describe el periodo y no a la persona.,historia_controlada_recalculada_v2,train,fragilidad_sostenida,si,roadmap_14_mvp_estructurado_v3.0,fincoach_mvp_estructurado_v3.0,83fe8206ba8544d808f9aae77edbefb00b636aa3934cd22b4b3f38ea343d46cc,0,1169000,0,3,31616000,17184000,1578000,1552000,1169000
VEN_0182_1,PERF_0182,dentro_del_mvp,2026-04-30,2026-04-01,2026-04-30,acumulada_30_dias,30,31,100.0,2865000,0,515000,170000,0,7722000,5389000,763000,994000,436000,0,724022,-3447978,8909140,9424140,10587000,-4857000,4857000,4172000,29,0.0,0.0,0.0,0.0,0.1451,0.0578,situacion_critica,calculado,alta,baja,evidencia_temporal_disponible,balance_negativo,ninguna_relevante_para_el_periodo,La ventana entre 2026-04-01 y 2026-04-30 muestra un balance de -4857000 COP y una cobertura estimada de 0.00 meses. Este resultado describe el periodo y no a la persona.,historia_controlada_recalculada_v2,train,situacion_critica,si,roadmap_14_mvp_estructurado_v3.0,fincoach_mvp_estructurado_v3.0,e33ee0ff0d2f4d9d5097860e4e79077bafd8f3a62a4108b689ab9e15455958fe,3435000,115000,0,0,2943000,4779000,0,436000,515000
VEN_0182_2,PERF_0182,dentro_del_mvp,2026-05-31,2026-04-01,2026-05-31,acumulada_61_dias,61,62,100.0,4915000,0,1459000,170000,0,17473000,12688000,1720000,994000,436000,357000,724022,-10204978,8909140,10368140,22388000,-12558000,12558000,10967000,60,0.0,-43968.8525,0.1658,0.0,0.223,0.1638,situacion_critica,calculado,alta,baja,evidencia_temporal_disponible,balance_negativo,ninguna_relevante_para_el_periodo,La ventana entre 2026-04-01 y 2026-05-31 muestra un balance de -12558000 COP y una cobertura estimada de 0.00 meses. Este resultado describe el periodo y no a la persona.,historia_controlada_recalculada_v2,train,situacion_critica,si,roadmap_14_mvp_estructurado_v3.0,fincoach_mvp_estructurado_v3.0,4c606f6cb7988e20e7a1d11a62b3c3dbd578e230196cfc7e716edb9134a15b57,5459000,1085000,0,0,8677000,8796000,0,436000,1459000
VEN_0182_3,PERF_0182,dentro_del_mvp,2026-06-30,2026-04-01,2026-06-30,acumulada_91_dias,91,92,100.0,7220000,0,2403000,390000,0,27224000,19198000,2301000,1469000,436000,1113000,724022,-16486978,8909140,11312140,34444000,-20004000,20004000,18017000,90,0.0,-13955.3234,0.1414,0.0,0.24,0.2697,situacion_critica,calculado,alta,baja,evidencia_temporal_disponible,balance_negativo,ninguna_relevante_para_el_periodo,La ventana entre 2026-04-01 y 2026-06-30 muestra un balance de -20004000 COP y una cobertura estimada de 0.00 meses. Este resultado describe el periodo y no a la persona.,historia_controlada_recalculada_v2,train,situacion_critica,si,roadmap_14_mvp_estructurado_v3.0,fincoach_mvp_estructurado_v3.0,4a377dcf7dc57207557291b65c9e20918c6054db67a536afbed6b7368598e916,8550000,1463000,0,0,13831000,13393000,0,436000,2403000
VEN_0183_1,PERF_0183,dentro_del_mvp,2026-04-30,2026-04-01,2026-04-30,acumulada_30_dias,30,31,100.0,3329000,0,0,0,0,2599000,1606000,24000,373000,0,493000,7353611,8083611,0,0,5928000,730000,0,608000,9,0.9444,0.0,0.0,5.0334,0.0,0.0,acumulacion_estable,calculado,alta,baja,balance_no_negativo,sin_factor_dominante,ninguna_relevante_para_el_periodo,La ventana entre 2026-04-01 y 2026-04-30 muestra un balance de 730000 COP y una cobertura estimada de 5.03 meses. Este resultado describe el periodo y no a la persona.,historia_controlada_recalculada_v2,train,acumulacion_estable,si,roadmap_14_mvp_estructurado_v3.0,fincoach_mvp_estructurado_v3.0,f65c2353aec62afb1913c891b7ea2a180848036bb094cf085763e913aea1acd9,3329000,0,0,0,1429000,1170000,0,0,0
VEN_0183_2,PERF_0183,dentro_del_mvp,2026-05-31,2026-04-01,2026-05-31,acumulada_61_dias,61,65,98.4615,8239000,0,0,100000,0,5198000,3065000,167000,733000,0,856000,7353611,10494611,0,0,13437000,3041000,0,752000,5,0.9672,25519.1257,0.1919,6.848,0.0,0.0,variable_resiliente,calculado,alta,baja,balance_no_negativo,sin_factor_dominante,ninguna_relevante_para_el_periodo,La ventana entre 2026-04-01 y 2026-05-31 muestra un balance de 3041000 COP y una cobertura estimada de 6.85 meses. Este resultado describe el periodo y no a la persona.,historia_controlada_recalculada_v2,train,acumulacion_estable,si,roadmap_14_mvp_estructurado_v3.0,fincoach_mvp_estructurado_v3.0,1e895f4dd414c7fa1c45bf72ba3499648e72316598a1fb0f184624200e68f8d3,8339000,0,0,0,2709000,2489000,0,0,0
VEN_0183_3,PERF_0183,dentro_del_mvp,2026-06-30,2026-04-01,2026-06-30,acumulada_91_dias,91,98,96.9388,13266000,0,0,190000,0,7797000,4657000,540000,733000,0,1160000,7353611,13012611,0,0,21063000,5469000,0,752000,9,0.9659,10246.4421,0.1751,8.3826,0.0,0.0,variable_resiliente,calculado,alta,baja,balance_no_negativo,sin_factor_dominante,ninguna_relevante_para_el_periodo,La ventana entre 2026-04-01 y 2026-06-30 muestra un balance de 5469000 COP y una cobertura estimada de 8.38 meses. Este resultado describe el periodo y no a la persona.,historia_controlada_recalculada_v2,train,acumulacion_estable,si,roadmap_14_mvp_estructurado_v3.0,fincoach_mvp_estructurado_v3.0,d32c8af99abb02fe82637410c5ad155cf1b95da228278f4750ce6360a0f33bfb,13456000,0,0,0,4121000,3676000,0,0,0
VEN_0184_1,PERF_0184,dentro_del_mvp,2026-04-30,2026-04-01,2026-04-30,acumulada_30_dias,30,33,96.9697,7179000,0,0,0,0,6272000,3773000,783000,0,304000,214000,2396570,3303570,10861862,10861862,13451000,907000,0,3881000,29,0.4598,0.0,0.0,0.8756,0.0,0.0,equilibrio_sostenible,calculado,alta,baja,balance_no_negativo,sin_factor_dominante,ninguna_relevante_para_el_periodo,La ventana entre 2026-04-01 y 2026-04-30 muestra un balance de 907000 COP y una cobertura estimada de 0.88 meses. Este resultado describe el periodo y no a la persona.,historia_controlada_recalculada_v2,test,equilibrio_sostenible,si,roadmap_14_mvp_estructurado_v3.0,fincoach_mvp_estructurado_v3.0,85a03f22948d78f6d23ad850cdcf6900c0f755c81506a9c118756a5e6aa7468a,6951000,228000,0,0,2533000,3739000,0,304000,0
VEN_0184_2,PERF_0184,dentro_del_mvp,2026-05-31,2026-04-01,2026-05-31,acumulada_61_dias,61,66,98.4848,14187000,0,0,0,0,12544000,5854000,1055000,2154000,1017000,981000,2396570,4039570,10861862,10418862,26731000,1643000,0,6131000,60,0.5623,-3298.9071,0.0121,1.3801,0.0,-0.0408,equilibrio_sostenible,calculado,alta,baja,balance_no_negativo,sin_factor_dominante,ninguna_relevante_para_el_periodo,La ventana entre 2026-04-01 y 2026-05-31 muestra un balance de 1643000 COP y una cobertura estimada de 1.38 meses. Este resultado describe el periodo y no a la persona.,historia_controlada_recalculada_v2,test,equilibrio_sostenible,si,roadmap_14_mvp_estructurado_v3.0,fincoach_mvp_estructurado_v3.0,06806398b462dbde6e7fadbea32eaeb8bb890a980f22ca347b1663ecae7c7540,13959000,228000,0,0,4554000,7990000,443000,574000,0
VEN_0184_3,PERF_0184,dentro_del_mvp,2026-06-30,2026-04-01,2026-06-30,acumulada_91_dias,91,98,96.9388,21085000,0,0,0,0,18816000,10006000,1242000,3076000,1245000,1094000,2396570,4665570,10861862,10190862,39901000,2269000,0,6131000,90,0.6494,-2000.3603,0.0164,1.3988,0.0,-0.0618,equilibrio_sostenible,calculado,alta,baja,balance_no_negativo,sin_factor_dominante,ninguna_relevante_para_el_periodo,La ventana entre 2026-04-01 y 2026-06-30 muestra un balance de 2269000 COP y una cobertura estimada de 1.40 meses. Este resultado describe el periodo y no a la persona.,historia_controlada_recalculada_v2,test,equilibrio_sostenible,si,roadmap_14_mvp_estructurado_v3.0,fincoach_mvp_estructurado_v3.0,32f58dd744a2187ea8195329461e830a24fc4d2fbce8f37816fa87164a5527e9,20225000,860000,0,0,7167000,11649000,671000,574000,0
VEN_0185_1,PERF_0185,dentro_del_mvp,2026-04-30,2026-04-01,2026-04-30,acumulada_30_dias,30,28,100.0,500000,0,0,110000,0,3990000,2480000,686000,266000,195000,0,2726997,-653003,9349751,9349751,4490000,-3490000,3490000,3380000,29,0.0,0.0,0.0,0.0,0.0,0.0,situacion_critica,calculado,alta,baja,evidencia_temporal_disponible,balance_negativo,ninguna_relevante_para_el_periodo,La ventana entre 2026-04-01 y 2026-04-30 muestra un balance de -3490000 COP y una cobertura estimada de 0.00 meses. Este resultado describe el periodo y no a la persona.,historia_controlada_recalculada_v2,test,variable_resiliente,si,roadmap_14_mvp_estructurado_v3.0,fincoach_mvp_estructurado_v3.0,d07df4c503b9a5b349fde596fc21c3e2ddc456f2de3a002637134bf5b2b3f463,500000,110000,0,0,1783000,2207000,0,195000,0
VEN_0185_2,PERF_0185,dentro_del_mvp,2026-05-31,2026-04-01,2026-05-31,acumulada_61_dias,61,50,100.0,1000000,0,0,110000,0,9335000,5544000,949000,1336000,604000,160000,2726997,-5498003,9349751,9116751,10335000,-8335000,8335000,8225000,60,0.0,-20306.0109,0.0,0.0,0.0,-0.0249,situacion_critica,calculado,alta,baja,evidencia_temporal_disponible,balance_negativo,ninguna_relevante_para_el_periodo,La ventana entre 2026-04-01 y 2026-05-31 muestra un balance de -8335000 COP y una cobertura estimada de 0.00 meses. Este resultado describe el periodo y no a la persona.,historia_controlada_recalculada_v2,test,variable_resiliente,si,roadmap_14_mvp_estructurado_v3.0,fincoach_mvp_estructurado_v3.0,c5bade61c33c3bafabd45579ea80d6b6d0a3e9fda7e173eb23d45e1c8cce5d89,1000000,110000,0,0,4176000,5159000,233000,371000,0
VEN_0185_3,PERF_0185,dentro_del_mvp,2026-06-30,2026-04-01,2026-06-30,acumulada_91_dias,91,73,100.0,1500000,0,0,110000,0,14680000,8421000,1210000,2248000,1347000,160000,2726997,-10343003,9349751,8790751,16180000,-13180000,13180000,13070000,90,0.0,-8195.8206,0.0,0.0,0.0,-0.0598,situacion_critica,calculado,alta,baja,evidencia_temporal_disponible,balance_negativo,ninguna_relevante_para_el_periodo,La ventana entre 2026-04-01 y 2026-06-30 muestra un balance de -13180000 COP y una cobertura estimada de 0.00 meses. Este resultado describe el periodo y no a la persona.,historia_controlada_recalculada_v2,test,variable_resiliente,si,roadmap_14_mvp_estructurado_v3.0,fincoach_mvp_estructurado_v3.0,17af46590d731cb8ebddf9d498c94c148d8fcd288f35bfff9d175508df5b7330,1500000,110000,0,0,7107000,7573000,559000,788000,0
VEN_0186_1,PERF_0186,dentro_del_mvp,2026-04-30,2026-04-01,2026-04-30,acumulada_30_dias,30,32,100.0,4630000,0,0,110000,0,4180000,2356000,310000,631000,519000,161000,21390420,21950420,1999584,1779584,8810000,450000,0,2001000,3,0.9901,0.0,0.0,9.3168,0.0,-0.11,acumulacion_estable,calculado,alta,baja,balance_no_negativo,sin_factor_dominante,ninguna_relevante_para_el_periodo,La ventana entre 2026-04-01 y 2026-04-30 muestra un balance de 450000 COP y una cobertura estimada de 9.32 meses. Este resultado describe el periodo y no a la persona.,historia_controlada_recalculada_v2,test,uso_planificado_reserva,si,roadmap_14_mvp_estructurado_v3.0,fincoach_mvp_estructurado_v3.0,212ee0283ee432186910c3566aa249bd9d3008ab75780f1ff000862cbe12ef48,4630000,110000,0,0,2175000,2005000,220000,299000,0
VEN_0186_2,PERF_0186,dentro_del_mvp,2026-05-31,2026-04-01,2026-05-31,acumulada_61_dias,61,66,96.9697,9690000,0,0,110000,0,15173000,7672000,540000,4061000,519000,786000,21390420,16017420,1999584,1779584,24863000,-5483000,5483000,7090000,34,0.7225,-104885.2459,0.0444,4.1756,0.0,-0.11,deterioro_reciente,calculado,alta,baja,evidencia_temporal_disponible,balance_negativo,ninguna_relevante_para_el_periodo,La ventana entre 2026-04-01 y 2026-05-31 muestra un balance de -5483000 COP y una cobertura estimada de 4.18 meses. Este resultado describe el periodo y no a la persona.,historia_controlada_recalculada_v2,test,uso_planificado_reserva,si,roadmap_14_mvp_estructurado_v3.0,fincoach_mvp_estructurado_v3.0,b5e73f3704e95f20a68e9706d51b725abdc17e5f86210428fee0ad6bb85ffd87,9690000,110000,0,0,6726000,8447000,220000,299000,0
VEN_0186_3,PERF_0186,dentro_del_mvp,2026-06-30,2026-04-01,2026-06-30,acumulada_91_dias,91,100,97.0,15385000,0,0,110000,0,26166000,12954000,1349000,6165000,1508000,1030000,21390420,10719420,1999584,1779584,41551000,-10781000,10781000,11622000,64,0.4835,-28587.2816,0.0853,2.4825,0.0,-0.11,uso_planificado_reserva,calculado,alta,baja,evidencia_temporal_disponible,balance_negativo,ninguna_relevante_para_el_periodo,La ventana entre 2026-04-01 y 2026-06-30 muestra un balance de -10781000 COP y una cobertura estimada de 2.48 meses. Este resultado describe el periodo y no a la persona.,historia_controlada_recalculada_v2,test,uso_planificado_reserva,si,roadmap_14_mvp_estructurado_v3.0,fincoach_mvp_estructurado_v3.0,99e2eb80fafc11f6f16cc5a6a3f55496359902bba8492b2411bd1b804e0b8d09,15385000,110000,0,0,12546000,13620000,220000,1288000,0
VEN_0187_1,PERF_0187,dentro_del_mvp,2026-04-30,2026-04-01,2026-04-30,acumulada_30_dias,30,23,91.3043,0,0,0,40000,0,4447000,3204000,126000,325000,0,370000,12634952,8227952,0,0,4447000,-4447000,4447000,4407000,29,0.6512,0.0,0.0,2.568,0.0,0.0,uso_planificado_reserva,calculado,alta,baja,evidencia_temporal_disponible,balance_negativo,motivo_de_periodos_sin_ingreso,La ventana entre 2026-04-01 y 2026-04-30 muestra un balance de -4447000 COP y una cobertura estimada de 2.57 meses. Este resultado describe el periodo y no a la persona.,historia_controlada_recalculada_v2,test,deterioro_reciente,si,roadmap_14_mvp_estructurado_v3.0,fincoach_mvp_estructurado_v3.0,86bb28fe8561ac880c9e03032ca2c08024138dbb949267648a638999d2bc71c7,40000,0,0,1,2042000,2405000,0,0,0
VEN_0187_2,PERF_0187,dentro_del_mvp,2026-05-31,2026-04-01,2026-05-31,acumulada_61_dias,61,43,95.3488,0,0,0,280000,0,8894000,5852000,708000,898000,0,657000,12634952,4020952,0,0,8894000,-8894000,8894000,8614000,60,0.3182,2430.0546,0.0,1.3742,0.0,0.0,fragilidad_sostenida,calculado,alta,baja,evidencia_temporal_disponible,balance_negativo,motivo_de_periodos_sin_ingreso,La ventana entre 2026-04-01 y 2026-05-31 muestra un balance de -8894000 COP y una cobertura estimada de 1.37 meses. Este resultado describe el periodo y no a la persona.,historia_controlada_recalculada_v2,test,deterioro_reciente,si,roadmap_14_mvp_estructurado_v3.0,fincoach_mvp_estructurado_v3.0,32e12fc156a04f81420ab1a4c0925159cef656e3edf43616cf24418b0f387d86,280000,0,0,2,4471000,4423000,0,0,0
VEN_0187_3,PERF_0187,dentro_del_mvp,2026-06-30,2026-04-01,2026-06-30,acumulada_91_dias,91,62,96.7742,0,0,0,380000,0,15353000,10135000,1160000,2275000,0,657000,12634952,-2338048,0,0,15353000,-15353000,15353000,14973000,90,0.0,-22911.007,0.0,0.0,0.0,0.0,situacion_critica,calculado,alta,baja,evidencia_temporal_disponible,balance_negativo,motivo_de_periodos_sin_ingreso,La ventana entre 2026-04-01 y 2026-06-30 muestra un balance de -15353000 COP y una cobertura estimada de 0.00 meses. Este resultado describe el periodo y no a la persona.,historia_controlada_recalculada_v2,test,deterioro_reciente,si,roadmap_14_mvp_estructurado_v3.0,fincoach_mvp_estructurado_v3.0,97981fc288c5634f275049277e9bc0ab1140e1d4b35de0da7e0399eb6f3a7887,380000,0,0,3,7615000,7738000,0,0,0
VEN_0188_1,PERF_0188,dentro_del_mvp,2026-04-30,2026-04-01,2026-04-30,acumulada_30_dias,30,30,96.6667,3770000,0,0,0,0,8335000,4972000,882000,1325000,502000,0,1374468,-3190532,17152613,16650613,12105000,-4565000,4565000,6780000,25,0.0,0.0,0.0,0.0,0.0,-0.0293,situacion_critica,calculado,alta,baja,evidencia_temporal_disponible,balance_negativo,ninguna_relevante_para_el_periodo,La ventana entre 2026-04-01 y 2026-04-30 muestra un balance de -4565000 COP y una cobertura estimada de 0.00 meses. Este resultado describe el periodo y no a la persona.,historia_controlada_recalculada_v2,validation,fragilidad_sostenida,si,roadmap_14_mvp_estructurado_v3.0,fincoach_mvp_estructurado_v3.0,03d56dd48c15346d0ed37b3f2747fe056b95e5c14b49a45dd0f302cd416fe1e3,3770000,0,0,0,4898000,3437000,502000,0,0
VEN_0188_2,PERF_0188,dentro_del_mvp,2026-05-31,2026-04-01,2026-05-31,acumulada_61_dias,61,61,95.082,7540000,0,709000,0,0,18973000,9105000,1169000,5125000,502000,860000,1374468,-9349532,17152613,17359613,26513000,-11433000,11433000,12939000,56,0.0,-35259.5628,0.0,0.0,0.0859,0.0121,situacion_critica,calculado,alta,baja,evidencia_temporal_disponible,balance_negativo,ninguna_relevante_para_el_periodo,La ventana entre 2026-04-01 y 2026-05-31 muestra un balance de -11433000 COP y una cobertura estimada de 0.00 meses. Este resultado describe el periodo y no a la persona.,historia_controlada_recalculada_v2,validation,fragilidad_sostenida,si,roadmap_14_mvp_estructurado_v3.0,fincoach_mvp_estructurado_v3.0,c1b14c3d2725603f6488c43fbe6037428166a7300cb77e71aa5993eaf9d72bdd,8249000,0,0,0,7761000,11212000,502000,0,709000
VEN_0188_3,PERF_0188,dentro_del_mvp,2026-06-30,2026-04-01,2026-06-30,acumulada_91_dias,91,93,96.7742,15672000,0,1418000,0,0,29611000,15701000,1869000,7134000,1251000,1010000,1374468,-11146532,17152613,17319613,45283000,-13939000,13939000,17109000,86,0.0,34250.4053,0.3936,0.0,0.083,0.0097,situacion_critica,calculado,alta,baja,evidencia_temporal_disponible,balance_negativo,ninguna_relevante_para_el_periodo,La ventana entre 2026-04-01 y 2026-06-30 muestra un balance de -13939000 COP y una cobertura estimada de 0.00 meses. Este resultado describe el periodo y no a la persona.,historia_controlada_recalculada_v2,validation,fragilidad_sostenida,si,roadmap_14_mvp_estructurado_v3.0,fincoach_mvp_estructurado_v3.0,9abfb0d658636c791e87f9166e0c7a65efa6167994c48bc4d57d8bd807f9d685,12728000,4362000,0,0,14152000,15459000,1251000,0,1418000
VEN_0189_1,PERF_0189,dentro_del_mvp,2026-04-30,2026-04-01,2026-04-30,acumulada_30_dias,30,28,96.4286,770000,0,401000,0,0,6012000,3304000,81000,1198000,887000,190000,670062,-4170938,13035604,13204604,6782000,-5242000,5242000,4841000,29,0.0,0.0,0.0,0.0,0.3424,0.013,situacion_critica,calculado,alta,baja,evidencia_temporal_disponible,balance_negativo,ninguna_relevante_para_el_periodo,La ventana entre 2026-04-01 y 2026-04-30 muestra un balance de -5242000 COP y una cobertura estimada de 0.00 meses. Este resultado describe el periodo y no a la persona.,historia_controlada_recalculada_v2,validation,situacion_critica,si,roadmap_14_mvp_estructurado_v3.0,fincoach_mvp_estructurado_v3.0,2d99970ad33daee19d1a3a8acfc9a6fd88f6e26f83e20ffe39478c8106af8c37,1171000,0,0,0,2887000,3125000,232000,655000,401000
VEN_0189_2,PERF_0189,dentro_del_mvp,2026-05-31,2026-04-01,2026-05-31,acumulada_61_dias,61,59,96.6102,3150000,0,1136000,0,0,13604000,7111000,921000,2737000,1204000,761000,670062,-8647938,13035604,13939604,16754000,-10454000,10454000,9318000,60,0.0,3356.2842,0.5111,0.0,0.265,0.0693,situacion_critica,calculado,alta,baja,evidencia_temporal_disponible,balance_negativo,ninguna_relevante_para_el_periodo,La ventana entre 2026-04-01 y 2026-05-31 muestra un balance de -10454000 COP y una cobertura estimada de 0.00 meses. Este resultado describe el periodo y no a la persona.,historia_controlada_recalculada_v2,validation,situacion_critica,si,roadmap_14_mvp_estructurado_v3.0,fincoach_mvp_estructurado_v3.0,39810665a5f6dc051fba0ac3a2371be3f7014dc33c867d28bd74ba9e1ca311af,4286000,0,0,0,5504000,8100000,232000,972000,1136000
VEN_0189_3,PERF_0189,dentro_del_mvp,2026-06-30,2026-04-01,2026-06-30,acumulada_91_dias,91,90,95.5556,5412000,0,1871000,170000,0,21196000,11245000,1438000,3715000,1978000,761000,670062,-13072938,13035604,14121604,26608000,-15784000,15784000,13743000,90,0.0,-2073.5003,0.4062,0.0,0.251,0.0833,situacion_critica,calculado,alta,baja,evidencia_temporal_disponible,balance_negativo,ninguna_relevante_para_el_periodo,La ventana entre 2026-04-01 y 2026-06-30 muestra un balance de -15784000 COP y una cobertura estimada de 0.00 meses. Este resultado describe el periodo y no a la persona.,historia_controlada_recalculada_v2,validation,situacion_critica,si,roadmap_14_mvp_estructurado_v3.0,fincoach_mvp_estructurado_v3.0,68bc7acb420f046f6b9965504982e64bfcdcafc5b96c71bab6f800bbbbf298ce,7283000,170000,0,0,9730000,11466000,785000,1193000,1871000
VEN_0190_1,PERF_0190,dentro_del_mvp,2026-04-30,2026-04-01,2026-04-30,acumulada_30_dias,30,30,100.0,4419000,0,0,0,0,3808000,2357000,632000,294000,168000,0,4246608,4857608,6835957,6835957,8227000,611000,0,1555000,2,0.8968,0.0,0.0,2.0609,0.0,0.0,equilibrio_sostenible,calculado,alta,baja,balance_no_negativo,sin_factor_dominante,ninguna_relevante_para_el_periodo,La ventana entre 2026-04-01 y 2026-04-30 muestra un balance de 611000 COP y una cobertura estimada de 2.06 meses. Este resultado describe el periodo y no a la persona.,historia_controlada_recalculada_v2,train,acumulacion_estable,si,roadmap_14_mvp_estructurado_v3.0,fincoach_mvp_estructurado_v3.0,5fa87125d91930205e85bb22cffaf471fc31b1f33277a302d7f35bac42fa3bd6,4419000,0,0,0,1515000,2293000,0,168000,0
VEN_0190_2,PERF_0190,dentro_del_mvp,2026-05-31,2026-04-01,2026-05-31,acumulada_61_dias,61,63,98.4127,11588000,0,0,240000,0,7616000,4211000,710000,1439000,168000,410000,4246608,8458608,6835957,6835957,19204000,3972000,0,2519000,0,1.0,44748.0874,0.2373,4.0174,0.0,0.0,variable_resiliente,calculado,alta,baja,balance_no_negativo,sin_factor_dominante,ninguna_relevante_para_el_periodo,La ventana entre 2026-04-01 y 2026-05-31 muestra un balance de 3972000 COP y una cobertura estimada de 4.02 meses. Este resultado describe el periodo y no a la persona.,historia_controlada_recalculada_v2,train,acumulacion_estable,si,roadmap_14_mvp_estructurado_v3.0,fincoach_mvp_estructurado_v3.0,e35872cbf59645cd52f16aa7e307fd9a20f8eccc22928e5f3be87370405a84a0,11828000,0,0,0,2486000,5130000,0,168000,0
VEN_0190_3,PERF_0190,dentro_del_mvp,2026-06-30,2026-04-01,2026-06-30,acumulada_91_dias,91,96,98.9583,18718000,543000,0,480000,0,11424000,6226000,1333000,1964000,391000,410000,4246608,12563608,6835957,6724957,30685000,7837000,0,2519000,0,1.0,21006.125,0.2063,6.0538,0.0275,-0.0162,variable_resiliente,calculado,alta,baja,balance_no_negativo,sin_factor_dominante,ninguna_relevante_para_el_periodo,La ventana entre 2026-04-01 y 2026-06-30 muestra un balance de 7837000 COP y una cobertura estimada de 6.05 meses. Este resultado describe el periodo y no a la persona.,historia_controlada_recalculada_v2,train,acumulacion_estable,si,roadmap_14_mvp_estructurado_v3.0,fincoach_mvp_estructurado_v3.0,21abd6dad93f4f11f8d6fa2d34bbc03840887d7a6cc0bf3422cd599ef51aea4f,19198000,543000,0,0,4351000,7073000,111000,280000,0
VEN_0191_1,PERF_0191,dentro_del_mvp,2026-04-30,2026-04-01,2026-04-30,acumulada_30_dias,30,31,100.0,7759000,0,0,0,0,7049000,3145000,567000,2250000,651000,0,4069497,4779497,1796184,1564184,14808000,710000,0,3397000,18,0.7512,0.0,0.0,1.5197,0.0,-0.1292,equilibrio_sostenible,calculado,alta,baja,balance_no_negativo,sin_factor_dominante,ninguna_relevante_para_el_periodo,La ventana entre 2026-04-01 y 2026-04-30 muestra un balance de 710000 COP y una cobertura estimada de 1.52 meses. Este resultado describe el periodo y no a la persona.,historia_controlada_recalculada_v2,validation,equilibrio_sostenible,si,roadmap_14_mvp_estructurado_v3.0,fincoach_mvp_estructurado_v3.0,6ade58e493f791be885c7d464659e926eed106856c06d31bad9b5bb14dce55db,4073000,3686000,0,0,5352000,1697000,232000,419000,0
VEN_0191_2,PERF_0191,dentro_del_mvp,2026-05-31,2026-04-01,2026-05-31,acumulada_61_dias,61,62,95.1613,15800000,549000,0,0,0,14098000,6645000,937000,4520000,896000,285000,4069497,6320497,1796184,1564184,30447000,2251000,0,3659000,22,0.8548,13234.9727,0.0178,1.9023,0.0336,-0.1292,equilibrio_sostenible,calculado,alta,baja,balance_no_negativo,sin_factor_dominante,ninguna_relevante_para_el_periodo,La ventana entre 2026-04-01 y 2026-05-31 muestra un balance de 2251000 COP y una cobertura estimada de 1.90 meses. Este resultado describe el periodo y no a la persona.,historia_controlada_recalculada_v2,validation,equilibrio_sostenible,si,roadmap_14_mvp_estructurado_v3.0,fincoach_mvp_estructurado_v3.0,661492848b2a9c9c981d7f7cd78de756bf18055d95ca30c5e270cdd504b71139,12114000,4235000,0,0,10203000,3895000,232000,664000,0
VEN_0191_3,PERF_0191,dentro_del_mvp,2026-06-30,2026-04-01,2026-06-30,acumulada_91_dias,91,92,94.5652,23401000,549000,0,0,0,21147000,11632000,1365000,5111000,1432000,385000,4069497,6872497,1796184,1295184,45097000,2803000,0,6207000,52,0.9294,-6099.4415,0.0233,1.7725,0.0229,-0.2789,equilibrio_sostenible,calculado,alta,baja,balance_no_negativo,sin_factor_dominante,ninguna_relevante_para_el_periodo,La ventana entre 2026-04-01 y 2026-06-30 muestra un balance de 2803000 COP y una cobertura estimada de 1.77 meses. Este resultado describe el periodo y no a la persona.,historia_controlada_recalculada_v2,validation,equilibrio_sostenible,si,roadmap_14_mvp_estructurado_v3.0,fincoach_mvp_estructurado_v3.0,e5977ddfa83fdc9762f1406739378c40e5b8562f464c7486624becd830ad47a1,19715000,4235000,0,0,13581000,7566000,501000,931000,0
VEN_0192_1,PERF_0192,dentro_del_mvp,2026-04-30,2026-04-01,2026-04-30,acumulada_30_dias,30,33,100.0,5679000,396000,0,0,0,5631000,3138000,116000,1006000,455000,565000,13100343,13544343,11919121,11464121,11706000,444000,0,3316000,10,0.9548,0.0,0.0,4.3162,0.0652,-0.0382,acumulacion_estable,calculado,alta,baja,balance_no_negativo,sin_factor_dominante,ninguna_relevante_para_el_periodo,La ventana entre 2026-04-01 y 2026-04-30 muestra un balance de 444000 COP y una cobertura estimada de 4.32 meses. Este resultado describe el periodo y no a la persona.,historia_controlada_recalculada_v2,train,variable_resiliente,si,roadmap_14_mvp_estructurado_v3.0,fincoach_mvp_estructurado_v3.0,23a86b52d1aae29cbeb09459c1efff84c930b66e4abecc477996411441552f5a,5679000,396000,0,0,2301000,3330000,455000,0,0
VEN_0192_2,PERF_0192,dentro_del_mvp,2026-05-31,2026-04-01,2026-05-31,acumulada_61_dias,61,66,100.0,10251000,396000,0,0,0,13174000,7565000,654000,1625000,864000,565000,13100343,10573343,11919121,11464121,23821000,-2527000,2527000,4196000,41,0.7454,-56226.2295,0.108,2.7953,0.0372,-0.0382,deterioro_reciente,calculado,alta,baja,evidencia_temporal_disponible,balance_negativo,ninguna_relevante_para_el_periodo,La ventana entre 2026-04-01 y 2026-05-31 muestra un balance de -2527000 COP y una cobertura estimada de 2.80 meses. Este resultado describe el periodo y no a la persona.,historia_controlada_recalculada_v2,train,variable_resiliente,si,roadmap_14_mvp_estructurado_v3.0,fincoach_mvp_estructurado_v3.0,13af197f5bfc466bcbfcce7fcf04ad1ee3b2a7cc8ac49549de10e3bb7b6fca76,9766000,881000,0,0,6544000,6630000,455000,409000,0
VEN_0192_3,PERF_0192,dentro_del_mvp,2026-06-30,2026-04-01,2026-06-30,acumulada_91_dias,91,98,98.9796,14556000,887000,0,0,0,20717000,12415000,1358000,2834000,864000,565000,13100343,7826343,11919121,11464121,36160000,-5274000,5274000,7753000,71,0.5517,-16529.8144,0.1226,1.8912,0.0574,-0.0382,uso_planificado_reserva,calculado,alta,baja,evidencia_temporal_disponible,balance_negativo,ninguna_relevante_para_el_periodo,La ventana entre 2026-04-01 y 2026-06-30 muestra un balance de -5274000 COP y una cobertura estimada de 1.89 meses. Este resultado describe el periodo y no a la persona.,historia_controlada_recalculada_v2,train,variable_resiliente,si,roadmap_14_mvp_estructurado_v3.0,fincoach_mvp_estructurado_v3.0,dfca0b204da1bf733aa8eedc03da25ec2d435d319cc06255bf0c74880c8b6cde,14071000,1372000,0,0,9553000,11164000,455000,409000,0
VEN_0193_1,PERF_0193,dentro_del_mvp,2026-04-30,2026-04-01,2026-04-30,acumulada_30_dias,30,31,96.7742,4881000,0,0,0,0,3116000,1883000,279000,627000,174000,39000,11409675,13174675,5373079,5373079,7997000,1765000,0,1047000,0,1.0,0.0,0.0,6.9966,0.0,0.0,acumulacion_estable,calculado,alta,baja,balance_no_negativo,sin_factor_dominante,ninguna_relevante_para_el_periodo,La ventana entre 2026-04-01 y 2026-04-30 muestra un balance de 1765000 COP y una cobertura estimada de 7.00 meses. Este resultado describe el periodo y no a la persona.,historia_controlada_recalculada_v2,train,uso_planificado_reserva,si,roadmap_14_mvp_estructurado_v3.0,fincoach_mvp_estructurado_v3.0,e04bdbd7a4016abbf0c6a038f6125439ee03b474bf19b35a2f7811fd403d4aba,3959000,922000,0,0,1609000,1507000,0,174000,0
VEN_0193_2,PERF_0193,dentro_del_mvp,2026-05-31,2026-04-01,2026-05-31,acumulada_61_dias,61,61,96.7213,8224000,0,0,170000,0,11311000,6049000,279000,2623000,578000,1092000,11409675,8492675,5373079,4969079,19535000,-3087000,3087000,5516000,32,0.6446,-109439.8907,0.187,2.808,0.0,-0.0752,deterioro_reciente,calculado,alta,baja,evidencia_temporal_disponible,balance_negativo,ninguna_relevante_para_el_periodo,La ventana entre 2026-04-01 y 2026-05-31 muestra un balance de -3087000 COP y una cobertura estimada de 2.81 meses. Este resultado describe el periodo y no a la persona.,historia_controlada_recalculada_v2,train,uso_planificado_reserva,si,roadmap_14_mvp_estructurado_v3.0,fincoach_mvp_estructurado_v3.0,fa253eb4195eedc1366818085f433e204150c9142bf71b77db9cec88806ce8f3,7302000,1092000,0,0,5624000,5687000,404000,174000,0
VEN_0193_3,PERF_0193,dentro_del_mvp,2026-06-30,2026-04-01,2026-06-30,acumulada_91_dias,91,91,97.8022,11673000,0,0,170000,0,19506000,11504000,1192000,2623000,877000,2187000,11409675,3746675,5373079,4969079,31179000,-7833000,7833000,9428000,62,0.2844,-35470.3657,0.1803,0.9771,0.0,-0.0752,fragilidad_sostenida,calculado,alta,baja,evidencia_temporal_disponible,balance_negativo,ninguna_relevante_para_el_periodo,La ventana entre 2026-04-01 y 2026-06-30 muestra un balance de -7833000 COP y una cobertura estimada de 0.98 meses. Este resultado describe el periodo y no a la persona.,historia_controlada_recalculada_v2,train,uso_planificado_reserva,si,roadmap_14_mvp_estructurado_v3.0,fincoach_mvp_estructurado_v3.0,4536e81ca4e19fc7c184151d9a0af2e90353bb0c2d395af129db517cdc11954c,10751000,1092000,0,0,10958000,8548000,404000,473000,0
VEN_0194_1,PERF_0194,dentro_del_mvp,2026-04-30,2026-04-01,2026-04-30,acumulada_30_dias,30,34,94.1176,7682000,0,0,30000,0,6718000,2337000,567000,2009000,1091000,319000,3654389,4648389,6784325,6133325,14400000,964000,0,1774000,8,0.7518,0.0,0.0,1.989,0.0,-0.096,equilibrio_sostenible,calculado,alta,baja,balance_no_negativo,sin_factor_dominante,ninguna_relevante_para_el_periodo,La ventana entre 2026-04-01 y 2026-04-30 muestra un balance de 964000 COP y una cobertura estimada de 1.99 meses. Este resultado describe el periodo y no a la persona.,historia_controlada_recalculada_v2,validation,deterioro_reciente,si,roadmap_14_mvp_estructurado_v3.0,fincoach_mvp_estructurado_v3.0,c6d9d95ea8d545ef1be075d9af243c6ff4950d0fd02f8495943546306a72085c,5561000,2151000,0,0,3106000,3612000,651000,440000,0
VEN_0194_2,PERF_0194,dentro_del_mvp,2026-05-31,2026-04-01,2026-05-31,acumulada_61_dias,61,67,97.0149,14895000,0,0,30000,0,13436000,5888000,1194000,2856000,2036000,546000,3654389,5143389,6784325,5454325,28331000,1459000,0,5125000,39,0.8318,-8215.3005,0.0315,1.7471,0.0,-0.196,equilibrio_sostenible,calculado,alta,baja,balance_no_negativo,sin_factor_dominante,ninguna_relevante_para_el_periodo,La ventana entre 2026-04-01 y 2026-05-31 muestra un balance de 1459000 COP y una cobertura estimada de 1.75 meses. Este resultado describe el periodo y no a la persona.,historia_controlada_recalculada_v2,validation,deterioro_reciente,si,roadmap_14_mvp_estructurado_v3.0,fincoach_mvp_estructurado_v3.0,09f66cac7f52d46af96c22da86e8985d152d9a84b535c493cc8a9ee24f2e821e,12774000,2151000,0,0,6295000,7141000,1330000,706000,0
VEN_0194_3,PERF_0194,dentro_del_mvp,2026-06-30,2026-04-01,2026-06-30,acumulada_91_dias,91,100,96.0,20431000,0,0,250000,0,23195000,10321000,1278000,5143000,3156000,697000,3654389,1140389,6784325,5131325,43626000,-2764000,2764000,5125000,69,0.1844,-54291.6592,0.1353,0.3315,0.0,-0.2436,fragilidad_sostenida,calculado,alta,baja,evidencia_temporal_disponible,balance_negativo,ninguna_relevante_para_el_periodo,La ventana entre 2026-04-01 y 2026-06-30 muestra un balance de -2764000 COP y una cobertura estimada de 0.33 meses. Este resultado describe el periodo y no a la persona.,historia_controlada_recalculada_v2,validation,deterioro_reciente,si,roadmap_14_mvp_estructurado_v3.0,fincoach_mvp_estructurado_v3.0,f43344d159c3387a8fb9e95b1e5ebec9ca0ef21df97df77733da139a125ce0ae,18310000,2371000,0,0,10157000,13038000,1653000,1503000,0
VEN_0195_1,PERF_0195,dentro_del_mvp,2026-04-30,2026-04-01,2026-04-30,acumulada_30_dias,30,31,93.5484,2808000,0,0,0,0,4837000,3662000,232000,195000,342000,73000,148716,-1880284,11110135,11110135,7645000,-2029000,2029000,2558000,29,0.0,0.0,0.0,0.0,0.0,0.0,situacion_critica,calculado,alta,baja,evidencia_temporal_disponible,balance_negativo,ninguna_relevante_para_el_periodo,La ventana entre 2026-04-01 y 2026-04-30 muestra un balance de -2029000 COP y una cobertura estimada de 0.00 meses. Este resultado describe el periodo y no a la persona.,historia_controlada_recalculada_v2,validation,fragilidad_sostenida,si,roadmap_14_mvp_estructurado_v3.0,fincoach_mvp_estructurado_v3.0,fa9513d9fea319706c01fc3fe5884cbb969d94955c2dc99a7d68fca5de2457ba,0,0,2808000,0,2665000,2172000,0,342000,0
VEN_0195_2,PERF_0195,dentro_del_mvp,2026-05-31,2026-04-01,2026-05-31,acumulada_61_dias,61,53,96.2264,2808000,0,412000,220000,0,11011000,7225000,895000,853000,774000,73000,148716,-7422284,11110135,11090135,13819000,-8203000,8203000,8100000,60,0.0,-66842.0765,1.0,0.0,0.1198,-0.0018,situacion_critica,calculado,alta,baja,evidencia_temporal_disponible,balance_negativo,motivo_de_periodos_sin_ingreso,La ventana entre 2026-04-01 y 2026-05-31 muestra un balance de -8203000 COP y una cobertura estimada de 0.00 meses. Este resultado describe el periodo y no a la persona.,historia_controlada_recalculada_v2,validation,fragilidad_sostenida,si,roadmap_14_mvp_estructurado_v3.0,fincoach_mvp_estructurado_v3.0,9058e1b018ea8f310c8dd3819367e4add5016444e81ec098d2fdde5eb417c0e4,412000,220000,2808000,1,6420000,4591000,432000,342000,412000
VEN_0195_3,PERF_0195,dentro_del_mvp,2026-06-30,2026-04-01,2026-06-30,acumulada_91_dias,91,83,97.5904,4950000,0,824000,220000,0,17185000,10933000,1505000,1786000,1128000,73000,148716,-11042284,11110135,11502135,22135000,-12235000,12235000,11725000,90,0.0,24.8604,0.7261,0.0,0.1375,0.0353,situacion_critica,calculado,alta,baja,evidencia_temporal_disponible,balance_negativo,motivo_de_periodos_sin_ingreso,La ventana entre 2026-04-01 y 2026-06-30 muestra un balance de -12235000 COP y una cobertura estimada de 0.00 meses. Este resultado describe el periodo y no a la persona.,historia_controlada_recalculada_v2,validation,fragilidad_sostenida,si,roadmap_14_mvp_estructurado_v3.0,fincoach_mvp_estructurado_v3.0,55f38cc94d741dd695a3b31bb69b9fac22c5781d308daf00d4ae37f399429f91,824000,220000,4950000,1,9291000,7894000,432000,696000,824000
VEN_0196_1,PERF_0196,dentro_del_mvp,2026-04-30,2026-04-01,2026-04-30,acumulada_30_dias,30,32,96.875,2554000,0,1480000,90000,0,11304000,6884000,1111000,1463000,0,0,232889,-6947111,16228171,17708171,13858000,-8750000,8750000,7180000,29,0.0,0.0,0.0,0.0,0.3589,0.0912,situacion_critica,calculado,alta,baja,evidencia_temporal_disponible,balance_negativo,ninguna_relevante_para_el_periodo,La ventana entre 2026-04-01 y 2026-04-30 muestra un balance de -8750000 COP y una cobertura estimada de 0.00 meses. Este resultado describe el periodo y no a la persona.,historia_controlada_recalculada_v2,validation,situacion_critica,si,roadmap_14_mvp_estructurado_v3.0,fincoach_mvp_estructurado_v3.0,b9d1f20e54499c313258efe305dd94eb2a68cfbe355d66218d387bcdb01a9dba,3398000,726000,0,0,5137000,6167000,0,0,1480000
VEN_0196_2,PERF_0196,dentro_del_mvp,2026-05-31,2026-04-01,2026-05-31,acumulada_61_dias,61,66,98.4848,6224000,0,2862000,90000,0,25579000,14031000,1610000,5577000,1246000,829000,232889,-16170111,16228171,18279171,31803000,-19355000,19355000,16403000,60,0.0,-25628.4153,0.1793,0.0,0.3119,0.1264,situacion_critica,calculado,alta,baja,evidencia_temporal_disponible,balance_negativo,ninguna_relevante_para_el_periodo,La ventana entre 2026-04-01 y 2026-05-31 muestra un balance de -19355000 COP y una cobertura estimada de 0.00 meses. Este resultado describe el periodo y no a la persona.,historia_controlada_recalculada_v2,validation,situacion_critica,si,roadmap_14_mvp_estructurado_v3.0,fincoach_mvp_estructurado_v3.0,366b6376c731cc07eb0495e1fa09d631fd8a7c631726b52775cd9b51403e2e87,8450000,726000,0,0,10353000,15226000,811000,435000,2862000
VEN_0196_3,PERF_0196,dentro_del_mvp,2026-06-30,2026-04-01,2026-06-30,acumulada_91_dias,91,100,98.0,9890000,0,3634000,310000,0,39854000,20095000,3074000,9948000,2220000,1033000,232889,-25787111,16228171,19051171,49744000,-29964000,29964000,26539000,90,0.0,-11979.6433,0.1593,0.0,0.2627,0.174,situacion_critica,calculado,alta,baja,evidencia_temporal_disponible,balance_negativo,ninguna_relevante_para_el_periodo,La ventana entre 2026-04-01 y 2026-06-30 muestra un balance de -29964000 COP y una cobertura estimada de 0.00 meses. Este resultado describe el periodo y no a la persona.,historia_controlada_recalculada_v2,validation,situacion_critica,si,roadmap_14_mvp_estructurado_v3.0,fincoach_mvp_estructurado_v3.0,b4726df1bde6a1c52a8839f892badc001876d696c61c6ca916fe1d4c2b866c0e,12336000,1498000,0,0,16695000,23159000,811000,1409000,3634000
VEN_0197_1,PERF_0197,dentro_del_mvp,2026-04-30,2026-04-01,2026-04-30,acumulada_30_dias,30,21,100.0,860000,0,0,0,0,6544000,3930000,690000,926000,200000,497000,15958779,10274779,11657711,11657711,7404000,-5684000,5684000,5684000,29,0.6438,0.0,0.0,2.6144,0.0,0.0,uso_planificado_reserva,calculado,alta,baja,evidencia_temporal_disponible,balance_negativo,ninguna_relevante_para_el_periodo,La ventana entre 2026-04-01 y 2026-04-30 muestra un balance de -5684000 COP y una cobertura estimada de 2.61 meses. Este resultado describe el periodo y no a la persona.,historia_controlada_recalculada_v2,validation,acumulacion_estable,si,roadmap_14_mvp_estructurado_v3.0,fincoach_mvp_estructurado_v3.0,54b8afcc5f4f57fb42527e6e352d5c562536d7197664aced158903424157efd5,860000,0,0,0,4276000,2268000,0,200000,0
VEN_0197_2,PERF_0197,dentro_del_mvp,2026-05-31,2026-04-01,2026-05-31,acumulada_61_dias,61,43,95.3488,1720000,0,2556000,0,0,13088000,7758000,1260000,2156000,682000,497000,15958779,7146779,11657711,13970711,14808000,-11368000,11368000,9114000,60,0.4478,3106.0109,0.0,1.8424,0.5978,0.1984,fragilidad_sostenida,calculado,alta,baja,evidencia_temporal_disponible,balance_negativo,ninguna_relevante_para_el_periodo,La ventana entre 2026-04-01 y 2026-05-31 muestra un balance de -11368000 COP y una cobertura estimada de 1.84 meses. Este resultado describe el periodo y no a la persona.,historia_controlada_recalculada_v2,validation,acumulacion_estable,si,roadmap_14_mvp_estructurado_v3.0,fincoach_mvp_estructurado_v3.0,322a2600cc8cff1de26c98b978c4fded4c6abd289ece6fbcd5116e57f75d0c31,1720000,2556000,0,0,8554000,4534000,243000,439000,2556000
VEN_0197_3,PERF_0197,dentro_del_mvp,2026-06-30,2026-04-01,2026-06-30,acumulada_91_dias,91,63,96.8254,2580000,0,2556000,0,0,19632000,11773000,1491000,3374000,988000,1114000,15958779,1462779,11657711,13970711,22212000,-17052000,17052000,14496000,90,0.0917,-1023.9596,0.0,0.3727,0.4977,0.1984,fragilidad_sostenida,calculado,alta,baja,evidencia_temporal_disponible,balance_negativo,ninguna_relevante_para_el_periodo,La ventana entre 2026-04-01 y 2026-06-30 muestra un balance de -17052000 COP y una cobertura estimada de 0.37 meses. Este resultado describe el periodo y no a la persona.,historia_controlada_recalculada_v2,validation,acumulacion_estable,si,roadmap_14_mvp_estructurado_v3.0,fincoach_mvp_estructurado_v3.0,201524fbbb504b479441a7236a5f389b949e140c1c54370818a1f41553610c57,2580000,2556000,0,0,11568000,8064000,243000,745000,2556000
VEN_0198_1,PERF_0198,dentro_del_mvp,2026-04-30,2026-04-01,2026-04-30,acumulada_30_dias,30,32,90.625,6390000,0,0,0,151000,6049000,3926000,1087000,0,0,302000,1955574,2447574,0,0,12439000,341000,0,5298000,2,0.8031,0.0,0.0,0.6234,0.0231,0.0,equilibrio_sostenible,calculado,alta,baja,balance_no_negativo,sin_factor_dominante,ninguna_relevante_para_el_periodo,La ventana entre 2026-04-01 y 2026-04-30 muestra un balance de 341000 COP y una cobertura estimada de 0.62 meses. Este resultado describe el periodo y no a la persona.,historia_controlada_recalculada_v2,train,equilibrio_sostenible,si,roadmap_14_mvp_estructurado_v3.0,fincoach_mvp_estructurado_v3.0,4334123105d4a0daa2fcd058dd8bc44ec4530d4f8b3ed64eacab98d6d3998f8b,6390000,151000,0,0,2555000,3494000,0,0,0
VEN_0198_2,PERF_0198,dentro_del_mvp,2026-05-31,2026-04-01,2026-05-31,acumulada_61_dias,61,64,89.0625,12790000,0,0,0,151000,12098000,7675000,1311000,891000,0,883000,1955574,2798574,0,0,24888000,692000,0,6522000,33,0.9183,-22.4044,0.0008,0.7293,0.0117,0.0,equilibrio_sostenible,calculado,alta,media,balance_no_negativo,sin_factor_dominante,ninguna_relevante_para_el_periodo,La ventana entre 2026-04-01 y 2026-05-31 muestra un balance de 692000 COP y una cobertura estimada de 0.73 meses. Este resultado describe el periodo y no a la persona.,historia_controlada_recalculada_v2,train,equilibrio_sostenible,si,roadmap_14_mvp_estructurado_v3.0,fincoach_mvp_estructurado_v3.0,594ed8f2af60a2129e33c032af5e36b255af47d988893a60aad3ff1387d797a6,12790000,151000,0,0,5586000,6512000,0,0,0
VEN_0198_3,PERF_0198,dentro_del_mvp,2026-06-30,2026-04-01,2026-06-30,acumulada_91_dias,91,96,92.7083,19418000,0,0,0,790000,18147000,11037000,2106000,2399000,0,883000,1955574,4016574,0,0,37565000,1271000,0,6522000,2,0.9675,2622.7707,0.017,1.0918,0.0391,0.0,equilibrio_sostenible,calculado,alta,baja,balance_no_negativo,sin_factor_dominante,ninguna_relevante_para_el_periodo,La ventana entre 2026-04-01 y 2026-06-30 muestra un balance de 1271000 COP y una cobertura estimada de 1.09 meses. Este resultado describe el periodo y no a la persona.,historia_controlada_recalculada_v2,train,equilibrio_sostenible,si,roadmap_14_mvp_estructurado_v3.0,fincoach_mvp_estructurado_v3.0,23f439c020714e8fe9ae74e275cbeb4bcda264d136492d2672d2f66e40fe6fcb,12790000,7418000,0,0,8306000,9841000,0,0,0
VEN_0199_1,PERF_0199,dentro_del_mvp,2026-04-30,2026-04-01,2026-04-30,acumulada_30_dias,30,31,90.3226,3946000,0,0,0,0,3660000,1725000,148000,575000,474000,194000,6824982,7110982,3122861,2958861,7606000,286000,0,2642000,2,0.9636,0.0,0.0,4.1223,0.0,-0.0525,acumulacion_estable,calculado,alta,baja,balance_no_negativo,sin_factor_dominante,ninguna_relevante_para_el_periodo,La ventana entre 2026-04-01 y 2026-04-30 muestra un balance de 286000 COP y una cobertura estimada de 4.12 meses. Este resultado describe el periodo y no a la persona.,historia_controlada_recalculada_v2,validation,variable_resiliente,si,roadmap_14_mvp_estructurado_v3.0,fincoach_mvp_estructurado_v3.0,54cc4f5386502575b924a70864055d80d721e3c42d4256d6d0e37c55eabf439d,3946000,0,0,0,1574000,2086000,164000,310000,0
VEN_0199_2,PERF_0199,dentro_del_mvp,2026-05-31,2026-04-01,2026-05-31,acumulada_61_dias,61,62,93.5484,9790000,0,0,0,102000,6218000,3281000,303000,1114000,588000,194000,6824982,10498982,3122861,2844861,16008000,3572000,0,2642000,2,0.9762,49024.0437,0.1939,6.3999,0.0103,-0.089,variable_resiliente,calculado,alta,baja,balance_no_negativo,sin_factor_dominante,ninguna_relevante_para_el_periodo,La ventana entre 2026-04-01 y 2026-05-31 muestra un balance de 3572000 COP y una cobertura estimada de 6.40 meses. Este resultado describe el periodo y no a la persona.,historia_controlada_recalculada_v2,validation,variable_resiliente,si,roadmap_14_mvp_estructurado_v3.0,fincoach_mvp_estructurado_v3.0,5a0de6f70ecdb2157574638fa7cbc918102dcaf42f343072baafbfc52af38f58,9790000,102000,0,0,2615000,3603000,278000,310000,0
VEN_0199_3,PERF_0199,dentro_del_mvp,2026-06-30,2026-04-01,2026-06-30,acumulada_91_dias,91,92,95.6522,15614000,0,0,0,102000,8776000,4743000,369000,1702000,688000,194000,6824982,13764982,3122861,2744861,24390000,6838000,0,2642000,2,0.9892,16585.4801,0.171,8.7065,0.0065,-0.121,variable_resiliente,calculado,alta,baja,balance_no_negativo,sin_factor_dominante,ninguna_relevante_para_el_periodo,La ventana entre 2026-04-01 y 2026-06-30 muestra un balance de 6838000 COP y una cobertura estimada de 8.71 meses. Este resultado describe el periodo y no a la persona.,historia_controlada_recalculada_v2,validation,variable_resiliente,si,roadmap_14_mvp_estructurado_v3.0,fincoach_mvp_estructurado_v3.0,b04dc5eb402762250c3b877f350590248aa51b9b0886d884b944c5fddafa744d,15614000,102000,0,0,3786000,4990000,378000,310000,0
VEN_0200_1,PERF_0200,dentro_del_mvp,2026-04-30,2026-04-01,2026-04-30,acumulada_30_dias,30,20,100.0,500000,0,0,0,420000,2949000,2167000,191000,318000,0,0,11241419,9212419,0,0,3449000,-2449000,2449000,2141000,28,0.8195,0.0,0.0,4.2512,0.4565,0.0,uso_planificado_reserva,calculado,alta,baja,evidencia_temporal_disponible,balance_negativo,ninguna_relevante_para_el_periodo,La ventana entre 2026-04-01 y 2026-04-30 muestra un balance de -2449000 COP y una cobertura estimada de 4.25 meses. Este resultado describe el periodo y no a la persona.,historia_controlada_recalculada_v2,train,uso_planificado_reserva,si,roadmap_14_mvp_estructurado_v3.0,fincoach_mvp_estructurado_v3.0,628505b0cd35825ffaf989fa3b7402015961a598f660193aa9723e02dd9456c7,500000,420000,0,0,1479000,1470000,0,0,0
VEN_0200_2,PERF_0200,dentro_del_mvp,2026-05-31,2026-04-01,2026-05-31,acumulada_61_dias,61,40,95.0,1000000,0,0,130000,420000,10704000,8485000,330000,318000,0,444000,11241419,2087419,0,0,11704000,-9704000,9704000,9154000,59,0.1857,-77448.6339,0.0,0.492,0.271,0.0,fragilidad_sostenida,calculado,alta,baja,evidencia_temporal_disponible,balance_negativo,ninguna_relevante_para_el_periodo,La ventana entre 2026-04-01 y 2026-05-31 muestra un balance de -9704000 COP y una cobertura estimada de 0.49 meses. Este resultado describe el periodo y no a la persona.,historia_controlada_recalculada_v2,train,uso_planificado_reserva,si,roadmap_14_mvp_estructurado_v3.0,fincoach_mvp_estructurado_v3.0,66776b8a4cc9c7a7ec57c1f4aaf4ffeae8237c1234941776dd7f129195ee4f47,1000000,550000,0,0,5814000,4890000,0,0,0
VEN_0200_3,PERF_0200,dentro_del_mvp,2026-06-30,2026-04-01,2026-06-30,acumulada_91_dias,91,60,96.6667,1500000,0,0,300000,420000,18459000,13495000,1192000,1507000,0,649000,11241419,-4997581,0,0,19959000,-16959000,16959000,16239000,89,0.0,-27280.6701,0.0,0.0,0.1892,0.0,situacion_critica,calculado,alta,baja,evidencia_temporal_disponible,balance_negativo,ninguna_relevante_para_el_periodo,La ventana entre 2026-04-01 y 2026-06-30 muestra un balance de -16959000 COP y una cobertura estimada de 0.00 meses. Este resultado describe el periodo y no a la persona.,historia_controlada_recalculada_v2,train,uso_planificado_reserva,si,roadmap_14_mvp_estructurado_v3.0,fincoach_mvp_estructurado_v3.0,e6de0403816352383c2a2ec25a8a3806d34ac77ea1cfa1d5081426fc6e0b9217,1500000,720000,0,0,9101000,9358000,0,0,0
