decision_id,perfil_id,estado_alcance_mvp,ventana_id,fecha_decision,estado_trayectoria,recomendacion_id,recomendacion,tipo_recomendacion,meta_relacionada,hobbies_considerados,aspectos_protegidos,condiciones_observadas,condiciones_exclusion,decision,prioridad,requiere_confirmacion,pregunta_contextual_si_aplica,razon_decision,evidencia_utilizada,riesgo_si_se_aplica,revision_humana,particion,historia_financiera_controlada,es_sintetico,version_catalogo,version_esquema,huella_registro
DEC_0001_04,PERF_0001,dentro_del_mvp,VEN_0001_1,2026-04-30,acumulacion_estable,REC_MANTENER_ACUMULACION,Mantener el patrón actual y separar automáticamente una parte del excedente para la meta declarada.,mantenimiento_y_ahorro,crear_fondo_emergencia,pintura | turismo_y_viajes,necesidades_esenciales | hobbies:pintura | turismo_y_viajes | meta:crear_fondo_emergencia,balance_B:2120000 | cobertura_L:1.685 | variabilidad_V:0.0 | deuda_J:-0.0121,no_declarar_riesgo_solo_por_ingreso_variable | no_eliminar_hobbies_por_defecto | no_tratar_el_estado_como_identidad_permanente,aplicar,media,no,,"El estado acumulacion_estable describe únicamente la ventana hasta 2026-04-30 y se sustenta en balance, cobertura, recuperación, variabilidad y deuda.",VEN_0001_1 | balance_operativo_no_negativo | cobertura_esencial_superior_a_un_mes | inversion_productiva_observada | hobbies_identificados_sin_asumir_que_deban_eliminarse | sin_factor_de_atencion_dominante,bajo,no_requerida,train,acumulacion_estable,si,recomendaciones_mvp_v1.1,fincoah_mvp_co_v1.1,6987e127752aff2929a3d7ceeee9ddb5f4b7a3b1bb346ad80a40e4b226c4c0cf
DEC_0001_05,PERF_0001,dentro_del_mvp,VEN_0001_2,2026-05-31,acumulacion_estable,REC_MANTENER_ACUMULACION,Mantener el patrón actual y separar automáticamente una parte del excedente para la meta declarada.,mantenimiento_y_ahorro,crear_fondo_emergencia,pintura | turismo_y_viajes,necesidades_esenciales | hobbies:pintura | turismo_y_viajes | meta:crear_fondo_emergencia,balance_B:4713000 | cobertura_L:3.3276 | variabilidad_V:0.0401 | deuda_J:-0.0349,no_declarar_riesgo_solo_por_ingreso_variable | no_eliminar_hobbies_por_defecto | no_tratar_el_estado_como_identidad_permanente,aplicar,media,no,,"El estado acumulacion_estable describe únicamente la ventana hasta 2026-05-31 y se sustenta en balance, cobertura, recuperación, variabilidad y deuda.",VEN_0001_2 | balance_operativo_no_negativo | cobertura_esencial_superior_a_un_mes | recuperacion_consistente | inversion_productiva_observada | hobbies_identificados_sin_asumir_que_deban_eliminarse | sin_factor_de_atencion_dominante,bajo,no_requerida,train,acumulacion_estable,si,recomendaciones_mvp_v1.1,fincoah_mvp_co_v1.1,3d892c9e52a5a3e0f8d8b768ebe9e1bdce96784d72376c9c7222814150a04b6b
DEC_0001_06,PERF_0001,dentro_del_mvp,VEN_0001_3,2026-06-30,acumulacion_estable,REC_MANTENER_ACUMULACION,Mantener el patrón actual y separar automáticamente una parte del excedente para la meta declarada.,mantenimiento_y_ahorro,crear_fondo_emergencia,pintura | turismo_y_viajes,necesidades_esenciales | hobbies:pintura | turismo_y_viajes | meta:crear_fondo_emergencia,balance_B:6976000 | cobertura_L:4.1242 | variabilidad_V:0.0338 | deuda_J:-0.0593,no_declarar_riesgo_solo_por_ingreso_variable | no_eliminar_hobbies_por_defecto | no_tratar_el_estado_como_identidad_permanente,aplicar,media,no,,"El estado acumulacion_estable describe únicamente la ventana hasta 2026-06-30 y se sustenta en balance, cobertura, recuperación, variabilidad y deuda.",VEN_0001_3 | balance_operativo_no_negativo | cobertura_esencial_superior_a_un_mes | recuperacion_consistente | inversion_productiva_observada | hobbies_identificados_sin_asumir_que_deban_eliminarse | sin_factor_de_atencion_dominante,bajo,no_requerida,train,acumulacion_estable,si,recomendaciones_mvp_v1.1,fincoah_mvp_co_v1.1,162bc977fdc008cf86f0f1278072022776a51582e9a642090a8cb58a5c58e0fe
DEC_0002_04,PERF_0002,dentro_del_mvp,VEN_0002_1,2026-04-30,equilibrio_sostenible,REC_CREAR_MARGEN,Crear un margen pequeño y flexible antes de aumentar compromisos fijos.,prevencion,ampliar_actividad_economica,cocina_y_reposteria | fotografia_y_video,necesidades_esenciales | hobbies:cocina_y_reposteria | fotografia_y_video | meta:ampliar_actividad_economica,balance_B:146000 | cobertura_L:4.8438 | variabilidad_V:0.0 | deuda_J:0.0,no_declarar_riesgo_solo_por_ingreso_variable | no_eliminar_hobbies_por_defecto | no_tratar_el_estado_como_identidad_permanente,sugerir,media,no,,"El estado equilibrio_sostenible describe únicamente la ventana hasta 2026-04-30 y se sustenta en balance, cobertura, recuperación, variabilidad y deuda.",VEN_0002_1 | balance_operativo_no_negativo | cobertura_esencial_superior_a_un_mes | inversion_productiva_observada | hobbies_identificados_sin_asumir_que_deban_eliminarse | sin_factor_de_atencion_dominante,bajo,no_requerida,train,equilibrio_sostenible,si,recomendaciones_mvp_v1.1,fincoah_mvp_co_v1.1,abee50cf7354e28f3a2ba7e57af883cf27751816917753365605034c1b4f28e7
DEC_0002_05,PERF_0002,dentro_del_mvp,VEN_0002_2,2026-05-31,equilibrio_sostenible,REC_CREAR_MARGEN,Crear un margen pequeño y flexible antes de aumentar compromisos fijos.,prevencion,ampliar_actividad_economica,cocina_y_reposteria | fotografia_y_video,necesidades_esenciales | hobbies:cocina_y_reposteria | fotografia_y_video | meta:ampliar_actividad_economica,balance_B:416000 | cobertura_L:5.343 | variabilidad_V:0.0164 | deuda_J:0.0,no_declarar_riesgo_solo_por_ingreso_variable | no_eliminar_hobbies_por_defecto | no_tratar_el_estado_como_identidad_permanente,sugerir,media,no,,"El estado equilibrio_sostenible describe únicamente la ventana hasta 2026-05-31 y se sustenta en balance, cobertura, recuperación, variabilidad y deuda.",VEN_0002_2 | balance_operativo_no_negativo | cobertura_esencial_superior_a_un_mes | recuperacion_consistente | inversion_productiva_observada | hobbies_identificados_sin_asumir_que_deban_eliminarse | sin_factor_de_atencion_dominante,bajo,no_requerida,train,equilibrio_sostenible,si,recomendaciones_mvp_v1.1,fincoah_mvp_co_v1.1,3ea16c5761c7781347ac2d8aa03e7f5a995a2b31a6503e6a58a9331168912790
DEC_0002_06,PERF_0002,dentro_del_mvp,VEN_0002_3,2026-06-30,equilibrio_sostenible,REC_CREAR_MARGEN,Crear un margen pequeño y flexible antes de aumentar compromisos fijos.,prevencion,ampliar_actividad_economica,cocina_y_reposteria | fotografia_y_video,necesidades_esenciales | hobbies:cocina_y_reposteria | fotografia_y_video | meta:ampliar_actividad_economica,balance_B:902000 | cobertura_L:5.7216 | variabilidad_V:0.0362 | deuda_J:0.0,no_declarar_riesgo_solo_por_ingreso_variable | no_eliminar_hobbies_por_defecto | no_tratar_el_estado_como_identidad_permanente,sugerir,media,no,,"El estado equilibrio_sostenible describe únicamente la ventana hasta 2026-06-30 y se sustenta en balance, cobertura, recuperación, variabilidad y deuda.",VEN_0002_3 | balance_operativo_no_negativo | cobertura_esencial_superior_a_un_mes | recuperacion_consistente | inversion_productiva_observada | hobbies_identificados_sin_asumir_que_deban_eliminarse | recuperacion_demora_mas_de_20_dias,bajo,no_requerida,train,equilibrio_sostenible,si,recomendaciones_mvp_v1.1,fincoah_mvp_co_v1.1,c4615326660bdee32066785c6e2ff05dd9681b24a7ba26a94164f2525c8ad256
DEC_0003_04,PERF_0003,dentro_del_mvp,VEN_0003_1,2026-04-30,equilibrio_sostenible,REC_CREAR_MARGEN,Crear un margen pequeño y flexible antes de aumentar compromisos fijos.,prevencion,crear_fondo_emergencia,manualidades_y_artesanias | impresion_3d,necesidades_esenciales | hobbies:manualidades_y_artesanias | impresion_3d | meta:crear_fondo_emergencia,balance_B:591000 | cobertura_L:1.0467 | variabilidad_V:0.0 | deuda_J:-0.0145,no_declarar_riesgo_solo_por_ingreso_variable | no_eliminar_hobbies_por_defecto | no_tratar_el_estado_como_identidad_permanente,sugerir,media,no,,"El estado equilibrio_sostenible describe únicamente la ventana hasta 2026-04-30 y se sustenta en balance, cobertura, recuperación, variabilidad y deuda.",VEN_0003_1 | balance_operativo_no_negativo | cobertura_esencial_superior_a_un_mes | inversion_productiva_observada | hobbies_identificados_sin_asumir_que_deban_eliminarse | sin_factor_de_atencion_dominante,bajo,no_requerida,train,variable_resiliente,si,recomendaciones_mvp_v1.1,fincoah_mvp_co_v1.1,5b9222abc9e6a28d56dc9b16eb60e950d8788e9e021fcbf74dd18d64baecc0f8
DEC_0003_05,PERF_0003,dentro_del_mvp,VEN_0003_2,2026-05-31,variable_resiliente,REC_RESERVA_PICOS,Reservar parte de los meses altos para cubrir los periodos de menor ingreso sin tratar la variabilidad como falla.,gestion_ingreso_variable,crear_fondo_emergencia,manualidades_y_artesanias | impresion_3d,necesidades_esenciales | hobbies:manualidades_y_artesanias | impresion_3d | meta:crear_fondo_emergencia,balance_B:5663000 | cobertura_L:2.7043 | variabilidad_V:0.1697 | deuda_J:-0.0291,no_declarar_riesgo_solo_por_ingreso_variable | no_eliminar_hobbies_por_defecto | no_tratar_el_estado_como_identidad_permanente,aplicar,alta,no,,"El estado variable_resiliente describe únicamente la ventana hasta 2026-05-31 y se sustenta en balance, cobertura, recuperación, variabilidad y deuda.",VEN_0003_2 | balance_operativo_no_negativo | cobertura_esencial_superior_a_un_mes | recuperacion_consistente | inversion_productiva_observada | hobbies_identificados_sin_asumir_que_deban_eliminarse | sin_factor_de_atencion_dominante,bajo,no_requerida,train,variable_resiliente,si,recomendaciones_mvp_v1.1,fincoah_mvp_co_v1.1,38855c905709c977dc37a369a32d4ad8cf331e8882ca2d95f81392da05e3bc44
DEC_0003_06,PERF_0003,dentro_del_mvp,VEN_0003_3,2026-06-30,variable_resiliente,REC_RESERVA_PICOS,Reservar parte de los meses altos para cubrir los periodos de menor ingreso sin tratar la variabilidad como falla.,gestion_ingreso_variable,crear_fondo_emergencia,manualidades_y_artesanias | impresion_3d,necesidades_esenciales | hobbies:manualidades_y_artesanias | impresion_3d | meta:crear_fondo_emergencia,balance_B:11161000 | cobertura_L:4.5557 | variabilidad_V:0.162 | deuda_J:-0.0682,no_declarar_riesgo_solo_por_ingreso_variable | no_eliminar_hobbies_por_defecto | no_tratar_el_estado_como_identidad_permanente,aplicar,alta,no,,"El estado variable_resiliente describe únicamente la ventana hasta 2026-06-30 y se sustenta en balance, cobertura, recuperación, variabilidad y deuda.",VEN_0003_3 | balance_operativo_no_negativo | cobertura_esencial_superior_a_un_mes | recuperacion_consistente | inversion_productiva_observada | hobbies_identificados_sin_asumir_que_deban_eliminarse | sin_factor_de_atencion_dominante,bajo,no_requerida,train,variable_resiliente,si,recomendaciones_mvp_v1.1,fincoah_mvp_co_v1.1,57a7bdc8dc82fdebf7e81bcf8d06a5c98dc999c1cb4301d5fec5bb4303a2ca48
DEC_0004_04,PERF_0004,dentro_del_mvp,VEN_0004_1,2026-04-30,acumulacion_estable,REC_MANTENER_ACUMULACION,Mantener el patrón actual y separar automáticamente una parte del excedente para la meta declarada.,mantenimiento_y_ahorro,crear_fondo_emergencia,musica | fotografia_y_video,necesidades_esenciales | hobbies:musica | fotografia_y_video | meta:crear_fondo_emergencia,balance_B:5115000 | cobertura_L:7.0654 | variabilidad_V:0.0 | deuda_J:-0.0077,no_declarar_riesgo_solo_por_ingreso_variable | no_eliminar_hobbies_por_defecto | no_tratar_el_estado_como_identidad_permanente,aplicar,media,no,,"El estado acumulacion_estable describe únicamente la ventana hasta 2026-04-30 y se sustenta en balance, cobertura, recuperación, variabilidad y deuda.",VEN_0004_1 | balance_operativo_no_negativo | cobertura_esencial_superior_a_un_mes | recuperacion_consistente | inversion_productiva_observada | hobbies_identificados_sin_asumir_que_deban_eliminarse | sin_factor_de_atencion_dominante,bajo,no_requerida,train,uso_planificado_reserva,si,recomendaciones_mvp_v1.1,fincoah_mvp_co_v1.1,eddeeb67df5c4942e2c1bbb5a23735da1ea2dfc2d86f79c0a303de50cb21446d
DEC_0004_05,PERF_0004,dentro_del_mvp,VEN_0004_2,2026-05-31,uso_planificado_reserva,REC_VIGILAR_RESERVA,Mantener el gasto alineado con la meta y revisar que la reserva conserve cobertura suficiente durante el siguiente cierre.,seguimiento_meta,crear_fondo_emergencia,musica | fotografia_y_video,necesidades_esenciales | hobbies:musica | fotografia_y_video | meta:crear_fondo_emergencia,balance_B:-4513000 | cobertura_L:2.6199 | variabilidad_V:0.3099 | deuda_J:-0.0643,no_declarar_riesgo_solo_por_ingreso_variable | no_eliminar_hobbies_por_defecto | no_tratar_el_estado_como_identidad_permanente,sugerir,media,no,,"El estado uso_planificado_reserva describe únicamente la ventana hasta 2026-05-31 y se sustenta en balance, cobertura, recuperación, variabilidad y deuda.",VEN_0004_2 | cobertura_esencial_superior_a_un_mes | recuperacion_consistente | inversion_productiva_observada | hobbies_identificados_sin_asumir_que_deban_eliminarse | balance_operativo_negativo | recuperacion_demora_mas_de_20_dias,bajo,no_requerida,train,uso_planificado_reserva,si,recomendaciones_mvp_v1.1,fincoah_mvp_co_v1.1,7dac5f2f78e7feffdc4e83958240952ce8929cca800c092969884dcd1f9c6863
DEC_0004_06,PERF_0004,dentro_del_mvp,VEN_0004_3,2026-06-30,uso_planificado_reserva,REC_VIGILAR_RESERVA,Mantener el gasto alineado con la meta y revisar que la reserva conserve cobertura suficiente durante el siguiente cierre.,seguimiento_meta,crear_fondo_emergencia,musica | fotografia_y_video,necesidades_esenciales | hobbies:musica | fotografia_y_video | meta:crear_fondo_emergencia,balance_B:-12994000 | cobertura_L:1.2325 | variabilidad_V:0.2821 | deuda_J:-0.1035,no_declarar_riesgo_solo_por_ingreso_variable | no_eliminar_hobbies_por_defecto | no_tratar_el_estado_como_identidad_permanente,sugerir,media,no,,"El estado uso_planificado_reserva describe únicamente la ventana hasta 2026-06-30 y se sustenta en balance, cobertura, recuperación, variabilidad y deuda.",VEN_0004_3 | cobertura_esencial_superior_a_un_mes | recuperacion_consistente | inversion_productiva_observada | hobbies_identificados_sin_asumir_que_deban_eliminarse | balance_operativo_negativo | recuperacion_demora_mas_de_20_dias,bajo,no_requerida,train,uso_planificado_reserva,si,recomendaciones_mvp_v1.1,fincoah_mvp_co_v1.1,241ba0ff991ead0c4d7668a8622a33eed1c2a6c55913c6d1cdbf5012709361d8
DEC_0005_04,PERF_0005,dentro_del_mvp,VEN_0005_1,2026-04-30,equilibrio_sostenible,REC_CREAR_MARGEN,Crear un margen pequeño y flexible antes de aumentar compromisos fijos.,prevencion,pagar_deuda,fotografia_y_video | ciclismo,necesidades_esenciales | hobbies:fotografia_y_video | ciclismo | meta:pagar_deuda,balance_B:46000 | cobertura_L:3.3263 | variabilidad_V:0.0 | deuda_J:-0.0298,no_declarar_riesgo_solo_por_ingreso_variable | no_eliminar_hobbies_por_defecto | no_tratar_el_estado_como_identidad_permanente,sugerir,media,no,,"El estado equilibrio_sostenible describe únicamente la ventana hasta 2026-04-30 y se sustenta en balance, cobertura, recuperación, variabilidad y deuda.",VEN_0005_1 | balance_operativo_no_negativo | cobertura_esencial_superior_a_un_mes | inversion_productiva_observada | hobbies_identificados_sin_asumir_que_deban_eliminarse | sin_factor_de_atencion_dominante,bajo,no_requerida,train,deterioro_reciente,si,recomendaciones_mvp_v1.1,fincoah_mvp_co_v1.1,52972970b86324dfc475fe1dfd594f3a8363d3b5e09004a9ad60789e41f493d0
DEC_0005_05,PERF_0005,dentro_del_mvp,VEN_0005_2,2026-05-31,equilibrio_sostenible,REC_CREAR_MARGEN,Crear un margen pequeño y flexible antes de aumentar compromisos fijos.,prevencion,pagar_deuda,fotografia_y_video | ciclismo,necesidades_esenciales | hobbies:fotografia_y_video | ciclismo | meta:pagar_deuda,balance_B:483000 | cobertura_L:3.4038 | variabilidad_V:0.0572 | deuda_J:-0.0574,no_declarar_riesgo_solo_por_ingreso_variable | no_eliminar_hobbies_por_defecto | no_tratar_el_estado_como_identidad_permanente,sugerir,media,no,,"El estado equilibrio_sostenible describe únicamente la ventana hasta 2026-05-31 y se sustenta en balance, cobertura, recuperación, variabilidad y deuda.",VEN_0005_2 | balance_operativo_no_negativo | cobertura_esencial_superior_a_un_mes | inversion_productiva_observada | hobbies_identificados_sin_asumir_que_deban_eliminarse | recuperacion_demora_mas_de_20_dias,bajo,no_requerida,train,deterioro_reciente,si,recomendaciones_mvp_v1.1,fincoah_mvp_co_v1.1,6a18e23f2df9ab242b17f12ec72fc36950b0c6f582c35cd450e8f3e230f25914
DEC_0005_06,PERF_0005,dentro_del_mvp,VEN_0005_3,2026-06-30,deterioro_reciente,REC_REVISAR_CAMBIO_RECIENTE,Revisar el cambio reciente en ingresos y compromisos antes de modificar gastos personales valiosos.,diagnostico,pagar_deuda,fotografia_y_video | ciclismo,necesidades_esenciales | hobbies:fotografia_y_video | ciclismo | meta:pagar_deuda,balance_B:-1786000 | cobertura_L:2.1191 | variabilidad_V:0.1735 | deuda_J:-0.0574,no_declarar_riesgo_solo_por_ingreso_variable | no_eliminar_hobbies_por_defecto | no_tratar_el_estado_como_identidad_permanente,solicitar_contexto,alta,si,¿Ocurrió algún cambio puntual en tus ingresos o compromisos durante este cierre?,"El estado deterioro_reciente describe únicamente la ventana hasta 2026-06-30 y se sustenta en balance, cobertura, recuperación, variabilidad y deuda.",VEN_0005_3 | cobertura_esencial_superior_a_un_mes | inversion_productiva_observada | hobbies_identificados_sin_asumir_que_deban_eliminarse | balance_operativo_negativo | recuperacion_demora_mas_de_20_dias,podria_reducir_bienestar_o_desconocer_el_contexto,no_requerida,train,deterioro_reciente,si,recomendaciones_mvp_v1.1,fincoah_mvp_co_v1.1,9c2fb63a406f87882974b9e1ce06db222738c0b7e84825d046096948fb601f62
DEC_0006_04,PERF_0006,dentro_del_mvp,VEN_0006_1,2026-04-30,deterioro_reciente,REC_REVISAR_CAMBIO_RECIENTE,Revisar el cambio reciente en ingresos y compromisos antes de modificar gastos personales valiosos.,diagnostico,pagar_deuda,videojuegos_y_streaming | musica,necesidades_esenciales | hobbies:videojuegos_y_streaming | musica | meta:pagar_deuda,balance_B:-2728000 | cobertura_L:0.0 | variabilidad_V:0.0 | deuda_J:-0.0153,no_declarar_riesgo_solo_por_ingreso_variable | no_eliminar_hobbies_por_defecto | no_tratar_el_estado_como_identidad_permanente,solicitar_contexto,alta,si,¿Ocurrió algún cambio puntual en tus ingresos o compromisos durante este cierre?,"El estado deterioro_reciente describe únicamente la ventana hasta 2026-04-30 y se sustenta en balance, cobertura, recuperación, variabilidad y deuda.",VEN_0006_1 | inversion_productiva_observada | hobbies_identificados_sin_asumir_que_deban_eliminarse | balance_operativo_negativo | cobertura_esencial_reducida | recuperacion_demora_mas_de_20_dias,podria_reducir_bienestar_o_desconocer_el_contexto,no_requerida,train,fragilidad_sostenida,si,recomendaciones_mvp_v1.1,fincoah_mvp_co_v1.1,dbd6bf4e782b7a910b5021bc0a053843db30799c7a14d95fa058120eecc1e1b8
DEC_0006_05,PERF_0006,dentro_del_mvp,VEN_0006_2,2026-05-31,fragilidad_sostenida,REC_PRIORIZAR_COBERTURA,"Priorizar vivienda, alimentación, salud y servicios; revisar opciones de renegociación de deuda sin eliminar automáticamente los hobbies.",proteccion_esencial,pagar_deuda,videojuegos_y_streaming | musica,necesidades_esenciales | hobbies:videojuegos_y_streaming | musica | meta:pagar_deuda,balance_B:-9266000 | cobertura_L:0.0 | variabilidad_V:0.1791 | deuda_J:-0.0203,no_declarar_riesgo_solo_por_ingreso_variable | no_eliminar_hobbies_por_defecto | no_tratar_el_estado_como_identidad_permanente,aplicar,alta,no,,"El estado fragilidad_sostenida describe únicamente la ventana hasta 2026-05-31 y se sustenta en balance, cobertura, recuperación, variabilidad y deuda.",VEN_0006_2 | inversion_productiva_observada | hobbies_identificados_sin_asumir_que_deban_eliminarse | balance_operativo_negativo | cobertura_esencial_reducida | recuperacion_demora_mas_de_20_dias,podria_reducir_bienestar_o_desconocer_el_contexto,no_requerida,train,fragilidad_sostenida,si,recomendaciones_mvp_v1.1,fincoah_mvp_co_v1.1,a5761d9f00213f3d56bc17f7f73e37665328f4784e0817d9419a24fd7c129a5b
DEC_0006_06,PERF_0006,dentro_del_mvp,VEN_0006_3,2026-06-30,fragilidad_sostenida,REC_PRIORIZAR_COBERTURA,"Priorizar vivienda, alimentación, salud y servicios; revisar opciones de renegociación de deuda sin eliminar automáticamente los hobbies.",proteccion_esencial,pagar_deuda,videojuegos_y_streaming | musica,necesidades_esenciales | hobbies:videojuegos_y_streaming | musica | meta:pagar_deuda,balance_B:-15384000 | cobertura_L:0.0 | variabilidad_V:0.156 | deuda_J:-0.0037,no_declarar_riesgo_solo_por_ingreso_variable | no_eliminar_hobbies_por_defecto | no_tratar_el_estado_como_identidad_permanente,aplicar,alta,no,,"El estado fragilidad_sostenida describe únicamente la ventana hasta 2026-06-30 y se sustenta en balance, cobertura, recuperación, variabilidad y deuda.",VEN_0006_3 | inversion_productiva_observada | hobbies_identificados_sin_asumir_que_deban_eliminarse | balance_operativo_negativo | cobertura_esencial_reducida | recuperacion_demora_mas_de_20_dias,podria_reducir_bienestar_o_desconocer_el_contexto,no_requerida,train,fragilidad_sostenida,si,recomendaciones_mvp_v1.1,fincoah_mvp_co_v1.1,3bf8c0e854963a86cd40ce32196c3b906aec62e3c9f93ed32aa85c63ca88ad2e
DEC_0007_04,PERF_0007,dentro_del_mvp,VEN_0007_1,2026-04-30,fragilidad_sostenida,REC_PRIORIZAR_COBERTURA,"Priorizar vivienda, alimentación, salud y servicios; revisar opciones de renegociación de deuda sin eliminar automáticamente los hobbies.",proteccion_esencial,mejorar_vivienda,turismo_y_viajes | impresion_3d,necesidades_esenciales | hobbies:turismo_y_viajes | impresion_3d | meta:mejorar_vivienda,balance_B:-6356000 | cobertura_L:0.0 | variabilidad_V:0.0 | deuda_J:0.0294,no_declarar_riesgo_solo_por_ingreso_variable | no_eliminar_hobbies_por_defecto | no_tratar_el_estado_como_identidad_permanente,aplicar,alta,no,,"El estado fragilidad_sostenida describe únicamente la ventana hasta 2026-04-30 y se sustenta en balance, cobertura, recuperación, variabilidad y deuda.",VEN_0007_1 | inversion_productiva_observada | hobbies_identificados_sin_asumir_que_deban_eliminarse | balance_operativo_negativo | cobertura_esencial_reducida | recuperacion_demora_mas_de_20_dias,podria_reducir_bienestar_o_desconocer_el_contexto,no_requerida,train,situacion_critica,si,recomendaciones_mvp_v1.1,fincoah_mvp_co_v1.1,fc7454abb9be1abaf81075332031fd73dedff6ce46cf421e16c39eea7898b934
DEC_0007_05,PERF_0007,dentro_del_mvp,VEN_0007_2,2026-05-31,situacion_critica,REC_PLAN_CONTENCION,Activar un plan de contención centrado en necesidades esenciales y solicitar revisión humana para deuda y liquidez.,contencion_y_revision,mejorar_vivienda,turismo_y_viajes | impresion_3d,necesidades_esenciales | hobbies:turismo_y_viajes | impresion_3d | meta:mejorar_vivienda,balance_B:-16400000 | cobertura_L:0.0 | variabilidad_V:0.1585 | deuda_J:0.0382,no_declarar_riesgo_solo_por_ingreso_variable | no_eliminar_hobbies_por_defecto | no_tratar_el_estado_como_identidad_permanente,aplicar,critica,no,,"El estado situacion_critica describe únicamente la ventana hasta 2026-05-31 y se sustenta en balance, cobertura, recuperación, variabilidad y deuda.",VEN_0007_2 | inversion_productiva_observada | hobbies_identificados_sin_asumir_que_deban_eliminarse | balance_operativo_negativo | cobertura_esencial_reducida | recuperacion_demora_mas_de_20_dias,podria_reducir_bienestar_o_desconocer_el_contexto,requerida,train,situacion_critica,si,recomendaciones_mvp_v1.1,fincoah_mvp_co_v1.1,4d1313825b5edacdf18dcb4629c91823b5c9767c27560dd3dbf4a2d90cc90078
DEC_0007_06,PERF_0007,dentro_del_mvp,VEN_0007_3,2026-06-30,situacion_critica,REC_PLAN_CONTENCION,Activar un plan de contención centrado en necesidades esenciales y solicitar revisión humana para deuda y liquidez.,contencion_y_revision,mejorar_vivienda,turismo_y_viajes | impresion_3d,necesidades_esenciales | hobbies:turismo_y_viajes | impresion_3d | meta:mejorar_vivienda,balance_B:-26556000 | cobertura_L:0.0 | variabilidad_V:0.1691 | deuda_J:0.1271,no_declarar_riesgo_solo_por_ingreso_variable | no_eliminar_hobbies_por_defecto | no_tratar_el_estado_como_identidad_permanente,aplicar,critica,no,,"El estado situacion_critica describe únicamente la ventana hasta 2026-06-30 y se sustenta en balance, cobertura, recuperación, variabilidad y deuda.",VEN_0007_3 | inversion_productiva_observada | hobbies_identificados_sin_asumir_que_deban_eliminarse | balance_operativo_negativo | cobertura_esencial_reducida | deuda_creciente | recuperacion_demora_mas_de_20_dias,podria_reducir_bienestar_o_desconocer_el_contexto,requerida,train,situacion_critica,si,recomendaciones_mvp_v1.1,fincoah_mvp_co_v1.1,e641d50c0f243d479927e37d2b8142e111c9fd303cd0e13a369833a553562212
DEC_0008_04,PERF_0008,dentro_del_mvp,VEN_0008_1,2026-04-30,acumulacion_estable,REC_MANTENER_ACUMULACION,Mantener el patrón actual y separar automáticamente una parte del excedente para la meta declarada.,mantenimiento_y_ahorro,hacer_viaje,impresion_3d | videojuegos_y_streaming,necesidades_esenciales | hobbies:impresion_3d | videojuegos_y_streaming | meta:hacer_viaje,balance_B:3351000 | cobertura_L:5.5015 | variabilidad_V:0.0 | deuda_J:-0.0912,no_declarar_riesgo_solo_por_ingreso_variable | no_eliminar_hobbies_por_defecto | no_tratar_el_estado_como_identidad_permanente,aplicar,media,no,,"El estado acumulacion_estable describe únicamente la ventana hasta 2026-04-30 y se sustenta en balance, cobertura, recuperación, variabilidad y deuda.",VEN_0008_1 | balance_operativo_no_negativo | cobertura_esencial_superior_a_un_mes | recuperacion_consistente | inversion_productiva_observada | hobbies_identificados_sin_asumir_que_deban_eliminarse | sin_factor_de_atencion_dominante,bajo,no_requerida,train,acumulacion_estable,si,recomendaciones_mvp_v1.1,fincoah_mvp_co_v1.1,6d0976ed86edd1c92a7c70ca2209148deb7f5e0cf553c5e3f80029243fa2c1c7
DEC_0008_05,PERF_0008,dentro_del_mvp,VEN_0008_2,2026-05-31,acumulacion_estable,REC_MANTENER_ACUMULACION,Mantener el patrón actual y separar automáticamente una parte del excedente para la meta declarada.,mantenimiento_y_ahorro,hacer_viaje,impresion_3d | videojuegos_y_streaming,necesidades_esenciales | hobbies:impresion_3d | videojuegos_y_streaming | meta:hacer_viaje,balance_B:5602000 | cobertura_L:6.3999 | variabilidad_V:0.0779 | deuda_J:-0.1812,no_declarar_riesgo_solo_por_ingreso_variable | no_eliminar_hobbies_por_defecto | no_tratar_el_estado_como_identidad_permanente,aplicar,media,no,,"El estado acumulacion_estable describe únicamente la ventana hasta 2026-05-31 y se sustenta en balance, cobertura, recuperación, variabilidad y deuda.",VEN_0008_2 | balance_operativo_no_negativo | cobertura_esencial_superior_a_un_mes | recuperacion_consistente | inversion_productiva_observada | hobbies_identificados_sin_asumir_que_deban_eliminarse | sin_factor_de_atencion_dominante,bajo,no_requerida,train,acumulacion_estable,si,recomendaciones_mvp_v1.1,fincoah_mvp_co_v1.1,0eb71ed17d94e26692256b20daaaad3ff1af793008196e6f3d2ba6be7d93a91a
DEC_0008_06,PERF_0008,dentro_del_mvp,VEN_0008_3,2026-06-30,acumulacion_estable,REC_MANTENER_ACUMULACION,Mantener el patrón actual y separar automáticamente una parte del excedente para la meta declarada.,mantenimiento_y_ahorro,hacer_viaje,impresion_3d | videojuegos_y_streaming,necesidades_esenciales | hobbies:impresion_3d | videojuegos_y_streaming | meta:hacer_viaje,balance_B:8806000 | cobertura_L:7.6318 | variabilidad_V:0.0678 | deuda_J:-0.2103,no_declarar_riesgo_solo_por_ingreso_variable | no_eliminar_hobbies_por_defecto | no_tratar_el_estado_como_identidad_permanente,aplicar,media,no,,"El estado acumulacion_estable describe únicamente la ventana hasta 2026-06-30 y se sustenta en balance, cobertura, recuperación, variabilidad y deuda.",VEN_0008_3 | balance_operativo_no_negativo | cobertura_esencial_superior_a_un_mes | recuperacion_consistente | inversion_productiva_observada | hobbies_identificados_sin_asumir_que_deban_eliminarse | sin_factor_de_atencion_dominante,bajo,no_requerida,train,acumulacion_estable,si,recomendaciones_mvp_v1.1,fincoah_mvp_co_v1.1,7f38ad82a3a993de7d0740b68963f83b124d5ca749cdcced5aefc9342137f3cf
DEC_0009_04,PERF_0009,dentro_del_mvp,VEN_0009_1,2026-04-30,equilibrio_sostenible,REC_CREAR_MARGEN,Crear un margen pequeño y flexible antes de aumentar compromisos fijos.,prevencion,hacer_viaje,jardineria_y_agricultura_urbana,necesidades_esenciales | hobbies:jardineria_y_agricultura_urbana | meta:hacer_viaje,balance_B:73000 | cobertura_L:1.7667 | variabilidad_V:0.0 | deuda_J:-0.0519,no_declarar_riesgo_solo_por_ingreso_variable | no_eliminar_hobbies_por_defecto | no_tratar_el_estado_como_identidad_permanente,sugerir,media,no,,"El estado equilibrio_sostenible describe únicamente la ventana hasta 2026-04-30 y se sustenta en balance, cobertura, recuperación, variabilidad y deuda.",VEN_0009_1 | balance_operativo_no_negativo | cobertura_esencial_superior_a_un_mes | inversion_productiva_observada | hobbies_identificados_sin_asumir_que_deban_eliminarse | sin_factor_de_atencion_dominante,bajo,no_requerida,train,equilibrio_sostenible,si,recomendaciones_mvp_v1.1,fincoah_mvp_co_v1.1,d81f4906e201a3f73e452ea3fcb06f043cb64af074584c4b48ca5f1f89ec0a01
DEC_0009_05,PERF_0009,dentro_del_mvp,VEN_0009_2,2026-05-31,equilibrio_sostenible,REC_CREAR_MARGEN,Crear un margen pequeño y flexible antes de aumentar compromisos fijos.,prevencion,hacer_viaje,jardineria_y_agricultura_urbana,necesidades_esenciales | hobbies:jardineria_y_agricultura_urbana | meta:hacer_viaje,balance_B:315000 | cobertura_L:2.1416 | variabilidad_V:0.0206 | deuda_J:-0.0657,no_declarar_riesgo_solo_por_ingreso_variable | no_eliminar_hobbies_por_defecto | no_tratar_el_estado_como_identidad_permanente,sugerir,media,no,,"El estado equilibrio_sostenible describe únicamente la ventana hasta 2026-05-31 y se sustenta en balance, cobertura, recuperación, variabilidad y deuda.",VEN_0009_2 | balance_operativo_no_negativo | cobertura_esencial_superior_a_un_mes | recuperacion_consistente | inversion_productiva_observada | hobbies_identificados_sin_asumir_que_deban_eliminarse | recuperacion_demora_mas_de_20_dias,bajo,no_requerida,train,equilibrio_sostenible,si,recomendaciones_mvp_v1.1,fincoah_mvp_co_v1.1,475539a3448b0b29a3e22ced063ee77a5fc4c51535139ad36a2d3947b9e2e564
DEC_0009_06,PERF_0009,dentro_del_mvp,VEN_0009_3,2026-06-30,equilibrio_sostenible,REC_CREAR_MARGEN,Crear un margen pequeño y flexible antes de aumentar compromisos fijos.,prevencion,hacer_viaje,jardineria_y_agricultura_urbana,necesidades_esenciales | hobbies:jardineria_y_agricultura_urbana | meta:hacer_viaje,balance_B:869000 | cobertura_L:2.2607 | variabilidad_V:0.0471 | deuda_J:-0.0657,no_declarar_riesgo_solo_por_ingreso_variable | no_eliminar_hobbies_por_defecto | no_tratar_el_estado_como_identidad_permanente,sugerir,media,no,,"El estado equilibrio_sostenible describe únicamente la ventana hasta 2026-06-30 y se sustenta en balance, cobertura, recuperación, variabilidad y deuda.",VEN_0009_3 | balance_operativo_no_negativo | cobertura_esencial_superior_a_un_mes | recuperacion_consistente | inversion_productiva_observada | hobbies_identificados_sin_asumir_que_deban_eliminarse | sin_factor_de_atencion_dominante,bajo,no_requerida,train,equilibrio_sostenible,si,recomendaciones_mvp_v1.1,fincoah_mvp_co_v1.1,efb2a2a1f0604ddeb9f257c055cb7ac1f478c00785c1218fab89df88cd8c4083
DEC_0010_04,PERF_0010,dentro_del_mvp,VEN_0010_1,2026-04-30,equilibrio_sostenible,REC_CREAR_MARGEN,Crear un margen pequeño y flexible antes de aumentar compromisos fijos.,prevencion,mejorar_vivienda,ciclismo,necesidades_esenciales | hobbies:ciclismo | meta:mejorar_vivienda,balance_B:632000 | cobertura_L:4.018 | variabilidad_V:0.0 | deuda_J:-0.0158,no_declarar_riesgo_solo_por_ingreso_variable | no_eliminar_hobbies_por_defecto | no_tratar_el_estado_como_identidad_permanente,sugerir,media,no,,"El estado equilibrio_sostenible describe únicamente la ventana hasta 2026-04-30 y se sustenta en balance, cobertura, recuperación, variabilidad y deuda.",VEN_0010_1 | balance_operativo_no_negativo | cobertura_esencial_superior_a_un_mes | recuperacion_consistente | inversion_productiva_observada | hobbies_identificados_sin_asumir_que_deban_eliminarse | sin_factor_de_atencion_dominante,bajo,no_requerida,train,variable_resiliente,si,recomendaciones_mvp_v1.1,fincoah_mvp_co_v1.1,ff5ae000bb2d04af394eaef5b397d963f9aaa081972e5ed257f3177425c8b503
DEC_0010_05,PERF_0010,dentro_del_mvp,VEN_0010_2,2026-05-31,variable_resiliente,REC_RESERVA_PICOS,Reservar parte de los meses altos para cubrir los periodos de menor ingreso sin tratar la variabilidad como falla.,gestion_ingreso_variable,mejorar_vivienda,ciclismo,necesidades_esenciales | hobbies:ciclismo | meta:mejorar_vivienda,balance_B:-1640000 | cobertura_L:2.2454 | variabilidad_V:0.2118 | deuda_J:-0.0287,no_declarar_riesgo_solo_por_ingreso_variable | no_eliminar_hobbies_por_defecto | no_tratar_el_estado_como_identidad_permanente,aplicar,alta,no,,"El estado variable_resiliente describe únicamente la ventana hasta 2026-05-31 y se sustenta en balance, cobertura, recuperación, variabilidad y deuda.",VEN_0010_2 | cobertura_esencial_superior_a_un_mes | recuperacion_consistente | inversion_productiva_observada | hobbies_identificados_sin_asumir_que_deban_eliminarse | balance_operativo_negativo | recuperacion_demora_mas_de_20_dias,bajo,no_requerida,train,variable_resiliente,si,recomendaciones_mvp_v1.1,fincoah_mvp_co_v1.1,626259db785f03072ac98c0ff2c79860c7f633411a008e4d40cc426b45229e8e
DEC_0010_06,PERF_0010,dentro_del_mvp,VEN_0010_3,2026-06-30,variable_resiliente,REC_RESERVA_PICOS,Reservar parte de los meses altos para cubrir los periodos de menor ingreso sin tratar la variabilidad como falla.,gestion_ingreso_variable,mejorar_vivienda,ciclismo,necesidades_esenciales | hobbies:ciclismo | meta:mejorar_vivienda,balance_B:1468000 | cobertura_L:4.0553 | variabilidad_V:0.2662 | deuda_J:-0.039,no_declarar_riesgo_solo_por_ingreso_variable | no_eliminar_hobbies_por_defecto | no_tratar_el_estado_como_identidad_permanente,aplicar,alta,no,,"El estado variable_resiliente describe únicamente la ventana hasta 2026-06-30 y se sustenta en balance, cobertura, recuperación, variabilidad y deuda.",VEN_0010_3 | balance_operativo_no_negativo | cobertura_esencial_superior_a_un_mes | recuperacion_consistente | inversion_productiva_observada | hobbies_identificados_sin_asumir_que_deban_eliminarse | recuperacion_demora_mas_de_20_dias,bajo,no_requerida,train,variable_resiliente,si,recomendaciones_mvp_v1.1,fincoah_mvp_co_v1.1,724d85b77fa0b26e60b9fad0748e8049f2f6382467d1ccf7fe865244ab43bdff
DEC_0011_04,PERF_0011,dentro_del_mvp,VEN_0011_1,2026-04-30,acumulacion_estable,REC_MANTENER_ACUMULACION,Mantener el patrón actual y separar automáticamente una parte del excedente para la meta declarada.,mantenimiento_y_ahorro,comprar_bicicleta,pintura | jardineria_y_agricultura_urbana,necesidades_esenciales | hobbies:pintura | jardineria_y_agricultura_urbana | meta:comprar_bicicleta,balance_B:5053000 | cobertura_L:5.9664 | variabilidad_V:0.0 | deuda_J:0.0,no_declarar_riesgo_solo_por_ingreso_variable | no_eliminar_hobbies_por_defecto | no_tratar_el_estado_como_identidad_permanente,aplicar,media,no,,"El estado acumulacion_estable describe únicamente la ventana hasta 2026-04-30 y se sustenta en balance, cobertura, recuperación, variabilidad y deuda.",VEN_0011_1 | balance_operativo_no_negativo | cobertura_esencial_superior_a_un_mes | inversion_productiva_observada | hobbies_identificados_sin_asumir_que_deban_eliminarse | sin_factor_de_atencion_dominante,bajo,no_requerida,train,uso_planificado_reserva,si,recomendaciones_mvp_v1.1,fincoah_mvp_co_v1.1,58fd55f51d24a9f18b13dbf1b189bf3a5795eade1f0e18c7fedb3ce9b2d5a14c
DEC_0011_05,PERF_0011,dentro_del_mvp,VEN_0011_2,2026-05-31,uso_planificado_reserva,REC_VIGILAR_RESERVA,Mantener el gasto alineado con la meta y revisar que la reserva conserve cobertura suficiente durante el siguiente cierre.,seguimiento_meta,comprar_bicicleta,pintura | jardineria_y_agricultura_urbana,necesidades_esenciales | hobbies:pintura | jardineria_y_agricultura_urbana | meta:comprar_bicicleta,balance_B:-6266000 | cobertura_L:2.2636 | variabilidad_V:0.2318 | deuda_J:0.0,no_declarar_riesgo_solo_por_ingreso_variable | no_eliminar_hobbies_por_defecto | no_tratar_el_estado_como_identidad_permanente,sugerir,media,no,,"El estado uso_planificado_reserva describe únicamente la ventana hasta 2026-05-31 y se sustenta en balance, cobertura, recuperación, variabilidad y deuda.",VEN_0011_2 | cobertura_esencial_superior_a_un_mes | inversion_productiva_observada | hobbies_identificados_sin_asumir_que_deban_eliminarse | balance_operativo_negativo | recuperacion_demora_mas_de_20_dias,bajo,no_requerida,train,uso_planificado_reserva,si,recomendaciones_mvp_v1.1,fincoah_mvp_co_v1.1,a02ff627ce63dcef370c3839c0c4e470d2e3cf1ba0718ee9f256a5f1bf0927da
DEC_0011_06,PERF_0011,dentro_del_mvp,VEN_0011_3,2026-06-30,uso_planificado_reserva,REC_VIGILAR_RESERVA,Mantener el gasto alineado con la meta y revisar que la reserva conserve cobertura suficiente durante el siguiente cierre.,seguimiento_meta,comprar_bicicleta,pintura | jardineria_y_agricultura_urbana,necesidades_esenciales | hobbies:pintura | jardineria_y_agricultura_urbana | meta:comprar_bicicleta,balance_B:-17499000 | cobertura_L:0.7766 | variabilidad_V:0.2339 | deuda_J:0.0,no_declarar_riesgo_solo_por_ingreso_variable | no_eliminar_hobbies_por_defecto | no_tratar_el_estado_como_identidad_permanente,sugerir,media,no,,"El estado uso_planificado_reserva describe únicamente la ventana hasta 2026-06-30 y se sustenta en balance, cobertura, recuperación, variabilidad y deuda.",VEN_0011_3 | inversion_productiva_observada | hobbies_identificados_sin_asumir_que_deban_eliminarse | balance_operativo_negativo | cobertura_esencial_reducida | recuperacion_demora_mas_de_20_dias,bajo,no_requerida,train,uso_planificado_reserva,si,recomendaciones_mvp_v1.1,fincoah_mvp_co_v1.1,7218f4c5c5488928df3cf7e8f114218d52fcdf07399cf77139542c4592896041
DEC_0012_04,PERF_0012,dentro_del_mvp,VEN_0012_1,2026-04-30,equilibrio_sostenible,REC_CREAR_MARGEN,Crear un margen pequeño y flexible antes de aumentar compromisos fijos.,prevencion,crear_fondo_emergencia,cocina_y_reposteria | fotografia_y_video,necesidades_esenciales | hobbies:cocina_y_reposteria | fotografia_y_video | meta:crear_fondo_emergencia,balance_B:154000 | cobertura_L:5.3219 | variabilidad_V:0.0 | deuda_J:-0.027,no_declarar_riesgo_solo_por_ingreso_variable | no_eliminar_hobbies_por_defecto | no_tratar_el_estado_como_identidad_permanente,sugerir,media,no,,"El estado equilibrio_sostenible describe únicamente la ventana hasta 2026-04-30 y se sustenta en balance, cobertura, recuperación, variabilidad y deuda.",VEN_0012_1 | balance_operativo_no_negativo | cobertura_esencial_superior_a_un_mes | inversion_productiva_observada | hobbies_identificados_sin_asumir_que_deban_eliminarse | sin_factor_de_atencion_dominante,bajo,no_requerida,validation,deterioro_reciente,si,recomendaciones_mvp_v1.1,fincoah_mvp_co_v1.1,baa4fa6fb05fa56a5c05353cf577a90c8b114fd33f8421468a9e19b57c7a9df0
DEC_0012_05,PERF_0012,dentro_del_mvp,VEN_0012_2,2026-05-31,equilibrio_sostenible,REC_CREAR_MARGEN,Crear un margen pequeño y flexible antes de aumentar compromisos fijos.,prevencion,crear_fondo_emergencia,cocina_y_reposteria | fotografia_y_video,necesidades_esenciales | hobbies:cocina_y_reposteria | fotografia_y_video | meta:crear_fondo_emergencia,balance_B:122000 | cobertura_L:4.6265 | variabilidad_V:0.0227 | deuda_J:-0.0532,no_declarar_riesgo_solo_por_ingreso_variable | no_eliminar_hobbies_por_defecto | no_tratar_el_estado_como_identidad_permanente,sugerir,media,no,,"El estado equilibrio_sostenible describe únicamente la ventana hasta 2026-05-31 y se sustenta en balance, cobertura, recuperación, variabilidad y deuda.",VEN_0012_2 | balance_operativo_no_negativo | cobertura_esencial_superior_a_un_mes | recuperacion_consistente | inversion_productiva_observada | hobbies_identificados_sin_asumir_que_deban_eliminarse | recuperacion_demora_mas_de_20_dias,bajo,no_requerida,validation,deterioro_reciente,si,recomendaciones_mvp_v1.1,fincoah_mvp_co_v1.1,4d405dfb7924210100d18077088c03ecb4cb2af002f18c208a96be4cbb772442
DEC_0012_06,PERF_0012,dentro_del_mvp,VEN_0012_3,2026-06-30,deterioro_reciente,REC_REVISAR_CAMBIO_RECIENTE,Revisar el cambio reciente en ingresos y compromisos antes de modificar gastos personales valiosos.,diagnostico,crear_fondo_emergencia,cocina_y_reposteria | fotografia_y_video,necesidades_esenciales | hobbies:cocina_y_reposteria | fotografia_y_video | meta:crear_fondo_emergencia,balance_B:-2692000 | cobertura_L:3.5477 | variabilidad_V:0.134 | deuda_J:-0.0532,no_declarar_riesgo_solo_por_ingreso_variable | no_eliminar_hobbies_por_defecto | no_tratar_el_estado_como_identidad_permanente,solicitar_contexto,alta,si,¿Ocurrió algún cambio puntual en tus ingresos o compromisos durante este cierre?,"El estado deterioro_reciente describe únicamente la ventana hasta 2026-06-30 y se sustenta en balance, cobertura, recuperación, variabilidad y deuda.",VEN_0012_3 | cobertura_esencial_superior_a_un_mes | inversion_productiva_observada | hobbies_identificados_sin_asumir_que_deban_eliminarse | balance_operativo_negativo | recuperacion_demora_mas_de_20_dias,podria_reducir_bienestar_o_desconocer_el_contexto,no_requerida,validation,deterioro_reciente,si,recomendaciones_mvp_v1.1,fincoah_mvp_co_v1.1,5de7f986470c8846216b2e3e16fcf6786d50908b64d95ca758c744a4dd2bbea6
DEC_0013_04,PERF_0013,dentro_del_mvp,VEN_0013_1,2026-04-30,deterioro_reciente,REC_REVISAR_CAMBIO_RECIENTE,Revisar el cambio reciente en ingresos y compromisos antes de modificar gastos personales valiosos.,diagnostico,comprar_equipo_de_trabajo,manualidades_y_artesanias | cocina_y_reposteria,necesidades_esenciales | hobbies:manualidades_y_artesanias | cocina_y_reposteria | meta:comprar_equipo_de_trabajo,balance_B:-3337000 | cobertura_L:0.0 | variabilidad_V:0.0 | deuda_J:0.0,no_declarar_riesgo_solo_por_ingreso_variable | no_eliminar_hobbies_por_defecto | no_tratar_el_estado_como_identidad_permanente,solicitar_contexto,alta,si,¿Ocurrió algún cambio puntual en tus ingresos o compromisos durante este cierre?,"El estado deterioro_reciente describe únicamente la ventana hasta 2026-04-30 y se sustenta en balance, cobertura, recuperación, variabilidad y deuda.",VEN_0013_1 | inversion_productiva_observada | hobbies_identificados_sin_asumir_que_deban_eliminarse | balance_operativo_negativo | cobertura_esencial_reducida | recuperacion_demora_mas_de_20_dias,podria_reducir_bienestar_o_desconocer_el_contexto,no_requerida,train,fragilidad_sostenida,si,recomendaciones_mvp_v1.1,fincoah_mvp_co_v1.1,3d0f943296139c993e0e714812f1cdb9ecbcc5cf3bbe08a27768ba8b2b672d40
DEC_0013_05,PERF_0013,dentro_del_mvp,VEN_0013_2,2026-05-31,fragilidad_sostenida,REC_PRIORIZAR_COBERTURA,"Priorizar vivienda, alimentación, salud y servicios; revisar opciones de renegociación de deuda sin eliminar automáticamente los hobbies.",proteccion_esencial,comprar_equipo_de_trabajo,manualidades_y_artesanias | cocina_y_reposteria,necesidades_esenciales | hobbies:manualidades_y_artesanias | cocina_y_reposteria | meta:comprar_equipo_de_trabajo,balance_B:-8992000 | cobertura_L:0.0 | variabilidad_V:0.0641 | deuda_J:-0.0215,no_declarar_riesgo_solo_por_ingreso_variable | no_eliminar_hobbies_por_defecto | no_tratar_el_estado_como_identidad_permanente,aplicar,alta,no,,"El estado fragilidad_sostenida describe únicamente la ventana hasta 2026-05-31 y se sustenta en balance, cobertura, recuperación, variabilidad y deuda.",VEN_0013_2 | inversion_productiva_observada | hobbies_identificados_sin_asumir_que_deban_eliminarse | balance_operativo_negativo | cobertura_esencial_reducida | recuperacion_demora_mas_de_20_dias,podria_reducir_bienestar_o_desconocer_el_contexto,no_requerida,train,fragilidad_sostenida,si,recomendaciones_mvp_v1.1,fincoah_mvp_co_v1.1,9aeff54acaa4ee1cba338399e764089b64624fb865126f38d2b4e18bc49507b6
DEC_0013_06,PERF_0013,dentro_del_mvp,VEN_0013_3,2026-06-30,fragilidad_sostenida,REC_PRIORIZAR_COBERTURA,"Priorizar vivienda, alimentación, salud y servicios; revisar opciones de renegociación de deuda sin eliminar automáticamente los hobbies.",proteccion_esencial,comprar_equipo_de_trabajo,manualidades_y_artesanias | cocina_y_reposteria,necesidades_esenciales | hobbies:manualidades_y_artesanias | cocina_y_reposteria | meta:comprar_equipo_de_trabajo,balance_B:-14595000 | cobertura_L:0.0 | variabilidad_V:0.0581 | deuda_J:0.0089,no_declarar_riesgo_solo_por_ingreso_variable | no_eliminar_hobbies_por_defecto | no_tratar_el_estado_como_identidad_permanente,aplicar,alta,no,,"El estado fragilidad_sostenida describe únicamente la ventana hasta 2026-06-30 y se sustenta en balance, cobertura, recuperación, variabilidad y deuda.",VEN_0013_3 | inversion_productiva_observada | hobbies_identificados_sin_asumir_que_deban_eliminarse | balance_operativo_negativo | cobertura_esencial_reducida | recuperacion_demora_mas_de_20_dias,podria_reducir_bienestar_o_desconocer_el_contexto,no_requerida,train,fragilidad_sostenida,si,recomendaciones_mvp_v1.1,fincoah_mvp_co_v1.1,d13104ed4526a2cc7e7ce667d844df7a40513e140842d9831a641f5fe1e8409c
DEC_0014_04,PERF_0014,dentro_del_mvp,VEN_0014_1,2026-04-30,fragilidad_sostenida,REC_PRIORIZAR_COBERTURA,"Priorizar vivienda, alimentación, salud y servicios; revisar opciones de renegociación de deuda sin eliminar automáticamente los hobbies.",proteccion_esencial,hacer_viaje,musica,necesidades_esenciales | hobbies:musica | meta:hacer_viaje,balance_B:-6155000 | cobertura_L:0.0 | variabilidad_V:0.0 | deuda_J:-0.0126,no_declarar_riesgo_solo_por_ingreso_variable | no_eliminar_hobbies_por_defecto | no_tratar_el_estado_como_identidad_permanente,aplicar,alta,no,,"El estado fragilidad_sostenida describe únicamente la ventana hasta 2026-04-30 y se sustenta en balance, cobertura, recuperación, variabilidad y deuda.",VEN_0014_1 | inversion_productiva_observada | hobbies_identificados_sin_asumir_que_deban_eliminarse | balance_operativo_negativo | cobertura_esencial_reducida | recuperacion_demora_mas_de_20_dias,podria_reducir_bienestar_o_desconocer_el_contexto,no_requerida,train,situacion_critica,si,recomendaciones_mvp_v1.1,fincoah_mvp_co_v1.1,b8b00c709d59391d024b279279ea21322cf3cd4b5a8af066745f62a8963bd5ac
DEC_0014_05,PERF_0014,dentro_del_mvp,VEN_0014_2,2026-05-31,situacion_critica,REC_PLAN_CONTENCION,Activar un plan de contención centrado en necesidades esenciales y solicitar revisión humana para deuda y liquidez.,contencion_y_revision,hacer_viaje,musica,necesidades_esenciales | hobbies:musica | meta:hacer_viaje,balance_B:-15816000 | cobertura_L:0.0 | variabilidad_V:0.1772 | deuda_J:0.05,no_declarar_riesgo_solo_por_ingreso_variable | no_eliminar_hobbies_por_defecto | no_tratar_el_estado_como_identidad_permanente,aplicar,critica,no,,"El estado situacion_critica describe únicamente la ventana hasta 2026-05-31 y se sustenta en balance, cobertura, recuperación, variabilidad y deuda.",VEN_0014_2 | inversion_productiva_observada | hobbies_identificados_sin_asumir_que_deban_eliminarse | balance_operativo_negativo | cobertura_esencial_reducida | deuda_creciente | recuperacion_demora_mas_de_20_dias,podria_reducir_bienestar_o_desconocer_el_contexto,requerida,train,situacion_critica,si,recomendaciones_mvp_v1.1,fincoah_mvp_co_v1.1,3fc735fd406e210bdd85261960bc969002256338a68aa446b2b3442d9cec66d8
DEC_0014_06,PERF_0014,dentro_del_mvp,VEN_0014_3,2026-06-30,situacion_critica,REC_PLAN_CONTENCION,Activar un plan de contención centrado en necesidades esenciales y solicitar revisión humana para deuda y liquidez.,contencion_y_revision,hacer_viaje,musica,necesidades_esenciales | hobbies:musica | meta:hacer_viaje,balance_B:-25361000 | cobertura_L:0.0 | variabilidad_V:0.1658 | deuda_J:0.1011,no_declarar_riesgo_solo_por_ingreso_variable | no_eliminar_hobbies_por_defecto | no_tratar_el_estado_como_identidad_permanente,aplicar,critica,no,,"El estado situacion_critica describe únicamente la ventana hasta 2026-06-30 y se sustenta en balance, cobertura, recuperación, variabilidad y deuda.",VEN_0014_3 | inversion_productiva_observada | hobbies_identificados_sin_asumir_que_deban_eliminarse | balance_operativo_negativo | cobertura_esencial_reducida | deuda_creciente | recuperacion_demora_mas_de_20_dias,podria_reducir_bienestar_o_desconocer_el_contexto,requerida,train,situacion_critica,si,recomendaciones_mvp_v1.1,fincoah_mvp_co_v1.1,a46ee8b44e9994016945405e4fd25b515c89ffe59b3e7c97176f2d56cb6ae5bd
DEC_0015_04,PERF_0015,dentro_del_mvp,VEN_0015_1,2026-04-30,acumulacion_estable,REC_MANTENER_ACUMULACION,Mantener el patrón actual y separar automáticamente una parte del excedente para la meta declarada.,mantenimiento_y_ahorro,comprar_equipo_de_trabajo,fotografia_y_video | pintura,necesidades_esenciales | hobbies:fotografia_y_video | pintura | meta:comprar_equipo_de_trabajo,balance_B:2344000 | cobertura_L:3.5026 | variabilidad_V:0.0 | deuda_J:0.0,no_declarar_riesgo_solo_por_ingreso_variable | no_eliminar_hobbies_por_defecto | no_tratar_el_estado_como_identidad_permanente,aplicar,media,no,,"El estado acumulacion_estable describe únicamente la ventana hasta 2026-04-30 y se sustenta en balance, cobertura, recuperación, variabilidad y deuda.",VEN_0015_1 | balance_operativo_no_negativo | cobertura_esencial_superior_a_un_mes | recuperacion_consistente | inversion_productiva_observada | hobbies_identificados_sin_asumir_que_deban_eliminarse | sin_factor_de_atencion_dominante,bajo,no_requerida,train,acumulacion_estable,si,recomendaciones_mvp_v1.1,fincoah_mvp_co_v1.1,09b20de51c8b5a94be8af0ad543336e6208a2e13764273cdfcb8ae690727cc71
DEC_0015_05,PERF_0015,dentro_del_mvp,VEN_0015_2,2026-05-31,acumulacion_estable,REC_MANTENER_ACUMULACION,Mantener el patrón actual y separar automáticamente una parte del excedente para la meta declarada.,mantenimiento_y_ahorro,comprar_equipo_de_trabajo,fotografia_y_video | pintura,necesidades_esenciales | hobbies:fotografia_y_video | pintura | meta:comprar_equipo_de_trabajo,balance_B:4206000 | cobertura_L:3.8623 | variabilidad_V:0.0468 | deuda_J:-0.0253,no_declarar_riesgo_solo_por_ingreso_variable | no_eliminar_hobbies_por_defecto | no_tratar_el_estado_como_identidad_permanente,aplicar,media,no,,"El estado acumulacion_estable describe únicamente la ventana hasta 2026-05-31 y se sustenta en balance, cobertura, recuperación, variabilidad y deuda.",VEN_0015_2 | balance_operativo_no_negativo | cobertura_esencial_superior_a_un_mes | recuperacion_consistente | inversion_productiva_observada | hobbies_identificados_sin_asumir_que_deban_eliminarse | sin_factor_de_atencion_dominante,bajo,no_requerida,train,acumulacion_estable,si,recomendaciones_mvp_v1.1,fincoah_mvp_co_v1.1,a279aee7b7e23a0bd20bfca2c2f0d4c185de5391dc3b53bc387f8bbf363a06c0
DEC_0015_06,PERF_0015,dentro_del_mvp,VEN_0015_3,2026-06-30,acumulacion_estable,REC_MANTENER_ACUMULACION,Mantener el patrón actual y separar automáticamente una parte del excedente para la meta declarada.,mantenimiento_y_ahorro,comprar_equipo_de_trabajo,fotografia_y_video | pintura,necesidades_esenciales | hobbies:fotografia_y_video | pintura | meta:comprar_equipo_de_trabajo,balance_B:6286000 | cobertura_L:5.1346 | variabilidad_V:0.0383 | deuda_J:-0.0428,no_declarar_riesgo_solo_por_ingreso_variable | no_eliminar_hobbies_por_defecto | no_tratar_el_estado_como_identidad_permanente,aplicar,media,no,,"El estado acumulacion_estable describe únicamente la ventana hasta 2026-06-30 y se sustenta en balance, cobertura, recuperación, variabilidad y deuda.",VEN_0015_3 | balance_operativo_no_negativo | cobertura_esencial_superior_a_un_mes | recuperacion_consistente | inversion_productiva_observada | hobbies_identificados_sin_asumir_que_deban_eliminarse | sin_factor_de_atencion_dominante,bajo,no_requerida,train,acumulacion_estable,si,recomendaciones_mvp_v1.1,fincoah_mvp_co_v1.1,260f5dc8d5c798c5e2b6d9a073327c020860d27f5336d2ac73b324f5211c0660
DEC_0016_04,PERF_0016,dentro_del_mvp,VEN_0016_1,2026-04-30,equilibrio_sostenible,REC_CREAR_MARGEN,Crear un margen pequeño y flexible antes de aumentar compromisos fijos.,prevencion,hacer_certificacion_profesional,videojuegos_y_streaming,necesidades_esenciales | hobbies:videojuegos_y_streaming | meta:hacer_certificacion_profesional,balance_B:259000 | cobertura_L:4.1367 | variabilidad_V:0.0 | deuda_J:0.3889,no_declarar_riesgo_solo_por_ingreso_variable | no_eliminar_hobbies_por_defecto | no_tratar_el_estado_como_identidad_permanente,sugerir,media,no,,"El estado equilibrio_sostenible describe únicamente la ventana hasta 2026-04-30 y se sustenta en balance, cobertura, recuperación, variabilidad y deuda.",VEN_0016_1 | balance_operativo_no_negativo | cobertura_esencial_superior_a_un_mes | inversion_productiva_observada | hobbies_identificados_sin_asumir_que_deban_eliminarse | deuda_creciente,bajo,no_requerida,test,equilibrio_sostenible,si,recomendaciones_mvp_v1.1,fincoah_mvp_co_v1.1,d3b8189429ae1ab1bacc166b6fc7b54373d6e52595964fe572915064c9966c37
DEC_0016_05,PERF_0016,dentro_del_mvp,VEN_0016_2,2026-05-31,equilibrio_sostenible,REC_CREAR_MARGEN,Crear un margen pequeño y flexible antes de aumentar compromisos fijos.,prevencion,hacer_certificacion_profesional,videojuegos_y_streaming,necesidades_esenciales | hobbies:videojuegos_y_streaming | meta:hacer_certificacion_profesional,balance_B:637000 | cobertura_L:3.9356 | variabilidad_V:0.012 | deuda_J:0.2901,no_declarar_riesgo_solo_por_ingreso_variable | no_eliminar_hobbies_por_defecto | no_tratar_el_estado_como_identidad_permanente,sugerir,media,no,,"El estado equilibrio_sostenible describe únicamente la ventana hasta 2026-05-31 y se sustenta en balance, cobertura, recuperación, variabilidad y deuda.",VEN_0016_2 | balance_operativo_no_negativo | cobertura_esencial_superior_a_un_mes | recuperacion_consistente | inversion_productiva_observada | hobbies_identificados_sin_asumir_que_deban_eliminarse | deuda_creciente,bajo,no_requerida,test,equilibrio_sostenible,si,recomendaciones_mvp_v1.1,fincoah_mvp_co_v1.1,29c1f530bbdf90f602b531519972d0b97a9793e74c99e5af09ca1fe868446b37
DEC_0016_06,PERF_0016,dentro_del_mvp,VEN_0016_3,2026-06-30,equilibrio_sostenible,REC_CREAR_MARGEN,Crear un margen pequeño y flexible antes de aumentar compromisos fijos.,prevencion,hacer_certificacion_profesional,videojuegos_y_streaming,necesidades_esenciales | hobbies:videojuegos_y_streaming | meta:hacer_certificacion_profesional,balance_B:580000 | cobertura_L:4.1713 | variabilidad_V:0.0378 | deuda_J:0.7861,no_declarar_riesgo_solo_por_ingreso_variable | no_eliminar_hobbies_por_defecto | no_tratar_el_estado_como_identidad_permanente,sugerir,media,no,,"El estado equilibrio_sostenible describe únicamente la ventana hasta 2026-06-30 y se sustenta en balance, cobertura, recuperación, variabilidad y deuda.",VEN_0016_3 | balance_operativo_no_negativo | cobertura_esencial_superior_a_un_mes | recuperacion_consistente | inversion_productiva_observada | hobbies_identificados_sin_asumir_que_deban_eliminarse | deuda_creciente,bajo,no_requerida,test,equilibrio_sostenible,si,recomendaciones_mvp_v1.1,fincoah_mvp_co_v1.1,5aeff89a8e8e356c364b833e57d4562cde2e41f5bfd615b63ac1834c51da7e66
DEC_0017_04,PERF_0017,dentro_del_mvp,VEN_0017_1,2026-04-30,equilibrio_sostenible,REC_CREAR_MARGEN,Crear un margen pequeño y flexible antes de aumentar compromisos fijos.,prevencion,mejorar_vivienda,turismo_y_viajes | cocina_y_reposteria,necesidades_esenciales | hobbies:turismo_y_viajes | cocina_y_reposteria | meta:mejorar_vivienda,balance_B:330000 | cobertura_L:2.4837 | variabilidad_V:0.0 | deuda_J:-0.0547,no_declarar_riesgo_solo_por_ingreso_variable | no_eliminar_hobbies_por_defecto | no_tratar_el_estado_como_identidad_permanente,sugerir,media,no,,"El estado equilibrio_sostenible describe únicamente la ventana hasta 2026-04-30 y se sustenta en balance, cobertura, recuperación, variabilidad y deuda.",VEN_0017_1 | balance_operativo_no_negativo | cobertura_esencial_superior_a_un_mes | recuperacion_consistente | inversion_productiva_observada | hobbies_identificados_sin_asumir_que_deban_eliminarse | sin_factor_de_atencion_dominante,bajo,no_requerida,train,variable_resiliente,si,recomendaciones_mvp_v1.1,fincoah_mvp_co_v1.1,2663f030c2c7da55099d8649abf625c1f5edb3fcb26a46dc85b9ea458ef47e12
DEC_0017_05,PERF_0017,dentro_del_mvp,VEN_0017_2,2026-05-31,variable_resiliente,REC_RESERVA_PICOS,Reservar parte de los meses altos para cubrir los periodos de menor ingreso sin tratar la variabilidad como falla.,gestion_ingreso_variable,mejorar_vivienda,turismo_y_viajes | cocina_y_reposteria,necesidades_esenciales | hobbies:turismo_y_viajes | cocina_y_reposteria | meta:mejorar_vivienda,balance_B:3593000 | cobertura_L:4.7297 | variabilidad_V:0.18 | deuda_J:0.0673,no_declarar_riesgo_solo_por_ingreso_variable | no_eliminar_hobbies_por_defecto | no_tratar_el_estado_como_identidad_permanente,aplicar,alta,no,,"El estado variable_resiliente describe únicamente la ventana hasta 2026-05-31 y se sustenta en balance, cobertura, recuperación, variabilidad y deuda.",VEN_0017_2 | balance_operativo_no_negativo | cobertura_esencial_superior_a_un_mes | recuperacion_consistente | inversion_productiva_observada | hobbies_identificados_sin_asumir_que_deban_eliminarse | deuda_creciente,bajo,no_requerida,train,variable_resiliente,si,recomendaciones_mvp_v1.1,fincoah_mvp_co_v1.1,839e11c8a1d709c58d60dae98035ca09ec705f6c9f0e9e42e8f4fd9612edf3fc
DEC_0017_06,PERF_0017,dentro_del_mvp,VEN_0017_3,2026-06-30,variable_resiliente,REC_RESERVA_PICOS,Reservar parte de los meses altos para cubrir los periodos de menor ingreso sin tratar la variabilidad como falla.,gestion_ingreso_variable,mejorar_vivienda,turismo_y_viajes | cocina_y_reposteria,necesidades_esenciales | hobbies:turismo_y_viajes | cocina_y_reposteria | meta:mejorar_vivienda,balance_B:1473000 | cobertura_L:2.9604 | variabilidad_V:0.2837 | deuda_J:0.0056,no_declarar_riesgo_solo_por_ingreso_variable | no_eliminar_hobbies_por_defecto | no_tratar_el_estado_como_identidad_permanente,aplicar,alta,no,,"El estado variable_resiliente describe únicamente la ventana hasta 2026-06-30 y se sustenta en balance, cobertura, recuperación, variabilidad y deuda.",VEN_0017_3 | balance_operativo_no_negativo | cobertura_esencial_superior_a_un_mes | recuperacion_consistente | inversion_productiva_observada | hobbies_identificados_sin_asumir_que_deban_eliminarse | recuperacion_demora_mas_de_20_dias,bajo,no_requerida,train,variable_resiliente,si,recomendaciones_mvp_v1.1,fincoah_mvp_co_v1.1,ea9a2f993552e6074ea4252eef2a6511dc9f773a2dddfe950405eb1dd30ab537
DEC_0018_04,PERF_0018,dentro_del_mvp,VEN_0018_1,2026-04-30,acumulacion_estable,REC_MANTENER_ACUMULACION,Mantener el patrón actual y separar automáticamente una parte del excedente para la meta declarada.,mantenimiento_y_ahorro,comprar_bicicleta,impresion_3d | fotografia_y_video,necesidades_esenciales | hobbies:impresion_3d | fotografia_y_video | meta:comprar_bicicleta,balance_B:4009000 | cobertura_L:12.5937 | variabilidad_V:0.0 | deuda_J:0.0,no_declarar_riesgo_solo_por_ingreso_variable | no_eliminar_hobbies_por_defecto | no_tratar_el_estado_como_identidad_permanente,aplicar,media,no,,"El estado acumulacion_estable describe únicamente la ventana hasta 2026-04-30 y se sustenta en balance, cobertura, recuperación, variabilidad y deuda.",VEN_0018_1 | balance_operativo_no_negativo | cobertura_esencial_superior_a_un_mes | inversion_productiva_observada | hobbies_identificados_sin_asumir_que_deban_eliminarse | sin_factor_de_atencion_dominante,bajo,no_requerida,test,uso_planificado_reserva,si,recomendaciones_mvp_v1.1,fincoah_mvp_co_v1.1,eb51cccd7531251b78de10f46f5a13715dee6d7eeb046b31bb817fc9d0bc4ada
DEC_0018_05,PERF_0018,dentro_del_mvp,VEN_0018_2,2026-05-31,uso_planificado_reserva,REC_VIGILAR_RESERVA,Mantener el gasto alineado con la meta y revisar que la reserva conserve cobertura suficiente durante el siguiente cierre.,seguimiento_meta,comprar_bicicleta,impresion_3d | fotografia_y_video,necesidades_esenciales | hobbies:impresion_3d | fotografia_y_video | meta:comprar_bicicleta,balance_B:-4707000 | cobertura_L:4.1796 | variabilidad_V:0.2265 | deuda_J:-0.0144,no_declarar_riesgo_solo_por_ingreso_variable | no_eliminar_hobbies_por_defecto | no_tratar_el_estado_como_identidad_permanente,sugerir,media,no,,"El estado uso_planificado_reserva describe únicamente la ventana hasta 2026-05-31 y se sustenta en balance, cobertura, recuperación, variabilidad y deuda.",VEN_0018_2 | cobertura_esencial_superior_a_un_mes | inversion_productiva_observada | hobbies_identificados_sin_asumir_que_deban_eliminarse | balance_operativo_negativo | recuperacion_demora_mas_de_20_dias,bajo,no_requerida,test,uso_planificado_reserva,si,recomendaciones_mvp_v1.1,fincoah_mvp_co_v1.1,97c4c4b3c013e9698d439706d96c0699e2375da4d0960345099dde39fb36fca8
DEC_0018_06,PERF_0018,dentro_del_mvp,VEN_0018_3,2026-06-30,uso_planificado_reserva,REC_VIGILAR_RESERVA,Mantener el gasto alineado con la meta y revisar que la reserva conserve cobertura suficiente durante el siguiente cierre.,seguimiento_meta,comprar_bicicleta,impresion_3d | fotografia_y_video,necesidades_esenciales | hobbies:impresion_3d | fotografia_y_video | meta:comprar_bicicleta,balance_B:-13845000 | cobertura_L:2.1703 | variabilidad_V:0.2507 | deuda_J:-0.0144,no_declarar_riesgo_solo_por_ingreso_variable | no_eliminar_hobbies_por_defecto | no_tratar_el_estado_como_identidad_permanente,sugerir,media,no,,"El estado uso_planificado_reserva describe únicamente la ventana hasta 2026-06-30 y se sustenta en balance, cobertura, recuperación, variabilidad y deuda.",VEN_0018_3 | cobertura_esencial_superior_a_un_mes | inversion_productiva_observada | hobbies_identificados_sin_asumir_que_deban_eliminarse | balance_operativo_negativo | recuperacion_demora_mas_de_20_dias,bajo,no_requerida,test,uso_planificado_reserva,si,recomendaciones_mvp_v1.1,fincoah_mvp_co_v1.1,57bf02ebf66276e1e2c8648283671c4ab8081f9fb35f690bda66ca7538b3eb1a
DEC_0019_04,PERF_0019,dentro_del_mvp,VEN_0019_1,2026-04-30,equilibrio_sostenible,REC_CREAR_MARGEN,Crear un margen pequeño y flexible antes de aumentar compromisos fijos.,prevencion,crear_fondo_emergencia,jardineria_y_agricultura_urbana | videojuegos_y_streaming,necesidades_esenciales | hobbies:jardineria_y_agricultura_urbana | videojuegos_y_streaming | meta:crear_fondo_emergencia,balance_B:-20000 | cobertura_L:0.6662 | variabilidad_V:0.0 | deuda_J:0.0,no_declarar_riesgo_solo_por_ingreso_variable | no_eliminar_hobbies_por_defecto | no_tratar_el_estado_como_identidad_permanente,sugerir,media,no,,"El estado equilibrio_sostenible describe únicamente la ventana hasta 2026-04-30 y se sustenta en balance, cobertura, recuperación, variabilidad y deuda.",VEN_0019_1 | inversion_productiva_observada | hobbies_identificados_sin_asumir_que_deban_eliminarse | balance_operativo_negativo | cobertura_esencial_reducida | recuperacion_demora_mas_de_20_dias,bajo,no_requerida,test,deterioro_reciente,si,recomendaciones_mvp_v1.1,fincoah_mvp_co_v1.1,51d1ce75d065afa35126a6a872848d31e7a02b8ef280b41349fe1dedbdd9f44e
DEC_0019_05,PERF_0019,dentro_del_mvp,VEN_0019_2,2026-05-31,equilibrio_sostenible,REC_CREAR_MARGEN,Crear un margen pequeño y flexible antes de aumentar compromisos fijos.,prevencion,crear_fondo_emergencia,jardineria_y_agricultura_urbana | videojuegos_y_streaming,necesidades_esenciales | hobbies:jardineria_y_agricultura_urbana | videojuegos_y_streaming | meta:crear_fondo_emergencia,balance_B:105000 | cobertura_L:0.906 | variabilidad_V:0.0386 | deuda_J:0.0,no_declarar_riesgo_solo_por_ingreso_variable | no_eliminar_hobbies_por_defecto | no_tratar_el_estado_como_identidad_permanente,sugerir,media,no,,"El estado equilibrio_sostenible describe únicamente la ventana hasta 2026-05-31 y se sustenta en balance, cobertura, recuperación, variabilidad y deuda.",VEN_0019_2 | balance_operativo_no_negativo | inversion_productiva_observada | hobbies_identificados_sin_asumir_que_deban_eliminarse | cobertura_esencial_reducida | recuperacion_demora_mas_de_20_dias,bajo,no_requerida,test,deterioro_reciente,si,recomendaciones_mvp_v1.1,fincoah_mvp_co_v1.1,b52fcac1bd2b35cbc27ebe881486d86680161ae620f99be28fd0d58cec1daf1d
DEC_0019_06,PERF_0019,dentro_del_mvp,VEN_0019_3,2026-06-30,deterioro_reciente,REC_REVISAR_CAMBIO_RECIENTE,Revisar el cambio reciente en ingresos y compromisos antes de modificar gastos personales valiosos.,diagnostico,crear_fondo_emergencia,jardineria_y_agricultura_urbana | videojuegos_y_streaming,necesidades_esenciales | hobbies:jardineria_y_agricultura_urbana | videojuegos_y_streaming | meta:crear_fondo_emergencia,balance_B:-1083000 | cobertura_L:0.0 | variabilidad_V:0.1174 | deuda_J:0.0,no_declarar_riesgo_solo_por_ingreso_variable | no_eliminar_hobbies_por_defecto | no_tratar_el_estado_como_identidad_permanente,solicitar_contexto,alta,si,¿Ocurrió algún cambio puntual en tus ingresos o compromisos durante este cierre?,"El estado deterioro_reciente describe únicamente la ventana hasta 2026-06-30 y se sustenta en balance, cobertura, recuperación, variabilidad y deuda.",VEN_0019_3 | inversion_productiva_observada | hobbies_identificados_sin_asumir_que_deban_eliminarse | balance_operativo_negativo | cobertura_esencial_reducida | recuperacion_demora_mas_de_20_dias,podria_reducir_bienestar_o_desconocer_el_contexto,no_requerida,test,deterioro_reciente,si,recomendaciones_mvp_v1.1,fincoah_mvp_co_v1.1,c4cc878d244e3a6890c9fee101c591fc0ddc95d0f6ef122597af8402a8ac0916
DEC_0020_04,PERF_0020,dentro_del_mvp,VEN_0020_1,2026-04-30,deterioro_reciente,REC_REVISAR_CAMBIO_RECIENTE,Revisar el cambio reciente en ingresos y compromisos antes de modificar gastos personales valiosos.,diagnostico,hacer_certificacion_profesional,ciclismo | fotografia_y_video,necesidades_esenciales | hobbies:ciclismo | fotografia_y_video | meta:hacer_certificacion_profesional,balance_B:-1957000 | cobertura_L:0.0 | variabilidad_V:0.0 | deuda_J:0.0,no_declarar_riesgo_solo_por_ingreso_variable | no_eliminar_hobbies_por_defecto | no_tratar_el_estado_como_identidad_permanente,solicitar_contexto,alta,si,¿Ocurrió algún cambio puntual en tus ingresos o compromisos durante este cierre?,"El estado deterioro_reciente describe únicamente la ventana hasta 2026-04-30 y se sustenta en balance, cobertura, recuperación, variabilidad y deuda.",VEN_0020_1 | inversion_productiva_observada | hobbies_identificados_sin_asumir_que_deban_eliminarse | balance_operativo_negativo | cobertura_esencial_reducida | recuperacion_demora_mas_de_20_dias,podria_reducir_bienestar_o_desconocer_el_contexto,no_requerida,train,fragilidad_sostenida,si,recomendaciones_mvp_v1.1,fincoah_mvp_co_v1.1,eca3e1f253500294eb128531d8b2a65afab0dcd8a4f096af069031e0ba153b4b
DEC_0020_05,PERF_0020,dentro_del_mvp,VEN_0020_2,2026-05-31,fragilidad_sostenida,REC_PRIORIZAR_COBERTURA,"Priorizar vivienda, alimentación, salud y servicios; revisar opciones de renegociación de deuda sin eliminar automáticamente los hobbies.",proteccion_esencial,hacer_certificacion_profesional,ciclismo | fotografia_y_video,necesidades_esenciales | hobbies:ciclismo | fotografia_y_video | meta:hacer_certificacion_profesional,balance_B:-5981000 | cobertura_L:0.0 | variabilidad_V:0.1734 | deuda_J:-0.0019,no_declarar_riesgo_solo_por_ingreso_variable | no_eliminar_hobbies_por_defecto | no_tratar_el_estado_como_identidad_permanente,aplicar,alta,no,,"El estado fragilidad_sostenida describe únicamente la ventana hasta 2026-05-31 y se sustenta en balance, cobertura, recuperación, variabilidad y deuda.",VEN_0020_2 | inversion_productiva_observada | hobbies_identificados_sin_asumir_que_deban_eliminarse | balance_operativo_negativo | cobertura_esencial_reducida | recuperacion_demora_mas_de_20_dias,podria_reducir_bienestar_o_desconocer_el_contexto,no_requerida,train,fragilidad_sostenida,si,recomendaciones_mvp_v1.1,fincoah_mvp_co_v1.1,86f1f6c21f0ae2991322ea0628e42ee565cc866acc92232df53cfaef4ebe2218
DEC_0020_06,PERF_0020,dentro_del_mvp,VEN_0020_3,2026-06-30,fragilidad_sostenida,REC_PRIORIZAR_COBERTURA,"Priorizar vivienda, alimentación, salud y servicios; revisar opciones de renegociación de deuda sin eliminar automáticamente los hobbies.",proteccion_esencial,hacer_certificacion_profesional,ciclismo | fotografia_y_video,necesidades_esenciales | hobbies:ciclismo | fotografia_y_video | meta:hacer_certificacion_profesional,balance_B:-9916000 | cobertura_L:0.0 | variabilidad_V:0.1624 | deuda_J:0.0088,no_declarar_riesgo_solo_por_ingreso_variable | no_eliminar_hobbies_por_defecto | no_tratar_el_estado_como_identidad_permanente,aplicar,alta,no,,"El estado fragilidad_sostenida describe únicamente la ventana hasta 2026-06-30 y se sustenta en balance, cobertura, recuperación, variabilidad y deuda.",VEN_0020_3 | inversion_productiva_observada | hobbies_identificados_sin_asumir_que_deban_eliminarse | balance_operativo_negativo | cobertura_esencial_reducida | recuperacion_demora_mas_de_20_dias,podria_reducir_bienestar_o_desconocer_el_contexto,no_requerida,train,fragilidad_sostenida,si,recomendaciones_mvp_v1.1,fincoah_mvp_co_v1.1,f3c1c3688d0663ac722824601a7088aab1f5cce41c1b283b72350eb92a14fb47
DEC_0021_04,PERF_0021,dentro_del_mvp,VEN_0021_1,2026-04-30,fragilidad_sostenida,REC_PRIORIZAR_COBERTURA,"Priorizar vivienda, alimentación, salud y servicios; revisar opciones de renegociación de deuda sin eliminar automáticamente los hobbies.",proteccion_esencial,mejorar_vivienda,pintura,necesidades_esenciales | hobbies:pintura | meta:mejorar_vivienda,balance_B:-14185000 | cobertura_L:0.0 | variabilidad_V:0.0 | deuda_J:0.0152,no_declarar_riesgo_solo_por_ingreso_variable | no_eliminar_hobbies_por_defecto | no_tratar_el_estado_como_identidad_permanente,aplicar,alta,no,,"El estado fragilidad_sostenida describe únicamente la ventana hasta 2026-04-30 y se sustenta en balance, cobertura, recuperación, variabilidad y deuda.",VEN_0021_1 | inversion_productiva_observada | hobbies_identificados_sin_asumir_que_deban_eliminarse | balance_operativo_negativo | cobertura_esencial_reducida | recuperacion_demora_mas_de_20_dias,podria_reducir_bienestar_o_desconocer_el_contexto,no_requerida,train,situacion_critica,si,recomendaciones_mvp_v1.1,fincoah_mvp_co_v1.1,3b70266a319663250f0622163bc0e306c29a40f1ac9109b490ed8f49945cb20c
DEC_0021_05,PERF_0021,dentro_del_mvp,VEN_0021_2,2026-05-31,situacion_critica,REC_PLAN_CONTENCION,Activar un plan de contención centrado en necesidades esenciales y solicitar revisión humana para deuda y liquidez.,contencion_y_revision,mejorar_vivienda,pintura,necesidades_esenciales | hobbies:pintura | meta:mejorar_vivienda,balance_B:-34929000 | cobertura_L:0.0 | variabilidad_V:0.0749 | deuda_J:0.0994,no_declarar_riesgo_solo_por_ingreso_variable | no_eliminar_hobbies_por_defecto | no_tratar_el_estado_como_identidad_permanente,aplicar,critica,no,,"El estado situacion_critica describe únicamente la ventana hasta 2026-05-31 y se sustenta en balance, cobertura, recuperación, variabilidad y deuda.",VEN_0021_2 | inversion_productiva_observada | hobbies_identificados_sin_asumir_que_deban_eliminarse | balance_operativo_negativo | cobertura_esencial_reducida | deuda_creciente | recuperacion_demora_mas_de_20_dias,podria_reducir_bienestar_o_desconocer_el_contexto,requerida,train,situacion_critica,si,recomendaciones_mvp_v1.1,fincoah_mvp_co_v1.1,581cb2f165efcd917f0a64bbbbb3567a18f490db409b3dec8e274b996fae4fbf
DEC_0021_06,PERF_0021,dentro_del_mvp,VEN_0021_3,2026-06-30,situacion_critica,REC_PLAN_CONTENCION,Activar un plan de contención centrado en necesidades esenciales y solicitar revisión humana para deuda y liquidez.,contencion_y_revision,mejorar_vivienda,pintura,necesidades_esenciales | hobbies:pintura | meta:mejorar_vivienda,balance_B:-56577000 | cobertura_L:0.0 | variabilidad_V:0.1266 | deuda_J:0.149,no_declarar_riesgo_solo_por_ingreso_variable | no_eliminar_hobbies_por_defecto | no_tratar_el_estado_como_identidad_permanente,aplicar,critica,no,,"El estado situacion_critica describe únicamente la ventana hasta 2026-06-30 y se sustenta en balance, cobertura, recuperación, variabilidad y deuda.",VEN_0021_3 | inversion_productiva_observada | hobbies_identificados_sin_asumir_que_deban_eliminarse | balance_operativo_negativo | cobertura_esencial_reducida | deuda_creciente | recuperacion_demora_mas_de_20_dias,podria_reducir_bienestar_o_desconocer_el_contexto,requerida,train,situacion_critica,si,recomendaciones_mvp_v1.1,fincoah_mvp_co_v1.1,0d796df1c7df8b24e9083fcd841a832aaf0402826b92945c87072948ea76392d
DEC_0022_04,PERF_0022,dentro_del_mvp,VEN_0022_1,2026-04-30,acumulacion_estable,REC_MANTENER_ACUMULACION,Mantener el patrón actual y separar automáticamente una parte del excedente para la meta declarada.,mantenimiento_y_ahorro,mejorar_vivienda,cocina_y_reposteria,necesidades_esenciales | hobbies:cocina_y_reposteria | meta:mejorar_vivienda,balance_B:3628000 | cobertura_L:2.4206 | variabilidad_V:0.0 | deuda_J:-0.0358,no_declarar_riesgo_solo_por_ingreso_variable | no_eliminar_hobbies_por_defecto | no_tratar_el_estado_como_identidad_permanente,aplicar,media,no,,"El estado acumulacion_estable describe únicamente la ventana hasta 2026-04-30 y se sustenta en balance, cobertura, recuperación, variabilidad y deuda.",VEN_0022_1 | balance_operativo_no_negativo | cobertura_esencial_superior_a_un_mes | recuperacion_consistente | inversion_productiva_observada | hobbies_identificados_sin_asumir_que_deban_eliminarse | sin_factor_de_atencion_dominante,bajo,no_requerida,train,acumulacion_estable,si,recomendaciones_mvp_v1.1,fincoah_mvp_co_v1.1,92724d0f0663636d62d7d0204488d793f4cea8cda59fb528d40415c11238f1ba
DEC_0022_05,PERF_0022,dentro_del_mvp,VEN_0022_2,2026-05-31,acumulacion_estable,REC_MANTENER_ACUMULACION,Mantener el patrón actual y separar automáticamente una parte del excedente para la meta declarada.,mantenimiento_y_ahorro,mejorar_vivienda,cocina_y_reposteria,necesidades_esenciales | hobbies:cocina_y_reposteria | meta:mejorar_vivienda,balance_B:6058000 | cobertura_L:3.9504 | variabilidad_V:0.0833 | deuda_J:-0.0358,no_declarar_riesgo_solo_por_ingreso_variable | no_eliminar_hobbies_por_defecto | no_tratar_el_estado_como_identidad_permanente,aplicar,media,no,,"El estado acumulacion_estable describe únicamente la ventana hasta 2026-05-31 y se sustenta en balance, cobertura, recuperación, variabilidad y deuda.",VEN_0022_2 | balance_operativo_no_negativo | cobertura_esencial_superior_a_un_mes | recuperacion_consistente | inversion_productiva_observada | hobbies_identificados_sin_asumir_que_deban_eliminarse | sin_factor_de_atencion_dominante,bajo,no_requerida,train,acumulacion_estable,si,recomendaciones_mvp_v1.1,fincoah_mvp_co_v1.1,af8b7f74d5017a95367f9cbc6da769ee2d5c426c17299c9338b1653f73e25f35
DEC_0022_06,PERF_0022,dentro_del_mvp,VEN_0022_3,2026-06-30,acumulacion_estable,REC_MANTENER_ACUMULACION,Mantener el patrón actual y separar automáticamente una parte del excedente para la meta declarada.,mantenimiento_y_ahorro,mejorar_vivienda,cocina_y_reposteria,necesidades_esenciales | hobbies:cocina_y_reposteria | meta:mejorar_vivienda,balance_B:8777000 | cobertura_L:4.5707 | variabilidad_V:0.072 | deuda_J:-0.0639,no_declarar_riesgo_solo_por_ingreso_variable | no_eliminar_hobbies_por_defecto | no_tratar_el_estado_como_identidad_permanente,aplicar,media,no,,"El estado acumulacion_estable describe únicamente la ventana hasta 2026-06-30 y se sustenta en balance, cobertura, recuperación, variabilidad y deuda.",VEN_0022_3 | balance_operativo_no_negativo | cobertura_esencial_superior_a_un_mes | recuperacion_consistente | inversion_productiva_observada | hobbies_identificados_sin_asumir_que_deban_eliminarse | sin_factor_de_atencion_dominante,bajo,no_requerida,train,acumulacion_estable,si,recomendaciones_mvp_v1.1,fincoah_mvp_co_v1.1,1abcd44438dbe776d022307ac21baec220ea042d32ebce74d8e3858bd21448d5
DEC_0023_04,PERF_0023,dentro_del_mvp,VEN_0023_1,2026-04-30,equilibrio_sostenible,REC_CREAR_MARGEN,Crear un margen pequeño y flexible antes de aumentar compromisos fijos.,prevencion,crear_fondo_emergencia,manualidades_y_artesanias,necesidades_esenciales | hobbies:manualidades_y_artesanias | meta:crear_fondo_emergencia,balance_B:302000 | cobertura_L:2.7367 | variabilidad_V:0.0 | deuda_J:-0.0472,no_declarar_riesgo_solo_por_ingreso_variable | no_eliminar_hobbies_por_defecto | no_tratar_el_estado_como_identidad_permanente,sugerir,media,no,,"El estado equilibrio_sostenible describe únicamente la ventana hasta 2026-04-30 y se sustenta en balance, cobertura, recuperación, variabilidad y deuda.",VEN_0023_1 | balance_operativo_no_negativo | cobertura_esencial_superior_a_un_mes | recuperacion_consistente | hobbies_identificados_sin_asumir_que_deban_eliminarse | sin_factor_de_atencion_dominante,bajo,no_requerida,train,equilibrio_sostenible,si,recomendaciones_mvp_v1.1,fincoah_mvp_co_v1.1,caeb022f6d9b15c11c1ebe265422c681b8ce51a68185a788f81d50aa60627eeb
DEC_0023_05,PERF_0023,dentro_del_mvp,VEN_0023_2,2026-05-31,equilibrio_sostenible,REC_CREAR_MARGEN,Crear un margen pequeño y flexible antes de aumentar compromisos fijos.,prevencion,crear_fondo_emergencia,manualidades_y_artesanias,necesidades_esenciales | hobbies:manualidades_y_artesanias | meta:crear_fondo_emergencia,balance_B:530000 | cobertura_L:3.1597 | variabilidad_V:0.0064 | deuda_J:-0.0472,no_declarar_riesgo_solo_por_ingreso_variable | no_eliminar_hobbies_por_defecto | no_tratar_el_estado_como_identidad_permanente,sugerir,media,no,,"El estado equilibrio_sostenible describe únicamente la ventana hasta 2026-05-31 y se sustenta en balance, cobertura, recuperación, variabilidad y deuda.",VEN_0023_2 | balance_operativo_no_negativo | cobertura_esencial_superior_a_un_mes | recuperacion_consistente | inversion_productiva_observada | hobbies_identificados_sin_asumir_que_deban_eliminarse | sin_factor_de_atencion_dominante,bajo,no_requerida,train,equilibrio_sostenible,si,recomendaciones_mvp_v1.1,fincoah_mvp_co_v1.1,6ede5785a8af1b6a80cb0f57671017c867f06adcf1939ad8c315bf1999c671fc
DEC_0023_06,PERF_0023,dentro_del_mvp,VEN_0023_3,2026-06-30,equilibrio_sostenible,REC_CREAR_MARGEN,Crear un margen pequeño y flexible antes de aumentar compromisos fijos.,prevencion,crear_fondo_emergencia,manualidades_y_artesanias,necesidades_esenciales | hobbies:manualidades_y_artesanias | meta:crear_fondo_emergencia,balance_B:569000 | cobertura_L:3.1375 | variabilidad_V:0.0195 | deuda_J:-0.1287,no_declarar_riesgo_solo_por_ingreso_variable | no_eliminar_hobbies_por_defecto | no_tratar_el_estado_como_identidad_permanente,sugerir,media,no,,"El estado equilibrio_sostenible describe únicamente la ventana hasta 2026-06-30 y se sustenta en balance, cobertura, recuperación, variabilidad y deuda.",VEN_0023_3 | balance_operativo_no_negativo | cobertura_esencial_superior_a_un_mes | recuperacion_consistente | inversion_productiva_observada | hobbies_identificados_sin_asumir_que_deban_eliminarse | sin_factor_de_atencion_dominante,bajo,no_requerida,train,equilibrio_sostenible,si,recomendaciones_mvp_v1.1,fincoah_mvp_co_v1.1,f661fff26e3e8100a43c95b1ff8fcd947ffb9d70dc1a332789b43787e9aa01b1
DEC_0024_04,PERF_0024,dentro_del_mvp,VEN_0024_1,2026-04-30,equilibrio_sostenible,REC_CREAR_MARGEN,Crear un margen pequeño y flexible antes de aumentar compromisos fijos.,prevencion,crear_fondo_emergencia,musica | cocina_y_reposteria,necesidades_esenciales | hobbies:musica | cocina_y_reposteria | meta:crear_fondo_emergencia,balance_B:184000 | cobertura_L:1.0355 | variabilidad_V:0.0 | deuda_J:-0.1805,no_declarar_riesgo_solo_por_ingreso_variable | no_eliminar_hobbies_por_defecto | no_tratar_el_estado_como_identidad_permanente,sugerir,media,no,,"El estado equilibrio_sostenible describe únicamente la ventana hasta 2026-04-30 y se sustenta en balance, cobertura, recuperación, variabilidad y deuda.",VEN_0024_1 | balance_operativo_no_negativo | cobertura_esencial_superior_a_un_mes | inversion_productiva_observada | hobbies_identificados_sin_asumir_que_deban_eliminarse | sin_factor_de_atencion_dominante,bajo,no_requerida,train,variable_resiliente,si,recomendaciones_mvp_v1.1,fincoah_mvp_co_v1.1,452010fe0fdb5fd845a1a9764f093bed74b07f0cacd90517f61999995409ffb7
DEC_0024_05,PERF_0024,dentro_del_mvp,VEN_0024_2,2026-05-31,variable_resiliente,REC_RESERVA_PICOS,Reservar parte de los meses altos para cubrir los periodos de menor ingreso sin tratar la variabilidad como falla.,gestion_ingreso_variable,crear_fondo_emergencia,musica | cocina_y_reposteria,necesidades_esenciales | hobbies:musica | cocina_y_reposteria | meta:crear_fondo_emergencia,balance_B:-1767000 | cobertura_L:0.3494 | variabilidad_V:0.1115 | deuda_J:-0.4542,no_declarar_riesgo_solo_por_ingreso_variable | no_eliminar_hobbies_por_defecto | no_tratar_el_estado_como_identidad_permanente,aplicar,alta,no,,"El estado variable_resiliente describe únicamente la ventana hasta 2026-05-31 y se sustenta en balance, cobertura, recuperación, variabilidad y deuda.",VEN_0024_2 | inversion_productiva_observada | hobbies_identificados_sin_asumir_que_deban_eliminarse | balance_operativo_negativo | cobertura_esencial_reducida | recuperacion_demora_mas_de_20_dias,bajo,no_requerida,train,variable_resiliente,si,recomendaciones_mvp_v1.1,fincoah_mvp_co_v1.1,3604a2ddfd3b94ab7be523183d089ae855b844def23cbc7d211929b0c9de83a3
DEC_0024_06,PERF_0024,dentro_del_mvp,VEN_0024_3,2026-06-30,variable_resiliente,REC_RESERVA_PICOS,Reservar parte de los meses altos para cubrir los periodos de menor ingreso sin tratar la variabilidad como falla.,gestion_ingreso_variable,crear_fondo_emergencia,musica | cocina_y_reposteria,necesidades_esenciales | hobbies:musica | cocina_y_reposteria | meta:crear_fondo_emergencia,balance_B:-3392000 | cobertura_L:0.0 | variabilidad_V:0.0923 | deuda_J:-0.6013,no_declarar_riesgo_solo_por_ingreso_variable | no_eliminar_hobbies_por_defecto | no_tratar_el_estado_como_identidad_permanente,aplicar,alta,no,,"El estado variable_resiliente describe únicamente la ventana hasta 2026-06-30 y se sustenta en balance, cobertura, recuperación, variabilidad y deuda.",VEN_0024_3 | inversion_productiva_observada | hobbies_identificados_sin_asumir_que_deban_eliminarse | balance_operativo_negativo | cobertura_esencial_reducida | recuperacion_demora_mas_de_20_dias,bajo,no_requerida,train,variable_resiliente,si,recomendaciones_mvp_v1.1,fincoah_mvp_co_v1.1,c64da25cbc157811ac4e28133cfe9487b332f441e46e5dba5c592fe32e94dcb3
DEC_0025_04,PERF_0025,dentro_del_mvp,VEN_0025_1,2026-04-30,acumulacion_estable,REC_MANTENER_ACUMULACION,Mantener el patrón actual y separar automáticamente una parte del excedente para la meta declarada.,mantenimiento_y_ahorro,comprar_bicicleta,fotografia_y_video | pintura,necesidades_esenciales | hobbies:fotografia_y_video | pintura | meta:comprar_bicicleta,balance_B:2131000 | cobertura_L:6.0973 | variabilidad_V:0.0 | deuda_J:0.0,no_declarar_riesgo_solo_por_ingreso_variable | no_eliminar_hobbies_por_defecto | no_tratar_el_estado_como_identidad_permanente,aplicar,media,no,,"El estado acumulacion_estable describe únicamente la ventana hasta 2026-04-30 y se sustenta en balance, cobertura, recuperación, variabilidad y deuda.",VEN_0025_1 | balance_operativo_no_negativo | cobertura_esencial_superior_a_un_mes | recuperacion_consistente | inversion_productiva_observada | hobbies_identificados_sin_asumir_que_deban_eliminarse | sin_factor_de_atencion_dominante,bajo,no_requerida,validation,uso_planificado_reserva,si,recomendaciones_mvp_v1.1,fincoah_mvp_co_v1.1,65f7c3df394088070c8191b997120bbaafe900c0b060bb4e13c30e42152b6f55
DEC_0025_05,PERF_0025,dentro_del_mvp,VEN_0025_2,2026-05-31,uso_planificado_reserva,REC_VIGILAR_RESERVA,Mantener el gasto alineado con la meta y revisar que la reserva conserve cobertura suficiente durante el siguiente cierre.,seguimiento_meta,comprar_bicicleta,fotografia_y_video | pintura,necesidades_esenciales | hobbies:fotografia_y_video | pintura | meta:comprar_bicicleta,balance_B:-3773000 | cobertura_L:1.787 | variabilidad_V:0.1751 | deuda_J:0.0,no_declarar_riesgo_solo_por_ingreso_variable | no_eliminar_hobbies_por_defecto | no_tratar_el_estado_como_identidad_permanente,sugerir,media,no,,"El estado uso_planificado_reserva describe únicamente la ventana hasta 2026-05-31 y se sustenta en balance, cobertura, recuperación, variabilidad y deuda.",VEN_0025_2 | cobertura_esencial_superior_a_un_mes | recuperacion_consistente | inversion_productiva_observada | hobbies_identificados_sin_asumir_que_deban_eliminarse | balance_operativo_negativo | recuperacion_demora_mas_de_20_dias,bajo,no_requerida,validation,uso_planificado_reserva,si,recomendaciones_mvp_v1.1,fincoah_mvp_co_v1.1,5c896fb7dfa9a330742a62319bc7965e54fd4e5309521e946a0d88a43ed482e2
DEC_0025_06,PERF_0025,dentro_del_mvp,VEN_0025_3,2026-06-30,uso_planificado_reserva,REC_VIGILAR_RESERVA,Mantener el gasto alineado con la meta y revisar que la reserva conserve cobertura suficiente durante el siguiente cierre.,seguimiento_meta,comprar_bicicleta,fotografia_y_video | pintura,necesidades_esenciales | hobbies:fotografia_y_video | pintura | meta:comprar_bicicleta,balance_B:-9890000 | cobertura_L:0.2897 | variabilidad_V:0.1895 | deuda_J:0.0,no_declarar_riesgo_solo_por_ingreso_variable | no_eliminar_hobbies_por_defecto | no_tratar_el_estado_como_identidad_permanente,sugerir,media,no,,"El estado uso_planificado_reserva describe únicamente la ventana hasta 2026-06-30 y se sustenta en balance, cobertura, recuperación, variabilidad y deuda.",VEN_0025_3 | recuperacion_consistente | inversion_productiva_observada | hobbies_identificados_sin_asumir_que_deban_eliminarse | balance_operativo_negativo | cobertura_esencial_reducida | recuperacion_demora_mas_de_20_dias,bajo,no_requerida,validation,uso_planificado_reserva,si,recomendaciones_mvp_v1.1,fincoah_mvp_co_v1.1,328b7f282e59f090ea4e37fae9d955c5bdf6fca3ebb58af72cc184cc773bbefa
DEC_0026_04,PERF_0026,dentro_del_mvp,VEN_0026_1,2026-04-30,equilibrio_sostenible,REC_CREAR_MARGEN,Crear un margen pequeño y flexible antes de aumentar compromisos fijos.,prevencion,ampliar_actividad_economica,videojuegos_y_streaming,necesidades_esenciales | hobbies:videojuegos_y_streaming | meta:ampliar_actividad_economica,balance_B:833000 | cobertura_L:2.1647 | variabilidad_V:0.0 | deuda_J:-0.0144,no_declarar_riesgo_solo_por_ingreso_variable | no_eliminar_hobbies_por_defecto | no_tratar_el_estado_como_identidad_permanente,sugerir,media,no,,"El estado equilibrio_sostenible describe únicamente la ventana hasta 2026-04-30 y se sustenta en balance, cobertura, recuperación, variabilidad y deuda.",VEN_0026_1 | balance_operativo_no_negativo | cobertura_esencial_superior_a_un_mes | inversion_productiva_observada | hobbies_identificados_sin_asumir_que_deban_eliminarse | sin_factor_de_atencion_dominante,bajo,no_requerida,test,deterioro_reciente,si,recomendaciones_mvp_v1.1,fincoah_mvp_co_v1.1,be1cf495d4e0d0c0811e5a1344a110aea4ca782ced3ffa1710999071ab51d75b
DEC_0026_05,PERF_0026,dentro_del_mvp,VEN_0026_2,2026-05-31,equilibrio_sostenible,REC_CREAR_MARGEN,Crear un margen pequeño y flexible antes de aumentar compromisos fijos.,prevencion,ampliar_actividad_economica,videojuegos_y_streaming,necesidades_esenciales | hobbies:videojuegos_y_streaming | meta:ampliar_actividad_economica,balance_B:811000 | cobertura_L:2.3825 | variabilidad_V:0.0744 | deuda_J:-0.026,no_declarar_riesgo_solo_por_ingreso_variable | no_eliminar_hobbies_por_defecto | no_tratar_el_estado_como_identidad_permanente,sugerir,media,no,,"El estado equilibrio_sostenible describe únicamente la ventana hasta 2026-05-31 y se sustenta en balance, cobertura, recuperación, variabilidad y deuda.",VEN_0026_2 | balance_operativo_no_negativo | cobertura_esencial_superior_a_un_mes | inversion_productiva_observada | hobbies_identificados_sin_asumir_que_deban_eliminarse | sin_factor_de_atencion_dominante,bajo,no_requerida,test,deterioro_reciente,si,recomendaciones_mvp_v1.1,fincoah_mvp_co_v1.1,db30617ef26dfa1c6f1e5da8ade8b57a7d568ad3b832195272fe14e8eb44ee63
DEC_0026_06,PERF_0026,dentro_del_mvp,VEN_0026_3,2026-06-30,deterioro_reciente,REC_REVISAR_CAMBIO_RECIENTE,Revisar el cambio reciente en ingresos y compromisos antes de modificar gastos personales valiosos.,diagnostico,ampliar_actividad_economica,videojuegos_y_streaming,necesidades_esenciales | hobbies:videojuegos_y_streaming | meta:ampliar_actividad_economica,balance_B:-2334000 | cobertura_L:0.9795 | variabilidad_V:0.119 | deuda_J:-0.026,no_declarar_riesgo_solo_por_ingreso_variable | no_eliminar_hobbies_por_defecto | no_tratar_el_estado_como_identidad_permanente,solicitar_contexto,alta,si,¿Ocurrió algún cambio puntual en tus ingresos o compromisos durante este cierre?,"El estado deterioro_reciente describe únicamente la ventana hasta 2026-06-30 y se sustenta en balance, cobertura, recuperación, variabilidad y deuda.",VEN_0026_3 | recuperacion_consistente | inversion_productiva_observada | hobbies_identificados_sin_asumir_que_deban_eliminarse | balance_operativo_negativo | cobertura_esencial_reducida | recuperacion_demora_mas_de_20_dias,podria_reducir_bienestar_o_desconocer_el_contexto,no_requerida,test,deterioro_reciente,si,recomendaciones_mvp_v1.1,fincoah_mvp_co_v1.1,7a44c663108a82e72817f528c1b14d851314d0ad28df1a7b9d729e3be50ff41d
DEC_0027_04,PERF_0027,dentro_del_mvp,VEN_0027_1,2026-04-30,deterioro_reciente,REC_REVISAR_CAMBIO_RECIENTE,Revisar el cambio reciente en ingresos y compromisos antes de modificar gastos personales valiosos.,diagnostico,hacer_certificacion_profesional,turismo_y_viajes | ciclismo,necesidades_esenciales | hobbies:turismo_y_viajes | ciclismo | meta:hacer_certificacion_profesional,balance_B:-4779000 | cobertura_L:0.0 | variabilidad_V:0.0 | deuda_J:-0.0505,no_declarar_riesgo_solo_por_ingreso_variable | no_eliminar_hobbies_por_defecto | no_tratar_el_estado_como_identidad_permanente,solicitar_contexto,alta,si,¿Ocurrió algún cambio puntual en tus ingresos o compromisos durante este cierre?,"El estado deterioro_reciente describe únicamente la ventana hasta 2026-04-30 y se sustenta en balance, cobertura, recuperación, variabilidad y deuda.",VEN_0027_1 | inversion_productiva_observada | balance_operativo_negativo | cobertura_esencial_reducida | recuperacion_demora_mas_de_20_dias,podria_reducir_bienestar_o_desconocer_el_contexto,no_requerida,train,fragilidad_sostenida,si,recomendaciones_mvp_v1.1,fincoah_mvp_co_v1.1,4306daa662fb84c9a836fabad8a3ada1c9046c7737d95a97b27470c0a6689ccb
DEC_0027_05,PERF_0027,dentro_del_mvp,VEN_0027_2,2026-05-31,fragilidad_sostenida,REC_PRIORIZAR_COBERTURA,"Priorizar vivienda, alimentación, salud y servicios; revisar opciones de renegociación de deuda sin eliminar automáticamente los hobbies.",proteccion_esencial,hacer_certificacion_profesional,turismo_y_viajes | ciclismo,necesidades_esenciales | hobbies:turismo_y_viajes | ciclismo | meta:hacer_certificacion_profesional,balance_B:-13140000 | cobertura_L:0.0 | variabilidad_V:0.0663 | deuda_J:-0.0646,no_declarar_riesgo_solo_por_ingreso_variable | no_eliminar_hobbies_por_defecto | no_tratar_el_estado_como_identidad_permanente,aplicar,alta,no,,"El estado fragilidad_sostenida describe únicamente la ventana hasta 2026-05-31 y se sustenta en balance, cobertura, recuperación, variabilidad y deuda.",VEN_0027_2 | inversion_productiva_observada | hobbies_identificados_sin_asumir_que_deban_eliminarse | balance_operativo_negativo | cobertura_esencial_reducida | recuperacion_demora_mas_de_20_dias,podria_reducir_bienestar_o_desconocer_el_contexto,no_requerida,train,fragilidad_sostenida,si,recomendaciones_mvp_v1.1,fincoah_mvp_co_v1.1,bae10f358234955a32a4fa6ba1fa1139d669dd4a4c93892d42498b9d2975df85
DEC_0027_06,PERF_0027,dentro_del_mvp,VEN_0027_3,2026-06-30,fragilidad_sostenida,REC_PRIORIZAR_COBERTURA,"Priorizar vivienda, alimentación, salud y servicios; revisar opciones de renegociación de deuda sin eliminar automáticamente los hobbies.",proteccion_esencial,hacer_certificacion_profesional,turismo_y_viajes | ciclismo,necesidades_esenciales | hobbies:turismo_y_viajes | ciclismo | meta:hacer_certificacion_profesional,balance_B:-21520000 | cobertura_L:0.0 | variabilidad_V:0.0649 | deuda_J:-0.0646,no_declarar_riesgo_solo_por_ingreso_variable | no_eliminar_hobbies_por_defecto | no_tratar_el_estado_como_identidad_permanente,aplicar,alta,no,,"El estado fragilidad_sostenida describe únicamente la ventana hasta 2026-06-30 y se sustenta en balance, cobertura, recuperación, variabilidad y deuda.",VEN_0027_3 | inversion_productiva_observada | hobbies_identificados_sin_asumir_que_deban_eliminarse | balance_operativo_negativo | cobertura_esencial_reducida | recuperacion_demora_mas_de_20_dias,podria_reducir_bienestar_o_desconocer_el_contexto,no_requerida,train,fragilidad_sostenida,si,recomendaciones_mvp_v1.1,fincoah_mvp_co_v1.1,64ba4dcc51db7d07abf388ae1d7a640633bf16fea38de4db14cda1e0e2480386
DEC_0028_04,PERF_0028,dentro_del_mvp,VEN_0028_1,2026-04-30,fragilidad_sostenida,REC_PRIORIZAR_COBERTURA,"Priorizar vivienda, alimentación, salud y servicios; revisar opciones de renegociación de deuda sin eliminar automáticamente los hobbies.",proteccion_esencial,ampliar_actividad_economica,impresion_3d,necesidades_esenciales | hobbies:impresion_3d | meta:ampliar_actividad_economica,balance_B:-6923000 | cobertura_L:0.0 | variabilidad_V:0.0 | deuda_J:0.0383,no_declarar_riesgo_solo_por_ingreso_variable | no_eliminar_hobbies_por_defecto | no_tratar_el_estado_como_identidad_permanente,aplicar,alta,no,,"El estado fragilidad_sostenida describe únicamente la ventana hasta 2026-04-30 y se sustenta en balance, cobertura, recuperación, variabilidad y deuda.",VEN_0028_1 | inversion_productiva_observada | hobbies_identificados_sin_asumir_que_deban_eliminarse | balance_operativo_negativo | cobertura_esencial_reducida | recuperacion_demora_mas_de_20_dias,podria_reducir_bienestar_o_desconocer_el_contexto,no_requerida,train,situacion_critica,si,recomendaciones_mvp_v1.1,fincoah_mvp_co_v1.1,3185e8ac2a1bfcff05bf2d806c7cf3565a2ba4ea0f29d798965feebcf38f27fa
DEC_0028_05,PERF_0028,dentro_del_mvp,VEN_0028_2,2026-05-31,situacion_critica,REC_PLAN_CONTENCION,Activar un plan de contención centrado en necesidades esenciales y solicitar revisión humana para deuda y liquidez.,contencion_y_revision,ampliar_actividad_economica,impresion_3d,necesidades_esenciales | hobbies:impresion_3d | meta:ampliar_actividad_economica,balance_B:-17936000 | cobertura_L:0.0 | variabilidad_V:0.1675 | deuda_J:0.0705,no_declarar_riesgo_solo_por_ingreso_variable | no_eliminar_hobbies_por_defecto | no_tratar_el_estado_como_identidad_permanente,aplicar,critica,no,,"El estado situacion_critica describe únicamente la ventana hasta 2026-05-31 y se sustenta en balance, cobertura, recuperación, variabilidad y deuda.",VEN_0028_2 | inversion_productiva_observada | hobbies_identificados_sin_asumir_que_deban_eliminarse | balance_operativo_negativo | cobertura_esencial_reducida | deuda_creciente | recuperacion_demora_mas_de_20_dias,podria_reducir_bienestar_o_desconocer_el_contexto,requerida,train,situacion_critica,si,recomendaciones_mvp_v1.1,fincoah_mvp_co_v1.1,d2cadda1f75fdca1754a713a433057bfd4dbe5383be39fc9354caa7d620b59d0
DEC_0028_06,PERF_0028,dentro_del_mvp,VEN_0028_3,2026-06-30,situacion_critica,REC_PLAN_CONTENCION,Activar un plan de contención centrado en necesidades esenciales y solicitar revisión humana para deuda y liquidez.,contencion_y_revision,ampliar_actividad_economica,impresion_3d,necesidades_esenciales | hobbies:impresion_3d | meta:ampliar_actividad_economica,balance_B:-28817000 | cobertura_L:0.0 | variabilidad_V:0.1567 | deuda_J:0.0722,no_declarar_riesgo_solo_por_ingreso_variable | no_eliminar_hobbies_por_defecto | no_tratar_el_estado_como_identidad_permanente,aplicar,critica,no,,"El estado situacion_critica describe únicamente la ventana hasta 2026-06-30 y se sustenta en balance, cobertura, recuperación, variabilidad y deuda.",VEN_0028_3 | inversion_productiva_observada | hobbies_identificados_sin_asumir_que_deban_eliminarse | balance_operativo_negativo | cobertura_esencial_reducida | deuda_creciente | recuperacion_demora_mas_de_20_dias,podria_reducir_bienestar_o_desconocer_el_contexto,requerida,train,situacion_critica,si,recomendaciones_mvp_v1.1,fincoah_mvp_co_v1.1,680db388fa5d0fcf27b9e4523dc2278a2bace65554d77b20d9afb3340496311b
DEC_0029_04,PERF_0029,dentro_del_mvp,VEN_0029_1,2026-04-30,acumulacion_estable,REC_MANTENER_ACUMULACION,Mantener el patrón actual y separar automáticamente una parte del excedente para la meta declarada.,mantenimiento_y_ahorro,pagar_deuda,jardineria_y_agricultura_urbana | ciclismo,necesidades_esenciales | hobbies:jardineria_y_agricultura_urbana | ciclismo | meta:pagar_deuda,balance_B:3417000 | cobertura_L:2.3899 | variabilidad_V:0.0 | deuda_J:0.0,no_declarar_riesgo_solo_por_ingreso_variable | no_eliminar_hobbies_por_defecto | no_tratar_el_estado_como_identidad_permanente,aplicar,media,no,,"El estado acumulacion_estable describe únicamente la ventana hasta 2026-04-30 y se sustenta en balance, cobertura, recuperación, variabilidad y deuda.",VEN_0029_1 | balance_operativo_no_negativo | cobertura_esencial_superior_a_un_mes | recuperacion_consistente | inversion_productiva_observada | hobbies_identificados_sin_asumir_que_deban_eliminarse | sin_factor_de_atencion_dominante,bajo,no_requerida,train,acumulacion_estable,si,recomendaciones_mvp_v1.1,fincoah_mvp_co_v1.1,62e5213b1758be67c94d07dc12b6e9ceab3e23a5708119200a4f78cf1a24d6ba
DEC_0029_05,PERF_0029,dentro_del_mvp,VEN_0029_2,2026-05-31,acumulacion_estable,REC_MANTENER_ACUMULACION,Mantener el patrón actual y separar automáticamente una parte del excedente para la meta declarada.,mantenimiento_y_ahorro,pagar_deuda,jardineria_y_agricultura_urbana | ciclismo,necesidades_esenciales | hobbies:jardineria_y_agricultura_urbana | ciclismo | meta:pagar_deuda,balance_B:6996000 | cobertura_L:3.6741 | variabilidad_V:0.0093 | deuda_J:-0.0628,no_declarar_riesgo_solo_por_ingreso_variable | no_eliminar_hobbies_por_defecto | no_tratar_el_estado_como_identidad_permanente,aplicar,media,no,,"El estado acumulacion_estable describe únicamente la ventana hasta 2026-05-31 y se sustenta en balance, cobertura, recuperación, variabilidad y deuda.",VEN_0029_2 | balance_operativo_no_negativo | cobertura_esencial_superior_a_un_mes | recuperacion_consistente | inversion_productiva_observada | hobbies_identificados_sin_asumir_que_deban_eliminarse | sin_factor_de_atencion_dominante,bajo,no_requerida,train,acumulacion_estable,si,recomendaciones_mvp_v1.1,fincoah_mvp_co_v1.1,ad4dc13137ffdf035dd5847730f8bcf4a9380a25df6255d625ab1760429fbdcc
DEC_0029_06,PERF_0029,dentro_del_mvp,VEN_0029_3,2026-06-30,acumulacion_estable,REC_MANTENER_ACUMULACION,Mantener el patrón actual y separar automáticamente una parte del excedente para la meta declarada.,mantenimiento_y_ahorro,pagar_deuda,jardineria_y_agricultura_urbana | ciclismo,necesidades_esenciales | hobbies:jardineria_y_agricultura_urbana | ciclismo | meta:pagar_deuda,balance_B:10953000 | cobertura_L:4.9562 | variabilidad_V:0.0256 | deuda_J:-0.0628,no_declarar_riesgo_solo_por_ingreso_variable | no_eliminar_hobbies_por_defecto | no_tratar_el_estado_como_identidad_permanente,aplicar,media,no,,"El estado acumulacion_estable describe únicamente la ventana hasta 2026-06-30 y se sustenta en balance, cobertura, recuperación, variabilidad y deuda.",VEN_0029_3 | balance_operativo_no_negativo | cobertura_esencial_superior_a_un_mes | recuperacion_consistente | inversion_productiva_observada | hobbies_identificados_sin_asumir_que_deban_eliminarse | sin_factor_de_atencion_dominante,bajo,no_requerida,train,acumulacion_estable,si,recomendaciones_mvp_v1.1,fincoah_mvp_co_v1.1,b6f2052fea82c83af4a42180d38544606307df4c6c7aba744ace1d2c161eced7
DEC_0030_04,PERF_0030,dentro_del_mvp,VEN_0030_1,2026-04-30,equilibrio_sostenible,REC_CREAR_MARGEN,Crear un margen pequeño y flexible antes de aumentar compromisos fijos.,prevencion,ampliar_actividad_economica,ciclismo | pintura,necesidades_esenciales | hobbies:ciclismo | pintura | meta:ampliar_actividad_economica,balance_B:197000 | cobertura_L:4.1267 | variabilidad_V:0.0 | deuda_J:0.0,no_declarar_riesgo_solo_por_ingreso_variable | no_eliminar_hobbies_por_defecto | no_tratar_el_estado_como_identidad_permanente,sugerir,media,no,,"El estado equilibrio_sostenible describe únicamente la ventana hasta 2026-04-30 y se sustenta en balance, cobertura, recuperación, variabilidad y deuda.",VEN_0030_1 | balance_operativo_no_negativo | cobertura_esencial_superior_a_un_mes | inversion_productiva_observada | hobbies_identificados_sin_asumir_que_deban_eliminarse | sin_factor_de_atencion_dominante,bajo,no_requerida,train,equilibrio_sostenible,si,recomendaciones_mvp_v1.1,fincoah_mvp_co_v1.1,7a99e3c4f579fbfa9e7deb2a0c76be874af62e7dcd80a38bcf62b774064730f7
DEC_0030_05,PERF_0030,dentro_del_mvp,VEN_0030_2,2026-05-31,equilibrio_sostenible,REC_CREAR_MARGEN,Crear un margen pequeño y flexible antes de aumentar compromisos fijos.,prevencion,ampliar_actividad_economica,ciclismo | pintura,necesidades_esenciales | hobbies:ciclismo | pintura | meta:ampliar_actividad_economica,balance_B:249000 | cobertura_L:3.8734 | variabilidad_V:0.0287 | deuda_J:0.0,no_declarar_riesgo_solo_por_ingreso_variable | no_eliminar_hobbies_por_defecto | no_tratar_el_estado_como_identidad_permanente,sugerir,media,no,,"El estado equilibrio_sostenible describe únicamente la ventana hasta 2026-05-31 y se sustenta en balance, cobertura, recuperación, variabilidad y deuda.",VEN_0030_2 | balance_operativo_no_negativo | cobertura_esencial_superior_a_un_mes | recuperacion_consistente | inversion_productiva_observada | hobbies_identificados_sin_asumir_que_deban_eliminarse | recuperacion_demora_mas_de_20_dias,bajo,no_requerida,train,equilibrio_sostenible,si,recomendaciones_mvp_v1.1,fincoah_mvp_co_v1.1,b45f6827dd2d8710bc6f480db6a6e561869d16cadfb1385d0b3bf7911393fe9d
DEC_0030_06,PERF_0030,dentro_del_mvp,VEN_0030_3,2026-06-30,equilibrio_sostenible,REC_CREAR_MARGEN,Crear un margen pequeño y flexible antes de aumentar compromisos fijos.,prevencion,ampliar_actividad_economica,ciclismo | pintura,necesidades_esenciales | hobbies:ciclismo | pintura | meta:ampliar_actividad_economica,balance_B:396000 | cobertura_L:4.4471 | variabilidad_V:0.0238 | deuda_J:0.0,no_declarar_riesgo_solo_por_ingreso_variable | no_eliminar_hobbies_por_defecto | no_tratar_el_estado_como_identidad_permanente,sugerir,media,no,,"El estado equilibrio_sostenible describe únicamente la ventana hasta 2026-06-30 y se sustenta en balance, cobertura, recuperación, variabilidad y deuda.",VEN_0030_3 | balance_operativo_no_negativo | cobertura_esencial_superior_a_un_mes | recuperacion_consistente | inversion_productiva_observada | hobbies_identificados_sin_asumir_que_deban_eliminarse | sin_factor_de_atencion_dominante,bajo,no_requerida,train,equilibrio_sostenible,si,recomendaciones_mvp_v1.1,fincoah_mvp_co_v1.1,bc4b27f7434e7075b834fb64de5617056727f25709238aa04631c5f94927ef99
DEC_0031_04,PERF_0031,dentro_del_mvp,VEN_0031_1,2026-04-30,equilibrio_sostenible,REC_CREAR_MARGEN,Crear un margen pequeño y flexible antes de aumentar compromisos fijos.,prevencion,mejorar_vivienda,pintura | impresion_3d,necesidades_esenciales | hobbies:pintura | impresion_3d | meta:mejorar_vivienda,balance_B:424000 | cobertura_L:4.4497 | variabilidad_V:0.0 | deuda_J:-0.2393,no_declarar_riesgo_solo_por_ingreso_variable | no_eliminar_hobbies_por_defecto | no_tratar_el_estado_como_identidad_permanente,sugerir,media,no,,"El estado equilibrio_sostenible describe únicamente la ventana hasta 2026-04-30 y se sustenta en balance, cobertura, recuperación, variabilidad y deuda.",VEN_0031_1 | balance_operativo_no_negativo | cobertura_esencial_superior_a_un_mes | recuperacion_consistente | inversion_productiva_observada | hobbies_identificados_sin_asumir_que_deban_eliminarse | sin_factor_de_atencion_dominante,bajo,no_requerida,train,variable_resiliente,si,recomendaciones_mvp_v1.1,fincoah_mvp_co_v1.1,c03daf9316d131e343722771867db2349c44edd064ecfd48c64637e46050fffa
DEC_0031_05,PERF_0031,dentro_del_mvp,VEN_0031_2,2026-05-31,variable_resiliente,REC_RESERVA_PICOS,Reservar parte de los meses altos para cubrir los periodos de menor ingreso sin tratar la variabilidad como falla.,gestion_ingreso_variable,mejorar_vivienda,pintura | impresion_3d,necesidades_esenciales | hobbies:pintura | impresion_3d | meta:mejorar_vivienda,balance_B:-2968000 | cobertura_L:3.114 | variabilidad_V:0.1632 | deuda_J:-0.712,no_declarar_riesgo_solo_por_ingreso_variable | no_eliminar_hobbies_por_defecto | no_tratar_el_estado_como_identidad_permanente,aplicar,alta,no,,"El estado variable_resiliente describe únicamente la ventana hasta 2026-05-31 y se sustenta en balance, cobertura, recuperación, variabilidad y deuda.",VEN_0031_2 | cobertura_esencial_superior_a_un_mes | inversion_productiva_observada | hobbies_identificados_sin_asumir_que_deban_eliminarse | balance_operativo_negativo | recuperacion_demora_mas_de_20_dias,bajo,no_requerida,train,variable_resiliente,si,recomendaciones_mvp_v1.1,fincoah_mvp_co_v1.1,6a8bb51e87d71b3c6a078067866bf7029364e6b42fdd9e3f5fafec18d74add47
DEC_0031_06,PERF_0031,dentro_del_mvp,VEN_0031_3,2026-06-30,variable_resiliente,REC_RESERVA_PICOS,Reservar parte de los meses altos para cubrir los periodos de menor ingreso sin tratar la variabilidad como falla.,gestion_ingreso_variable,mejorar_vivienda,pintura | impresion_3d,necesidades_esenciales | hobbies:pintura | impresion_3d | meta:mejorar_vivienda,balance_B:-5981000 | cobertura_L:2.2941 | variabilidad_V:0.145 | deuda_J:-0.7991,no_declarar_riesgo_solo_por_ingreso_variable | no_eliminar_hobbies_por_defecto | no_tratar_el_estado_como_identidad_permanente,aplicar,alta,no,,"El estado variable_resiliente describe únicamente la ventana hasta 2026-06-30 y se sustenta en balance, cobertura, recuperación, variabilidad y deuda.",VEN_0031_3 | cobertura_esencial_superior_a_un_mes | inversion_productiva_observada | hobbies_identificados_sin_asumir_que_deban_eliminarse | balance_operativo_negativo | recuperacion_demora_mas_de_20_dias,bajo,no_requerida,train,variable_resiliente,si,recomendaciones_mvp_v1.1,fincoah_mvp_co_v1.1,6ee7e818c47d18173c1d2e2fa3e15e45a5ad5f42ad1f9374a1ded218ff199213
DEC_0032_04,PERF_0032,dentro_del_mvp,VEN_0032_1,2026-04-30,acumulacion_estable,REC_MANTENER_ACUMULACION,Mantener el patrón actual y separar automáticamente una parte del excedente para la meta declarada.,mantenimiento_y_ahorro,hacer_viaje,cocina_y_reposteria,necesidades_esenciales | hobbies:cocina_y_reposteria | meta:hacer_viaje,balance_B:1657000 | cobertura_L:7.2877 | variabilidad_V:0.0 | deuda_J:0.0,no_declarar_riesgo_solo_por_ingreso_variable | no_eliminar_hobbies_por_defecto | no_tratar_el_estado_como_identidad_permanente,aplicar,media,no,,"El estado acumulacion_estable describe únicamente la ventana hasta 2026-04-30 y se sustenta en balance, cobertura, recuperación, variabilidad y deuda.",VEN_0032_1 | balance_operativo_no_negativo | cobertura_esencial_superior_a_un_mes | inversion_productiva_observada | hobbies_identificados_sin_asumir_que_deban_eliminarse | sin_factor_de_atencion_dominante,bajo,no_requerida,test,uso_planificado_reserva,si,recomendaciones_mvp_v1.1,fincoah_mvp_co_v1.1,871845b3d57ac751deb188bd51448c8fb4d72cadcfcc2f835a1508b749534a26
DEC_0032_05,PERF_0032,dentro_del_mvp,VEN_0032_2,2026-05-31,uso_planificado_reserva,REC_VIGILAR_RESERVA,Mantener el gasto alineado con la meta y revisar que la reserva conserve cobertura suficiente durante el siguiente cierre.,seguimiento_meta,hacer_viaje,cocina_y_reposteria,necesidades_esenciales | hobbies:cocina_y_reposteria | meta:hacer_viaje,balance_B:-2034000 | cobertura_L:2.65 | variabilidad_V:0.2491 | deuda_J:0.0,no_declarar_riesgo_solo_por_ingreso_variable | no_eliminar_hobbies_por_defecto | no_tratar_el_estado_como_identidad_permanente,sugerir,media,no,,"El estado uso_planificado_reserva describe únicamente la ventana hasta 2026-05-31 y se sustenta en balance, cobertura, recuperación, variabilidad y deuda.",VEN_0032_2 | cobertura_esencial_superior_a_un_mes | inversion_productiva_observada | hobbies_identificados_sin_asumir_que_deban_eliminarse | balance_operativo_negativo | recuperacion_demora_mas_de_20_dias,bajo,no_requerida,test,uso_planificado_reserva,si,recomendaciones_mvp_v1.1,fincoah_mvp_co_v1.1,5a82fb302bbf77b77389dfa0289d41de42b25738009addaf517e9bba85b6da79
DEC_0032_06,PERF_0032,dentro_del_mvp,VEN_0032_3,2026-06-30,uso_planificado_reserva,REC_VIGILAR_RESERVA,Mantener el gasto alineado con la meta y revisar que la reserva conserve cobertura suficiente durante el siguiente cierre.,seguimiento_meta,hacer_viaje,cocina_y_reposteria,necesidades_esenciales | hobbies:cocina_y_reposteria | meta:hacer_viaje,balance_B:-5921000 | cobertura_L:0.8459 | variabilidad_V:0.2796 | deuda_J:0.0,no_declarar_riesgo_solo_por_ingreso_variable | no_eliminar_hobbies_por_defecto | no_tratar_el_estado_como_identidad_permanente,sugerir,media,no,,"El estado uso_planificado_reserva describe únicamente la ventana hasta 2026-06-30 y se sustenta en balance, cobertura, recuperación, variabilidad y deuda.",VEN_0032_3 | inversion_productiva_observada | hobbies_identificados_sin_asumir_que_deban_eliminarse | balance_operativo_negativo | cobertura_esencial_reducida | recuperacion_demora_mas_de_20_dias,bajo,no_requerida,test,uso_planificado_reserva,si,recomendaciones_mvp_v1.1,fincoah_mvp_co_v1.1,26b404a80155a481403373f756bc42a69c0a0d909b4c169a4afb59e505442cd7
DEC_0033_04,PERF_0033,dentro_del_mvp,VEN_0033_1,2026-04-30,equilibrio_sostenible,REC_CREAR_MARGEN,Crear un margen pequeño y flexible antes de aumentar compromisos fijos.,prevencion,crear_fondo_emergencia,manualidades_y_artesanias,necesidades_esenciales | hobbies:manualidades_y_artesanias | meta:crear_fondo_emergencia,balance_B:303000 | cobertura_L:4.1885 | variabilidad_V:0.0 | deuda_J:0.0,no_declarar_riesgo_solo_por_ingreso_variable | no_eliminar_hobbies_por_defecto | no_tratar_el_estado_como_identidad_permanente,sugerir,media,no,,"El estado equilibrio_sostenible describe únicamente la ventana hasta 2026-04-30 y se sustenta en balance, cobertura, recuperación, variabilidad y deuda.",VEN_0033_1 | balance_operativo_no_negativo | cobertura_esencial_superior_a_un_mes | recuperacion_consistente | inversion_productiva_observada | hobbies_identificados_sin_asumir_que_deban_eliminarse | sin_factor_de_atencion_dominante,bajo,no_requerida,train,deterioro_reciente,si,recomendaciones_mvp_v1.1,fincoah_mvp_co_v1.1,6c1acc14e3cfa7f721b16a15a7f793a2695e2d838a4899a1453df0429f86dadc
DEC_0033_05,PERF_0033,dentro_del_mvp,VEN_0033_2,2026-05-31,equilibrio_sostenible,REC_CREAR_MARGEN,Crear un margen pequeño y flexible antes de aumentar compromisos fijos.,prevencion,crear_fondo_emergencia,manualidades_y_artesanias,necesidades_esenciales | hobbies:manualidades_y_artesanias | meta:crear_fondo_emergencia,balance_B:356000 | cobertura_L:4.7258 | variabilidad_V:0.0429 | deuda_J:0.0,no_declarar_riesgo_solo_por_ingreso_variable | no_eliminar_hobbies_por_defecto | no_tratar_el_estado_como_identidad_permanente,sugerir,media,no,,"El estado equilibrio_sostenible describe únicamente la ventana hasta 2026-05-31 y se sustenta en balance, cobertura, recuperación, variabilidad y deuda.",VEN_0033_2 | balance_operativo_no_negativo | cobertura_esencial_superior_a_un_mes | recuperacion_consistente | inversion_productiva_observada | hobbies_identificados_sin_asumir_que_deban_eliminarse | sin_factor_de_atencion_dominante,bajo,no_requerida,train,deterioro_reciente,si,recomendaciones_mvp_v1.1,fincoah_mvp_co_v1.1,28d9d6be9ec46013a2d53427a4ca94501b819dc2213c49da9963e00e865615a3
DEC_0033_06,PERF_0033,dentro_del_mvp,VEN_0033_3,2026-06-30,deterioro_reciente,REC_REVISAR_CAMBIO_RECIENTE,Revisar el cambio reciente en ingresos y compromisos antes de modificar gastos personales valiosos.,diagnostico,crear_fondo_emergencia,manualidades_y_artesanias,necesidades_esenciales | hobbies:manualidades_y_artesanias | meta:crear_fondo_emergencia,balance_B:-1284000 | cobertura_L:3.3091 | variabilidad_V:0.107 | deuda_J:0.0,no_declarar_riesgo_solo_por_ingreso_variable | no_eliminar_hobbies_por_defecto | no_tratar_el_estado_como_identidad_permanente,solicitar_contexto,alta,si,¿Ocurrió algún cambio puntual en tus ingresos o compromisos durante este cierre?,"El estado deterioro_reciente describe únicamente la ventana hasta 2026-06-30 y se sustenta en balance, cobertura, recuperación, variabilidad y deuda.",VEN_0033_3 | cobertura_esencial_superior_a_un_mes | recuperacion_consistente | inversion_productiva_observada | hobbies_identificados_sin_asumir_que_deban_eliminarse | balance_operativo_negativo | recuperacion_demora_mas_de_20_dias,podria_reducir_bienestar_o_desconocer_el_contexto,no_requerida,train,deterioro_reciente,si,recomendaciones_mvp_v1.1,fincoah_mvp_co_v1.1,5aa6b0b4262dd16dec2220744a513ea296c9f8e4a9f593db44d5292bd30f4a62
DEC_0034_04,PERF_0034,dentro_del_mvp,VEN_0034_1,2026-04-30,deterioro_reciente,REC_REVISAR_CAMBIO_RECIENTE,Revisar el cambio reciente en ingresos y compromisos antes de modificar gastos personales valiosos.,diagnostico,pagar_deuda,musica | ciclismo,necesidades_esenciales | hobbies:musica | ciclismo | meta:pagar_deuda,balance_B:-3222000 | cobertura_L:0.0 | variabilidad_V:0.0 | deuda_J:-0.0118,no_declarar_riesgo_solo_por_ingreso_variable | no_eliminar_hobbies_por_defecto | no_tratar_el_estado_como_identidad_permanente,solicitar_contexto,alta,si,¿Ocurrió algún cambio puntual en tus ingresos o compromisos durante este cierre?,"El estado deterioro_reciente describe únicamente la ventana hasta 2026-04-30 y se sustenta en balance, cobertura, recuperación, variabilidad y deuda.",VEN_0034_1 | inversion_productiva_observada | hobbies_identificados_sin_asumir_que_deban_eliminarse | balance_operativo_negativo | cobertura_esencial_reducida | recuperacion_demora_mas_de_20_dias,podria_reducir_bienestar_o_desconocer_el_contexto,no_requerida,train,fragilidad_sostenida,si,recomendaciones_mvp_v1.1,fincoah_mvp_co_v1.1,83c4ab3670e72de355abed341100f1ee8a077b947117323e7c0df082215d036a
DEC_0034_05,PERF_0034,dentro_del_mvp,VEN_0034_2,2026-05-31,fragilidad_sostenida,REC_PRIORIZAR_COBERTURA,"Priorizar vivienda, alimentación, salud y servicios; revisar opciones de renegociación de deuda sin eliminar automáticamente los hobbies.",proteccion_esencial,pagar_deuda,musica | ciclismo,necesidades_esenciales | hobbies:musica | ciclismo | meta:pagar_deuda,balance_B:-9661000 | cobertura_L:0.0 | variabilidad_V:0.1207 | deuda_J:-0.0118,no_declarar_riesgo_solo_por_ingreso_variable | no_eliminar_hobbies_por_defecto | no_tratar_el_estado_como_identidad_permanente,aplicar,alta,no,,"El estado fragilidad_sostenida describe únicamente la ventana hasta 2026-05-31 y se sustenta en balance, cobertura, recuperación, variabilidad y deuda.",VEN_0034_2 | inversion_productiva_observada | hobbies_identificados_sin_asumir_que_deban_eliminarse | balance_operativo_negativo | cobertura_esencial_reducida | recuperacion_demora_mas_de_20_dias,podria_reducir_bienestar_o_desconocer_el_contexto,no_requerida,train,fragilidad_sostenida,si,recomendaciones_mvp_v1.1,fincoah_mvp_co_v1.1,493ee4788d758e8e1d706c71e9d544e440b2f04e24016d6096680a634e840746
DEC_0034_06,PERF_0034,dentro_del_mvp,VEN_0034_3,2026-06-30,fragilidad_sostenida,REC_PRIORIZAR_COBERTURA,"Priorizar vivienda, alimentación, salud y servicios; revisar opciones de renegociación de deuda sin eliminar automáticamente los hobbies.",proteccion_esencial,pagar_deuda,musica | ciclismo,necesidades_esenciales | hobbies:musica | ciclismo | meta:pagar_deuda,balance_B:-16473000 | cobertura_L:0.0 | variabilidad_V:0.1498 | deuda_J:-0.0442,no_declarar_riesgo_solo_por_ingreso_variable | no_eliminar_hobbies_por_defecto | no_tratar_el_estado_como_identidad_permanente,aplicar,alta,no,,"El estado fragilidad_sostenida describe únicamente la ventana hasta 2026-06-30 y se sustenta en balance, cobertura, recuperación, variabilidad y deuda.",VEN_0034_3 | inversion_productiva_observada | hobbies_identificados_sin_asumir_que_deban_eliminarse | balance_operativo_negativo | cobertura_esencial_reducida | recuperacion_demora_mas_de_20_dias,podria_reducir_bienestar_o_desconocer_el_contexto,no_requerida,train,fragilidad_sostenida,si,recomendaciones_mvp_v1.1,fincoah_mvp_co_v1.1,86a5acd806617fb978e7e400885feaa69442fa5f80a7f0a8fecc415847e1eb0f
DEC_0035_04,PERF_0035,dentro_del_mvp,VEN_0035_1,2026-04-30,fragilidad_sostenida,REC_PRIORIZAR_COBERTURA,"Priorizar vivienda, alimentación, salud y servicios; revisar opciones de renegociación de deuda sin eliminar automáticamente los hobbies.",proteccion_esencial,hacer_certificacion_profesional,fotografia_y_video | turismo_y_viajes,necesidades_esenciales | hobbies:fotografia_y_video | turismo_y_viajes | meta:hacer_certificacion_profesional,balance_B:-2100000 | cobertura_L:0.0 | variabilidad_V:0.0 | deuda_J:-0.0255,no_declarar_riesgo_solo_por_ingreso_variable | no_eliminar_hobbies_por_defecto | no_tratar_el_estado_como_identidad_permanente,aplicar,alta,no,,"El estado fragilidad_sostenida describe únicamente la ventana hasta 2026-04-30 y se sustenta en balance, cobertura, recuperación, variabilidad y deuda.",VEN_0035_1 | inversion_productiva_observada | hobbies_identificados_sin_asumir_que_deban_eliminarse | balance_operativo_negativo | cobertura_esencial_reducida | recuperacion_demora_mas_de_20_dias,podria_reducir_bienestar_o_desconocer_el_contexto,no_requerida,train,situacion_critica,si,recomendaciones_mvp_v1.1,fincoah_mvp_co_v1.1,ab5cbd5181b760a24b5727692e2d2e06fba4322d349f2e0991c9762e53a68ee8
DEC_0035_05,PERF_0035,dentro_del_mvp,VEN_0035_2,2026-05-31,situacion_critica,REC_PLAN_CONTENCION,Activar un plan de contención centrado en necesidades esenciales y solicitar revisión humana para deuda y liquidez.,contencion_y_revision,hacer_certificacion_profesional,fotografia_y_video | turismo_y_viajes,necesidades_esenciales | hobbies:fotografia_y_video | turismo_y_viajes | meta:hacer_certificacion_profesional,balance_B:-5438000 | cobertura_L:0.0 | variabilidad_V:0.2038 | deuda_J:0.0173,no_declarar_riesgo_solo_por_ingreso_variable | no_eliminar_hobbies_por_defecto | no_tratar_el_estado_como_identidad_permanente,aplicar,critica,no,,"El estado situacion_critica describe únicamente la ventana hasta 2026-05-31 y se sustenta en balance, cobertura, recuperación, variabilidad y deuda.",VEN_0035_2 | inversion_productiva_observada | hobbies_identificados_sin_asumir_que_deban_eliminarse | balance_operativo_negativo | cobertura_esencial_reducida | recuperacion_demora_mas_de_20_dias,podria_reducir_bienestar_o_desconocer_el_contexto,requerida,train,situacion_critica,si,recomendaciones_mvp_v1.1,fincoah_mvp_co_v1.1,80248108fbb12a7ff8777a7879db1e0dd7082c6ef73c51f5d0a8bf5743053fa2
DEC_0035_06,PERF_0035,dentro_del_mvp,VEN_0035_3,2026-06-30,situacion_critica,REC_PLAN_CONTENCION,Activar un plan de contención centrado en necesidades esenciales y solicitar revisión humana para deuda y liquidez.,contencion_y_revision,hacer_certificacion_profesional,fotografia_y_video | turismo_y_viajes,necesidades_esenciales | hobbies:fotografia_y_video | turismo_y_viajes | meta:hacer_certificacion_profesional,balance_B:-8769000 | cobertura_L:0.0 | variabilidad_V:0.2038 | deuda_J:0.086,no_declarar_riesgo_solo_por_ingreso_variable | no_eliminar_hobbies_por_defecto | no_tratar_el_estado_como_identidad_permanente,aplicar,critica,no,,"El estado situacion_critica describe únicamente la ventana hasta 2026-06-30 y se sustenta en balance, cobertura, recuperación, variabilidad y deuda.",VEN_0035_3 | inversion_productiva_observada | hobbies_identificados_sin_asumir_que_deban_eliminarse | balance_operativo_negativo | cobertura_esencial_reducida | deuda_creciente | recuperacion_demora_mas_de_20_dias,podria_reducir_bienestar_o_desconocer_el_contexto,requerida,train,situacion_critica,si,recomendaciones_mvp_v1.1,fincoah_mvp_co_v1.1,43c0f44ae3ddef5d589295d6c5bb3895511ef84160d2a652eddbf26eb2fb2f49
DEC_0036_04,PERF_0036,dentro_del_mvp,VEN_0036_1,2026-04-30,acumulacion_estable,REC_MANTENER_ACUMULACION,Mantener el patrón actual y separar automáticamente una parte del excedente para la meta declarada.,mantenimiento_y_ahorro,comprar_equipo_de_trabajo,videojuegos_y_streaming | fotografia_y_video,necesidades_esenciales | hobbies:videojuegos_y_streaming | fotografia_y_video | meta:comprar_equipo_de_trabajo,balance_B:3234000 | cobertura_L:7.0338 | variabilidad_V:0.0 | deuda_J:0.1507,no_declarar_riesgo_solo_por_ingreso_variable | no_eliminar_hobbies_por_defecto | no_tratar_el_estado_como_identidad_permanente,aplicar,media,no,,"El estado acumulacion_estable describe únicamente la ventana hasta 2026-04-30 y se sustenta en balance, cobertura, recuperación, variabilidad y deuda.",VEN_0036_1 | balance_operativo_no_negativo | cobertura_esencial_superior_a_un_mes | inversion_productiva_observada | hobbies_identificados_sin_asumir_que_deban_eliminarse | deuda_creciente,bajo,no_requerida,train,acumulacion_estable,si,recomendaciones_mvp_v1.1,fincoah_mvp_co_v1.1,8b94a6d56c0bd23b92a4d078abfd8c26cfd8e3d19c08daed81fd5340aa6dcbbc
DEC_0036_05,PERF_0036,dentro_del_mvp,VEN_0036_2,2026-05-31,acumulacion_estable,REC_MANTENER_ACUMULACION,Mantener el patrón actual y separar automáticamente una parte del excedente para la meta declarada.,mantenimiento_y_ahorro,comprar_equipo_de_trabajo,videojuegos_y_streaming | fotografia_y_video,necesidades_esenciales | hobbies:videojuegos_y_streaming | fotografia_y_video | meta:comprar_equipo_de_trabajo,balance_B:6280000 | cobertura_L:8.2152 | variabilidad_V:0.0125 | deuda_J:0.1143,no_declarar_riesgo_solo_por_ingreso_variable | no_eliminar_hobbies_por_defecto | no_tratar_el_estado_como_identidad_permanente,aplicar,media,no,,"El estado acumulacion_estable describe únicamente la ventana hasta 2026-05-31 y se sustenta en balance, cobertura, recuperación, variabilidad y deuda.",VEN_0036_2 | balance_operativo_no_negativo | cobertura_esencial_superior_a_un_mes | recuperacion_consistente | inversion_productiva_observada | hobbies_identificados_sin_asumir_que_deban_eliminarse | deuda_creciente | recuperacion_demora_mas_de_20_dias,bajo,no_requerida,train,acumulacion_estable,si,recomendaciones_mvp_v1.1,fincoah_mvp_co_v1.1,dc00b0b810b9fe7a6476483e4c0f0ca28b9735878475a1ff7a76eac89ce818c3
DEC_0036_06,PERF_0036,dentro_del_mvp,VEN_0036_3,2026-06-30,acumulacion_estable,REC_MANTENER_ACUMULACION,Mantener el patrón actual y separar automáticamente una parte del excedente para la meta declarada.,mantenimiento_y_ahorro,comprar_equipo_de_trabajo,videojuegos_y_streaming | fotografia_y_video,necesidades_esenciales | hobbies:videojuegos_y_streaming | fotografia_y_video | meta:comprar_equipo_de_trabajo,balance_B:9379000 | cobertura_L:9.7239 | variabilidad_V:0.0106 | deuda_J:0.2254,no_declarar_riesgo_solo_por_ingreso_variable | no_eliminar_hobbies_por_defecto | no_tratar_el_estado_como_identidad_permanente,aplicar,media,no,,"El estado acumulacion_estable describe únicamente la ventana hasta 2026-06-30 y se sustenta en balance, cobertura, recuperación, variabilidad y deuda.",VEN_0036_3 | balance_operativo_no_negativo | cobertura_esencial_superior_a_un_mes | recuperacion_consistente | inversion_productiva_observada | hobbies_identificados_sin_asumir_que_deban_eliminarse | deuda_creciente,bajo,no_requerida,train,acumulacion_estable,si,recomendaciones_mvp_v1.1,fincoah_mvp_co_v1.1,b90430b56209f023030e1a55df876d9a3329476ecedfa9cc504369b024298f12
DEC_0037_04,PERF_0037,dentro_del_mvp,VEN_0037_1,2026-04-30,equilibrio_sostenible,REC_CREAR_MARGEN,Crear un margen pequeño y flexible antes de aumentar compromisos fijos.,prevencion,mejorar_vivienda,turismo_y_viajes,necesidades_esenciales | hobbies:turismo_y_viajes | meta:mejorar_vivienda,balance_B:481000 | cobertura_L:0.5097 | variabilidad_V:0.0 | deuda_J:-0.0658,no_declarar_riesgo_solo_por_ingreso_variable | no_eliminar_hobbies_por_defecto | no_tratar_el_estado_como_identidad_permanente,sugerir,media,no,,"El estado equilibrio_sostenible describe únicamente la ventana hasta 2026-04-30 y se sustenta en balance, cobertura, recuperación, variabilidad y deuda.",VEN_0037_1 | balance_operativo_no_negativo | recuperacion_consistente | inversion_productiva_observada | hobbies_identificados_sin_asumir_que_deban_eliminarse | cobertura_esencial_reducida,bajo,no_requerida,train,equilibrio_sostenible,si,recomendaciones_mvp_v1.1,fincoah_mvp_co_v1.1,a6e73472b6777b278538099d2425af79039b57c09c807dcc0845cc688fb27ad6
DEC_0037_05,PERF_0037,dentro_del_mvp,VEN_0037_2,2026-05-31,equilibrio_sostenible,REC_CREAR_MARGEN,Crear un margen pequeño y flexible antes de aumentar compromisos fijos.,prevencion,mejorar_vivienda,turismo_y_viajes,necesidades_esenciales | hobbies:turismo_y_viajes | meta:mejorar_vivienda,balance_B:774000 | cobertura_L:0.8834 | variabilidad_V:0.0115 | deuda_J:0.0214,no_declarar_riesgo_solo_por_ingreso_variable | no_eliminar_hobbies_por_defecto | no_tratar_el_estado_como_identidad_permanente,sugerir,media,no,,"El estado equilibrio_sostenible describe únicamente la ventana hasta 2026-05-31 y se sustenta en balance, cobertura, recuperación, variabilidad y deuda.",VEN_0037_2 | balance_operativo_no_negativo | recuperacion_consistente | inversion_productiva_observada | hobbies_identificados_sin_asumir_que_deban_eliminarse | cobertura_esencial_reducida,bajo,no_requerida,train,equilibrio_sostenible,si,recomendaciones_mvp_v1.1,fincoah_mvp_co_v1.1,95e82568783dbd873beae46a340ab3476748b4e1e766d44267325211add98ed4
DEC_0037_06,PERF_0037,dentro_del_mvp,VEN_0037_3,2026-06-30,equilibrio_sostenible,REC_CREAR_MARGEN,Crear un margen pequeño y flexible antes de aumentar compromisos fijos.,prevencion,mejorar_vivienda,turismo_y_viajes,necesidades_esenciales | hobbies:turismo_y_viajes | meta:mejorar_vivienda,balance_B:938000 | cobertura_L:1.0392 | variabilidad_V:0.0161 | deuda_J:0.0113,no_declarar_riesgo_solo_por_ingreso_variable | no_eliminar_hobbies_por_defecto | no_tratar_el_estado_como_identidad_permanente,sugerir,media,no,,"El estado equilibrio_sostenible describe únicamente la ventana hasta 2026-06-30 y se sustenta en balance, cobertura, recuperación, variabilidad y deuda.",VEN_0037_3 | balance_operativo_no_negativo | cobertura_esencial_superior_a_un_mes | recuperacion_consistente | inversion_productiva_observada | hobbies_identificados_sin_asumir_que_deban_eliminarse | sin_factor_de_atencion_dominante,bajo,no_requerida,train,equilibrio_sostenible,si,recomendaciones_mvp_v1.1,fincoah_mvp_co_v1.1,a8053896641685971ae87996d4f5eddefb3bf934475d7a12fdc3e94e832b9ddc
DEC_0038_04,PERF_0038,dentro_del_mvp,VEN_0038_1,2026-04-30,equilibrio_sostenible,REC_CREAR_MARGEN,Crear un margen pequeño y flexible antes de aumentar compromisos fijos.,prevencion,ampliar_actividad_economica,impresion_3d | manualidades_y_artesanias,necesidades_esenciales | hobbies:impresion_3d | manualidades_y_artesanias | meta:ampliar_actividad_economica,balance_B:546000 | cobertura_L:4.1646 | variabilidad_V:0.0 | deuda_J:0.0,no_declarar_riesgo_solo_por_ingreso_variable | no_eliminar_hobbies_por_defecto | no_tratar_el_estado_como_identidad_permanente,sugerir,media,no,,"El estado equilibrio_sostenible describe únicamente la ventana hasta 2026-04-30 y se sustenta en balance, cobertura, recuperación, variabilidad y deuda.",VEN_0038_1 | balance_operativo_no_negativo | cobertura_esencial_superior_a_un_mes | inversion_productiva_observada | hobbies_identificados_sin_asumir_que_deban_eliminarse | sin_factor_de_atencion_dominante,bajo,no_requerida,train,variable_resiliente,si,recomendaciones_mvp_v1.1,fincoah_mvp_co_v1.1,fa951daf8f0304ed7d7cc9f560fbd636b237152e7b46d8c34b1dde8ffe7b9c29
DEC_0038_05,PERF_0038,dentro_del_mvp,VEN_0038_2,2026-05-31,variable_resiliente,REC_RESERVA_PICOS,Reservar parte de los meses altos para cubrir los periodos de menor ingreso sin tratar la variabilidad como falla.,gestion_ingreso_variable,ampliar_actividad_economica,impresion_3d | manualidades_y_artesanias,necesidades_esenciales | hobbies:impresion_3d | manualidades_y_artesanias | meta:ampliar_actividad_economica,balance_B:-3130000 | cobertura_L:2.6464 | variabilidad_V:0.1631 | deuda_J:-0.0432,no_declarar_riesgo_solo_por_ingreso_variable | no_eliminar_hobbies_por_defecto | no_tratar_el_estado_como_identidad_permanente,aplicar,alta,no,,"El estado variable_resiliente describe únicamente la ventana hasta 2026-05-31 y se sustenta en balance, cobertura, recuperación, variabilidad y deuda.",VEN_0038_2 | cobertura_esencial_superior_a_un_mes | recuperacion_consistente | inversion_productiva_observada | hobbies_identificados_sin_asumir_que_deban_eliminarse | balance_operativo_negativo | recuperacion_demora_mas_de_20_dias,bajo,no_requerida,train,variable_resiliente,si,recomendaciones_mvp_v1.1,fincoah_mvp_co_v1.1,aad6db5bbe539bfbe91361ddc49e673a024020374702498c105933c4b4286490
DEC_0038_06,PERF_0038,dentro_del_mvp,VEN_0038_3,2026-06-30,variable_resiliente,REC_RESERVA_PICOS,Reservar parte de los meses altos para cubrir los periodos de menor ingreso sin tratar la variabilidad como falla.,gestion_ingreso_variable,ampliar_actividad_economica,impresion_3d | manualidades_y_artesanias,necesidades_esenciales | hobbies:impresion_3d | manualidades_y_artesanias | meta:ampliar_actividad_economica,balance_B:-6990000 | cobertura_L:2.2116 | variabilidad_V:0.1725 | deuda_J:-0.0432,no_declarar_riesgo_solo_por_ingreso_variable | no_eliminar_hobbies_por_defecto | no_tratar_el_estado_como_identidad_permanente,aplicar,alta,no,,"El estado variable_resiliente describe únicamente la ventana hasta 2026-06-30 y se sustenta en balance, cobertura, recuperación, variabilidad y deuda.",VEN_0038_3 | cobertura_esencial_superior_a_un_mes | inversion_productiva_observada | hobbies_identificados_sin_asumir_que_deban_eliminarse | balance_operativo_negativo | recuperacion_demora_mas_de_20_dias,bajo,no_requerida,train,variable_resiliente,si,recomendaciones_mvp_v1.1,fincoah_mvp_co_v1.1,1c92748748b197324903e380359c21ee4f4737b6dbb29a90bad18f7f00f4a468
DEC_0039_04,PERF_0039,dentro_del_mvp,VEN_0039_1,2026-04-30,acumulacion_estable,REC_MANTENER_ACUMULACION,Mantener el patrón actual y separar automáticamente una parte del excedente para la meta declarada.,mantenimiento_y_ahorro,mejorar_vivienda,jardineria_y_agricultura_urbana,necesidades_esenciales | hobbies:jardineria_y_agricultura_urbana | meta:mejorar_vivienda,balance_B:1912000 | cobertura_L:7.5767 | variabilidad_V:0.0 | deuda_J:-0.0183,no_declarar_riesgo_solo_por_ingreso_variable | no_eliminar_hobbies_por_defecto | no_tratar_el_estado_como_identidad_permanente,aplicar,media,no,,"El estado acumulacion_estable describe únicamente la ventana hasta 2026-04-30 y se sustenta en balance, cobertura, recuperación, variabilidad y deuda.",VEN_0039_1 | balance_operativo_no_negativo | cobertura_esencial_superior_a_un_mes | inversion_productiva_observada | hobbies_identificados_sin_asumir_que_deban_eliminarse | recuperacion_demora_mas_de_20_dias,bajo,no_requerida,test,uso_planificado_reserva,si,recomendaciones_mvp_v1.1,fincoah_mvp_co_v1.1,cc17a5f514192b15dee4334da608ab0a9ca87aea2c652586913d68acb2c549ab
DEC_0039_05,PERF_0039,dentro_del_mvp,VEN_0039_2,2026-05-31,uso_planificado_reserva,REC_VIGILAR_RESERVA,Mantener el gasto alineado con la meta y revisar que la reserva conserve cobertura suficiente durante el siguiente cierre.,seguimiento_meta,mejorar_vivienda,jardineria_y_agricultura_urbana,necesidades_esenciales | hobbies:jardineria_y_agricultura_urbana | meta:mejorar_vivienda,balance_B:-4160000 | cobertura_L:2.7454 | variabilidad_V:0.2045 | deuda_J:-0.0428,no_declarar_riesgo_solo_por_ingreso_variable | no_eliminar_hobbies_por_defecto | no_tratar_el_estado_como_identidad_permanente,sugerir,media,no,,"El estado uso_planificado_reserva describe únicamente la ventana hasta 2026-05-31 y se sustenta en balance, cobertura, recuperación, variabilidad y deuda.",VEN_0039_2 | cobertura_esencial_superior_a_un_mes | inversion_productiva_observada | hobbies_identificados_sin_asumir_que_deban_eliminarse | balance_operativo_negativo | recuperacion_demora_mas_de_20_dias,bajo,no_requerida,test,uso_planificado_reserva,si,recomendaciones_mvp_v1.1,fincoah_mvp_co_v1.1,a3636cfc5d80fe761f556aa9c6db486145b02f58dde7273774b678f81aa25710
DEC_0039_06,PERF_0039,dentro_del_mvp,VEN_0039_3,2026-06-30,uso_planificado_reserva,REC_VIGILAR_RESERVA,Mantener el gasto alineado con la meta y revisar que la reserva conserve cobertura suficiente durante el siguiente cierre.,seguimiento_meta,mejorar_vivienda,jardineria_y_agricultura_urbana,necesidades_esenciales | hobbies:jardineria_y_agricultura_urbana | meta:mejorar_vivienda,balance_B:-9874000 | cobertura_L:1.2544 | variabilidad_V:0.1855 | deuda_J:-0.0534,no_declarar_riesgo_solo_por_ingreso_variable | no_eliminar_hobbies_por_defecto | no_tratar_el_estado_como_identidad_permanente,sugerir,media,no,,"El estado uso_planificado_reserva describe únicamente la ventana hasta 2026-06-30 y se sustenta en balance, cobertura, recuperación, variabilidad y deuda.",VEN_0039_3 | cobertura_esencial_superior_a_un_mes | inversion_productiva_observada | hobbies_identificados_sin_asumir_que_deban_eliminarse | balance_operativo_negativo | recuperacion_demora_mas_de_20_dias,bajo,no_requerida,test,uso_planificado_reserva,si,recomendaciones_mvp_v1.1,fincoah_mvp_co_v1.1,0e0de117186aad007db0a7df7c9a6a93906a198145944406d13d41b951437bc3
DEC_0040_04,PERF_0040,dentro_del_mvp,VEN_0040_1,2026-04-30,equilibrio_sostenible,REC_CREAR_MARGEN,Crear un margen pequeño y flexible antes de aumentar compromisos fijos.,prevencion,comprar_bicicleta,ciclismo,necesidades_esenciales | hobbies:ciclismo | meta:comprar_bicicleta,balance_B:117000 | cobertura_L:2.1593 | variabilidad_V:0.0 | deuda_J:0.0,no_declarar_riesgo_solo_por_ingreso_variable | no_eliminar_hobbies_por_defecto | no_tratar_el_estado_como_identidad_permanente,sugerir,media,no,,"El estado equilibrio_sostenible describe únicamente la ventana hasta 2026-04-30 y se sustenta en balance, cobertura, recuperación, variabilidad y deuda.",VEN_0040_1 | balance_operativo_no_negativo | cobertura_esencial_superior_a_un_mes | inversion_productiva_observada | hobbies_identificados_sin_asumir_que_deban_eliminarse | recuperacion_demora_mas_de_20_dias,bajo,no_requerida,validation,deterioro_reciente,si,recomendaciones_mvp_v1.1,fincoah_mvp_co_v1.1,eade57d72855a3c3abfa5fa8521841472634d11b8031285b7dfd929256b95488
DEC_0040_05,PERF_0040,dentro_del_mvp,VEN_0040_2,2026-05-31,equilibrio_sostenible,REC_CREAR_MARGEN,Crear un margen pequeño y flexible antes de aumentar compromisos fijos.,prevencion,comprar_bicicleta,ciclismo,necesidades_esenciales | hobbies:ciclismo | meta:comprar_bicicleta,balance_B:79000 | cobertura_L:2.2924 | variabilidad_V:0.0286 | deuda_J:0.0,no_declarar_riesgo_solo_por_ingreso_variable | no_eliminar_hobbies_por_defecto | no_tratar_el_estado_como_identidad_permanente,sugerir,media,no,,"El estado equilibrio_sostenible describe únicamente la ventana hasta 2026-05-31 y se sustenta en balance, cobertura, recuperación, variabilidad y deuda.",VEN_0040_2 | balance_operativo_no_negativo | cobertura_esencial_superior_a_un_mes | inversion_productiva_observada | hobbies_identificados_sin_asumir_que_deban_eliminarse | recuperacion_demora_mas_de_20_dias,bajo,no_requerida,validation,deterioro_reciente,si,recomendaciones_mvp_v1.1,fincoah_mvp_co_v1.1,4931637b7972bf0ce8d84d1070a474b409a3d23d8a146f22077108fae1a65fec
DEC_0040_06,PERF_0040,dentro_del_mvp,VEN_0040_3,2026-06-30,deterioro_reciente,REC_REVISAR_CAMBIO_RECIENTE,Revisar el cambio reciente en ingresos y compromisos antes de modificar gastos personales valiosos.,diagnostico,comprar_bicicleta,ciclismo,necesidades_esenciales | hobbies:ciclismo | meta:comprar_bicicleta,balance_B:-1576000 | cobertura_L:0.9117 | variabilidad_V:0.0934 | deuda_J:0.0,no_declarar_riesgo_solo_por_ingreso_variable | no_eliminar_hobbies_por_defecto | no_tratar_el_estado_como_identidad_permanente,solicitar_contexto,alta,si,¿Ocurrió algún cambio puntual en tus ingresos o compromisos durante este cierre?,"El estado deterioro_reciente describe únicamente la ventana hasta 2026-06-30 y se sustenta en balance, cobertura, recuperación, variabilidad y deuda.",VEN_0040_3 | inversion_productiva_observada | hobbies_identificados_sin_asumir_que_deban_eliminarse | balance_operativo_negativo | cobertura_esencial_reducida | recuperacion_demora_mas_de_20_dias,podria_reducir_bienestar_o_desconocer_el_contexto,no_requerida,validation,deterioro_reciente,si,recomendaciones_mvp_v1.1,fincoah_mvp_co_v1.1,700272aa0a7170708e07689cf015b4964d4016617e8937aaf12802fa612fc4a5
DEC_0041_04,PERF_0041,dentro_del_mvp,VEN_0041_1,2026-04-30,deterioro_reciente,REC_REVISAR_CAMBIO_RECIENTE,Revisar el cambio reciente en ingresos y compromisos antes de modificar gastos personales valiosos.,diagnostico,mejorar_vivienda,pintura | fotografia_y_video,necesidades_esenciales | hobbies:pintura | fotografia_y_video | meta:mejorar_vivienda,balance_B:-4199000 | cobertura_L:0.0 | variabilidad_V:0.0 | deuda_J:-0.0529,no_declarar_riesgo_solo_por_ingreso_variable | no_eliminar_hobbies_por_defecto | no_tratar_el_estado_como_identidad_permanente,solicitar_contexto,alta,si,¿Ocurrió algún cambio puntual en tus ingresos o compromisos durante este cierre?,"El estado deterioro_reciente describe únicamente la ventana hasta 2026-04-30 y se sustenta en balance, cobertura, recuperación, variabilidad y deuda.",VEN_0041_1 | inversion_productiva_observada | hobbies_identificados_sin_asumir_que_deban_eliminarse | balance_operativo_negativo | cobertura_esencial_reducida | recuperacion_demora_mas_de_20_dias,podria_reducir_bienestar_o_desconocer_el_contexto,no_requerida,test,fragilidad_sostenida,si,recomendaciones_mvp_v1.1,fincoah_mvp_co_v1.1,3f27644e708dcc00deb5254e24be68a8affc232a5f60f0da0ed9ef276a211636
DEC_0041_05,PERF_0041,dentro_del_mvp,VEN_0041_2,2026-05-31,fragilidad_sostenida,REC_PRIORIZAR_COBERTURA,"Priorizar vivienda, alimentación, salud y servicios; revisar opciones de renegociación de deuda sin eliminar automáticamente los hobbies.",proteccion_esencial,mejorar_vivienda,pintura | fotografia_y_video,necesidades_esenciales | hobbies:pintura | fotografia_y_video | meta:mejorar_vivienda,balance_B:-12363000 | cobertura_L:0.0 | variabilidad_V:0.1031 | deuda_J:-0.0426,no_declarar_riesgo_solo_por_ingreso_variable | no_eliminar_hobbies_por_defecto | no_tratar_el_estado_como_identidad_permanente,aplicar,alta,no,,"El estado fragilidad_sostenida describe únicamente la ventana hasta 2026-05-31 y se sustenta en balance, cobertura, recuperación, variabilidad y deuda.",VEN_0041_2 | inversion_productiva_observada | hobbies_identificados_sin_asumir_que_deban_eliminarse | balance_operativo_negativo | cobertura_esencial_reducida | recuperacion_demora_mas_de_20_dias,podria_reducir_bienestar_o_desconocer_el_contexto,no_requerida,test,fragilidad_sostenida,si,recomendaciones_mvp_v1.1,fincoah_mvp_co_v1.1,f290f9935d3296404dd7aa40d2b89a4f49f246a12c752a47887bcdcecc1aebad
DEC_0041_06,PERF_0041,dentro_del_mvp,VEN_0041_3,2026-06-30,fragilidad_sostenida,REC_PRIORIZAR_COBERTURA,"Priorizar vivienda, alimentación, salud y servicios; revisar opciones de renegociación de deuda sin eliminar automáticamente los hobbies.",proteccion_esencial,mejorar_vivienda,pintura | fotografia_y_video,necesidades_esenciales | hobbies:pintura | fotografia_y_video | meta:mejorar_vivienda,balance_B:-20993000 | cobertura_L:0.0 | variabilidad_V:0.1304 | deuda_J:-0.0087,no_declarar_riesgo_solo_por_ingreso_variable | no_eliminar_hobbies_por_defecto | no_tratar_el_estado_como_identidad_permanente,aplicar,alta,no,,"El estado fragilidad_sostenida describe únicamente la ventana hasta 2026-06-30 y se sustenta en balance, cobertura, recuperación, variabilidad y deuda.",VEN_0041_3 | inversion_productiva_observada | hobbies_identificados_sin_asumir_que_deban_eliminarse | balance_operativo_negativo | cobertura_esencial_reducida | recuperacion_demora_mas_de_20_dias,podria_reducir_bienestar_o_desconocer_el_contexto,no_requerida,test,fragilidad_sostenida,si,recomendaciones_mvp_v1.1,fincoah_mvp_co_v1.1,a3a413723f2bf9f1180b4bc470e948a0c3efa88d95f1db117244475003fab54e
DEC_0042_04,PERF_0042,dentro_del_mvp,VEN_0042_1,2026-04-30,fragilidad_sostenida,REC_PRIORIZAR_COBERTURA,"Priorizar vivienda, alimentación, salud y servicios; revisar opciones de renegociación de deuda sin eliminar automáticamente los hobbies.",proteccion_esencial,hacer_viaje,cocina_y_reposteria | fotografia_y_video,necesidades_esenciales | hobbies:cocina_y_reposteria | fotografia_y_video | meta:hacer_viaje,balance_B:-8617000 | cobertura_L:0.0 | variabilidad_V:0.0 | deuda_J:0.0187,no_declarar_riesgo_solo_por_ingreso_variable | no_eliminar_hobbies_por_defecto | no_tratar_el_estado_como_identidad_permanente,aplicar,alta,no,,"El estado fragilidad_sostenida describe únicamente la ventana hasta 2026-04-30 y se sustenta en balance, cobertura, recuperación, variabilidad y deuda.",VEN_0042_1 | inversion_productiva_observada | hobbies_identificados_sin_asumir_que_deban_eliminarse | balance_operativo_negativo | cobertura_esencial_reducida | recuperacion_demora_mas_de_20_dias,podria_reducir_bienestar_o_desconocer_el_contexto,no_requerida,train,situacion_critica,si,recomendaciones_mvp_v1.1,fincoah_mvp_co_v1.1,1f811c5a542dc9baf1ff4068bebd1394978a9cec9a526ad1c5bf46a00a072004
DEC_0042_05,PERF_0042,dentro_del_mvp,VEN_0042_2,2026-05-31,situacion_critica,REC_PLAN_CONTENCION,Activar un plan de contención centrado en necesidades esenciales y solicitar revisión humana para deuda y liquidez.,contencion_y_revision,hacer_viaje,cocina_y_reposteria | fotografia_y_video,necesidades_esenciales | hobbies:cocina_y_reposteria | fotografia_y_video | meta:hacer_viaje,balance_B:-23448000 | cobertura_L:0.0 | variabilidad_V:0.2559 | deuda_J:0.0752,no_declarar_riesgo_solo_por_ingreso_variable | no_eliminar_hobbies_por_defecto | no_tratar_el_estado_como_identidad_permanente,aplicar,critica,no,,"El estado situacion_critica describe únicamente la ventana hasta 2026-05-31 y se sustenta en balance, cobertura, recuperación, variabilidad y deuda.",VEN_0042_2 | inversion_productiva_observada | hobbies_identificados_sin_asumir_que_deban_eliminarse | balance_operativo_negativo | cobertura_esencial_reducida | deuda_creciente | recuperacion_demora_mas_de_20_dias,podria_reducir_bienestar_o_desconocer_el_contexto,requerida,train,situacion_critica,si,recomendaciones_mvp_v1.1,fincoah_mvp_co_v1.1,9b13315bdc5fd081e87a744a90cedbbe2e9e71224415a46a900e17aa67215161
DEC_0042_06,PERF_0042,dentro_del_mvp,VEN_0042_3,2026-06-30,situacion_critica,REC_PLAN_CONTENCION,Activar un plan de contención centrado en necesidades esenciales y solicitar revisión humana para deuda y liquidez.,contencion_y_revision,hacer_viaje,cocina_y_reposteria | fotografia_y_video,necesidades_esenciales | hobbies:cocina_y_reposteria | fotografia_y_video | meta:hacer_viaje,balance_B:-37668000 | cobertura_L:0.0 | variabilidad_V:0.2267 | deuda_J:0.1548,no_declarar_riesgo_solo_por_ingreso_variable | no_eliminar_hobbies_por_defecto | no_tratar_el_estado_como_identidad_permanente,aplicar,critica,no,,"El estado situacion_critica describe únicamente la ventana hasta 2026-06-30 y se sustenta en balance, cobertura, recuperación, variabilidad y deuda.",VEN_0042_3 | inversion_productiva_observada | hobbies_identificados_sin_asumir_que_deban_eliminarse | balance_operativo_negativo | cobertura_esencial_reducida | deuda_creciente | recuperacion_demora_mas_de_20_dias,podria_reducir_bienestar_o_desconocer_el_contexto,requerida,train,situacion_critica,si,recomendaciones_mvp_v1.1,fincoah_mvp_co_v1.1,48ee0b5df378ac7337849eb6c5460ce1400b48c27da0ee9f3bddfa67d006d966
DEC_0043_04,PERF_0043,dentro_del_mvp,VEN_0043_1,2026-04-30,acumulacion_estable,REC_MANTENER_ACUMULACION,Mantener el patrón actual y separar automáticamente una parte del excedente para la meta declarada.,mantenimiento_y_ahorro,hacer_certificacion_profesional,manualidades_y_artesanias | jardineria_y_agricultura_urbana,necesidades_esenciales | hobbies:manualidades_y_artesanias | jardineria_y_agricultura_urbana | meta:hacer_certificacion_profesional,balance_B:1780000 | cobertura_L:4.7932 | variabilidad_V:0.0 | deuda_J:0.0,no_declarar_riesgo_solo_por_ingreso_variable | no_eliminar_hobbies_por_defecto | no_tratar_el_estado_como_identidad_permanente,aplicar,media,no,,"El estado acumulacion_estable describe únicamente la ventana hasta 2026-04-30 y se sustenta en balance, cobertura, recuperación, variabilidad y deuda.",VEN_0043_1 | balance_operativo_no_negativo | cobertura_esencial_superior_a_un_mes | recuperacion_consistente | inversion_productiva_observada | hobbies_identificados_sin_asumir_que_deban_eliminarse | sin_factor_de_atencion_dominante,bajo,no_requerida,test,acumulacion_estable,si,recomendaciones_mvp_v1.1,fincoah_mvp_co_v1.1,e5b99566eae9ea9fc0f75d9cfebf16484f897be3f82a6b76b8f0e922df474c89
DEC_0043_05,PERF_0043,dentro_del_mvp,VEN_0043_2,2026-05-31,acumulacion_estable,REC_MANTENER_ACUMULACION,Mantener el patrón actual y separar automáticamente una parte del excedente para la meta declarada.,mantenimiento_y_ahorro,hacer_certificacion_profesional,manualidades_y_artesanias | jardineria_y_agricultura_urbana,necesidades_esenciales | hobbies:manualidades_y_artesanias | jardineria_y_agricultura_urbana | meta:hacer_certificacion_profesional,balance_B:3557000 | cobertura_L:5.1742 | variabilidad_V:0.0003 | deuda_J:0.0,no_declarar_riesgo_solo_por_ingreso_variable | no_eliminar_hobbies_por_defecto | no_tratar_el_estado_como_identidad_permanente,aplicar,media,no,,"El estado acumulacion_estable describe únicamente la ventana hasta 2026-05-31 y se sustenta en balance, cobertura, recuperación, variabilidad y deuda.",VEN_0043_2 | balance_operativo_no_negativo | cobertura_esencial_superior_a_un_mes | recuperacion_consistente | inversion_productiva_observada | hobbies_identificados_sin_asumir_que_deban_eliminarse | sin_factor_de_atencion_dominante,bajo,no_requerida,test,acumulacion_estable,si,recomendaciones_mvp_v1.1,fincoah_mvp_co_v1.1,ea2ffaabb96ec1d342993f37e50343dbc56f19bb620854c17000c2aa347acaf3
DEC_0043_06,PERF_0043,dentro_del_mvp,VEN_0043_3,2026-06-30,acumulacion_estable,REC_MANTENER_ACUMULACION,Mantener el patrón actual y separar automáticamente una parte del excedente para la meta declarada.,mantenimiento_y_ahorro,hacer_certificacion_profesional,manualidades_y_artesanias | jardineria_y_agricultura_urbana,necesidades_esenciales | hobbies:manualidades_y_artesanias | jardineria_y_agricultura_urbana | meta:hacer_certificacion_profesional,balance_B:5898000 | cobertura_L:5.946 | variabilidad_V:0.051 | deuda_J:0.0,no_declarar_riesgo_solo_por_ingreso_variable | no_eliminar_hobbies_por_defecto | no_tratar_el_estado_como_identidad_permanente,aplicar,media,no,,"El estado acumulacion_estable describe únicamente la ventana hasta 2026-06-30 y se sustenta en balance, cobertura, recuperación, variabilidad y deuda.",VEN_0043_3 | balance_operativo_no_negativo | cobertura_esencial_superior_a_un_mes | recuperacion_consistente | inversion_productiva_observada | hobbies_identificados_sin_asumir_que_deban_eliminarse | sin_factor_de_atencion_dominante,bajo,no_requerida,test,acumulacion_estable,si,recomendaciones_mvp_v1.1,fincoah_mvp_co_v1.1,a501ca6283da3f3cf9412630d9e146f8630b839953c91ee71d17cb1e4b4b7d16
DEC_0044_04,PERF_0044,dentro_del_mvp,VEN_0044_1,2026-04-30,equilibrio_sostenible,REC_CREAR_MARGEN,Crear un margen pequeño y flexible antes de aumentar compromisos fijos.,prevencion,pagar_deuda,musica | cocina_y_reposteria,necesidades_esenciales | hobbies:musica | cocina_y_reposteria | meta:pagar_deuda,balance_B:176000 | cobertura_L:0.605 | variabilidad_V:0.0 | deuda_J:-0.0172,no_declarar_riesgo_solo_por_ingreso_variable | no_eliminar_hobbies_por_defecto | no_tratar_el_estado_como_identidad_permanente,sugerir,media,no,,"El estado equilibrio_sostenible describe únicamente la ventana hasta 2026-04-30 y se sustenta en balance, cobertura, recuperación, variabilidad y deuda.",VEN_0044_1 | balance_operativo_no_negativo | recuperacion_consistente | inversion_productiva_observada | hobbies_identificados_sin_asumir_que_deban_eliminarse | cobertura_esencial_reducida,bajo,no_requerida,test,equilibrio_sostenible,si,recomendaciones_mvp_v1.1,fincoah_mvp_co_v1.1,fb9d4421db9e75953389313bab5a6db948ddec8f8abcd4282b753a13a5dd139f
DEC_0044_05,PERF_0044,dentro_del_mvp,VEN_0044_2,2026-05-31,equilibrio_sostenible,REC_CREAR_MARGEN,Crear un margen pequeño y flexible antes de aumentar compromisos fijos.,prevencion,pagar_deuda,musica | cocina_y_reposteria,necesidades_esenciales | hobbies:musica | cocina_y_reposteria | meta:pagar_deuda,balance_B:903000 | cobertura_L:0.8592 | variabilidad_V:0.0355 | deuda_J:-0.0172,no_declarar_riesgo_solo_por_ingreso_variable | no_eliminar_hobbies_por_defecto | no_tratar_el_estado_como_identidad_permanente,sugerir,media,no,,"El estado equilibrio_sostenible describe únicamente la ventana hasta 2026-05-31 y se sustenta en balance, cobertura, recuperación, variabilidad y deuda.",VEN_0044_2 | balance_operativo_no_negativo | recuperacion_consistente | inversion_productiva_observada | hobbies_identificados_sin_asumir_que_deban_eliminarse | cobertura_esencial_reducida,bajo,no_requerida,test,equilibrio_sostenible,si,recomendaciones_mvp_v1.1,fincoah_mvp_co_v1.1,71146ccb20130a7190cefdf9d6fd3ae17e2316aaba3f581428c016855c53c4ee
DEC_0044_06,PERF_0044,dentro_del_mvp,VEN_0044_3,2026-06-30,equilibrio_sostenible,REC_CREAR_MARGEN,Crear un margen pequeño y flexible antes de aumentar compromisos fijos.,prevencion,pagar_deuda,musica | cocina_y_reposteria,necesidades_esenciales | hobbies:musica | cocina_y_reposteria | meta:pagar_deuda,balance_B:1726000 | cobertura_L:1.076 | variabilidad_V:0.0361 | deuda_J:-0.0172,no_declarar_riesgo_solo_por_ingreso_variable | no_eliminar_hobbies_por_defecto | no_tratar_el_estado_como_identidad_permanente,sugerir,media,no,,"El estado equilibrio_sostenible describe únicamente la ventana hasta 2026-06-30 y se sustenta en balance, cobertura, recuperación, variabilidad y deuda.",VEN_0044_3 | balance_operativo_no_negativo | cobertura_esencial_superior_a_un_mes | recuperacion_consistente | inversion_productiva_observada | hobbies_identificados_sin_asumir_que_deban_eliminarse | recuperacion_demora_mas_de_20_dias,bajo,no_requerida,test,equilibrio_sostenible,si,recomendaciones_mvp_v1.1,fincoah_mvp_co_v1.1,4ffc7ecafc542f921c4eef052b09bdb1ed6a31e64425bf06c9b5136cf6a3e8a2
DEC_0045_04,PERF_0045,dentro_del_mvp,VEN_0045_1,2026-04-30,equilibrio_sostenible,REC_CREAR_MARGEN,Crear un margen pequeño y flexible antes de aumentar compromisos fijos.,prevencion,pagar_deuda,fotografia_y_video,necesidades_esenciales | hobbies:fotografia_y_video | meta:pagar_deuda,balance_B:169000 | cobertura_L:4.2868 | variabilidad_V:0.0 | deuda_J:0.0,no_declarar_riesgo_solo_por_ingreso_variable | no_eliminar_hobbies_por_defecto | no_tratar_el_estado_como_identidad_permanente,sugerir,media,no,,"El estado equilibrio_sostenible describe únicamente la ventana hasta 2026-04-30 y se sustenta en balance, cobertura, recuperación, variabilidad y deuda.",VEN_0045_1 | balance_operativo_no_negativo | cobertura_esencial_superior_a_un_mes | inversion_productiva_observada | hobbies_identificados_sin_asumir_que_deban_eliminarse | sin_factor_de_atencion_dominante,bajo,no_requerida,train,variable_resiliente,si,recomendaciones_mvp_v1.1,fincoah_mvp_co_v1.1,7b0b8beba2ce22fceb67385eb8935cd6823cbf3ddb3fe043929275bbc8713547
DEC_0045_05,PERF_0045,dentro_del_mvp,VEN_0045_2,2026-05-31,variable_resiliente,REC_RESERVA_PICOS,Reservar parte de los meses altos para cubrir los periodos de menor ingreso sin tratar la variabilidad como falla.,gestion_ingreso_variable,pagar_deuda,fotografia_y_video,necesidades_esenciales | hobbies:fotografia_y_video | meta:pagar_deuda,balance_B:2491000 | cobertura_L:5.7889 | variabilidad_V:0.1929 | deuda_J:-0.0195,no_declarar_riesgo_solo_por_ingreso_variable | no_eliminar_hobbies_por_defecto | no_tratar_el_estado_como_identidad_permanente,aplicar,alta,no,,"El estado variable_resiliente describe únicamente la ventana hasta 2026-05-31 y se sustenta en balance, cobertura, recuperación, variabilidad y deuda.",VEN_0045_2 | balance_operativo_no_negativo | cobertura_esencial_superior_a_un_mes | inversion_productiva_observada | hobbies_identificados_sin_asumir_que_deban_eliminarse | sin_factor_de_atencion_dominante,bajo,no_requerida,train,variable_resiliente,si,recomendaciones_mvp_v1.1,fincoah_mvp_co_v1.1,c177803101ec97ae5312175bb85e80ee30b591f5f1daafcef3caf321a38b7997
DEC_0045_06,PERF_0045,dentro_del_mvp,VEN_0045_3,2026-06-30,variable_resiliente,REC_RESERVA_PICOS,Reservar parte de los meses altos para cubrir los periodos de menor ingreso sin tratar la variabilidad como falla.,gestion_ingreso_variable,pagar_deuda,fotografia_y_video,necesidades_esenciales | hobbies:fotografia_y_video | meta:pagar_deuda,balance_B:1100000 | cobertura_L:3.5758 | variabilidad_V:0.2733 | deuda_J:-0.0195,no_declarar_riesgo_solo_por_ingreso_variable | no_eliminar_hobbies_por_defecto | no_tratar_el_estado_como_identidad_permanente,aplicar,alta,no,,"El estado variable_resiliente describe únicamente la ventana hasta 2026-06-30 y se sustenta en balance, cobertura, recuperación, variabilidad y deuda.",VEN_0045_3 | balance_operativo_no_negativo | cobertura_esencial_superior_a_un_mes | recuperacion_consistente | inversion_productiva_observada | hobbies_identificados_sin_asumir_que_deban_eliminarse | recuperacion_demora_mas_de_20_dias,bajo,no_requerida,train,variable_resiliente,si,recomendaciones_mvp_v1.1,fincoah_mvp_co_v1.1,ed394d6fdf8c728c46b00d56384ebb2ae73b2e12a3ba02e10d4a2df9546e9176
DEC_0046_04,PERF_0046,dentro_del_mvp,VEN_0046_1,2026-04-30,acumulacion_estable,REC_MANTENER_ACUMULACION,Mantener el patrón actual y separar automáticamente una parte del excedente para la meta declarada.,mantenimiento_y_ahorro,hacer_certificacion_profesional,videojuegos_y_streaming | jardineria_y_agricultura_urbana,necesidades_esenciales | hobbies:videojuegos_y_streaming | jardineria_y_agricultura_urbana | meta:hacer_certificacion_profesional,balance_B:1835000 | cobertura_L:6.3251 | variabilidad_V:0.0 | deuda_J:-0.0179,no_declarar_riesgo_solo_por_ingreso_variable | no_eliminar_hobbies_por_defecto | no_tratar_el_estado_como_identidad_permanente,aplicar,media,no,,"El estado acumulacion_estable describe únicamente la ventana hasta 2026-04-30 y se sustenta en balance, cobertura, recuperación, variabilidad y deuda.",VEN_0046_1 | balance_operativo_no_negativo | cobertura_esencial_superior_a_un_mes | recuperacion_consistente | inversion_productiva_observada | hobbies_identificados_sin_asumir_que_deban_eliminarse | sin_factor_de_atencion_dominante,bajo,no_requerida,train,uso_planificado_reserva,si,recomendaciones_mvp_v1.1,fincoah_mvp_co_v1.1,dee3ab374dddd7ad0200ad13179d8d5f897a79b2805206a92e05c55a48bc7f62
DEC_0046_05,PERF_0046,dentro_del_mvp,VEN_0046_2,2026-05-31,uso_planificado_reserva,REC_VIGILAR_RESERVA,Mantener el gasto alineado con la meta y revisar que la reserva conserve cobertura suficiente durante el siguiente cierre.,seguimiento_meta,hacer_certificacion_profesional,videojuegos_y_streaming | jardineria_y_agricultura_urbana,necesidades_esenciales | hobbies:videojuegos_y_streaming | jardineria_y_agricultura_urbana | meta:hacer_certificacion_profesional,balance_B:-2306000 | cobertura_L:2.023 | variabilidad_V:0.269 | deuda_J:-0.0547,no_declarar_riesgo_solo_por_ingreso_variable | no_eliminar_hobbies_por_defecto | no_tratar_el_estado_como_identidad_permanente,sugerir,media,no,,"El estado uso_planificado_reserva describe únicamente la ventana hasta 2026-05-31 y se sustenta en balance, cobertura, recuperación, variabilidad y deuda.",VEN_0046_2 | cobertura_esencial_superior_a_un_mes | recuperacion_consistente | inversion_productiva_observada | hobbies_identificados_sin_asumir_que_deban_eliminarse | balance_operativo_negativo | recuperacion_demora_mas_de_20_dias,bajo,no_requerida,train,uso_planificado_reserva,si,recomendaciones_mvp_v1.1,fincoah_mvp_co_v1.1,9181affbcdf1adb6a027f9bb3d23098ae8cc1797e36d042a6f27c0a7aaa96f3b
DEC_0046_06,PERF_0046,dentro_del_mvp,VEN_0046_3,2026-06-30,uso_planificado_reserva,REC_VIGILAR_RESERVA,Mantener el gasto alineado con la meta y revisar que la reserva conserve cobertura suficiente durante el siguiente cierre.,seguimiento_meta,hacer_certificacion_profesional,videojuegos_y_streaming | jardineria_y_agricultura_urbana,necesidades_esenciales | hobbies:videojuegos_y_streaming | jardineria_y_agricultura_urbana | meta:hacer_certificacion_profesional,balance_B:-6101000 | cobertura_L:0.3975 | variabilidad_V:0.2474 | deuda_J:-0.0547,no_declarar_riesgo_solo_por_ingreso_variable | no_eliminar_hobbies_por_defecto | no_tratar_el_estado_como_identidad_permanente,sugerir,media,no,,"El estado uso_planificado_reserva describe únicamente la ventana hasta 2026-06-30 y se sustenta en balance, cobertura, recuperación, variabilidad y deuda.",VEN_0046_3 | recuperacion_consistente | inversion_productiva_observada | hobbies_identificados_sin_asumir_que_deban_eliminarse | balance_operativo_negativo | cobertura_esencial_reducida | recuperacion_demora_mas_de_20_dias,bajo,no_requerida,train,uso_planificado_reserva,si,recomendaciones_mvp_v1.1,fincoah_mvp_co_v1.1,5deef04fe9bc07e239411e8c0f27d80c235295d9262fd9dbddf5bbd1eb74efdb
DEC_0047_04,PERF_0047,dentro_del_mvp,VEN_0047_1,2026-04-30,equilibrio_sostenible,REC_CREAR_MARGEN,Crear un margen pequeño y flexible antes de aumentar compromisos fijos.,prevencion,ampliar_actividad_economica,turismo_y_viajes | cocina_y_reposteria,necesidades_esenciales | hobbies:turismo_y_viajes | cocina_y_reposteria | meta:ampliar_actividad_economica,balance_B:669000 | cobertura_L:4.6576 | variabilidad_V:0.0 | deuda_J:0.0,no_declarar_riesgo_solo_por_ingreso_variable | no_eliminar_hobbies_por_defecto | no_tratar_el_estado_como_identidad_permanente,sugerir,media,no,,"El estado equilibrio_sostenible describe únicamente la ventana hasta 2026-04-30 y se sustenta en balance, cobertura, recuperación, variabilidad y deuda.",VEN_0047_1 | balance_operativo_no_negativo | cobertura_esencial_superior_a_un_mes | inversion_productiva_observada | hobbies_identificados_sin_asumir_que_deban_eliminarse | sin_factor_de_atencion_dominante,bajo,no_requerida,train,deterioro_reciente,si,recomendaciones_mvp_v1.1,fincoah_mvp_co_v1.1,cdb17314ea70291e53f60df11772e80258d372b09603dcd2c4e96944d7da07f7
DEC_0047_05,PERF_0047,dentro_del_mvp,VEN_0047_2,2026-05-31,equilibrio_sostenible,REC_CREAR_MARGEN,Crear un margen pequeño y flexible antes de aumentar compromisos fijos.,prevencion,ampliar_actividad_economica,turismo_y_viajes | cocina_y_reposteria,necesidades_esenciales | hobbies:turismo_y_viajes | cocina_y_reposteria | meta:ampliar_actividad_economica,balance_B:1826000 | cobertura_L:4.2209 | variabilidad_V:0.0375 | deuda_J:0.0,no_declarar_riesgo_solo_por_ingreso_variable | no_eliminar_hobbies_por_defecto | no_tratar_el_estado_como_identidad_permanente,sugerir,media,no,,"El estado equilibrio_sostenible describe únicamente la ventana hasta 2026-05-31 y se sustenta en balance, cobertura, recuperación, variabilidad y deuda.",VEN_0047_2 | balance_operativo_no_negativo | cobertura_esencial_superior_a_un_mes | recuperacion_consistente | inversion_productiva_observada | hobbies_identificados_sin_asumir_que_deban_eliminarse | recuperacion_demora_mas_de_20_dias,bajo,no_requerida,train,deterioro_reciente,si,recomendaciones_mvp_v1.1,fincoah_mvp_co_v1.1,c1d484c584811eb050990925e30c4df8a4159135325d9c7ca74e05816f34eda2
DEC_0047_06,PERF_0047,dentro_del_mvp,VEN_0047_3,2026-06-30,deterioro_reciente,REC_REVISAR_CAMBIO_RECIENTE,Revisar el cambio reciente en ingresos y compromisos antes de modificar gastos personales valiosos.,diagnostico,ampliar_actividad_economica,turismo_y_viajes | cocina_y_reposteria,necesidades_esenciales | hobbies:turismo_y_viajes | cocina_y_reposteria | meta:ampliar_actividad_economica,balance_B:-1590000 | cobertura_L:2.7368 | variabilidad_V:0.1474 | deuda_J:0.0,no_declarar_riesgo_solo_por_ingreso_variable | no_eliminar_hobbies_por_defecto | no_tratar_el_estado_como_identidad_permanente,solicitar_contexto,alta,si,¿Ocurrió algún cambio puntual en tus ingresos o compromisos durante este cierre?,"El estado deterioro_reciente describe únicamente la ventana hasta 2026-06-30 y se sustenta en balance, cobertura, recuperación, variabilidad y deuda.",VEN_0047_3 | cobertura_esencial_superior_a_un_mes | recuperacion_consistente | inversion_productiva_observada | hobbies_identificados_sin_asumir_que_deban_eliminarse | balance_operativo_negativo | recuperacion_demora_mas_de_20_dias,podria_reducir_bienestar_o_desconocer_el_contexto,no_requerida,train,deterioro_reciente,si,recomendaciones_mvp_v1.1,fincoah_mvp_co_v1.1,9afda2e9810622ead18fa4bcfd9580d7d0332d271a8e5999be78d3a1c0bca6c3
DEC_0048_04,PERF_0048,dentro_del_mvp,VEN_0048_1,2026-04-30,deterioro_reciente,REC_REVISAR_CAMBIO_RECIENTE,Revisar el cambio reciente en ingresos y compromisos antes de modificar gastos personales valiosos.,diagnostico,comprar_equipo_de_trabajo,impresion_3d | turismo_y_viajes,necesidades_esenciales | hobbies:impresion_3d | turismo_y_viajes | meta:comprar_equipo_de_trabajo,balance_B:-3021000 | cobertura_L:0.0 | variabilidad_V:0.0 | deuda_J:-0.0735,no_declarar_riesgo_solo_por_ingreso_variable | no_eliminar_hobbies_por_defecto | no_tratar_el_estado_como_identidad_permanente,solicitar_contexto,alta,si,¿Ocurrió algún cambio puntual en tus ingresos o compromisos durante este cierre?,"El estado deterioro_reciente describe únicamente la ventana hasta 2026-04-30 y se sustenta en balance, cobertura, recuperación, variabilidad y deuda.",VEN_0048_1 | inversion_productiva_observada | hobbies_identificados_sin_asumir_que_deban_eliminarse | balance_operativo_negativo | cobertura_esencial_reducida | recuperacion_demora_mas_de_20_dias,podria_reducir_bienestar_o_desconocer_el_contexto,no_requerida,train,fragilidad_sostenida,si,recomendaciones_mvp_v1.1,fincoah_mvp_co_v1.1,dcbe23191e99a03caf772f070d42ee34c8f3954991e5068602d95dc3ba97e310
DEC_0048_05,PERF_0048,dentro_del_mvp,VEN_0048_2,2026-05-31,fragilidad_sostenida,REC_PRIORIZAR_COBERTURA,"Priorizar vivienda, alimentación, salud y servicios; revisar opciones de renegociación de deuda sin eliminar automáticamente los hobbies.",proteccion_esencial,comprar_equipo_de_trabajo,impresion_3d | turismo_y_viajes,necesidades_esenciales | hobbies:impresion_3d | turismo_y_viajes | meta:comprar_equipo_de_trabajo,balance_B:-9777000 | cobertura_L:0.0 | variabilidad_V:0.1893 | deuda_J:-0.005,no_declarar_riesgo_solo_por_ingreso_variable | no_eliminar_hobbies_por_defecto | no_tratar_el_estado_como_identidad_permanente,aplicar,alta,no,,"El estado fragilidad_sostenida describe únicamente la ventana hasta 2026-05-31 y se sustenta en balance, cobertura, recuperación, variabilidad y deuda.",VEN_0048_2 | inversion_productiva_observada | hobbies_identificados_sin_asumir_que_deban_eliminarse | balance_operativo_negativo | cobertura_esencial_reducida | recuperacion_demora_mas_de_20_dias,podria_reducir_bienestar_o_desconocer_el_contexto,no_requerida,train,fragilidad_sostenida,si,recomendaciones_mvp_v1.1,fincoah_mvp_co_v1.1,fbc7f3e6096471dbc2708ce386d0807c1164e0d3069ab826010b489288153de2
DEC_0048_06,PERF_0048,dentro_del_mvp,VEN_0048_3,2026-06-30,fragilidad_sostenida,REC_PRIORIZAR_COBERTURA,"Priorizar vivienda, alimentación, salud y servicios; revisar opciones de renegociación de deuda sin eliminar automáticamente los hobbies.",proteccion_esencial,comprar_equipo_de_trabajo,impresion_3d | turismo_y_viajes,necesidades_esenciales | hobbies:impresion_3d | turismo_y_viajes | meta:comprar_equipo_de_trabajo,balance_B:-15982000 | cobertura_L:0.0 | variabilidad_V:0.1596 | deuda_J:0.0417,no_declarar_riesgo_solo_por_ingreso_variable | no_eliminar_hobbies_por_defecto | no_tratar_el_estado_como_identidad_permanente,aplicar,alta,no,,"El estado fragilidad_sostenida describe únicamente la ventana hasta 2026-06-30 y se sustenta en balance, cobertura, recuperación, variabilidad y deuda.",VEN_0048_3 | inversion_productiva_observada | hobbies_identificados_sin_asumir_que_deban_eliminarse | balance_operativo_negativo | cobertura_esencial_reducida | recuperacion_demora_mas_de_20_dias,podria_reducir_bienestar_o_desconocer_el_contexto,no_requerida,train,fragilidad_sostenida,si,recomendaciones_mvp_v1.1,fincoah_mvp_co_v1.1,33d5aea089c2973a0c44c22ecb1a77aca81c5678a780cd5d9cd32d16d30f87e0
DEC_0049_04,PERF_0049,dentro_del_mvp,VEN_0049_1,2026-04-30,fragilidad_sostenida,REC_PRIORIZAR_COBERTURA,"Priorizar vivienda, alimentación, salud y servicios; revisar opciones de renegociación de deuda sin eliminar automáticamente los hobbies.",proteccion_esencial,comprar_bicicleta,jardineria_y_agricultura_urbana,necesidades_esenciales | hobbies:jardineria_y_agricultura_urbana | meta:comprar_bicicleta,balance_B:-6851000 | cobertura_L:0.0 | variabilidad_V:0.0 | deuda_J:0.0307,no_declarar_riesgo_solo_por_ingreso_variable | no_eliminar_hobbies_por_defecto | no_tratar_el_estado_como_identidad_permanente,aplicar,alta,no,,"El estado fragilidad_sostenida describe únicamente la ventana hasta 2026-04-30 y se sustenta en balance, cobertura, recuperación, variabilidad y deuda.",VEN_0049_1 | inversion_productiva_observada | hobbies_identificados_sin_asumir_que_deban_eliminarse | balance_operativo_negativo | cobertura_esencial_reducida | recuperacion_demora_mas_de_20_dias,podria_reducir_bienestar_o_desconocer_el_contexto,no_requerida,train,situacion_critica,si,recomendaciones_mvp_v1.1,fincoah_mvp_co_v1.1,6e254a14abf667e476ced96b9488a1180c02bf06e64ffed02363f150cfda3ab8
DEC_0049_05,PERF_0049,dentro_del_mvp,VEN_0049_2,2026-05-31,situacion_critica,REC_PLAN_CONTENCION,Activar un plan de contención centrado en necesidades esenciales y solicitar revisión humana para deuda y liquidez.,contencion_y_revision,comprar_bicicleta,jardineria_y_agricultura_urbana,necesidades_esenciales | hobbies:jardineria_y_agricultura_urbana | meta:comprar_bicicleta,balance_B:-17018000 | cobertura_L:0.0 | variabilidad_V:0.0999 | deuda_J:0.017,no_declarar_riesgo_solo_por_ingreso_variable | no_eliminar_hobbies_por_defecto | no_tratar_el_estado_como_identidad_permanente,aplicar,critica,no,,"El estado situacion_critica describe únicamente la ventana hasta 2026-05-31 y se sustenta en balance, cobertura, recuperación, variabilidad y deuda.",VEN_0049_2 | inversion_productiva_observada | hobbies_identificados_sin_asumir_que_deban_eliminarse | balance_operativo_negativo | cobertura_esencial_reducida | recuperacion_demora_mas_de_20_dias,podria_reducir_bienestar_o_desconocer_el_contexto,requerida,train,situacion_critica,si,recomendaciones_mvp_v1.1,fincoah_mvp_co_v1.1,a5b1f8c7fa7d88f5b519a4a30f630504287ff0d92a6a4b3a762ce1c3bb750ee4
DEC_0049_06,PERF_0049,dentro_del_mvp,VEN_0049_3,2026-06-30,situacion_critica,REC_PLAN_CONTENCION,Activar un plan de contención centrado en necesidades esenciales y solicitar revisión humana para deuda y liquidez.,contencion_y_revision,comprar_bicicleta,jardineria_y_agricultura_urbana,necesidades_esenciales | hobbies:jardineria_y_agricultura_urbana | meta:comprar_bicicleta,balance_B:-27311000 | cobertura_L:0.0 | variabilidad_V:0.1102 | deuda_J:0.0507,no_declarar_riesgo_solo_por_ingreso_variable | no_eliminar_hobbies_por_defecto | no_tratar_el_estado_como_identidad_permanente,aplicar,critica,no,,"El estado situacion_critica describe únicamente la ventana hasta 2026-06-30 y se sustenta en balance, cobertura, recuperación, variabilidad y deuda.",VEN_0049_3 | inversion_productiva_observada | hobbies_identificados_sin_asumir_que_deban_eliminarse | balance_operativo_negativo | cobertura_esencial_reducida | deuda_creciente | recuperacion_demora_mas_de_20_dias,podria_reducir_bienestar_o_desconocer_el_contexto,requerida,train,situacion_critica,si,recomendaciones_mvp_v1.1,fincoah_mvp_co_v1.1,50a8213940f6f3f8e0963b1ac9a2b8a8542b905cbe46da0967e2142740e8931a
DEC_0050_04,PERF_0050,dentro_del_mvp,VEN_0050_1,2026-04-30,acumulacion_estable,REC_MANTENER_ACUMULACION,Mantener el patrón actual y separar automáticamente una parte del excedente para la meta declarada.,mantenimiento_y_ahorro,hacer_viaje,ciclismo | jardineria_y_agricultura_urbana,necesidades_esenciales | hobbies:ciclismo | jardineria_y_agricultura_urbana | meta:hacer_viaje,balance_B:2643000 | cobertura_L:5.4904 | variabilidad_V:0.0 | deuda_J:-0.0124,no_declarar_riesgo_solo_por_ingreso_variable | no_eliminar_hobbies_por_defecto | no_tratar_el_estado_como_identidad_permanente,aplicar,media,no,,"El estado acumulacion_estable describe únicamente la ventana hasta 2026-04-30 y se sustenta en balance, cobertura, recuperación, variabilidad y deuda.",VEN_0050_1 | balance_operativo_no_negativo | cobertura_esencial_superior_a_un_mes | recuperacion_consistente | inversion_productiva_observada | hobbies_identificados_sin_asumir_que_deban_eliminarse | sin_factor_de_atencion_dominante,bajo,no_requerida,test,acumulacion_estable,si,recomendaciones_mvp_v1.1,fincoah_mvp_co_v1.1,ffcf4d6c149fd46543900372e388d261cdac522ff1f4733e9257956c2753a886
DEC_0050_05,PERF_0050,dentro_del_mvp,VEN_0050_2,2026-05-31,acumulacion_estable,REC_MANTENER_ACUMULACION,Mantener el patrón actual y separar automáticamente una parte del excedente para la meta declarada.,mantenimiento_y_ahorro,hacer_viaje,ciclismo | jardineria_y_agricultura_urbana,necesidades_esenciales | hobbies:ciclismo | jardineria_y_agricultura_urbana | meta:hacer_viaje,balance_B:4901000 | cobertura_L:7.134 | variabilidad_V:0.0311 | deuda_J:-0.0124,no_declarar_riesgo_solo_por_ingreso_variable | no_eliminar_hobbies_por_defecto | no_tratar_el_estado_como_identidad_permanente,aplicar,media,no,,"El estado acumulacion_estable describe únicamente la ventana hasta 2026-05-31 y se sustenta en balance, cobertura, recuperación, variabilidad y deuda.",VEN_0050_2 | balance_operativo_no_negativo | cobertura_esencial_superior_a_un_mes | recuperacion_consistente | inversion_productiva_observada | hobbies_identificados_sin_asumir_que_deban_eliminarse | sin_factor_de_atencion_dominante,bajo,no_requerida,test,acumulacion_estable,si,recomendaciones_mvp_v1.1,fincoah_mvp_co_v1.1,004e7033b6fa88babb083e1590ee17e1d88a79c8917f0a9eeff1e53b19418091
DEC_0050_06,PERF_0050,dentro_del_mvp,VEN_0050_3,2026-06-30,acumulacion_estable,REC_MANTENER_ACUMULACION,Mantener el patrón actual y separar automáticamente una parte del excedente para la meta declarada.,mantenimiento_y_ahorro,hacer_viaje,ciclismo | jardineria_y_agricultura_urbana,necesidades_esenciales | hobbies:ciclismo | jardineria_y_agricultura_urbana | meta:hacer_viaje,balance_B:7343000 | cobertura_L:8.3627 | variabilidad_V:0.0254 | deuda_J:-0.0321,no_declarar_riesgo_solo_por_ingreso_variable | no_eliminar_hobbies_por_defecto | no_tratar_el_estado_como_identidad_permanente,aplicar,media,no,,"El estado acumulacion_estable describe únicamente la ventana hasta 2026-06-30 y se sustenta en balance, cobertura, recuperación, variabilidad y deuda.",VEN_0050_3 | balance_operativo_no_negativo | cobertura_esencial_superior_a_un_mes | recuperacion_consistente | inversion_productiva_observada | hobbies_identificados_sin_asumir_que_deban_eliminarse | sin_factor_de_atencion_dominante,bajo,no_requerida,test,acumulacion_estable,si,recomendaciones_mvp_v1.1,fincoah_mvp_co_v1.1,4f1e9d79d705eb6ab319fb2735d56c09054069c465ffad1ea0b18e83f87603df
DEC_0051_04,PERF_0051,dentro_del_mvp,VEN_0051_1,2026-04-30,equilibrio_sostenible,REC_CREAR_MARGEN,Crear un margen pequeño y flexible antes de aumentar compromisos fijos.,prevencion,mejorar_vivienda,pintura,necesidades_esenciales | hobbies:pintura | meta:mejorar_vivienda,balance_B:1291000 | cobertura_L:5.6478 | variabilidad_V:0.0 | deuda_J:0.0,no_declarar_riesgo_solo_por_ingreso_variable | no_eliminar_hobbies_por_defecto | no_tratar_el_estado_como_identidad_permanente,sugerir,media,no,,"El estado equilibrio_sostenible describe únicamente la ventana hasta 2026-04-30 y se sustenta en balance, cobertura, recuperación, variabilidad y deuda.",VEN_0051_1 | balance_operativo_no_negativo | cobertura_esencial_superior_a_un_mes | recuperacion_consistente | inversion_productiva_observada | hobbies_identificados_sin_asumir_que_deban_eliminarse | sin_factor_de_atencion_dominante,bajo,no_requerida,test,equilibrio_sostenible,si,recomendaciones_mvp_v1.1,fincoah_mvp_co_v1.1,2ee69f3b8cf4063bd2344d81d2f575543b4170c00b800e17e52c238c44ccfdd1
DEC_0051_05,PERF_0051,dentro_del_mvp,VEN_0051_2,2026-05-31,equilibrio_sostenible,REC_CREAR_MARGEN,Crear un margen pequeño y flexible antes de aumentar compromisos fijos.,prevencion,mejorar_vivienda,pintura,necesidades_esenciales | hobbies:pintura | meta:mejorar_vivienda,balance_B:1068000 | cobertura_L:5.4736 | variabilidad_V:0.0708 | deuda_J:0.0,no_declarar_riesgo_solo_por_ingreso_variable | no_eliminar_hobbies_por_defecto | no_tratar_el_estado_como_identidad_permanente,sugerir,media,no,,"El estado equilibrio_sostenible describe únicamente la ventana hasta 2026-05-31 y se sustenta en balance, cobertura, recuperación, variabilidad y deuda.",VEN_0051_2 | balance_operativo_no_negativo | cobertura_esencial_superior_a_un_mes | recuperacion_consistente | inversion_productiva_observada | hobbies_identificados_sin_asumir_que_deban_eliminarse | recuperacion_demora_mas_de_20_dias,bajo,no_requerida,test,equilibrio_sostenible,si,recomendaciones_mvp_v1.1,fincoah_mvp_co_v1.1,99c03c23a2108a9326f4fdccc6308bd6ce7ebe95d54c3d264ca1942735e6c6e5
DEC_0051_06,PERF_0051,dentro_del_mvp,VEN_0051_3,2026-06-30,equilibrio_sostenible,REC_CREAR_MARGEN,Crear un margen pequeño y flexible antes de aumentar compromisos fijos.,prevencion,mejorar_vivienda,pintura,necesidades_esenciales | hobbies:pintura | meta:mejorar_vivienda,balance_B:2045000 | cobertura_L:5.5751 | variabilidad_V:0.0602 | deuda_J:0.0,no_declarar_riesgo_solo_por_ingreso_variable | no_eliminar_hobbies_por_defecto | no_tratar_el_estado_como_identidad_permanente,sugerir,media,no,,"El estado equilibrio_sostenible describe únicamente la ventana hasta 2026-06-30 y se sustenta en balance, cobertura, recuperación, variabilidad y deuda.",VEN_0051_3 | balance_operativo_no_negativo | cobertura_esencial_superior_a_un_mes | recuperacion_consistente | inversion_productiva_observada | hobbies_identificados_sin_asumir_que_deban_eliminarse | recuperacion_demora_mas_de_20_dias,bajo,no_requerida,test,equilibrio_sostenible,si,recomendaciones_mvp_v1.1,fincoah_mvp_co_v1.1,2cdacce9bd0c084ff7699bed3c6b13b1dc1a58ac77ca4fc242e3ab4755643faf
DEC_0052_04,PERF_0052,dentro_del_mvp,VEN_0052_1,2026-04-30,equilibrio_sostenible,REC_CREAR_MARGEN,Crear un margen pequeño y flexible antes de aumentar compromisos fijos.,prevencion,mejorar_vivienda,cocina_y_reposteria,necesidades_esenciales | hobbies:cocina_y_reposteria | meta:mejorar_vivienda,balance_B:648000 | cobertura_L:3.1919 | variabilidad_V:0.0 | deuda_J:-0.1222,no_declarar_riesgo_solo_por_ingreso_variable | no_eliminar_hobbies_por_defecto | no_tratar_el_estado_como_identidad_permanente,sugerir,media,no,,"El estado equilibrio_sostenible describe únicamente la ventana hasta 2026-04-30 y se sustenta en balance, cobertura, recuperación, variabilidad y deuda.",VEN_0052_1 | balance_operativo_no_negativo | cobertura_esencial_superior_a_un_mes | inversion_productiva_observada | hobbies_identificados_sin_asumir_que_deban_eliminarse | recuperacion_demora_mas_de_20_dias,bajo,no_requerida,train,variable_resiliente,si,recomendaciones_mvp_v1.1,fincoah_mvp_co_v1.1,a5347b71d99b0afac5510e5d7ee7273f699a8276dae530180f8ab40036d61be1
DEC_0052_05,PERF_0052,dentro_del_mvp,VEN_0052_2,2026-05-31,variable_resiliente,REC_RESERVA_PICOS,Reservar parte de los meses altos para cubrir los periodos de menor ingreso sin tratar la variabilidad como falla.,gestion_ingreso_variable,mejorar_vivienda,cocina_y_reposteria,necesidades_esenciales | hobbies:cocina_y_reposteria | meta:mejorar_vivienda,balance_B:-3030000 | cobertura_L:1.7637 | variabilidad_V:0.181 | deuda_J:-0.1894,no_declarar_riesgo_solo_por_ingreso_variable | no_eliminar_hobbies_por_defecto | no_tratar_el_estado_como_identidad_permanente,aplicar,alta,no,,"El estado variable_resiliente describe únicamente la ventana hasta 2026-05-31 y se sustenta en balance, cobertura, recuperación, variabilidad y deuda.",VEN_0052_2 | cobertura_esencial_superior_a_un_mes | inversion_productiva_observada | hobbies_identificados_sin_asumir_que_deban_eliminarse | balance_operativo_negativo | recuperacion_demora_mas_de_20_dias,bajo,no_requerida,train,variable_resiliente,si,recomendaciones_mvp_v1.1,fincoah_mvp_co_v1.1,f05dcd920a7ec9fe9556288ee8949fff2188910dd1d5923b52c89c3b6e8aab16
DEC_0052_06,PERF_0052,dentro_del_mvp,VEN_0052_3,2026-06-30,variable_resiliente,REC_RESERVA_PICOS,Reservar parte de los meses altos para cubrir los periodos de menor ingreso sin tratar la variabilidad como falla.,gestion_ingreso_variable,mejorar_vivienda,cocina_y_reposteria,necesidades_esenciales | hobbies:cocina_y_reposteria | meta:mejorar_vivienda,balance_B:-6007000 | cobertura_L:1.2762 | variabilidad_V:0.1541 | deuda_J:-0.1894,no_declarar_riesgo_solo_por_ingreso_variable | no_eliminar_hobbies_por_defecto | no_tratar_el_estado_como_identidad_permanente,aplicar,alta,no,,"El estado variable_resiliente describe únicamente la ventana hasta 2026-06-30 y se sustenta en balance, cobertura, recuperación, variabilidad y deuda.",VEN_0052_3 | cobertura_esencial_superior_a_un_mes | inversion_productiva_observada | hobbies_identificados_sin_asumir_que_deban_eliminarse | balance_operativo_negativo | recuperacion_demora_mas_de_20_dias,bajo,no_requerida,train,variable_resiliente,si,recomendaciones_mvp_v1.1,fincoah_mvp_co_v1.1,e28607b033e927463a4860782bcd86febeb50f3d769a452a4c6785ff2b9293bb
DEC_0053_04,PERF_0053,dentro_del_mvp,VEN_0053_1,2026-04-30,acumulacion_estable,REC_MANTENER_ACUMULACION,Mantener el patrón actual y separar automáticamente una parte del excedente para la meta declarada.,mantenimiento_y_ahorro,crear_fondo_emergencia,manualidades_y_artesanias,necesidades_esenciales | hobbies:manualidades_y_artesanias | meta:crear_fondo_emergencia,balance_B:2278000 | cobertura_L:6.9241 | variabilidad_V:0.0 | deuda_J:0.0,no_declarar_riesgo_solo_por_ingreso_variable | no_eliminar_hobbies_por_defecto | no_tratar_el_estado_como_identidad_permanente,aplicar,media,no,,"El estado acumulacion_estable describe únicamente la ventana hasta 2026-04-30 y se sustenta en balance, cobertura, recuperación, variabilidad y deuda.",VEN_0053_1 | balance_operativo_no_negativo | cobertura_esencial_superior_a_un_mes | recuperacion_consistente | hobbies_identificados_sin_asumir_que_deban_eliminarse | sin_factor_de_atencion_dominante,bajo,no_requerida,train,uso_planificado_reserva,si,recomendaciones_mvp_v1.1,fincoah_mvp_co_v1.1,fc65890752c774ecd275d35cd62b927a18fc6a4da000baa22c92d33a014930a5
DEC_0053_05,PERF_0053,dentro_del_mvp,VEN_0053_2,2026-05-31,uso_planificado_reserva,REC_VIGILAR_RESERVA,Mantener el gasto alineado con la meta y revisar que la reserva conserve cobertura suficiente durante el siguiente cierre.,seguimiento_meta,crear_fondo_emergencia,manualidades_y_artesanias,necesidades_esenciales | hobbies:manualidades_y_artesanias | meta:crear_fondo_emergencia,balance_B:-3308000 | cobertura_L:2.8618 | variabilidad_V:0.2644 | deuda_J:0.0,no_declarar_riesgo_solo_por_ingreso_variable | no_eliminar_hobbies_por_defecto | no_tratar_el_estado_como_identidad_permanente,sugerir,media,no,,"El estado uso_planificado_reserva describe únicamente la ventana hasta 2026-05-31 y se sustenta en balance, cobertura, recuperación, variabilidad y deuda.",VEN_0053_2 | cobertura_esencial_superior_a_un_mes | recuperacion_consistente | inversion_productiva_observada | hobbies_identificados_sin_asumir_que_deban_eliminarse | balance_operativo_negativo | recuperacion_demora_mas_de_20_dias,bajo,no_requerida,train,uso_planificado_reserva,si,recomendaciones_mvp_v1.1,fincoah_mvp_co_v1.1,35bc2d9ff1e98219d67a91017b977bdb4a6e3eb690454c3208234ec6c634f440
DEC_0053_06,PERF_0053,dentro_del_mvp,VEN_0053_3,2026-06-30,uso_planificado_reserva,REC_VIGILAR_RESERVA,Mantener el gasto alineado con la meta y revisar que la reserva conserve cobertura suficiente durante el siguiente cierre.,seguimiento_meta,crear_fondo_emergencia,manualidades_y_artesanias,necesidades_esenciales | hobbies:manualidades_y_artesanias | meta:crear_fondo_emergencia,balance_B:-8855000 | cobertura_L:1.4662 | variabilidad_V:0.2703 | deuda_J:0.0,no_declarar_riesgo_solo_por_ingreso_variable | no_eliminar_hobbies_por_defecto | no_tratar_el_estado_como_identidad_permanente,sugerir,media,no,,"El estado uso_planificado_reserva describe únicamente la ventana hasta 2026-06-30 y se sustenta en balance, cobertura, recuperación, variabilidad y deuda.",VEN_0053_3 | cobertura_esencial_superior_a_un_mes | recuperacion_consistente | inversion_productiva_observada | hobbies_identificados_sin_asumir_que_deban_eliminarse | balance_operativo_negativo | recuperacion_demora_mas_de_20_dias,bajo,no_requerida,train,uso_planificado_reserva,si,recomendaciones_mvp_v1.1,fincoah_mvp_co_v1.1,437724a7deff6235511162fe5bafe1a6b179e8bb058ed4baeb5503d43c79e181
DEC_0054_04,PERF_0054,dentro_del_mvp,VEN_0054_1,2026-04-30,equilibrio_sostenible,REC_CREAR_MARGEN,Crear un margen pequeño y flexible antes de aumentar compromisos fijos.,prevencion,comprar_equipo_de_trabajo,musica,necesidades_esenciales | hobbies:musica | meta:comprar_equipo_de_trabajo,balance_B:869000 | cobertura_L:2.5111 | variabilidad_V:0.0 | deuda_J:0.0,no_declarar_riesgo_solo_por_ingreso_variable | no_eliminar_hobbies_por_defecto | no_tratar_el_estado_como_identidad_permanente,sugerir,media,no,,"El estado equilibrio_sostenible describe únicamente la ventana hasta 2026-04-30 y se sustenta en balance, cobertura, recuperación, variabilidad y deuda.",VEN_0054_1 | balance_operativo_no_negativo | cobertura_esencial_superior_a_un_mes | inversion_productiva_observada | hobbies_identificados_sin_asumir_que_deban_eliminarse | recuperacion_demora_mas_de_20_dias,bajo,no_requerida,train,deterioro_reciente,si,recomendaciones_mvp_v1.1,fincoah_mvp_co_v1.1,0d6227020a80b61b5ff8a8b2084eb647ba2124db21d84508880eac2889ff2854
DEC_0054_05,PERF_0054,dentro_del_mvp,VEN_0054_2,2026-05-31,equilibrio_sostenible,REC_CREAR_MARGEN,Crear un margen pequeño y flexible antes de aumentar compromisos fijos.,prevencion,comprar_equipo_de_trabajo,musica,necesidades_esenciales | hobbies:musica | meta:comprar_equipo_de_trabajo,balance_B:981000 | cobertura_L:2.1978 | variabilidad_V:0.0509 | deuda_J:0.0,no_declarar_riesgo_solo_por_ingreso_variable | no_eliminar_hobbies_por_defecto | no_tratar_el_estado_como_identidad_permanente,sugerir,media,no,,"El estado equilibrio_sostenible describe únicamente la ventana hasta 2026-05-31 y se sustenta en balance, cobertura, recuperación, variabilidad y deuda.",VEN_0054_2 | balance_operativo_no_negativo | cobertura_esencial_superior_a_un_mes | inversion_productiva_observada | hobbies_identificados_sin_asumir_que_deban_eliminarse | recuperacion_demora_mas_de_20_dias,bajo,no_requerida,train,deterioro_reciente,si,recomendaciones_mvp_v1.1,fincoah_mvp_co_v1.1,6dc624d08182c20b1a6ef8cef4dc07f094083abf51ea85571616fedb1d27778e
DEC_0054_06,PERF_0054,dentro_del_mvp,VEN_0054_3,2026-06-30,deterioro_reciente,REC_REVISAR_CAMBIO_RECIENTE,Revisar el cambio reciente en ingresos y compromisos antes de modificar gastos personales valiosos.,diagnostico,comprar_equipo_de_trabajo,musica,necesidades_esenciales | hobbies:musica | meta:comprar_equipo_de_trabajo,balance_B:-3551000 | cobertura_L:0.8136 | variabilidad_V:0.138 | deuda_J:0.0,no_declarar_riesgo_solo_por_ingreso_variable | no_eliminar_hobbies_por_defecto | no_tratar_el_estado_como_identidad_permanente,solicitar_contexto,alta,si,¿Ocurrió algún cambio puntual en tus ingresos o compromisos durante este cierre?,"El estado deterioro_reciente describe únicamente la ventana hasta 2026-06-30 y se sustenta en balance, cobertura, recuperación, variabilidad y deuda.",VEN_0054_3 | inversion_productiva_observada | hobbies_identificados_sin_asumir_que_deban_eliminarse | balance_operativo_negativo | cobertura_esencial_reducida | recuperacion_demora_mas_de_20_dias,podria_reducir_bienestar_o_desconocer_el_contexto,no_requerida,train,deterioro_reciente,si,recomendaciones_mvp_v1.1,fincoah_mvp_co_v1.1,277d1148df036e94e380da94e04835c31a76a474dd6b72a12cefd257b1ce1fa0
DEC_0055_04,PERF_0055,dentro_del_mvp,VEN_0055_1,2026-04-30,deterioro_reciente,REC_REVISAR_CAMBIO_RECIENTE,Revisar el cambio reciente en ingresos y compromisos antes de modificar gastos personales valiosos.,diagnostico,ampliar_actividad_economica,fotografia_y_video,necesidades_esenciales | hobbies:fotografia_y_video | meta:ampliar_actividad_economica,balance_B:-2228000 | cobertura_L:0.0 | variabilidad_V:0.0 | deuda_J:0.0,no_declarar_riesgo_solo_por_ingreso_variable | no_eliminar_hobbies_por_defecto | no_tratar_el_estado_como_identidad_permanente,solicitar_contexto,alta,si,¿Ocurrió algún cambio puntual en tus ingresos o compromisos durante este cierre?,"El estado deterioro_reciente describe únicamente la ventana hasta 2026-04-30 y se sustenta en balance, cobertura, recuperación, variabilidad y deuda.",VEN_0055_1 | inversion_productiva_observada | hobbies_identificados_sin_asumir_que_deban_eliminarse | balance_operativo_negativo | cobertura_esencial_reducida | recuperacion_demora_mas_de_20_dias,podria_reducir_bienestar_o_desconocer_el_contexto,no_requerida,train,fragilidad_sostenida,si,recomendaciones_mvp_v1.1,fincoah_mvp_co_v1.1,86e1da2faff6a4c60d6a83b16d752de2e976fc1a8a8f3d9a84e22e99016c21ec
DEC_0055_05,PERF_0055,dentro_del_mvp,VEN_0055_2,2026-05-31,fragilidad_sostenida,REC_PRIORIZAR_COBERTURA,"Priorizar vivienda, alimentación, salud y servicios; revisar opciones de renegociación de deuda sin eliminar automáticamente los hobbies.",proteccion_esencial,ampliar_actividad_economica,fotografia_y_video,necesidades_esenciales | hobbies:fotografia_y_video | meta:ampliar_actividad_economica,balance_B:-7043000 | cobertura_L:0.0 | variabilidad_V:0.1911 | deuda_J:0.0172,no_declarar_riesgo_solo_por_ingreso_variable | no_eliminar_hobbies_por_defecto | no_tratar_el_estado_como_identidad_permanente,aplicar,alta,no,,"El estado fragilidad_sostenida describe únicamente la ventana hasta 2026-05-31 y se sustenta en balance, cobertura, recuperación, variabilidad y deuda.",VEN_0055_2 | inversion_productiva_observada | hobbies_identificados_sin_asumir_que_deban_eliminarse | balance_operativo_negativo | cobertura_esencial_reducida | recuperacion_demora_mas_de_20_dias,podria_reducir_bienestar_o_desconocer_el_contexto,no_requerida,train,fragilidad_sostenida,si,recomendaciones_mvp_v1.1,fincoah_mvp_co_v1.1,9edb5c8461e06caaf38ceeacdfb15bf784df235d346e9a27a4a0e3411051dbd6
DEC_0055_06,PERF_0055,dentro_del_mvp,VEN_0055_3,2026-06-30,fragilidad_sostenida,REC_PRIORIZAR_COBERTURA,"Priorizar vivienda, alimentación, salud y servicios; revisar opciones de renegociación de deuda sin eliminar automáticamente los hobbies.",proteccion_esencial,ampliar_actividad_economica,fotografia_y_video,necesidades_esenciales | hobbies:fotografia_y_video | meta:ampliar_actividad_economica,balance_B:-11672000 | cobertura_L:0.0 | variabilidad_V:0.1738 | deuda_J:-0.0129,no_declarar_riesgo_solo_por_ingreso_variable | no_eliminar_hobbies_por_defecto | no_tratar_el_estado_como_identidad_permanente,aplicar,alta,no,,"El estado fragilidad_sostenida describe únicamente la ventana hasta 2026-06-30 y se sustenta en balance, cobertura, recuperación, variabilidad y deuda.",VEN_0055_3 | inversion_productiva_observada | hobbies_identificados_sin_asumir_que_deban_eliminarse | balance_operativo_negativo | cobertura_esencial_reducida | recuperacion_demora_mas_de_20_dias,podria_reducir_bienestar_o_desconocer_el_contexto,no_requerida,train,fragilidad_sostenida,si,recomendaciones_mvp_v1.1,fincoah_mvp_co_v1.1,947d1e0fac88ec4915f76bfc9debdc8b8ebab4712643a2b04d419f2ddddc1d25
DEC_0056_04,PERF_0056,dentro_del_mvp,VEN_0056_1,2026-04-30,fragilidad_sostenida,REC_PRIORIZAR_COBERTURA,"Priorizar vivienda, alimentación, salud y servicios; revisar opciones de renegociación de deuda sin eliminar automáticamente los hobbies.",proteccion_esencial,pagar_deuda,videojuegos_y_streaming | turismo_y_viajes,necesidades_esenciales | hobbies:videojuegos_y_streaming | turismo_y_viajes | meta:pagar_deuda,balance_B:-5188000 | cobertura_L:0.0 | variabilidad_V:0.0 | deuda_J:0.0542,no_declarar_riesgo_solo_por_ingreso_variable | no_eliminar_hobbies_por_defecto | no_tratar_el_estado_como_identidad_permanente,aplicar,alta,no,,"El estado fragilidad_sostenida describe únicamente la ventana hasta 2026-04-30 y se sustenta en balance, cobertura, recuperación, variabilidad y deuda.",VEN_0056_1 | inversion_productiva_observada | hobbies_identificados_sin_asumir_que_deban_eliminarse | balance_operativo_negativo | cobertura_esencial_reducida | deuda_creciente | recuperacion_demora_mas_de_20_dias,podria_reducir_bienestar_o_desconocer_el_contexto,no_requerida,train,situacion_critica,si,recomendaciones_mvp_v1.1,fincoah_mvp_co_v1.1,c1837a79cceb8e359c9a74a5b748ed4e3e83b3d7787d46ffcb7d1c3fe164abab
DEC_0056_05,PERF_0056,dentro_del_mvp,VEN_0056_2,2026-05-31,situacion_critica,REC_PLAN_CONTENCION,Activar un plan de contención centrado en necesidades esenciales y solicitar revisión humana para deuda y liquidez.,contencion_y_revision,pagar_deuda,videojuegos_y_streaming | turismo_y_viajes,necesidades_esenciales | hobbies:videojuegos_y_streaming | turismo_y_viajes | meta:pagar_deuda,balance_B:-13456000 | cobertura_L:0.0 | variabilidad_V:0.2088 | deuda_J:0.0816,no_declarar_riesgo_solo_por_ingreso_variable | no_eliminar_hobbies_por_defecto | no_tratar_el_estado_como_identidad_permanente,aplicar,critica,no,,"El estado situacion_critica describe únicamente la ventana hasta 2026-05-31 y se sustenta en balance, cobertura, recuperación, variabilidad y deuda.",VEN_0056_2 | inversion_productiva_observada | hobbies_identificados_sin_asumir_que_deban_eliminarse | balance_operativo_negativo | cobertura_esencial_reducida | deuda_creciente | recuperacion_demora_mas_de_20_dias,podria_reducir_bienestar_o_desconocer_el_contexto,requerida,train,situacion_critica,si,recomendaciones_mvp_v1.1,fincoah_mvp_co_v1.1,3900f6ed2b3ea12c7fe4d3dff3ee2fd235ac3ea692cdde829a93cd7dd163600f
DEC_0056_06,PERF_0056,dentro_del_mvp,VEN_0056_3,2026-06-30,situacion_critica,REC_PLAN_CONTENCION,Activar un plan de contención centrado en necesidades esenciales y solicitar revisión humana para deuda y liquidez.,contencion_y_revision,pagar_deuda,videojuegos_y_streaming | turismo_y_viajes,necesidades_esenciales | hobbies:videojuegos_y_streaming | turismo_y_viajes | meta:pagar_deuda,balance_B:-21421000 | cobertura_L:0.0 | variabilidad_V:0.1792 | deuda_J:0.1664,no_declarar_riesgo_solo_por_ingreso_variable | no_eliminar_hobbies_por_defecto | no_tratar_el_estado_como_identidad_permanente,aplicar,critica,no,,"El estado situacion_critica describe únicamente la ventana hasta 2026-06-30 y se sustenta en balance, cobertura, recuperación, variabilidad y deuda.",VEN_0056_3 | inversion_productiva_observada | hobbies_identificados_sin_asumir_que_deban_eliminarse | balance_operativo_negativo | cobertura_esencial_reducida | deuda_creciente | recuperacion_demora_mas_de_20_dias,podria_reducir_bienestar_o_desconocer_el_contexto,requerida,train,situacion_critica,si,recomendaciones_mvp_v1.1,fincoah_mvp_co_v1.1,1d2f44c3e66c825e28788a1b2cc0ecf04bfc3aa5233ab635591343eae2302fcd
DEC_0057_04,PERF_0057,dentro_del_mvp,VEN_0057_1,2026-04-30,acumulacion_estable,REC_MANTENER_ACUMULACION,Mantener el patrón actual y separar automáticamente una parte del excedente para la meta declarada.,mantenimiento_y_ahorro,ampliar_actividad_economica,turismo_y_viajes | cocina_y_reposteria,necesidades_esenciales | hobbies:turismo_y_viajes | cocina_y_reposteria | meta:ampliar_actividad_economica,balance_B:3903000 | cobertura_L:3.6451 | variabilidad_V:0.0 | deuda_J:0.0,no_declarar_riesgo_solo_por_ingreso_variable | no_eliminar_hobbies_por_defecto | no_tratar_el_estado_como_identidad_permanente,aplicar,media,no,,"El estado acumulacion_estable describe únicamente la ventana hasta 2026-04-30 y se sustenta en balance, cobertura, recuperación, variabilidad y deuda.",VEN_0057_1 | balance_operativo_no_negativo | cobertura_esencial_superior_a_un_mes | recuperacion_consistente | inversion_productiva_observada | hobbies_identificados_sin_asumir_que_deban_eliminarse | sin_factor_de_atencion_dominante,bajo,no_requerida,train,acumulacion_estable,si,recomendaciones_mvp_v1.1,fincoah_mvp_co_v1.1,f11d44aa7e121cabaded3f6acd64934e28425dffb0dfea3ada5275fcabbfe0d0
DEC_0057_05,PERF_0057,dentro_del_mvp,VEN_0057_2,2026-05-31,acumulacion_estable,REC_MANTENER_ACUMULACION,Mantener el patrón actual y separar automáticamente una parte del excedente para la meta declarada.,mantenimiento_y_ahorro,ampliar_actividad_economica,turismo_y_viajes | cocina_y_reposteria,necesidades_esenciales | hobbies:turismo_y_viajes | cocina_y_reposteria | meta:ampliar_actividad_economica,balance_B:7873000 | cobertura_L:5.2233 | variabilidad_V:0.0033 | deuda_J:0.0856,no_declarar_riesgo_solo_por_ingreso_variable | no_eliminar_hobbies_por_defecto | no_tratar_el_estado_como_identidad_permanente,aplicar,media,no,,"El estado acumulacion_estable describe únicamente la ventana hasta 2026-05-31 y se sustenta en balance, cobertura, recuperación, variabilidad y deuda.",VEN_0057_2 | balance_operativo_no_negativo | cobertura_esencial_superior_a_un_mes | recuperacion_consistente | inversion_productiva_observada | hobbies_identificados_sin_asumir_que_deban_eliminarse | deuda_creciente,bajo,no_requerida,train,acumulacion_estable,si,recomendaciones_mvp_v1.1,fincoah_mvp_co_v1.1,66f644e87d114492921a3c8331d5c5b4077618a6430d2d66f92d4890d9eaebca
DEC_0057_06,PERF_0057,dentro_del_mvp,VEN_0057_3,2026-06-30,acumulacion_estable,REC_MANTENER_ACUMULACION,Mantener el patrón actual y separar automáticamente una parte del excedente para la meta declarada.,mantenimiento_y_ahorro,ampliar_actividad_economica,turismo_y_viajes | cocina_y_reposteria,necesidades_esenciales | hobbies:turismo_y_viajes | cocina_y_reposteria | meta:ampliar_actividad_economica,balance_B:11262000 | cobertura_L:6.6249 | variabilidad_V:0.0263 | deuda_J:0.0581,no_declarar_riesgo_solo_por_ingreso_variable | no_eliminar_hobbies_por_defecto | no_tratar_el_estado_como_identidad_permanente,aplicar,media,no,,"El estado acumulacion_estable describe únicamente la ventana hasta 2026-06-30 y se sustenta en balance, cobertura, recuperación, variabilidad y deuda.",VEN_0057_3 | balance_operativo_no_negativo | cobertura_esencial_superior_a_un_mes | recuperacion_consistente | inversion_productiva_observada | hobbies_identificados_sin_asumir_que_deban_eliminarse | deuda_creciente,bajo,no_requerida,train,acumulacion_estable,si,recomendaciones_mvp_v1.1,fincoah_mvp_co_v1.1,3c62d6ec18df45a09cb3805b82f3c0a522ea4c0b25ed8e2e1dc737f0d91282b9
DEC_0058_04,PERF_0058,dentro_del_mvp,VEN_0058_1,2026-04-30,equilibrio_sostenible,REC_CREAR_MARGEN,Crear un margen pequeño y flexible antes de aumentar compromisos fijos.,prevencion,hacer_certificacion_profesional,impresion_3d | videojuegos_y_streaming,necesidades_esenciales | hobbies:impresion_3d | videojuegos_y_streaming | meta:hacer_certificacion_profesional,balance_B:515000 | cobertura_L:1.2155 | variabilidad_V:0.0 | deuda_J:-0.0148,no_declarar_riesgo_solo_por_ingreso_variable | no_eliminar_hobbies_por_defecto | no_tratar_el_estado_como_identidad_permanente,sugerir,media,no,,"El estado equilibrio_sostenible describe únicamente la ventana hasta 2026-04-30 y se sustenta en balance, cobertura, recuperación, variabilidad y deuda.",VEN_0058_1 | balance_operativo_no_negativo | cobertura_esencial_superior_a_un_mes | inversion_productiva_observada | hobbies_identificados_sin_asumir_que_deban_eliminarse | sin_factor_de_atencion_dominante,bajo,no_requerida,validation,equilibrio_sostenible,si,recomendaciones_mvp_v1.1,fincoah_mvp_co_v1.1,e5d7109f2e44fdb8ebb6e3e87ea047c0de2a853f1859015d60a0fdf17b256d7f
DEC_0058_05,PERF_0058,dentro_del_mvp,VEN_0058_2,2026-05-31,equilibrio_sostenible,REC_CREAR_MARGEN,Crear un margen pequeño y flexible antes de aumentar compromisos fijos.,prevencion,hacer_certificacion_profesional,impresion_3d | videojuegos_y_streaming,necesidades_esenciales | hobbies:impresion_3d | videojuegos_y_streaming | meta:hacer_certificacion_profesional,balance_B:435000 | cobertura_L:1.2788 | variabilidad_V:0.0743 | deuda_J:-0.049,no_declarar_riesgo_solo_por_ingreso_variable | no_eliminar_hobbies_por_defecto | no_tratar_el_estado_como_identidad_permanente,sugerir,media,no,,"El estado equilibrio_sostenible describe únicamente la ventana hasta 2026-05-31 y se sustenta en balance, cobertura, recuperación, variabilidad y deuda.",VEN_0058_2 | balance_operativo_no_negativo | cobertura_esencial_superior_a_un_mes | inversion_productiva_observada | hobbies_identificados_sin_asumir_que_deban_eliminarse | sin_factor_de_atencion_dominante,bajo,no_requerida,validation,equilibrio_sostenible,si,recomendaciones_mvp_v1.1,fincoah_mvp_co_v1.1,3ec38824beeef753bb13639362954d6c3e12c5885c51923d36432906468e444a
DEC_0058_06,PERF_0058,dentro_del_mvp,VEN_0058_3,2026-06-30,equilibrio_sostenible,REC_CREAR_MARGEN,Crear un margen pequeño y flexible antes de aumentar compromisos fijos.,prevencion,hacer_certificacion_profesional,impresion_3d | videojuegos_y_streaming,necesidades_esenciales | hobbies:impresion_3d | videojuegos_y_streaming | meta:hacer_certificacion_profesional,balance_B:870000 | cobertura_L:1.5853 | variabilidad_V:0.0647 | deuda_J:-0.0751,no_declarar_riesgo_solo_por_ingreso_variable | no_eliminar_hobbies_por_defecto | no_tratar_el_estado_como_identidad_permanente,sugerir,media,no,,"El estado equilibrio_sostenible describe únicamente la ventana hasta 2026-06-30 y se sustenta en balance, cobertura, recuperación, variabilidad y deuda.",VEN_0058_3 | balance_operativo_no_negativo | cobertura_esencial_superior_a_un_mes | recuperacion_consistente | inversion_productiva_observada | hobbies_identificados_sin_asumir_que_deban_eliminarse | sin_factor_de_atencion_dominante,bajo,no_requerida,validation,equilibrio_sostenible,si,recomendaciones_mvp_v1.1,fincoah_mvp_co_v1.1,9a24919093d25f0516c58842d5c4359540917d019eff04001f0c64c99032a366
DEC_0059_04,PERF_0059,dentro_del_mvp,VEN_0059_1,2026-04-30,equilibrio_sostenible,REC_CREAR_MARGEN,Crear un margen pequeño y flexible antes de aumentar compromisos fijos.,prevencion,pagar_deuda,jardineria_y_agricultura_urbana,necesidades_esenciales | hobbies:jardineria_y_agricultura_urbana | meta:pagar_deuda,balance_B:307000 | cobertura_L:1.3007 | variabilidad_V:0.0 | deuda_J:-0.0638,no_declarar_riesgo_solo_por_ingreso_variable | no_eliminar_hobbies_por_defecto | no_tratar_el_estado_como_identidad_permanente,sugerir,media,no,,"El estado equilibrio_sostenible describe únicamente la ventana hasta 2026-04-30 y se sustenta en balance, cobertura, recuperación, variabilidad y deuda.",VEN_0059_1 | balance_operativo_no_negativo | cobertura_esencial_superior_a_un_mes | recuperacion_consistente | inversion_productiva_observada | hobbies_identificados_sin_asumir_que_deban_eliminarse | recuperacion_demora_mas_de_20_dias,bajo,no_requerida,test,variable_resiliente,si,recomendaciones_mvp_v1.1,fincoah_mvp_co_v1.1,c46dc988380a9c5a9900f5bdedcdbdfbb34951104966f6c38b9f8220f459a4e6
DEC_0059_05,PERF_0059,dentro_del_mvp,VEN_0059_2,2026-05-31,variable_resiliente,REC_RESERVA_PICOS,Reservar parte de los meses altos para cubrir los periodos de menor ingreso sin tratar la variabilidad como falla.,gestion_ingreso_variable,pagar_deuda,jardineria_y_agricultura_urbana,necesidades_esenciales | hobbies:jardineria_y_agricultura_urbana | meta:pagar_deuda,balance_B:-1104000 | cobertura_L:0.3998 | variabilidad_V:0.1904 | deuda_J:-0.1878,no_declarar_riesgo_solo_por_ingreso_variable | no_eliminar_hobbies_por_defecto | no_tratar_el_estado_como_identidad_permanente,aplicar,alta,no,,"El estado variable_resiliente describe únicamente la ventana hasta 2026-05-31 y se sustenta en balance, cobertura, recuperación, variabilidad y deuda.",VEN_0059_2 | inversion_productiva_observada | hobbies_identificados_sin_asumir_que_deban_eliminarse | balance_operativo_negativo | cobertura_esencial_reducida | recuperacion_demora_mas_de_20_dias,bajo,no_requerida,test,variable_resiliente,si,recomendaciones_mvp_v1.1,fincoah_mvp_co_v1.1,1d541dee1b5e31d3c9be9da52c4415f9fe97e76fb28d9965c5d59657fecb99ca
DEC_0059_06,PERF_0059,dentro_del_mvp,VEN_0059_3,2026-06-30,variable_resiliente,REC_RESERVA_PICOS,Reservar parte de los meses altos para cubrir los periodos de menor ingreso sin tratar la variabilidad como falla.,gestion_ingreso_variable,pagar_deuda,jardineria_y_agricultura_urbana,necesidades_esenciales | hobbies:jardineria_y_agricultura_urbana | meta:pagar_deuda,balance_B:921000 | cobertura_L:1.7469 | variabilidad_V:0.2723 | deuda_J:-0.2446,no_declarar_riesgo_solo_por_ingreso_variable | no_eliminar_hobbies_por_defecto | no_tratar_el_estado_como_identidad_permanente,aplicar,alta,no,,"El estado variable_resiliente describe únicamente la ventana hasta 2026-06-30 y se sustenta en balance, cobertura, recuperación, variabilidad y deuda.",VEN_0059_3 | balance_operativo_no_negativo | cobertura_esencial_superior_a_un_mes | inversion_productiva_observada | hobbies_identificados_sin_asumir_que_deban_eliminarse | recuperacion_demora_mas_de_20_dias,bajo,no_requerida,test,variable_resiliente,si,recomendaciones_mvp_v1.1,fincoah_mvp_co_v1.1,79f94b35f5eecb7bc66cbd8ac0b27817185e45385a6faf3259c3bac60910fc8f
DEC_0060_04,PERF_0060,dentro_del_mvp,VEN_0060_1,2026-04-30,acumulacion_estable,REC_MANTENER_ACUMULACION,Mantener el patrón actual y separar automáticamente una parte del excedente para la meta declarada.,mantenimiento_y_ahorro,comprar_equipo_de_trabajo,ciclismo | videojuegos_y_streaming,necesidades_esenciales | hobbies:ciclismo | videojuegos_y_streaming | meta:comprar_equipo_de_trabajo,balance_B:1630000 | cobertura_L:8.1004 | variabilidad_V:0.0 | deuda_J:-0.0174,no_declarar_riesgo_solo_por_ingreso_variable | no_eliminar_hobbies_por_defecto | no_tratar_el_estado_como_identidad_permanente,aplicar,media,no,,"El estado acumulacion_estable describe únicamente la ventana hasta 2026-04-30 y se sustenta en balance, cobertura, recuperación, variabilidad y deuda.",VEN_0060_1 | balance_operativo_no_negativo | cobertura_esencial_superior_a_un_mes | recuperacion_consistente | inversion_productiva_observada | hobbies_identificados_sin_asumir_que_deban_eliminarse | sin_factor_de_atencion_dominante,bajo,no_requerida,validation,uso_planificado_reserva,si,recomendaciones_mvp_v1.1,fincoah_mvp_co_v1.1,02dca6cfa975e0610f9b93aa563a81787616f31cd611dfdc4aa339095d2e9d86
DEC_0060_05,PERF_0060,dentro_del_mvp,VEN_0060_2,2026-05-31,uso_planificado_reserva,REC_VIGILAR_RESERVA,Mantener el gasto alineado con la meta y revisar que la reserva conserve cobertura suficiente durante el siguiente cierre.,seguimiento_meta,comprar_equipo_de_trabajo,ciclismo | videojuegos_y_streaming,necesidades_esenciales | hobbies:ciclismo | videojuegos_y_streaming | meta:comprar_equipo_de_trabajo,balance_B:-3087000 | cobertura_L:3.0075 | variabilidad_V:0.2095 | deuda_J:-0.0174,no_declarar_riesgo_solo_por_ingreso_variable | no_eliminar_hobbies_por_defecto | no_tratar_el_estado_como_identidad_permanente,sugerir,media,no,,"El estado uso_planificado_reserva describe únicamente la ventana hasta 2026-05-31 y se sustenta en balance, cobertura, recuperación, variabilidad y deuda.",VEN_0060_2 | cobertura_esencial_superior_a_un_mes | recuperacion_consistente | inversion_productiva_observada | hobbies_identificados_sin_asumir_que_deban_eliminarse | balance_operativo_negativo | recuperacion_demora_mas_de_20_dias,bajo,no_requerida,validation,uso_planificado_reserva,si,recomendaciones_mvp_v1.1,fincoah_mvp_co_v1.1,3934340a516f4c91419ca8189d9444e00c95d1cde6e75ce7bb99dbc32e5c3989
DEC_0060_06,PERF_0060,dentro_del_mvp,VEN_0060_3,2026-06-30,uso_planificado_reserva,REC_VIGILAR_RESERVA,Mantener el gasto alineado con la meta y revisar que la reserva conserve cobertura suficiente durante el siguiente cierre.,seguimiento_meta,comprar_equipo_de_trabajo,ciclismo | videojuegos_y_streaming,necesidades_esenciales | hobbies:ciclismo | videojuegos_y_streaming | meta:comprar_equipo_de_trabajo,balance_B:-7838000 | cobertura_L:1.3595 | variabilidad_V:0.2153 | deuda_J:-0.0464,no_declarar_riesgo_solo_por_ingreso_variable | no_eliminar_hobbies_por_defecto | no_tratar_el_estado_como_identidad_permanente,sugerir,media,no,,"El estado uso_planificado_reserva describe únicamente la ventana hasta 2026-06-30 y se sustenta en balance, cobertura, recuperación, variabilidad y deuda.",VEN_0060_3 | cobertura_esencial_superior_a_un_mes | recuperacion_consistente | inversion_productiva_observada | hobbies_identificados_sin_asumir_que_deban_eliminarse | balance_operativo_negativo | recuperacion_demora_mas_de_20_dias,bajo,no_requerida,validation,uso_planificado_reserva,si,recomendaciones_mvp_v1.1,fincoah_mvp_co_v1.1,25aa978c02631f863bcadd4b182a1386d1849b1692028ed2564edb7573ba5b8a
DEC_0061_04,PERF_0061,dentro_del_mvp,VEN_0061_1,2026-04-30,equilibrio_sostenible,REC_CREAR_MARGEN,Crear un margen pequeño y flexible antes de aumentar compromisos fijos.,prevencion,comprar_equipo_de_trabajo,pintura | jardineria_y_agricultura_urbana,necesidades_esenciales | hobbies:pintura | jardineria_y_agricultura_urbana | meta:comprar_equipo_de_trabajo,balance_B:1060000 | cobertura_L:1.3204 | variabilidad_V:0.0 | deuda_J:0.0,no_declarar_riesgo_solo_por_ingreso_variable | no_eliminar_hobbies_por_defecto | no_tratar_el_estado_como_identidad_permanente,sugerir,media,no,,"El estado equilibrio_sostenible describe únicamente la ventana hasta 2026-04-30 y se sustenta en balance, cobertura, recuperación, variabilidad y deuda.",VEN_0061_1 | balance_operativo_no_negativo | cobertura_esencial_superior_a_un_mes | inversion_productiva_observada | hobbies_identificados_sin_asumir_que_deban_eliminarse | sin_factor_de_atencion_dominante,bajo,no_requerida,train,deterioro_reciente,si,recomendaciones_mvp_v1.1,fincoah_mvp_co_v1.1,61aedc8cd8ff235ce3e2dfef4ad51fc48101f022011a88ce96fdb273f7c9de0d
DEC_0061_05,PERF_0061,dentro_del_mvp,VEN_0061_2,2026-05-31,equilibrio_sostenible,REC_CREAR_MARGEN,Crear un margen pequeño y flexible antes de aumentar compromisos fijos.,prevencion,comprar_equipo_de_trabajo,pintura | jardineria_y_agricultura_urbana,necesidades_esenciales | hobbies:pintura | jardineria_y_agricultura_urbana | meta:comprar_equipo_de_trabajo,balance_B:3244000 | cobertura_L:1.7145 | variabilidad_V:0.048 | deuda_J:0.0,no_declarar_riesgo_solo_por_ingreso_variable | no_eliminar_hobbies_por_defecto | no_tratar_el_estado_como_identidad_permanente,sugerir,media,no,,"El estado equilibrio_sostenible describe únicamente la ventana hasta 2026-05-31 y se sustenta en balance, cobertura, recuperación, variabilidad y deuda.",VEN_0061_2 | balance_operativo_no_negativo | cobertura_esencial_superior_a_un_mes | recuperacion_consistente | inversion_productiva_observada | hobbies_identificados_sin_asumir_que_deban_eliminarse | sin_factor_de_atencion_dominante,bajo,no_requerida,train,deterioro_reciente,si,recomendaciones_mvp_v1.1,fincoah_mvp_co_v1.1,b0d9cda99662552e186d0834f92982409566b9296ff63f889b894a4382308321
DEC_0061_06,PERF_0061,dentro_del_mvp,VEN_0061_3,2026-06-30,deterioro_reciente,REC_REVISAR_CAMBIO_RECIENTE,Revisar el cambio reciente en ingresos y compromisos antes de modificar gastos personales valiosos.,diagnostico,comprar_equipo_de_trabajo,pintura | jardineria_y_agricultura_urbana,necesidades_esenciales | hobbies:pintura | jardineria_y_agricultura_urbana | meta:comprar_equipo_de_trabajo,balance_B:-3864000 | cobertura_L:0.3308 | variabilidad_V:0.1958 | deuda_J:0.0,no_declarar_riesgo_solo_por_ingreso_variable | no_eliminar_hobbies_por_defecto | no_tratar_el_estado_como_identidad_permanente,solicitar_contexto,alta,si,¿Ocurrió algún cambio puntual en tus ingresos o compromisos durante este cierre?,"El estado deterioro_reciente describe únicamente la ventana hasta 2026-06-30 y se sustenta en balance, cobertura, recuperación, variabilidad y deuda.",VEN_0061_3 | recuperacion_consistente | inversion_productiva_observada | hobbies_identificados_sin_asumir_que_deban_eliminarse | balance_operativo_negativo | cobertura_esencial_reducida | recuperacion_demora_mas_de_20_dias,podria_reducir_bienestar_o_desconocer_el_contexto,no_requerida,train,deterioro_reciente,si,recomendaciones_mvp_v1.1,fincoah_mvp_co_v1.1,5fed60fabb4f30fd3e173eb1ebe5eb22997c50fd427d81391236ca98e8ae0349
DEC_0062_04,PERF_0062,dentro_del_mvp,VEN_0062_1,2026-04-30,deterioro_reciente,REC_REVISAR_CAMBIO_RECIENTE,Revisar el cambio reciente en ingresos y compromisos antes de modificar gastos personales valiosos.,diagnostico,mejorar_vivienda,cocina_y_reposteria | ciclismo,necesidades_esenciales | hobbies:cocina_y_reposteria | ciclismo | meta:mejorar_vivienda,balance_B:-2461000 | cobertura_L:0.0 | variabilidad_V:0.0 | deuda_J:-0.0254,no_declarar_riesgo_solo_por_ingreso_variable | no_eliminar_hobbies_por_defecto | no_tratar_el_estado_como_identidad_permanente,solicitar_contexto,alta,si,¿Ocurrió algún cambio puntual en tus ingresos o compromisos durante este cierre?,"El estado deterioro_reciente describe únicamente la ventana hasta 2026-04-30 y se sustenta en balance, cobertura, recuperación, variabilidad y deuda.",VEN_0062_1 | inversion_productiva_observada | hobbies_identificados_sin_asumir_que_deban_eliminarse | balance_operativo_negativo | cobertura_esencial_reducida | recuperacion_demora_mas_de_20_dias,podria_reducir_bienestar_o_desconocer_el_contexto,no_requerida,train,fragilidad_sostenida,si,recomendaciones_mvp_v1.1,fincoah_mvp_co_v1.1,0112119a08b9e351f5b563f5f692fdbbdc34bf5ae7599a7f38f30c4fd4a0d746
DEC_0062_05,PERF_0062,dentro_del_mvp,VEN_0062_2,2026-05-31,fragilidad_sostenida,REC_PRIORIZAR_COBERTURA,"Priorizar vivienda, alimentación, salud y servicios; revisar opciones de renegociación de deuda sin eliminar automáticamente los hobbies.",proteccion_esencial,mejorar_vivienda,cocina_y_reposteria | ciclismo,necesidades_esenciales | hobbies:cocina_y_reposteria | ciclismo | meta:mejorar_vivienda,balance_B:-7352000 | cobertura_L:0.0 | variabilidad_V:0.1145 | deuda_J:-0.0368,no_declarar_riesgo_solo_por_ingreso_variable | no_eliminar_hobbies_por_defecto | no_tratar_el_estado_como_identidad_permanente,aplicar,alta,no,,"El estado fragilidad_sostenida describe únicamente la ventana hasta 2026-05-31 y se sustenta en balance, cobertura, recuperación, variabilidad y deuda.",VEN_0062_2 | inversion_productiva_observada | hobbies_identificados_sin_asumir_que_deban_eliminarse | balance_operativo_negativo | cobertura_esencial_reducida | recuperacion_demora_mas_de_20_dias,podria_reducir_bienestar_o_desconocer_el_contexto,no_requerida,train,fragilidad_sostenida,si,recomendaciones_mvp_v1.1,fincoah_mvp_co_v1.1,825f976c6ed8ee4d0fa12d45ae3d59f5193b816b1c243b83b294d0787c35615f
DEC_0062_06,PERF_0062,dentro_del_mvp,VEN_0062_3,2026-06-30,fragilidad_sostenida,REC_PRIORIZAR_COBERTURA,"Priorizar vivienda, alimentación, salud y servicios; revisar opciones de renegociación de deuda sin eliminar automáticamente los hobbies.",proteccion_esencial,mejorar_vivienda,cocina_y_reposteria | ciclismo,necesidades_esenciales | hobbies:cocina_y_reposteria | ciclismo | meta:mejorar_vivienda,balance_B:-12329000 | cobertura_L:0.0 | variabilidad_V:0.1203 | deuda_J:-0.021,no_declarar_riesgo_solo_por_ingreso_variable | no_eliminar_hobbies_por_defecto | no_tratar_el_estado_como_identidad_permanente,aplicar,alta,no,,"El estado fragilidad_sostenida describe únicamente la ventana hasta 2026-06-30 y se sustenta en balance, cobertura, recuperación, variabilidad y deuda.",VEN_0062_3 | inversion_productiva_observada | hobbies_identificados_sin_asumir_que_deban_eliminarse | balance_operativo_negativo | cobertura_esencial_reducida | recuperacion_demora_mas_de_20_dias,podria_reducir_bienestar_o_desconocer_el_contexto,no_requerida,train,fragilidad_sostenida,si,recomendaciones_mvp_v1.1,fincoah_mvp_co_v1.1,0c2b3155b517c02f4a8d6eb27559a9263a523929b49de0ad99e43fd5b5fc301c
DEC_0063_04,PERF_0063,dentro_del_mvp,VEN_0063_1,2026-04-30,fragilidad_sostenida,REC_PRIORIZAR_COBERTURA,"Priorizar vivienda, alimentación, salud y servicios; revisar opciones de renegociación de deuda sin eliminar automáticamente los hobbies.",proteccion_esencial,comprar_bicicleta,manualidades_y_artesanias | fotografia_y_video,necesidades_esenciales | hobbies:manualidades_y_artesanias | fotografia_y_video | meta:comprar_bicicleta,balance_B:-6751000 | cobertura_L:0.0 | variabilidad_V:0.0 | deuda_J:0.0232,no_declarar_riesgo_solo_por_ingreso_variable | no_eliminar_hobbies_por_defecto | no_tratar_el_estado_como_identidad_permanente,aplicar,alta,no,,"El estado fragilidad_sostenida describe únicamente la ventana hasta 2026-04-30 y se sustenta en balance, cobertura, recuperación, variabilidad y deuda.",VEN_0063_1 | inversion_productiva_observada | hobbies_identificados_sin_asumir_que_deban_eliminarse | balance_operativo_negativo | cobertura_esencial_reducida | recuperacion_demora_mas_de_20_dias,podria_reducir_bienestar_o_desconocer_el_contexto,no_requerida,train,situacion_critica,si,recomendaciones_mvp_v1.1,fincoah_mvp_co_v1.1,511ae7d7f12eaf0696cd2b28010ff5ea272338bb69943f354e40879355ae03fb
DEC_0063_05,PERF_0063,dentro_del_mvp,VEN_0063_2,2026-05-31,situacion_critica,REC_PLAN_CONTENCION,Activar un plan de contención centrado en necesidades esenciales y solicitar revisión humana para deuda y liquidez.,contencion_y_revision,comprar_bicicleta,manualidades_y_artesanias | fotografia_y_video,necesidades_esenciales | hobbies:manualidades_y_artesanias | fotografia_y_video | meta:comprar_bicicleta,balance_B:-17482000 | cobertura_L:0.0 | variabilidad_V:0.1743 | deuda_J:0.0868,no_declarar_riesgo_solo_por_ingreso_variable | no_eliminar_hobbies_por_defecto | no_tratar_el_estado_como_identidad_permanente,aplicar,critica,no,,"El estado situacion_critica describe únicamente la ventana hasta 2026-05-31 y se sustenta en balance, cobertura, recuperación, variabilidad y deuda.",VEN_0063_2 | inversion_productiva_observada | hobbies_identificados_sin_asumir_que_deban_eliminarse | balance_operativo_negativo | cobertura_esencial_reducida | deuda_creciente | recuperacion_demora_mas_de_20_dias,podria_reducir_bienestar_o_desconocer_el_contexto,requerida,train,situacion_critica,si,recomendaciones_mvp_v1.1,fincoah_mvp_co_v1.1,957282635cd08c626f60b60f248ae3bf446f5d17175171fde6716f23185177a8
DEC_0063_06,PERF_0063,dentro_del_mvp,VEN_0063_3,2026-06-30,situacion_critica,REC_PLAN_CONTENCION,Activar un plan de contención centrado en necesidades esenciales y solicitar revisión humana para deuda y liquidez.,contencion_y_revision,comprar_bicicleta,manualidades_y_artesanias | fotografia_y_video,necesidades_esenciales | hobbies:manualidades_y_artesanias | fotografia_y_video | meta:comprar_bicicleta,balance_B:-28322000 | cobertura_L:0.0 | variabilidad_V:0.1853 | deuda_J:0.0642,no_declarar_riesgo_solo_por_ingreso_variable | no_eliminar_hobbies_por_defecto | no_tratar_el_estado_como_identidad_permanente,aplicar,critica,no,,"El estado situacion_critica describe únicamente la ventana hasta 2026-06-30 y se sustenta en balance, cobertura, recuperación, variabilidad y deuda.",VEN_0063_3 | inversion_productiva_observada | hobbies_identificados_sin_asumir_que_deban_eliminarse | balance_operativo_negativo | cobertura_esencial_reducida | deuda_creciente | recuperacion_demora_mas_de_20_dias,podria_reducir_bienestar_o_desconocer_el_contexto,requerida,train,situacion_critica,si,recomendaciones_mvp_v1.1,fincoah_mvp_co_v1.1,9fa283e8d53edd01f372dc9d4c16e31d269f0cd545644ee32c19a69d4dd81e1e
DEC_0064_04,PERF_0064,dentro_del_mvp,VEN_0064_1,2026-04-30,acumulacion_estable,REC_MANTENER_ACUMULACION,Mantener el patrón actual y separar automáticamente una parte del excedente para la meta declarada.,mantenimiento_y_ahorro,hacer_certificacion_profesional,musica | videojuegos_y_streaming,necesidades_esenciales | hobbies:musica | videojuegos_y_streaming | meta:hacer_certificacion_profesional,balance_B:2505000 | cobertura_L:5.0909 | variabilidad_V:0.0 | deuda_J:0.0,no_declarar_riesgo_solo_por_ingreso_variable | no_eliminar_hobbies_por_defecto | no_tratar_el_estado_como_identidad_permanente,aplicar,media,no,,"El estado acumulacion_estable describe únicamente la ventana hasta 2026-04-30 y se sustenta en balance, cobertura, recuperación, variabilidad y deuda.",VEN_0064_1 | balance_operativo_no_negativo | cobertura_esencial_superior_a_un_mes | inversion_productiva_observada | hobbies_identificados_sin_asumir_que_deban_eliminarse | sin_factor_de_atencion_dominante,bajo,no_requerida,validation,acumulacion_estable,si,recomendaciones_mvp_v1.1,fincoah_mvp_co_v1.1,920d72b1ac0dac84d1b01e3ee40b4ae8da45ad9036de30402459d2c16db17ab3
DEC_0064_05,PERF_0064,dentro_del_mvp,VEN_0064_2,2026-05-31,acumulacion_estable,REC_MANTENER_ACUMULACION,Mantener el patrón actual y separar automáticamente una parte del excedente para la meta declarada.,mantenimiento_y_ahorro,hacer_certificacion_profesional,musica | videojuegos_y_streaming,necesidades_esenciales | hobbies:musica | videojuegos_y_streaming | meta:hacer_certificacion_profesional,balance_B:4364000 | cobertura_L:5.2004 | variabilidad_V:0.0564 | deuda_J:0.0,no_declarar_riesgo_solo_por_ingreso_variable | no_eliminar_hobbies_por_defecto | no_tratar_el_estado_como_identidad_permanente,aplicar,media,no,,"El estado acumulacion_estable describe únicamente la ventana hasta 2026-05-31 y se sustenta en balance, cobertura, recuperación, variabilidad y deuda.",VEN_0064_2 | balance_operativo_no_negativo | cobertura_esencial_superior_a_un_mes | recuperacion_consistente | inversion_productiva_observada | hobbies_identificados_sin_asumir_que_deban_eliminarse | sin_factor_de_atencion_dominante,bajo,no_requerida,validation,acumulacion_estable,si,recomendaciones_mvp_v1.1,fincoah_mvp_co_v1.1,6f2583bd23bb3f9f2502d184920543656edadde3a54adf7e47b6c590b0cd38e6
DEC_0064_06,PERF_0064,dentro_del_mvp,VEN_0064_3,2026-06-30,acumulacion_estable,REC_MANTENER_ACUMULACION,Mantener el patrón actual y separar automáticamente una parte del excedente para la meta declarada.,mantenimiento_y_ahorro,hacer_certificacion_profesional,musica | videojuegos_y_streaming,necesidades_esenciales | hobbies:musica | videojuegos_y_streaming | meta:hacer_certificacion_profesional,balance_B:6701000 | cobertura_L:6.1239 | variabilidad_V:0.0474 | deuda_J:0.0,no_declarar_riesgo_solo_por_ingreso_variable | no_eliminar_hobbies_por_defecto | no_tratar_el_estado_como_identidad_permanente,aplicar,media,no,,"El estado acumulacion_estable describe únicamente la ventana hasta 2026-06-30 y se sustenta en balance, cobertura, recuperación, variabilidad y deuda.",VEN_0064_3 | balance_operativo_no_negativo | cobertura_esencial_superior_a_un_mes | recuperacion_consistente | inversion_productiva_observada | hobbies_identificados_sin_asumir_que_deban_eliminarse | sin_factor_de_atencion_dominante,bajo,no_requerida,validation,acumulacion_estable,si,recomendaciones_mvp_v1.1,fincoah_mvp_co_v1.1,d9fec4a6c7bc44520a2bfbcea907f58d009ba43f06e8f5f8f1297a60663ee8e4
DEC_0065_04,PERF_0065,dentro_del_mvp,VEN_0065_1,2026-04-30,equilibrio_sostenible,REC_CREAR_MARGEN,Crear un margen pequeño y flexible antes de aumentar compromisos fijos.,prevencion,comprar_bicicleta,fotografia_y_video,necesidades_esenciales | hobbies:fotografia_y_video | meta:comprar_bicicleta,balance_B:110000 | cobertura_L:0.5202 | variabilidad_V:0.0 | deuda_J:-0.0199,no_declarar_riesgo_solo_por_ingreso_variable | no_eliminar_hobbies_por_defecto | no_tratar_el_estado_como_identidad_permanente,sugerir,media,no,,"El estado equilibrio_sostenible describe únicamente la ventana hasta 2026-04-30 y se sustenta en balance, cobertura, recuperación, variabilidad y deuda.",VEN_0065_1 | balance_operativo_no_negativo | recuperacion_consistente | inversion_productiva_observada | hobbies_identificados_sin_asumir_que_deban_eliminarse | cobertura_esencial_reducida,bajo,no_requerida,train,equilibrio_sostenible,si,recomendaciones_mvp_v1.1,fincoah_mvp_co_v1.1,1b0142edc1476e1353628a0222965576b5d7f8c8ddff699ca95548e8db73a295
DEC_0065_05,PERF_0065,dentro_del_mvp,VEN_0065_2,2026-05-31,equilibrio_sostenible,REC_CREAR_MARGEN,Crear un margen pequeño y flexible antes de aumentar compromisos fijos.,prevencion,comprar_bicicleta,fotografia_y_video,necesidades_esenciales | hobbies:fotografia_y_video | meta:comprar_bicicleta,balance_B:570000 | cobertura_L:0.6484 | variabilidad_V:0.0327 | deuda_J:-0.0417,no_declarar_riesgo_solo_por_ingreso_variable | no_eliminar_hobbies_por_defecto | no_tratar_el_estado_como_identidad_permanente,sugerir,media,no,,"El estado equilibrio_sostenible describe únicamente la ventana hasta 2026-05-31 y se sustenta en balance, cobertura, recuperación, variabilidad y deuda.",VEN_0065_2 | balance_operativo_no_negativo | recuperacion_consistente | inversion_productiva_observada | hobbies_identificados_sin_asumir_que_deban_eliminarse | cobertura_esencial_reducida | recuperacion_demora_mas_de_20_dias,bajo,no_requerida,train,equilibrio_sostenible,si,recomendaciones_mvp_v1.1,fincoah_mvp_co_v1.1,694bb117f0ad244a114adcc3f3bc7638796c8251856298a247903acc8a5cd1dd
DEC_0065_06,PERF_0065,dentro_del_mvp,VEN_0065_3,2026-06-30,equilibrio_sostenible,REC_CREAR_MARGEN,Crear un margen pequeño y flexible antes de aumentar compromisos fijos.,prevencion,comprar_bicicleta,fotografia_y_video,necesidades_esenciales | hobbies:fotografia_y_video | meta:comprar_bicicleta,balance_B:673000 | cobertura_L:0.6972 | variabilidad_V:0.0315 | deuda_J:-0.0417,no_declarar_riesgo_solo_por_ingreso_variable | no_eliminar_hobbies_por_defecto | no_tratar_el_estado_como_identidad_permanente,sugerir,media,no,,"El estado equilibrio_sostenible describe únicamente la ventana hasta 2026-06-30 y se sustenta en balance, cobertura, recuperación, variabilidad y deuda.",VEN_0065_3 | balance_operativo_no_negativo | inversion_productiva_observada | hobbies_identificados_sin_asumir_que_deban_eliminarse | cobertura_esencial_reducida,bajo,no_requerida,train,equilibrio_sostenible,si,recomendaciones_mvp_v1.1,fincoah_mvp_co_v1.1,06084341cfe936212a900fea2995d2050bd7e87bd0dab082941d42dec2eb6ddf
DEC_0066_04,PERF_0066,dentro_del_mvp,VEN_0066_1,2026-04-30,equilibrio_sostenible,REC_CREAR_MARGEN,Crear un margen pequeño y flexible antes de aumentar compromisos fijos.,prevencion,pagar_deuda,videojuegos_y_streaming | jardineria_y_agricultura_urbana,necesidades_esenciales | hobbies:videojuegos_y_streaming | jardineria_y_agricultura_urbana | meta:pagar_deuda,balance_B:927000 | cobertura_L:1.0462 | variabilidad_V:0.0 | deuda_J:0.0,no_declarar_riesgo_solo_por_ingreso_variable | no_eliminar_hobbies_por_defecto | no_tratar_el_estado_como_identidad_permanente,sugerir,media,no,,"El estado equilibrio_sostenible describe únicamente la ventana hasta 2026-04-30 y se sustenta en balance, cobertura, recuperación, variabilidad y deuda.",VEN_0066_1 | balance_operativo_no_negativo | cobertura_esencial_superior_a_un_mes | inversion_productiva_observada | hobbies_identificados_sin_asumir_que_deban_eliminarse | sin_factor_de_atencion_dominante,bajo,no_requerida,validation,variable_resiliente,si,recomendaciones_mvp_v1.1,fincoah_mvp_co_v1.1,c4cc56804efbcc74f960f84e1203f89ca7c8fa948d1ea610a8621ba7ea0be33c
DEC_0066_05,PERF_0066,dentro_del_mvp,VEN_0066_2,2026-05-31,variable_resiliente,REC_RESERVA_PICOS,Reservar parte de los meses altos para cubrir los periodos de menor ingreso sin tratar la variabilidad como falla.,gestion_ingreso_variable,pagar_deuda,videojuegos_y_streaming | jardineria_y_agricultura_urbana,necesidades_esenciales | hobbies:videojuegos_y_streaming | jardineria_y_agricultura_urbana | meta:pagar_deuda,balance_B:5718000 | cobertura_L:2.8205 | variabilidad_V:0.1206 | deuda_J:0.0,no_declarar_riesgo_solo_por_ingreso_variable | no_eliminar_hobbies_por_defecto | no_tratar_el_estado_como_identidad_permanente,aplicar,alta,no,,"El estado variable_resiliente describe únicamente la ventana hasta 2026-05-31 y se sustenta en balance, cobertura, recuperación, variabilidad y deuda.",VEN_0066_2 | balance_operativo_no_negativo | cobertura_esencial_superior_a_un_mes | recuperacion_consistente | inversion_productiva_observada | hobbies_identificados_sin_asumir_que_deban_eliminarse | sin_factor_de_atencion_dominante,bajo,no_requerida,validation,variable_resiliente,si,recomendaciones_mvp_v1.1,fincoah_mvp_co_v1.1,cbabd63e601469149083156123d1be66291265537fb43ec81cf887bb2a7e6f00
DEC_0066_06,PERF_0066,dentro_del_mvp,VEN_0066_3,2026-06-30,variable_resiliente,REC_RESERVA_PICOS,Reservar parte de los meses altos para cubrir los periodos de menor ingreso sin tratar la variabilidad como falla.,gestion_ingreso_variable,pagar_deuda,videojuegos_y_streaming | jardineria_y_agricultura_urbana,necesidades_esenciales | hobbies:videojuegos_y_streaming | jardineria_y_agricultura_urbana | meta:pagar_deuda,balance_B:2735000 | cobertura_L:1.4309 | variabilidad_V:0.2112 | deuda_J:-0.3241,no_declarar_riesgo_solo_por_ingreso_variable | no_eliminar_hobbies_por_defecto | no_tratar_el_estado_como_identidad_permanente,aplicar,alta,no,,"El estado variable_resiliente describe únicamente la ventana hasta 2026-06-30 y se sustenta en balance, cobertura, recuperación, variabilidad y deuda.",VEN_0066_3 | balance_operativo_no_negativo | cobertura_esencial_superior_a_un_mes | recuperacion_consistente | inversion_productiva_observada | hobbies_identificados_sin_asumir_que_deban_eliminarse | recuperacion_demora_mas_de_20_dias,bajo,no_requerida,validation,variable_resiliente,si,recomendaciones_mvp_v1.1,fincoah_mvp_co_v1.1,ee6ad077c7077a1041a5127ceaf9215b1a07a8c65602283d9bf8f4d5bdb369d3
DEC_0067_04,PERF_0067,dentro_del_mvp,VEN_0067_1,2026-04-30,acumulacion_estable,REC_MANTENER_ACUMULACION,Mantener el patrón actual y separar automáticamente una parte del excedente para la meta declarada.,mantenimiento_y_ahorro,comprar_bicicleta,turismo_y_viajes | jardineria_y_agricultura_urbana,necesidades_esenciales | hobbies:turismo_y_viajes | jardineria_y_agricultura_urbana | meta:comprar_bicicleta,balance_B:3283000 | cobertura_L:9.4025 | variabilidad_V:0.0 | deuda_J:-0.018,no_declarar_riesgo_solo_por_ingreso_variable | no_eliminar_hobbies_por_defecto | no_tratar_el_estado_como_identidad_permanente,aplicar,media,no,,"El estado acumulacion_estable describe únicamente la ventana hasta 2026-04-30 y se sustenta en balance, cobertura, recuperación, variabilidad y deuda.",VEN_0067_1 | balance_operativo_no_negativo | cobertura_esencial_superior_a_un_mes | recuperacion_consistente | inversion_productiva_observada | hobbies_identificados_sin_asumir_que_deban_eliminarse | sin_factor_de_atencion_dominante,bajo,no_requerida,validation,uso_planificado_reserva,si,recomendaciones_mvp_v1.1,fincoah_mvp_co_v1.1,a4b5f56fd2b3d51765ead3f985d8f5a7754f70d1f8bee18337b6e7b6dda4b7ac
DEC_0067_05,PERF_0067,dentro_del_mvp,VEN_0067_2,2026-05-31,uso_planificado_reserva,REC_VIGILAR_RESERVA,Mantener el gasto alineado con la meta y revisar que la reserva conserve cobertura suficiente durante el siguiente cierre.,seguimiento_meta,comprar_bicicleta,turismo_y_viajes | jardineria_y_agricultura_urbana,necesidades_esenciales | hobbies:turismo_y_viajes | jardineria_y_agricultura_urbana | meta:comprar_bicicleta,balance_B:-3842000 | cobertura_L:3.9145 | variabilidad_V:0.1795 | deuda_J:-0.0498,no_declarar_riesgo_solo_por_ingreso_variable | no_eliminar_hobbies_por_defecto | no_tratar_el_estado_como_identidad_permanente,sugerir,media,no,,"El estado uso_planificado_reserva describe únicamente la ventana hasta 2026-05-31 y se sustenta en balance, cobertura, recuperación, variabilidad y deuda.",VEN_0067_2 | cobertura_esencial_superior_a_un_mes | recuperacion_consistente | inversion_productiva_observada | hobbies_identificados_sin_asumir_que_deban_eliminarse | balance_operativo_negativo | recuperacion_demora_mas_de_20_dias,bajo,no_requerida,validation,uso_planificado_reserva,si,recomendaciones_mvp_v1.1,fincoah_mvp_co_v1.1,f535244d8a33f76f2ff570e1a185d44e82010d150123c892eff1cb76295814dd
DEC_0067_06,PERF_0067,dentro_del_mvp,VEN_0067_3,2026-06-30,uso_planificado_reserva,REC_VIGILAR_RESERVA,Mantener el gasto alineado con la meta y revisar que la reserva conserve cobertura suficiente durante el siguiente cierre.,seguimiento_meta,comprar_bicicleta,turismo_y_viajes | jardineria_y_agricultura_urbana,necesidades_esenciales | hobbies:turismo_y_viajes | jardineria_y_agricultura_urbana | meta:comprar_bicicleta,balance_B:-11541000 | cobertura_L:2.1116 | variabilidad_V:0.2103 | deuda_J:-0.0498,no_declarar_riesgo_solo_por_ingreso_variable | no_eliminar_hobbies_por_defecto | no_tratar_el_estado_como_identidad_permanente,sugerir,media,no,,"El estado uso_planificado_reserva describe únicamente la ventana hasta 2026-06-30 y se sustenta en balance, cobertura, recuperación, variabilidad y deuda.",VEN_0067_3 | cobertura_esencial_superior_a_un_mes | recuperacion_consistente | inversion_productiva_observada | hobbies_identificados_sin_asumir_que_deban_eliminarse | balance_operativo_negativo | recuperacion_demora_mas_de_20_dias,bajo,no_requerida,validation,uso_planificado_reserva,si,recomendaciones_mvp_v1.1,fincoah_mvp_co_v1.1,3b05b7b71e00c261a3db7dd46cffe3c375e4b321cd7076768a121c2a1c5d54da
DEC_0068_04,PERF_0068,dentro_del_mvp,VEN_0068_1,2026-04-30,equilibrio_sostenible,REC_CREAR_MARGEN,Crear un margen pequeño y flexible antes de aumentar compromisos fijos.,prevencion,comprar_bicicleta,impresion_3d,necesidades_esenciales | hobbies:impresion_3d | meta:comprar_bicicleta,balance_B:555000 | cobertura_L:1.8969 | variabilidad_V:0.0 | deuda_J:0.0,no_declarar_riesgo_solo_por_ingreso_variable | no_eliminar_hobbies_por_defecto | no_tratar_el_estado_como_identidad_permanente,sugerir,media,no,,"El estado equilibrio_sostenible describe únicamente la ventana hasta 2026-04-30 y se sustenta en balance, cobertura, recuperación, variabilidad y deuda.",VEN_0068_1 | balance_operativo_no_negativo | cobertura_esencial_superior_a_un_mes | recuperacion_consistente | inversion_productiva_observada | hobbies_identificados_sin_asumir_que_deban_eliminarse | recuperacion_demora_mas_de_20_dias,bajo,no_requerida,train,deterioro_reciente,si,recomendaciones_mvp_v1.1,fincoah_mvp_co_v1.1,72aa009065c575ce9b0117880ff9328958d12d7c1d7835d83a37c3f0fcc0b66b
DEC_0068_05,PERF_0068,dentro_del_mvp,VEN_0068_2,2026-05-31,equilibrio_sostenible,REC_CREAR_MARGEN,Crear un margen pequeño y flexible antes de aumentar compromisos fijos.,prevencion,comprar_bicicleta,impresion_3d,necesidades_esenciales | hobbies:impresion_3d | meta:comprar_bicicleta,balance_B:844000 | cobertura_L:1.963 | variabilidad_V:0.0212 | deuda_J:-0.0202,no_declarar_riesgo_solo_por_ingreso_variable | no_eliminar_hobbies_por_defecto | no_tratar_el_estado_como_identidad_permanente,sugerir,media,no,,"El estado equilibrio_sostenible describe únicamente la ventana hasta 2026-05-31 y se sustenta en balance, cobertura, recuperación, variabilidad y deuda.",VEN_0068_2 | balance_operativo_no_negativo | cobertura_esencial_superior_a_un_mes | recuperacion_consistente | inversion_productiva_observada | hobbies_identificados_sin_asumir_que_deban_eliminarse | sin_factor_de_atencion_dominante,bajo,no_requerida,train,deterioro_reciente,si,recomendaciones_mvp_v1.1,fincoah_mvp_co_v1.1,42708a9d92d46c5f695fd95bd1444572d4aad063ecc6eb0e1004699a89dda139
DEC_0068_06,PERF_0068,dentro_del_mvp,VEN_0068_3,2026-06-30,deterioro_reciente,REC_REVISAR_CAMBIO_RECIENTE,Revisar el cambio reciente en ingresos y compromisos antes de modificar gastos personales valiosos.,diagnostico,comprar_bicicleta,impresion_3d,necesidades_esenciales | hobbies:impresion_3d | meta:comprar_bicicleta,balance_B:-2396000 | cobertura_L:0.8332 | variabilidad_V:0.0819 | deuda_J:-0.0401,no_declarar_riesgo_solo_por_ingreso_variable | no_eliminar_hobbies_por_defecto | no_tratar_el_estado_como_identidad_permanente,solicitar_contexto,alta,si,¿Ocurrió algún cambio puntual en tus ingresos o compromisos durante este cierre?,"El estado deterioro_reciente describe únicamente la ventana hasta 2026-06-30 y se sustenta en balance, cobertura, recuperación, variabilidad y deuda.",VEN_0068_3 | recuperacion_consistente | inversion_productiva_observada | hobbies_identificados_sin_asumir_que_deban_eliminarse | balance_operativo_negativo | cobertura_esencial_reducida | recuperacion_demora_mas_de_20_dias,podria_reducir_bienestar_o_desconocer_el_contexto,no_requerida,train,deterioro_reciente,si,recomendaciones_mvp_v1.1,fincoah_mvp_co_v1.1,e487945fb1f5cf66981e911461e5558ed72bfe8ce3510026ab908e3bc423545d
DEC_0069_04,PERF_0069,dentro_del_mvp,VEN_0069_1,2026-04-30,deterioro_reciente,REC_REVISAR_CAMBIO_RECIENTE,Revisar el cambio reciente en ingresos y compromisos antes de modificar gastos personales valiosos.,diagnostico,ampliar_actividad_economica,jardineria_y_agricultura_urbana | cocina_y_reposteria,necesidades_esenciales | hobbies:jardineria_y_agricultura_urbana | cocina_y_reposteria | meta:ampliar_actividad_economica,balance_B:-3371000 | cobertura_L:0.0 | variabilidad_V:0.0 | deuda_J:-0.0258,no_declarar_riesgo_solo_por_ingreso_variable | no_eliminar_hobbies_por_defecto | no_tratar_el_estado_como_identidad_permanente,solicitar_contexto,alta,si,¿Ocurrió algún cambio puntual en tus ingresos o compromisos durante este cierre?,"El estado deterioro_reciente describe únicamente la ventana hasta 2026-04-30 y se sustenta en balance, cobertura, recuperación, variabilidad y deuda.",VEN_0069_1 | inversion_productiva_observada | hobbies_identificados_sin_asumir_que_deban_eliminarse | balance_operativo_negativo | cobertura_esencial_reducida,podria_reducir_bienestar_o_desconocer_el_contexto,no_requerida,validation,fragilidad_sostenida,si,recomendaciones_mvp_v1.1,fincoah_mvp_co_v1.1,5baa88cbd5d074f3e5839c29ea57311caa1e0769c959be73a30c40e8fd4b3ef7
DEC_0069_05,PERF_0069,dentro_del_mvp,VEN_0069_2,2026-05-31,fragilidad_sostenida,REC_PRIORIZAR_COBERTURA,"Priorizar vivienda, alimentación, salud y servicios; revisar opciones de renegociación de deuda sin eliminar automáticamente los hobbies.",proteccion_esencial,ampliar_actividad_economica,jardineria_y_agricultura_urbana | cocina_y_reposteria,necesidades_esenciales | hobbies:jardineria_y_agricultura_urbana | cocina_y_reposteria | meta:ampliar_actividad_economica,balance_B:-10046000 | cobertura_L:0.0 | variabilidad_V:0.1393 | deuda_J:-0.0258,no_declarar_riesgo_solo_por_ingreso_variable | no_eliminar_hobbies_por_defecto | no_tratar_el_estado_como_identidad_permanente,aplicar,alta,no,,"El estado fragilidad_sostenida describe únicamente la ventana hasta 2026-05-31 y se sustenta en balance, cobertura, recuperación, variabilidad y deuda.",VEN_0069_2 | inversion_productiva_observada | hobbies_identificados_sin_asumir_que_deban_eliminarse | balance_operativo_negativo | cobertura_esencial_reducida | recuperacion_demora_mas_de_20_dias,podria_reducir_bienestar_o_desconocer_el_contexto,no_requerida,validation,fragilidad_sostenida,si,recomendaciones_mvp_v1.1,fincoah_mvp_co_v1.1,b3b868d00bd0e1aa5e4096bdc0ba73764ef852fe56959b58a5e6c382d5f0713c
DEC_0069_06,PERF_0069,dentro_del_mvp,VEN_0069_3,2026-06-30,fragilidad_sostenida,REC_PRIORIZAR_COBERTURA,"Priorizar vivienda, alimentación, salud y servicios; revisar opciones de renegociación de deuda sin eliminar automáticamente los hobbies.",proteccion_esencial,ampliar_actividad_economica,jardineria_y_agricultura_urbana | cocina_y_reposteria,necesidades_esenciales | hobbies:jardineria_y_agricultura_urbana | cocina_y_reposteria | meta:ampliar_actividad_economica,balance_B:-16942000 | cobertura_L:0.0 | variabilidad_V:0.1563 | deuda_J:0.0195,no_declarar_riesgo_solo_por_ingreso_variable | no_eliminar_hobbies_por_defecto | no_tratar_el_estado_como_identidad_permanente,aplicar,alta,no,,"El estado fragilidad_sostenida describe únicamente la ventana hasta 2026-06-30 y se sustenta en balance, cobertura, recuperación, variabilidad y deuda.",VEN_0069_3 | inversion_productiva_observada | hobbies_identificados_sin_asumir_que_deban_eliminarse | balance_operativo_negativo | cobertura_esencial_reducida | recuperacion_demora_mas_de_20_dias,podria_reducir_bienestar_o_desconocer_el_contexto,no_requerida,validation,fragilidad_sostenida,si,recomendaciones_mvp_v1.1,fincoah_mvp_co_v1.1,257419438e81a31ec9a1fe181b781794d1a7879a0b9218ebaeac5be3105921d5
DEC_0070_04,PERF_0070,dentro_del_mvp,VEN_0070_1,2026-04-30,fragilidad_sostenida,REC_PRIORIZAR_COBERTURA,"Priorizar vivienda, alimentación, salud y servicios; revisar opciones de renegociación de deuda sin eliminar automáticamente los hobbies.",proteccion_esencial,crear_fondo_emergencia,ciclismo,necesidades_esenciales | hobbies:ciclismo | meta:crear_fondo_emergencia,balance_B:-6871000 | cobertura_L:0.0 | variabilidad_V:0.0 | deuda_J:0.0044,no_declarar_riesgo_solo_por_ingreso_variable | no_eliminar_hobbies_por_defecto | no_tratar_el_estado_como_identidad_permanente,aplicar,alta,no,,"El estado fragilidad_sostenida describe únicamente la ventana hasta 2026-04-30 y se sustenta en balance, cobertura, recuperación, variabilidad y deuda.",VEN_0070_1 | inversion_productiva_observada | hobbies_identificados_sin_asumir_que_deban_eliminarse | balance_operativo_negativo | cobertura_esencial_reducida | recuperacion_demora_mas_de_20_dias,podria_reducir_bienestar_o_desconocer_el_contexto,no_requerida,train,situacion_critica,si,recomendaciones_mvp_v1.1,fincoah_mvp_co_v1.1,3f1bdda52180b58e60aa020cb7d2c4e109bf2ee89bcb9617679e691956c368f6
DEC_0070_05,PERF_0070,dentro_del_mvp,VEN_0070_2,2026-05-31,situacion_critica,REC_PLAN_CONTENCION,Activar un plan de contención centrado en necesidades esenciales y solicitar revisión humana para deuda y liquidez.,contencion_y_revision,crear_fondo_emergencia,ciclismo,necesidades_esenciales | hobbies:ciclismo | meta:crear_fondo_emergencia,balance_B:-17459000 | cobertura_L:0.0 | variabilidad_V:0.1377 | deuda_J:0.0835,no_declarar_riesgo_solo_por_ingreso_variable | no_eliminar_hobbies_por_defecto | no_tratar_el_estado_como_identidad_permanente,aplicar,critica,no,,"El estado situacion_critica describe únicamente la ventana hasta 2026-05-31 y se sustenta en balance, cobertura, recuperación, variabilidad y deuda.",VEN_0070_2 | inversion_productiva_observada | hobbies_identificados_sin_asumir_que_deban_eliminarse | balance_operativo_negativo | cobertura_esencial_reducida | deuda_creciente | recuperacion_demora_mas_de_20_dias,podria_reducir_bienestar_o_desconocer_el_contexto,requerida,train,situacion_critica,si,recomendaciones_mvp_v1.1,fincoah_mvp_co_v1.1,4cbdf12966b0541c46be8b702fdc9afea48c21feb1b804641e263b732ae80a5f
DEC_0070_06,PERF_0070,dentro_del_mvp,VEN_0070_3,2026-06-30,situacion_critica,REC_PLAN_CONTENCION,Activar un plan de contención centrado en necesidades esenciales y solicitar revisión humana para deuda y liquidez.,contencion_y_revision,crear_fondo_emergencia,ciclismo,necesidades_esenciales | hobbies:ciclismo | meta:crear_fondo_emergencia,balance_B:-28294000 | cobertura_L:0.0 | variabilidad_V:0.1618 | deuda_J:0.0835,no_declarar_riesgo_solo_por_ingreso_variable | no_eliminar_hobbies_por_defecto | no_tratar_el_estado_como_identidad_permanente,aplicar,critica,no,,"El estado situacion_critica describe únicamente la ventana hasta 2026-06-30 y se sustenta en balance, cobertura, recuperación, variabilidad y deuda.",VEN_0070_3 | inversion_productiva_observada | hobbies_identificados_sin_asumir_que_deban_eliminarse | balance_operativo_negativo | cobertura_esencial_reducida | deuda_creciente | recuperacion_demora_mas_de_20_dias,podria_reducir_bienestar_o_desconocer_el_contexto,requerida,train,situacion_critica,si,recomendaciones_mvp_v1.1,fincoah_mvp_co_v1.1,97b6326786ee149564e3397b293eac856e08b6e58e3d872a876c6eab9e929e2c
DEC_0071_04,PERF_0071,dentro_del_mvp,VEN_0071_1,2026-04-30,acumulacion_estable,REC_MANTENER_ACUMULACION,Mantener el patrón actual y separar automáticamente una parte del excedente para la meta declarada.,mantenimiento_y_ahorro,mejorar_vivienda,pintura,necesidades_esenciales | hobbies:pintura | meta:mejorar_vivienda,balance_B:4996000 | cobertura_L:3.3226 | variabilidad_V:0.0 | deuda_J:-0.0408,no_declarar_riesgo_solo_por_ingreso_variable | no_eliminar_hobbies_por_defecto | no_tratar_el_estado_como_identidad_permanente,aplicar,media,no,,"El estado acumulacion_estable describe únicamente la ventana hasta 2026-04-30 y se sustenta en balance, cobertura, recuperación, variabilidad y deuda.",VEN_0071_1 | balance_operativo_no_negativo | cobertura_esencial_superior_a_un_mes | inversion_productiva_observada | hobbies_identificados_sin_asumir_que_deban_eliminarse | recuperacion_demora_mas_de_20_dias,bajo,no_requerida,validation,acumulacion_estable,si,recomendaciones_mvp_v1.1,fincoah_mvp_co_v1.1,19df3db73af56a7a868dfa816164eff5f3b39a0ebaa6844acde1649fc7d024f2
DEC_0071_05,PERF_0071,dentro_del_mvp,VEN_0071_2,2026-05-31,acumulacion_estable,REC_MANTENER_ACUMULACION,Mantener el patrón actual y separar automáticamente una parte del excedente para la meta declarada.,mantenimiento_y_ahorro,mejorar_vivienda,pintura,necesidades_esenciales | hobbies:pintura | meta:mejorar_vivienda,balance_B:9252000 | cobertura_L:4.731 | variabilidad_V:0.0315 | deuda_J:-0.0616,no_declarar_riesgo_solo_por_ingreso_variable | no_eliminar_hobbies_por_defecto | no_tratar_el_estado_como_identidad_permanente,aplicar,media,no,,"El estado acumulacion_estable describe únicamente la ventana hasta 2026-05-31 y se sustenta en balance, cobertura, recuperación, variabilidad y deuda.",VEN_0071_2 | balance_operativo_no_negativo | cobertura_esencial_superior_a_un_mes | inversion_productiva_observada | hobbies_identificados_sin_asumir_que_deban_eliminarse | sin_factor_de_atencion_dominante,bajo,no_requerida,validation,acumulacion_estable,si,recomendaciones_mvp_v1.1,fincoah_mvp_co_v1.1,691ca92b923d4c576040f67ce06ada7080e7564518c3d6b122f6e1072aeedf84
DEC_0071_06,PERF_0071,dentro_del_mvp,VEN_0071_3,2026-06-30,acumulacion_estable,REC_MANTENER_ACUMULACION,Mantener el patrón actual y separar automáticamente una parte del excedente para la meta declarada.,mantenimiento_y_ahorro,mejorar_vivienda,pintura,necesidades_esenciales | hobbies:pintura | meta:mejorar_vivienda,balance_B:13491000 | cobertura_L:5.6593 | variabilidad_V:0.0304 | deuda_J:-0.0616,no_declarar_riesgo_solo_por_ingreso_variable | no_eliminar_hobbies_por_defecto | no_tratar_el_estado_como_identidad_permanente,aplicar,media,no,,"El estado acumulacion_estable describe únicamente la ventana hasta 2026-06-30 y se sustenta en balance, cobertura, recuperación, variabilidad y deuda.",VEN_0071_3 | balance_operativo_no_negativo | cobertura_esencial_superior_a_un_mes | recuperacion_consistente | inversion_productiva_observada | hobbies_identificados_sin_asumir_que_deban_eliminarse | sin_factor_de_atencion_dominante,bajo,no_requerida,validation,acumulacion_estable,si,recomendaciones_mvp_v1.1,fincoah_mvp_co_v1.1,e7c43d8bc45b70a4097c86325006f49f5fc06321a7a536534185561f11e52005
DEC_0072_04,PERF_0072,dentro_del_mvp,VEN_0072_1,2026-04-30,equilibrio_sostenible,REC_CREAR_MARGEN,Crear un margen pequeño y flexible antes de aumentar compromisos fijos.,prevencion,hacer_certificacion_profesional,cocina_y_reposteria,necesidades_esenciales | hobbies:cocina_y_reposteria | meta:hacer_certificacion_profesional,balance_B:252000 | cobertura_L:4.932 | variabilidad_V:0.0 | deuda_J:0.0,no_declarar_riesgo_solo_por_ingreso_variable | no_eliminar_hobbies_por_defecto | no_tratar_el_estado_como_identidad_permanente,sugerir,media,no,,"El estado equilibrio_sostenible describe únicamente la ventana hasta 2026-04-30 y se sustenta en balance, cobertura, recuperación, variabilidad y deuda.",VEN_0072_1 | balance_operativo_no_negativo | cobertura_esencial_superior_a_un_mes | recuperacion_consistente | inversion_productiva_observada | sin_factor_de_atencion_dominante,bajo,no_requerida,train,equilibrio_sostenible,si,recomendaciones_mvp_v1.1,fincoah_mvp_co_v1.1,072ee6e8d9044bef46bab091b46460a3bee3d5f50259c864b09d819038fc1356
DEC_0072_05,PERF_0072,dentro_del_mvp,VEN_0072_2,2026-05-31,equilibrio_sostenible,REC_CREAR_MARGEN,Crear un margen pequeño y flexible antes de aumentar compromisos fijos.,prevencion,hacer_certificacion_profesional,cocina_y_reposteria,necesidades_esenciales | hobbies:cocina_y_reposteria | meta:hacer_certificacion_profesional,balance_B:743000 | cobertura_L:5.6406 | variabilidad_V:0.0202 | deuda_J:0.0,no_declarar_riesgo_solo_por_ingreso_variable | no_eliminar_hobbies_por_defecto | no_tratar_el_estado_como_identidad_permanente,sugerir,media,no,,"El estado equilibrio_sostenible describe únicamente la ventana hasta 2026-05-31 y se sustenta en balance, cobertura, recuperación, variabilidad y deuda.",VEN_0072_2 | balance_operativo_no_negativo | cobertura_esencial_superior_a_un_mes | recuperacion_consistente | inversion_productiva_observada | hobbies_identificados_sin_asumir_que_deban_eliminarse | sin_factor_de_atencion_dominante,bajo,no_requerida,train,equilibrio_sostenible,si,recomendaciones_mvp_v1.1,fincoah_mvp_co_v1.1,5754a800ef8f4746a45c147e0c32d5f8bb2f351ad00d9ffb8795e532e77af52e
DEC_0072_06,PERF_0072,dentro_del_mvp,VEN_0072_3,2026-06-30,equilibrio_sostenible,REC_CREAR_MARGEN,Crear un margen pequeño y flexible antes de aumentar compromisos fijos.,prevencion,hacer_certificacion_profesional,cocina_y_reposteria,necesidades_esenciales | hobbies:cocina_y_reposteria | meta:hacer_certificacion_profesional,balance_B:786000 | cobertura_L:5.387 | variabilidad_V:0.0315 | deuda_J:0.0,no_declarar_riesgo_solo_por_ingreso_variable | no_eliminar_hobbies_por_defecto | no_tratar_el_estado_como_identidad_permanente,sugerir,media,no,,"El estado equilibrio_sostenible describe únicamente la ventana hasta 2026-06-30 y se sustenta en balance, cobertura, recuperación, variabilidad y deuda.",VEN_0072_3 | balance_operativo_no_negativo | cobertura_esencial_superior_a_un_mes | recuperacion_consistente | inversion_productiva_observada | hobbies_identificados_sin_asumir_que_deban_eliminarse | recuperacion_demora_mas_de_20_dias,bajo,no_requerida,train,equilibrio_sostenible,si,recomendaciones_mvp_v1.1,fincoah_mvp_co_v1.1,e6013cb7b5bdf81f742d5020207bfbfca65de47c15d9a5cbaa5eacf5762cdb9f
DEC_0073_04,PERF_0073,dentro_del_mvp,VEN_0073_1,2026-04-30,equilibrio_sostenible,REC_CREAR_MARGEN,Crear un margen pequeño y flexible antes de aumentar compromisos fijos.,prevencion,comprar_bicicleta,manualidades_y_artesanias | musica,necesidades_esenciales | hobbies:manualidades_y_artesanias | musica | meta:comprar_bicicleta,balance_B:440000 | cobertura_L:0.8568 | variabilidad_V:0.0 | deuda_J:-0.0081,no_declarar_riesgo_solo_por_ingreso_variable | no_eliminar_hobbies_por_defecto | no_tratar_el_estado_como_identidad_permanente,sugerir,media,no,,"El estado equilibrio_sostenible describe únicamente la ventana hasta 2026-04-30 y se sustenta en balance, cobertura, recuperación, variabilidad y deuda.",VEN_0073_1 | balance_operativo_no_negativo | inversion_productiva_observada | hobbies_identificados_sin_asumir_que_deban_eliminarse | cobertura_esencial_reducida,bajo,no_requerida,train,variable_resiliente,si,recomendaciones_mvp_v1.1,fincoah_mvp_co_v1.1,0b6fe85d482f9e870b71c1f1aae7d6f7ebe8422a6c1a962f71283364798fe82a
DEC_0073_05,PERF_0073,dentro_del_mvp,VEN_0073_2,2026-05-31,variable_resiliente,REC_RESERVA_PICOS,Reservar parte de los meses altos para cubrir los periodos de menor ingreso sin tratar la variabilidad como falla.,gestion_ingreso_variable,comprar_bicicleta,manualidades_y_artesanias | musica,necesidades_esenciales | hobbies:manualidades_y_artesanias | musica | meta:comprar_bicicleta,balance_B:-2273000 | cobertura_L:0.0449 | variabilidad_V:0.1787 | deuda_J:-0.0316,no_declarar_riesgo_solo_por_ingreso_variable | no_eliminar_hobbies_por_defecto | no_tratar_el_estado_como_identidad_permanente,aplicar,alta,no,,"El estado variable_resiliente describe únicamente la ventana hasta 2026-05-31 y se sustenta en balance, cobertura, recuperación, variabilidad y deuda.",VEN_0073_2 | recuperacion_consistente | inversion_productiva_observada | hobbies_identificados_sin_asumir_que_deban_eliminarse | balance_operativo_negativo | cobertura_esencial_reducida | recuperacion_demora_mas_de_20_dias,bajo,no_requerida,train,variable_resiliente,si,recomendaciones_mvp_v1.1,fincoah_mvp_co_v1.1,7f3623e619b34f837d8cf035559f717ab3297c4c86d66616d3f7079095d950b5
DEC_0073_06,PERF_0073,dentro_del_mvp,VEN_0073_3,2026-06-30,variable_resiliente,REC_RESERVA_PICOS,Reservar parte de los meses altos para cubrir los periodos de menor ingreso sin tratar la variabilidad como falla.,gestion_ingreso_variable,comprar_bicicleta,manualidades_y_artesanias | musica,necesidades_esenciales | hobbies:manualidades_y_artesanias | musica | meta:comprar_bicicleta,balance_B:-4553000 | cobertura_L:0.0 | variabilidad_V:0.1547 | deuda_J:-0.0508,no_declarar_riesgo_solo_por_ingreso_variable | no_eliminar_hobbies_por_defecto | no_tratar_el_estado_como_identidad_permanente,aplicar,alta,no,,"El estado variable_resiliente describe únicamente la ventana hasta 2026-06-30 y se sustenta en balance, cobertura, recuperación, variabilidad y deuda.",VEN_0073_3 | inversion_productiva_observada | hobbies_identificados_sin_asumir_que_deban_eliminarse | balance_operativo_negativo | cobertura_esencial_reducida | recuperacion_demora_mas_de_20_dias,bajo,no_requerida,train,variable_resiliente,si,recomendaciones_mvp_v1.1,fincoah_mvp_co_v1.1,063b8bd5fc15fe8aeb3b8b062e42ffdbd00b9a0d30efc2e73c433e5faa189a08
DEC_0074_04,PERF_0074,dentro_del_mvp,VEN_0074_1,2026-04-30,acumulacion_estable,REC_MANTENER_ACUMULACION,Mantener el patrón actual y separar automáticamente una parte del excedente para la meta declarada.,mantenimiento_y_ahorro,hacer_viaje,musica | jardineria_y_agricultura_urbana,necesidades_esenciales | hobbies:musica | jardineria_y_agricultura_urbana | meta:hacer_viaje,balance_B:1800000 | cobertura_L:9.2799 | variabilidad_V:0.0 | deuda_J:0.0,no_declarar_riesgo_solo_por_ingreso_variable | no_eliminar_hobbies_por_defecto | no_tratar_el_estado_como_identidad_permanente,aplicar,media,no,,"El estado acumulacion_estable describe únicamente la ventana hasta 2026-04-30 y se sustenta en balance, cobertura, recuperación, variabilidad y deuda.",VEN_0074_1 | balance_operativo_no_negativo | cobertura_esencial_superior_a_un_mes | inversion_productiva_observada | hobbies_identificados_sin_asumir_que_deban_eliminarse | sin_factor_de_atencion_dominante,bajo,no_requerida,train,uso_planificado_reserva,si,recomendaciones_mvp_v1.1,fincoah_mvp_co_v1.1,273ec58112d2b6461916ed4d44b82fd1bb240a2ec459a5717df50c1fe2cd2a57
DEC_0074_05,PERF_0074,dentro_del_mvp,VEN_0074_2,2026-05-31,uso_planificado_reserva,REC_VIGILAR_RESERVA,Mantener el gasto alineado con la meta y revisar que la reserva conserve cobertura suficiente durante el siguiente cierre.,seguimiento_meta,hacer_viaje,musica | jardineria_y_agricultura_urbana,necesidades_esenciales | hobbies:musica | jardineria_y_agricultura_urbana | meta:hacer_viaje,balance_B:-3143000 | cobertura_L:4.2448 | variabilidad_V:0.1972 | deuda_J:0.0,no_declarar_riesgo_solo_por_ingreso_variable | no_eliminar_hobbies_por_defecto | no_tratar_el_estado_como_identidad_permanente,sugerir,media,no,,"El estado uso_planificado_reserva describe únicamente la ventana hasta 2026-05-31 y se sustenta en balance, cobertura, recuperación, variabilidad y deuda.",VEN_0074_2 | cobertura_esencial_superior_a_un_mes | inversion_productiva_observada | hobbies_identificados_sin_asumir_que_deban_eliminarse | balance_operativo_negativo | recuperacion_demora_mas_de_20_dias,bajo,no_requerida,train,uso_planificado_reserva,si,recomendaciones_mvp_v1.1,fincoah_mvp_co_v1.1,6f83d0d9ff4b66639aca4a338c1a3a806c068c3986c56daa4521a3d8206f0def
DEC_0074_06,PERF_0074,dentro_del_mvp,VEN_0074_3,2026-06-30,uso_planificado_reserva,REC_VIGILAR_RESERVA,Mantener el gasto alineado con la meta y revisar que la reserva conserve cobertura suficiente durante el siguiente cierre.,seguimiento_meta,hacer_viaje,musica | jardineria_y_agricultura_urbana,necesidades_esenciales | hobbies:musica | jardineria_y_agricultura_urbana | meta:hacer_viaje,balance_B:-8334000 | cobertura_L:2.1058 | variabilidad_V:0.2205 | deuda_J:0.0,no_declarar_riesgo_solo_por_ingreso_variable | no_eliminar_hobbies_por_defecto | no_tratar_el_estado_como_identidad_permanente,sugerir,media,no,,"El estado uso_planificado_reserva describe únicamente la ventana hasta 2026-06-30 y se sustenta en balance, cobertura, recuperación, variabilidad y deuda.",VEN_0074_3 | cobertura_esencial_superior_a_un_mes | inversion_productiva_observada | hobbies_identificados_sin_asumir_que_deban_eliminarse | balance_operativo_negativo | recuperacion_demora_mas_de_20_dias,bajo,no_requerida,train,uso_planificado_reserva,si,recomendaciones_mvp_v1.1,fincoah_mvp_co_v1.1,5f1b81419cabc22a23086f58914f4b212dcc5c30a2bc1d281be8a81c4e043cf5
DEC_0075_04,PERF_0075,dentro_del_mvp,VEN_0075_1,2026-04-30,equilibrio_sostenible,REC_CREAR_MARGEN,Crear un margen pequeño y flexible antes de aumentar compromisos fijos.,prevencion,comprar_equipo_de_trabajo,fotografia_y_video | pintura,necesidades_esenciales | hobbies:fotografia_y_video | pintura | meta:comprar_equipo_de_trabajo,balance_B:142000 | cobertura_L:1.1552 | variabilidad_V:0.0 | deuda_J:0.0,no_declarar_riesgo_solo_por_ingreso_variable | no_eliminar_hobbies_por_defecto | no_tratar_el_estado_como_identidad_permanente,sugerir,media,no,,"El estado equilibrio_sostenible describe únicamente la ventana hasta 2026-04-30 y se sustenta en balance, cobertura, recuperación, variabilidad y deuda.",VEN_0075_1 | balance_operativo_no_negativo | cobertura_esencial_superior_a_un_mes | inversion_productiva_observada | hobbies_identificados_sin_asumir_que_deban_eliminarse | sin_factor_de_atencion_dominante,bajo,no_requerida,train,deterioro_reciente,si,recomendaciones_mvp_v1.1,fincoah_mvp_co_v1.1,cb310e0c7cf7f3f130d01b89d95a1a54e9300f40d538b4ad46dd31973361aee0
DEC_0075_05,PERF_0075,dentro_del_mvp,VEN_0075_2,2026-05-31,equilibrio_sostenible,REC_CREAR_MARGEN,Crear un margen pequeño y flexible antes de aumentar compromisos fijos.,prevencion,comprar_equipo_de_trabajo,fotografia_y_video | pintura,necesidades_esenciales | hobbies:fotografia_y_video | pintura | meta:comprar_equipo_de_trabajo,balance_B:283000 | cobertura_L:1.6179 | variabilidad_V:0.0002 | deuda_J:0.0,no_declarar_riesgo_solo_por_ingreso_variable | no_eliminar_hobbies_por_defecto | no_tratar_el_estado_como_identidad_permanente,sugerir,media,no,,"El estado equilibrio_sostenible describe únicamente la ventana hasta 2026-05-31 y se sustenta en balance, cobertura, recuperación, variabilidad y deuda.",VEN_0075_2 | balance_operativo_no_negativo | cobertura_esencial_superior_a_un_mes | recuperacion_consistente | inversion_productiva_observada | hobbies_identificados_sin_asumir_que_deban_eliminarse | sin_factor_de_atencion_dominante,bajo,no_requerida,train,deterioro_reciente,si,recomendaciones_mvp_v1.1,fincoah_mvp_co_v1.1,c4ceae3e49b34cea354b473e40d590cf2e530c0ba84b1f97e02a1d97621ff35d
DEC_0075_06,PERF_0075,dentro_del_mvp,VEN_0075_3,2026-06-30,deterioro_reciente,REC_REVISAR_CAMBIO_RECIENTE,Revisar el cambio reciente en ingresos y compromisos antes de modificar gastos personales valiosos.,diagnostico,comprar_equipo_de_trabajo,fotografia_y_video | pintura,necesidades_esenciales | hobbies:fotografia_y_video | pintura | meta:comprar_equipo_de_trabajo,balance_B:-1134000 | cobertura_L:0.271 | variabilidad_V:0.1242 | deuda_J:0.0,no_declarar_riesgo_solo_por_ingreso_variable | no_eliminar_hobbies_por_defecto | no_tratar_el_estado_como_identidad_permanente,solicitar_contexto,alta,si,¿Ocurrió algún cambio puntual en tus ingresos o compromisos durante este cierre?,"El estado deterioro_reciente describe únicamente la ventana hasta 2026-06-30 y se sustenta en balance, cobertura, recuperación, variabilidad y deuda.",VEN_0075_3 | recuperacion_consistente | inversion_productiva_observada | hobbies_identificados_sin_asumir_que_deban_eliminarse | balance_operativo_negativo | cobertura_esencial_reducida | recuperacion_demora_mas_de_20_dias,podria_reducir_bienestar_o_desconocer_el_contexto,no_requerida,train,deterioro_reciente,si,recomendaciones_mvp_v1.1,fincoah_mvp_co_v1.1,5cf3f250765d6e5afea897a065d57e4c15a76906704e962293377fb0141e8229
DEC_0076_04,PERF_0076,dentro_del_mvp,VEN_0076_1,2026-04-30,deterioro_reciente,REC_REVISAR_CAMBIO_RECIENTE,Revisar el cambio reciente en ingresos y compromisos antes de modificar gastos personales valiosos.,diagnostico,mejorar_vivienda,videojuegos_y_streaming | musica,necesidades_esenciales | hobbies:videojuegos_y_streaming | musica | meta:mejorar_vivienda,balance_B:-3485000 | cobertura_L:0.0 | variabilidad_V:0.0 | deuda_J:0.0907,no_declarar_riesgo_solo_por_ingreso_variable | no_eliminar_hobbies_por_defecto | no_tratar_el_estado_como_identidad_permanente,solicitar_contexto,alta,si,¿Ocurrió algún cambio puntual en tus ingresos o compromisos durante este cierre?,"El estado deterioro_reciente describe únicamente la ventana hasta 2026-04-30 y se sustenta en balance, cobertura, recuperación, variabilidad y deuda.",VEN_0076_1 | inversion_productiva_observada | hobbies_identificados_sin_asumir_que_deban_eliminarse | balance_operativo_negativo | cobertura_esencial_reducida | deuda_creciente | recuperacion_demora_mas_de_20_dias,podria_reducir_bienestar_o_desconocer_el_contexto,no_requerida,train,fragilidad_sostenida,si,recomendaciones_mvp_v1.1,fincoah_mvp_co_v1.1,dd71e012f06dc1c45ef54cedccde4b0024ec09b4e54bdc4beb34dd3e35bce530
DEC_0076_05,PERF_0076,dentro_del_mvp,VEN_0076_2,2026-05-31,fragilidad_sostenida,REC_PRIORIZAR_COBERTURA,"Priorizar vivienda, alimentación, salud y servicios; revisar opciones de renegociación de deuda sin eliminar automáticamente los hobbies.",proteccion_esencial,mejorar_vivienda,videojuegos_y_streaming | musica,necesidades_esenciales | hobbies:videojuegos_y_streaming | musica | meta:mejorar_vivienda,balance_B:-10781000 | cobertura_L:0.0 | variabilidad_V:0.1608 | deuda_J:0.1016,no_declarar_riesgo_solo_por_ingreso_variable | no_eliminar_hobbies_por_defecto | no_tratar_el_estado_como_identidad_permanente,aplicar,alta,no,,"El estado fragilidad_sostenida describe únicamente la ventana hasta 2026-05-31 y se sustenta en balance, cobertura, recuperación, variabilidad y deuda.",VEN_0076_2 | inversion_productiva_observada | hobbies_identificados_sin_asumir_que_deban_eliminarse | balance_operativo_negativo | cobertura_esencial_reducida | deuda_creciente | recuperacion_demora_mas_de_20_dias,podria_reducir_bienestar_o_desconocer_el_contexto,no_requerida,train,fragilidad_sostenida,si,recomendaciones_mvp_v1.1,fincoah_mvp_co_v1.1,34e95959640d88f0063b7876271cd0f5d7e9d77abe7abccb09f2a1f96595a14a
DEC_0076_06,PERF_0076,dentro_del_mvp,VEN_0076_3,2026-06-30,fragilidad_sostenida,REC_PRIORIZAR_COBERTURA,"Priorizar vivienda, alimentación, salud y servicios; revisar opciones de renegociación de deuda sin eliminar automáticamente los hobbies.",proteccion_esencial,mejorar_vivienda,videojuegos_y_streaming | musica,necesidades_esenciales | hobbies:videojuegos_y_streaming | musica | meta:mejorar_vivienda,balance_B:-17794000 | cobertura_L:0.0 | variabilidad_V:0.1437 | deuda_J:0.2558,no_declarar_riesgo_solo_por_ingreso_variable | no_eliminar_hobbies_por_defecto | no_tratar_el_estado_como_identidad_permanente,aplicar,alta,no,,"El estado fragilidad_sostenida describe únicamente la ventana hasta 2026-06-30 y se sustenta en balance, cobertura, recuperación, variabilidad y deuda.",VEN_0076_3 | inversion_productiva_observada | hobbies_identificados_sin_asumir_que_deban_eliminarse | balance_operativo_negativo | cobertura_esencial_reducida | deuda_creciente | recuperacion_demora_mas_de_20_dias,podria_reducir_bienestar_o_desconocer_el_contexto,no_requerida,train,fragilidad_sostenida,si,recomendaciones_mvp_v1.1,fincoah_mvp_co_v1.1,3ee8fbbc2f3b531f1d84da092ded3863d45c99d9f311fcc57e1791f1038aa1e5
DEC_0077_04,PERF_0077,dentro_del_mvp,VEN_0077_1,2026-04-30,fragilidad_sostenida,REC_PRIORIZAR_COBERTURA,"Priorizar vivienda, alimentación, salud y servicios; revisar opciones de renegociación de deuda sin eliminar automáticamente los hobbies.",proteccion_esencial,hacer_viaje,turismo_y_viajes | impresion_3d,necesidades_esenciales | hobbies:turismo_y_viajes | impresion_3d | meta:hacer_viaje,balance_B:-7866000 | cobertura_L:0.0 | variabilidad_V:0.0 | deuda_J:0.0327,no_declarar_riesgo_solo_por_ingreso_variable | no_eliminar_hobbies_por_defecto | no_tratar_el_estado_como_identidad_permanente,aplicar,alta,no,,"El estado fragilidad_sostenida describe únicamente la ventana hasta 2026-04-30 y se sustenta en balance, cobertura, recuperación, variabilidad y deuda.",VEN_0077_1 | inversion_productiva_observada | hobbies_identificados_sin_asumir_que_deban_eliminarse | balance_operativo_negativo | cobertura_esencial_reducida | recuperacion_demora_mas_de_20_dias,podria_reducir_bienestar_o_desconocer_el_contexto,no_requerida,test,situacion_critica,si,recomendaciones_mvp_v1.1,fincoah_mvp_co_v1.1,55ecef686d4e29d0287c2dab8d7b0c5ac528adbeaa6071398adf0c8a44eead70
DEC_0077_05,PERF_0077,dentro_del_mvp,VEN_0077_2,2026-05-31,situacion_critica,REC_PLAN_CONTENCION,Activar un plan de contención centrado en necesidades esenciales y solicitar revisión humana para deuda y liquidez.,contencion_y_revision,hacer_viaje,turismo_y_viajes | impresion_3d,necesidades_esenciales | hobbies:turismo_y_viajes | impresion_3d | meta:hacer_viaje,balance_B:-20305000 | cobertura_L:0.0 | variabilidad_V:0.1678 | deuda_J:0.0749,no_declarar_riesgo_solo_por_ingreso_variable | no_eliminar_hobbies_por_defecto | no_tratar_el_estado_como_identidad_permanente,aplicar,critica,no,,"El estado situacion_critica describe únicamente la ventana hasta 2026-05-31 y se sustenta en balance, cobertura, recuperación, variabilidad y deuda.",VEN_0077_2 | inversion_productiva_observada | hobbies_identificados_sin_asumir_que_deban_eliminarse | balance_operativo_negativo | cobertura_esencial_reducida | deuda_creciente | recuperacion_demora_mas_de_20_dias,podria_reducir_bienestar_o_desconocer_el_contexto,requerida,test,situacion_critica,si,recomendaciones_mvp_v1.1,fincoah_mvp_co_v1.1,85608ac0d292da179babb5ad40deb29b558a2b629fc1b79ce138b8c09db0bafb
DEC_0077_06,PERF_0077,dentro_del_mvp,VEN_0077_3,2026-06-30,situacion_critica,REC_PLAN_CONTENCION,Activar un plan de contención centrado en necesidades esenciales y solicitar revisión humana para deuda y liquidez.,contencion_y_revision,hacer_viaje,turismo_y_viajes | impresion_3d,necesidades_esenciales | hobbies:turismo_y_viajes | impresion_3d | meta:hacer_viaje,balance_B:-32782000 | cobertura_L:0.0 | variabilidad_V:0.1707 | deuda_J:0.0454,no_declarar_riesgo_solo_por_ingreso_variable | no_eliminar_hobbies_por_defecto | no_tratar_el_estado_como_identidad_permanente,aplicar,critica,no,,"El estado situacion_critica describe únicamente la ventana hasta 2026-06-30 y se sustenta en balance, cobertura, recuperación, variabilidad y deuda.",VEN_0077_3 | inversion_productiva_observada | hobbies_identificados_sin_asumir_que_deban_eliminarse | balance_operativo_negativo | cobertura_esencial_reducida | recuperacion_demora_mas_de_20_dias,podria_reducir_bienestar_o_desconocer_el_contexto,requerida,test,situacion_critica,si,recomendaciones_mvp_v1.1,fincoah_mvp_co_v1.1,6c21e4c722776cc8a4a7f22617a02ad70a78793032f9d43a6298c7d0919b8eee
DEC_0078_04,PERF_0078,dentro_del_mvp,VEN_0078_1,2026-04-30,acumulacion_estable,REC_MANTENER_ACUMULACION,Mantener el patrón actual y separar automáticamente una parte del excedente para la meta declarada.,mantenimiento_y_ahorro,pagar_deuda,impresion_3d | manualidades_y_artesanias,necesidades_esenciales | hobbies:impresion_3d | manualidades_y_artesanias | meta:pagar_deuda,balance_B:2861000 | cobertura_L:6.66 | variabilidad_V:0.0 | deuda_J:0.0,no_declarar_riesgo_solo_por_ingreso_variable | no_eliminar_hobbies_por_defecto | no_tratar_el_estado_como_identidad_permanente,aplicar,media,no,,"El estado acumulacion_estable describe únicamente la ventana hasta 2026-04-30 y se sustenta en balance, cobertura, recuperación, variabilidad y deuda.",VEN_0078_1 | balance_operativo_no_negativo | cobertura_esencial_superior_a_un_mes | inversion_productiva_observada | hobbies_identificados_sin_asumir_que_deban_eliminarse | sin_factor_de_atencion_dominante,bajo,no_requerida,test,acumulacion_estable,si,recomendaciones_mvp_v1.1,fincoah_mvp_co_v1.1,717f897defac49db82edd09e8db72a688ad588cf89f23eaaf1ae73bfd7fcb90e
DEC_0078_05,PERF_0078,dentro_del_mvp,VEN_0078_2,2026-05-31,acumulacion_estable,REC_MANTENER_ACUMULACION,Mantener el patrón actual y separar automáticamente una parte del excedente para la meta declarada.,mantenimiento_y_ahorro,pagar_deuda,impresion_3d | manualidades_y_artesanias,necesidades_esenciales | hobbies:impresion_3d | manualidades_y_artesanias | meta:pagar_deuda,balance_B:5456000 | cobertura_L:7.5275 | variabilidad_V:0.0199 | deuda_J:-0.0079,no_declarar_riesgo_solo_por_ingreso_variable | no_eliminar_hobbies_por_defecto | no_tratar_el_estado_como_identidad_permanente,aplicar,media,no,,"El estado acumulacion_estable describe únicamente la ventana hasta 2026-05-31 y se sustenta en balance, cobertura, recuperación, variabilidad y deuda.",VEN_0078_2 | balance_operativo_no_negativo | cobertura_esencial_superior_a_un_mes | inversion_productiva_observada | hobbies_identificados_sin_asumir_que_deban_eliminarse | sin_factor_de_atencion_dominante,bajo,no_requerida,test,acumulacion_estable,si,recomendaciones_mvp_v1.1,fincoah_mvp_co_v1.1,5c4ceb44dfc315aaa8c2e04ff934902e447cbd4e24f815db43eb547a6fe27a12
DEC_0078_06,PERF_0078,dentro_del_mvp,VEN_0078_3,2026-06-30,acumulacion_estable,REC_MANTENER_ACUMULACION,Mantener el patrón actual y separar automáticamente una parte del excedente para la meta declarada.,mantenimiento_y_ahorro,pagar_deuda,impresion_3d | manualidades_y_artesanias,necesidades_esenciales | hobbies:impresion_3d | manualidades_y_artesanias | meta:pagar_deuda,balance_B:8166000 | cobertura_L:9.7681 | variabilidad_V:0.0163 | deuda_J:-0.0079,no_declarar_riesgo_solo_por_ingreso_variable | no_eliminar_hobbies_por_defecto | no_tratar_el_estado_como_identidad_permanente,aplicar,media,no,,"El estado acumulacion_estable describe únicamente la ventana hasta 2026-06-30 y se sustenta en balance, cobertura, recuperación, variabilidad y deuda.",VEN_0078_3 | balance_operativo_no_negativo | cobertura_esencial_superior_a_un_mes | recuperacion_consistente | inversion_productiva_observada | hobbies_identificados_sin_asumir_que_deban_eliminarse | sin_factor_de_atencion_dominante,bajo,no_requerida,test,acumulacion_estable,si,recomendaciones_mvp_v1.1,fincoah_mvp_co_v1.1,a05044b1fafc0d57be63c99887534377fddef09e607e4bb3908087f9b907b3a2
DEC_0079_04,PERF_0079,dentro_del_mvp,VEN_0079_1,2026-04-30,equilibrio_sostenible,REC_CREAR_MARGEN,Crear un margen pequeño y flexible antes de aumentar compromisos fijos.,prevencion,comprar_bicicleta,jardineria_y_agricultura_urbana | manualidades_y_artesanias,necesidades_esenciales | hobbies:jardineria_y_agricultura_urbana | manualidades_y_artesanias | meta:comprar_bicicleta,balance_B:499000 | cobertura_L:1.1115 | variabilidad_V:0.0 | deuda_J:0.0,no_declarar_riesgo_solo_por_ingreso_variable | no_eliminar_hobbies_por_defecto | no_tratar_el_estado_como_identidad_permanente,sugerir,media,no,,"El estado equilibrio_sostenible describe únicamente la ventana hasta 2026-04-30 y se sustenta en balance, cobertura, recuperación, variabilidad y deuda.",VEN_0079_1 | balance_operativo_no_negativo | cobertura_esencial_superior_a_un_mes | inversion_productiva_observada | hobbies_identificados_sin_asumir_que_deban_eliminarse | recuperacion_demora_mas_de_20_dias,bajo,no_requerida,train,equilibrio_sostenible,si,recomendaciones_mvp_v1.1,fincoah_mvp_co_v1.1,a92c5effba6af5b1a0e0086df3ca47c74faff189438ee255fed4519dbc96f9ba
DEC_0079_05,PERF_0079,dentro_del_mvp,VEN_0079_2,2026-05-31,equilibrio_sostenible,REC_CREAR_MARGEN,Crear un margen pequeño y flexible antes de aumentar compromisos fijos.,prevencion,comprar_bicicleta,jardineria_y_agricultura_urbana | manualidades_y_artesanias,necesidades_esenciales | hobbies:jardineria_y_agricultura_urbana | manualidades_y_artesanias | meta:comprar_bicicleta,balance_B:474000 | cobertura_L:1.2657 | variabilidad_V:0.0422 | deuda_J:0.0,no_declarar_riesgo_solo_por_ingreso_variable | no_eliminar_hobbies_por_defecto | no_tratar_el_estado_como_identidad_permanente,sugerir,media,no,,"El estado equilibrio_sostenible describe únicamente la ventana hasta 2026-05-31 y se sustenta en balance, cobertura, recuperación, variabilidad y deuda.",VEN_0079_2 | balance_operativo_no_negativo | cobertura_esencial_superior_a_un_mes | inversion_productiva_observada | hobbies_identificados_sin_asumir_que_deban_eliminarse | sin_factor_de_atencion_dominante,bajo,no_requerida,train,equilibrio_sostenible,si,recomendaciones_mvp_v1.1,fincoah_mvp_co_v1.1,f72914301a2147eb35cd872d86d48bd6e629668ba187ef2579a1721122affc25
DEC_0079_06,PERF_0079,dentro_del_mvp,VEN_0079_3,2026-06-30,equilibrio_sostenible,REC_CREAR_MARGEN,Crear un margen pequeño y flexible antes de aumentar compromisos fijos.,prevencion,comprar_bicicleta,jardineria_y_agricultura_urbana | manualidades_y_artesanias,necesidades_esenciales | hobbies:jardineria_y_agricultura_urbana | manualidades_y_artesanias | meta:comprar_bicicleta,balance_B:575000 | cobertura_L:1.1587 | variabilidad_V:0.0362 | deuda_J:0.0,no_declarar_riesgo_solo_por_ingreso_variable | no_eliminar_hobbies_por_defecto | no_tratar_el_estado_como_identidad_permanente,sugerir,media,no,,"El estado equilibrio_sostenible describe únicamente la ventana hasta 2026-06-30 y se sustenta en balance, cobertura, recuperación, variabilidad y deuda.",VEN_0079_3 | balance_operativo_no_negativo | cobertura_esencial_superior_a_un_mes | recuperacion_consistente | inversion_productiva_observada | hobbies_identificados_sin_asumir_que_deban_eliminarse | recuperacion_demora_mas_de_20_dias,bajo,no_requerida,train,equilibrio_sostenible,si,recomendaciones_mvp_v1.1,fincoah_mvp_co_v1.1,9ee16748ac9c373ed89bc5aa16e726dddbcff41e6982c06aafd1d5af82d7aa0e
DEC_0080_04,PERF_0080,dentro_del_mvp,VEN_0080_1,2026-04-30,equilibrio_sostenible,REC_CREAR_MARGEN,Crear un margen pequeño y flexible antes de aumentar compromisos fijos.,prevencion,crear_fondo_emergencia,ciclismo,necesidades_esenciales | hobbies:ciclismo | meta:crear_fondo_emergencia,balance_B:-316000 | cobertura_L:2.5666 | variabilidad_V:0.0 | deuda_J:0.0,no_declarar_riesgo_solo_por_ingreso_variable | no_eliminar_hobbies_por_defecto | no_tratar_el_estado_como_identidad_permanente,sugerir,media,no,,"El estado equilibrio_sostenible describe únicamente la ventana hasta 2026-04-30 y se sustenta en balance, cobertura, recuperación, variabilidad y deuda.",VEN_0080_1 | cobertura_esencial_superior_a_un_mes | inversion_productiva_observada | hobbies_identificados_sin_asumir_que_deban_eliminarse | balance_operativo_negativo | recuperacion_demora_mas_de_20_dias,bajo,no_requerida,train,variable_resiliente,si,recomendaciones_mvp_v1.1,fincoah_mvp_co_v1.1,ef40d0fef9755b7d392c5bd5a4d82900f1fbc942540c76bebd67f6a90d656091
DEC_0080_05,PERF_0080,dentro_del_mvp,VEN_0080_2,2026-05-31,variable_resiliente,REC_RESERVA_PICOS,Reservar parte de los meses altos para cubrir los periodos de menor ingreso sin tratar la variabilidad como falla.,gestion_ingreso_variable,crear_fondo_emergencia,ciclismo,necesidades_esenciales | hobbies:ciclismo | meta:crear_fondo_emergencia,balance_B:3469000 | cobertura_L:4.9909 | variabilidad_V:0.283 | deuda_J:0.0,no_declarar_riesgo_solo_por_ingreso_variable | no_eliminar_hobbies_por_defecto | no_tratar_el_estado_como_identidad_permanente,aplicar,alta,no,,"El estado variable_resiliente describe únicamente la ventana hasta 2026-05-31 y se sustenta en balance, cobertura, recuperación, variabilidad y deuda.",VEN_0080_2 | balance_operativo_no_negativo | cobertura_esencial_superior_a_un_mes | recuperacion_consistente | inversion_productiva_observada | hobbies_identificados_sin_asumir_que_deban_eliminarse | sin_factor_de_atencion_dominante,bajo,no_requerida,train,variable_resiliente,si,recomendaciones_mvp_v1.1,fincoah_mvp_co_v1.1,9a8420740d591459ebb45917308b11731d35fbc3c710e0dda1163801b7bf0dfa
DEC_0080_06,PERF_0080,dentro_del_mvp,VEN_0080_3,2026-06-30,variable_resiliente,REC_RESERVA_PICOS,Reservar parte de los meses altos para cubrir los periodos de menor ingreso sin tratar la variabilidad como falla.,gestion_ingreso_variable,crear_fondo_emergencia,ciclismo,necesidades_esenciales | hobbies:ciclismo | meta:crear_fondo_emergencia,balance_B:6264000 | cobertura_L:6.5979 | variabilidad_V:0.2281 | deuda_J:-0.0408,no_declarar_riesgo_solo_por_ingreso_variable | no_eliminar_hobbies_por_defecto | no_tratar_el_estado_como_identidad_permanente,aplicar,alta,no,,"El estado variable_resiliente describe únicamente la ventana hasta 2026-06-30 y se sustenta en balance, cobertura, recuperación, variabilidad y deuda.",VEN_0080_3 | balance_operativo_no_negativo | cobertura_esencial_superior_a_un_mes | recuperacion_consistente | inversion_productiva_observada | hobbies_identificados_sin_asumir_que_deban_eliminarse | sin_factor_de_atencion_dominante,bajo,no_requerida,train,variable_resiliente,si,recomendaciones_mvp_v1.1,fincoah_mvp_co_v1.1,ada0d86e2769cef2dac8871206bafd7db8af7343eb10b80729e9eebbbbfc98ef
DEC_0081_04,PERF_0081,dentro_del_mvp,VEN_0081_1,2026-04-30,acumulacion_estable,REC_MANTENER_ACUMULACION,Mantener el patrón actual y separar automáticamente una parte del excedente para la meta declarada.,mantenimiento_y_ahorro,hacer_viaje,pintura | jardineria_y_agricultura_urbana,necesidades_esenciales | hobbies:pintura | jardineria_y_agricultura_urbana | meta:hacer_viaje,balance_B:2476000 | cobertura_L:9.3731 | variabilidad_V:0.0 | deuda_J:-0.1099,no_declarar_riesgo_solo_por_ingreso_variable | no_eliminar_hobbies_por_defecto | no_tratar_el_estado_como_identidad_permanente,aplicar,media,no,,"El estado acumulacion_estable describe únicamente la ventana hasta 2026-04-30 y se sustenta en balance, cobertura, recuperación, variabilidad y deuda.",VEN_0081_1 | balance_operativo_no_negativo | cobertura_esencial_superior_a_un_mes | inversion_productiva_observada | hobbies_identificados_sin_asumir_que_deban_eliminarse | sin_factor_de_atencion_dominante,bajo,no_requerida,train,uso_planificado_reserva,si,recomendaciones_mvp_v1.1,fincoah_mvp_co_v1.1,7f50b82531823a01d5870244ca4f25a021b8764955dae8cdd2979ec370cf16d6
DEC_0081_05,PERF_0081,dentro_del_mvp,VEN_0081_2,2026-05-31,uso_planificado_reserva,REC_VIGILAR_RESERVA,Mantener el gasto alineado con la meta y revisar que la reserva conserve cobertura suficiente durante el siguiente cierre.,seguimiento_meta,hacer_viaje,pintura | jardineria_y_agricultura_urbana,necesidades_esenciales | hobbies:pintura | jardineria_y_agricultura_urbana | meta:hacer_viaje,balance_B:-4780000 | cobertura_L:3.3401 | variabilidad_V:0.1924 | deuda_J:-0.2118,no_declarar_riesgo_solo_por_ingreso_variable | no_eliminar_hobbies_por_defecto | no_tratar_el_estado_como_identidad_permanente,sugerir,media,no,,"El estado uso_planificado_reserva describe únicamente la ventana hasta 2026-05-31 y se sustenta en balance, cobertura, recuperación, variabilidad y deuda.",VEN_0081_2 | cobertura_esencial_superior_a_un_mes | inversion_productiva_observada | hobbies_identificados_sin_asumir_que_deban_eliminarse | balance_operativo_negativo | recuperacion_demora_mas_de_20_dias,bajo,no_requerida,train,uso_planificado_reserva,si,recomendaciones_mvp_v1.1,fincoah_mvp_co_v1.1,f0effa8c0a7deb539762ef5b4e6b083c8b146c29f0917b3905d49849131180b0
DEC_0081_06,PERF_0081,dentro_del_mvp,VEN_0081_3,2026-06-30,uso_planificado_reserva,REC_VIGILAR_RESERVA,Mantener el gasto alineado con la meta y revisar que la reserva conserve cobertura suficiente durante el siguiente cierre.,seguimiento_meta,hacer_viaje,pintura | jardineria_y_agricultura_urbana,necesidades_esenciales | hobbies:pintura | jardineria_y_agricultura_urbana | meta:hacer_viaje,balance_B:-12459000 | cobertura_L:1.4634 | variabilidad_V:0.2197 | deuda_J:-0.3831,no_declarar_riesgo_solo_por_ingreso_variable | no_eliminar_hobbies_por_defecto | no_tratar_el_estado_como_identidad_permanente,sugerir,media,no,,"El estado uso_planificado_reserva describe únicamente la ventana hasta 2026-06-30 y se sustenta en balance, cobertura, recuperación, variabilidad y deuda.",VEN_0081_3 | cobertura_esencial_superior_a_un_mes | inversion_productiva_observada | hobbies_identificados_sin_asumir_que_deban_eliminarse | balance_operativo_negativo | recuperacion_demora_mas_de_20_dias,bajo,no_requerida,train,uso_planificado_reserva,si,recomendaciones_mvp_v1.1,fincoah_mvp_co_v1.1,9f34a253f3d55cab5c265461c3567b581e6153ea6c77f08342a6fbc9bf563a59
DEC_0082_04,PERF_0082,dentro_del_mvp,VEN_0082_1,2026-04-30,equilibrio_sostenible,REC_CREAR_MARGEN,Crear un margen pequeño y flexible antes de aumentar compromisos fijos.,prevencion,pagar_deuda,cocina_y_reposteria,necesidades_esenciales | hobbies:cocina_y_reposteria | meta:pagar_deuda,balance_B:307000 | cobertura_L:4.9263 | variabilidad_V:0.0 | deuda_J:0.0,no_declarar_riesgo_solo_por_ingreso_variable | no_eliminar_hobbies_por_defecto | no_tratar_el_estado_como_identidad_permanente,sugerir,media,no,,"El estado equilibrio_sostenible describe únicamente la ventana hasta 2026-04-30 y se sustenta en balance, cobertura, recuperación, variabilidad y deuda.",VEN_0082_1 | balance_operativo_no_negativo | cobertura_esencial_superior_a_un_mes | inversion_productiva_observada | hobbies_identificados_sin_asumir_que_deban_eliminarse | sin_factor_de_atencion_dominante,bajo,no_requerida,train,deterioro_reciente,si,recomendaciones_mvp_v1.1,fincoah_mvp_co_v1.1,90092699772ca3a8024e16cac61d015541f2749af2032e6b711b174efea9ca05
DEC_0082_05,PERF_0082,dentro_del_mvp,VEN_0082_2,2026-05-31,equilibrio_sostenible,REC_CREAR_MARGEN,Crear un margen pequeño y flexible antes de aumentar compromisos fijos.,prevencion,pagar_deuda,cocina_y_reposteria,necesidades_esenciales | hobbies:cocina_y_reposteria | meta:pagar_deuda,balance_B:1161000 | cobertura_L:4.5666 | variabilidad_V:0.0398 | deuda_J:-0.2232,no_declarar_riesgo_solo_por_ingreso_variable | no_eliminar_hobbies_por_defecto | no_tratar_el_estado_como_identidad_permanente,sugerir,media,no,,"El estado equilibrio_sostenible describe únicamente la ventana hasta 2026-05-31 y se sustenta en balance, cobertura, recuperación, variabilidad y deuda.",VEN_0082_2 | balance_operativo_no_negativo | cobertura_esencial_superior_a_un_mes | recuperacion_consistente | inversion_productiva_observada | hobbies_identificados_sin_asumir_que_deban_eliminarse | sin_factor_de_atencion_dominante,bajo,no_requerida,train,deterioro_reciente,si,recomendaciones_mvp_v1.1,fincoah_mvp_co_v1.1,a1f3f97188530315a47163ceddb62f16b9ad226867cf86ed0b58aa0dd440431e
DEC_0082_06,PERF_0082,dentro_del_mvp,VEN_0082_3,2026-06-30,deterioro_reciente,REC_REVISAR_CAMBIO_RECIENTE,Revisar el cambio reciente en ingresos y compromisos antes de modificar gastos personales valiosos.,diagnostico,pagar_deuda,cocina_y_reposteria,necesidades_esenciales | hobbies:cocina_y_reposteria | meta:pagar_deuda,balance_B:-2127000 | cobertura_L:2.9954 | variabilidad_V:0.0813 | deuda_J:-0.3828,no_declarar_riesgo_solo_por_ingreso_variable | no_eliminar_hobbies_por_defecto | no_tratar_el_estado_como_identidad_permanente,solicitar_contexto,alta,si,¿Ocurrió algún cambio puntual en tus ingresos o compromisos durante este cierre?,"El estado deterioro_reciente describe únicamente la ventana hasta 2026-06-30 y se sustenta en balance, cobertura, recuperación, variabilidad y deuda.",VEN_0082_3 | cobertura_esencial_superior_a_un_mes | recuperacion_consistente | inversion_productiva_observada | hobbies_identificados_sin_asumir_que_deban_eliminarse | balance_operativo_negativo | recuperacion_demora_mas_de_20_dias,podria_reducir_bienestar_o_desconocer_el_contexto,no_requerida,train,deterioro_reciente,si,recomendaciones_mvp_v1.1,fincoah_mvp_co_v1.1,26a81d0bba9e99289aa596fd982dd7cd056b1b17b2c180f426d1a3d8f57979e0
DEC_0083_04,PERF_0083,dentro_del_mvp,VEN_0083_1,2026-04-30,deterioro_reciente,REC_REVISAR_CAMBIO_RECIENTE,Revisar el cambio reciente en ingresos y compromisos antes de modificar gastos personales valiosos.,diagnostico,ampliar_actividad_economica,manualidades_y_artesanias,necesidades_esenciales | hobbies:manualidades_y_artesanias | meta:ampliar_actividad_economica,balance_B:-2360000 | cobertura_L:0.0 | variabilidad_V:0.0 | deuda_J:-0.0118,no_declarar_riesgo_solo_por_ingreso_variable | no_eliminar_hobbies_por_defecto | no_tratar_el_estado_como_identidad_permanente,solicitar_contexto,alta,si,¿Ocurrió algún cambio puntual en tus ingresos o compromisos durante este cierre?,"El estado deterioro_reciente describe únicamente la ventana hasta 2026-04-30 y se sustenta en balance, cobertura, recuperación, variabilidad y deuda.",VEN_0083_1 | inversion_productiva_observada | hobbies_identificados_sin_asumir_que_deban_eliminarse | balance_operativo_negativo | cobertura_esencial_reducida | recuperacion_demora_mas_de_20_dias,podria_reducir_bienestar_o_desconocer_el_contexto,no_requerida,train,fragilidad_sostenida,si,recomendaciones_mvp_v1.1,fincoah_mvp_co_v1.1,c2d4e71ac949a187f97ef496eabf9285331a957b7265cb467c25155e7747be25
DEC_0083_05,PERF_0083,dentro_del_mvp,VEN_0083_2,2026-05-31,fragilidad_sostenida,REC_PRIORIZAR_COBERTURA,"Priorizar vivienda, alimentación, salud y servicios; revisar opciones de renegociación de deuda sin eliminar automáticamente los hobbies.",proteccion_esencial,ampliar_actividad_economica,manualidades_y_artesanias,necesidades_esenciales | hobbies:manualidades_y_artesanias | meta:ampliar_actividad_economica,balance_B:-7156000 | cobertura_L:0.0 | variabilidad_V:0.1395 | deuda_J:0.0171,no_declarar_riesgo_solo_por_ingreso_variable | no_eliminar_hobbies_por_defecto | no_tratar_el_estado_como_identidad_permanente,aplicar,alta,no,,"El estado fragilidad_sostenida describe únicamente la ventana hasta 2026-05-31 y se sustenta en balance, cobertura, recuperación, variabilidad y deuda.",VEN_0083_2 | inversion_productiva_observada | hobbies_identificados_sin_asumir_que_deban_eliminarse | balance_operativo_negativo | cobertura_esencial_reducida | recuperacion_demora_mas_de_20_dias,podria_reducir_bienestar_o_desconocer_el_contexto,no_requerida,train,fragilidad_sostenida,si,recomendaciones_mvp_v1.1,fincoah_mvp_co_v1.1,f9398720fc19f4b9fbd6e5c205442718cd5c63d068cd2685a1288b88f4c321ed
DEC_0083_06,PERF_0083,dentro_del_mvp,VEN_0083_3,2026-06-30,fragilidad_sostenida,REC_PRIORIZAR_COBERTURA,"Priorizar vivienda, alimentación, salud y servicios; revisar opciones de renegociación de deuda sin eliminar automáticamente los hobbies.",proteccion_esencial,ampliar_actividad_economica,manualidades_y_artesanias,necesidades_esenciales | hobbies:manualidades_y_artesanias | meta:ampliar_actividad_economica,balance_B:-12010000 | cobertura_L:0.0 | variabilidad_V:0.1439 | deuda_J:0.0337,no_declarar_riesgo_solo_por_ingreso_variable | no_eliminar_hobbies_por_defecto | no_tratar_el_estado_como_identidad_permanente,aplicar,alta,no,,"El estado fragilidad_sostenida describe únicamente la ventana hasta 2026-06-30 y se sustenta en balance, cobertura, recuperación, variabilidad y deuda.",VEN_0083_3 | inversion_productiva_observada | hobbies_identificados_sin_asumir_que_deban_eliminarse | balance_operativo_negativo | cobertura_esencial_reducida | recuperacion_demora_mas_de_20_dias,podria_reducir_bienestar_o_desconocer_el_contexto,no_requerida,train,fragilidad_sostenida,si,recomendaciones_mvp_v1.1,fincoah_mvp_co_v1.1,8b8768552e042f5c316a79b9ed081d5f2120c68108fbeb507dac1d3d968b706a
DEC_0084_04,PERF_0084,dentro_del_mvp,VEN_0084_1,2026-04-30,fragilidad_sostenida,REC_PRIORIZAR_COBERTURA,"Priorizar vivienda, alimentación, salud y servicios; revisar opciones de renegociación de deuda sin eliminar automáticamente los hobbies.",proteccion_esencial,ampliar_actividad_economica,musica,necesidades_esenciales | hobbies:musica | meta:ampliar_actividad_economica,balance_B:-9016000 | cobertura_L:0.0 | variabilidad_V:0.0 | deuda_J:0.0414,no_declarar_riesgo_solo_por_ingreso_variable | no_eliminar_hobbies_por_defecto | no_tratar_el_estado_como_identidad_permanente,aplicar,alta,no,,"El estado fragilidad_sostenida describe únicamente la ventana hasta 2026-04-30 y se sustenta en balance, cobertura, recuperación, variabilidad y deuda.",VEN_0084_1 | inversion_productiva_observada | hobbies_identificados_sin_asumir_que_deban_eliminarse | balance_operativo_negativo | cobertura_esencial_reducida | recuperacion_demora_mas_de_20_dias,podria_reducir_bienestar_o_desconocer_el_contexto,no_requerida,validation,situacion_critica,si,recomendaciones_mvp_v1.1,fincoah_mvp_co_v1.1,00f4df834ad3c71f191ef2163aaea45b45e34906fecffd81df067302375fe845
DEC_0084_05,PERF_0084,dentro_del_mvp,VEN_0084_2,2026-05-31,situacion_critica,REC_PLAN_CONTENCION,Activar un plan de contención centrado en necesidades esenciales y solicitar revisión humana para deuda y liquidez.,contencion_y_revision,ampliar_actividad_economica,musica,necesidades_esenciales | hobbies:musica | meta:ampliar_actividad_economica,balance_B:-23089000 | cobertura_L:0.0 | variabilidad_V:0.1767 | deuda_J:-0.0058,no_declarar_riesgo_solo_por_ingreso_variable | no_eliminar_hobbies_por_defecto | no_tratar_el_estado_como_identidad_permanente,aplicar,critica,no,,"El estado situacion_critica describe únicamente la ventana hasta 2026-05-31 y se sustenta en balance, cobertura, recuperación, variabilidad y deuda.",VEN_0084_2 | inversion_productiva_observada | hobbies_identificados_sin_asumir_que_deban_eliminarse | balance_operativo_negativo | cobertura_esencial_reducida | recuperacion_demora_mas_de_20_dias,podria_reducir_bienestar_o_desconocer_el_contexto,requerida,validation,situacion_critica,si,recomendaciones_mvp_v1.1,fincoah_mvp_co_v1.1,73eda1f7619c0b622d7b9e3d87487590923bb26ed4052bcc293b3dff032b937d
DEC_0084_06,PERF_0084,dentro_del_mvp,VEN_0084_3,2026-06-30,situacion_critica,REC_PLAN_CONTENCION,Activar un plan de contención centrado en necesidades esenciales y solicitar revisión humana para deuda y liquidez.,contencion_y_revision,ampliar_actividad_economica,musica,necesidades_esenciales | hobbies:musica | meta:ampliar_actividad_economica,balance_B:-36543000 | cobertura_L:0.0 | variabilidad_V:0.1459 | deuda_J:-0.084,no_declarar_riesgo_solo_por_ingreso_variable | no_eliminar_hobbies_por_defecto | no_tratar_el_estado_como_identidad_permanente,aplicar,critica,no,,"El estado situacion_critica describe únicamente la ventana hasta 2026-06-30 y se sustenta en balance, cobertura, recuperación, variabilidad y deuda.",VEN_0084_3 | inversion_productiva_observada | hobbies_identificados_sin_asumir_que_deban_eliminarse | balance_operativo_negativo | cobertura_esencial_reducida | recuperacion_demora_mas_de_20_dias,podria_reducir_bienestar_o_desconocer_el_contexto,requerida,validation,situacion_critica,si,recomendaciones_mvp_v1.1,fincoah_mvp_co_v1.1,cc5e4469c42f0b95499a162f73239e54450006c9ab2b721141b1539a649c5f31
DEC_0085_04,PERF_0085,dentro_del_mvp,VEN_0085_1,2026-04-30,acumulacion_estable,REC_MANTENER_ACUMULACION,Mantener el patrón actual y separar automáticamente una parte del excedente para la meta declarada.,mantenimiento_y_ahorro,hacer_certificacion_profesional,fotografia_y_video,necesidades_esenciales | hobbies:fotografia_y_video | meta:hacer_certificacion_profesional,balance_B:1264000 | cobertura_L:8.0277 | variabilidad_V:0.0 | deuda_J:-0.0117,no_declarar_riesgo_solo_por_ingreso_variable | no_eliminar_hobbies_por_defecto | no_tratar_el_estado_como_identidad_permanente,aplicar,media,no,,"El estado acumulacion_estable describe únicamente la ventana hasta 2026-04-30 y se sustenta en balance, cobertura, recuperación, variabilidad y deuda.",VEN_0085_1 | balance_operativo_no_negativo | cobertura_esencial_superior_a_un_mes | recuperacion_consistente | inversion_productiva_observada | hobbies_identificados_sin_asumir_que_deban_eliminarse | sin_factor_de_atencion_dominante,bajo,no_requerida,train,acumulacion_estable,si,recomendaciones_mvp_v1.1,fincoah_mvp_co_v1.1,cabe3bec33d144dd81dac790383113d27fe888539e75bc7f59dca29641b00ac1
DEC_0085_05,PERF_0085,dentro_del_mvp,VEN_0085_2,2026-05-31,acumulacion_estable,REC_MANTENER_ACUMULACION,Mantener el patrón actual y separar automáticamente una parte del excedente para la meta declarada.,mantenimiento_y_ahorro,hacer_certificacion_profesional,fotografia_y_video,necesidades_esenciales | hobbies:fotografia_y_video | meta:hacer_certificacion_profesional,balance_B:3108000 | cobertura_L:9.5594 | variabilidad_V:0.0798 | deuda_J:-0.0233,no_declarar_riesgo_solo_por_ingreso_variable | no_eliminar_hobbies_por_defecto | no_tratar_el_estado_como_identidad_permanente,aplicar,media,no,,"El estado acumulacion_estable describe únicamente la ventana hasta 2026-05-31 y se sustenta en balance, cobertura, recuperación, variabilidad y deuda.",VEN_0085_2 | balance_operativo_no_negativo | cobertura_esencial_superior_a_un_mes | recuperacion_consistente | inversion_productiva_observada | hobbies_identificados_sin_asumir_que_deban_eliminarse | sin_factor_de_atencion_dominante,bajo,no_requerida,train,acumulacion_estable,si,recomendaciones_mvp_v1.1,fincoah_mvp_co_v1.1,81404e9e17c5abb9e9b97899f04055ccac8886a25f8b9f539f62d805930fd215
DEC_0085_06,PERF_0085,dentro_del_mvp,VEN_0085_3,2026-06-30,acumulacion_estable,REC_MANTENER_ACUMULACION,Mantener el patrón actual y separar automáticamente una parte del excedente para la meta declarada.,mantenimiento_y_ahorro,hacer_certificacion_profesional,fotografia_y_video,necesidades_esenciales | hobbies:fotografia_y_video | meta:hacer_certificacion_profesional,balance_B:4671000 | cobertura_L:10.4928 | variabilidad_V:0.0651 | deuda_J:-0.0359,no_declarar_riesgo_solo_por_ingreso_variable | no_eliminar_hobbies_por_defecto | no_tratar_el_estado_como_identidad_permanente,aplicar,media,no,,"El estado acumulacion_estable describe únicamente la ventana hasta 2026-06-30 y se sustenta en balance, cobertura, recuperación, variabilidad y deuda.",VEN_0085_3 | balance_operativo_no_negativo | cobertura_esencial_superior_a_un_mes | recuperacion_consistente | inversion_productiva_observada | hobbies_identificados_sin_asumir_que_deban_eliminarse | sin_factor_de_atencion_dominante,bajo,no_requerida,train,acumulacion_estable,si,recomendaciones_mvp_v1.1,fincoah_mvp_co_v1.1,18ac8b5f5ba55bbf0744d87795aac32e0783dfec0c24003815cb4595d0c7eea6
DEC_0086_04,PERF_0086,dentro_del_mvp,VEN_0086_1,2026-04-30,equilibrio_sostenible,REC_CREAR_MARGEN,Crear un margen pequeño y flexible antes de aumentar compromisos fijos.,prevencion,mejorar_vivienda,videojuegos_y_streaming | manualidades_y_artesanias,necesidades_esenciales | hobbies:videojuegos_y_streaming | manualidades_y_artesanias | meta:mejorar_vivienda,balance_B:403000 | cobertura_L:5.8684 | variabilidad_V:0.0 | deuda_J:0.0,no_declarar_riesgo_solo_por_ingreso_variable | no_eliminar_hobbies_por_defecto | no_tratar_el_estado_como_identidad_permanente,sugerir,media,no,,"El estado equilibrio_sostenible describe únicamente la ventana hasta 2026-04-30 y se sustenta en balance, cobertura, recuperación, variabilidad y deuda.",VEN_0086_1 | balance_operativo_no_negativo | cobertura_esencial_superior_a_un_mes | recuperacion_consistente | inversion_productiva_observada | hobbies_identificados_sin_asumir_que_deban_eliminarse | sin_factor_de_atencion_dominante,bajo,no_requerida,validation,equilibrio_sostenible,si,recomendaciones_mvp_v1.1,fincoah_mvp_co_v1.1,09e5695c70c5ea481de491d856b5b6adf5bc19a76e6c6066b35eb00a742265cd
DEC_0086_05,PERF_0086,dentro_del_mvp,VEN_0086_2,2026-05-31,equilibrio_sostenible,REC_CREAR_MARGEN,Crear un margen pequeño y flexible antes de aumentar compromisos fijos.,prevencion,mejorar_vivienda,videojuegos_y_streaming | manualidades_y_artesanias,necesidades_esenciales | hobbies:videojuegos_y_streaming | manualidades_y_artesanias | meta:mejorar_vivienda,balance_B:265000 | cobertura_L:5.0069 | variabilidad_V:0.0409 | deuda_J:0.0,no_declarar_riesgo_solo_por_ingreso_variable | no_eliminar_hobbies_por_defecto | no_tratar_el_estado_como_identidad_permanente,sugerir,media,no,,"El estado equilibrio_sostenible describe únicamente la ventana hasta 2026-05-31 y se sustenta en balance, cobertura, recuperación, variabilidad y deuda.",VEN_0086_2 | balance_operativo_no_negativo | cobertura_esencial_superior_a_un_mes | recuperacion_consistente | inversion_productiva_observada | hobbies_identificados_sin_asumir_que_deban_eliminarse | recuperacion_demora_mas_de_20_dias,bajo,no_requerida,validation,equilibrio_sostenible,si,recomendaciones_mvp_v1.1,fincoah_mvp_co_v1.1,56bc0be11cde63c8850a0443289e397fc26211c0d8a9bad6a2b4a2ea47887acc
DEC_0086_06,PERF_0086,dentro_del_mvp,VEN_0086_3,2026-06-30,equilibrio_sostenible,REC_CREAR_MARGEN,Crear un margen pequeño y flexible antes de aumentar compromisos fijos.,prevencion,mejorar_vivienda,videojuegos_y_streaming | manualidades_y_artesanias,necesidades_esenciales | hobbies:videojuegos_y_streaming | manualidades_y_artesanias | meta:mejorar_vivienda,balance_B:1365000 | cobertura_L:5.1592 | variabilidad_V:0.0731 | deuda_J:0.0,no_declarar_riesgo_solo_por_ingreso_variable | no_eliminar_hobbies_por_defecto | no_tratar_el_estado_como_identidad_permanente,sugerir,media,no,,"El estado equilibrio_sostenible describe únicamente la ventana hasta 2026-06-30 y se sustenta en balance, cobertura, recuperación, variabilidad y deuda.",VEN_0086_3 | balance_operativo_no_negativo | cobertura_esencial_superior_a_un_mes | recuperacion_consistente | inversion_productiva_observada | hobbies_identificados_sin_asumir_que_deban_eliminarse | sin_factor_de_atencion_dominante,bajo,no_requerida,validation,equilibrio_sostenible,si,recomendaciones_mvp_v1.1,fincoah_mvp_co_v1.1,44c6a426f50e26343cb9795c919a9c4312a78cdcf5f83e63b706d99cd6fc78f3
DEC_0087_04,PERF_0087,dentro_del_mvp,VEN_0087_1,2026-04-30,equilibrio_sostenible,REC_CREAR_MARGEN,Crear un margen pequeño y flexible antes de aumentar compromisos fijos.,prevencion,hacer_viaje,turismo_y_viajes,necesidades_esenciales | hobbies:turismo_y_viajes | meta:hacer_viaje,balance_B:133000 | cobertura_L:4.5996 | variabilidad_V:0.0 | deuda_J:-0.0379,no_declarar_riesgo_solo_por_ingreso_variable | no_eliminar_hobbies_por_defecto | no_tratar_el_estado_como_identidad_permanente,sugerir,media,no,,"El estado equilibrio_sostenible describe únicamente la ventana hasta 2026-04-30 y se sustenta en balance, cobertura, recuperación, variabilidad y deuda.",VEN_0087_1 | balance_operativo_no_negativo | cobertura_esencial_superior_a_un_mes | recuperacion_consistente | inversion_productiva_observada | hobbies_identificados_sin_asumir_que_deban_eliminarse | sin_factor_de_atencion_dominante,bajo,no_requerida,train,variable_resiliente,si,recomendaciones_mvp_v1.1,fincoah_mvp_co_v1.1,5c9095fee060ae0ee73d179421fa31cd2deb52e77dddd2b0f9db7269f3f0b3a8
DEC_0087_05,PERF_0087,dentro_del_mvp,VEN_0087_2,2026-05-31,variable_resiliente,REC_RESERVA_PICOS,Reservar parte de los meses altos para cubrir los periodos de menor ingreso sin tratar la variabilidad como falla.,gestion_ingreso_variable,hacer_viaje,turismo_y_viajes,necesidades_esenciales | hobbies:turismo_y_viajes | meta:hacer_viaje,balance_B:4880000 | cobertura_L:6.7903 | variabilidad_V:0.2231 | deuda_J:-0.141,no_declarar_riesgo_solo_por_ingreso_variable | no_eliminar_hobbies_por_defecto | no_tratar_el_estado_como_identidad_permanente,aplicar,alta,no,,"El estado variable_resiliente describe únicamente la ventana hasta 2026-05-31 y se sustenta en balance, cobertura, recuperación, variabilidad y deuda.",VEN_0087_2 | balance_operativo_no_negativo | cobertura_esencial_superior_a_un_mes | recuperacion_consistente | inversion_productiva_observada | hobbies_identificados_sin_asumir_que_deban_eliminarse | sin_factor_de_atencion_dominante,bajo,no_requerida,train,variable_resiliente,si,recomendaciones_mvp_v1.1,fincoah_mvp_co_v1.1,ca31150dca02d3d8ba7d5570edec530e08cc934ce1680fafe353a61a00ff8075
DEC_0087_06,PERF_0087,dentro_del_mvp,VEN_0087_3,2026-06-30,variable_resiliente,REC_RESERVA_PICOS,Reservar parte de los meses altos para cubrir los periodos de menor ingreso sin tratar la variabilidad como falla.,gestion_ingreso_variable,hacer_viaje,turismo_y_viajes,necesidades_esenciales | hobbies:turismo_y_viajes | meta:hacer_viaje,balance_B:2389000 | cobertura_L:5.3455 | variabilidad_V:0.2778 | deuda_J:-0.2033,no_declarar_riesgo_solo_por_ingreso_variable | no_eliminar_hobbies_por_defecto | no_tratar_el_estado_como_identidad_permanente,aplicar,alta,no,,"El estado variable_resiliente describe únicamente la ventana hasta 2026-06-30 y se sustenta en balance, cobertura, recuperación, variabilidad y deuda.",VEN_0087_3 | balance_operativo_no_negativo | cobertura_esencial_superior_a_un_mes | recuperacion_consistente | inversion_productiva_observada | hobbies_identificados_sin_asumir_que_deban_eliminarse | recuperacion_demora_mas_de_20_dias,bajo,no_requerida,train,variable_resiliente,si,recomendaciones_mvp_v1.1,fincoah_mvp_co_v1.1,ccd5165b3dd9987ba1684ff904f040b10aa070c4d101fb08758be3b53218e931
DEC_0088_04,PERF_0088,dentro_del_mvp,VEN_0088_1,2026-04-30,acumulacion_estable,REC_MANTENER_ACUMULACION,Mantener el patrón actual y separar automáticamente una parte del excedente para la meta declarada.,mantenimiento_y_ahorro,crear_fondo_emergencia,impresion_3d | turismo_y_viajes,necesidades_esenciales | hobbies:impresion_3d | turismo_y_viajes | meta:crear_fondo_emergencia,balance_B:3376000 | cobertura_L:8.1516 | variabilidad_V:0.0 | deuda_J:0.0,no_declarar_riesgo_solo_por_ingreso_variable | no_eliminar_hobbies_por_defecto | no_tratar_el_estado_como_identidad_permanente,aplicar,media,no,,"El estado acumulacion_estable describe únicamente la ventana hasta 2026-04-30 y se sustenta en balance, cobertura, recuperación, variabilidad y deuda.",VEN_0088_1 | balance_operativo_no_negativo | cobertura_esencial_superior_a_un_mes | inversion_productiva_observada | hobbies_identificados_sin_asumir_que_deban_eliminarse | sin_factor_de_atencion_dominante,bajo,no_requerida,train,uso_planificado_reserva,si,recomendaciones_mvp_v1.1,fincoah_mvp_co_v1.1,117c0697625cbfda1e46ddbfdc86bac354a691a066f437f7595a57978a43e95b
DEC_0088_05,PERF_0088,dentro_del_mvp,VEN_0088_2,2026-05-31,uso_planificado_reserva,REC_VIGILAR_RESERVA,Mantener el gasto alineado con la meta y revisar que la reserva conserve cobertura suficiente durante el siguiente cierre.,seguimiento_meta,crear_fondo_emergencia,impresion_3d | turismo_y_viajes,necesidades_esenciales | hobbies:impresion_3d | turismo_y_viajes | meta:crear_fondo_emergencia,balance_B:-4021000 | cobertura_L:2.6368 | variabilidad_V:0.2682 | deuda_J:0.0,no_declarar_riesgo_solo_por_ingreso_variable | no_eliminar_hobbies_por_defecto | no_tratar_el_estado_como_identidad_permanente,sugerir,media,no,,"El estado uso_planificado_reserva describe únicamente la ventana hasta 2026-05-31 y se sustenta en balance, cobertura, recuperación, variabilidad y deuda.",VEN_0088_2 | cobertura_esencial_superior_a_un_mes | inversion_productiva_observada | hobbies_identificados_sin_asumir_que_deban_eliminarse | balance_operativo_negativo | recuperacion_demora_mas_de_20_dias,bajo,no_requerida,train,uso_planificado_reserva,si,recomendaciones_mvp_v1.1,fincoah_mvp_co_v1.1,2dd977b80fa328db40a7cede03666204a81c73c84bd639a49dcb2732da356ffb
DEC_0088_06,PERF_0088,dentro_del_mvp,VEN_0088_3,2026-06-30,uso_planificado_reserva,REC_VIGILAR_RESERVA,Mantener el gasto alineado con la meta y revisar que la reserva conserve cobertura suficiente durante el siguiente cierre.,seguimiento_meta,crear_fondo_emergencia,impresion_3d | turismo_y_viajes,necesidades_esenciales | hobbies:impresion_3d | turismo_y_viajes | meta:crear_fondo_emergencia,balance_B:-10917000 | cobertura_L:1.0413 | variabilidad_V:0.252 | deuda_J:0.0,no_declarar_riesgo_solo_por_ingreso_variable | no_eliminar_hobbies_por_defecto | no_tratar_el_estado_como_identidad_permanente,sugerir,media,no,,"El estado uso_planificado_reserva describe únicamente la ventana hasta 2026-06-30 y se sustenta en balance, cobertura, recuperación, variabilidad y deuda.",VEN_0088_3 | cobertura_esencial_superior_a_un_mes | inversion_productiva_observada | hobbies_identificados_sin_asumir_que_deban_eliminarse | balance_operativo_negativo | recuperacion_demora_mas_de_20_dias,bajo,no_requerida,train,uso_planificado_reserva,si,recomendaciones_mvp_v1.1,fincoah_mvp_co_v1.1,6ad55f9086d2a1f986c0c41c42ee82bc49f32c02959c341dccbbec66aefe640a
DEC_0089_04,PERF_0089,dentro_del_mvp,VEN_0089_1,2026-04-30,equilibrio_sostenible,REC_CREAR_MARGEN,Crear un margen pequeño y flexible antes de aumentar compromisos fijos.,prevencion,hacer_certificacion_profesional,jardineria_y_agricultura_urbana,necesidades_esenciales | hobbies:jardineria_y_agricultura_urbana | meta:hacer_certificacion_profesional,balance_B:516000 | cobertura_L:2.5297 | variabilidad_V:0.0 | deuda_J:-0.059,no_declarar_riesgo_solo_por_ingreso_variable | no_eliminar_hobbies_por_defecto | no_tratar_el_estado_como_identidad_permanente,sugerir,media,no,,"El estado equilibrio_sostenible describe únicamente la ventana hasta 2026-04-30 y se sustenta en balance, cobertura, recuperación, variabilidad y deuda.",VEN_0089_1 | balance_operativo_no_negativo | cobertura_esencial_superior_a_un_mes | recuperacion_consistente | inversion_productiva_observada | hobbies_identificados_sin_asumir_que_deban_eliminarse | sin_factor_de_atencion_dominante,bajo,no_requerida,train,deterioro_reciente,si,recomendaciones_mvp_v1.1,fincoah_mvp_co_v1.1,2ca1abfe6516baf9486ea39fc9fe093ad4af0ab0c0b964a4ce38ebaa32eed1d9
DEC_0089_05,PERF_0089,dentro_del_mvp,VEN_0089_2,2026-05-31,equilibrio_sostenible,REC_CREAR_MARGEN,Crear un margen pequeño y flexible antes de aumentar compromisos fijos.,prevencion,hacer_certificacion_profesional,jardineria_y_agricultura_urbana,necesidades_esenciales | hobbies:jardineria_y_agricultura_urbana | meta:hacer_certificacion_profesional,balance_B:945000 | cobertura_L:2.7294 | variabilidad_V:0.0095 | deuda_J:-0.0916,no_declarar_riesgo_solo_por_ingreso_variable | no_eliminar_hobbies_por_defecto | no_tratar_el_estado_como_identidad_permanente,sugerir,media,no,,"El estado equilibrio_sostenible describe únicamente la ventana hasta 2026-05-31 y se sustenta en balance, cobertura, recuperación, variabilidad y deuda.",VEN_0089_2 | balance_operativo_no_negativo | cobertura_esencial_superior_a_un_mes | recuperacion_consistente | inversion_productiva_observada | hobbies_identificados_sin_asumir_que_deban_eliminarse | recuperacion_demora_mas_de_20_dias,bajo,no_requerida,train,deterioro_reciente,si,recomendaciones_mvp_v1.1,fincoah_mvp_co_v1.1,db4627e04c677088c15e3fde46e9015ab7920684c604ee3b0e1e661468d9211f
DEC_0089_06,PERF_0089,dentro_del_mvp,VEN_0089_3,2026-06-30,deterioro_reciente,REC_REVISAR_CAMBIO_RECIENTE,Revisar el cambio reciente en ingresos y compromisos antes de modificar gastos personales valiosos.,diagnostico,hacer_certificacion_profesional,jardineria_y_agricultura_urbana,necesidades_esenciales | hobbies:jardineria_y_agricultura_urbana | meta:hacer_certificacion_profesional,balance_B:-1696000 | cobertura_L:1.4332 | variabilidad_V:0.1406 | deuda_J:-0.1209,no_declarar_riesgo_solo_por_ingreso_variable | no_eliminar_hobbies_por_defecto | no_tratar_el_estado_como_identidad_permanente,solicitar_contexto,alta,si,¿Ocurrió algún cambio puntual en tus ingresos o compromisos durante este cierre?,"El estado deterioro_reciente describe únicamente la ventana hasta 2026-06-30 y se sustenta en balance, cobertura, recuperación, variabilidad y deuda.",VEN_0089_3 | cobertura_esencial_superior_a_un_mes | recuperacion_consistente | inversion_productiva_observada | hobbies_identificados_sin_asumir_que_deban_eliminarse | balance_operativo_negativo | recuperacion_demora_mas_de_20_dias,podria_reducir_bienestar_o_desconocer_el_contexto,no_requerida,train,deterioro_reciente,si,recomendaciones_mvp_v1.1,fincoah_mvp_co_v1.1,e7b7360abe831d58560901f3c82913cfb65924d3032c728484fa3770d6d63af5
DEC_0090_04,PERF_0090,dentro_del_mvp,VEN_0090_1,2026-04-30,deterioro_reciente,REC_REVISAR_CAMBIO_RECIENTE,Revisar el cambio reciente en ingresos y compromisos antes de modificar gastos personales valiosos.,diagnostico,mejorar_vivienda,ciclismo | musica,necesidades_esenciales | hobbies:ciclismo | musica | meta:mejorar_vivienda,balance_B:-3069000 | cobertura_L:0.0 | variabilidad_V:0.0 | deuda_J:-0.0431,no_declarar_riesgo_solo_por_ingreso_variable | no_eliminar_hobbies_por_defecto | no_tratar_el_estado_como_identidad_permanente,solicitar_contexto,alta,si,¿Ocurrió algún cambio puntual en tus ingresos o compromisos durante este cierre?,"El estado deterioro_reciente describe únicamente la ventana hasta 2026-04-30 y se sustenta en balance, cobertura, recuperación, variabilidad y deuda.",VEN_0090_1 | inversion_productiva_observada | hobbies_identificados_sin_asumir_que_deban_eliminarse | balance_operativo_negativo | cobertura_esencial_reducida | recuperacion_demora_mas_de_20_dias,podria_reducir_bienestar_o_desconocer_el_contexto,no_requerida,train,fragilidad_sostenida,si,recomendaciones_mvp_v1.1,fincoah_mvp_co_v1.1,3ef1d21b16148d376b732bec6b3b77e94170dfcdafe9605784c34cd9fd67e2bb
DEC_0090_05,PERF_0090,dentro_del_mvp,VEN_0090_2,2026-05-31,fragilidad_sostenida,REC_PRIORIZAR_COBERTURA,"Priorizar vivienda, alimentación, salud y servicios; revisar opciones de renegociación de deuda sin eliminar automáticamente los hobbies.",proteccion_esencial,mejorar_vivienda,ciclismo | musica,necesidades_esenciales | hobbies:ciclismo | musica | meta:mejorar_vivienda,balance_B:-9081000 | cobertura_L:0.0 | variabilidad_V:0.1184 | deuda_J:-0.0597,no_declarar_riesgo_solo_por_ingreso_variable | no_eliminar_hobbies_por_defecto | no_tratar_el_estado_como_identidad_permanente,aplicar,alta,no,,"El estado fragilidad_sostenida describe únicamente la ventana hasta 2026-05-31 y se sustenta en balance, cobertura, recuperación, variabilidad y deuda.",VEN_0090_2 | inversion_productiva_observada | hobbies_identificados_sin_asumir_que_deban_eliminarse | balance_operativo_negativo | cobertura_esencial_reducida | recuperacion_demora_mas_de_20_dias,podria_reducir_bienestar_o_desconocer_el_contexto,no_requerida,train,fragilidad_sostenida,si,recomendaciones_mvp_v1.1,fincoah_mvp_co_v1.1,250cfeb009c95d2ae6f53ed364cb8169e5581512d17f765593463bee35d026ed
DEC_0090_06,PERF_0090,dentro_del_mvp,VEN_0090_3,2026-06-30,fragilidad_sostenida,REC_PRIORIZAR_COBERTURA,"Priorizar vivienda, alimentación, salud y servicios; revisar opciones de renegociación de deuda sin eliminar automáticamente los hobbies.",proteccion_esencial,mejorar_vivienda,ciclismo | musica,necesidades_esenciales | hobbies:ciclismo | musica | meta:mejorar_vivienda,balance_B:-15315000 | cobertura_L:0.0 | variabilidad_V:0.1354 | deuda_J:-0.0975,no_declarar_riesgo_solo_por_ingreso_variable | no_eliminar_hobbies_por_defecto | no_tratar_el_estado_como_identidad_permanente,aplicar,alta,no,,"El estado fragilidad_sostenida describe únicamente la ventana hasta 2026-06-30 y se sustenta en balance, cobertura, recuperación, variabilidad y deuda.",VEN_0090_3 | inversion_productiva_observada | hobbies_identificados_sin_asumir_que_deban_eliminarse | balance_operativo_negativo | cobertura_esencial_reducida | recuperacion_demora_mas_de_20_dias,podria_reducir_bienestar_o_desconocer_el_contexto,no_requerida,train,fragilidad_sostenida,si,recomendaciones_mvp_v1.1,fincoah_mvp_co_v1.1,b1e836f0f51bffe831640518532c34de37bcfbdb7a43cb89f2d5b360297b1fde
DEC_0091_04,PERF_0091,dentro_del_mvp,VEN_0091_1,2026-04-30,fragilidad_sostenida,REC_PRIORIZAR_COBERTURA,"Priorizar vivienda, alimentación, salud y servicios; revisar opciones de renegociación de deuda sin eliminar automáticamente los hobbies.",proteccion_esencial,mejorar_vivienda,pintura | fotografia_y_video,necesidades_esenciales | hobbies:pintura | fotografia_y_video | meta:mejorar_vivienda,balance_B:-10225000 | cobertura_L:0.0 | variabilidad_V:0.0 | deuda_J:-0.0574,no_declarar_riesgo_solo_por_ingreso_variable | no_eliminar_hobbies_por_defecto | no_tratar_el_estado_como_identidad_permanente,aplicar,alta,no,,"El estado fragilidad_sostenida describe únicamente la ventana hasta 2026-04-30 y se sustenta en balance, cobertura, recuperación, variabilidad y deuda.",VEN_0091_1 | inversion_productiva_observada | hobbies_identificados_sin_asumir_que_deban_eliminarse | balance_operativo_negativo | cobertura_esencial_reducida | recuperacion_demora_mas_de_20_dias,podria_reducir_bienestar_o_desconocer_el_contexto,no_requerida,validation,situacion_critica,si,recomendaciones_mvp_v1.1,fincoah_mvp_co_v1.1,29ca3ed3f202075f72f29e3e1beb048f2a0b826f43829886cf5623ac9563f006
DEC_0091_05,PERF_0091,dentro_del_mvp,VEN_0091_2,2026-05-31,situacion_critica,REC_PLAN_CONTENCION,Activar un plan de contención centrado en necesidades esenciales y solicitar revisión humana para deuda y liquidez.,contencion_y_revision,mejorar_vivienda,pintura | fotografia_y_video,necesidades_esenciales | hobbies:pintura | fotografia_y_video | meta:mejorar_vivienda,balance_B:-25959000 | cobertura_L:0.0 | variabilidad_V:0.1373 | deuda_J:0.0568,no_declarar_riesgo_solo_por_ingreso_variable | no_eliminar_hobbies_por_defecto | no_tratar_el_estado_como_identidad_permanente,aplicar,critica,no,,"El estado situacion_critica describe únicamente la ventana hasta 2026-05-31 y se sustenta en balance, cobertura, recuperación, variabilidad y deuda.",VEN_0091_2 | inversion_productiva_observada | hobbies_identificados_sin_asumir_que_deban_eliminarse | balance_operativo_negativo | cobertura_esencial_reducida | deuda_creciente | recuperacion_demora_mas_de_20_dias,podria_reducir_bienestar_o_desconocer_el_contexto,requerida,validation,situacion_critica,si,recomendaciones_mvp_v1.1,fincoah_mvp_co_v1.1,2127a2c5666b393e5207be66243ba70142c7c8f6cd8998a5f159cf480199a410
DEC_0091_06,PERF_0091,dentro_del_mvp,VEN_0091_3,2026-06-30,situacion_critica,REC_PLAN_CONTENCION,Activar un plan de contención centrado en necesidades esenciales y solicitar revisión humana para deuda y liquidez.,contencion_y_revision,mejorar_vivienda,pintura | fotografia_y_video,necesidades_esenciales | hobbies:pintura | fotografia_y_video | meta:mejorar_vivienda,balance_B:-42185000 | cobertura_L:0.0 | variabilidad_V:0.1719 | deuda_J:0.005,no_declarar_riesgo_solo_por_ingreso_variable | no_eliminar_hobbies_por_defecto | no_tratar_el_estado_como_identidad_permanente,aplicar,critica,no,,"El estado situacion_critica describe únicamente la ventana hasta 2026-06-30 y se sustenta en balance, cobertura, recuperación, variabilidad y deuda.",VEN_0091_3 | inversion_productiva_observada | hobbies_identificados_sin_asumir_que_deban_eliminarse | balance_operativo_negativo | cobertura_esencial_reducida | recuperacion_demora_mas_de_20_dias,podria_reducir_bienestar_o_desconocer_el_contexto,requerida,validation,situacion_critica,si,recomendaciones_mvp_v1.1,fincoah_mvp_co_v1.1,606b0fe3100676124caf8fbfeaaa9c3ca765b24ac776ab8204697620b4fef31b
DEC_0092_04,PERF_0092,dentro_del_mvp,VEN_0092_1,2026-04-30,acumulacion_estable,REC_MANTENER_ACUMULACION,Mantener el patrón actual y separar automáticamente una parte del excedente para la meta declarada.,mantenimiento_y_ahorro,comprar_equipo_de_trabajo,cocina_y_reposteria,necesidades_esenciales | hobbies:cocina_y_reposteria | meta:comprar_equipo_de_trabajo,balance_B:1719000 | cobertura_L:4.1372 | variabilidad_V:0.0 | deuda_J:-0.1959,no_declarar_riesgo_solo_por_ingreso_variable | no_eliminar_hobbies_por_defecto | no_tratar_el_estado_como_identidad_permanente,aplicar,media,no,,"El estado acumulacion_estable describe únicamente la ventana hasta 2026-04-30 y se sustenta en balance, cobertura, recuperación, variabilidad y deuda.",VEN_0092_1 | balance_operativo_no_negativo | cobertura_esencial_superior_a_un_mes | hobbies_identificados_sin_asumir_que_deban_eliminarse | sin_factor_de_atencion_dominante,bajo,no_requerida,test,acumulacion_estable,si,recomendaciones_mvp_v1.1,fincoah_mvp_co_v1.1,2b8adf41b90c7f23a915e683693d59668b3f3fb1cbd314174aff1807b21ba739
DEC_0092_05,PERF_0092,dentro_del_mvp,VEN_0092_2,2026-05-31,acumulacion_estable,REC_MANTENER_ACUMULACION,Mantener el patrón actual y separar automáticamente una parte del excedente para la meta declarada.,mantenimiento_y_ahorro,comprar_equipo_de_trabajo,cocina_y_reposteria,necesidades_esenciales | hobbies:cocina_y_reposteria | meta:comprar_equipo_de_trabajo,balance_B:3991000 | cobertura_L:6.5674 | variabilidad_V:0.0552 | deuda_J:-0.1959,no_declarar_riesgo_solo_por_ingreso_variable | no_eliminar_hobbies_por_defecto | no_tratar_el_estado_como_identidad_permanente,aplicar,media,no,,"El estado acumulacion_estable describe únicamente la ventana hasta 2026-05-31 y se sustenta en balance, cobertura, recuperación, variabilidad y deuda.",VEN_0092_2 | balance_operativo_no_negativo | cobertura_esencial_superior_a_un_mes | recuperacion_consistente | inversion_productiva_observada | hobbies_identificados_sin_asumir_que_deban_eliminarse | sin_factor_de_atencion_dominante,bajo,no_requerida,test,acumulacion_estable,si,recomendaciones_mvp_v1.1,fincoah_mvp_co_v1.1,5b04e32eace31699fa955865e905d542076ee915ec0758c3b8cee3c9180df5a5
DEC_0092_06,PERF_0092,dentro_del_mvp,VEN_0092_3,2026-06-30,acumulacion_estable,REC_MANTENER_ACUMULACION,Mantener el patrón actual y separar automáticamente una parte del excedente para la meta declarada.,mantenimiento_y_ahorro,comprar_equipo_de_trabajo,cocina_y_reposteria,necesidades_esenciales | hobbies:cocina_y_reposteria | meta:comprar_equipo_de_trabajo,balance_B:5577000 | cobertura_L:7.3988 | variabilidad_V:0.0609 | deuda_J:-0.2458,no_declarar_riesgo_solo_por_ingreso_variable | no_eliminar_hobbies_por_defecto | no_tratar_el_estado_como_identidad_permanente,aplicar,media,no,,"El estado acumulacion_estable describe únicamente la ventana hasta 2026-06-30 y se sustenta en balance, cobertura, recuperación, variabilidad y deuda.",VEN_0092_3 | balance_operativo_no_negativo | cobertura_esencial_superior_a_un_mes | recuperacion_consistente | inversion_productiva_observada | hobbies_identificados_sin_asumir_que_deban_eliminarse | sin_factor_de_atencion_dominante,bajo,no_requerida,test,acumulacion_estable,si,recomendaciones_mvp_v1.1,fincoah_mvp_co_v1.1,37817d40b25e8d59fed3b2bce077d1b770190a68eb265e14055de3145e67a3c3
DEC_0093_04,PERF_0093,dentro_del_mvp,VEN_0093_1,2026-04-30,equilibrio_sostenible,REC_CREAR_MARGEN,Crear un margen pequeño y flexible antes de aumentar compromisos fijos.,prevencion,comprar_equipo_de_trabajo,manualidades_y_artesanias | pintura,necesidades_esenciales | hobbies:manualidades_y_artesanias | pintura | meta:comprar_equipo_de_trabajo,balance_B:391000 | cobertura_L:3.6887 | variabilidad_V:0.0 | deuda_J:0.0,no_declarar_riesgo_solo_por_ingreso_variable | no_eliminar_hobbies_por_defecto | no_tratar_el_estado_como_identidad_permanente,sugerir,media,no,,"El estado equilibrio_sostenible describe únicamente la ventana hasta 2026-04-30 y se sustenta en balance, cobertura, recuperación, variabilidad y deuda.",VEN_0093_1 | balance_operativo_no_negativo | cobertura_esencial_superior_a_un_mes | recuperacion_consistente | inversion_productiva_observada | hobbies_identificados_sin_asumir_que_deban_eliminarse | sin_factor_de_atencion_dominante,bajo,no_requerida,train,equilibrio_sostenible,si,recomendaciones_mvp_v1.1,fincoah_mvp_co_v1.1,90c2626ef1d9f327b5f54f617f95fdcb5fa72d073dbd647a1e560c2a0aa7ca6a
DEC_0093_05,PERF_0093,dentro_del_mvp,VEN_0093_2,2026-05-31,equilibrio_sostenible,REC_CREAR_MARGEN,Crear un margen pequeño y flexible antes de aumentar compromisos fijos.,prevencion,comprar_equipo_de_trabajo,manualidades_y_artesanias | pintura,necesidades_esenciales | hobbies:manualidades_y_artesanias | pintura | meta:comprar_equipo_de_trabajo,balance_B:593000 | cobertura_L:3.4659 | variabilidad_V:0.0256 | deuda_J:0.0,no_declarar_riesgo_solo_por_ingreso_variable | no_eliminar_hobbies_por_defecto | no_tratar_el_estado_como_identidad_permanente,sugerir,media,no,,"El estado equilibrio_sostenible describe únicamente la ventana hasta 2026-05-31 y se sustenta en balance, cobertura, recuperación, variabilidad y deuda.",VEN_0093_2 | balance_operativo_no_negativo | cobertura_esencial_superior_a_un_mes | recuperacion_consistente | inversion_productiva_observada | hobbies_identificados_sin_asumir_que_deban_eliminarse | recuperacion_demora_mas_de_20_dias,bajo,no_requerida,train,equilibrio_sostenible,si,recomendaciones_mvp_v1.1,fincoah_mvp_co_v1.1,9dc271c960b9e14764741851d1d7409a4d1b7f76d285c636dfd02715bce76491
DEC_0093_06,PERF_0093,dentro_del_mvp,VEN_0093_3,2026-06-30,equilibrio_sostenible,REC_CREAR_MARGEN,Crear un margen pequeño y flexible antes de aumentar compromisos fijos.,prevencion,comprar_equipo_de_trabajo,manualidades_y_artesanias | pintura,necesidades_esenciales | hobbies:manualidades_y_artesanias | pintura | meta:comprar_equipo_de_trabajo,balance_B:656000 | cobertura_L:3.5084 | variabilidad_V:0.0373 | deuda_J:0.0,no_declarar_riesgo_solo_por_ingreso_variable | no_eliminar_hobbies_por_defecto | no_tratar_el_estado_como_identidad_permanente,sugerir,media,no,,"El estado equilibrio_sostenible describe únicamente la ventana hasta 2026-06-30 y se sustenta en balance, cobertura, recuperación, variabilidad y deuda.",VEN_0093_3 | balance_operativo_no_negativo | cobertura_esencial_superior_a_un_mes | recuperacion_consistente | inversion_productiva_observada | hobbies_identificados_sin_asumir_que_deban_eliminarse | sin_factor_de_atencion_dominante,bajo,no_requerida,train,equilibrio_sostenible,si,recomendaciones_mvp_v1.1,fincoah_mvp_co_v1.1,da31cdc04aff25abe2c95f5e9f56d645b17fc6fe86c173fe28e43b8201b28e92
DEC_0094_04,PERF_0094,dentro_del_mvp,VEN_0094_1,2026-04-30,equilibrio_sostenible,REC_CREAR_MARGEN,Crear un margen pequeño y flexible antes de aumentar compromisos fijos.,prevencion,comprar_bicicleta,musica | turismo_y_viajes,necesidades_esenciales | hobbies:musica | turismo_y_viajes | meta:comprar_bicicleta,balance_B:361000 | cobertura_L:3.6194 | variabilidad_V:0.0 | deuda_J:0.0,no_declarar_riesgo_solo_por_ingreso_variable | no_eliminar_hobbies_por_defecto | no_tratar_el_estado_como_identidad_permanente,sugerir,media,no,,"El estado equilibrio_sostenible describe únicamente la ventana hasta 2026-04-30 y se sustenta en balance, cobertura, recuperación, variabilidad y deuda.",VEN_0094_1 | balance_operativo_no_negativo | cobertura_esencial_superior_a_un_mes | inversion_productiva_observada | hobbies_identificados_sin_asumir_que_deban_eliminarse | sin_factor_de_atencion_dominante,bajo,no_requerida,train,variable_resiliente,si,recomendaciones_mvp_v1.1,fincoah_mvp_co_v1.1,aa44b988ab6d19ba0060b0673c4c3f994227ff244cff8c416a51d393eaf88c70
DEC_0094_05,PERF_0094,dentro_del_mvp,VEN_0094_2,2026-05-31,variable_resiliente,REC_RESERVA_PICOS,Reservar parte de los meses altos para cubrir los periodos de menor ingreso sin tratar la variabilidad como falla.,gestion_ingreso_variable,comprar_bicicleta,musica | turismo_y_viajes,necesidades_esenciales | hobbies:musica | turismo_y_viajes | meta:comprar_bicicleta,balance_B:4760000 | cobertura_L:6.0339 | variabilidad_V:0.1985 | deuda_J:-0.0395,no_declarar_riesgo_solo_por_ingreso_variable | no_eliminar_hobbies_por_defecto | no_tratar_el_estado_como_identidad_permanente,aplicar,alta,no,,"El estado variable_resiliente describe únicamente la ventana hasta 2026-05-31 y se sustenta en balance, cobertura, recuperación, variabilidad y deuda.",VEN_0094_2 | balance_operativo_no_negativo | cobertura_esencial_superior_a_un_mes | recuperacion_consistente | inversion_productiva_observada | hobbies_identificados_sin_asumir_que_deban_eliminarse | sin_factor_de_atencion_dominante,bajo,no_requerida,train,variable_resiliente,si,recomendaciones_mvp_v1.1,fincoah_mvp_co_v1.1,9a968136d626da7c375e245c508a6e5fecec57ab632c1a2d8513ebc26bb59c29
DEC_0094_06,PERF_0094,dentro_del_mvp,VEN_0094_3,2026-06-30,variable_resiliente,REC_RESERVA_PICOS,Reservar parte de los meses altos para cubrir los periodos de menor ingreso sin tratar la variabilidad como falla.,gestion_ingreso_variable,comprar_bicicleta,musica | turismo_y_viajes,necesidades_esenciales | hobbies:musica | turismo_y_viajes | meta:comprar_bicicleta,balance_B:2120000 | cobertura_L:3.8999 | variabilidad_V:0.2907 | deuda_J:-0.0798,no_declarar_riesgo_solo_por_ingreso_variable | no_eliminar_hobbies_por_defecto | no_tratar_el_estado_como_identidad_permanente,aplicar,alta,no,,"El estado variable_resiliente describe únicamente la ventana hasta 2026-06-30 y se sustenta en balance, cobertura, recuperación, variabilidad y deuda.",VEN_0094_3 | balance_operativo_no_negativo | cobertura_esencial_superior_a_un_mes | recuperacion_consistente | inversion_productiva_observada | hobbies_identificados_sin_asumir_que_deban_eliminarse | recuperacion_demora_mas_de_20_dias,bajo,no_requerida,train,variable_resiliente,si,recomendaciones_mvp_v1.1,fincoah_mvp_co_v1.1,0c30b21c54aac951e8eeb48dc99818abe190ace2c7422934bbd52cb152cca60f
DEC_0095_04,PERF_0095,dentro_del_mvp,VEN_0095_1,2026-04-30,acumulacion_estable,REC_MANTENER_ACUMULACION,Mantener el patrón actual y separar automáticamente una parte del excedente para la meta declarada.,mantenimiento_y_ahorro,ampliar_actividad_economica,fotografia_y_video,necesidades_esenciales | hobbies:fotografia_y_video | meta:ampliar_actividad_economica,balance_B:994000 | cobertura_L:13.2002 | variabilidad_V:0.0 | deuda_J:0.0,no_declarar_riesgo_solo_por_ingreso_variable | no_eliminar_hobbies_por_defecto | no_tratar_el_estado_como_identidad_permanente,aplicar,media,no,,"El estado acumulacion_estable describe únicamente la ventana hasta 2026-04-30 y se sustenta en balance, cobertura, recuperación, variabilidad y deuda.",VEN_0095_1 | balance_operativo_no_negativo | cobertura_esencial_superior_a_un_mes | recuperacion_consistente | inversion_productiva_observada | hobbies_identificados_sin_asumir_que_deban_eliminarse | sin_factor_de_atencion_dominante,bajo,no_requerida,test,uso_planificado_reserva,si,recomendaciones_mvp_v1.1,fincoah_mvp_co_v1.1,f44722e2b42614e85041d788d177ddaa18909435c6c383137efef66f709fb022
DEC_0095_05,PERF_0095,dentro_del_mvp,VEN_0095_2,2026-05-31,uso_planificado_reserva,REC_VIGILAR_RESERVA,Mantener el gasto alineado con la meta y revisar que la reserva conserve cobertura suficiente durante el siguiente cierre.,seguimiento_meta,ampliar_actividad_economica,fotografia_y_video,necesidades_esenciales | hobbies:fotografia_y_video | meta:ampliar_actividad_economica,balance_B:-1463000 | cobertura_L:4.0433 | variabilidad_V:0.2745 | deuda_J:0.0,no_declarar_riesgo_solo_por_ingreso_variable | no_eliminar_hobbies_por_defecto | no_tratar_el_estado_como_identidad_permanente,sugerir,media,no,,"El estado uso_planificado_reserva describe únicamente la ventana hasta 2026-05-31 y se sustenta en balance, cobertura, recuperación, variabilidad y deuda.",VEN_0095_2 | cobertura_esencial_superior_a_un_mes | recuperacion_consistente | inversion_productiva_observada | hobbies_identificados_sin_asumir_que_deban_eliminarse | balance_operativo_negativo | recuperacion_demora_mas_de_20_dias,bajo,no_requerida,test,uso_planificado_reserva,si,recomendaciones_mvp_v1.1,fincoah_mvp_co_v1.1,b8d43c201ce9a7bbd0bff71474beb5859c63f01253070b00bc69641a23ec71e2
DEC_0095_06,PERF_0095,dentro_del_mvp,VEN_0095_3,2026-06-30,uso_planificado_reserva,REC_VIGILAR_RESERVA,Mantener el gasto alineado con la meta y revisar que la reserva conserve cobertura suficiente durante el siguiente cierre.,seguimiento_meta,ampliar_actividad_economica,fotografia_y_video,necesidades_esenciales | hobbies:fotografia_y_video | meta:ampliar_actividad_economica,balance_B:-3837000 | cobertura_L:1.6166 | variabilidad_V:0.2701 | deuda_J:0.0,no_declarar_riesgo_solo_por_ingreso_variable | no_eliminar_hobbies_por_defecto | no_tratar_el_estado_como_identidad_permanente,sugerir,media,no,,"El estado uso_planificado_reserva describe únicamente la ventana hasta 2026-06-30 y se sustenta en balance, cobertura, recuperación, variabilidad y deuda.",VEN_0095_3 | cobertura_esencial_superior_a_un_mes | recuperacion_consistente | inversion_productiva_observada | hobbies_identificados_sin_asumir_que_deban_eliminarse | balance_operativo_negativo | recuperacion_demora_mas_de_20_dias,bajo,no_requerida,test,uso_planificado_reserva,si,recomendaciones_mvp_v1.1,fincoah_mvp_co_v1.1,e6a3b14a61ea55051145ca7920b49a9c28294e2b818abbc5c370797ebd8bd4be
DEC_0096_04,PERF_0096,dentro_del_mvp,VEN_0096_1,2026-04-30,equilibrio_sostenible,REC_CREAR_MARGEN,Crear un margen pequeño y flexible antes de aumentar compromisos fijos.,prevencion,ampliar_actividad_economica,videojuegos_y_streaming,necesidades_esenciales | hobbies:videojuegos_y_streaming | meta:ampliar_actividad_economica,balance_B:412000 | cobertura_L:1.6405 | variabilidad_V:0.0 | deuda_J:0.5418,no_declarar_riesgo_solo_por_ingreso_variable | no_eliminar_hobbies_por_defecto | no_tratar_el_estado_como_identidad_permanente,sugerir,media,no,,"El estado equilibrio_sostenible describe únicamente la ventana hasta 2026-04-30 y se sustenta en balance, cobertura, recuperación, variabilidad y deuda.",VEN_0096_1 | balance_operativo_no_negativo | cobertura_esencial_superior_a_un_mes | inversion_productiva_observada | hobbies_identificados_sin_asumir_que_deban_eliminarse | deuda_creciente | recuperacion_demora_mas_de_20_dias,bajo,no_requerida,train,deterioro_reciente,si,recomendaciones_mvp_v1.1,fincoah_mvp_co_v1.1,6b737931aff723baadc9e48f9b4eaf87c02d768c7175d79ca7877fd45636d7d7
DEC_0096_05,PERF_0096,dentro_del_mvp,VEN_0096_2,2026-05-31,equilibrio_sostenible,REC_CREAR_MARGEN,Crear un margen pequeño y flexible antes de aumentar compromisos fijos.,prevencion,ampliar_actividad_economica,videojuegos_y_streaming,necesidades_esenciales | hobbies:videojuegos_y_streaming | meta:ampliar_actividad_economica,balance_B:398000 | cobertura_L:1.5578 | variabilidad_V:0.0702 | deuda_J:0.5418,no_declarar_riesgo_solo_por_ingreso_variable | no_eliminar_hobbies_por_defecto | no_tratar_el_estado_como_identidad_permanente,sugerir,media,no,,"El estado equilibrio_sostenible describe únicamente la ventana hasta 2026-05-31 y se sustenta en balance, cobertura, recuperación, variabilidad y deuda.",VEN_0096_2 | balance_operativo_no_negativo | cobertura_esencial_superior_a_un_mes | recuperacion_consistente | inversion_productiva_observada | hobbies_identificados_sin_asumir_que_deban_eliminarse | deuda_creciente | recuperacion_demora_mas_de_20_dias,bajo,no_requerida,train,deterioro_reciente,si,recomendaciones_mvp_v1.1,fincoah_mvp_co_v1.1,851f248a375a05e1a4f07d327d3528aca531e4a85feb43a854e316743679a7e3
DEC_0096_06,PERF_0096,dentro_del_mvp,VEN_0096_3,2026-06-30,deterioro_reciente,REC_REVISAR_CAMBIO_RECIENTE,Revisar el cambio reciente en ingresos y compromisos antes de modificar gastos personales valiosos.,diagnostico,ampliar_actividad_economica,videojuegos_y_streaming,necesidades_esenciales | hobbies:videojuegos_y_streaming | meta:ampliar_actividad_economica,balance_B:-1294000 | cobertura_L:0.9717 | variabilidad_V:0.1184 | deuda_J:0.9852,no_declarar_riesgo_solo_por_ingreso_variable | no_eliminar_hobbies_por_defecto | no_tratar_el_estado_como_identidad_permanente,solicitar_contexto,alta,si,¿Ocurrió algún cambio puntual en tus ingresos o compromisos durante este cierre?,"El estado deterioro_reciente describe únicamente la ventana hasta 2026-06-30 y se sustenta en balance, cobertura, recuperación, variabilidad y deuda.",VEN_0096_3 | inversion_productiva_observada | hobbies_identificados_sin_asumir_que_deban_eliminarse | balance_operativo_negativo | cobertura_esencial_reducida | deuda_creciente | recuperacion_demora_mas_de_20_dias,podria_reducir_bienestar_o_desconocer_el_contexto,no_requerida,train,deterioro_reciente,si,recomendaciones_mvp_v1.1,fincoah_mvp_co_v1.1,f15d1886cae22182b5c3a1b713a971c3bf7f3991e4e72ba43ac68f170b5c1550
DEC_0097_04,PERF_0097,dentro_del_mvp,VEN_0097_1,2026-04-30,deterioro_reciente,REC_REVISAR_CAMBIO_RECIENTE,Revisar el cambio reciente en ingresos y compromisos antes de modificar gastos personales valiosos.,diagnostico,mejorar_vivienda,turismo_y_viajes,necesidades_esenciales | hobbies:turismo_y_viajes | meta:mejorar_vivienda,balance_B:-5408000 | cobertura_L:0.0 | variabilidad_V:0.0 | deuda_J:-0.0188,no_declarar_riesgo_solo_por_ingreso_variable | no_eliminar_hobbies_por_defecto | no_tratar_el_estado_como_identidad_permanente,solicitar_contexto,alta,si,¿Ocurrió algún cambio puntual en tus ingresos o compromisos durante este cierre?,"El estado deterioro_reciente describe únicamente la ventana hasta 2026-04-30 y se sustenta en balance, cobertura, recuperación, variabilidad y deuda.",VEN_0097_1 | inversion_productiva_observada | hobbies_identificados_sin_asumir_que_deban_eliminarse | balance_operativo_negativo | cobertura_esencial_reducida | recuperacion_demora_mas_de_20_dias,podria_reducir_bienestar_o_desconocer_el_contexto,no_requerida,test,fragilidad_sostenida,si,recomendaciones_mvp_v1.1,fincoah_mvp_co_v1.1,041cb67932da64fcf7f49dea12f2c4a39f3e2c0cb4909d2c0194909831ec105f
DEC_0097_05,PERF_0097,dentro_del_mvp,VEN_0097_2,2026-05-31,fragilidad_sostenida,REC_PRIORIZAR_COBERTURA,"Priorizar vivienda, alimentación, salud y servicios; revisar opciones de renegociación de deuda sin eliminar automáticamente los hobbies.",proteccion_esencial,mejorar_vivienda,turismo_y_viajes,necesidades_esenciales | hobbies:turismo_y_viajes | meta:mejorar_vivienda,balance_B:-15224000 | cobertura_L:0.0 | variabilidad_V:0.1175 | deuda_J:0.0845,no_declarar_riesgo_solo_por_ingreso_variable | no_eliminar_hobbies_por_defecto | no_tratar_el_estado_como_identidad_permanente,aplicar,alta,no,,"El estado fragilidad_sostenida describe únicamente la ventana hasta 2026-05-31 y se sustenta en balance, cobertura, recuperación, variabilidad y deuda.",VEN_0097_2 | inversion_productiva_observada | hobbies_identificados_sin_asumir_que_deban_eliminarse | balance_operativo_negativo | cobertura_esencial_reducida | deuda_creciente | recuperacion_demora_mas_de_20_dias,podria_reducir_bienestar_o_desconocer_el_contexto,no_requerida,test,fragilidad_sostenida,si,recomendaciones_mvp_v1.1,fincoah_mvp_co_v1.1,d56c333e28be1abdda3971f1802a505b50128bfefbadebc634c2a57f290dc24d
DEC_0097_06,PERF_0097,dentro_del_mvp,VEN_0097_3,2026-06-30,fragilidad_sostenida,REC_PRIORIZAR_COBERTURA,"Priorizar vivienda, alimentación, salud y servicios; revisar opciones de renegociación de deuda sin eliminar automáticamente los hobbies.",proteccion_esencial,mejorar_vivienda,turismo_y_viajes,necesidades_esenciales | hobbies:turismo_y_viajes | meta:mejorar_vivienda,balance_B:-24551000 | cobertura_L:0.0 | variabilidad_V:0.0976 | deuda_J:0.1296,no_declarar_riesgo_solo_por_ingreso_variable | no_eliminar_hobbies_por_defecto | no_tratar_el_estado_como_identidad_permanente,aplicar,alta,no,,"El estado fragilidad_sostenida describe únicamente la ventana hasta 2026-06-30 y se sustenta en balance, cobertura, recuperación, variabilidad y deuda.",VEN_0097_3 | inversion_productiva_observada | hobbies_identificados_sin_asumir_que_deban_eliminarse | balance_operativo_negativo | cobertura_esencial_reducida | deuda_creciente | recuperacion_demora_mas_de_20_dias,podria_reducir_bienestar_o_desconocer_el_contexto,no_requerida,test,fragilidad_sostenida,si,recomendaciones_mvp_v1.1,fincoah_mvp_co_v1.1,af9fcaf1aff58a85f02da62540784a4f6cc7df88fc84134385fcbae6dd5e6a98
DEC_0098_04,PERF_0098,dentro_del_mvp,VEN_0098_1,2026-04-30,fragilidad_sostenida,REC_PRIORIZAR_COBERTURA,"Priorizar vivienda, alimentación, salud y servicios; revisar opciones de renegociación de deuda sin eliminar automáticamente los hobbies.",proteccion_esencial,comprar_equipo_de_trabajo,impresion_3d | cocina_y_reposteria,necesidades_esenciales | hobbies:impresion_3d | cocina_y_reposteria | meta:comprar_equipo_de_trabajo,balance_B:-5902000 | cobertura_L:0.0 | variabilidad_V:0.0 | deuda_J:0.0563,no_declarar_riesgo_solo_por_ingreso_variable | no_eliminar_hobbies_por_defecto | no_tratar_el_estado_como_identidad_permanente,aplicar,alta,no,,"El estado fragilidad_sostenida describe únicamente la ventana hasta 2026-04-30 y se sustenta en balance, cobertura, recuperación, variabilidad y deuda.",VEN_0098_1 | inversion_productiva_observada | hobbies_identificados_sin_asumir_que_deban_eliminarse | balance_operativo_negativo | cobertura_esencial_reducida | deuda_creciente | recuperacion_demora_mas_de_20_dias,podria_reducir_bienestar_o_desconocer_el_contexto,no_requerida,test,situacion_critica,si,recomendaciones_mvp_v1.1,fincoah_mvp_co_v1.1,9435a921975de824530f7468868c5412dbccad5520054232c5b545e1aea97e25
DEC_0098_05,PERF_0098,dentro_del_mvp,VEN_0098_2,2026-05-31,situacion_critica,REC_PLAN_CONTENCION,Activar un plan de contención centrado en necesidades esenciales y solicitar revisión humana para deuda y liquidez.,contencion_y_revision,comprar_equipo_de_trabajo,impresion_3d | cocina_y_reposteria,necesidades_esenciales | hobbies:impresion_3d | cocina_y_reposteria | meta:comprar_equipo_de_trabajo,balance_B:-14874000 | cobertura_L:0.0 | variabilidad_V:0.1436 | deuda_J:0.203,no_declarar_riesgo_solo_por_ingreso_variable | no_eliminar_hobbies_por_defecto | no_tratar_el_estado_como_identidad_permanente,aplicar,critica,no,,"El estado situacion_critica describe únicamente la ventana hasta 2026-05-31 y se sustenta en balance, cobertura, recuperación, variabilidad y deuda.",VEN_0098_2 | inversion_productiva_observada | hobbies_identificados_sin_asumir_que_deban_eliminarse | balance_operativo_negativo | cobertura_esencial_reducida | deuda_creciente | recuperacion_demora_mas_de_20_dias,podria_reducir_bienestar_o_desconocer_el_contexto,requerida,test,situacion_critica,si,recomendaciones_mvp_v1.1,fincoah_mvp_co_v1.1,56363bb704f03bbc7366eae9ebbacc76d99da4accf111fa5cf8ff86ad83e92f6
DEC_0098_06,PERF_0098,dentro_del_mvp,VEN_0098_3,2026-06-30,situacion_critica,REC_PLAN_CONTENCION,Activar un plan de contención centrado en necesidades esenciales y solicitar revisión humana para deuda y liquidez.,contencion_y_revision,comprar_equipo_de_trabajo,impresion_3d | cocina_y_reposteria,necesidades_esenciales | hobbies:impresion_3d | cocina_y_reposteria | meta:comprar_equipo_de_trabajo,balance_B:-23874000 | cobertura_L:0.0 | variabilidad_V:0.1455 | deuda_J:0.2358,no_declarar_riesgo_solo_por_ingreso_variable | no_eliminar_hobbies_por_defecto | no_tratar_el_estado_como_identidad_permanente,aplicar,critica,no,,"El estado situacion_critica describe únicamente la ventana hasta 2026-06-30 y se sustenta en balance, cobertura, recuperación, variabilidad y deuda.",VEN_0098_3 | inversion_productiva_observada | hobbies_identificados_sin_asumir_que_deban_eliminarse | balance_operativo_negativo | cobertura_esencial_reducida | deuda_creciente | recuperacion_demora_mas_de_20_dias,podria_reducir_bienestar_o_desconocer_el_contexto,requerida,test,situacion_critica,si,recomendaciones_mvp_v1.1,fincoah_mvp_co_v1.1,276e1880e28a701b6ab6345b53c5ee22e3918dc6c5a776fa7754a7d488d2544f
DEC_0099_04,PERF_0099,dentro_del_mvp,VEN_0099_1,2026-04-30,acumulacion_estable,REC_MANTENER_ACUMULACION,Mantener el patrón actual y separar automáticamente una parte del excedente para la meta declarada.,mantenimiento_y_ahorro,comprar_equipo_de_trabajo,jardineria_y_agricultura_urbana | impresion_3d,necesidades_esenciales | hobbies:jardineria_y_agricultura_urbana | impresion_3d | meta:comprar_equipo_de_trabajo,balance_B:2101000 | cobertura_L:2.2239 | variabilidad_V:0.0 | deuda_J:-0.0135,no_declarar_riesgo_solo_por_ingreso_variable | no_eliminar_hobbies_por_defecto | no_tratar_el_estado_como_identidad_permanente,aplicar,media,no,,"El estado acumulacion_estable describe únicamente la ventana hasta 2026-04-30 y se sustenta en balance, cobertura, recuperación, variabilidad y deuda.",VEN_0099_1 | balance_operativo_no_negativo | cobertura_esencial_superior_a_un_mes | recuperacion_consistente | inversion_productiva_observada | hobbies_identificados_sin_asumir_que_deban_eliminarse | sin_factor_de_atencion_dominante,bajo,no_requerida,train,acumulacion_estable,si,recomendaciones_mvp_v1.1,fincoah_mvp_co_v1.1,f0e2228173dead3c846676a0c7873874c0ce4323d31632060862b1d2dcd4f2f3
DEC_0099_05,PERF_0099,dentro_del_mvp,VEN_0099_2,2026-05-31,acumulacion_estable,REC_MANTENER_ACUMULACION,Mantener el patrón actual y separar automáticamente una parte del excedente para la meta declarada.,mantenimiento_y_ahorro,comprar_equipo_de_trabajo,jardineria_y_agricultura_urbana | impresion_3d,necesidades_esenciales | hobbies:jardineria_y_agricultura_urbana | impresion_3d | meta:comprar_equipo_de_trabajo,balance_B:3591000 | cobertura_L:3.7202 | variabilidad_V:0.0651 | deuda_J:-0.0294,no_declarar_riesgo_solo_por_ingreso_variable | no_eliminar_hobbies_por_defecto | no_tratar_el_estado_como_identidad_permanente,aplicar,media,no,,"El estado acumulacion_estable describe únicamente la ventana hasta 2026-05-31 y se sustenta en balance, cobertura, recuperación, variabilidad y deuda.",VEN_0099_2 | balance_operativo_no_negativo | cobertura_esencial_superior_a_un_mes | recuperacion_consistente | inversion_productiva_observada | hobbies_identificados_sin_asumir_que_deban_eliminarse | sin_factor_de_atencion_dominante,bajo,no_requerida,train,acumulacion_estable,si,recomendaciones_mvp_v1.1,fincoah_mvp_co_v1.1,84350ab51fd755af6530e9495529137608363d50c88db83e6f6bc15c28d93b0c
DEC_0099_06,PERF_0099,dentro_del_mvp,VEN_0099_3,2026-06-30,acumulacion_estable,REC_MANTENER_ACUMULACION,Mantener el patrón actual y separar automáticamente una parte del excedente para la meta declarada.,mantenimiento_y_ahorro,comprar_equipo_de_trabajo,jardineria_y_agricultura_urbana | impresion_3d,necesidades_esenciales | hobbies:jardineria_y_agricultura_urbana | impresion_3d | meta:comprar_equipo_de_trabajo,balance_B:5269000 | cobertura_L:4.4795 | variabilidad_V:0.0549 | deuda_J:-0.064,no_declarar_riesgo_solo_por_ingreso_variable | no_eliminar_hobbies_por_defecto | no_tratar_el_estado_como_identidad_permanente,aplicar,media,no,,"El estado acumulacion_estable describe únicamente la ventana hasta 2026-06-30 y se sustenta en balance, cobertura, recuperación, variabilidad y deuda.",VEN_0099_3 | balance_operativo_no_negativo | cobertura_esencial_superior_a_un_mes | recuperacion_consistente | inversion_productiva_observada | hobbies_identificados_sin_asumir_que_deban_eliminarse | sin_factor_de_atencion_dominante,bajo,no_requerida,train,acumulacion_estable,si,recomendaciones_mvp_v1.1,fincoah_mvp_co_v1.1,98238a46712f7ef61efa07c392b76c879cf09da090e5e0ab382961a5f8689a07
DEC_0100_04,PERF_0100,dentro_del_mvp,VEN_0100_1,2026-04-30,equilibrio_sostenible,REC_CREAR_MARGEN,Crear un margen pequeño y flexible antes de aumentar compromisos fijos.,prevencion,comprar_bicicleta,ciclismo,necesidades_esenciales | hobbies:ciclismo | meta:comprar_bicicleta,balance_B:274000 | cobertura_L:1.4223 | variabilidad_V:0.0 | deuda_J:-0.17,no_declarar_riesgo_solo_por_ingreso_variable | no_eliminar_hobbies_por_defecto | no_tratar_el_estado_como_identidad_permanente,sugerir,media,no,,"El estado equilibrio_sostenible describe únicamente la ventana hasta 2026-04-30 y se sustenta en balance, cobertura, recuperación, variabilidad y deuda.",VEN_0100_1 | balance_operativo_no_negativo | cobertura_esencial_superior_a_un_mes | inversion_productiva_observada | hobbies_identificados_sin_asumir_que_deban_eliminarse | sin_factor_de_atencion_dominante,bajo,no_requerida,train,equilibrio_sostenible,si,recomendaciones_mvp_v1.1,fincoah_mvp_co_v1.1,73c789ab168d962ff5f04bfc3acab921be27fe189250f4a29b43fe8ada0162f6
DEC_0100_05,PERF_0100,dentro_del_mvp,VEN_0100_2,2026-05-31,equilibrio_sostenible,REC_CREAR_MARGEN,Crear un margen pequeño y flexible antes de aumentar compromisos fijos.,prevencion,comprar_bicicleta,ciclismo,necesidades_esenciales | hobbies:ciclismo | meta:comprar_bicicleta,balance_B:613000 | cobertura_L:1.7036 | variabilidad_V:0.0122 | deuda_J:-0.3898,no_declarar_riesgo_solo_por_ingreso_variable | no_eliminar_hobbies_por_defecto | no_tratar_el_estado_como_identidad_permanente,sugerir,media,no,,"El estado equilibrio_sostenible describe únicamente la ventana hasta 2026-05-31 y se sustenta en balance, cobertura, recuperación, variabilidad y deuda.",VEN_0100_2 | balance_operativo_no_negativo | cobertura_esencial_superior_a_un_mes | recuperacion_consistente | inversion_productiva_observada | hobbies_identificados_sin_asumir_que_deban_eliminarse | recuperacion_demora_mas_de_20_dias,bajo,no_requerida,train,equilibrio_sostenible,si,recomendaciones_mvp_v1.1,fincoah_mvp_co_v1.1,f16ea870715c5660c84a938e8fe6f470e5a36c29f542b39d2fe5c211b61bb677
DEC_0100_06,PERF_0100,dentro_del_mvp,VEN_0100_3,2026-06-30,equilibrio_sostenible,REC_CREAR_MARGEN,Crear un margen pequeño y flexible antes de aumentar compromisos fijos.,prevencion,comprar_bicicleta,ciclismo,necesidades_esenciales | hobbies:ciclismo | meta:comprar_bicicleta,balance_B:737000 | cobertura_L:1.8333 | variabilidad_V:0.0347 | deuda_J:-0.5671,no_declarar_riesgo_solo_por_ingreso_variable | no_eliminar_hobbies_por_defecto | no_tratar_el_estado_como_identidad_permanente,sugerir,media,no,,"El estado equilibrio_sostenible describe únicamente la ventana hasta 2026-06-30 y se sustenta en balance, cobertura, recuperación, variabilidad y deuda.",VEN_0100_3 | balance_operativo_no_negativo | cobertura_esencial_superior_a_un_mes | recuperacion_consistente | inversion_productiva_observada | hobbies_identificados_sin_asumir_que_deban_eliminarse | recuperacion_demora_mas_de_20_dias,bajo,no_requerida,train,equilibrio_sostenible,si,recomendaciones_mvp_v1.1,fincoah_mvp_co_v1.1,4ef6782394ecdb3f7b37db86041c7e17aabc07df66848e49c0482600d03d17bc
DEC_0101_04,PERF_0101,dentro_del_mvp,VEN_0101_1,2026-04-30,equilibrio_sostenible,REC_CREAR_MARGEN,Crear un margen pequeño y flexible antes de aumentar compromisos fijos.,prevencion,pagar_deuda,pintura | videojuegos_y_streaming,necesidades_esenciales | hobbies:pintura | videojuegos_y_streaming | meta:pagar_deuda,balance_B:802000 | cobertura_L:2.0927 | variabilidad_V:0.0 | deuda_J:0.0,no_declarar_riesgo_solo_por_ingreso_variable | no_eliminar_hobbies_por_defecto | no_tratar_el_estado_como_identidad_permanente,sugerir,media,no,,"El estado equilibrio_sostenible describe únicamente la ventana hasta 2026-04-30 y se sustenta en balance, cobertura, recuperación, variabilidad y deuda.",VEN_0101_1 | balance_operativo_no_negativo | cobertura_esencial_superior_a_un_mes | recuperacion_consistente | inversion_productiva_observada | hobbies_identificados_sin_asumir_que_deban_eliminarse | sin_factor_de_atencion_dominante,bajo,no_requerida,train,variable_resiliente,si,recomendaciones_mvp_v1.1,fincoah_mvp_co_v1.1,fa1350155810c513f36ee02d6ff1120479eb305d3ac0983bcdcf02bcccab4a0c
DEC_0101_05,PERF_0101,dentro_del_mvp,VEN_0101_2,2026-05-31,variable_resiliente,REC_RESERVA_PICOS,Reservar parte de los meses altos para cubrir los periodos de menor ingreso sin tratar la variabilidad como falla.,gestion_ingreso_variable,pagar_deuda,pintura | videojuegos_y_streaming,necesidades_esenciales | hobbies:pintura | videojuegos_y_streaming | meta:pagar_deuda,balance_B:-2695000 | cobertura_L:1.0065 | variabilidad_V:0.1009 | deuda_J:0.0,no_declarar_riesgo_solo_por_ingreso_variable | no_eliminar_hobbies_por_defecto | no_tratar_el_estado_como_identidad_permanente,aplicar,alta,no,,"El estado variable_resiliente describe únicamente la ventana hasta 2026-05-31 y se sustenta en balance, cobertura, recuperación, variabilidad y deuda.",VEN_0101_2 | cobertura_esencial_superior_a_un_mes | inversion_productiva_observada | hobbies_identificados_sin_asumir_que_deban_eliminarse | balance_operativo_negativo | recuperacion_demora_mas_de_20_dias,bajo,no_requerida,train,variable_resiliente,si,recomendaciones_mvp_v1.1,fincoah_mvp_co_v1.1,e883e43b770f70853251c2df282015decd5e0f8e7404146bcb658de50985e40d
DEC_0101_06,PERF_0101,dentro_del_mvp,VEN_0101_3,2026-06-30,variable_resiliente,REC_RESERVA_PICOS,Reservar parte de los meses altos para cubrir los periodos de menor ingreso sin tratar la variabilidad como falla.,gestion_ingreso_variable,pagar_deuda,pintura | videojuegos_y_streaming,necesidades_esenciales | hobbies:pintura | videojuegos_y_streaming | meta:pagar_deuda,balance_B:3649000 | cobertura_L:2.6296 | variabilidad_V:0.2132 | deuda_J:0.0,no_declarar_riesgo_solo_por_ingreso_variable | no_eliminar_hobbies_por_defecto | no_tratar_el_estado_como_identidad_permanente,aplicar,alta,no,,"El estado variable_resiliente describe únicamente la ventana hasta 2026-06-30 y se sustenta en balance, cobertura, recuperación, variabilidad y deuda.",VEN_0101_3 | balance_operativo_no_negativo | cobertura_esencial_superior_a_un_mes | recuperacion_consistente | inversion_productiva_observada | hobbies_identificados_sin_asumir_que_deban_eliminarse | sin_factor_de_atencion_dominante,bajo,no_requerida,train,variable_resiliente,si,recomendaciones_mvp_v1.1,fincoah_mvp_co_v1.1,d5825b2174b3109d79c0140b5230a22997021f6d5948a185fe6a3b9ef6fbdfb1
DEC_0102_04,PERF_0102,dentro_del_mvp,VEN_0102_1,2026-04-30,acumulacion_estable,REC_MANTENER_ACUMULACION,Mantener el patrón actual y separar automáticamente una parte del excedente para la meta declarada.,mantenimiento_y_ahorro,hacer_viaje,cocina_y_reposteria | turismo_y_viajes,necesidades_esenciales | hobbies:cocina_y_reposteria | turismo_y_viajes | meta:hacer_viaje,balance_B:3839000 | cobertura_L:7.5623 | variabilidad_V:0.0 | deuda_J:-0.0308,no_declarar_riesgo_solo_por_ingreso_variable | no_eliminar_hobbies_por_defecto | no_tratar_el_estado_como_identidad_permanente,aplicar,media,no,,"El estado acumulacion_estable describe únicamente la ventana hasta 2026-04-30 y se sustenta en balance, cobertura, recuperación, variabilidad y deuda.",VEN_0102_1 | balance_operativo_no_negativo | cobertura_esencial_superior_a_un_mes | recuperacion_consistente | inversion_productiva_observada | hobbies_identificados_sin_asumir_que_deban_eliminarse | sin_factor_de_atencion_dominante,bajo,no_requerida,validation,uso_planificado_reserva,si,recomendaciones_mvp_v1.1,fincoah_mvp_co_v1.1,b3344a20361a9a8774219f781b1556575006b5c6dd6fba72c90ef112fad7f7d2
DEC_0102_05,PERF_0102,dentro_del_mvp,VEN_0102_2,2026-05-31,uso_planificado_reserva,REC_VIGILAR_RESERVA,Mantener el gasto alineado con la meta y revisar que la reserva conserve cobertura suficiente durante el siguiente cierre.,seguimiento_meta,hacer_viaje,cocina_y_reposteria | turismo_y_viajes,necesidades_esenciales | hobbies:cocina_y_reposteria | turismo_y_viajes | meta:hacer_viaje,balance_B:-3409000 | cobertura_L:3.2244 | variabilidad_V:0.2921 | deuda_J:-0.1809,no_declarar_riesgo_solo_por_ingreso_variable | no_eliminar_hobbies_por_defecto | no_tratar_el_estado_como_identidad_permanente,sugerir,media,no,,"El estado uso_planificado_reserva describe únicamente la ventana hasta 2026-05-31 y se sustenta en balance, cobertura, recuperación, variabilidad y deuda.",VEN_0102_2 | cobertura_esencial_superior_a_un_mes | recuperacion_consistente | inversion_productiva_observada | hobbies_identificados_sin_asumir_que_deban_eliminarse | balance_operativo_negativo | recuperacion_demora_mas_de_20_dias,bajo,no_requerida,validation,uso_planificado_reserva,si,recomendaciones_mvp_v1.1,fincoah_mvp_co_v1.1,7fc50b953330d792a3de480e01b472f7d18ad9c24a1efd3f80696184281d6625
DEC_0102_06,PERF_0102,dentro_del_mvp,VEN_0102_3,2026-06-30,uso_planificado_reserva,REC_VIGILAR_RESERVA,Mantener el gasto alineado con la meta y revisar que la reserva conserve cobertura suficiente durante el siguiente cierre.,seguimiento_meta,hacer_viaje,cocina_y_reposteria | turismo_y_viajes,necesidades_esenciales | hobbies:cocina_y_reposteria | turismo_y_viajes | meta:hacer_viaje,balance_B:-9873000 | cobertura_L:1.697 | variabilidad_V:0.2669 | deuda_J:-0.4025,no_declarar_riesgo_solo_por_ingreso_variable | no_eliminar_hobbies_por_defecto | no_tratar_el_estado_como_identidad_permanente,sugerir,media,no,,"El estado uso_planificado_reserva describe únicamente la ventana hasta 2026-06-30 y se sustenta en balance, cobertura, recuperación, variabilidad y deuda.",VEN_0102_3 | cobertura_esencial_superior_a_un_mes | recuperacion_consistente | inversion_productiva_observada | hobbies_identificados_sin_asumir_que_deban_eliminarse | balance_operativo_negativo | recuperacion_demora_mas_de_20_dias,bajo,no_requerida,validation,uso_planificado_reserva,si,recomendaciones_mvp_v1.1,fincoah_mvp_co_v1.1,6c2830cf175a24e2a022d5c369df8f4343dc98ce8137cb4a2b6f5af1a32cb55c
DEC_0103_04,PERF_0103,dentro_del_mvp,VEN_0103_1,2026-04-30,equilibrio_sostenible,REC_CREAR_MARGEN,Crear un margen pequeño y flexible antes de aumentar compromisos fijos.,prevencion,comprar_bicicleta,manualidades_y_artesanias | ciclismo,necesidades_esenciales | hobbies:manualidades_y_artesanias | ciclismo | meta:comprar_bicicleta,balance_B:827000 | cobertura_L:3.0826 | variabilidad_V:0.0 | deuda_J:0.0,no_declarar_riesgo_solo_por_ingreso_variable | no_eliminar_hobbies_por_defecto | no_tratar_el_estado_como_identidad_permanente,sugerir,media,no,,"El estado equilibrio_sostenible describe únicamente la ventana hasta 2026-04-30 y se sustenta en balance, cobertura, recuperación, variabilidad y deuda.",VEN_0103_1 | balance_operativo_no_negativo | cobertura_esencial_superior_a_un_mes | inversion_productiva_observada | hobbies_identificados_sin_asumir_que_deban_eliminarse | sin_factor_de_atencion_dominante,bajo,no_requerida,train,deterioro_reciente,si,recomendaciones_mvp_v1.1,fincoah_mvp_co_v1.1,88a9c120d705ce6c40cecb7fb5dbe1ccb1ea306e95119f37214e6be775ea1256
DEC_0103_05,PERF_0103,dentro_del_mvp,VEN_0103_2,2026-05-31,equilibrio_sostenible,REC_CREAR_MARGEN,Crear un margen pequeño y flexible antes de aumentar compromisos fijos.,prevencion,comprar_bicicleta,manualidades_y_artesanias | ciclismo,necesidades_esenciales | hobbies:manualidades_y_artesanias | ciclismo | meta:comprar_bicicleta,balance_B:2207000 | cobertura_L:3.3784 | variabilidad_V:0.0363 | deuda_J:0.0,no_declarar_riesgo_solo_por_ingreso_variable | no_eliminar_hobbies_por_defecto | no_tratar_el_estado_como_identidad_permanente,sugerir,media,no,,"El estado equilibrio_sostenible describe únicamente la ventana hasta 2026-05-31 y se sustenta en balance, cobertura, recuperación, variabilidad y deuda.",VEN_0103_2 | balance_operativo_no_negativo | cobertura_esencial_superior_a_un_mes | recuperacion_consistente | inversion_productiva_observada | hobbies_identificados_sin_asumir_que_deban_eliminarse | sin_factor_de_atencion_dominante,bajo,no_requerida,train,deterioro_reciente,si,recomendaciones_mvp_v1.1,fincoah_mvp_co_v1.1,69fb65d1f774047c4581ccfbfe0e225fbdd730accf3eccdabc3cab7870873dda
DEC_0103_06,PERF_0103,dentro_del_mvp,VEN_0103_3,2026-06-30,deterioro_reciente,REC_REVISAR_CAMBIO_RECIENTE,Revisar el cambio reciente en ingresos y compromisos antes de modificar gastos personales valiosos.,diagnostico,comprar_bicicleta,manualidades_y_artesanias | ciclismo,necesidades_esenciales | hobbies:manualidades_y_artesanias | ciclismo | meta:comprar_bicicleta,balance_B:-1974000 | cobertura_L:2.0622 | variabilidad_V:0.1644 | deuda_J:0.0,no_declarar_riesgo_solo_por_ingreso_variable | no_eliminar_hobbies_por_defecto | no_tratar_el_estado_como_identidad_permanente,solicitar_contexto,alta,si,¿Ocurrió algún cambio puntual en tus ingresos o compromisos durante este cierre?,"El estado deterioro_reciente describe únicamente la ventana hasta 2026-06-30 y se sustenta en balance, cobertura, recuperación, variabilidad y deuda.",VEN_0103_3 | cobertura_esencial_superior_a_un_mes | recuperacion_consistente | inversion_productiva_observada | hobbies_identificados_sin_asumir_que_deban_eliminarse | balance_operativo_negativo | recuperacion_demora_mas_de_20_dias,podria_reducir_bienestar_o_desconocer_el_contexto,no_requerida,train,deterioro_reciente,si,recomendaciones_mvp_v1.1,fincoah_mvp_co_v1.1,d7a521e9901363d6c4fe093d936f00e665e3b19c686d93c98abd9464bef20b1a
DEC_0104_04,PERF_0104,dentro_del_mvp,VEN_0104_1,2026-04-30,deterioro_reciente,REC_REVISAR_CAMBIO_RECIENTE,Revisar el cambio reciente en ingresos y compromisos antes de modificar gastos personales valiosos.,diagnostico,mejorar_vivienda,musica | turismo_y_viajes,necesidades_esenciales | hobbies:musica | turismo_y_viajes | meta:mejorar_vivienda,balance_B:-2483000 | cobertura_L:0.0 | variabilidad_V:0.0 | deuda_J:-0.0615,no_declarar_riesgo_solo_por_ingreso_variable | no_eliminar_hobbies_por_defecto | no_tratar_el_estado_como_identidad_permanente,solicitar_contexto,alta,si,¿Ocurrió algún cambio puntual en tus ingresos o compromisos durante este cierre?,"El estado deterioro_reciente describe únicamente la ventana hasta 2026-04-30 y se sustenta en balance, cobertura, recuperación, variabilidad y deuda.",VEN_0104_1 | sin_factor_positivo_concluyente | balance_operativo_negativo | cobertura_esencial_reducida | recuperacion_demora_mas_de_20_dias,podria_reducir_bienestar_o_desconocer_el_contexto,no_requerida,train,fragilidad_sostenida,si,recomendaciones_mvp_v1.1,fincoah_mvp_co_v1.1,87acafa78738e17b7c6a1afd00d566298730e06fa6a49332925ae560371fc5ad
DEC_0104_05,PERF_0104,dentro_del_mvp,VEN_0104_2,2026-05-31,fragilidad_sostenida,REC_PRIORIZAR_COBERTURA,"Priorizar vivienda, alimentación, salud y servicios; revisar opciones de renegociación de deuda sin eliminar automáticamente los hobbies.",proteccion_esencial,mejorar_vivienda,musica | turismo_y_viajes,necesidades_esenciales | hobbies:musica | turismo_y_viajes | meta:mejorar_vivienda,balance_B:-7941000 | cobertura_L:0.0 | variabilidad_V:0.2072 | deuda_J:-0.0475,no_declarar_riesgo_solo_por_ingreso_variable | no_eliminar_hobbies_por_defecto | no_tratar_el_estado_como_identidad_permanente,aplicar,alta,no,,"El estado fragilidad_sostenida describe únicamente la ventana hasta 2026-05-31 y se sustenta en balance, cobertura, recuperación, variabilidad y deuda.",VEN_0104_2 | inversion_productiva_observada | hobbies_identificados_sin_asumir_que_deban_eliminarse | balance_operativo_negativo | cobertura_esencial_reducida | recuperacion_demora_mas_de_20_dias,podria_reducir_bienestar_o_desconocer_el_contexto,no_requerida,train,fragilidad_sostenida,si,recomendaciones_mvp_v1.1,fincoah_mvp_co_v1.1,f531704a6087072e0c761773df33106b3dc9e47d8eaa1c62e17a3c2612dad271
DEC_0104_06,PERF_0104,dentro_del_mvp,VEN_0104_3,2026-06-30,fragilidad_sostenida,REC_PRIORIZAR_COBERTURA,"Priorizar vivienda, alimentación, salud y servicios; revisar opciones de renegociación de deuda sin eliminar automáticamente los hobbies.",proteccion_esencial,mejorar_vivienda,musica | turismo_y_viajes,necesidades_esenciales | hobbies:musica | turismo_y_viajes | meta:mejorar_vivienda,balance_B:-12973000 | cobertura_L:0.0 | variabilidad_V:0.1762 | deuda_J:-0.0681,no_declarar_riesgo_solo_por_ingreso_variable | no_eliminar_hobbies_por_defecto | no_tratar_el_estado_como_identidad_permanente,aplicar,alta,no,,"El estado fragilidad_sostenida describe únicamente la ventana hasta 2026-06-30 y se sustenta en balance, cobertura, recuperación, variabilidad y deuda.",VEN_0104_3 | inversion_productiva_observada | hobbies_identificados_sin_asumir_que_deban_eliminarse | balance_operativo_negativo | cobertura_esencial_reducida | recuperacion_demora_mas_de_20_dias,podria_reducir_bienestar_o_desconocer_el_contexto,no_requerida,train,fragilidad_sostenida,si,recomendaciones_mvp_v1.1,fincoah_mvp_co_v1.1,4d20a00a00619fdec4710133d69ee6af58f843836b2ca0b47f9b5d97df0e5977
DEC_0105_04,PERF_0105,dentro_del_mvp,VEN_0105_1,2026-04-30,fragilidad_sostenida,REC_PRIORIZAR_COBERTURA,"Priorizar vivienda, alimentación, salud y servicios; revisar opciones de renegociación de deuda sin eliminar automáticamente los hobbies.",proteccion_esencial,hacer_certificacion_profesional,fotografia_y_video,necesidades_esenciales | hobbies:fotografia_y_video | meta:hacer_certificacion_profesional,balance_B:-3337000 | cobertura_L:0.0 | variabilidad_V:0.0 | deuda_J:0.0165,no_declarar_riesgo_solo_por_ingreso_variable | no_eliminar_hobbies_por_defecto | no_tratar_el_estado_como_identidad_permanente,aplicar,alta,no,,"El estado fragilidad_sostenida describe únicamente la ventana hasta 2026-04-30 y se sustenta en balance, cobertura, recuperación, variabilidad y deuda.",VEN_0105_1 | hobbies_identificados_sin_asumir_que_deban_eliminarse | balance_operativo_negativo | cobertura_esencial_reducida | recuperacion_demora_mas_de_20_dias,podria_reducir_bienestar_o_desconocer_el_contexto,no_requerida,train,situacion_critica,si,recomendaciones_mvp_v1.1,fincoah_mvp_co_v1.1,f879d8ca326ac129e6a43fd26e1c21ffe9a1158c5c92d3ec49f89141f1d1d174
DEC_0105_05,PERF_0105,dentro_del_mvp,VEN_0105_2,2026-05-31,situacion_critica,REC_PLAN_CONTENCION,Activar un plan de contención centrado en necesidades esenciales y solicitar revisión humana para deuda y liquidez.,contencion_y_revision,hacer_certificacion_profesional,fotografia_y_video,necesidades_esenciales | hobbies:fotografia_y_video | meta:hacer_certificacion_profesional,balance_B:-8223000 | cobertura_L:0.0 | variabilidad_V:0.0659 | deuda_J:0.1029,no_declarar_riesgo_solo_por_ingreso_variable | no_eliminar_hobbies_por_defecto | no_tratar_el_estado_como_identidad_permanente,aplicar,critica,no,,"El estado situacion_critica describe únicamente la ventana hasta 2026-05-31 y se sustenta en balance, cobertura, recuperación, variabilidad y deuda.",VEN_0105_2 | inversion_productiva_observada | hobbies_identificados_sin_asumir_que_deban_eliminarse | balance_operativo_negativo | cobertura_esencial_reducida | deuda_creciente | recuperacion_demora_mas_de_20_dias,podria_reducir_bienestar_o_desconocer_el_contexto,requerida,train,situacion_critica,si,recomendaciones_mvp_v1.1,fincoah_mvp_co_v1.1,9ba71e0c547f041bec49030576ef2603351d4b312822e4034607d1b3c2fb41d5
DEC_0105_06,PERF_0105,dentro_del_mvp,VEN_0105_3,2026-06-30,situacion_critica,REC_PLAN_CONTENCION,Activar un plan de contención centrado en necesidades esenciales y solicitar revisión humana para deuda y liquidez.,contencion_y_revision,hacer_certificacion_profesional,fotografia_y_video,necesidades_esenciales | hobbies:fotografia_y_video | meta:hacer_certificacion_profesional,balance_B:-13265000 | cobertura_L:0.0 | variabilidad_V:0.0985 | deuda_J:0.0423,no_declarar_riesgo_solo_por_ingreso_variable | no_eliminar_hobbies_por_defecto | no_tratar_el_estado_como_identidad_permanente,aplicar,critica,no,,"El estado situacion_critica describe únicamente la ventana hasta 2026-06-30 y se sustenta en balance, cobertura, recuperación, variabilidad y deuda.",VEN_0105_3 | inversion_productiva_observada | hobbies_identificados_sin_asumir_que_deban_eliminarse | balance_operativo_negativo | cobertura_esencial_reducida | recuperacion_demora_mas_de_20_dias,podria_reducir_bienestar_o_desconocer_el_contexto,requerida,train,situacion_critica,si,recomendaciones_mvp_v1.1,fincoah_mvp_co_v1.1,47f5159ca1443013d0df062245808b6e23bb155ff5ffc357fb19ac7b158478b8
DEC_0106_04,PERF_0106,dentro_del_mvp,VEN_0106_1,2026-04-30,acumulacion_estable,REC_MANTENER_ACUMULACION,Mantener el patrón actual y separar automáticamente una parte del excedente para la meta declarada.,mantenimiento_y_ahorro,mejorar_vivienda,videojuegos_y_streaming | turismo_y_viajes,necesidades_esenciales | hobbies:videojuegos_y_streaming | turismo_y_viajes | meta:mejorar_vivienda,balance_B:3762000 | cobertura_L:1.9634 | variabilidad_V:0.0 | deuda_J:0.0,no_declarar_riesgo_solo_por_ingreso_variable | no_eliminar_hobbies_por_defecto | no_tratar_el_estado_como_identidad_permanente,aplicar,media,no,,"El estado acumulacion_estable describe únicamente la ventana hasta 2026-04-30 y se sustenta en balance, cobertura, recuperación, variabilidad y deuda.",VEN_0106_1 | balance_operativo_no_negativo | cobertura_esencial_superior_a_un_mes | inversion_productiva_observada | hobbies_identificados_sin_asumir_que_deban_eliminarse | sin_factor_de_atencion_dominante,bajo,no_requerida,train,acumulacion_estable,si,recomendaciones_mvp_v1.1,fincoah_mvp_co_v1.1,11f88b212f2e74f4d9124c84bbe12a7c0ab3b527beea195c136dffbe8bed726c
DEC_0106_05,PERF_0106,dentro_del_mvp,VEN_0106_2,2026-05-31,acumulacion_estable,REC_MANTENER_ACUMULACION,Mantener el patrón actual y separar automáticamente una parte del excedente para la meta declarada.,mantenimiento_y_ahorro,mejorar_vivienda,videojuegos_y_streaming | turismo_y_viajes,necesidades_esenciales | hobbies:videojuegos_y_streaming | turismo_y_viajes | meta:mejorar_vivienda,balance_B:8426000 | cobertura_L:3.0012 | variabilidad_V:0.0431 | deuda_J:-0.0625,no_declarar_riesgo_solo_por_ingreso_variable | no_eliminar_hobbies_por_defecto | no_tratar_el_estado_como_identidad_permanente,aplicar,media,no,,"El estado acumulacion_estable describe únicamente la ventana hasta 2026-05-31 y se sustenta en balance, cobertura, recuperación, variabilidad y deuda.",VEN_0106_2 | balance_operativo_no_negativo | cobertura_esencial_superior_a_un_mes | recuperacion_consistente | inversion_productiva_observada | hobbies_identificados_sin_asumir_que_deban_eliminarse | sin_factor_de_atencion_dominante,bajo,no_requerida,train,acumulacion_estable,si,recomendaciones_mvp_v1.1,fincoah_mvp_co_v1.1,12a777751a2b6c1034300994bf3f948e0cb713f96f66dfcbdfa1efa6daf454f8
DEC_0106_06,PERF_0106,dentro_del_mvp,VEN_0106_3,2026-06-30,acumulacion_estable,REC_MANTENER_ACUMULACION,Mantener el patrón actual y separar automáticamente una parte del excedente para la meta declarada.,mantenimiento_y_ahorro,mejorar_vivienda,videojuegos_y_streaming | turismo_y_viajes,necesidades_esenciales | hobbies:videojuegos_y_streaming | turismo_y_viajes | meta:mejorar_vivienda,balance_B:12590000 | cobertura_L:4.1238 | variabilidad_V:0.0353 | deuda_J:-0.0881,no_declarar_riesgo_solo_por_ingreso_variable | no_eliminar_hobbies_por_defecto | no_tratar_el_estado_como_identidad_permanente,aplicar,media,no,,"El estado acumulacion_estable describe únicamente la ventana hasta 2026-06-30 y se sustenta en balance, cobertura, recuperación, variabilidad y deuda.",VEN_0106_3 | balance_operativo_no_negativo | cobertura_esencial_superior_a_un_mes | recuperacion_consistente | inversion_productiva_observada | hobbies_identificados_sin_asumir_que_deban_eliminarse | sin_factor_de_atencion_dominante,bajo,no_requerida,train,acumulacion_estable,si,recomendaciones_mvp_v1.1,fincoah_mvp_co_v1.1,a230ad628f8e18c214dbdd9342eca24ae2e947a9d8cc64b013cb3ab25e088619
DEC_0107_04,PERF_0107,dentro_del_mvp,VEN_0107_1,2026-04-30,equilibrio_sostenible,REC_CREAR_MARGEN,Crear un margen pequeño y flexible antes de aumentar compromisos fijos.,prevencion,hacer_certificacion_profesional,turismo_y_viajes,necesidades_esenciales | hobbies:turismo_y_viajes | meta:hacer_certificacion_profesional,balance_B:350000 | cobertura_L:2.6004 | variabilidad_V:0.0 | deuda_J:-0.0309,no_declarar_riesgo_solo_por_ingreso_variable | no_eliminar_hobbies_por_defecto | no_tratar_el_estado_como_identidad_permanente,sugerir,media,no,,"El estado equilibrio_sostenible describe únicamente la ventana hasta 2026-04-30 y se sustenta en balance, cobertura, recuperación, variabilidad y deuda.",VEN_0107_1 | balance_operativo_no_negativo | cobertura_esencial_superior_a_un_mes | recuperacion_consistente | inversion_productiva_observada | hobbies_identificados_sin_asumir_que_deban_eliminarse | recuperacion_demora_mas_de_20_dias,bajo,no_requerida,train,equilibrio_sostenible,si,recomendaciones_mvp_v1.1,fincoah_mvp_co_v1.1,baf592cd38d63f77e70cc4971847c9164a01645b45475e0dc890aa0c2b1da70a
DEC_0107_05,PERF_0107,dentro_del_mvp,VEN_0107_2,2026-05-31,equilibrio_sostenible,REC_CREAR_MARGEN,Crear un margen pequeño y flexible antes de aumentar compromisos fijos.,prevencion,hacer_certificacion_profesional,turismo_y_viajes,necesidades_esenciales | hobbies:turismo_y_viajes | meta:hacer_certificacion_profesional,balance_B:454000 | cobertura_L:2.3004 | variabilidad_V:0.0259 | deuda_J:-0.103,no_declarar_riesgo_solo_por_ingreso_variable | no_eliminar_hobbies_por_defecto | no_tratar_el_estado_como_identidad_permanente,sugerir,media,no,,"El estado equilibrio_sostenible describe únicamente la ventana hasta 2026-05-31 y se sustenta en balance, cobertura, recuperación, variabilidad y deuda.",VEN_0107_2 | balance_operativo_no_negativo | cobertura_esencial_superior_a_un_mes | inversion_productiva_observada | hobbies_identificados_sin_asumir_que_deban_eliminarse | sin_factor_de_atencion_dominante,bajo,no_requerida,train,equilibrio_sostenible,si,recomendaciones_mvp_v1.1,fincoah_mvp_co_v1.1,3ee59a9d1014b9485552ff3365698a84376bc7e021efc503f068538ffcb1a2bf
DEC_0107_06,PERF_0107,dentro_del_mvp,VEN_0107_3,2026-06-30,equilibrio_sostenible,REC_CREAR_MARGEN,Crear un margen pequeño y flexible antes de aumentar compromisos fijos.,prevencion,hacer_certificacion_profesional,turismo_y_viajes,necesidades_esenciales | hobbies:turismo_y_viajes | meta:hacer_certificacion_profesional,balance_B:994000 | cobertura_L:2.5048 | variabilidad_V:0.0368 | deuda_J:-0.1125,no_declarar_riesgo_solo_por_ingreso_variable | no_eliminar_hobbies_por_defecto | no_tratar_el_estado_como_identidad_permanente,sugerir,media,no,,"El estado equilibrio_sostenible describe únicamente la ventana hasta 2026-06-30 y se sustenta en balance, cobertura, recuperación, variabilidad y deuda.",VEN_0107_3 | balance_operativo_no_negativo | cobertura_esencial_superior_a_un_mes | recuperacion_consistente | inversion_productiva_observada | hobbies_identificados_sin_asumir_que_deban_eliminarse | sin_factor_de_atencion_dominante,bajo,no_requerida,train,equilibrio_sostenible,si,recomendaciones_mvp_v1.1,fincoah_mvp_co_v1.1,98ab3b0513df9fe2f02b918b108ec1c745235f2bc8cb33797958110c124b6029
DEC_0108_04,PERF_0108,dentro_del_mvp,VEN_0108_1,2026-04-30,equilibrio_sostenible,REC_CREAR_MARGEN,Crear un margen pequeño y flexible antes de aumentar compromisos fijos.,prevencion,crear_fondo_emergencia,impresion_3d | cocina_y_reposteria,necesidades_esenciales | hobbies:impresion_3d | cocina_y_reposteria | meta:crear_fondo_emergencia,balance_B:767000 | cobertura_L:3.0967 | variabilidad_V:0.0 | deuda_J:-0.0368,no_declarar_riesgo_solo_por_ingreso_variable | no_eliminar_hobbies_por_defecto | no_tratar_el_estado_como_identidad_permanente,sugerir,media,no,,"El estado equilibrio_sostenible describe únicamente la ventana hasta 2026-04-30 y se sustenta en balance, cobertura, recuperación, variabilidad y deuda.",VEN_0108_1 | balance_operativo_no_negativo | cobertura_esencial_superior_a_un_mes | inversion_productiva_observada | hobbies_identificados_sin_asumir_que_deban_eliminarse | sin_factor_de_atencion_dominante,bajo,no_requerida,train,variable_resiliente,si,recomendaciones_mvp_v1.1,fincoah_mvp_co_v1.1,6fa5ecf6ee153dc2efac39e9407df480e9f0313ee8e9663f1a4117adbe7e0661
DEC_0108_05,PERF_0108,dentro_del_mvp,VEN_0108_2,2026-05-31,variable_resiliente,REC_RESERVA_PICOS,Reservar parte de los meses altos para cubrir los periodos de menor ingreso sin tratar la variabilidad como falla.,gestion_ingreso_variable,crear_fondo_emergencia,impresion_3d | cocina_y_reposteria,necesidades_esenciales | hobbies:impresion_3d | cocina_y_reposteria | meta:crear_fondo_emergencia,balance_B:-1905000 | cobertura_L:1.7544 | variabilidad_V:0.1601 | deuda_J:-0.057,no_declarar_riesgo_solo_por_ingreso_variable | no_eliminar_hobbies_por_defecto | no_tratar_el_estado_como_identidad_permanente,aplicar,alta,no,,"El estado variable_resiliente describe únicamente la ventana hasta 2026-05-31 y se sustenta en balance, cobertura, recuperación, variabilidad y deuda.",VEN_0108_2 | cobertura_esencial_superior_a_un_mes | recuperacion_consistente | inversion_productiva_observada | hobbies_identificados_sin_asumir_que_deban_eliminarse | balance_operativo_negativo | recuperacion_demora_mas_de_20_dias,bajo,no_requerida,train,variable_resiliente,si,recomendaciones_mvp_v1.1,fincoah_mvp_co_v1.1,342b8fc4484e84d1846fa46572c2f833f1b1124c253caa2df06d6de0021f8c53
DEC_0108_06,PERF_0108,dentro_del_mvp,VEN_0108_3,2026-06-30,variable_resiliente,REC_RESERVA_PICOS,Reservar parte de los meses altos para cubrir los periodos de menor ingreso sin tratar la variabilidad como falla.,gestion_ingreso_variable,crear_fondo_emergencia,impresion_3d | cocina_y_reposteria,necesidades_esenciales | hobbies:impresion_3d | cocina_y_reposteria | meta:crear_fondo_emergencia,balance_B:3448000 | cobertura_L:3.7913 | variabilidad_V:0.299 | deuda_J:-0.057,no_declarar_riesgo_solo_por_ingreso_variable | no_eliminar_hobbies_por_defecto | no_tratar_el_estado_como_identidad_permanente,aplicar,alta,no,,"El estado variable_resiliente describe únicamente la ventana hasta 2026-06-30 y se sustenta en balance, cobertura, recuperación, variabilidad y deuda.",VEN_0108_3 | balance_operativo_no_negativo | cobertura_esencial_superior_a_un_mes | inversion_productiva_observada | hobbies_identificados_sin_asumir_que_deban_eliminarse | sin_factor_de_atencion_dominante,bajo,no_requerida,train,variable_resiliente,si,recomendaciones_mvp_v1.1,fincoah_mvp_co_v1.1,41e8da5778a89981b1740279acd7f6cc25654788e2a59e0ff3c629900375e878
DEC_0109_04,PERF_0109,dentro_del_mvp,VEN_0109_1,2026-04-30,acumulacion_estable,REC_MANTENER_ACUMULACION,Mantener el patrón actual y separar automáticamente una parte del excedente para la meta declarada.,mantenimiento_y_ahorro,ampliar_actividad_economica,jardineria_y_agricultura_urbana,necesidades_esenciales | hobbies:jardineria_y_agricultura_urbana | meta:ampliar_actividad_economica,balance_B:1600000 | cobertura_L:8.611 | variabilidad_V:0.0 | deuda_J:-0.021,no_declarar_riesgo_solo_por_ingreso_variable | no_eliminar_hobbies_por_defecto | no_tratar_el_estado_como_identidad_permanente,aplicar,media,no,,"El estado acumulacion_estable describe únicamente la ventana hasta 2026-04-30 y se sustenta en balance, cobertura, recuperación, variabilidad y deuda.",VEN_0109_1 | balance_operativo_no_negativo | cobertura_esencial_superior_a_un_mes | inversion_productiva_observada | hobbies_identificados_sin_asumir_que_deban_eliminarse | sin_factor_de_atencion_dominante,bajo,no_requerida,train,uso_planificado_reserva,si,recomendaciones_mvp_v1.1,fincoah_mvp_co_v1.1,a44329bbf02cd4edf1816766677df9db03f1554fce910584e6cfe5f51039d04e
DEC_0109_05,PERF_0109,dentro_del_mvp,VEN_0109_2,2026-05-31,uso_planificado_reserva,REC_VIGILAR_RESERVA,Mantener el gasto alineado con la meta y revisar que la reserva conserve cobertura suficiente durante el siguiente cierre.,seguimiento_meta,ampliar_actividad_economica,jardineria_y_agricultura_urbana,necesidades_esenciales | hobbies:jardineria_y_agricultura_urbana | meta:ampliar_actividad_economica,balance_B:-1878000 | cobertura_L:3.1268 | variabilidad_V:0.2101 | deuda_J:-0.1141,no_declarar_riesgo_solo_por_ingreso_variable | no_eliminar_hobbies_por_defecto | no_tratar_el_estado_como_identidad_permanente,sugerir,media,no,,"El estado uso_planificado_reserva describe únicamente la ventana hasta 2026-05-31 y se sustenta en balance, cobertura, recuperación, variabilidad y deuda.",VEN_0109_2 | cobertura_esencial_superior_a_un_mes | inversion_productiva_observada | hobbies_identificados_sin_asumir_que_deban_eliminarse | balance_operativo_negativo | recuperacion_demora_mas_de_20_dias,bajo,no_requerida,train,uso_planificado_reserva,si,recomendaciones_mvp_v1.1,fincoah_mvp_co_v1.1,84649a5b340a76f374190c8621341ae04f268209176e66ce04d0661700b7058c
DEC_0109_06,PERF_0109,dentro_del_mvp,VEN_0109_3,2026-06-30,uso_planificado_reserva,REC_VIGILAR_RESERVA,Mantener el gasto alineado con la meta y revisar que la reserva conserve cobertura suficiente durante el siguiente cierre.,seguimiento_meta,ampliar_actividad_economica,jardineria_y_agricultura_urbana,necesidades_esenciales | hobbies:jardineria_y_agricultura_urbana | meta:ampliar_actividad_economica,balance_B:-5655000 | cobertura_L:1.2297 | variabilidad_V:0.2484 | deuda_J:-0.2102,no_declarar_riesgo_solo_por_ingreso_variable | no_eliminar_hobbies_por_defecto | no_tratar_el_estado_como_identidad_permanente,sugerir,media,no,,"El estado uso_planificado_reserva describe únicamente la ventana hasta 2026-06-30 y se sustenta en balance, cobertura, recuperación, variabilidad y deuda.",VEN_0109_3 | cobertura_esencial_superior_a_un_mes | inversion_productiva_observada | hobbies_identificados_sin_asumir_que_deban_eliminarse | balance_operativo_negativo | recuperacion_demora_mas_de_20_dias,bajo,no_requerida,train,uso_planificado_reserva,si,recomendaciones_mvp_v1.1,fincoah_mvp_co_v1.1,26d182d24763138b2b45ce860a85462a1e78664689a18180b432a4d25f49ca85
DEC_0110_04,PERF_0110,dentro_del_mvp,VEN_0110_1,2026-04-30,equilibrio_sostenible,REC_CREAR_MARGEN,Crear un margen pequeño y flexible antes de aumentar compromisos fijos.,prevencion,comprar_bicicleta,ciclismo,necesidades_esenciales | hobbies:ciclismo | meta:comprar_bicicleta,balance_B:681000 | cobertura_L:6.1113 | variabilidad_V:0.0 | deuda_J:-0.0387,no_declarar_riesgo_solo_por_ingreso_variable | no_eliminar_hobbies_por_defecto | no_tratar_el_estado_como_identidad_permanente,sugerir,media,no,,"El estado equilibrio_sostenible describe únicamente la ventana hasta 2026-04-30 y se sustenta en balance, cobertura, recuperación, variabilidad y deuda.",VEN_0110_1 | balance_operativo_no_negativo | cobertura_esencial_superior_a_un_mes | recuperacion_consistente | inversion_productiva_observada | hobbies_identificados_sin_asumir_que_deban_eliminarse | sin_factor_de_atencion_dominante,bajo,no_requerida,train,deterioro_reciente,si,recomendaciones_mvp_v1.1,fincoah_mvp_co_v1.1,57508c272867aedc5527e11ecc93f620a11d146fb9c59b4fa68f326a1c6a4729
DEC_0110_05,PERF_0110,dentro_del_mvp,VEN_0110_2,2026-05-31,equilibrio_sostenible,REC_CREAR_MARGEN,Crear un margen pequeño y flexible antes de aumentar compromisos fijos.,prevencion,comprar_bicicleta,ciclismo,necesidades_esenciales | hobbies:ciclismo | meta:comprar_bicicleta,balance_B:1057000 | cobertura_L:5.842 | variabilidad_V:0.0285 | deuda_J:-0.0929,no_declarar_riesgo_solo_por_ingreso_variable | no_eliminar_hobbies_por_defecto | no_tratar_el_estado_como_identidad_permanente,sugerir,media,no,,"El estado equilibrio_sostenible describe únicamente la ventana hasta 2026-05-31 y se sustenta en balance, cobertura, recuperación, variabilidad y deuda.",VEN_0110_2 | balance_operativo_no_negativo | cobertura_esencial_superior_a_un_mes | recuperacion_consistente | inversion_productiva_observada | hobbies_identificados_sin_asumir_que_deban_eliminarse | recuperacion_demora_mas_de_20_dias,bajo,no_requerida,train,deterioro_reciente,si,recomendaciones_mvp_v1.1,fincoah_mvp_co_v1.1,fbf91cd13364dbf01215f4f2627aa958e32572c4e5acb472da994ebda4ef8a64
DEC_0110_06,PERF_0110,dentro_del_mvp,VEN_0110_3,2026-06-30,deterioro_reciente,REC_REVISAR_CAMBIO_RECIENTE,Revisar el cambio reciente en ingresos y compromisos antes de modificar gastos personales valiosos.,diagnostico,comprar_bicicleta,ciclismo,necesidades_esenciales | hobbies:ciclismo | meta:comprar_bicicleta,balance_B:-2251000 | cobertura_L:3.3472 | variabilidad_V:0.1643 | deuda_J:-0.2095,no_declarar_riesgo_solo_por_ingreso_variable | no_eliminar_hobbies_por_defecto | no_tratar_el_estado_como_identidad_permanente,solicitar_contexto,alta,si,¿Ocurrió algún cambio puntual en tus ingresos o compromisos durante este cierre?,"El estado deterioro_reciente describe únicamente la ventana hasta 2026-06-30 y se sustenta en balance, cobertura, recuperación, variabilidad y deuda.",VEN_0110_3 | cobertura_esencial_superior_a_un_mes | inversion_productiva_observada | hobbies_identificados_sin_asumir_que_deban_eliminarse | balance_operativo_negativo | recuperacion_demora_mas_de_20_dias,podria_reducir_bienestar_o_desconocer_el_contexto,no_requerida,train,deterioro_reciente,si,recomendaciones_mvp_v1.1,fincoah_mvp_co_v1.1,a295077ce367dcba35fe03d28cbb5c9ac35a2085225b578f4948c69dcb81d81d
DEC_0111_04,PERF_0111,dentro_del_mvp,VEN_0111_1,2026-04-30,deterioro_reciente,REC_REVISAR_CAMBIO_RECIENTE,Revisar el cambio reciente en ingresos y compromisos antes de modificar gastos personales valiosos.,diagnostico,mejorar_vivienda,pintura | cocina_y_reposteria,necesidades_esenciales | hobbies:pintura | cocina_y_reposteria | meta:mejorar_vivienda,balance_B:-4047000 | cobertura_L:0.0 | variabilidad_V:0.0 | deuda_J:-0.0066,no_declarar_riesgo_solo_por_ingreso_variable | no_eliminar_hobbies_por_defecto | no_tratar_el_estado_como_identidad_permanente,solicitar_contexto,alta,si,¿Ocurrió algún cambio puntual en tus ingresos o compromisos durante este cierre?,"El estado deterioro_reciente describe únicamente la ventana hasta 2026-04-30 y se sustenta en balance, cobertura, recuperación, variabilidad y deuda.",VEN_0111_1 | inversion_productiva_observada | hobbies_identificados_sin_asumir_que_deban_eliminarse | balance_operativo_negativo | cobertura_esencial_reducida | recuperacion_demora_mas_de_20_dias,podria_reducir_bienestar_o_desconocer_el_contexto,no_requerida,train,fragilidad_sostenida,si,recomendaciones_mvp_v1.1,fincoah_mvp_co_v1.1,a8553c4866668f4c0c29eaee2b46397de44963bd1ea656291dff1d9317381155
DEC_0111_05,PERF_0111,dentro_del_mvp,VEN_0111_2,2026-05-31,fragilidad_sostenida,REC_PRIORIZAR_COBERTURA,"Priorizar vivienda, alimentación, salud y servicios; revisar opciones de renegociación de deuda sin eliminar automáticamente los hobbies.",proteccion_esencial,mejorar_vivienda,pintura | cocina_y_reposteria,necesidades_esenciales | hobbies:pintura | cocina_y_reposteria | meta:mejorar_vivienda,balance_B:-11966000 | cobertura_L:0.0 | variabilidad_V:0.1231 | deuda_J:0.0226,no_declarar_riesgo_solo_por_ingreso_variable | no_eliminar_hobbies_por_defecto | no_tratar_el_estado_como_identidad_permanente,aplicar,alta,no,,"El estado fragilidad_sostenida describe únicamente la ventana hasta 2026-05-31 y se sustenta en balance, cobertura, recuperación, variabilidad y deuda.",VEN_0111_2 | inversion_productiva_observada | hobbies_identificados_sin_asumir_que_deban_eliminarse | balance_operativo_negativo | cobertura_esencial_reducida | recuperacion_demora_mas_de_20_dias,podria_reducir_bienestar_o_desconocer_el_contexto,no_requerida,train,fragilidad_sostenida,si,recomendaciones_mvp_v1.1,fincoah_mvp_co_v1.1,aab1316075e98e67de2806ceb8e239845188a5452170061f02edf92658b8a3be
DEC_0111_06,PERF_0111,dentro_del_mvp,VEN_0111_3,2026-06-30,fragilidad_sostenida,REC_PRIORIZAR_COBERTURA,"Priorizar vivienda, alimentación, salud y servicios; revisar opciones de renegociación de deuda sin eliminar automáticamente los hobbies.",proteccion_esencial,mejorar_vivienda,pintura | cocina_y_reposteria,necesidades_esenciales | hobbies:pintura | cocina_y_reposteria | meta:mejorar_vivienda,balance_B:-19667000 | cobertura_L:0.0 | variabilidad_V:0.1101 | deuda_J:0.0517,no_declarar_riesgo_solo_por_ingreso_variable | no_eliminar_hobbies_por_defecto | no_tratar_el_estado_como_identidad_permanente,aplicar,alta,no,,"El estado fragilidad_sostenida describe únicamente la ventana hasta 2026-06-30 y se sustenta en balance, cobertura, recuperación, variabilidad y deuda.",VEN_0111_3 | inversion_productiva_observada | hobbies_identificados_sin_asumir_que_deban_eliminarse | balance_operativo_negativo | cobertura_esencial_reducida | deuda_creciente | recuperacion_demora_mas_de_20_dias,podria_reducir_bienestar_o_desconocer_el_contexto,no_requerida,train,fragilidad_sostenida,si,recomendaciones_mvp_v1.1,fincoah_mvp_co_v1.1,e32c9c6a0d4eb6cb3d4c4f48db33d0e535dcec630137e4c9255cd96e6c40289f
DEC_0112_04,PERF_0112,dentro_del_mvp,VEN_0112_1,2026-04-30,fragilidad_sostenida,REC_PRIORIZAR_COBERTURA,"Priorizar vivienda, alimentación, salud y servicios; revisar opciones de renegociación de deuda sin eliminar automáticamente los hobbies.",proteccion_esencial,comprar_bicicleta,cocina_y_reposteria | fotografia_y_video,necesidades_esenciales | hobbies:cocina_y_reposteria | fotografia_y_video | meta:comprar_bicicleta,balance_B:-9341000 | cobertura_L:0.0 | variabilidad_V:0.0 | deuda_J:-0.0489,no_declarar_riesgo_solo_por_ingreso_variable | no_eliminar_hobbies_por_defecto | no_tratar_el_estado_como_identidad_permanente,aplicar,alta,no,,"El estado fragilidad_sostenida describe únicamente la ventana hasta 2026-04-30 y se sustenta en balance, cobertura, recuperación, variabilidad y deuda.",VEN_0112_1 | inversion_productiva_observada | hobbies_identificados_sin_asumir_que_deban_eliminarse | balance_operativo_negativo | cobertura_esencial_reducida | recuperacion_demora_mas_de_20_dias,podria_reducir_bienestar_o_desconocer_el_contexto,no_requerida,train,situacion_critica,si,recomendaciones_mvp_v1.1,fincoah_mvp_co_v1.1,1d888e61915d5791d8ec5b058db534780ef05d1a85afdba540c010f738d98492
DEC_0112_05,PERF_0112,dentro_del_mvp,VEN_0112_2,2026-05-31,situacion_critica,REC_PLAN_CONTENCION,Activar un plan de contención centrado en necesidades esenciales y solicitar revisión humana para deuda y liquidez.,contencion_y_revision,comprar_bicicleta,cocina_y_reposteria | fotografia_y_video,necesidades_esenciales | hobbies:cocina_y_reposteria | fotografia_y_video | meta:comprar_bicicleta,balance_B:-23525000 | cobertura_L:0.0 | variabilidad_V:0.1423 | deuda_J:-0.1198,no_declarar_riesgo_solo_por_ingreso_variable | no_eliminar_hobbies_por_defecto | no_tratar_el_estado_como_identidad_permanente,aplicar,critica,no,,"El estado situacion_critica describe únicamente la ventana hasta 2026-05-31 y se sustenta en balance, cobertura, recuperación, variabilidad y deuda.",VEN_0112_2 | inversion_productiva_observada | hobbies_identificados_sin_asumir_que_deban_eliminarse | balance_operativo_negativo | cobertura_esencial_reducida | recuperacion_demora_mas_de_20_dias,podria_reducir_bienestar_o_desconocer_el_contexto,requerida,train,situacion_critica,si,recomendaciones_mvp_v1.1,fincoah_mvp_co_v1.1,7203ecfaa02931ecbb81db637c6bae5c5c34db190d45c1cfced691063b8591be
DEC_0112_06,PERF_0112,dentro_del_mvp,VEN_0112_3,2026-06-30,situacion_critica,REC_PLAN_CONTENCION,Activar un plan de contención centrado en necesidades esenciales y solicitar revisión humana para deuda y liquidez.,contencion_y_revision,comprar_bicicleta,cocina_y_reposteria | fotografia_y_video,necesidades_esenciales | hobbies:cocina_y_reposteria | fotografia_y_video | meta:comprar_bicicleta,balance_B:-37952000 | cobertura_L:0.0 | variabilidad_V:0.161 | deuda_J:-0.0799,no_declarar_riesgo_solo_por_ingreso_variable | no_eliminar_hobbies_por_defecto | no_tratar_el_estado_como_identidad_permanente,aplicar,critica,no,,"El estado situacion_critica describe únicamente la ventana hasta 2026-06-30 y se sustenta en balance, cobertura, recuperación, variabilidad y deuda.",VEN_0112_3 | inversion_productiva_observada | hobbies_identificados_sin_asumir_que_deban_eliminarse | balance_operativo_negativo | cobertura_esencial_reducida | recuperacion_demora_mas_de_20_dias,podria_reducir_bienestar_o_desconocer_el_contexto,requerida,train,situacion_critica,si,recomendaciones_mvp_v1.1,fincoah_mvp_co_v1.1,fae37e4d09295a924ae71f56fccd7a39870e8b105bed721a24e165e91104c416
DEC_0113_04,PERF_0113,dentro_del_mvp,VEN_0113_1,2026-04-30,acumulacion_estable,REC_MANTENER_ACUMULACION,Mantener el patrón actual y separar automáticamente una parte del excedente para la meta declarada.,mantenimiento_y_ahorro,crear_fondo_emergencia,manualidades_y_artesanias | impresion_3d,necesidades_esenciales | hobbies:manualidades_y_artesanias | impresion_3d | meta:crear_fondo_emergencia,balance_B:2582000 | cobertura_L:5.9812 | variabilidad_V:0.0 | deuda_J:0.0,no_declarar_riesgo_solo_por_ingreso_variable | no_eliminar_hobbies_por_defecto | no_tratar_el_estado_como_identidad_permanente,aplicar,media,no,,"El estado acumulacion_estable describe únicamente la ventana hasta 2026-04-30 y se sustenta en balance, cobertura, recuperación, variabilidad y deuda.",VEN_0113_1 | balance_operativo_no_negativo | cobertura_esencial_superior_a_un_mes | recuperacion_consistente | inversion_productiva_observada | hobbies_identificados_sin_asumir_que_deban_eliminarse | sin_factor_de_atencion_dominante,bajo,no_requerida,validation,acumulacion_estable,si,recomendaciones_mvp_v1.1,fincoah_mvp_co_v1.1,aceeca4b5e2ce8886c095114bfb50e13e02bd3fd646b6a93aa9fc8c826e46b07
DEC_0113_05,PERF_0113,dentro_del_mvp,VEN_0113_2,2026-05-31,acumulacion_estable,REC_MANTENER_ACUMULACION,Mantener el patrón actual y separar automáticamente una parte del excedente para la meta declarada.,mantenimiento_y_ahorro,crear_fondo_emergencia,manualidades_y_artesanias | impresion_3d,necesidades_esenciales | hobbies:manualidades_y_artesanias | impresion_3d | meta:crear_fondo_emergencia,balance_B:4604000 | cobertura_L:6.6585 | variabilidad_V:0.0398 | deuda_J:0.0,no_declarar_riesgo_solo_por_ingreso_variable | no_eliminar_hobbies_por_defecto | no_tratar_el_estado_como_identidad_permanente,aplicar,media,no,,"El estado acumulacion_estable describe únicamente la ventana hasta 2026-05-31 y se sustenta en balance, cobertura, recuperación, variabilidad y deuda.",VEN_0113_2 | balance_operativo_no_negativo | cobertura_esencial_superior_a_un_mes | recuperacion_consistente | inversion_productiva_observada | hobbies_identificados_sin_asumir_que_deban_eliminarse | sin_factor_de_atencion_dominante,bajo,no_requerida,validation,acumulacion_estable,si,recomendaciones_mvp_v1.1,fincoah_mvp_co_v1.1,6dcd4fcd3cbae2de053c3b4a797d9557760911f232f46f01c6006852277aaf46
DEC_0113_06,PERF_0113,dentro_del_mvp,VEN_0113_3,2026-06-30,acumulacion_estable,REC_MANTENER_ACUMULACION,Mantener el patrón actual y separar automáticamente una parte del excedente para la meta declarada.,mantenimiento_y_ahorro,crear_fondo_emergencia,manualidades_y_artesanias | impresion_3d,necesidades_esenciales | hobbies:manualidades_y_artesanias | impresion_3d | meta:crear_fondo_emergencia,balance_B:7147000 | cobertura_L:7.623 | variabilidad_V:0.0359 | deuda_J:0.0,no_declarar_riesgo_solo_por_ingreso_variable | no_eliminar_hobbies_por_defecto | no_tratar_el_estado_como_identidad_permanente,aplicar,media,no,,"El estado acumulacion_estable describe únicamente la ventana hasta 2026-06-30 y se sustenta en balance, cobertura, recuperación, variabilidad y deuda.",VEN_0113_3 | balance_operativo_no_negativo | cobertura_esencial_superior_a_un_mes | recuperacion_consistente | inversion_productiva_observada | hobbies_identificados_sin_asumir_que_deban_eliminarse | sin_factor_de_atencion_dominante,bajo,no_requerida,validation,acumulacion_estable,si,recomendaciones_mvp_v1.1,fincoah_mvp_co_v1.1,f4f24a44c1ef4d048fe32429724f56ea900cd6ff4304e830c8a6486deab1f989
DEC_0114_04,PERF_0114,dentro_del_mvp,VEN_0114_1,2026-04-30,equilibrio_sostenible,REC_CREAR_MARGEN,Crear un margen pequeño y flexible antes de aumentar compromisos fijos.,prevencion,comprar_equipo_de_trabajo,musica,necesidades_esenciales | hobbies:musica | meta:comprar_equipo_de_trabajo,balance_B:-8000 | cobertura_L:2.0968 | variabilidad_V:0.0 | deuda_J:0.0,no_declarar_riesgo_solo_por_ingreso_variable | no_eliminar_hobbies_por_defecto | no_tratar_el_estado_como_identidad_permanente,sugerir,media,no,,"El estado equilibrio_sostenible describe únicamente la ventana hasta 2026-04-30 y se sustenta en balance, cobertura, recuperación, variabilidad y deuda.",VEN_0114_1 | cobertura_esencial_superior_a_un_mes | inversion_productiva_observada | hobbies_identificados_sin_asumir_que_deban_eliminarse | balance_operativo_negativo | recuperacion_demora_mas_de_20_dias,bajo,no_requerida,train,equilibrio_sostenible,si,recomendaciones_mvp_v1.1,fincoah_mvp_co_v1.1,2d263705dc26d0600c2ecfd405731518b999d657555de6ffcd075a329b015d58
DEC_0114_05,PERF_0114,dentro_del_mvp,VEN_0114_2,2026-05-31,equilibrio_sostenible,REC_CREAR_MARGEN,Crear un margen pequeño y flexible antes de aumentar compromisos fijos.,prevencion,comprar_equipo_de_trabajo,musica,necesidades_esenciales | hobbies:musica | meta:comprar_equipo_de_trabajo,balance_B:-76000 | cobertura_L:1.5482 | variabilidad_V:0.0091 | deuda_J:0.0,no_declarar_riesgo_solo_por_ingreso_variable | no_eliminar_hobbies_por_defecto | no_tratar_el_estado_como_identidad_permanente,sugerir,media,no,,"El estado equilibrio_sostenible describe únicamente la ventana hasta 2026-05-31 y se sustenta en balance, cobertura, recuperación, variabilidad y deuda.",VEN_0114_2 | cobertura_esencial_superior_a_un_mes | inversion_productiva_observada | hobbies_identificados_sin_asumir_que_deban_eliminarse | balance_operativo_negativo,bajo,no_requerida,train,equilibrio_sostenible,si,recomendaciones_mvp_v1.1,fincoah_mvp_co_v1.1,d658802c5d029dd0af6fbc2fb8e519acc0ac2c48d03e09cfa19a9bb6616ad97d
DEC_0114_06,PERF_0114,dentro_del_mvp,VEN_0114_3,2026-06-30,equilibrio_sostenible,REC_CREAR_MARGEN,Crear un margen pequeño y flexible antes de aumentar compromisos fijos.,prevencion,comprar_equipo_de_trabajo,musica,necesidades_esenciales | hobbies:musica | meta:comprar_equipo_de_trabajo,balance_B:239000 | cobertura_L:1.6961 | variabilidad_V:0.049 | deuda_J:0.0,no_declarar_riesgo_solo_por_ingreso_variable | no_eliminar_hobbies_por_defecto | no_tratar_el_estado_como_identidad_permanente,sugerir,media,no,,"El estado equilibrio_sostenible describe únicamente la ventana hasta 2026-06-30 y se sustenta en balance, cobertura, recuperación, variabilidad y deuda.",VEN_0114_3 | balance_operativo_no_negativo | cobertura_esencial_superior_a_un_mes | recuperacion_consistente | inversion_productiva_observada | hobbies_identificados_sin_asumir_que_deban_eliminarse | recuperacion_demora_mas_de_20_dias,bajo,no_requerida,train,equilibrio_sostenible,si,recomendaciones_mvp_v1.1,fincoah_mvp_co_v1.1,45dbee242e9f955222eeadd91941c77368e570f913fc6fb5323431d95c3b56e6
DEC_0115_04,PERF_0115,dentro_del_mvp,VEN_0115_1,2026-04-30,equilibrio_sostenible,REC_CREAR_MARGEN,Crear un margen pequeño y flexible antes de aumentar compromisos fijos.,prevencion,mejorar_vivienda,fotografia_y_video | manualidades_y_artesanias,necesidades_esenciales | hobbies:fotografia_y_video | manualidades_y_artesanias | meta:mejorar_vivienda,balance_B:-26000 | cobertura_L:1.1478 | variabilidad_V:0.0 | deuda_J:0.0,no_declarar_riesgo_solo_por_ingreso_variable | no_eliminar_hobbies_por_defecto | no_tratar_el_estado_como_identidad_permanente,sugerir,media,no,,"El estado equilibrio_sostenible describe únicamente la ventana hasta 2026-04-30 y se sustenta en balance, cobertura, recuperación, variabilidad y deuda.",VEN_0115_1 | cobertura_esencial_superior_a_un_mes | inversion_productiva_observada | hobbies_identificados_sin_asumir_que_deban_eliminarse | balance_operativo_negativo,bajo,no_requerida,train,variable_resiliente,si,recomendaciones_mvp_v1.1,fincoah_mvp_co_v1.1,3de0b06b762259901bfed00a950ab7f5fc835bf73b04700161ba94aaf2739db2
DEC_0115_05,PERF_0115,dentro_del_mvp,VEN_0115_2,2026-05-31,variable_resiliente,REC_RESERVA_PICOS,Reservar parte de los meses altos para cubrir los periodos de menor ingreso sin tratar la variabilidad como falla.,gestion_ingreso_variable,mejorar_vivienda,fotografia_y_video | manualidades_y_artesanias,necesidades_esenciales | hobbies:fotografia_y_video | manualidades_y_artesanias | meta:mejorar_vivienda,balance_B:-2052000 | cobertura_L:0.2825 | variabilidad_V:0.0711 | deuda_J:0.0,no_declarar_riesgo_solo_por_ingreso_variable | no_eliminar_hobbies_por_defecto | no_tratar_el_estado_como_identidad_permanente,aplicar,alta,no,,"El estado variable_resiliente describe únicamente la ventana hasta 2026-05-31 y se sustenta en balance, cobertura, recuperación, variabilidad y deuda.",VEN_0115_2 | recuperacion_consistente | inversion_productiva_observada | hobbies_identificados_sin_asumir_que_deban_eliminarse | balance_operativo_negativo | cobertura_esencial_reducida | recuperacion_demora_mas_de_20_dias,bajo,no_requerida,train,variable_resiliente,si,recomendaciones_mvp_v1.1,fincoah_mvp_co_v1.1,3d85ccba721d61ca728632d908c6cf46ac9ab8ae08a492e6b938b3236d7ff23e
DEC_0115_06,PERF_0115,dentro_del_mvp,VEN_0115_3,2026-06-30,variable_resiliente,REC_RESERVA_PICOS,Reservar parte de los meses altos para cubrir los periodos de menor ingreso sin tratar la variabilidad como falla.,gestion_ingreso_variable,mejorar_vivienda,fotografia_y_video | manualidades_y_artesanias,necesidades_esenciales | hobbies:fotografia_y_video | manualidades_y_artesanias | meta:mejorar_vivienda,balance_B:-4050000 | cobertura_L:0.0 | variabilidad_V:0.0669 | deuda_J:0.0,no_declarar_riesgo_solo_por_ingreso_variable | no_eliminar_hobbies_por_defecto | no_tratar_el_estado_como_identidad_permanente,aplicar,alta,no,,"El estado variable_resiliente describe únicamente la ventana hasta 2026-06-30 y se sustenta en balance, cobertura, recuperación, variabilidad y deuda.",VEN_0115_3 | recuperacion_consistente | inversion_productiva_observada | hobbies_identificados_sin_asumir_que_deban_eliminarse | balance_operativo_negativo | cobertura_esencial_reducida | recuperacion_demora_mas_de_20_dias,bajo,no_requerida,train,variable_resiliente,si,recomendaciones_mvp_v1.1,fincoah_mvp_co_v1.1,244c407244a872615d381eaddb8a3cc3568d161bbf83672a698518edf0047667
DEC_0116_04,PERF_0116,dentro_del_mvp,VEN_0116_1,2026-04-30,acumulacion_estable,REC_MANTENER_ACUMULACION,Mantener el patrón actual y separar automáticamente una parte del excedente para la meta declarada.,mantenimiento_y_ahorro,hacer_certificacion_profesional,videojuegos_y_streaming,necesidades_esenciales | hobbies:videojuegos_y_streaming | meta:hacer_certificacion_profesional,balance_B:1859000 | cobertura_L:7.7033 | variabilidad_V:0.0 | deuda_J:0.0636,no_declarar_riesgo_solo_por_ingreso_variable | no_eliminar_hobbies_por_defecto | no_tratar_el_estado_como_identidad_permanente,aplicar,media,no,,"El estado acumulacion_estable describe únicamente la ventana hasta 2026-04-30 y se sustenta en balance, cobertura, recuperación, variabilidad y deuda.",VEN_0116_1 | balance_operativo_no_negativo | cobertura_esencial_superior_a_un_mes | recuperacion_consistente | inversion_productiva_observada | hobbies_identificados_sin_asumir_que_deban_eliminarse | deuda_creciente,bajo,no_requerida,train,uso_planificado_reserva,si,recomendaciones_mvp_v1.1,fincoah_mvp_co_v1.1,f4d8c53cf80e021e2ae3b469fa681b2f33d03299cb36edd8622013dc5edff469
DEC_0116_05,PERF_0116,dentro_del_mvp,VEN_0116_2,2026-05-31,uso_planificado_reserva,REC_VIGILAR_RESERVA,Mantener el gasto alineado con la meta y revisar que la reserva conserve cobertura suficiente durante el siguiente cierre.,seguimiento_meta,hacer_certificacion_profesional,videojuegos_y_streaming,necesidades_esenciales | hobbies:videojuegos_y_streaming | meta:hacer_certificacion_profesional,balance_B:-3027000 | cobertura_L:2.6967 | variabilidad_V:0.1821 | deuda_J:-0.0139,no_declarar_riesgo_solo_por_ingreso_variable | no_eliminar_hobbies_por_defecto | no_tratar_el_estado_como_identidad_permanente,sugerir,media,no,,"El estado uso_planificado_reserva describe únicamente la ventana hasta 2026-05-31 y se sustenta en balance, cobertura, recuperación, variabilidad y deuda.",VEN_0116_2 | cobertura_esencial_superior_a_un_mes | recuperacion_consistente | inversion_productiva_observada | hobbies_identificados_sin_asumir_que_deban_eliminarse | balance_operativo_negativo | recuperacion_demora_mas_de_20_dias,bajo,no_requerida,train,uso_planificado_reserva,si,recomendaciones_mvp_v1.1,fincoah_mvp_co_v1.1,1fbc6225b5cde4be2dd3101ec2c660c63fbe862f252af8edf57b54cc2153af43
DEC_0116_06,PERF_0116,dentro_del_mvp,VEN_0116_3,2026-06-30,uso_planificado_reserva,REC_VIGILAR_RESERVA,Mantener el gasto alineado con la meta y revisar que la reserva conserve cobertura suficiente durante el siguiente cierre.,seguimiento_meta,hacer_certificacion_profesional,videojuegos_y_streaming,necesidades_esenciales | hobbies:videojuegos_y_streaming | meta:hacer_certificacion_profesional,balance_B:-8245000 | cobertura_L:1.4169 | variabilidad_V:0.211 | deuda_J:0.1472,no_declarar_riesgo_solo_por_ingreso_variable | no_eliminar_hobbies_por_defecto | no_tratar_el_estado_como_identidad_permanente,sugerir,media,no,,"El estado uso_planificado_reserva describe únicamente la ventana hasta 2026-06-30 y se sustenta en balance, cobertura, recuperación, variabilidad y deuda.",VEN_0116_3 | cobertura_esencial_superior_a_un_mes | recuperacion_consistente | inversion_productiva_observada | hobbies_identificados_sin_asumir_que_deban_eliminarse | balance_operativo_negativo | deuda_creciente | recuperacion_demora_mas_de_20_dias,bajo,no_requerida,train,uso_planificado_reserva,si,recomendaciones_mvp_v1.1,fincoah_mvp_co_v1.1,f9560b84d853925eefe694f9bc4253110c44ee3ba978876a429ab64e7c0b15be
DEC_0117_04,PERF_0117,dentro_del_mvp,VEN_0117_1,2026-04-30,equilibrio_sostenible,REC_CREAR_MARGEN,Crear un margen pequeño y flexible antes de aumentar compromisos fijos.,prevencion,hacer_viaje,turismo_y_viajes,necesidades_esenciales | hobbies:turismo_y_viajes | meta:hacer_viaje,balance_B:3000 | cobertura_L:1.27 | variabilidad_V:0.0 | deuda_J:0.0,no_declarar_riesgo_solo_por_ingreso_variable | no_eliminar_hobbies_por_defecto | no_tratar_el_estado_como_identidad_permanente,sugerir,media,no,,"El estado equilibrio_sostenible describe únicamente la ventana hasta 2026-04-30 y se sustenta en balance, cobertura, recuperación, variabilidad y deuda.",VEN_0117_1 | balance_operativo_no_negativo | cobertura_esencial_superior_a_un_mes | recuperacion_consistente | inversion_productiva_observada | hobbies_identificados_sin_asumir_que_deban_eliminarse | sin_factor_de_atencion_dominante,bajo,no_requerida,train,deterioro_reciente,si,recomendaciones_mvp_v1.1,fincoah_mvp_co_v1.1,9d6e8872623df1c2aeb92bf2a60d0136ea4b04487bda14ee99d6887eed247783
DEC_0117_05,PERF_0117,dentro_del_mvp,VEN_0117_2,2026-05-31,equilibrio_sostenible,REC_CREAR_MARGEN,Crear un margen pequeño y flexible antes de aumentar compromisos fijos.,prevencion,hacer_viaje,turismo_y_viajes,necesidades_esenciales | hobbies:turismo_y_viajes | meta:hacer_viaje,balance_B:-91000 | cobertura_L:1.3776 | variabilidad_V:0.0063 | deuda_J:0.0668,no_declarar_riesgo_solo_por_ingreso_variable | no_eliminar_hobbies_por_defecto | no_tratar_el_estado_como_identidad_permanente,sugerir,media,no,,"El estado equilibrio_sostenible describe únicamente la ventana hasta 2026-05-31 y se sustenta en balance, cobertura, recuperación, variabilidad y deuda.",VEN_0117_2 | cobertura_esencial_superior_a_un_mes | recuperacion_consistente | inversion_productiva_observada | hobbies_identificados_sin_asumir_que_deban_eliminarse | balance_operativo_negativo | deuda_creciente | recuperacion_demora_mas_de_20_dias,bajo,no_requerida,train,deterioro_reciente,si,recomendaciones_mvp_v1.1,fincoah_mvp_co_v1.1,a2d675e2e1b4c3a05eb5802d8c5daa5d74ce3d99d6fbcf5f688664c50bfdbcd4
DEC_0117_06,PERF_0117,dentro_del_mvp,VEN_0117_3,2026-06-30,deterioro_reciente,REC_REVISAR_CAMBIO_RECIENTE,Revisar el cambio reciente en ingresos y compromisos antes de modificar gastos personales valiosos.,diagnostico,hacer_viaje,turismo_y_viajes,necesidades_esenciales | hobbies:turismo_y_viajes | meta:hacer_viaje,balance_B:-4600000 | cobertura_L:0.4511 | variabilidad_V:0.0629 | deuda_J:0.0465,no_declarar_riesgo_solo_por_ingreso_variable | no_eliminar_hobbies_por_defecto | no_tratar_el_estado_como_identidad_permanente,solicitar_contexto,alta,si,¿Ocurrió algún cambio puntual en tus ingresos o compromisos durante este cierre?,"El estado deterioro_reciente describe únicamente la ventana hasta 2026-06-30 y se sustenta en balance, cobertura, recuperación, variabilidad y deuda.",VEN_0117_3 | recuperacion_consistente | inversion_productiva_observada | hobbies_identificados_sin_asumir_que_deban_eliminarse | balance_operativo_negativo | cobertura_esencial_reducida | recuperacion_demora_mas_de_20_dias,podria_reducir_bienestar_o_desconocer_el_contexto,no_requerida,train,deterioro_reciente,si,recomendaciones_mvp_v1.1,fincoah_mvp_co_v1.1,8b8412453820ca403ab5bd5f5fdfc6bbdfb1ccb422959516020e5e59b55e6a7d
DEC_0118_04,PERF_0118,dentro_del_mvp,VEN_0118_1,2026-04-30,deterioro_reciente,REC_REVISAR_CAMBIO_RECIENTE,Revisar el cambio reciente en ingresos y compromisos antes de modificar gastos personales valiosos.,diagnostico,mejorar_vivienda,impresion_3d | videojuegos_y_streaming,necesidades_esenciales | hobbies:impresion_3d | videojuegos_y_streaming | meta:mejorar_vivienda,balance_B:-4284000 | cobertura_L:0.0 | variabilidad_V:0.0 | deuda_J:0.0,no_declarar_riesgo_solo_por_ingreso_variable | no_eliminar_hobbies_por_defecto | no_tratar_el_estado_como_identidad_permanente,solicitar_contexto,alta,si,¿Ocurrió algún cambio puntual en tus ingresos o compromisos durante este cierre?,"El estado deterioro_reciente describe únicamente la ventana hasta 2026-04-30 y se sustenta en balance, cobertura, recuperación, variabilidad y deuda.",VEN_0118_1 | inversion_productiva_observada | balance_operativo_negativo | cobertura_esencial_reducida | recuperacion_demora_mas_de_20_dias,podria_reducir_bienestar_o_desconocer_el_contexto,no_requerida,train,fragilidad_sostenida,si,recomendaciones_mvp_v1.1,fincoah_mvp_co_v1.1,6fe863e38bb5417014cfbf118005eeda5703d0c436b3415cf4ecd129441c04eb
DEC_0118_05,PERF_0118,dentro_del_mvp,VEN_0118_2,2026-05-31,fragilidad_sostenida,REC_PRIORIZAR_COBERTURA,"Priorizar vivienda, alimentación, salud y servicios; revisar opciones de renegociación de deuda sin eliminar automáticamente los hobbies.",proteccion_esencial,mejorar_vivienda,impresion_3d | videojuegos_y_streaming,necesidades_esenciales | hobbies:impresion_3d | videojuegos_y_streaming | meta:mejorar_vivienda,balance_B:-12581000 | cobertura_L:0.0 | variabilidad_V:0.1316 | deuda_J:0.0155,no_declarar_riesgo_solo_por_ingreso_variable | no_eliminar_hobbies_por_defecto | no_tratar_el_estado_como_identidad_permanente,aplicar,alta,no,,"El estado fragilidad_sostenida describe únicamente la ventana hasta 2026-05-31 y se sustenta en balance, cobertura, recuperación, variabilidad y deuda.",VEN_0118_2 | inversion_productiva_observada | hobbies_identificados_sin_asumir_que_deban_eliminarse | balance_operativo_negativo | cobertura_esencial_reducida | recuperacion_demora_mas_de_20_dias,podria_reducir_bienestar_o_desconocer_el_contexto,no_requerida,train,fragilidad_sostenida,si,recomendaciones_mvp_v1.1,fincoah_mvp_co_v1.1,4521c31ac363de10a2b8ed0aec6f65b72448ad37f288a388245a739dc4bc7044
DEC_0118_06,PERF_0118,dentro_del_mvp,VEN_0118_3,2026-06-30,fragilidad_sostenida,REC_PRIORIZAR_COBERTURA,"Priorizar vivienda, alimentación, salud y servicios; revisar opciones de renegociación de deuda sin eliminar automáticamente los hobbies.",proteccion_esencial,mejorar_vivienda,impresion_3d | videojuegos_y_streaming,necesidades_esenciales | hobbies:impresion_3d | videojuegos_y_streaming | meta:mejorar_vivienda,balance_B:-20610000 | cobertura_L:0.0 | variabilidad_V:0.1164 | deuda_J:0.0155,no_declarar_riesgo_solo_por_ingreso_variable | no_eliminar_hobbies_por_defecto | no_tratar_el_estado_como_identidad_permanente,aplicar,alta,no,,"El estado fragilidad_sostenida describe únicamente la ventana hasta 2026-06-30 y se sustenta en balance, cobertura, recuperación, variabilidad y deuda.",VEN_0118_3 | inversion_productiva_observada | hobbies_identificados_sin_asumir_que_deban_eliminarse | balance_operativo_negativo | cobertura_esencial_reducida | recuperacion_demora_mas_de_20_dias,podria_reducir_bienestar_o_desconocer_el_contexto,no_requerida,train,fragilidad_sostenida,si,recomendaciones_mvp_v1.1,fincoah_mvp_co_v1.1,4f66cbc29565aabbc7a7ba27a39cf4058823371aaf791160d6038a5a79997597
DEC_0119_04,PERF_0119,dentro_del_mvp,VEN_0119_1,2026-04-30,fragilidad_sostenida,REC_PRIORIZAR_COBERTURA,"Priorizar vivienda, alimentación, salud y servicios; revisar opciones de renegociación de deuda sin eliminar automáticamente los hobbies.",proteccion_esencial,mejorar_vivienda,jardineria_y_agricultura_urbana | manualidades_y_artesanias,necesidades_esenciales | hobbies:jardineria_y_agricultura_urbana | manualidades_y_artesanias | meta:mejorar_vivienda,balance_B:-5652000 | cobertura_L:0.0 | variabilidad_V:0.0 | deuda_J:-0.0651,no_declarar_riesgo_solo_por_ingreso_variable | no_eliminar_hobbies_por_defecto | no_tratar_el_estado_como_identidad_permanente,aplicar,alta,no,,"El estado fragilidad_sostenida describe únicamente la ventana hasta 2026-04-30 y se sustenta en balance, cobertura, recuperación, variabilidad y deuda.",VEN_0119_1 | inversion_productiva_observada | hobbies_identificados_sin_asumir_que_deban_eliminarse | balance_operativo_negativo | cobertura_esencial_reducida | recuperacion_demora_mas_de_20_dias,podria_reducir_bienestar_o_desconocer_el_contexto,no_requerida,train,situacion_critica,si,recomendaciones_mvp_v1.1,fincoah_mvp_co_v1.1,5e23b893f3f8e8abf714b9a5156b346d3c178377db8e6021707a48579dadc723
DEC_0119_05,PERF_0119,dentro_del_mvp,VEN_0119_2,2026-05-31,situacion_critica,REC_PLAN_CONTENCION,Activar un plan de contención centrado en necesidades esenciales y solicitar revisión humana para deuda y liquidez.,contencion_y_revision,mejorar_vivienda,jardineria_y_agricultura_urbana | manualidades_y_artesanias,necesidades_esenciales | hobbies:jardineria_y_agricultura_urbana | manualidades_y_artesanias | meta:mejorar_vivienda,balance_B:-14307000 | cobertura_L:0.0 | variabilidad_V:0.15 | deuda_J:-0.0137,no_declarar_riesgo_solo_por_ingreso_variable | no_eliminar_hobbies_por_defecto | no_tratar_el_estado_como_identidad_permanente,aplicar,critica,no,,"El estado situacion_critica describe únicamente la ventana hasta 2026-05-31 y se sustenta en balance, cobertura, recuperación, variabilidad y deuda.",VEN_0119_2 | inversion_productiva_observada | hobbies_identificados_sin_asumir_que_deban_eliminarse | balance_operativo_negativo | cobertura_esencial_reducida | recuperacion_demora_mas_de_20_dias,podria_reducir_bienestar_o_desconocer_el_contexto,requerida,train,situacion_critica,si,recomendaciones_mvp_v1.1,fincoah_mvp_co_v1.1,b32b41e4dddd02dcf8e4cc8e255f6814f3b6d458cbb9e4fda0b01f36adf345e8
DEC_0119_06,PERF_0119,dentro_del_mvp,VEN_0119_3,2026-06-30,situacion_critica,REC_PLAN_CONTENCION,Activar un plan de contención centrado en necesidades esenciales y solicitar revisión humana para deuda y liquidez.,contencion_y_revision,mejorar_vivienda,jardineria_y_agricultura_urbana | manualidades_y_artesanias,necesidades_esenciales | hobbies:jardineria_y_agricultura_urbana | manualidades_y_artesanias | meta:mejorar_vivienda,balance_B:-22967000 | cobertura_L:0.0 | variabilidad_V:0.1495 | deuda_J:-0.0422,no_declarar_riesgo_solo_por_ingreso_variable | no_eliminar_hobbies_por_defecto | no_tratar_el_estado_como_identidad_permanente,aplicar,critica,no,,"El estado situacion_critica describe únicamente la ventana hasta 2026-06-30 y se sustenta en balance, cobertura, recuperación, variabilidad y deuda.",VEN_0119_3 | inversion_productiva_observada | hobbies_identificados_sin_asumir_que_deban_eliminarse | balance_operativo_negativo | cobertura_esencial_reducida | recuperacion_demora_mas_de_20_dias,podria_reducir_bienestar_o_desconocer_el_contexto,requerida,train,situacion_critica,si,recomendaciones_mvp_v1.1,fincoah_mvp_co_v1.1,0e3f2bc12fe66484028316b6fe58d8db9a8876a6462cb500fdcde4fa36761a1a
DEC_0120_04,PERF_0120,dentro_del_mvp,VEN_0120_1,2026-04-30,acumulacion_estable,REC_MANTENER_ACUMULACION,Mantener el patrón actual y separar automáticamente una parte del excedente para la meta declarada.,mantenimiento_y_ahorro,ampliar_actividad_economica,ciclismo | videojuegos_y_streaming,necesidades_esenciales | hobbies:ciclismo | videojuegos_y_streaming | meta:ampliar_actividad_economica,balance_B:2868000 | cobertura_L:7.1124 | variabilidad_V:0.0 | deuda_J:-0.0252,no_declarar_riesgo_solo_por_ingreso_variable | no_eliminar_hobbies_por_defecto | no_tratar_el_estado_como_identidad_permanente,aplicar,media,no,,"El estado acumulacion_estable describe únicamente la ventana hasta 2026-04-30 y se sustenta en balance, cobertura, recuperación, variabilidad y deuda.",VEN_0120_1 | balance_operativo_no_negativo | cobertura_esencial_superior_a_un_mes | inversion_productiva_observada | hobbies_identificados_sin_asumir_que_deban_eliminarse | recuperacion_demora_mas_de_20_dias,bajo,no_requerida,train,acumulacion_estable,si,recomendaciones_mvp_v1.1,fincoah_mvp_co_v1.1,08425548d8f22ff0a3bb8d3aa12dac70a2287efe9b71e835276e52b25060afd0
DEC_0120_05,PERF_0120,dentro_del_mvp,VEN_0120_2,2026-05-31,acumulacion_estable,REC_MANTENER_ACUMULACION,Mantener el patrón actual y separar automáticamente una parte del excedente para la meta declarada.,mantenimiento_y_ahorro,ampliar_actividad_economica,ciclismo | videojuegos_y_streaming,necesidades_esenciales | hobbies:ciclismo | videojuegos_y_streaming | meta:ampliar_actividad_economica,balance_B:5254000 | cobertura_L:8.6651 | variabilidad_V:0.0361 | deuda_J:-0.0252,no_declarar_riesgo_solo_por_ingreso_variable | no_eliminar_hobbies_por_defecto | no_tratar_el_estado_como_identidad_permanente,aplicar,media,no,,"El estado acumulacion_estable describe únicamente la ventana hasta 2026-05-31 y se sustenta en balance, cobertura, recuperación, variabilidad y deuda.",VEN_0120_2 | balance_operativo_no_negativo | cobertura_esencial_superior_a_un_mes | inversion_productiva_observada | hobbies_identificados_sin_asumir_que_deban_eliminarse | sin_factor_de_atencion_dominante,bajo,no_requerida,train,acumulacion_estable,si,recomendaciones_mvp_v1.1,fincoah_mvp_co_v1.1,cc5d4181377b302b47e3667fefc986db6ba24a14ff98efc36d7aed0144bde642
DEC_0120_06,PERF_0120,dentro_del_mvp,VEN_0120_3,2026-06-30,acumulacion_estable,REC_MANTENER_ACUMULACION,Mantener el patrón actual y separar automáticamente una parte del excedente para la meta declarada.,mantenimiento_y_ahorro,ampliar_actividad_economica,ciclismo | videojuegos_y_streaming,necesidades_esenciales | hobbies:ciclismo | videojuegos_y_streaming | meta:ampliar_actividad_economica,balance_B:8087000 | cobertura_L:9.4337 | variabilidad_V:0.0326 | deuda_J:-0.048,no_declarar_riesgo_solo_por_ingreso_variable | no_eliminar_hobbies_por_defecto | no_tratar_el_estado_como_identidad_permanente,aplicar,media,no,,"El estado acumulacion_estable describe únicamente la ventana hasta 2026-06-30 y se sustenta en balance, cobertura, recuperación, variabilidad y deuda.",VEN_0120_3 | balance_operativo_no_negativo | cobertura_esencial_superior_a_un_mes | recuperacion_consistente | inversion_productiva_observada | hobbies_identificados_sin_asumir_que_deban_eliminarse | sin_factor_de_atencion_dominante,bajo,no_requerida,train,acumulacion_estable,si,recomendaciones_mvp_v1.1,fincoah_mvp_co_v1.1,5104da9b6e000077be750409820b328189ad067a4b892c5847d73dc7f38d3192
DEC_0121_04,PERF_0121,dentro_del_mvp,VEN_0121_1,2026-04-30,equilibrio_sostenible,REC_CREAR_MARGEN,Crear un margen pequeño y flexible antes de aumentar compromisos fijos.,prevencion,ampliar_actividad_economica,pintura,necesidades_esenciales | hobbies:pintura | meta:ampliar_actividad_economica,balance_B:499000 | cobertura_L:1.0022 | variabilidad_V:0.0 | deuda_J:-0.0599,no_declarar_riesgo_solo_por_ingreso_variable | no_eliminar_hobbies_por_defecto | no_tratar_el_estado_como_identidad_permanente,sugerir,media,no,,"El estado equilibrio_sostenible describe únicamente la ventana hasta 2026-04-30 y se sustenta en balance, cobertura, recuperación, variabilidad y deuda.",VEN_0121_1 | balance_operativo_no_negativo | cobertura_esencial_superior_a_un_mes | inversion_productiva_observada | hobbies_identificados_sin_asumir_que_deban_eliminarse | sin_factor_de_atencion_dominante,bajo,no_requerida,train,equilibrio_sostenible,si,recomendaciones_mvp_v1.1,fincoah_mvp_co_v1.1,01cbab3c5e98b2b232e137a7908a10d9fc27ed24ebefd2b09de92f916bc86fb5
DEC_0121_05,PERF_0121,dentro_del_mvp,VEN_0121_2,2026-05-31,equilibrio_sostenible,REC_CREAR_MARGEN,Crear un margen pequeño y flexible antes de aumentar compromisos fijos.,prevencion,ampliar_actividad_economica,pintura,necesidades_esenciales | hobbies:pintura | meta:ampliar_actividad_economica,balance_B:1642000 | cobertura_L:1.348 | variabilidad_V:0.0446 | deuda_J:-0.108,no_declarar_riesgo_solo_por_ingreso_variable | no_eliminar_hobbies_por_defecto | no_tratar_el_estado_como_identidad_permanente,sugerir,media,no,,"El estado equilibrio_sostenible describe únicamente la ventana hasta 2026-05-31 y se sustenta en balance, cobertura, recuperación, variabilidad y deuda.",VEN_0121_2 | balance_operativo_no_negativo | cobertura_esencial_superior_a_un_mes | recuperacion_consistente | inversion_productiva_observada | hobbies_identificados_sin_asumir_que_deban_eliminarse | sin_factor_de_atencion_dominante,bajo,no_requerida,train,equilibrio_sostenible,si,recomendaciones_mvp_v1.1,fincoah_mvp_co_v1.1,3a87c9d8c16b8fc92cfa2c4284349641dfc512050e325a2eb4c6a1813a5e0e8f
DEC_0121_06,PERF_0121,dentro_del_mvp,VEN_0121_3,2026-06-30,equilibrio_sostenible,REC_CREAR_MARGEN,Crear un margen pequeño y flexible antes de aumentar compromisos fijos.,prevencion,ampliar_actividad_economica,pintura,necesidades_esenciales | hobbies:pintura | meta:ampliar_actividad_economica,balance_B:1618000 | cobertura_L:1.3231 | variabilidad_V:0.0688 | deuda_J:-0.2027,no_declarar_riesgo_solo_por_ingreso_variable | no_eliminar_hobbies_por_defecto | no_tratar_el_estado_como_identidad_permanente,sugerir,media,no,,"El estado equilibrio_sostenible describe únicamente la ventana hasta 2026-06-30 y se sustenta en balance, cobertura, recuperación, variabilidad y deuda.",VEN_0121_3 | balance_operativo_no_negativo | cobertura_esencial_superior_a_un_mes | recuperacion_consistente | inversion_productiva_observada | hobbies_identificados_sin_asumir_que_deban_eliminarse | recuperacion_demora_mas_de_20_dias,bajo,no_requerida,train,equilibrio_sostenible,si,recomendaciones_mvp_v1.1,fincoah_mvp_co_v1.1,9e9e616022928b67cb6c0256c7883c772c9905aeb61fe9dfcef4af636c2b9e56
DEC_0122_04,PERF_0122,dentro_del_mvp,VEN_0122_1,2026-04-30,equilibrio_sostenible,REC_CREAR_MARGEN,Crear un margen pequeño y flexible antes de aumentar compromisos fijos.,prevencion,hacer_certificacion_profesional,cocina_y_reposteria,necesidades_esenciales | hobbies:cocina_y_reposteria | meta:hacer_certificacion_profesional,balance_B:727000 | cobertura_L:1.986 | variabilidad_V:0.0 | deuda_J:0.0,no_declarar_riesgo_solo_por_ingreso_variable | no_eliminar_hobbies_por_defecto | no_tratar_el_estado_como_identidad_permanente,sugerir,media,no,,"El estado equilibrio_sostenible describe únicamente la ventana hasta 2026-04-30 y se sustenta en balance, cobertura, recuperación, variabilidad y deuda.",VEN_0122_1 | balance_operativo_no_negativo | cobertura_esencial_superior_a_un_mes | recuperacion_consistente | inversion_productiva_observada | hobbies_identificados_sin_asumir_que_deban_eliminarse | recuperacion_demora_mas_de_20_dias,bajo,no_requerida,train,variable_resiliente,si,recomendaciones_mvp_v1.1,fincoah_mvp_co_v1.1,1f403c5fd4601ef6951582307ebfabbef3c5c174a812815e0be591d2a3d125e7
DEC_0122_05,PERF_0122,dentro_del_mvp,VEN_0122_2,2026-05-31,variable_resiliente,REC_RESERVA_PICOS,Reservar parte de los meses altos para cubrir los periodos de menor ingreso sin tratar la variabilidad como falla.,gestion_ingreso_variable,hacer_certificacion_profesional,cocina_y_reposteria,necesidades_esenciales | hobbies:cocina_y_reposteria | meta:hacer_certificacion_profesional,balance_B:-2872000 | cobertura_L:1.0092 | variabilidad_V:0.1544 | deuda_J:0.0,no_declarar_riesgo_solo_por_ingreso_variable | no_eliminar_hobbies_por_defecto | no_tratar_el_estado_como_identidad_permanente,aplicar,alta,no,,"El estado variable_resiliente describe únicamente la ventana hasta 2026-05-31 y se sustenta en balance, cobertura, recuperación, variabilidad y deuda.",VEN_0122_2 | cobertura_esencial_superior_a_un_mes | inversion_productiva_observada | hobbies_identificados_sin_asumir_que_deban_eliminarse | balance_operativo_negativo | recuperacion_demora_mas_de_20_dias,bajo,no_requerida,train,variable_resiliente,si,recomendaciones_mvp_v1.1,fincoah_mvp_co_v1.1,39fac7573b9858275ea3cc4b9047d9880ba032c2095380575ffdab6760d842a3
DEC_0122_06,PERF_0122,dentro_del_mvp,VEN_0122_3,2026-06-30,variable_resiliente,REC_RESERVA_PICOS,Reservar parte de los meses altos para cubrir los periodos de menor ingreso sin tratar la variabilidad como falla.,gestion_ingreso_variable,hacer_certificacion_profesional,cocina_y_reposteria,necesidades_esenciales | hobbies:cocina_y_reposteria | meta:hacer_certificacion_profesional,balance_B:3149000 | cobertura_L:2.731 | variabilidad_V:0.2728 | deuda_J:0.0,no_declarar_riesgo_solo_por_ingreso_variable | no_eliminar_hobbies_por_defecto | no_tratar_el_estado_como_identidad_permanente,aplicar,alta,no,,"El estado variable_resiliente describe únicamente la ventana hasta 2026-06-30 y se sustenta en balance, cobertura, recuperación, variabilidad y deuda.",VEN_0122_3 | balance_operativo_no_negativo | cobertura_esencial_superior_a_un_mes | inversion_productiva_observada | hobbies_identificados_sin_asumir_que_deban_eliminarse | sin_factor_de_atencion_dominante,bajo,no_requerida,train,variable_resiliente,si,recomendaciones_mvp_v1.1,fincoah_mvp_co_v1.1,8b5ca07b1031706a448fe1125c8a1c3b23e4b3f04a2059473d227d34505bdd33
DEC_0123_04,PERF_0123,dentro_del_mvp,VEN_0123_1,2026-04-30,acumulacion_estable,REC_MANTENER_ACUMULACION,Mantener el patrón actual y separar automáticamente una parte del excedente para la meta declarada.,mantenimiento_y_ahorro,hacer_viaje,manualidades_y_artesanias,necesidades_esenciales | hobbies:manualidades_y_artesanias | meta:hacer_viaje,balance_B:1045000 | cobertura_L:9.3971 | variabilidad_V:0.0 | deuda_J:0.0,no_declarar_riesgo_solo_por_ingreso_variable | no_eliminar_hobbies_por_defecto | no_tratar_el_estado_como_identidad_permanente,aplicar,media,no,,"El estado acumulacion_estable describe únicamente la ventana hasta 2026-04-30 y se sustenta en balance, cobertura, recuperación, variabilidad y deuda.",VEN_0123_1 | balance_operativo_no_negativo | cobertura_esencial_superior_a_un_mes | recuperacion_consistente | inversion_productiva_observada | hobbies_identificados_sin_asumir_que_deban_eliminarse | sin_factor_de_atencion_dominante,bajo,no_requerida,train,uso_planificado_reserva,si,recomendaciones_mvp_v1.1,fincoah_mvp_co_v1.1,9ed1c9ef46cc233f72cc4499152c70ba9b3b88d11021ab916c2bc34d5f4efe9c
DEC_0123_05,PERF_0123,dentro_del_mvp,VEN_0123_2,2026-05-31,uso_planificado_reserva,REC_VIGILAR_RESERVA,Mantener el gasto alineado con la meta y revisar que la reserva conserve cobertura suficiente durante el siguiente cierre.,seguimiento_meta,hacer_viaje,manualidades_y_artesanias,necesidades_esenciales | hobbies:manualidades_y_artesanias | meta:hacer_viaje,balance_B:-3586000 | cobertura_L:2.9153 | variabilidad_V:0.1312 | deuda_J:0.0,no_declarar_riesgo_solo_por_ingreso_variable | no_eliminar_hobbies_por_defecto | no_tratar_el_estado_como_identidad_permanente,sugerir,media,no,,"El estado uso_planificado_reserva describe únicamente la ventana hasta 2026-05-31 y se sustenta en balance, cobertura, recuperación, variabilidad y deuda.",VEN_0123_2 | cobertura_esencial_superior_a_un_mes | recuperacion_consistente | inversion_productiva_observada | hobbies_identificados_sin_asumir_que_deban_eliminarse | balance_operativo_negativo | recuperacion_demora_mas_de_20_dias,bajo,no_requerida,train,uso_planificado_reserva,si,recomendaciones_mvp_v1.1,fincoah_mvp_co_v1.1,8e0b2abb9e60d6b078fb93fc43df231eb0f183c0f677933719ef03be3de46e01
DEC_0123_06,PERF_0123,dentro_del_mvp,VEN_0123_3,2026-06-30,uso_planificado_reserva,REC_VIGILAR_RESERVA,Mantener el gasto alineado con la meta y revisar que la reserva conserve cobertura suficiente durante el siguiente cierre.,seguimiento_meta,hacer_viaje,manualidades_y_artesanias,necesidades_esenciales | hobbies:manualidades_y_artesanias | meta:hacer_viaje,balance_B:-8803000 | cobertura_L:1.1966 | variabilidad_V:0.1963 | deuda_J:0.0,no_declarar_riesgo_solo_por_ingreso_variable | no_eliminar_hobbies_por_defecto | no_tratar_el_estado_como_identidad_permanente,sugerir,media,no,,"El estado uso_planificado_reserva describe únicamente la ventana hasta 2026-06-30 y se sustenta en balance, cobertura, recuperación, variabilidad y deuda.",VEN_0123_3 | cobertura_esencial_superior_a_un_mes | recuperacion_consistente | inversion_productiva_observada | hobbies_identificados_sin_asumir_que_deban_eliminarse | balance_operativo_negativo | recuperacion_demora_mas_de_20_dias,bajo,no_requerida,train,uso_planificado_reserva,si,recomendaciones_mvp_v1.1,fincoah_mvp_co_v1.1,1ad642bae66381ffb13b412afef3afbd9dae08067679b0f8a614250b3edf89a3
DEC_0124_04,PERF_0124,dentro_del_mvp,VEN_0124_1,2026-04-30,equilibrio_sostenible,REC_CREAR_MARGEN,Crear un margen pequeño y flexible antes de aumentar compromisos fijos.,prevencion,comprar_equipo_de_trabajo,musica,necesidades_esenciales | hobbies:musica | meta:comprar_equipo_de_trabajo,balance_B:731000 | cobertura_L:1.7757 | variabilidad_V:0.0 | deuda_J:0.0,no_declarar_riesgo_solo_por_ingreso_variable | no_eliminar_hobbies_por_defecto | no_tratar_el_estado_como_identidad_permanente,sugerir,media,no,,"El estado equilibrio_sostenible describe únicamente la ventana hasta 2026-04-30 y se sustenta en balance, cobertura, recuperación, variabilidad y deuda.",VEN_0124_1 | balance_operativo_no_negativo | cobertura_esencial_superior_a_un_mes | recuperacion_consistente | inversion_productiva_observada | hobbies_identificados_sin_asumir_que_deban_eliminarse | sin_factor_de_atencion_dominante,bajo,no_requerida,train,deterioro_reciente,si,recomendaciones_mvp_v1.1,fincoah_mvp_co_v1.1,c9a0e385352253c620fdacfa0206940591c46b73c8da087f8e60db5f56eb1bf5
DEC_0124_05,PERF_0124,dentro_del_mvp,VEN_0124_2,2026-05-31,equilibrio_sostenible,REC_CREAR_MARGEN,Crear un margen pequeño y flexible antes de aumentar compromisos fijos.,prevencion,comprar_equipo_de_trabajo,musica,necesidades_esenciales | hobbies:musica | meta:comprar_equipo_de_trabajo,balance_B:1434000 | cobertura_L:1.833 | variabilidad_V:0.0019 | deuda_J:-0.1894,no_declarar_riesgo_solo_por_ingreso_variable | no_eliminar_hobbies_por_defecto | no_tratar_el_estado_como_identidad_permanente,sugerir,media,no,,"El estado equilibrio_sostenible describe únicamente la ventana hasta 2026-05-31 y se sustenta en balance, cobertura, recuperación, variabilidad y deuda.",VEN_0124_2 | balance_operativo_no_negativo | cobertura_esencial_superior_a_un_mes | recuperacion_consistente | inversion_productiva_observada | hobbies_identificados_sin_asumir_que_deban_eliminarse | sin_factor_de_atencion_dominante,bajo,no_requerida,train,deterioro_reciente,si,recomendaciones_mvp_v1.1,fincoah_mvp_co_v1.1,bb25f2cadaa4469af38660417b101b400cefa8b681a7cbbbbc46ba93ea01662a
DEC_0124_06,PERF_0124,dentro_del_mvp,VEN_0124_3,2026-06-30,deterioro_reciente,REC_REVISAR_CAMBIO_RECIENTE,Revisar el cambio reciente en ingresos y compromisos antes de modificar gastos personales valiosos.,diagnostico,comprar_equipo_de_trabajo,musica,necesidades_esenciales | hobbies:musica | meta:comprar_equipo_de_trabajo,balance_B:-2515000 | cobertura_L:0.8156 | variabilidad_V:0.1151 | deuda_J:-0.3117,no_declarar_riesgo_solo_por_ingreso_variable | no_eliminar_hobbies_por_defecto | no_tratar_el_estado_como_identidad_permanente,solicitar_contexto,alta,si,¿Ocurrió algún cambio puntual en tus ingresos o compromisos durante este cierre?,"El estado deterioro_reciente describe únicamente la ventana hasta 2026-06-30 y se sustenta en balance, cobertura, recuperación, variabilidad y deuda.",VEN_0124_3 | recuperacion_consistente | inversion_productiva_observada | hobbies_identificados_sin_asumir_que_deban_eliminarse | balance_operativo_negativo | cobertura_esencial_reducida | recuperacion_demora_mas_de_20_dias,podria_reducir_bienestar_o_desconocer_el_contexto,no_requerida,train,deterioro_reciente,si,recomendaciones_mvp_v1.1,fincoah_mvp_co_v1.1,3e7283b40b35b1dcb1fb62904ee1c6979f66da3e301f562a1acf46f783912a26
DEC_0125_04,PERF_0125,dentro_del_mvp,VEN_0125_1,2026-04-30,deterioro_reciente,REC_REVISAR_CAMBIO_RECIENTE,Revisar el cambio reciente en ingresos y compromisos antes de modificar gastos personales valiosos.,diagnostico,hacer_viaje,fotografia_y_video | manualidades_y_artesanias,necesidades_esenciales | hobbies:fotografia_y_video | manualidades_y_artesanias | meta:hacer_viaje,balance_B:-3425000 | cobertura_L:0.0 | variabilidad_V:0.0 | deuda_J:0.0,no_declarar_riesgo_solo_por_ingreso_variable | no_eliminar_hobbies_por_defecto | no_tratar_el_estado_como_identidad_permanente,solicitar_contexto,alta,si,¿Ocurrió algún cambio puntual en tus ingresos o compromisos durante este cierre?,"El estado deterioro_reciente describe únicamente la ventana hasta 2026-04-30 y se sustenta en balance, cobertura, recuperación, variabilidad y deuda.",VEN_0125_1 | inversion_productiva_observada | hobbies_identificados_sin_asumir_que_deban_eliminarse | balance_operativo_negativo | cobertura_esencial_reducida | recuperacion_demora_mas_de_20_dias,podria_reducir_bienestar_o_desconocer_el_contexto,no_requerida,train,fragilidad_sostenida,si,recomendaciones_mvp_v1.1,fincoah_mvp_co_v1.1,88e0eda9ced4024cd49af0d8a6ed49e3e5e991fac5c58bd7b3b88948e9998b5c
DEC_0125_05,PERF_0125,dentro_del_mvp,VEN_0125_2,2026-05-31,fragilidad_sostenida,REC_PRIORIZAR_COBERTURA,"Priorizar vivienda, alimentación, salud y servicios; revisar opciones de renegociación de deuda sin eliminar automáticamente los hobbies.",proteccion_esencial,hacer_viaje,fotografia_y_video | manualidades_y_artesanias,necesidades_esenciales | hobbies:fotografia_y_video | manualidades_y_artesanias | meta:hacer_viaje,balance_B:-10811000 | cobertura_L:0.0 | variabilidad_V:0.2096 | deuda_J:0.0299,no_declarar_riesgo_solo_por_ingreso_variable | no_eliminar_hobbies_por_defecto | no_tratar_el_estado_como_identidad_permanente,aplicar,alta,no,,"El estado fragilidad_sostenida describe únicamente la ventana hasta 2026-05-31 y se sustenta en balance, cobertura, recuperación, variabilidad y deuda.",VEN_0125_2 | inversion_productiva_observada | hobbies_identificados_sin_asumir_que_deban_eliminarse | balance_operativo_negativo | cobertura_esencial_reducida | recuperacion_demora_mas_de_20_dias,podria_reducir_bienestar_o_desconocer_el_contexto,no_requerida,train,fragilidad_sostenida,si,recomendaciones_mvp_v1.1,fincoah_mvp_co_v1.1,c5cf07881fe982cd401f35c0f5ed9040ac260d7bd459cd49687210e89b977bb6
DEC_0125_06,PERF_0125,dentro_del_mvp,VEN_0125_3,2026-06-30,fragilidad_sostenida,REC_PRIORIZAR_COBERTURA,"Priorizar vivienda, alimentación, salud y servicios; revisar opciones de renegociación de deuda sin eliminar automáticamente los hobbies.",proteccion_esencial,hacer_viaje,fotografia_y_video | manualidades_y_artesanias,necesidades_esenciales | hobbies:fotografia_y_video | manualidades_y_artesanias | meta:hacer_viaje,balance_B:-17887000 | cobertura_L:0.0 | variabilidad_V:0.1905 | deuda_J:0.032,no_declarar_riesgo_solo_por_ingreso_variable | no_eliminar_hobbies_por_defecto | no_tratar_el_estado_como_identidad_permanente,aplicar,alta,no,,"El estado fragilidad_sostenida describe únicamente la ventana hasta 2026-06-30 y se sustenta en balance, cobertura, recuperación, variabilidad y deuda.",VEN_0125_3 | inversion_productiva_observada | hobbies_identificados_sin_asumir_que_deban_eliminarse | balance_operativo_negativo | cobertura_esencial_reducida | recuperacion_demora_mas_de_20_dias,podria_reducir_bienestar_o_desconocer_el_contexto,no_requerida,train,fragilidad_sostenida,si,recomendaciones_mvp_v1.1,fincoah_mvp_co_v1.1,d01b5fbfd36069b7c485adba9da5eb6bf5d020dd50f40cde4e46ee6de4f73ca2
DEC_0126_04,PERF_0126,dentro_del_mvp,VEN_0126_1,2026-04-30,fragilidad_sostenida,REC_PRIORIZAR_COBERTURA,"Priorizar vivienda, alimentación, salud y servicios; revisar opciones de renegociación de deuda sin eliminar automáticamente los hobbies.",proteccion_esencial,hacer_certificacion_profesional,videojuegos_y_streaming | impresion_3d,necesidades_esenciales | hobbies:videojuegos_y_streaming | impresion_3d | meta:hacer_certificacion_profesional,balance_B:-6186000 | cobertura_L:0.0 | variabilidad_V:0.0 | deuda_J:0.0306,no_declarar_riesgo_solo_por_ingreso_variable | no_eliminar_hobbies_por_defecto | no_tratar_el_estado_como_identidad_permanente,aplicar,alta,no,,"El estado fragilidad_sostenida describe únicamente la ventana hasta 2026-04-30 y se sustenta en balance, cobertura, recuperación, variabilidad y deuda.",VEN_0126_1 | inversion_productiva_observada | hobbies_identificados_sin_asumir_que_deban_eliminarse | balance_operativo_negativo | cobertura_esencial_reducida | recuperacion_demora_mas_de_20_dias,podria_reducir_bienestar_o_desconocer_el_contexto,no_requerida,train,situacion_critica,si,recomendaciones_mvp_v1.1,fincoah_mvp_co_v1.1,b4580329733c98d26f7cdf770b931a7487bc872cbd1b137c3b31ed2685da60e0
DEC_0126_05,PERF_0126,dentro_del_mvp,VEN_0126_2,2026-05-31,situacion_critica,REC_PLAN_CONTENCION,Activar un plan de contención centrado en necesidades esenciales y solicitar revisión humana para deuda y liquidez.,contencion_y_revision,hacer_certificacion_profesional,videojuegos_y_streaming | impresion_3d,necesidades_esenciales | hobbies:videojuegos_y_streaming | impresion_3d | meta:hacer_certificacion_profesional,balance_B:-16608000 | cobertura_L:0.0 | variabilidad_V:0.2287 | deuda_J:0.0659,no_declarar_riesgo_solo_por_ingreso_variable | no_eliminar_hobbies_por_defecto | no_tratar_el_estado_como_identidad_permanente,aplicar,critica,no,,"El estado situacion_critica describe únicamente la ventana hasta 2026-05-31 y se sustenta en balance, cobertura, recuperación, variabilidad y deuda.",VEN_0126_2 | inversion_productiva_observada | hobbies_identificados_sin_asumir_que_deban_eliminarse | balance_operativo_negativo | cobertura_esencial_reducida | deuda_creciente | recuperacion_demora_mas_de_20_dias,podria_reducir_bienestar_o_desconocer_el_contexto,requerida,train,situacion_critica,si,recomendaciones_mvp_v1.1,fincoah_mvp_co_v1.1,8492720af5ace9666d0b8692091bd4a9b30ac341abb1c79877694e95847b7415
DEC_0126_06,PERF_0126,dentro_del_mvp,VEN_0126_3,2026-06-30,situacion_critica,REC_PLAN_CONTENCION,Activar un plan de contención centrado en necesidades esenciales y solicitar revisión humana para deuda y liquidez.,contencion_y_revision,hacer_certificacion_profesional,videojuegos_y_streaming | impresion_3d,necesidades_esenciales | hobbies:videojuegos_y_streaming | impresion_3d | meta:hacer_certificacion_profesional,balance_B:-27054000 | cobertura_L:0.0 | variabilidad_V:0.2359 | deuda_J:0.1037,no_declarar_riesgo_solo_por_ingreso_variable | no_eliminar_hobbies_por_defecto | no_tratar_el_estado_como_identidad_permanente,aplicar,critica,no,,"El estado situacion_critica describe únicamente la ventana hasta 2026-06-30 y se sustenta en balance, cobertura, recuperación, variabilidad y deuda.",VEN_0126_3 | inversion_productiva_observada | hobbies_identificados_sin_asumir_que_deban_eliminarse | balance_operativo_negativo | cobertura_esencial_reducida | deuda_creciente | recuperacion_demora_mas_de_20_dias,podria_reducir_bienestar_o_desconocer_el_contexto,requerida,train,situacion_critica,si,recomendaciones_mvp_v1.1,fincoah_mvp_co_v1.1,ff10123ce24631ef341a5a1f6e651c6a34a63980f0a3c7257aacaab2523ce72b
DEC_0127_04,PERF_0127,dentro_del_mvp,VEN_0127_1,2026-04-30,acumulacion_estable,REC_MANTENER_ACUMULACION,Mantener el patrón actual y separar automáticamente una parte del excedente para la meta declarada.,mantenimiento_y_ahorro,hacer_certificacion_profesional,turismo_y_viajes | impresion_3d,necesidades_esenciales | hobbies:turismo_y_viajes | impresion_3d | meta:hacer_certificacion_profesional,balance_B:2611000 | cobertura_L:5.8221 | variabilidad_V:0.0 | deuda_J:0.0,no_declarar_riesgo_solo_por_ingreso_variable | no_eliminar_hobbies_por_defecto | no_tratar_el_estado_como_identidad_permanente,aplicar,media,no,,"El estado acumulacion_estable describe únicamente la ventana hasta 2026-04-30 y se sustenta en balance, cobertura, recuperación, variabilidad y deuda.",VEN_0127_1 | balance_operativo_no_negativo | cobertura_esencial_superior_a_un_mes | recuperacion_consistente | inversion_productiva_observada | hobbies_identificados_sin_asumir_que_deban_eliminarse | sin_factor_de_atencion_dominante,bajo,no_requerida,train,acumulacion_estable,si,recomendaciones_mvp_v1.1,fincoah_mvp_co_v1.1,3bae46d487bf595ad0ccf89e982d180fd6d99ae158bdcc90fc1d6121b0df43cc
DEC_0127_05,PERF_0127,dentro_del_mvp,VEN_0127_2,2026-05-31,acumulacion_estable,REC_MANTENER_ACUMULACION,Mantener el patrón actual y separar automáticamente una parte del excedente para la meta declarada.,mantenimiento_y_ahorro,hacer_certificacion_profesional,turismo_y_viajes | impresion_3d,necesidades_esenciales | hobbies:turismo_y_viajes | impresion_3d | meta:hacer_certificacion_profesional,balance_B:6266000 | cobertura_L:6.853 | variabilidad_V:0.0681 | deuda_J:0.0,no_declarar_riesgo_solo_por_ingreso_variable | no_eliminar_hobbies_por_defecto | no_tratar_el_estado_como_identidad_permanente,aplicar,media,no,,"El estado acumulacion_estable describe únicamente la ventana hasta 2026-05-31 y se sustenta en balance, cobertura, recuperación, variabilidad y deuda.",VEN_0127_2 | balance_operativo_no_negativo | cobertura_esencial_superior_a_un_mes | recuperacion_consistente | inversion_productiva_observada | hobbies_identificados_sin_asumir_que_deban_eliminarse | sin_factor_de_atencion_dominante,bajo,no_requerida,train,acumulacion_estable,si,recomendaciones_mvp_v1.1,fincoah_mvp_co_v1.1,ef8d1070e7c18c96ad77a2a18359776d3ae7966af766a3bcc17d152eea0c6740
DEC_0127_06,PERF_0127,dentro_del_mvp,VEN_0127_3,2026-06-30,acumulacion_estable,REC_MANTENER_ACUMULACION,Mantener el patrón actual y separar automáticamente una parte del excedente para la meta declarada.,mantenimiento_y_ahorro,hacer_certificacion_profesional,turismo_y_viajes | impresion_3d,necesidades_esenciales | hobbies:turismo_y_viajes | impresion_3d | meta:hacer_certificacion_profesional,balance_B:8736000 | cobertura_L:7.7749 | variabilidad_V:0.071 | deuda_J:0.0,no_declarar_riesgo_solo_por_ingreso_variable | no_eliminar_hobbies_por_defecto | no_tratar_el_estado_como_identidad_permanente,aplicar,media,no,,"El estado acumulacion_estable describe únicamente la ventana hasta 2026-06-30 y se sustenta en balance, cobertura, recuperación, variabilidad y deuda.",VEN_0127_3 | balance_operativo_no_negativo | cobertura_esencial_superior_a_un_mes | recuperacion_consistente | inversion_productiva_observada | hobbies_identificados_sin_asumir_que_deban_eliminarse | sin_factor_de_atencion_dominante,bajo,no_requerida,train,acumulacion_estable,si,recomendaciones_mvp_v1.1,fincoah_mvp_co_v1.1,da8e11d2fd6bda306205764f702860e080fa3cb9d39a75abe1f24fc747e70ce3
DEC_0128_04,PERF_0128,dentro_del_mvp,VEN_0128_1,2026-04-30,equilibrio_sostenible,REC_CREAR_MARGEN,Crear un margen pequeño y flexible antes de aumentar compromisos fijos.,prevencion,comprar_bicicleta,impresion_3d | cocina_y_reposteria,necesidades_esenciales | hobbies:impresion_3d | cocina_y_reposteria | meta:comprar_bicicleta,balance_B:881000 | cobertura_L:4.2618 | variabilidad_V:0.0 | deuda_J:-0.0829,no_declarar_riesgo_solo_por_ingreso_variable | no_eliminar_hobbies_por_defecto | no_tratar_el_estado_como_identidad_permanente,sugerir,media,no,,"El estado equilibrio_sostenible describe únicamente la ventana hasta 2026-04-30 y se sustenta en balance, cobertura, recuperación, variabilidad y deuda.",VEN_0128_1 | balance_operativo_no_negativo | cobertura_esencial_superior_a_un_mes | inversion_productiva_observada | hobbies_identificados_sin_asumir_que_deban_eliminarse | sin_factor_de_atencion_dominante,bajo,no_requerida,train,equilibrio_sostenible,si,recomendaciones_mvp_v1.1,fincoah_mvp_co_v1.1,0d0a2aba587d4bc2d86cd424af52b2ddab41a32c8dc38f1a2500fafdd2f50203
DEC_0128_05,PERF_0128,dentro_del_mvp,VEN_0128_2,2026-05-31,equilibrio_sostenible,REC_CREAR_MARGEN,Crear un margen pequeño y flexible antes de aumentar compromisos fijos.,prevencion,comprar_bicicleta,impresion_3d | cocina_y_reposteria,necesidades_esenciales | hobbies:impresion_3d | cocina_y_reposteria | meta:comprar_bicicleta,balance_B:1711000 | cobertura_L:4.1009 | variabilidad_V:0.0031 | deuda_J:-0.148,no_declarar_riesgo_solo_por_ingreso_variable | no_eliminar_hobbies_por_defecto | no_tratar_el_estado_como_identidad_permanente,sugerir,media,no,,"El estado equilibrio_sostenible describe únicamente la ventana hasta 2026-05-31 y se sustenta en balance, cobertura, recuperación, variabilidad y deuda.",VEN_0128_2 | balance_operativo_no_negativo | cobertura_esencial_superior_a_un_mes | recuperacion_consistente | inversion_productiva_observada | hobbies_identificados_sin_asumir_que_deban_eliminarse | sin_factor_de_atencion_dominante,bajo,no_requerida,train,equilibrio_sostenible,si,recomendaciones_mvp_v1.1,fincoah_mvp_co_v1.1,d807ed134561d539942894126cb5ca88e0f616f953e5b3cef4942ff96185d819
DEC_0128_06,PERF_0128,dentro_del_mvp,VEN_0128_3,2026-06-30,equilibrio_sostenible,REC_CREAR_MARGEN,Crear un margen pequeño y flexible antes de aumentar compromisos fijos.,prevencion,comprar_bicicleta,impresion_3d | cocina_y_reposteria,necesidades_esenciales | hobbies:impresion_3d | cocina_y_reposteria | meta:comprar_bicicleta,balance_B:2128000 | cobertura_L:4.7142 | variabilidad_V:0.0253 | deuda_J:-0.148,no_declarar_riesgo_solo_por_ingreso_variable | no_eliminar_hobbies_por_defecto | no_tratar_el_estado_como_identidad_permanente,sugerir,media,no,,"El estado equilibrio_sostenible describe únicamente la ventana hasta 2026-06-30 y se sustenta en balance, cobertura, recuperación, variabilidad y deuda.",VEN_0128_3 | balance_operativo_no_negativo | cobertura_esencial_superior_a_un_mes | recuperacion_consistente | inversion_productiva_observada | hobbies_identificados_sin_asumir_que_deban_eliminarse | sin_factor_de_atencion_dominante,bajo,no_requerida,train,equilibrio_sostenible,si,recomendaciones_mvp_v1.1,fincoah_mvp_co_v1.1,2c5e58390546df8e68d8a1ce9174a67aa0c811eed4f060960259045c84b56265
DEC_0129_04,PERF_0129,dentro_del_mvp,VEN_0129_1,2026-04-30,equilibrio_sostenible,REC_CREAR_MARGEN,Crear un margen pequeño y flexible antes de aumentar compromisos fijos.,prevencion,ampliar_actividad_economica,jardineria_y_agricultura_urbana,necesidades_esenciales | hobbies:jardineria_y_agricultura_urbana | meta:ampliar_actividad_economica,balance_B:547000 | cobertura_L:3.6725 | variabilidad_V:0.0 | deuda_J:-0.0451,no_declarar_riesgo_solo_por_ingreso_variable | no_eliminar_hobbies_por_defecto | no_tratar_el_estado_como_identidad_permanente,sugerir,media,no,,"El estado equilibrio_sostenible describe únicamente la ventana hasta 2026-04-30 y se sustenta en balance, cobertura, recuperación, variabilidad y deuda.",VEN_0129_1 | balance_operativo_no_negativo | cobertura_esencial_superior_a_un_mes | hobbies_identificados_sin_asumir_que_deban_eliminarse | sin_factor_de_atencion_dominante,bajo,no_requerida,train,variable_resiliente,si,recomendaciones_mvp_v1.1,fincoah_mvp_co_v1.1,7f113412643ad0e350d017f24563a6f68efb7d639d5a215209e6d3325e40dae8
DEC_0129_05,PERF_0129,dentro_del_mvp,VEN_0129_2,2026-05-31,variable_resiliente,REC_RESERVA_PICOS,Reservar parte de los meses altos para cubrir los periodos de menor ingreso sin tratar la variabilidad como falla.,gestion_ingreso_variable,ampliar_actividad_economica,jardineria_y_agricultura_urbana,necesidades_esenciales | hobbies:jardineria_y_agricultura_urbana | meta:ampliar_actividad_economica,balance_B:-1457000 | cobertura_L:2.6871 | variabilidad_V:0.1571 | deuda_J:-0.0451,no_declarar_riesgo_solo_por_ingreso_variable | no_eliminar_hobbies_por_defecto | no_tratar_el_estado_como_identidad_permanente,aplicar,alta,no,,"El estado variable_resiliente describe únicamente la ventana hasta 2026-05-31 y se sustenta en balance, cobertura, recuperación, variabilidad y deuda.",VEN_0129_2 | cobertura_esencial_superior_a_un_mes | recuperacion_consistente | inversion_productiva_observada | hobbies_identificados_sin_asumir_que_deban_eliminarse | balance_operativo_negativo | recuperacion_demora_mas_de_20_dias,bajo,no_requerida,train,variable_resiliente,si,recomendaciones_mvp_v1.1,fincoah_mvp_co_v1.1,40e0ed6e64119efb33370f9b362a2c033502804d29864f9b72b39710a26029ee
DEC_0129_06,PERF_0129,dentro_del_mvp,VEN_0129_3,2026-06-30,variable_resiliente,REC_RESERVA_PICOS,Reservar parte de los meses altos para cubrir los periodos de menor ingreso sin tratar la variabilidad como falla.,gestion_ingreso_variable,ampliar_actividad_economica,jardineria_y_agricultura_urbana,necesidades_esenciales | hobbies:jardineria_y_agricultura_urbana | meta:ampliar_actividad_economica,balance_B:-3320000 | cobertura_L:2.0826 | variabilidad_V:0.1462 | deuda_J:-0.0771,no_declarar_riesgo_solo_por_ingreso_variable | no_eliminar_hobbies_por_defecto | no_tratar_el_estado_como_identidad_permanente,aplicar,alta,no,,"El estado variable_resiliente describe únicamente la ventana hasta 2026-06-30 y se sustenta en balance, cobertura, recuperación, variabilidad y deuda.",VEN_0129_3 | cobertura_esencial_superior_a_un_mes | inversion_productiva_observada | hobbies_identificados_sin_asumir_que_deban_eliminarse | balance_operativo_negativo | recuperacion_demora_mas_de_20_dias,bajo,no_requerida,train,variable_resiliente,si,recomendaciones_mvp_v1.1,fincoah_mvp_co_v1.1,ef6ee520d29a34152975d234359befa420f42f131448fa0a4ebdadf63553fe9b
DEC_0130_04,PERF_0130,dentro_del_mvp,VEN_0130_1,2026-04-30,acumulacion_estable,REC_MANTENER_ACUMULACION,Mantener el patrón actual y separar automáticamente una parte del excedente para la meta declarada.,mantenimiento_y_ahorro,mejorar_vivienda,ciclismo | pintura,necesidades_esenciales | hobbies:ciclismo | pintura | meta:mejorar_vivienda,balance_B:3475000 | cobertura_L:7.8837 | variabilidad_V:0.0 | deuda_J:0.0,no_declarar_riesgo_solo_por_ingreso_variable | no_eliminar_hobbies_por_defecto | no_tratar_el_estado_como_identidad_permanente,aplicar,media,no,,"El estado acumulacion_estable describe únicamente la ventana hasta 2026-04-30 y se sustenta en balance, cobertura, recuperación, variabilidad y deuda.",VEN_0130_1 | balance_operativo_no_negativo | cobertura_esencial_superior_a_un_mes | recuperacion_consistente | inversion_productiva_observada | hobbies_identificados_sin_asumir_que_deban_eliminarse | sin_factor_de_atencion_dominante,bajo,no_requerida,train,uso_planificado_reserva,si,recomendaciones_mvp_v1.1,fincoah_mvp_co_v1.1,f38a8db5676e164d77dd50e7c0ec0c93896f3a20f29f2d73ec95c3e5b50949c4
DEC_0130_05,PERF_0130,dentro_del_mvp,VEN_0130_2,2026-05-31,uso_planificado_reserva,REC_VIGILAR_RESERVA,Mantener el gasto alineado con la meta y revisar que la reserva conserve cobertura suficiente durante el siguiente cierre.,seguimiento_meta,mejorar_vivienda,ciclismo | pintura,necesidades_esenciales | hobbies:ciclismo | pintura | meta:mejorar_vivienda,balance_B:-2973000 | cobertura_L:2.6983 | variabilidad_V:0.2813 | deuda_J:-0.1279,no_declarar_riesgo_solo_por_ingreso_variable | no_eliminar_hobbies_por_defecto | no_tratar_el_estado_como_identidad_permanente,sugerir,media,no,,"El estado uso_planificado_reserva describe únicamente la ventana hasta 2026-05-31 y se sustenta en balance, cobertura, recuperación, variabilidad y deuda.",VEN_0130_2 | cobertura_esencial_superior_a_un_mes | inversion_productiva_observada | hobbies_identificados_sin_asumir_que_deban_eliminarse | balance_operativo_negativo | recuperacion_demora_mas_de_20_dias,bajo,no_requerida,train,uso_planificado_reserva,si,recomendaciones_mvp_v1.1,fincoah_mvp_co_v1.1,f3f76d2bcd4f69f98ed854694b64bc1b58fca07e4e2887963d7d89e1f4f1ac96
DEC_0130_06,PERF_0130,dentro_del_mvp,VEN_0130_3,2026-06-30,uso_planificado_reserva,REC_VIGILAR_RESERVA,Mantener el gasto alineado con la meta y revisar que la reserva conserve cobertura suficiente durante el siguiente cierre.,seguimiento_meta,mejorar_vivienda,ciclismo | pintura,necesidades_esenciales | hobbies:ciclismo | pintura | meta:mejorar_vivienda,balance_B:-9444000 | cobertura_L:1.222 | variabilidad_V:0.2941 | deuda_J:-0.2915,no_declarar_riesgo_solo_por_ingreso_variable | no_eliminar_hobbies_por_defecto | no_tratar_el_estado_como_identidad_permanente,sugerir,media,no,,"El estado uso_planificado_reserva describe únicamente la ventana hasta 2026-06-30 y se sustenta en balance, cobertura, recuperación, variabilidad y deuda.",VEN_0130_3 | cobertura_esencial_superior_a_un_mes | inversion_productiva_observada | hobbies_identificados_sin_asumir_que_deban_eliminarse | balance_operativo_negativo | recuperacion_demora_mas_de_20_dias,bajo,no_requerida,train,uso_planificado_reserva,si,recomendaciones_mvp_v1.1,fincoah_mvp_co_v1.1,1679576c9ec9aa0f6dcd88d8d596c90143144f0f28b97a776b918461d9d5caf9
DEC_0131_04,PERF_0131,dentro_del_mvp,VEN_0131_1,2026-04-30,equilibrio_sostenible,REC_CREAR_MARGEN,Crear un margen pequeño y flexible antes de aumentar compromisos fijos.,prevencion,crear_fondo_emergencia,pintura,necesidades_esenciales | hobbies:pintura | meta:crear_fondo_emergencia,balance_B:-139000 | cobertura_L:4.2216 | variabilidad_V:0.0 | deuda_J:0.0,no_declarar_riesgo_solo_por_ingreso_variable | no_eliminar_hobbies_por_defecto | no_tratar_el_estado_como_identidad_permanente,sugerir,media,no,,"El estado equilibrio_sostenible describe únicamente la ventana hasta 2026-04-30 y se sustenta en balance, cobertura, recuperación, variabilidad y deuda.",VEN_0131_1 | cobertura_esencial_superior_a_un_mes | inversion_productiva_observada | hobbies_identificados_sin_asumir_que_deban_eliminarse | balance_operativo_negativo,bajo,no_requerida,train,deterioro_reciente,si,recomendaciones_mvp_v1.1,fincoah_mvp_co_v1.1,4389a482bdb7fae9f18678f441ccff826da44c09b4fd63b4c14308f398bd3ddc
DEC_0131_05,PERF_0131,dentro_del_mvp,VEN_0131_2,2026-05-31,equilibrio_sostenible,REC_CREAR_MARGEN,Crear un margen pequeño y flexible antes de aumentar compromisos fijos.,prevencion,crear_fondo_emergencia,pintura,necesidades_esenciales | hobbies:pintura | meta:crear_fondo_emergencia,balance_B:1251000 | cobertura_L:4.5623 | variabilidad_V:0.0726 | deuda_J:-0.0646,no_declarar_riesgo_solo_por_ingreso_variable | no_eliminar_hobbies_por_defecto | no_tratar_el_estado_como_identidad_permanente,sugerir,media,no,,"El estado equilibrio_sostenible describe únicamente la ventana hasta 2026-05-31 y se sustenta en balance, cobertura, recuperación, variabilidad y deuda.",VEN_0131_2 | balance_operativo_no_negativo | cobertura_esencial_superior_a_un_mes | recuperacion_consistente | inversion_productiva_observada | hobbies_identificados_sin_asumir_que_deban_eliminarse | recuperacion_demora_mas_de_20_dias,bajo,no_requerida,train,deterioro_reciente,si,recomendaciones_mvp_v1.1,fincoah_mvp_co_v1.1,b15745e0195e65077837bca52d387fa7ac72c1795db33359a89e7d1eb54d464b
DEC_0131_06,PERF_0131,dentro_del_mvp,VEN_0131_3,2026-06-30,deterioro_reciente,REC_REVISAR_CAMBIO_RECIENTE,Revisar el cambio reciente en ingresos y compromisos antes de modificar gastos personales valiosos.,diagnostico,crear_fondo_emergencia,pintura,necesidades_esenciales | hobbies:pintura | meta:crear_fondo_emergencia,balance_B:-5087000 | cobertura_L:3.1091 | variabilidad_V:0.1367 | deuda_J:-0.2397,no_declarar_riesgo_solo_por_ingreso_variable | no_eliminar_hobbies_por_defecto | no_tratar_el_estado_como_identidad_permanente,solicitar_contexto,alta,si,¿Ocurrió algún cambio puntual en tus ingresos o compromisos durante este cierre?,"El estado deterioro_reciente describe únicamente la ventana hasta 2026-06-30 y se sustenta en balance, cobertura, recuperación, variabilidad y deuda.",VEN_0131_3 | cobertura_esencial_superior_a_un_mes | recuperacion_consistente | inversion_productiva_observada | hobbies_identificados_sin_asumir_que_deban_eliminarse | balance_operativo_negativo | recuperacion_demora_mas_de_20_dias,podria_reducir_bienestar_o_desconocer_el_contexto,no_requerida,train,deterioro_reciente,si,recomendaciones_mvp_v1.1,fincoah_mvp_co_v1.1,e6a10b761fe57e938befe291f953d97556d5ec9c00bf07c58f25daf9f0cb7c12
DEC_0132_04,PERF_0132,dentro_del_mvp,VEN_0132_1,2026-04-30,deterioro_reciente,REC_REVISAR_CAMBIO_RECIENTE,Revisar el cambio reciente en ingresos y compromisos antes de modificar gastos personales valiosos.,diagnostico,pagar_deuda,cocina_y_reposteria,necesidades_esenciales | hobbies:cocina_y_reposteria | meta:pagar_deuda,balance_B:-3148000 | cobertura_L:0.0 | variabilidad_V:0.0 | deuda_J:-0.0263,no_declarar_riesgo_solo_por_ingreso_variable | no_eliminar_hobbies_por_defecto | no_tratar_el_estado_como_identidad_permanente,solicitar_contexto,alta,si,¿Ocurrió algún cambio puntual en tus ingresos o compromisos durante este cierre?,"El estado deterioro_reciente describe únicamente la ventana hasta 2026-04-30 y se sustenta en balance, cobertura, recuperación, variabilidad y deuda.",VEN_0132_1 | hobbies_identificados_sin_asumir_que_deban_eliminarse | balance_operativo_negativo | cobertura_esencial_reducida | recuperacion_demora_mas_de_20_dias,podria_reducir_bienestar_o_desconocer_el_contexto,no_requerida,test,fragilidad_sostenida,si,recomendaciones_mvp_v1.1,fincoah_mvp_co_v1.1,2826ec1372520de5a733170f72cb29420a15ab375137388616dfea0679233acf
DEC_0132_05,PERF_0132,dentro_del_mvp,VEN_0132_2,2026-05-31,fragilidad_sostenida,REC_PRIORIZAR_COBERTURA,"Priorizar vivienda, alimentación, salud y servicios; revisar opciones de renegociación de deuda sin eliminar automáticamente los hobbies.",proteccion_esencial,pagar_deuda,cocina_y_reposteria,necesidades_esenciales | hobbies:cocina_y_reposteria | meta:pagar_deuda,balance_B:-9114000 | cobertura_L:0.0 | variabilidad_V:0.1144 | deuda_J:-0.0057,no_declarar_riesgo_solo_por_ingreso_variable | no_eliminar_hobbies_por_defecto | no_tratar_el_estado_como_identidad_permanente,aplicar,alta,no,,"El estado fragilidad_sostenida describe únicamente la ventana hasta 2026-05-31 y se sustenta en balance, cobertura, recuperación, variabilidad y deuda.",VEN_0132_2 | inversion_productiva_observada | hobbies_identificados_sin_asumir_que_deban_eliminarse | balance_operativo_negativo | cobertura_esencial_reducida | recuperacion_demora_mas_de_20_dias,podria_reducir_bienestar_o_desconocer_el_contexto,no_requerida,test,fragilidad_sostenida,si,recomendaciones_mvp_v1.1,fincoah_mvp_co_v1.1,144bfbb971f288862d951ef9e38eafd48f0da0de4fd429062766f4800d22fc15
DEC_0132_06,PERF_0132,dentro_del_mvp,VEN_0132_3,2026-06-30,fragilidad_sostenida,REC_PRIORIZAR_COBERTURA,"Priorizar vivienda, alimentación, salud y servicios; revisar opciones de renegociación de deuda sin eliminar automáticamente los hobbies.",proteccion_esencial,pagar_deuda,cocina_y_reposteria,necesidades_esenciales | hobbies:cocina_y_reposteria | meta:pagar_deuda,balance_B:-15052000 | cobertura_L:0.0 | variabilidad_V:0.11 | deuda_J:0.0296,no_declarar_riesgo_solo_por_ingreso_variable | no_eliminar_hobbies_por_defecto | no_tratar_el_estado_como_identidad_permanente,aplicar,alta,no,,"El estado fragilidad_sostenida describe únicamente la ventana hasta 2026-06-30 y se sustenta en balance, cobertura, recuperación, variabilidad y deuda.",VEN_0132_3 | inversion_productiva_observada | hobbies_identificados_sin_asumir_que_deban_eliminarse | balance_operativo_negativo | cobertura_esencial_reducida | recuperacion_demora_mas_de_20_dias,podria_reducir_bienestar_o_desconocer_el_contexto,no_requerida,test,fragilidad_sostenida,si,recomendaciones_mvp_v1.1,fincoah_mvp_co_v1.1,e8faa944cf6394f00204e6ede3597a31a2363be7601498c8d0b9c44e252455b3
DEC_0133_04,PERF_0133,dentro_del_mvp,VEN_0133_1,2026-04-30,fragilidad_sostenida,REC_PRIORIZAR_COBERTURA,"Priorizar vivienda, alimentación, salud y servicios; revisar opciones de renegociación de deuda sin eliminar automáticamente los hobbies.",proteccion_esencial,comprar_bicicleta,manualidades_y_artesanias,necesidades_esenciales | hobbies:manualidades_y_artesanias | meta:comprar_bicicleta,balance_B:-7689000 | cobertura_L:0.0 | variabilidad_V:0.0 | deuda_J:0.0229,no_declarar_riesgo_solo_por_ingreso_variable | no_eliminar_hobbies_por_defecto | no_tratar_el_estado_como_identidad_permanente,aplicar,alta,no,,"El estado fragilidad_sostenida describe únicamente la ventana hasta 2026-04-30 y se sustenta en balance, cobertura, recuperación, variabilidad y deuda.",VEN_0133_1 | inversion_productiva_observada | hobbies_identificados_sin_asumir_que_deban_eliminarse | balance_operativo_negativo | cobertura_esencial_reducida | recuperacion_demora_mas_de_20_dias,podria_reducir_bienestar_o_desconocer_el_contexto,no_requerida,test,situacion_critica,si,recomendaciones_mvp_v1.1,fincoah_mvp_co_v1.1,9636c66a3e05711a83e85ac650c0a557b11ec8102f3f783b6a3f4fd82046dc24
DEC_0133_05,PERF_0133,dentro_del_mvp,VEN_0133_2,2026-05-31,situacion_critica,REC_PLAN_CONTENCION,Activar un plan de contención centrado en necesidades esenciales y solicitar revisión humana para deuda y liquidez.,contencion_y_revision,comprar_bicicleta,manualidades_y_artesanias,necesidades_esenciales | hobbies:manualidades_y_artesanias | meta:comprar_bicicleta,balance_B:-18923000 | cobertura_L:0.0 | variabilidad_V:0.1374 | deuda_J:0.1441,no_declarar_riesgo_solo_por_ingreso_variable | no_eliminar_hobbies_por_defecto | no_tratar_el_estado_como_identidad_permanente,aplicar,critica,no,,"El estado situacion_critica describe únicamente la ventana hasta 2026-05-31 y se sustenta en balance, cobertura, recuperación, variabilidad y deuda.",VEN_0133_2 | inversion_productiva_observada | hobbies_identificados_sin_asumir_que_deban_eliminarse | balance_operativo_negativo | cobertura_esencial_reducida | deuda_creciente | recuperacion_demora_mas_de_20_dias,podria_reducir_bienestar_o_desconocer_el_contexto,requerida,test,situacion_critica,si,recomendaciones_mvp_v1.1,fincoah_mvp_co_v1.1,b48824070022d26a2c3e95670457a55743b957b59bd8d0bb089bdd54952b6cbc
DEC_0133_06,PERF_0133,dentro_del_mvp,VEN_0133_3,2026-06-30,situacion_critica,REC_PLAN_CONTENCION,Activar un plan de contención centrado en necesidades esenciales y solicitar revisión humana para deuda y liquidez.,contencion_y_revision,comprar_bicicleta,manualidades_y_artesanias,necesidades_esenciales | hobbies:manualidades_y_artesanias | meta:comprar_bicicleta,balance_B:-29772000 | cobertura_L:0.0 | variabilidad_V:0.112 | deuda_J:0.2653,no_declarar_riesgo_solo_por_ingreso_variable | no_eliminar_hobbies_por_defecto | no_tratar_el_estado_como_identidad_permanente,aplicar,critica,no,,"El estado situacion_critica describe únicamente la ventana hasta 2026-06-30 y se sustenta en balance, cobertura, recuperación, variabilidad y deuda.",VEN_0133_3 | inversion_productiva_observada | hobbies_identificados_sin_asumir_que_deban_eliminarse | balance_operativo_negativo | cobertura_esencial_reducida | deuda_creciente | recuperacion_demora_mas_de_20_dias,podria_reducir_bienestar_o_desconocer_el_contexto,requerida,test,situacion_critica,si,recomendaciones_mvp_v1.1,fincoah_mvp_co_v1.1,ce7d5eef952a36244f4054570b9ce5e9186532cc9eaf86ae1e5129aae0015dbd
DEC_0134_04,PERF_0134,dentro_del_mvp,VEN_0134_1,2026-04-30,acumulacion_estable,REC_MANTENER_ACUMULACION,Mantener el patrón actual y separar automáticamente una parte del excedente para la meta declarada.,mantenimiento_y_ahorro,comprar_equipo_de_trabajo,musica | cocina_y_reposteria,necesidades_esenciales | hobbies:musica | cocina_y_reposteria | meta:comprar_equipo_de_trabajo,balance_B:1793000 | cobertura_L:2.8157 | variabilidad_V:0.0 | deuda_J:0.0,no_declarar_riesgo_solo_por_ingreso_variable | no_eliminar_hobbies_por_defecto | no_tratar_el_estado_como_identidad_permanente,aplicar,media,no,,"El estado acumulacion_estable describe únicamente la ventana hasta 2026-04-30 y se sustenta en balance, cobertura, recuperación, variabilidad y deuda.",VEN_0134_1 | balance_operativo_no_negativo | cobertura_esencial_superior_a_un_mes | inversion_productiva_observada | hobbies_identificados_sin_asumir_que_deban_eliminarse | sin_factor_de_atencion_dominante,bajo,no_requerida,train,acumulacion_estable,si,recomendaciones_mvp_v1.1,fincoah_mvp_co_v1.1,18798c653d03f808e8cb7bdd87b03628d293c7c8b072a4996583d95dc9c6bab0
DEC_0134_05,PERF_0134,dentro_del_mvp,VEN_0134_2,2026-05-31,acumulacion_estable,REC_MANTENER_ACUMULACION,Mantener el patrón actual y separar automáticamente una parte del excedente para la meta declarada.,mantenimiento_y_ahorro,comprar_equipo_de_trabajo,musica | cocina_y_reposteria,necesidades_esenciales | hobbies:musica | cocina_y_reposteria | meta:comprar_equipo_de_trabajo,balance_B:3804000 | cobertura_L:3.9339 | variabilidad_V:0.0235 | deuda_J:0.0,no_declarar_riesgo_solo_por_ingreso_variable | no_eliminar_hobbies_por_defecto | no_tratar_el_estado_como_identidad_permanente,aplicar,media,no,,"El estado acumulacion_estable describe únicamente la ventana hasta 2026-05-31 y se sustenta en balance, cobertura, recuperación, variabilidad y deuda.",VEN_0134_2 | balance_operativo_no_negativo | cobertura_esencial_superior_a_un_mes | recuperacion_consistente | inversion_productiva_observada | hobbies_identificados_sin_asumir_que_deban_eliminarse | sin_factor_de_atencion_dominante,bajo,no_requerida,train,acumulacion_estable,si,recomendaciones_mvp_v1.1,fincoah_mvp_co_v1.1,18384ddc0d1a66a0547c68046c2a543921bc44f13d459a4c8244a1c89a67c0c5
DEC_0134_06,PERF_0134,dentro_del_mvp,VEN_0134_3,2026-06-30,acumulacion_estable,REC_MANTENER_ACUMULACION,Mantener el patrón actual y separar automáticamente una parte del excedente para la meta declarada.,mantenimiento_y_ahorro,comprar_equipo_de_trabajo,musica | cocina_y_reposteria,necesidades_esenciales | hobbies:musica | cocina_y_reposteria | meta:comprar_equipo_de_trabajo,balance_B:5615000 | cobertura_L:5.2647 | variabilidad_V:0.0214 | deuda_J:0.0,no_declarar_riesgo_solo_por_ingreso_variable | no_eliminar_hobbies_por_defecto | no_tratar_el_estado_como_identidad_permanente,aplicar,media,no,,"El estado acumulacion_estable describe únicamente la ventana hasta 2026-06-30 y se sustenta en balance, cobertura, recuperación, variabilidad y deuda.",VEN_0134_3 | balance_operativo_no_negativo | cobertura_esencial_superior_a_un_mes | recuperacion_consistente | inversion_productiva_observada | hobbies_identificados_sin_asumir_que_deban_eliminarse | sin_factor_de_atencion_dominante,bajo,no_requerida,train,acumulacion_estable,si,recomendaciones_mvp_v1.1,fincoah_mvp_co_v1.1,140c765124c2219e6e8cc941c03f939fc6ae26eb7152c6c9f5ee196f4979ba66
DEC_0135_04,PERF_0135,dentro_del_mvp,VEN_0135_1,2026-04-30,equilibrio_sostenible,REC_CREAR_MARGEN,Crear un margen pequeño y flexible antes de aumentar compromisos fijos.,prevencion,pagar_deuda,fotografia_y_video,necesidades_esenciales | hobbies:fotografia_y_video | meta:pagar_deuda,balance_B:-152000 | cobertura_L:3.89 | variabilidad_V:0.0 | deuda_J:0.0,no_declarar_riesgo_solo_por_ingreso_variable | no_eliminar_hobbies_por_defecto | no_tratar_el_estado_como_identidad_permanente,sugerir,media,no,,"El estado equilibrio_sostenible describe únicamente la ventana hasta 2026-04-30 y se sustenta en balance, cobertura, recuperación, variabilidad y deuda.",VEN_0135_1 | cobertura_esencial_superior_a_un_mes | recuperacion_consistente | inversion_productiva_observada | hobbies_identificados_sin_asumir_que_deban_eliminarse | balance_operativo_negativo,bajo,no_requerida,train,equilibrio_sostenible,si,recomendaciones_mvp_v1.1,fincoah_mvp_co_v1.1,036c174a828c1d4babd71e8416f3482a935b5acb315592304445cdf94b86ea47
DEC_0135_05,PERF_0135,dentro_del_mvp,VEN_0135_2,2026-05-31,equilibrio_sostenible,REC_CREAR_MARGEN,Crear un margen pequeño y flexible antes de aumentar compromisos fijos.,prevencion,pagar_deuda,fotografia_y_video,necesidades_esenciales | hobbies:fotografia_y_video | meta:pagar_deuda,balance_B:-262000 | cobertura_L:3.6904 | variabilidad_V:0.0078 | deuda_J:0.0,no_declarar_riesgo_solo_por_ingreso_variable | no_eliminar_hobbies_por_defecto | no_tratar_el_estado_como_identidad_permanente,sugerir,media,no,,"El estado equilibrio_sostenible describe únicamente la ventana hasta 2026-05-31 y se sustenta en balance, cobertura, recuperación, variabilidad y deuda.",VEN_0135_2 | cobertura_esencial_superior_a_un_mes | recuperacion_consistente | inversion_productiva_observada | hobbies_identificados_sin_asumir_que_deban_eliminarse | balance_operativo_negativo | recuperacion_demora_mas_de_20_dias,bajo,no_requerida,train,equilibrio_sostenible,si,recomendaciones_mvp_v1.1,fincoah_mvp_co_v1.1,3f73649f75838a49801c8a0490d93453c15c96de8ad04c19a8e583135ab8f38c
DEC_0135_06,PERF_0135,dentro_del_mvp,VEN_0135_3,2026-06-30,equilibrio_sostenible,REC_CREAR_MARGEN,Crear un margen pequeño y flexible antes de aumentar compromisos fijos.,prevencion,pagar_deuda,fotografia_y_video,necesidades_esenciales | hobbies:fotografia_y_video | meta:pagar_deuda,balance_B:-38000 | cobertura_L:4.1562 | variabilidad_V:0.0598 | deuda_J:0.0,no_declarar_riesgo_solo_por_ingreso_variable | no_eliminar_hobbies_por_defecto | no_tratar_el_estado_como_identidad_permanente,sugerir,media,no,,"El estado equilibrio_sostenible describe únicamente la ventana hasta 2026-06-30 y se sustenta en balance, cobertura, recuperación, variabilidad y deuda.",VEN_0135_3 | cobertura_esencial_superior_a_un_mes | recuperacion_consistente | inversion_productiva_observada | hobbies_identificados_sin_asumir_que_deban_eliminarse | balance_operativo_negativo | recuperacion_demora_mas_de_20_dias,bajo,no_requerida,train,equilibrio_sostenible,si,recomendaciones_mvp_v1.1,fincoah_mvp_co_v1.1,f71d87882fc0f1e9289d87b963305383857e5b77aaaa92806d88d189d740c20d
DEC_0136_04,PERF_0136,dentro_del_mvp,VEN_0136_1,2026-04-30,equilibrio_sostenible,REC_CREAR_MARGEN,Crear un margen pequeño y flexible antes de aumentar compromisos fijos.,prevencion,comprar_bicicleta,videojuegos_y_streaming | turismo_y_viajes,necesidades_esenciales | hobbies:videojuegos_y_streaming | turismo_y_viajes | meta:comprar_bicicleta,balance_B:65000 | cobertura_L:2.534 | variabilidad_V:0.0 | deuda_J:0.1126,no_declarar_riesgo_solo_por_ingreso_variable | no_eliminar_hobbies_por_defecto | no_tratar_el_estado_como_identidad_permanente,sugerir,media,no,,"El estado equilibrio_sostenible describe únicamente la ventana hasta 2026-04-30 y se sustenta en balance, cobertura, recuperación, variabilidad y deuda.",VEN_0136_1 | balance_operativo_no_negativo | cobertura_esencial_superior_a_un_mes | inversion_productiva_observada | hobbies_identificados_sin_asumir_que_deban_eliminarse | deuda_creciente,bajo,no_requerida,train,variable_resiliente,si,recomendaciones_mvp_v1.1,fincoah_mvp_co_v1.1,1615d7385b5697776f0b0f127072643284b47eb1e12b9a1134548816ac97506d
DEC_0136_05,PERF_0136,dentro_del_mvp,VEN_0136_2,2026-05-31,variable_resiliente,REC_RESERVA_PICOS,Reservar parte de los meses altos para cubrir los periodos de menor ingreso sin tratar la variabilidad como falla.,gestion_ingreso_variable,comprar_bicicleta,videojuegos_y_streaming | turismo_y_viajes,necesidades_esenciales | hobbies:videojuegos_y_streaming | turismo_y_viajes | meta:comprar_bicicleta,balance_B:2932000 | cobertura_L:4.5418 | variabilidad_V:0.1775 | deuda_J:0.0951,no_declarar_riesgo_solo_por_ingreso_variable | no_eliminar_hobbies_por_defecto | no_tratar_el_estado_como_identidad_permanente,aplicar,alta,no,,"El estado variable_resiliente describe únicamente la ventana hasta 2026-05-31 y se sustenta en balance, cobertura, recuperación, variabilidad y deuda.",VEN_0136_2 | balance_operativo_no_negativo | cobertura_esencial_superior_a_un_mes | recuperacion_consistente | inversion_productiva_observada | hobbies_identificados_sin_asumir_que_deban_eliminarse | deuda_creciente,bajo,no_requerida,train,variable_resiliente,si,recomendaciones_mvp_v1.1,fincoah_mvp_co_v1.1,14f7844f509e674cb9a29a4688626b98931243977383257cab376c9d1f337ddc
DEC_0136_06,PERF_0136,dentro_del_mvp,VEN_0136_3,2026-06-30,variable_resiliente,REC_RESERVA_PICOS,Reservar parte de los meses altos para cubrir los periodos de menor ingreso sin tratar la variabilidad como falla.,gestion_ingreso_variable,comprar_bicicleta,videojuegos_y_streaming | turismo_y_viajes,necesidades_esenciales | hobbies:videojuegos_y_streaming | turismo_y_viajes | meta:comprar_bicicleta,balance_B:5810000 | cobertura_L:6.9838 | variabilidad_V:0.1584 | deuda_J:0.1711,no_declarar_riesgo_solo_por_ingreso_variable | no_eliminar_hobbies_por_defecto | no_tratar_el_estado_como_identidad_permanente,aplicar,alta,no,,"El estado variable_resiliente describe únicamente la ventana hasta 2026-06-30 y se sustenta en balance, cobertura, recuperación, variabilidad y deuda.",VEN_0136_3 | balance_operativo_no_negativo | cobertura_esencial_superior_a_un_mes | recuperacion_consistente | inversion_productiva_observada | hobbies_identificados_sin_asumir_que_deban_eliminarse | deuda_creciente,bajo,no_requerida,train,variable_resiliente,si,recomendaciones_mvp_v1.1,fincoah_mvp_co_v1.1,56ef64a14b0ef4a932560cf10ec52cf3b7c720fbc7ac70d1620d12b03e88fba9
DEC_0137_04,PERF_0137,dentro_del_mvp,VEN_0137_1,2026-04-30,acumulacion_estable,REC_MANTENER_ACUMULACION,Mantener el patrón actual y separar automáticamente una parte del excedente para la meta declarada.,mantenimiento_y_ahorro,comprar_equipo_de_trabajo,turismo_y_viajes | fotografia_y_video,necesidades_esenciales | hobbies:turismo_y_viajes | fotografia_y_video | meta:comprar_equipo_de_trabajo,balance_B:1278000 | cobertura_L:9.4895 | variabilidad_V:0.0 | deuda_J:0.0,no_declarar_riesgo_solo_por_ingreso_variable | no_eliminar_hobbies_por_defecto | no_tratar_el_estado_como_identidad_permanente,aplicar,media,no,,"El estado acumulacion_estable describe únicamente la ventana hasta 2026-04-30 y se sustenta en balance, cobertura, recuperación, variabilidad y deuda.",VEN_0137_1 | balance_operativo_no_negativo | cobertura_esencial_superior_a_un_mes | recuperacion_consistente | inversion_productiva_observada | hobbies_identificados_sin_asumir_que_deban_eliminarse | sin_factor_de_atencion_dominante,bajo,no_requerida,train,uso_planificado_reserva,si,recomendaciones_mvp_v1.1,fincoah_mvp_co_v1.1,090974135c1c69d78c0fd6ebb80137be95399fb3736c5f9eeb081620f392260e
DEC_0137_05,PERF_0137,dentro_del_mvp,VEN_0137_2,2026-05-31,uso_planificado_reserva,REC_VIGILAR_RESERVA,Mantener el gasto alineado con la meta y revisar que la reserva conserve cobertura suficiente durante el siguiente cierre.,seguimiento_meta,comprar_equipo_de_trabajo,turismo_y_viajes | fotografia_y_video,necesidades_esenciales | hobbies:turismo_y_viajes | fotografia_y_video | meta:comprar_equipo_de_trabajo,balance_B:-2524000 | cobertura_L:3.1759 | variabilidad_V:0.2057 | deuda_J:0.1344,no_declarar_riesgo_solo_por_ingreso_variable | no_eliminar_hobbies_por_defecto | no_tratar_el_estado_como_identidad_permanente,sugerir,media,no,,"El estado uso_planificado_reserva describe únicamente la ventana hasta 2026-05-31 y se sustenta en balance, cobertura, recuperación, variabilidad y deuda.",VEN_0137_2 | cobertura_esencial_superior_a_un_mes | recuperacion_consistente | inversion_productiva_observada | hobbies_identificados_sin_asumir_que_deban_eliminarse | balance_operativo_negativo | deuda_creciente | recuperacion_demora_mas_de_20_dias,bajo,no_requerida,train,uso_planificado_reserva,si,recomendaciones_mvp_v1.1,fincoah_mvp_co_v1.1,8ddc01114f4a671ba5d538377ac5fb69311144f2d28cd20f891d66e28fdc56b6
DEC_0137_06,PERF_0137,dentro_del_mvp,VEN_0137_3,2026-06-30,uso_planificado_reserva,REC_VIGILAR_RESERVA,Mantener el gasto alineado con la meta y revisar que la reserva conserve cobertura suficiente durante el siguiente cierre.,seguimiento_meta,comprar_equipo_de_trabajo,turismo_y_viajes | fotografia_y_video,necesidades_esenciales | hobbies:turismo_y_viajes | fotografia_y_video | meta:comprar_equipo_de_trabajo,balance_B:-6130000 | cobertura_L:1.7049 | variabilidad_V:0.1895 | deuda_J:0.094,no_declarar_riesgo_solo_por_ingreso_variable | no_eliminar_hobbies_por_defecto | no_tratar_el_estado_como_identidad_permanente,sugerir,media,no,,"El estado uso_planificado_reserva describe únicamente la ventana hasta 2026-06-30 y se sustenta en balance, cobertura, recuperación, variabilidad y deuda.",VEN_0137_3 | cobertura_esencial_superior_a_un_mes | inversion_productiva_observada | hobbies_identificados_sin_asumir_que_deban_eliminarse | balance_operativo_negativo | deuda_creciente | recuperacion_demora_mas_de_20_dias,bajo,no_requerida,train,uso_planificado_reserva,si,recomendaciones_mvp_v1.1,fincoah_mvp_co_v1.1,06094a6c82c6099c44929677d7a74c0dd531c9122e59726f46a4e68cbdda16d4
DEC_0138_04,PERF_0138,dentro_del_mvp,VEN_0138_1,2026-04-30,equilibrio_sostenible,REC_CREAR_MARGEN,Crear un margen pequeño y flexible antes de aumentar compromisos fijos.,prevencion,comprar_equipo_de_trabajo,impresion_3d | cocina_y_reposteria,necesidades_esenciales | hobbies:impresion_3d | cocina_y_reposteria | meta:comprar_equipo_de_trabajo,balance_B:341000 | cobertura_L:5.137 | variabilidad_V:0.0 | deuda_J:-0.0388,no_declarar_riesgo_solo_por_ingreso_variable | no_eliminar_hobbies_por_defecto | no_tratar_el_estado_como_identidad_permanente,sugerir,media,no,,"El estado equilibrio_sostenible describe únicamente la ventana hasta 2026-04-30 y se sustenta en balance, cobertura, recuperación, variabilidad y deuda.",VEN_0138_1 | balance_operativo_no_negativo | cobertura_esencial_superior_a_un_mes | recuperacion_consistente | inversion_productiva_observada | hobbies_identificados_sin_asumir_que_deban_eliminarse | sin_factor_de_atencion_dominante,bajo,no_requerida,train,deterioro_reciente,si,recomendaciones_mvp_v1.1,fincoah_mvp_co_v1.1,455efb253feab95cdbd8c6872904dbcb097ed29d4a0a2f1f9407bb5be57bd554
DEC_0138_05,PERF_0138,dentro_del_mvp,VEN_0138_2,2026-05-31,equilibrio_sostenible,REC_CREAR_MARGEN,Crear un margen pequeño y flexible antes de aumentar compromisos fijos.,prevencion,comprar_equipo_de_trabajo,impresion_3d | cocina_y_reposteria,necesidades_esenciales | hobbies:impresion_3d | cocina_y_reposteria | meta:comprar_equipo_de_trabajo,balance_B:640000 | cobertura_L:5.1888 | variabilidad_V:0.005 | deuda_J:-0.0737,no_declarar_riesgo_solo_por_ingreso_variable | no_eliminar_hobbies_por_defecto | no_tratar_el_estado_como_identidad_permanente,sugerir,media,no,,"El estado equilibrio_sostenible describe únicamente la ventana hasta 2026-05-31 y se sustenta en balance, cobertura, recuperación, variabilidad y deuda.",VEN_0138_2 | balance_operativo_no_negativo | cobertura_esencial_superior_a_un_mes | inversion_productiva_observada | hobbies_identificados_sin_asumir_que_deban_eliminarse | sin_factor_de_atencion_dominante,bajo,no_requerida,train,deterioro_reciente,si,recomendaciones_mvp_v1.1,fincoah_mvp_co_v1.1,3e6bdcda13dd2f4133c5cecbe09704fcd12ec18a3ecd289ab52feccbb27b840f
DEC_0138_06,PERF_0138,dentro_del_mvp,VEN_0138_3,2026-06-30,deterioro_reciente,REC_REVISAR_CAMBIO_RECIENTE,Revisar el cambio reciente en ingresos y compromisos antes de modificar gastos personales valiosos.,diagnostico,comprar_equipo_de_trabajo,impresion_3d | cocina_y_reposteria,necesidades_esenciales | hobbies:impresion_3d | cocina_y_reposteria | meta:comprar_equipo_de_trabajo,balance_B:-1747000 | cobertura_L:3.6015 | variabilidad_V:0.1187 | deuda_J:-0.137,no_declarar_riesgo_solo_por_ingreso_variable | no_eliminar_hobbies_por_defecto | no_tratar_el_estado_como_identidad_permanente,solicitar_contexto,alta,si,¿Ocurrió algún cambio puntual en tus ingresos o compromisos durante este cierre?,"El estado deterioro_reciente describe únicamente la ventana hasta 2026-06-30 y se sustenta en balance, cobertura, recuperación, variabilidad y deuda.",VEN_0138_3 | cobertura_esencial_superior_a_un_mes | recuperacion_consistente | inversion_productiva_observada | hobbies_identificados_sin_asumir_que_deban_eliminarse | balance_operativo_negativo | recuperacion_demora_mas_de_20_dias,podria_reducir_bienestar_o_desconocer_el_contexto,no_requerida,train,deterioro_reciente,si,recomendaciones_mvp_v1.1,fincoah_mvp_co_v1.1,e1607bf0d7f708743de217ccaddf5422ba05f6267d20bc2e760dd3f08bc67d8b
DEC_0139_04,PERF_0139,dentro_del_mvp,VEN_0139_1,2026-04-30,deterioro_reciente,REC_REVISAR_CAMBIO_RECIENTE,Revisar el cambio reciente en ingresos y compromisos antes de modificar gastos personales valiosos.,diagnostico,ampliar_actividad_economica,jardineria_y_agricultura_urbana,necesidades_esenciales | hobbies:jardineria_y_agricultura_urbana | meta:ampliar_actividad_economica,balance_B:-1114000 | cobertura_L:0.0 | variabilidad_V:0.0 | deuda_J:-0.0186,no_declarar_riesgo_solo_por_ingreso_variable | no_eliminar_hobbies_por_defecto | no_tratar_el_estado_como_identidad_permanente,solicitar_contexto,alta,si,¿Ocurrió algún cambio puntual en tus ingresos o compromisos durante este cierre?,"El estado deterioro_reciente describe únicamente la ventana hasta 2026-04-30 y se sustenta en balance, cobertura, recuperación, variabilidad y deuda.",VEN_0139_1 | inversion_productiva_observada | hobbies_identificados_sin_asumir_que_deban_eliminarse | balance_operativo_negativo | cobertura_esencial_reducida | recuperacion_demora_mas_de_20_dias,podria_reducir_bienestar_o_desconocer_el_contexto,no_requerida,train,fragilidad_sostenida,si,recomendaciones_mvp_v1.1,fincoah_mvp_co_v1.1,ac82ecda87ee225c2bc28cd65c048a7e94940aa90f926f85e1d1026d5763ee61
DEC_0139_05,PERF_0139,dentro_del_mvp,VEN_0139_2,2026-05-31,fragilidad_sostenida,REC_PRIORIZAR_COBERTURA,"Priorizar vivienda, alimentación, salud y servicios; revisar opciones de renegociación de deuda sin eliminar automáticamente los hobbies.",proteccion_esencial,ampliar_actividad_economica,jardineria_y_agricultura_urbana,necesidades_esenciales | hobbies:jardineria_y_agricultura_urbana | meta:ampliar_actividad_economica,balance_B:-3282000 | cobertura_L:0.0 | variabilidad_V:0.141 | deuda_J:0.0101,no_declarar_riesgo_solo_por_ingreso_variable | no_eliminar_hobbies_por_defecto | no_tratar_el_estado_como_identidad_permanente,aplicar,alta,no,,"El estado fragilidad_sostenida describe únicamente la ventana hasta 2026-05-31 y se sustenta en balance, cobertura, recuperación, variabilidad y deuda.",VEN_0139_2 | inversion_productiva_observada | hobbies_identificados_sin_asumir_que_deban_eliminarse | balance_operativo_negativo | cobertura_esencial_reducida | recuperacion_demora_mas_de_20_dias,podria_reducir_bienestar_o_desconocer_el_contexto,no_requerida,train,fragilidad_sostenida,si,recomendaciones_mvp_v1.1,fincoah_mvp_co_v1.1,593c59a720bb13adeddf44daa62e49fd30276f0e7e41051993657aaa4e91b042
DEC_0139_06,PERF_0139,dentro_del_mvp,VEN_0139_3,2026-06-30,fragilidad_sostenida,REC_PRIORIZAR_COBERTURA,"Priorizar vivienda, alimentación, salud y servicios; revisar opciones de renegociación de deuda sin eliminar automáticamente los hobbies.",proteccion_esencial,ampliar_actividad_economica,jardineria_y_agricultura_urbana,necesidades_esenciales | hobbies:jardineria_y_agricultura_urbana | meta:ampliar_actividad_economica,balance_B:-5338000 | cobertura_L:0.0 | variabilidad_V:0.1197 | deuda_J:0.0789,no_declarar_riesgo_solo_por_ingreso_variable | no_eliminar_hobbies_por_defecto | no_tratar_el_estado_como_identidad_permanente,aplicar,alta,no,,"El estado fragilidad_sostenida describe únicamente la ventana hasta 2026-06-30 y se sustenta en balance, cobertura, recuperación, variabilidad y deuda.",VEN_0139_3 | inversion_productiva_observada | hobbies_identificados_sin_asumir_que_deban_eliminarse | balance_operativo_negativo | cobertura_esencial_reducida | deuda_creciente | recuperacion_demora_mas_de_20_dias,podria_reducir_bienestar_o_desconocer_el_contexto,no_requerida,train,fragilidad_sostenida,si,recomendaciones_mvp_v1.1,fincoah_mvp_co_v1.1,46c8563a8dd66df3351ae6be8d50de7d89b88596b81f8bb250fa65efcc7bb0d2
DEC_0140_04,PERF_0140,dentro_del_mvp,VEN_0140_1,2026-04-30,fragilidad_sostenida,REC_PRIORIZAR_COBERTURA,"Priorizar vivienda, alimentación, salud y servicios; revisar opciones de renegociación de deuda sin eliminar automáticamente los hobbies.",proteccion_esencial,mejorar_vivienda,ciclismo | manualidades_y_artesanias,necesidades_esenciales | hobbies:ciclismo | manualidades_y_artesanias | meta:mejorar_vivienda,balance_B:-3127000 | cobertura_L:0.0 | variabilidad_V:0.0 | deuda_J:0.0301,no_declarar_riesgo_solo_por_ingreso_variable | no_eliminar_hobbies_por_defecto | no_tratar_el_estado_como_identidad_permanente,aplicar,alta,no,,"El estado fragilidad_sostenida describe únicamente la ventana hasta 2026-04-30 y se sustenta en balance, cobertura, recuperación, variabilidad y deuda.",VEN_0140_1 | inversion_productiva_observada | hobbies_identificados_sin_asumir_que_deban_eliminarse | balance_operativo_negativo | cobertura_esencial_reducida | recuperacion_demora_mas_de_20_dias,podria_reducir_bienestar_o_desconocer_el_contexto,no_requerida,test,situacion_critica,si,recomendaciones_mvp_v1.1,fincoah_mvp_co_v1.1,490323b2ea72e8527cf38d1400e1da86652ba835e14af936ec61eaf2855d0be9
DEC_0140_05,PERF_0140,dentro_del_mvp,VEN_0140_2,2026-05-31,situacion_critica,REC_PLAN_CONTENCION,Activar un plan de contención centrado en necesidades esenciales y solicitar revisión humana para deuda y liquidez.,contencion_y_revision,mejorar_vivienda,ciclismo | manualidades_y_artesanias,necesidades_esenciales | hobbies:ciclismo | manualidades_y_artesanias | meta:mejorar_vivienda,balance_B:-7797000 | cobertura_L:0.0 | variabilidad_V:0.1262 | deuda_J:0.0057,no_declarar_riesgo_solo_por_ingreso_variable | no_eliminar_hobbies_por_defecto | no_tratar_el_estado_como_identidad_permanente,aplicar,critica,no,,"El estado situacion_critica describe únicamente la ventana hasta 2026-05-31 y se sustenta en balance, cobertura, recuperación, variabilidad y deuda.",VEN_0140_2 | inversion_productiva_observada | hobbies_identificados_sin_asumir_que_deban_eliminarse | balance_operativo_negativo | cobertura_esencial_reducida | recuperacion_demora_mas_de_20_dias,podria_reducir_bienestar_o_desconocer_el_contexto,requerida,test,situacion_critica,si,recomendaciones_mvp_v1.1,fincoah_mvp_co_v1.1,c39eff77cb56a1cda410f2a20275e307ca1e19a852293824bb47b8c235668bee
DEC_0140_06,PERF_0140,dentro_del_mvp,VEN_0140_3,2026-06-30,situacion_critica,REC_PLAN_CONTENCION,Activar un plan de contención centrado en necesidades esenciales y solicitar revisión humana para deuda y liquidez.,contencion_y_revision,mejorar_vivienda,ciclismo | manualidades_y_artesanias,necesidades_esenciales | hobbies:ciclismo | manualidades_y_artesanias | meta:mejorar_vivienda,balance_B:-12437000 | cobertura_L:0.0 | variabilidad_V:0.1181 | deuda_J:0.0129,no_declarar_riesgo_solo_por_ingreso_variable | no_eliminar_hobbies_por_defecto | no_tratar_el_estado_como_identidad_permanente,aplicar,critica,no,,"El estado situacion_critica describe únicamente la ventana hasta 2026-06-30 y se sustenta en balance, cobertura, recuperación, variabilidad y deuda.",VEN_0140_3 | inversion_productiva_observada | hobbies_identificados_sin_asumir_que_deban_eliminarse | balance_operativo_negativo | cobertura_esencial_reducida | recuperacion_demora_mas_de_20_dias,podria_reducir_bienestar_o_desconocer_el_contexto,requerida,test,situacion_critica,si,recomendaciones_mvp_v1.1,fincoah_mvp_co_v1.1,0bb30ae0332d4a1eb2d4845252e3d82ac110b2b1b11c717667144c6dd2f7e775
DEC_0141_04,PERF_0141,dentro_del_mvp,VEN_0141_1,2026-04-30,acumulacion_estable,REC_MANTENER_ACUMULACION,Mantener el patrón actual y separar automáticamente una parte del excedente para la meta declarada.,mantenimiento_y_ahorro,pagar_deuda,pintura,necesidades_esenciales | hobbies:pintura | meta:pagar_deuda,balance_B:4030000 | cobertura_L:4.7813 | variabilidad_V:0.0 | deuda_J:-0.0541,no_declarar_riesgo_solo_por_ingreso_variable | no_eliminar_hobbies_por_defecto | no_tratar_el_estado_como_identidad_permanente,aplicar,media,no,,"El estado acumulacion_estable describe únicamente la ventana hasta 2026-04-30 y se sustenta en balance, cobertura, recuperación, variabilidad y deuda.",VEN_0141_1 | balance_operativo_no_negativo | cobertura_esencial_superior_a_un_mes | recuperacion_consistente | inversion_productiva_observada | hobbies_identificados_sin_asumir_que_deban_eliminarse | sin_factor_de_atencion_dominante,bajo,no_requerida,train,acumulacion_estable,si,recomendaciones_mvp_v1.1,fincoah_mvp_co_v1.1,0bb0c7bb252675f314f7e7a00f2e73662f16e7ba0c891c1ba6d235d3cc4c23e1
DEC_0141_05,PERF_0141,dentro_del_mvp,VEN_0141_2,2026-05-31,acumulacion_estable,REC_MANTENER_ACUMULACION,Mantener el patrón actual y separar automáticamente una parte del excedente para la meta declarada.,mantenimiento_y_ahorro,pagar_deuda,pintura,necesidades_esenciales | hobbies:pintura | meta:pagar_deuda,balance_B:9203000 | cobertura_L:5.8654 | variabilidad_V:0.05 | deuda_J:-0.0924,no_declarar_riesgo_solo_por_ingreso_variable | no_eliminar_hobbies_por_defecto | no_tratar_el_estado_como_identidad_permanente,aplicar,media,no,,"El estado acumulacion_estable describe únicamente la ventana hasta 2026-05-31 y se sustenta en balance, cobertura, recuperación, variabilidad y deuda.",VEN_0141_2 | balance_operativo_no_negativo | cobertura_esencial_superior_a_un_mes | recuperacion_consistente | inversion_productiva_observada | hobbies_identificados_sin_asumir_que_deban_eliminarse | sin_factor_de_atencion_dominante,bajo,no_requerida,train,acumulacion_estable,si,recomendaciones_mvp_v1.1,fincoah_mvp_co_v1.1,e6beb96c440691db7ce1109297d064e279ce75b7b5556921cfab69d92b88ad9e
DEC_0141_06,PERF_0141,dentro_del_mvp,VEN_0141_3,2026-06-30,acumulacion_estable,REC_MANTENER_ACUMULACION,Mantener el patrón actual y separar automáticamente una parte del excedente para la meta declarada.,mantenimiento_y_ahorro,pagar_deuda,pintura,necesidades_esenciales | hobbies:pintura | meta:pagar_deuda,balance_B:13895000 | cobertura_L:6.9887 | variabilidad_V:0.0409 | deuda_J:-0.1369,no_declarar_riesgo_solo_por_ingreso_variable | no_eliminar_hobbies_por_defecto | no_tratar_el_estado_como_identidad_permanente,aplicar,media,no,,"El estado acumulacion_estable describe únicamente la ventana hasta 2026-06-30 y se sustenta en balance, cobertura, recuperación, variabilidad y deuda.",VEN_0141_3 | balance_operativo_no_negativo | cobertura_esencial_superior_a_un_mes | recuperacion_consistente | inversion_productiva_observada | hobbies_identificados_sin_asumir_que_deban_eliminarse | sin_factor_de_atencion_dominante,bajo,no_requerida,train,acumulacion_estable,si,recomendaciones_mvp_v1.1,fincoah_mvp_co_v1.1,5bf52e8aa489019259edff79b7bb711e137f29339b0c5334e1ba94a6f080dbcd
DEC_0142_04,PERF_0142,dentro_del_mvp,VEN_0142_1,2026-04-30,equilibrio_sostenible,REC_CREAR_MARGEN,Crear un margen pequeño y flexible antes de aumentar compromisos fijos.,prevencion,hacer_viaje,cocina_y_reposteria,necesidades_esenciales | hobbies:cocina_y_reposteria | meta:hacer_viaje,balance_B:1178000 | cobertura_L:2.8193 | variabilidad_V:0.0 | deuda_J:0.0,no_declarar_riesgo_solo_por_ingreso_variable | no_eliminar_hobbies_por_defecto | no_tratar_el_estado_como_identidad_permanente,sugerir,media,no,,"El estado equilibrio_sostenible describe únicamente la ventana hasta 2026-04-30 y se sustenta en balance, cobertura, recuperación, variabilidad y deuda.",VEN_0142_1 | balance_operativo_no_negativo | cobertura_esencial_superior_a_un_mes | recuperacion_consistente | inversion_productiva_observada | hobbies_identificados_sin_asumir_que_deban_eliminarse | recuperacion_demora_mas_de_20_dias,bajo,no_requerida,train,equilibrio_sostenible,si,recomendaciones_mvp_v1.1,fincoah_mvp_co_v1.1,ff4f2aeff0106bb8caae1dc9aea1295f74f2372d3b0f79e67cd8eec3a16c60e7
DEC_0142_05,PERF_0142,dentro_del_mvp,VEN_0142_2,2026-05-31,equilibrio_sostenible,REC_CREAR_MARGEN,Crear un margen pequeño y flexible antes de aumentar compromisos fijos.,prevencion,hacer_viaje,cocina_y_reposteria,necesidades_esenciales | hobbies:cocina_y_reposteria | meta:hacer_viaje,balance_B:2021000 | cobertura_L:2.9461 | variabilidad_V:0.0218 | deuda_J:0.0,no_declarar_riesgo_solo_por_ingreso_variable | no_eliminar_hobbies_por_defecto | no_tratar_el_estado_como_identidad_permanente,sugerir,media,no,,"El estado equilibrio_sostenible describe únicamente la ventana hasta 2026-05-31 y se sustenta en balance, cobertura, recuperación, variabilidad y deuda.",VEN_0142_2 | balance_operativo_no_negativo | cobertura_esencial_superior_a_un_mes | recuperacion_consistente | inversion_productiva_observada | hobbies_identificados_sin_asumir_que_deban_eliminarse | recuperacion_demora_mas_de_20_dias,bajo,no_requerida,train,equilibrio_sostenible,si,recomendaciones_mvp_v1.1,fincoah_mvp_co_v1.1,e146f49c7fead8170ac5fa2dfa369aad733fda4c955a6053f2422c4bfcf858dd
DEC_0142_06,PERF_0142,dentro_del_mvp,VEN_0142_3,2026-06-30,equilibrio_sostenible,REC_CREAR_MARGEN,Crear un margen pequeño y flexible antes de aumentar compromisos fijos.,prevencion,hacer_viaje,cocina_y_reposteria,necesidades_esenciales | hobbies:cocina_y_reposteria | meta:hacer_viaje,balance_B:2906000 | cobertura_L:3.2391 | variabilidad_V:0.0195 | deuda_J:0.0,no_declarar_riesgo_solo_por_ingreso_variable | no_eliminar_hobbies_por_defecto | no_tratar_el_estado_como_identidad_permanente,sugerir,media,no,,"El estado equilibrio_sostenible describe únicamente la ventana hasta 2026-06-30 y se sustenta en balance, cobertura, recuperación, variabilidad y deuda.",VEN_0142_3 | balance_operativo_no_negativo | cobertura_esencial_superior_a_un_mes | recuperacion_consistente | inversion_productiva_observada | hobbies_identificados_sin_asumir_que_deban_eliminarse | recuperacion_demora_mas_de_20_dias,bajo,no_requerida,train,equilibrio_sostenible,si,recomendaciones_mvp_v1.1,fincoah_mvp_co_v1.1,f6b4e4d268f23218562da7e07e2134cd996fcba4f7f3a9b9204a1c49400ddaaa
DEC_0143_04,PERF_0143,dentro_del_mvp,VEN_0143_1,2026-04-30,equilibrio_sostenible,REC_CREAR_MARGEN,Crear un margen pequeño y flexible antes de aumentar compromisos fijos.,prevencion,comprar_bicicleta,manualidades_y_artesanias,necesidades_esenciales | hobbies:manualidades_y_artesanias | meta:comprar_bicicleta,balance_B:548000 | cobertura_L:5.0042 | variabilidad_V:0.0 | deuda_J:-0.0168,no_declarar_riesgo_solo_por_ingreso_variable | no_eliminar_hobbies_por_defecto | no_tratar_el_estado_como_identidad_permanente,sugerir,media,no,,"El estado equilibrio_sostenible describe únicamente la ventana hasta 2026-04-30 y se sustenta en balance, cobertura, recuperación, variabilidad y deuda.",VEN_0143_1 | balance_operativo_no_negativo | cobertura_esencial_superior_a_un_mes | recuperacion_consistente | inversion_productiva_observada | hobbies_identificados_sin_asumir_que_deban_eliminarse | sin_factor_de_atencion_dominante,bajo,no_requerida,validation,variable_resiliente,si,recomendaciones_mvp_v1.1,fincoah_mvp_co_v1.1,87fbdf55daaac3c2e12d2f45f4d019d6306e3960e860b19d10934ac917fc2b75
DEC_0143_05,PERF_0143,dentro_del_mvp,VEN_0143_2,2026-05-31,variable_resiliente,REC_RESERVA_PICOS,Reservar parte de los meses altos para cubrir los periodos de menor ingreso sin tratar la variabilidad como falla.,gestion_ingreso_variable,comprar_bicicleta,manualidades_y_artesanias,necesidades_esenciales | hobbies:manualidades_y_artesanias | meta:comprar_bicicleta,balance_B:-1547000 | cobertura_L:3.8538 | variabilidad_V:0.0926 | deuda_J:-0.0399,no_declarar_riesgo_solo_por_ingreso_variable | no_eliminar_hobbies_por_defecto | no_tratar_el_estado_como_identidad_permanente,aplicar,alta,no,,"El estado variable_resiliente describe únicamente la ventana hasta 2026-05-31 y se sustenta en balance, cobertura, recuperación, variabilidad y deuda.",VEN_0143_2 | cobertura_esencial_superior_a_un_mes | recuperacion_consistente | inversion_productiva_observada | hobbies_identificados_sin_asumir_que_deban_eliminarse | balance_operativo_negativo | recuperacion_demora_mas_de_20_dias,bajo,no_requerida,validation,variable_resiliente,si,recomendaciones_mvp_v1.1,fincoah_mvp_co_v1.1,66994f58085095fe71689287bcf6cfc85afd7898e63f5c7ae9192672c851ad08
DEC_0143_06,PERF_0143,dentro_del_mvp,VEN_0143_3,2026-06-30,variable_resiliente,REC_RESERVA_PICOS,Reservar parte de los meses altos para cubrir los periodos de menor ingreso sin tratar la variabilidad como falla.,gestion_ingreso_variable,comprar_bicicleta,manualidades_y_artesanias,necesidades_esenciales | hobbies:manualidades_y_artesanias | meta:comprar_bicicleta,balance_B:2246000 | cobertura_L:5.5219 | variabilidad_V:0.1905 | deuda_J:-0.072,no_declarar_riesgo_solo_por_ingreso_variable | no_eliminar_hobbies_por_defecto | no_tratar_el_estado_como_identidad_permanente,aplicar,alta,no,,"El estado variable_resiliente describe únicamente la ventana hasta 2026-06-30 y se sustenta en balance, cobertura, recuperación, variabilidad y deuda.",VEN_0143_3 | balance_operativo_no_negativo | cobertura_esencial_superior_a_un_mes | recuperacion_consistente | inversion_productiva_observada | hobbies_identificados_sin_asumir_que_deban_eliminarse | sin_factor_de_atencion_dominante,bajo,no_requerida,validation,variable_resiliente,si,recomendaciones_mvp_v1.1,fincoah_mvp_co_v1.1,7478e40007cdb1a018441b01f35e0c2f3c8792bb1acea05eba06c018cd4238d4
DEC_0144_04,PERF_0144,dentro_del_mvp,VEN_0144_1,2026-04-30,acumulacion_estable,REC_MANTENER_ACUMULACION,Mantener el patrón actual y separar automáticamente una parte del excedente para la meta declarada.,mantenimiento_y_ahorro,pagar_deuda,musica,necesidades_esenciales | hobbies:musica | meta:pagar_deuda,balance_B:2035000 | cobertura_L:4.907 | variabilidad_V:0.0 | deuda_J:0.0,no_declarar_riesgo_solo_por_ingreso_variable | no_eliminar_hobbies_por_defecto | no_tratar_el_estado_como_identidad_permanente,aplicar,media,no,,"El estado acumulacion_estable describe únicamente la ventana hasta 2026-04-30 y se sustenta en balance, cobertura, recuperación, variabilidad y deuda.",VEN_0144_1 | balance_operativo_no_negativo | cobertura_esencial_superior_a_un_mes | recuperacion_consistente | inversion_productiva_observada | sin_factor_de_atencion_dominante,bajo,no_requerida,train,uso_planificado_reserva,si,recomendaciones_mvp_v1.1,fincoah_mvp_co_v1.1,c253e4e1ea813881260e207ce39e68841ed9a380d2a04bfad8b2566d939b7737
DEC_0144_05,PERF_0144,dentro_del_mvp,VEN_0144_2,2026-05-31,uso_planificado_reserva,REC_VIGILAR_RESERVA,Mantener el gasto alineado con la meta y revisar que la reserva conserve cobertura suficiente durante el siguiente cierre.,seguimiento_meta,pagar_deuda,musica,necesidades_esenciales | hobbies:musica | meta:pagar_deuda,balance_B:-3084000 | cobertura_L:1.4112 | variabilidad_V:0.1921 | deuda_J:0.0,no_declarar_riesgo_solo_por_ingreso_variable | no_eliminar_hobbies_por_defecto | no_tratar_el_estado_como_identidad_permanente,sugerir,media,no,,"El estado uso_planificado_reserva describe únicamente la ventana hasta 2026-05-31 y se sustenta en balance, cobertura, recuperación, variabilidad y deuda.",VEN_0144_2 | cobertura_esencial_superior_a_un_mes | recuperacion_consistente | inversion_productiva_observada | balance_operativo_negativo | recuperacion_demora_mas_de_20_dias,bajo,no_requerida,train,uso_planificado_reserva,si,recomendaciones_mvp_v1.1,fincoah_mvp_co_v1.1,d0d43ab2d8a6ba58ee485787d92e26af3366cb3d18a4514f5f15a90c53f87a61
DEC_0144_06,PERF_0144,dentro_del_mvp,VEN_0144_3,2026-06-30,uso_planificado_reserva,REC_VIGILAR_RESERVA,Mantener el gasto alineado con la meta y revisar que la reserva conserve cobertura suficiente durante el siguiente cierre.,seguimiento_meta,pagar_deuda,musica,necesidades_esenciales | hobbies:musica | meta:pagar_deuda,balance_B:-7986000 | cobertura_L:0.2359 | variabilidad_V:0.1795 | deuda_J:0.0,no_declarar_riesgo_solo_por_ingreso_variable | no_eliminar_hobbies_por_defecto | no_tratar_el_estado_como_identidad_permanente,sugerir,media,no,,"El estado uso_planificado_reserva describe únicamente la ventana hasta 2026-06-30 y se sustenta en balance, cobertura, recuperación, variabilidad y deuda.",VEN_0144_3 | recuperacion_consistente | inversion_productiva_observada | hobbies_identificados_sin_asumir_que_deban_eliminarse | balance_operativo_negativo | cobertura_esencial_reducida | recuperacion_demora_mas_de_20_dias,bajo,no_requerida,train,uso_planificado_reserva,si,recomendaciones_mvp_v1.1,fincoah_mvp_co_v1.1,6cc842fc774e36801c34570b1cc2cd47ea6a077f01ab4ea0f1e263429a822d7c
DEC_0145_04,PERF_0145,dentro_del_mvp,VEN_0145_1,2026-04-30,equilibrio_sostenible,REC_CREAR_MARGEN,Crear un margen pequeño y flexible antes de aumentar compromisos fijos.,prevencion,pagar_deuda,fotografia_y_video | manualidades_y_artesanias,necesidades_esenciales | hobbies:fotografia_y_video | manualidades_y_artesanias | meta:pagar_deuda,balance_B:36000 | cobertura_L:2.4451 | variabilidad_V:0.0 | deuda_J:0.0,no_declarar_riesgo_solo_por_ingreso_variable | no_eliminar_hobbies_por_defecto | no_tratar_el_estado_como_identidad_permanente,sugerir,media,no,,"El estado equilibrio_sostenible describe únicamente la ventana hasta 2026-04-30 y se sustenta en balance, cobertura, recuperación, variabilidad y deuda.",VEN_0145_1 | balance_operativo_no_negativo | cobertura_esencial_superior_a_un_mes | recuperacion_consistente | inversion_productiva_observada | hobbies_identificados_sin_asumir_que_deban_eliminarse | sin_factor_de_atencion_dominante,bajo,no_requerida,test,deterioro_reciente,si,recomendaciones_mvp_v1.1,fincoah_mvp_co_v1.1,a66dbe8939d356b6d78217e120c73be92b9c0936fd8e92d739ff1b6e52911312
DEC_0145_05,PERF_0145,dentro_del_mvp,VEN_0145_2,2026-05-31,equilibrio_sostenible,REC_CREAR_MARGEN,Crear un margen pequeño y flexible antes de aumentar compromisos fijos.,prevencion,pagar_deuda,fotografia_y_video | manualidades_y_artesanias,necesidades_esenciales | hobbies:fotografia_y_video | manualidades_y_artesanias | meta:pagar_deuda,balance_B:270000 | cobertura_L:2.3592 | variabilidad_V:0.0472 | deuda_J:0.0,no_declarar_riesgo_solo_por_ingreso_variable | no_eliminar_hobbies_por_defecto | no_tratar_el_estado_como_identidad_permanente,sugerir,media,no,,"El estado equilibrio_sostenible describe únicamente la ventana hasta 2026-05-31 y se sustenta en balance, cobertura, recuperación, variabilidad y deuda.",VEN_0145_2 | balance_operativo_no_negativo | cobertura_esencial_superior_a_un_mes | recuperacion_consistente | inversion_productiva_observada | hobbies_identificados_sin_asumir_que_deban_eliminarse | sin_factor_de_atencion_dominante,bajo,no_requerida,test,deterioro_reciente,si,recomendaciones_mvp_v1.1,fincoah_mvp_co_v1.1,19a5da5e7b55c3094fe8bc0d22b3faeea14249402e6586713a29aed9b02d2234
DEC_0145_06,PERF_0145,dentro_del_mvp,VEN_0145_3,2026-06-30,deterioro_reciente,REC_REVISAR_CAMBIO_RECIENTE,Revisar el cambio reciente en ingresos y compromisos antes de modificar gastos personales valiosos.,diagnostico,pagar_deuda,fotografia_y_video | manualidades_y_artesanias,necesidades_esenciales | hobbies:fotografia_y_video | manualidades_y_artesanias | meta:pagar_deuda,balance_B:-1061000 | cobertura_L:0.8629 | variabilidad_V:0.1493 | deuda_J:0.0,no_declarar_riesgo_solo_por_ingreso_variable | no_eliminar_hobbies_por_defecto | no_tratar_el_estado_como_identidad_permanente,solicitar_contexto,alta,si,¿Ocurrió algún cambio puntual en tus ingresos o compromisos durante este cierre?,"El estado deterioro_reciente describe únicamente la ventana hasta 2026-06-30 y se sustenta en balance, cobertura, recuperación, variabilidad y deuda.",VEN_0145_3 | recuperacion_consistente | inversion_productiva_observada | hobbies_identificados_sin_asumir_que_deban_eliminarse | balance_operativo_negativo | cobertura_esencial_reducida | recuperacion_demora_mas_de_20_dias,podria_reducir_bienestar_o_desconocer_el_contexto,no_requerida,test,deterioro_reciente,si,recomendaciones_mvp_v1.1,fincoah_mvp_co_v1.1,6d5e7d00452facde59abf0c056e2c0f34bb40e3f2ad4272187a2d8448499c7d7
DEC_0146_04,PERF_0146,dentro_del_mvp,VEN_0146_1,2026-04-30,deterioro_reciente,REC_REVISAR_CAMBIO_RECIENTE,Revisar el cambio reciente en ingresos y compromisos antes de modificar gastos personales valiosos.,diagnostico,comprar_equipo_de_trabajo,videojuegos_y_streaming | pintura,necesidades_esenciales | hobbies:videojuegos_y_streaming | pintura | meta:comprar_equipo_de_trabajo,balance_B:-3520000 | cobertura_L:0.0 | variabilidad_V:0.0 | deuda_J:-0.0474,no_declarar_riesgo_solo_por_ingreso_variable | no_eliminar_hobbies_por_defecto | no_tratar_el_estado_como_identidad_permanente,solicitar_contexto,alta,si,¿Ocurrió algún cambio puntual en tus ingresos o compromisos durante este cierre?,"El estado deterioro_reciente describe únicamente la ventana hasta 2026-04-30 y se sustenta en balance, cobertura, recuperación, variabilidad y deuda.",VEN_0146_1 | inversion_productiva_observada | hobbies_identificados_sin_asumir_que_deban_eliminarse | balance_operativo_negativo | cobertura_esencial_reducida | recuperacion_demora_mas_de_20_dias,podria_reducir_bienestar_o_desconocer_el_contexto,no_requerida,train,fragilidad_sostenida,si,recomendaciones_mvp_v1.1,fincoah_mvp_co_v1.1,4a02d6da519e7181ee0e6c390087493abfdecb4204a9a9e1b10b8b354a639f19
DEC_0146_05,PERF_0146,dentro_del_mvp,VEN_0146_2,2026-05-31,fragilidad_sostenida,REC_PRIORIZAR_COBERTURA,"Priorizar vivienda, alimentación, salud y servicios; revisar opciones de renegociación de deuda sin eliminar automáticamente los hobbies.",proteccion_esencial,comprar_equipo_de_trabajo,videojuegos_y_streaming | pintura,necesidades_esenciales | hobbies:videojuegos_y_streaming | pintura | meta:comprar_equipo_de_trabajo,balance_B:-12494000 | cobertura_L:0.0 | variabilidad_V:0.2363 | deuda_J:-0.0109,no_declarar_riesgo_solo_por_ingreso_variable | no_eliminar_hobbies_por_defecto | no_tratar_el_estado_como_identidad_permanente,aplicar,alta,no,,"El estado fragilidad_sostenida describe únicamente la ventana hasta 2026-05-31 y se sustenta en balance, cobertura, recuperación, variabilidad y deuda.",VEN_0146_2 | inversion_productiva_observada | hobbies_identificados_sin_asumir_que_deban_eliminarse | balance_operativo_negativo | cobertura_esencial_reducida | recuperacion_demora_mas_de_20_dias,podria_reducir_bienestar_o_desconocer_el_contexto,no_requerida,train,fragilidad_sostenida,si,recomendaciones_mvp_v1.1,fincoah_mvp_co_v1.1,cb9cca091752cf829c72921e4800541b4f003a824aea14261ed2db4e0fe032dc
DEC_0146_06,PERF_0146,dentro_del_mvp,VEN_0146_3,2026-06-30,fragilidad_sostenida,REC_PRIORIZAR_COBERTURA,"Priorizar vivienda, alimentación, salud y servicios; revisar opciones de renegociación de deuda sin eliminar automáticamente los hobbies.",proteccion_esencial,comprar_equipo_de_trabajo,videojuegos_y_streaming | pintura,necesidades_esenciales | hobbies:videojuegos_y_streaming | pintura | meta:comprar_equipo_de_trabajo,balance_B:-20941000 | cobertura_L:0.0 | variabilidad_V:0.2141 | deuda_J:-0.0273,no_declarar_riesgo_solo_por_ingreso_variable | no_eliminar_hobbies_por_defecto | no_tratar_el_estado_como_identidad_permanente,aplicar,alta,no,,"El estado fragilidad_sostenida describe únicamente la ventana hasta 2026-06-30 y se sustenta en balance, cobertura, recuperación, variabilidad y deuda.",VEN_0146_3 | inversion_productiva_observada | hobbies_identificados_sin_asumir_que_deban_eliminarse | balance_operativo_negativo | cobertura_esencial_reducida | recuperacion_demora_mas_de_20_dias,podria_reducir_bienestar_o_desconocer_el_contexto,no_requerida,train,fragilidad_sostenida,si,recomendaciones_mvp_v1.1,fincoah_mvp_co_v1.1,f726f513787ea51331fb4998a43e54ab1054b4943233dd88479d4b958b5e865e
DEC_0147_04,PERF_0147,dentro_del_mvp,VEN_0147_1,2026-04-30,fragilidad_sostenida,REC_PRIORIZAR_COBERTURA,"Priorizar vivienda, alimentación, salud y servicios; revisar opciones de renegociación de deuda sin eliminar automáticamente los hobbies.",proteccion_esencial,crear_fondo_emergencia,turismo_y_viajes,necesidades_esenciales | hobbies:turismo_y_viajes | meta:crear_fondo_emergencia,balance_B:-7616000 | cobertura_L:0.0 | variabilidad_V:0.0 | deuda_J:0.0,no_declarar_riesgo_solo_por_ingreso_variable | no_eliminar_hobbies_por_defecto | no_tratar_el_estado_como_identidad_permanente,aplicar,alta,no,,"El estado fragilidad_sostenida describe únicamente la ventana hasta 2026-04-30 y se sustenta en balance, cobertura, recuperación, variabilidad y deuda.",VEN_0147_1 | inversion_productiva_observada | hobbies_identificados_sin_asumir_que_deban_eliminarse | balance_operativo_negativo | cobertura_esencial_reducida | recuperacion_demora_mas_de_20_dias,podria_reducir_bienestar_o_desconocer_el_contexto,no_requerida,train,situacion_critica,si,recomendaciones_mvp_v1.1,fincoah_mvp_co_v1.1,e8d3f5ca5d1c9efda804a8b1916ebed21b4c068d555aa1ee64bf28ebef7bc8c2
DEC_0147_05,PERF_0147,dentro_del_mvp,VEN_0147_2,2026-05-31,situacion_critica,REC_PLAN_CONTENCION,Activar un plan de contención centrado en necesidades esenciales y solicitar revisión humana para deuda y liquidez.,contencion_y_revision,crear_fondo_emergencia,turismo_y_viajes,necesidades_esenciales | hobbies:turismo_y_viajes | meta:crear_fondo_emergencia,balance_B:-18604000 | cobertura_L:0.0 | variabilidad_V:0.0545 | deuda_J:0.0708,no_declarar_riesgo_solo_por_ingreso_variable | no_eliminar_hobbies_por_defecto | no_tratar_el_estado_como_identidad_permanente,aplicar,critica,no,,"El estado situacion_critica describe únicamente la ventana hasta 2026-05-31 y se sustenta en balance, cobertura, recuperación, variabilidad y deuda.",VEN_0147_2 | inversion_productiva_observada | hobbies_identificados_sin_asumir_que_deban_eliminarse | balance_operativo_negativo | cobertura_esencial_reducida | deuda_creciente | recuperacion_demora_mas_de_20_dias,podria_reducir_bienestar_o_desconocer_el_contexto,requerida,train,situacion_critica,si,recomendaciones_mvp_v1.1,fincoah_mvp_co_v1.1,c710d734c8b6fd25fb5970ddc2005a42ec7d1f55ca3de5be33deb85a8990d91b
DEC_0147_06,PERF_0147,dentro_del_mvp,VEN_0147_3,2026-06-30,situacion_critica,REC_PLAN_CONTENCION,Activar un plan de contención centrado en necesidades esenciales y solicitar revisión humana para deuda y liquidez.,contencion_y_revision,crear_fondo_emergencia,turismo_y_viajes,necesidades_esenciales | hobbies:turismo_y_viajes | meta:crear_fondo_emergencia,balance_B:-29999000 | cobertura_L:0.0 | variabilidad_V:0.0968 | deuda_J:0.0967,no_declarar_riesgo_solo_por_ingreso_variable | no_eliminar_hobbies_por_defecto | no_tratar_el_estado_como_identidad_permanente,aplicar,critica,no,,"El estado situacion_critica describe únicamente la ventana hasta 2026-06-30 y se sustenta en balance, cobertura, recuperación, variabilidad y deuda.",VEN_0147_3 | inversion_productiva_observada | hobbies_identificados_sin_asumir_que_deban_eliminarse | balance_operativo_negativo | cobertura_esencial_reducida | deuda_creciente | recuperacion_demora_mas_de_20_dias,podria_reducir_bienestar_o_desconocer_el_contexto,requerida,train,situacion_critica,si,recomendaciones_mvp_v1.1,fincoah_mvp_co_v1.1,ea2123c832fa294a3bffed776e770da87c7666e9f515b5236e38e7356d897722
DEC_0148_04,PERF_0148,dentro_del_mvp,VEN_0148_1,2026-04-30,acumulacion_estable,REC_MANTENER_ACUMULACION,Mantener el patrón actual y separar automáticamente una parte del excedente para la meta declarada.,mantenimiento_y_ahorro,mejorar_vivienda,impresion_3d,necesidades_esenciales | hobbies:impresion_3d | meta:mejorar_vivienda,balance_B:1675000 | cobertura_L:3.6506 | variabilidad_V:0.0 | deuda_J:0.0,no_declarar_riesgo_solo_por_ingreso_variable | no_eliminar_hobbies_por_defecto | no_tratar_el_estado_como_identidad_permanente,aplicar,media,no,,"El estado acumulacion_estable describe únicamente la ventana hasta 2026-04-30 y se sustenta en balance, cobertura, recuperación, variabilidad y deuda.",VEN_0148_1 | balance_operativo_no_negativo | cobertura_esencial_superior_a_un_mes | recuperacion_consistente | inversion_productiva_observada | hobbies_identificados_sin_asumir_que_deban_eliminarse | sin_factor_de_atencion_dominante,bajo,no_requerida,train,acumulacion_estable,si,recomendaciones_mvp_v1.1,fincoah_mvp_co_v1.1,6c079cfd0a4fcea7da3eaa9d5b2f746fd38ab8c6a0356e03ea9651b85256a135
DEC_0148_05,PERF_0148,dentro_del_mvp,VEN_0148_2,2026-05-31,acumulacion_estable,REC_MANTENER_ACUMULACION,Mantener el patrón actual y separar automáticamente una parte del excedente para la meta declarada.,mantenimiento_y_ahorro,mejorar_vivienda,impresion_3d,necesidades_esenciales | hobbies:impresion_3d | meta:mejorar_vivienda,balance_B:3298000 | cobertura_L:5.102 | variabilidad_V:0.0063 | deuda_J:0.0,no_declarar_riesgo_solo_por_ingreso_variable | no_eliminar_hobbies_por_defecto | no_tratar_el_estado_como_identidad_permanente,aplicar,media,no,,"El estado acumulacion_estable describe únicamente la ventana hasta 2026-05-31 y se sustenta en balance, cobertura, recuperación, variabilidad y deuda.",VEN_0148_2 | balance_operativo_no_negativo | cobertura_esencial_superior_a_un_mes | inversion_productiva_observada | hobbies_identificados_sin_asumir_que_deban_eliminarse | sin_factor_de_atencion_dominante,bajo,no_requerida,train,acumulacion_estable,si,recomendaciones_mvp_v1.1,fincoah_mvp_co_v1.1,e3e9e68d0c14ffae9d2f6eedba5e4a1793ae7ef0f6519a0c9b2bc4d1cafff029
DEC_0148_06,PERF_0148,dentro_del_mvp,VEN_0148_3,2026-06-30,acumulacion_estable,REC_MANTENER_ACUMULACION,Mantener el patrón actual y separar automáticamente una parte del excedente para la meta declarada.,mantenimiento_y_ahorro,mejorar_vivienda,impresion_3d,necesidades_esenciales | hobbies:impresion_3d | meta:mejorar_vivienda,balance_B:4801000 | cobertura_L:6.2639 | variabilidad_V:0.0178 | deuda_J:0.0,no_declarar_riesgo_solo_por_ingreso_variable | no_eliminar_hobbies_por_defecto | no_tratar_el_estado_como_identidad_permanente,aplicar,media,no,,"El estado acumulacion_estable describe únicamente la ventana hasta 2026-06-30 y se sustenta en balance, cobertura, recuperación, variabilidad y deuda.",VEN_0148_3 | balance_operativo_no_negativo | cobertura_esencial_superior_a_un_mes | recuperacion_consistente | inversion_productiva_observada | hobbies_identificados_sin_asumir_que_deban_eliminarse | sin_factor_de_atencion_dominante,bajo,no_requerida,train,acumulacion_estable,si,recomendaciones_mvp_v1.1,fincoah_mvp_co_v1.1,b85b9a18a4bd4dc96be4f8ee6b41d4e438a222d21d2971d909e58644af18e76f
DEC_0149_04,PERF_0149,dentro_del_mvp,VEN_0149_1,2026-04-30,equilibrio_sostenible,REC_CREAR_MARGEN,Crear un margen pequeño y flexible antes de aumentar compromisos fijos.,prevencion,comprar_bicicleta,jardineria_y_agricultura_urbana | fotografia_y_video,necesidades_esenciales | hobbies:jardineria_y_agricultura_urbana | fotografia_y_video | meta:comprar_bicicleta,balance_B:386000 | cobertura_L:3.4125 | variabilidad_V:0.0 | deuda_J:-0.0263,no_declarar_riesgo_solo_por_ingreso_variable | no_eliminar_hobbies_por_defecto | no_tratar_el_estado_como_identidad_permanente,sugerir,media,no,,"El estado equilibrio_sostenible describe únicamente la ventana hasta 2026-04-30 y se sustenta en balance, cobertura, recuperación, variabilidad y deuda.",VEN_0149_1 | balance_operativo_no_negativo | cobertura_esencial_superior_a_un_mes | recuperacion_consistente | inversion_productiva_observada | hobbies_identificados_sin_asumir_que_deban_eliminarse | recuperacion_demora_mas_de_20_dias,bajo,no_requerida,train,equilibrio_sostenible,si,recomendaciones_mvp_v1.1,fincoah_mvp_co_v1.1,159b4d186301c8afb10d3fa1294fada909893a8ad7d172da7562a96f3f21a6d2
DEC_0149_05,PERF_0149,dentro_del_mvp,VEN_0149_2,2026-05-31,equilibrio_sostenible,REC_CREAR_MARGEN,Crear un margen pequeño y flexible antes de aumentar compromisos fijos.,prevencion,comprar_bicicleta,jardineria_y_agricultura_urbana | fotografia_y_video,necesidades_esenciales | hobbies:jardineria_y_agricultura_urbana | fotografia_y_video | meta:comprar_bicicleta,balance_B:887000 | cobertura_L:4.3198 | variabilidad_V:0.0142 | deuda_J:-0.0603,no_declarar_riesgo_solo_por_ingreso_variable | no_eliminar_hobbies_por_defecto | no_tratar_el_estado_como_identidad_permanente,sugerir,media,no,,"El estado equilibrio_sostenible describe únicamente la ventana hasta 2026-05-31 y se sustenta en balance, cobertura, recuperación, variabilidad y deuda.",VEN_0149_2 | balance_operativo_no_negativo | cobertura_esencial_superior_a_un_mes | inversion_productiva_observada | hobbies_identificados_sin_asumir_que_deban_eliminarse | sin_factor_de_atencion_dominante,bajo,no_requerida,train,equilibrio_sostenible,si,recomendaciones_mvp_v1.1,fincoah_mvp_co_v1.1,2dad418696f994a7393efed07b5ab7904c5cd774d3268490c3205f418ee14d7a
DEC_0149_06,PERF_0149,dentro_del_mvp,VEN_0149_3,2026-06-30,equilibrio_sostenible,REC_CREAR_MARGEN,Crear un margen pequeño y flexible antes de aumentar compromisos fijos.,prevencion,comprar_bicicleta,jardineria_y_agricultura_urbana | fotografia_y_video,necesidades_esenciales | hobbies:jardineria_y_agricultura_urbana | fotografia_y_video | meta:comprar_bicicleta,balance_B:1051000 | cobertura_L:4.2263 | variabilidad_V:0.0354 | deuda_J:-0.1128,no_declarar_riesgo_solo_por_ingreso_variable | no_eliminar_hobbies_por_defecto | no_tratar_el_estado_como_identidad_permanente,sugerir,media,no,,"El estado equilibrio_sostenible describe únicamente la ventana hasta 2026-06-30 y se sustenta en balance, cobertura, recuperación, variabilidad y deuda.",VEN_0149_3 | balance_operativo_no_negativo | cobertura_esencial_superior_a_un_mes | recuperacion_consistente | inversion_productiva_observada | hobbies_identificados_sin_asumir_que_deban_eliminarse | recuperacion_demora_mas_de_20_dias,bajo,no_requerida,train,equilibrio_sostenible,si,recomendaciones_mvp_v1.1,fincoah_mvp_co_v1.1,82ca4e4bdb2f6313ad148409d21474c3e62b56ef3a8815a4b0493545a2e2630b
DEC_0150_04,PERF_0150,dentro_del_mvp,VEN_0150_1,2026-04-30,equilibrio_sostenible,REC_CREAR_MARGEN,Crear un margen pequeño y flexible antes de aumentar compromisos fijos.,prevencion,hacer_certificacion_profesional,ciclismo,necesidades_esenciales | hobbies:ciclismo | meta:hacer_certificacion_profesional,balance_B:814000 | cobertura_L:1.7665 | variabilidad_V:0.0 | deuda_J:-0.0394,no_declarar_riesgo_solo_por_ingreso_variable | no_eliminar_hobbies_por_defecto | no_tratar_el_estado_como_identidad_permanente,sugerir,media,no,,"El estado equilibrio_sostenible describe únicamente la ventana hasta 2026-04-30 y se sustenta en balance, cobertura, recuperación, variabilidad y deuda.",VEN_0150_1 | balance_operativo_no_negativo | cobertura_esencial_superior_a_un_mes | recuperacion_consistente | inversion_productiva_observada | hobbies_identificados_sin_asumir_que_deban_eliminarse | sin_factor_de_atencion_dominante,bajo,no_requerida,train,variable_resiliente,si,recomendaciones_mvp_v1.1,fincoah_mvp_co_v1.1,28a2a86726ace4c727d00f5b839bc09af92f800da368d2e848820fda8a0e8f24
DEC_0150_05,PERF_0150,dentro_del_mvp,VEN_0150_2,2026-05-31,variable_resiliente,REC_RESERVA_PICOS,Reservar parte de los meses altos para cubrir los periodos de menor ingreso sin tratar la variabilidad como falla.,gestion_ingreso_variable,hacer_certificacion_profesional,ciclismo,necesidades_esenciales | hobbies:ciclismo | meta:hacer_certificacion_profesional,balance_B:-753000 | cobertura_L:0.9316 | variabilidad_V:0.2023 | deuda_J:-0.0394,no_declarar_riesgo_solo_por_ingreso_variable | no_eliminar_hobbies_por_defecto | no_tratar_el_estado_como_identidad_permanente,aplicar,alta,no,,"El estado variable_resiliente describe únicamente la ventana hasta 2026-05-31 y se sustenta en balance, cobertura, recuperación, variabilidad y deuda.",VEN_0150_2 | recuperacion_consistente | inversion_productiva_observada | hobbies_identificados_sin_asumir_que_deban_eliminarse | balance_operativo_negativo | cobertura_esencial_reducida | recuperacion_demora_mas_de_20_dias,bajo,no_requerida,train,variable_resiliente,si,recomendaciones_mvp_v1.1,fincoah_mvp_co_v1.1,63ee6bb99faa7b8028d3bf9581b9eda46530cdda6ceaa040f7c6aec15f963ee2
DEC_0150_06,PERF_0150,dentro_del_mvp,VEN_0150_3,2026-06-30,variable_resiliente,REC_RESERVA_PICOS,Reservar parte de los meses altos para cubrir los periodos de menor ingreso sin tratar la variabilidad como falla.,gestion_ingreso_variable,hacer_certificacion_profesional,ciclismo,necesidades_esenciales | hobbies:ciclismo | meta:hacer_certificacion_profesional,balance_B:-2356000 | cobertura_L:0.1869 | variabilidad_V:0.2082 | deuda_J:-0.0661,no_declarar_riesgo_solo_por_ingreso_variable | no_eliminar_hobbies_por_defecto | no_tratar_el_estado_como_identidad_permanente,aplicar,alta,no,,"El estado variable_resiliente describe únicamente la ventana hasta 2026-06-30 y se sustenta en balance, cobertura, recuperación, variabilidad y deuda.",VEN_0150_3 | recuperacion_consistente | inversion_productiva_observada | hobbies_identificados_sin_asumir_que_deban_eliminarse | balance_operativo_negativo | cobertura_esencial_reducida | recuperacion_demora_mas_de_20_dias,bajo,no_requerida,train,variable_resiliente,si,recomendaciones_mvp_v1.1,fincoah_mvp_co_v1.1,c1f69bd7bd308808fae58fb471bb625c3eb5176014ec62798de7dfa25e256a9d
DEC_0151_04,PERF_0151,dentro_del_mvp,VEN_0151_1,2026-04-30,acumulacion_estable,REC_MANTENER_ACUMULACION,Mantener el patrón actual y separar automáticamente una parte del excedente para la meta declarada.,mantenimiento_y_ahorro,comprar_equipo_de_trabajo,pintura | videojuegos_y_streaming,necesidades_esenciales | hobbies:pintura | videojuegos_y_streaming | meta:comprar_equipo_de_trabajo,balance_B:4910000 | cobertura_L:7.4297 | variabilidad_V:0.0 | deuda_J:0.0,no_declarar_riesgo_solo_por_ingreso_variable | no_eliminar_hobbies_por_defecto | no_tratar_el_estado_como_identidad_permanente,aplicar,media,no,,"El estado acumulacion_estable describe únicamente la ventana hasta 2026-04-30 y se sustenta en balance, cobertura, recuperación, variabilidad y deuda.",VEN_0151_1 | balance_operativo_no_negativo | cobertura_esencial_superior_a_un_mes | recuperacion_consistente | inversion_productiva_observada | hobbies_identificados_sin_asumir_que_deban_eliminarse | sin_factor_de_atencion_dominante,bajo,no_requerida,train,uso_planificado_reserva,si,recomendaciones_mvp_v1.1,fincoah_mvp_co_v1.1,1ea5d7ff5057abfacfce06d38819945dca6bd2f19459666c9bb7d65a586a5e2b
DEC_0151_05,PERF_0151,dentro_del_mvp,VEN_0151_2,2026-05-31,uso_planificado_reserva,REC_VIGILAR_RESERVA,Mantener el gasto alineado con la meta y revisar que la reserva conserve cobertura suficiente durante el siguiente cierre.,seguimiento_meta,comprar_equipo_de_trabajo,pintura | videojuegos_y_streaming,necesidades_esenciales | hobbies:pintura | videojuegos_y_streaming | meta:comprar_equipo_de_trabajo,balance_B:-6924000 | cobertura_L:2.0054 | variabilidad_V:0.2403 | deuda_J:0.0,no_declarar_riesgo_solo_por_ingreso_variable | no_eliminar_hobbies_por_defecto | no_tratar_el_estado_como_identidad_permanente,sugerir,media,no,,"El estado uso_planificado_reserva describe únicamente la ventana hasta 2026-05-31 y se sustenta en balance, cobertura, recuperación, variabilidad y deuda.",VEN_0151_2 | cobertura_esencial_superior_a_un_mes | recuperacion_consistente | inversion_productiva_observada | hobbies_identificados_sin_asumir_que_deban_eliminarse | balance_operativo_negativo | recuperacion_demora_mas_de_20_dias,bajo,no_requerida,train,uso_planificado_reserva,si,recomendaciones_mvp_v1.1,fincoah_mvp_co_v1.1,2bb283093d4b403052d7cbb170f02e623e19f098cbb5bef225e04952bc623fe6
DEC_0151_06,PERF_0151,dentro_del_mvp,VEN_0151_3,2026-06-30,uso_planificado_reserva,REC_VIGILAR_RESERVA,Mantener el gasto alineado con la meta y revisar que la reserva conserve cobertura suficiente durante el siguiente cierre.,seguimiento_meta,comprar_equipo_de_trabajo,pintura | videojuegos_y_streaming,necesidades_esenciales | hobbies:pintura | videojuegos_y_streaming | meta:comprar_equipo_de_trabajo,balance_B:-18207000 | cobertura_L:0.5124 | variabilidad_V:0.2287 | deuda_J:0.0,no_declarar_riesgo_solo_por_ingreso_variable | no_eliminar_hobbies_por_defecto | no_tratar_el_estado_como_identidad_permanente,sugerir,media,no,,"El estado uso_planificado_reserva describe únicamente la ventana hasta 2026-06-30 y se sustenta en balance, cobertura, recuperación, variabilidad y deuda.",VEN_0151_3 | recuperacion_consistente | inversion_productiva_observada | hobbies_identificados_sin_asumir_que_deban_eliminarse | balance_operativo_negativo | cobertura_esencial_reducida | recuperacion_demora_mas_de_20_dias,bajo,no_requerida,train,uso_planificado_reserva,si,recomendaciones_mvp_v1.1,fincoah_mvp_co_v1.1,9d4c38f291dc10c1b62169665425c6f7d5316373cab90249d63c985120661ecd
DEC_0152_04,PERF_0152,dentro_del_mvp,VEN_0152_1,2026-04-30,equilibrio_sostenible,REC_CREAR_MARGEN,Crear un margen pequeño y flexible antes de aumentar compromisos fijos.,prevencion,hacer_viaje,cocina_y_reposteria | impresion_3d,necesidades_esenciales | hobbies:cocina_y_reposteria | impresion_3d | meta:hacer_viaje,balance_B:246000 | cobertura_L:2.82 | variabilidad_V:0.0 | deuda_J:-0.0715,no_declarar_riesgo_solo_por_ingreso_variable | no_eliminar_hobbies_por_defecto | no_tratar_el_estado_como_identidad_permanente,sugerir,media,no,,"El estado equilibrio_sostenible describe únicamente la ventana hasta 2026-04-30 y se sustenta en balance, cobertura, recuperación, variabilidad y deuda.",VEN_0152_1 | balance_operativo_no_negativo | cobertura_esencial_superior_a_un_mes | inversion_productiva_observada | hobbies_identificados_sin_asumir_que_deban_eliminarse | sin_factor_de_atencion_dominante,bajo,no_requerida,train,deterioro_reciente,si,recomendaciones_mvp_v1.1,fincoah_mvp_co_v1.1,72fb8b2ea476eed82c29710dd94395e33a1ac4f0f91a75e538a8f3c5d1e8c792
DEC_0152_05,PERF_0152,dentro_del_mvp,VEN_0152_2,2026-05-31,equilibrio_sostenible,REC_CREAR_MARGEN,Crear un margen pequeño y flexible antes de aumentar compromisos fijos.,prevencion,hacer_viaje,cocina_y_reposteria | impresion_3d,necesidades_esenciales | hobbies:cocina_y_reposteria | impresion_3d | meta:hacer_viaje,balance_B:273000 | cobertura_L:2.8787 | variabilidad_V:0.021 | deuda_J:-0.0715,no_declarar_riesgo_solo_por_ingreso_variable | no_eliminar_hobbies_por_defecto | no_tratar_el_estado_como_identidad_permanente,sugerir,media,no,,"El estado equilibrio_sostenible describe únicamente la ventana hasta 2026-05-31 y se sustenta en balance, cobertura, recuperación, variabilidad y deuda.",VEN_0152_2 | balance_operativo_no_negativo | cobertura_esencial_superior_a_un_mes | recuperacion_consistente | inversion_productiva_observada | hobbies_identificados_sin_asumir_que_deban_eliminarse | recuperacion_demora_mas_de_20_dias,bajo,no_requerida,train,deterioro_reciente,si,recomendaciones_mvp_v1.1,fincoah_mvp_co_v1.1,f8af8e1a8badd19d4ca0c26ae68fae29b55f5a88937652099c83646447e57dc1
DEC_0152_06,PERF_0152,dentro_del_mvp,VEN_0152_3,2026-06-30,deterioro_reciente,REC_REVISAR_CAMBIO_RECIENTE,Revisar el cambio reciente en ingresos y compromisos antes de modificar gastos personales valiosos.,diagnostico,hacer_viaje,cocina_y_reposteria | impresion_3d,necesidades_esenciales | hobbies:cocina_y_reposteria | impresion_3d | meta:hacer_viaje,balance_B:-3184000 | cobertura_L:1.7796 | variabilidad_V:0.1283 | deuda_J:-0.1956,no_declarar_riesgo_solo_por_ingreso_variable | no_eliminar_hobbies_por_defecto | no_tratar_el_estado_como_identidad_permanente,solicitar_contexto,alta,si,¿Ocurrió algún cambio puntual en tus ingresos o compromisos durante este cierre?,"El estado deterioro_reciente describe únicamente la ventana hasta 2026-06-30 y se sustenta en balance, cobertura, recuperación, variabilidad y deuda.",VEN_0152_3 | cobertura_esencial_superior_a_un_mes | recuperacion_consistente | inversion_productiva_observada | hobbies_identificados_sin_asumir_que_deban_eliminarse | balance_operativo_negativo | recuperacion_demora_mas_de_20_dias,podria_reducir_bienestar_o_desconocer_el_contexto,no_requerida,train,deterioro_reciente,si,recomendaciones_mvp_v1.1,fincoah_mvp_co_v1.1,a05ae47fb08295229061b5d3ef232c7a8233525c8f634e642c1eef31890977ed
DEC_0153_04,PERF_0153,dentro_del_mvp,VEN_0153_1,2026-04-30,deterioro_reciente,REC_REVISAR_CAMBIO_RECIENTE,Revisar el cambio reciente en ingresos y compromisos antes de modificar gastos personales valiosos.,diagnostico,comprar_equipo_de_trabajo,manualidades_y_artesanias | pintura,necesidades_esenciales | hobbies:manualidades_y_artesanias | pintura | meta:comprar_equipo_de_trabajo,balance_B:-2932000 | cobertura_L:0.0 | variabilidad_V:0.0 | deuda_J:-0.0413,no_declarar_riesgo_solo_por_ingreso_variable | no_eliminar_hobbies_por_defecto | no_tratar_el_estado_como_identidad_permanente,solicitar_contexto,alta,si,¿Ocurrió algún cambio puntual en tus ingresos o compromisos durante este cierre?,"El estado deterioro_reciente describe únicamente la ventana hasta 2026-04-30 y se sustenta en balance, cobertura, recuperación, variabilidad y deuda.",VEN_0153_1 | inversion_productiva_observada | hobbies_identificados_sin_asumir_que_deban_eliminarse | balance_operativo_negativo | cobertura_esencial_reducida | recuperacion_demora_mas_de_20_dias,podria_reducir_bienestar_o_desconocer_el_contexto,no_requerida,validation,fragilidad_sostenida,si,recomendaciones_mvp_v1.1,fincoah_mvp_co_v1.1,6835bcb5929e530e78ea27260ab44a1ba149728e18f4ca847473541a762212c2
DEC_0153_05,PERF_0153,dentro_del_mvp,VEN_0153_2,2026-05-31,fragilidad_sostenida,REC_PRIORIZAR_COBERTURA,"Priorizar vivienda, alimentación, salud y servicios; revisar opciones de renegociación de deuda sin eliminar automáticamente los hobbies.",proteccion_esencial,comprar_equipo_de_trabajo,manualidades_y_artesanias | pintura,necesidades_esenciales | hobbies:manualidades_y_artesanias | pintura | meta:comprar_equipo_de_trabajo,balance_B:-8669000 | cobertura_L:0.0 | variabilidad_V:0.1245 | deuda_J:0.009,no_declarar_riesgo_solo_por_ingreso_variable | no_eliminar_hobbies_por_defecto | no_tratar_el_estado_como_identidad_permanente,aplicar,alta,no,,"El estado fragilidad_sostenida describe únicamente la ventana hasta 2026-05-31 y se sustenta en balance, cobertura, recuperación, variabilidad y deuda.",VEN_0153_2 | inversion_productiva_observada | hobbies_identificados_sin_asumir_que_deban_eliminarse | balance_operativo_negativo | cobertura_esencial_reducida | recuperacion_demora_mas_de_20_dias,podria_reducir_bienestar_o_desconocer_el_contexto,no_requerida,validation,fragilidad_sostenida,si,recomendaciones_mvp_v1.1,fincoah_mvp_co_v1.1,f2fd41c113841a01740a3e4a58a85958c4e74426bc71d4ca403a6a0439232f4e
DEC_0153_06,PERF_0153,dentro_del_mvp,VEN_0153_3,2026-06-30,fragilidad_sostenida,REC_PRIORIZAR_COBERTURA,"Priorizar vivienda, alimentación, salud y servicios; revisar opciones de renegociación de deuda sin eliminar automáticamente los hobbies.",proteccion_esencial,comprar_equipo_de_trabajo,manualidades_y_artesanias | pintura,necesidades_esenciales | hobbies:manualidades_y_artesanias | pintura | meta:comprar_equipo_de_trabajo,balance_B:-14663000 | cobertura_L:0.0 | variabilidad_V:0.1472 | deuda_J:0.0593,no_declarar_riesgo_solo_por_ingreso_variable | no_eliminar_hobbies_por_defecto | no_tratar_el_estado_como_identidad_permanente,aplicar,alta,no,,"El estado fragilidad_sostenida describe únicamente la ventana hasta 2026-06-30 y se sustenta en balance, cobertura, recuperación, variabilidad y deuda.",VEN_0153_3 | inversion_productiva_observada | hobbies_identificados_sin_asumir_que_deban_eliminarse | balance_operativo_negativo | cobertura_esencial_reducida | deuda_creciente | recuperacion_demora_mas_de_20_dias,podria_reducir_bienestar_o_desconocer_el_contexto,no_requerida,validation,fragilidad_sostenida,si,recomendaciones_mvp_v1.1,fincoah_mvp_co_v1.1,1b190e125c07ce8f40eb9eba0fd6fa7e2935a1e95c79c5a5acc529c677fd1f07
DEC_0154_04,PERF_0154,dentro_del_mvp,VEN_0154_1,2026-04-30,fragilidad_sostenida,REC_PRIORIZAR_COBERTURA,"Priorizar vivienda, alimentación, salud y servicios; revisar opciones de renegociación de deuda sin eliminar automáticamente los hobbies.",proteccion_esencial,ampliar_actividad_economica,musica | cocina_y_reposteria,necesidades_esenciales | hobbies:musica | cocina_y_reposteria | meta:ampliar_actividad_economica,balance_B:-9771000 | cobertura_L:0.0 | variabilidad_V:0.0 | deuda_J:0.0121,no_declarar_riesgo_solo_por_ingreso_variable | no_eliminar_hobbies_por_defecto | no_tratar_el_estado_como_identidad_permanente,aplicar,alta,no,,"El estado fragilidad_sostenida describe únicamente la ventana hasta 2026-04-30 y se sustenta en balance, cobertura, recuperación, variabilidad y deuda.",VEN_0154_1 | inversion_productiva_observada | hobbies_identificados_sin_asumir_que_deban_eliminarse | balance_operativo_negativo | cobertura_esencial_reducida | recuperacion_demora_mas_de_20_dias,podria_reducir_bienestar_o_desconocer_el_contexto,no_requerida,train,situacion_critica,si,recomendaciones_mvp_v1.1,fincoah_mvp_co_v1.1,2a9beeca3abb771f7d735a3bb92f7fabd67b8084be0cca5b4b6d6a27574dcaa1
DEC_0154_05,PERF_0154,dentro_del_mvp,VEN_0154_2,2026-05-31,situacion_critica,REC_PLAN_CONTENCION,Activar un plan de contención centrado en necesidades esenciales y solicitar revisión humana para deuda y liquidez.,contencion_y_revision,ampliar_actividad_economica,musica | cocina_y_reposteria,necesidades_esenciales | hobbies:musica | cocina_y_reposteria | meta:ampliar_actividad_economica,balance_B:-25006000 | cobertura_L:0.0 | variabilidad_V:0.1774 | deuda_J:0.0418,no_declarar_riesgo_solo_por_ingreso_variable | no_eliminar_hobbies_por_defecto | no_tratar_el_estado_como_identidad_permanente,aplicar,critica,no,,"El estado situacion_critica describe únicamente la ventana hasta 2026-05-31 y se sustenta en balance, cobertura, recuperación, variabilidad y deuda.",VEN_0154_2 | inversion_productiva_observada | hobbies_identificados_sin_asumir_que_deban_eliminarse | balance_operativo_negativo | cobertura_esencial_reducida | recuperacion_demora_mas_de_20_dias,podria_reducir_bienestar_o_desconocer_el_contexto,requerida,train,situacion_critica,si,recomendaciones_mvp_v1.1,fincoah_mvp_co_v1.1,938c410faecf7a807877915cc1a3641b21b0cbf9f7256054148fd590f47bcbd3
DEC_0154_06,PERF_0154,dentro_del_mvp,VEN_0154_3,2026-06-30,situacion_critica,REC_PLAN_CONTENCION,Activar un plan de contención centrado en necesidades esenciales y solicitar revisión humana para deuda y liquidez.,contencion_y_revision,ampliar_actividad_economica,musica | cocina_y_reposteria,necesidades_esenciales | hobbies:musica | cocina_y_reposteria | meta:ampliar_actividad_economica,balance_B:-39969000 | cobertura_L:0.0 | variabilidad_V:0.1609 | deuda_J:0.0964,no_declarar_riesgo_solo_por_ingreso_variable | no_eliminar_hobbies_por_defecto | no_tratar_el_estado_como_identidad_permanente,aplicar,critica,no,,"El estado situacion_critica describe únicamente la ventana hasta 2026-06-30 y se sustenta en balance, cobertura, recuperación, variabilidad y deuda.",VEN_0154_3 | inversion_productiva_observada | hobbies_identificados_sin_asumir_que_deban_eliminarse | balance_operativo_negativo | cobertura_esencial_reducida | deuda_creciente | recuperacion_demora_mas_de_20_dias,podria_reducir_bienestar_o_desconocer_el_contexto,requerida,train,situacion_critica,si,recomendaciones_mvp_v1.1,fincoah_mvp_co_v1.1,97a97ff5f092c13992f80747513d47c4934e63eae254da76a8d48b76b2e84855
DEC_0155_04,PERF_0155,dentro_del_mvp,VEN_0155_1,2026-04-30,acumulacion_estable,REC_MANTENER_ACUMULACION,Mantener el patrón actual y separar automáticamente una parte del excedente para la meta declarada.,mantenimiento_y_ahorro,ampliar_actividad_economica,fotografia_y_video | impresion_3d,necesidades_esenciales | hobbies:fotografia_y_video | impresion_3d | meta:ampliar_actividad_economica,balance_B:1839000 | cobertura_L:3.0697 | variabilidad_V:0.0 | deuda_J:0.0,no_declarar_riesgo_solo_por_ingreso_variable | no_eliminar_hobbies_por_defecto | no_tratar_el_estado_como_identidad_permanente,aplicar,media,no,,"El estado acumulacion_estable describe únicamente la ventana hasta 2026-04-30 y se sustenta en balance, cobertura, recuperación, variabilidad y deuda.",VEN_0155_1 | balance_operativo_no_negativo | cobertura_esencial_superior_a_un_mes | recuperacion_consistente | inversion_productiva_observada | hobbies_identificados_sin_asumir_que_deban_eliminarse | sin_factor_de_atencion_dominante,bajo,no_requerida,train,acumulacion_estable,si,recomendaciones_mvp_v1.1,fincoah_mvp_co_v1.1,49989ada9768e13edd1b4335728331125738d04584e6edbe0b0fd43f2354928e
DEC_0155_05,PERF_0155,dentro_del_mvp,VEN_0155_2,2026-05-31,acumulacion_estable,REC_MANTENER_ACUMULACION,Mantener el patrón actual y separar automáticamente una parte del excedente para la meta declarada.,mantenimiento_y_ahorro,ampliar_actividad_economica,fotografia_y_video | impresion_3d,necesidades_esenciales | hobbies:fotografia_y_video | impresion_3d | meta:ampliar_actividad_economica,balance_B:3700000 | cobertura_L:3.683 | variabilidad_V:0.0021 | deuda_J:0.0,no_declarar_riesgo_solo_por_ingreso_variable | no_eliminar_hobbies_por_defecto | no_tratar_el_estado_como_identidad_permanente,aplicar,media,no,,"El estado acumulacion_estable describe únicamente la ventana hasta 2026-05-31 y se sustenta en balance, cobertura, recuperación, variabilidad y deuda.",VEN_0155_2 | balance_operativo_no_negativo | cobertura_esencial_superior_a_un_mes | recuperacion_consistente | inversion_productiva_observada | hobbies_identificados_sin_asumir_que_deban_eliminarse | sin_factor_de_atencion_dominante,bajo,no_requerida,train,acumulacion_estable,si,recomendaciones_mvp_v1.1,fincoah_mvp_co_v1.1,1b8343079034459e6124f69baee583d101ffa799c2a54c0863c1094035ce7b89
DEC_0155_06,PERF_0155,dentro_del_mvp,VEN_0155_3,2026-06-30,acumulacion_estable,REC_MANTENER_ACUMULACION,Mantener el patrón actual y separar automáticamente una parte del excedente para la meta declarada.,mantenimiento_y_ahorro,ampliar_actividad_economica,fotografia_y_video | impresion_3d,necesidades_esenciales | hobbies:fotografia_y_video | impresion_3d | meta:ampliar_actividad_economica,balance_B:5865000 | cobertura_L:4.3055 | variabilidad_V:0.0279 | deuda_J:-0.0182,no_declarar_riesgo_solo_por_ingreso_variable | no_eliminar_hobbies_por_defecto | no_tratar_el_estado_como_identidad_permanente,aplicar,media,no,,"El estado acumulacion_estable describe únicamente la ventana hasta 2026-06-30 y se sustenta en balance, cobertura, recuperación, variabilidad y deuda.",VEN_0155_3 | balance_operativo_no_negativo | cobertura_esencial_superior_a_un_mes | recuperacion_consistente | inversion_productiva_observada | hobbies_identificados_sin_asumir_que_deban_eliminarse | sin_factor_de_atencion_dominante,bajo,no_requerida,train,acumulacion_estable,si,recomendaciones_mvp_v1.1,fincoah_mvp_co_v1.1,e5e6316e25ecb5ca81df0867e3803d4506c316f832d44f1144d84b96da7a40e3
DEC_0156_04,PERF_0156,dentro_del_mvp,VEN_0156_1,2026-04-30,equilibrio_sostenible,REC_CREAR_MARGEN,Crear un margen pequeño y flexible antes de aumentar compromisos fijos.,prevencion,crear_fondo_emergencia,videojuegos_y_streaming,necesidades_esenciales | hobbies:videojuegos_y_streaming | meta:crear_fondo_emergencia,balance_B:615000 | cobertura_L:1.2236 | variabilidad_V:0.0 | deuda_J:0.1158,no_declarar_riesgo_solo_por_ingreso_variable | no_eliminar_hobbies_por_defecto | no_tratar_el_estado_como_identidad_permanente,sugerir,media,no,,"El estado equilibrio_sostenible describe únicamente la ventana hasta 2026-04-30 y se sustenta en balance, cobertura, recuperación, variabilidad y deuda.",VEN_0156_1 | balance_operativo_no_negativo | cobertura_esencial_superior_a_un_mes | recuperacion_consistente | inversion_productiva_observada | hobbies_identificados_sin_asumir_que_deban_eliminarse | deuda_creciente,bajo,no_requerida,train,equilibrio_sostenible,si,recomendaciones_mvp_v1.1,fincoah_mvp_co_v1.1,b5a8b3cce9225e4990fbdc989a62103c5828cbabc42f95c6ad3804c90a5b07a9
DEC_0156_05,PERF_0156,dentro_del_mvp,VEN_0156_2,2026-05-31,equilibrio_sostenible,REC_CREAR_MARGEN,Crear un margen pequeño y flexible antes de aumentar compromisos fijos.,prevencion,crear_fondo_emergencia,videojuegos_y_streaming,necesidades_esenciales | hobbies:videojuegos_y_streaming | meta:crear_fondo_emergencia,balance_B:780000 | cobertura_L:1.3237 | variabilidad_V:0.0441 | deuda_J:0.0837,no_declarar_riesgo_solo_por_ingreso_variable | no_eliminar_hobbies_por_defecto | no_tratar_el_estado_como_identidad_permanente,sugerir,media,no,,"El estado equilibrio_sostenible describe únicamente la ventana hasta 2026-05-31 y se sustenta en balance, cobertura, recuperación, variabilidad y deuda.",VEN_0156_2 | balance_operativo_no_negativo | cobertura_esencial_superior_a_un_mes | recuperacion_consistente | inversion_productiva_observada | hobbies_identificados_sin_asumir_que_deban_eliminarse | deuda_creciente | recuperacion_demora_mas_de_20_dias,bajo,no_requerida,train,equilibrio_sostenible,si,recomendaciones_mvp_v1.1,fincoah_mvp_co_v1.1,60b3cdd4487554b2d7543aae5ec0faa9d15b73e7cd654bbee30086a01d806547
DEC_0156_06,PERF_0156,dentro_del_mvp,VEN_0156_3,2026-06-30,equilibrio_sostenible,REC_CREAR_MARGEN,Crear un margen pequeño y flexible antes de aumentar compromisos fijos.,prevencion,crear_fondo_emergencia,videojuegos_y_streaming,necesidades_esenciales | hobbies:videojuegos_y_streaming | meta:crear_fondo_emergencia,balance_B:1239000 | cobertura_L:1.7415 | variabilidad_V:0.0364 | deuda_J:0.14,no_declarar_riesgo_solo_por_ingreso_variable | no_eliminar_hobbies_por_defecto | no_tratar_el_estado_como_identidad_permanente,sugerir,media,no,,"El estado equilibrio_sostenible describe únicamente la ventana hasta 2026-06-30 y se sustenta en balance, cobertura, recuperación, variabilidad y deuda.",VEN_0156_3 | balance_operativo_no_negativo | cobertura_esencial_superior_a_un_mes | recuperacion_consistente | inversion_productiva_observada | hobbies_identificados_sin_asumir_que_deban_eliminarse | deuda_creciente | recuperacion_demora_mas_de_20_dias,bajo,no_requerida,train,equilibrio_sostenible,si,recomendaciones_mvp_v1.1,fincoah_mvp_co_v1.1,79c480137a13f3be895355047aa5a16692f38d2f64f2be2caa598daf15765832
DEC_0157_04,PERF_0157,dentro_del_mvp,VEN_0157_1,2026-04-30,equilibrio_sostenible,REC_CREAR_MARGEN,Crear un margen pequeño y flexible antes de aumentar compromisos fijos.,prevencion,comprar_bicicleta,turismo_y_viajes | pintura,necesidades_esenciales | hobbies:turismo_y_viajes | pintura | meta:comprar_bicicleta,balance_B:263000 | cobertura_L:4.1083 | variabilidad_V:0.0 | deuda_J:0.0,no_declarar_riesgo_solo_por_ingreso_variable | no_eliminar_hobbies_por_defecto | no_tratar_el_estado_como_identidad_permanente,sugerir,media,no,,"El estado equilibrio_sostenible describe únicamente la ventana hasta 2026-04-30 y se sustenta en balance, cobertura, recuperación, variabilidad y deuda.",VEN_0157_1 | balance_operativo_no_negativo | cobertura_esencial_superior_a_un_mes | recuperacion_consistente | inversion_productiva_observada | hobbies_identificados_sin_asumir_que_deban_eliminarse | sin_factor_de_atencion_dominante,bajo,no_requerida,train,variable_resiliente,si,recomendaciones_mvp_v1.1,fincoah_mvp_co_v1.1,30e0381e801e67701bb205106cf9d2fc3aea237b5cf9da1670702c8c696f919f
DEC_0157_05,PERF_0157,dentro_del_mvp,VEN_0157_2,2026-05-31,variable_resiliente,REC_RESERVA_PICOS,Reservar parte de los meses altos para cubrir los periodos de menor ingreso sin tratar la variabilidad como falla.,gestion_ingreso_variable,comprar_bicicleta,turismo_y_viajes | pintura,necesidades_esenciales | hobbies:turismo_y_viajes | pintura | meta:comprar_bicicleta,balance_B:4641000 | cobertura_L:6.8399 | variabilidad_V:0.2094 | deuda_J:0.2132,no_declarar_riesgo_solo_por_ingreso_variable | no_eliminar_hobbies_por_defecto | no_tratar_el_estado_como_identidad_permanente,aplicar,alta,no,,"El estado variable_resiliente describe únicamente la ventana hasta 2026-05-31 y se sustenta en balance, cobertura, recuperación, variabilidad y deuda.",VEN_0157_2 | balance_operativo_no_negativo | cobertura_esencial_superior_a_un_mes | inversion_productiva_observada | hobbies_identificados_sin_asumir_que_deban_eliminarse | deuda_creciente,bajo,no_requerida,train,variable_resiliente,si,recomendaciones_mvp_v1.1,fincoah_mvp_co_v1.1,03aed2a54b9b1f96ef721b9d766f3f85d341cc82aeb4a1d0456add7962ed7ec9
DEC_0157_06,PERF_0157,dentro_del_mvp,VEN_0157_3,2026-06-30,variable_resiliente,REC_RESERVA_PICOS,Reservar parte de los meses altos para cubrir los periodos de menor ingreso sin tratar la variabilidad como falla.,gestion_ingreso_variable,comprar_bicicleta,turismo_y_viajes | pintura,necesidades_esenciales | hobbies:turismo_y_viajes | pintura | meta:comprar_bicicleta,balance_B:1748000 | cobertura_L:4.9539 | variabilidad_V:0.32 | deuda_J:0.1864,no_declarar_riesgo_solo_por_ingreso_variable | no_eliminar_hobbies_por_defecto | no_tratar_el_estado_como_identidad_permanente,aplicar,alta,no,,"El estado variable_resiliente describe únicamente la ventana hasta 2026-06-30 y se sustenta en balance, cobertura, recuperación, variabilidad y deuda.",VEN_0157_3 | balance_operativo_no_negativo | cobertura_esencial_superior_a_un_mes | recuperacion_consistente | inversion_productiva_observada | hobbies_identificados_sin_asumir_que_deban_eliminarse | deuda_creciente | recuperacion_demora_mas_de_20_dias,bajo,no_requerida,train,variable_resiliente,si,recomendaciones_mvp_v1.1,fincoah_mvp_co_v1.1,ff226e816375e36beb8d3185f555ea9102871fe2a7a1caef5c2760e8657fc07d
DEC_0158_04,PERF_0158,dentro_del_mvp,VEN_0158_1,2026-04-30,acumulacion_estable,REC_MANTENER_ACUMULACION,Mantener el patrón actual y separar automáticamente una parte del excedente para la meta declarada.,mantenimiento_y_ahorro,comprar_equipo_de_trabajo,impresion_3d | videojuegos_y_streaming,necesidades_esenciales | hobbies:impresion_3d | videojuegos_y_streaming | meta:comprar_equipo_de_trabajo,balance_B:3159000 | cobertura_L:6.3068 | variabilidad_V:0.0 | deuda_J:-0.0113,no_declarar_riesgo_solo_por_ingreso_variable | no_eliminar_hobbies_por_defecto | no_tratar_el_estado_como_identidad_permanente,aplicar,media,no,,"El estado acumulacion_estable describe únicamente la ventana hasta 2026-04-30 y se sustenta en balance, cobertura, recuperación, variabilidad y deuda.",VEN_0158_1 | balance_operativo_no_negativo | cobertura_esencial_superior_a_un_mes | inversion_productiva_observada | hobbies_identificados_sin_asumir_que_deban_eliminarse | sin_factor_de_atencion_dominante,bajo,no_requerida,train,uso_planificado_reserva,si,recomendaciones_mvp_v1.1,fincoah_mvp_co_v1.1,ff64377920934d279a9298110fba9b6fd1f99f82786c674e57cc4bd9048fe4f9
DEC_0158_05,PERF_0158,dentro_del_mvp,VEN_0158_2,2026-05-31,uso_planificado_reserva,REC_VIGILAR_RESERVA,Mantener el gasto alineado con la meta y revisar que la reserva conserve cobertura suficiente durante el siguiente cierre.,seguimiento_meta,comprar_equipo_de_trabajo,impresion_3d | videojuegos_y_streaming,necesidades_esenciales | hobbies:impresion_3d | videojuegos_y_streaming | meta:comprar_equipo_de_trabajo,balance_B:-3773000 | cobertura_L:2.1628 | variabilidad_V:0.2109 | deuda_J:-0.0297,no_declarar_riesgo_solo_por_ingreso_variable | no_eliminar_hobbies_por_defecto | no_tratar_el_estado_como_identidad_permanente,sugerir,media,no,,"El estado uso_planificado_reserva describe únicamente la ventana hasta 2026-05-31 y se sustenta en balance, cobertura, recuperación, variabilidad y deuda.",VEN_0158_2 | cobertura_esencial_superior_a_un_mes | inversion_productiva_observada | hobbies_identificados_sin_asumir_que_deban_eliminarse | balance_operativo_negativo | recuperacion_demora_mas_de_20_dias,bajo,no_requerida,train,uso_planificado_reserva,si,recomendaciones_mvp_v1.1,fincoah_mvp_co_v1.1,b00e5a741718ad483b4580979aadacda0b6e564a303e0a16a7821928f138b1b6
DEC_0158_06,PERF_0158,dentro_del_mvp,VEN_0158_3,2026-06-30,uso_planificado_reserva,REC_VIGILAR_RESERVA,Mantener el gasto alineado con la meta y revisar que la reserva conserve cobertura suficiente durante el siguiente cierre.,seguimiento_meta,comprar_equipo_de_trabajo,impresion_3d | videojuegos_y_streaming,necesidades_esenciales | hobbies:impresion_3d | videojuegos_y_streaming | meta:comprar_equipo_de_trabajo,balance_B:-11069000 | cobertura_L:0.692 | variabilidad_V:0.2346 | deuda_J:-0.0724,no_declarar_riesgo_solo_por_ingreso_variable | no_eliminar_hobbies_por_defecto | no_tratar_el_estado_como_identidad_permanente,sugerir,media,no,,"El estado uso_planificado_reserva describe únicamente la ventana hasta 2026-06-30 y se sustenta en balance, cobertura, recuperación, variabilidad y deuda.",VEN_0158_3 | inversion_productiva_observada | hobbies_identificados_sin_asumir_que_deban_eliminarse | balance_operativo_negativo | cobertura_esencial_reducida | recuperacion_demora_mas_de_20_dias,bajo,no_requerida,train,uso_planificado_reserva,si,recomendaciones_mvp_v1.1,fincoah_mvp_co_v1.1,eb61a239de17ed8e03ff6a3b28db7f0fa9285819ab1ae13827df0b4ca872ef4a
DEC_0159_04,PERF_0159,dentro_del_mvp,VEN_0159_1,2026-04-30,equilibrio_sostenible,REC_CREAR_MARGEN,Crear un margen pequeño y flexible antes de aumentar compromisos fijos.,prevencion,mejorar_vivienda,jardineria_y_agricultura_urbana | pintura,necesidades_esenciales | hobbies:jardineria_y_agricultura_urbana | pintura | meta:mejorar_vivienda,balance_B:506000 | cobertura_L:2.8765 | variabilidad_V:0.0 | deuda_J:0.0,no_declarar_riesgo_solo_por_ingreso_variable | no_eliminar_hobbies_por_defecto | no_tratar_el_estado_como_identidad_permanente,sugerir,media,no,,"El estado equilibrio_sostenible describe únicamente la ventana hasta 2026-04-30 y se sustenta en balance, cobertura, recuperación, variabilidad y deuda.",VEN_0159_1 | balance_operativo_no_negativo | cobertura_esencial_superior_a_un_mes | recuperacion_consistente | inversion_productiva_observada | hobbies_identificados_sin_asumir_que_deban_eliminarse | sin_factor_de_atencion_dominante,bajo,no_requerida,train,deterioro_reciente,si,recomendaciones_mvp_v1.1,fincoah_mvp_co_v1.1,82c546e906a19e786d0556f4342ef5b5891a26b884b541b9c35c5f0e7b794c4f
DEC_0159_05,PERF_0159,dentro_del_mvp,VEN_0159_2,2026-05-31,equilibrio_sostenible,REC_CREAR_MARGEN,Crear un margen pequeño y flexible antes de aumentar compromisos fijos.,prevencion,mejorar_vivienda,jardineria_y_agricultura_urbana | pintura,necesidades_esenciales | hobbies:jardineria_y_agricultura_urbana | pintura | meta:mejorar_vivienda,balance_B:421000 | cobertura_L:3.0549 | variabilidad_V:0.0664 | deuda_J:0.0,no_declarar_riesgo_solo_por_ingreso_variable | no_eliminar_hobbies_por_defecto | no_tratar_el_estado_como_identidad_permanente,sugerir,media,no,,"El estado equilibrio_sostenible describe únicamente la ventana hasta 2026-05-31 y se sustenta en balance, cobertura, recuperación, variabilidad y deuda.",VEN_0159_2 | balance_operativo_no_negativo | cobertura_esencial_superior_a_un_mes | recuperacion_consistente | inversion_productiva_observada | hobbies_identificados_sin_asumir_que_deban_eliminarse | recuperacion_demora_mas_de_20_dias,bajo,no_requerida,train,deterioro_reciente,si,recomendaciones_mvp_v1.1,fincoah_mvp_co_v1.1,71af98fe875658b737598964c3ca6d27345ac5c4923b9d1676a7c15bf7092612
DEC_0159_06,PERF_0159,dentro_del_mvp,VEN_0159_3,2026-06-30,deterioro_reciente,REC_REVISAR_CAMBIO_RECIENTE,Revisar el cambio reciente en ingresos y compromisos antes de modificar gastos personales valiosos.,diagnostico,mejorar_vivienda,jardineria_y_agricultura_urbana | pintura,necesidades_esenciales | hobbies:jardineria_y_agricultura_urbana | pintura | meta:mejorar_vivienda,balance_B:-2445000 | cobertura_L:1.3171 | variabilidad_V:0.1466 | deuda_J:0.0,no_declarar_riesgo_solo_por_ingreso_variable | no_eliminar_hobbies_por_defecto | no_tratar_el_estado_como_identidad_permanente,solicitar_contexto,alta,si,¿Ocurrió algún cambio puntual en tus ingresos o compromisos durante este cierre?,"El estado deterioro_reciente describe únicamente la ventana hasta 2026-06-30 y se sustenta en balance, cobertura, recuperación, variabilidad y deuda.",VEN_0159_3 | cobertura_esencial_superior_a_un_mes | recuperacion_consistente | inversion_productiva_observada | hobbies_identificados_sin_asumir_que_deban_eliminarse | balance_operativo_negativo | recuperacion_demora_mas_de_20_dias,podria_reducir_bienestar_o_desconocer_el_contexto,no_requerida,train,deterioro_reciente,si,recomendaciones_mvp_v1.1,fincoah_mvp_co_v1.1,f580278f4fe50cdbf40b6c80f7b1a33d192cad6879336579b678d21e8cff4e5f
DEC_0160_04,PERF_0160,dentro_del_mvp,VEN_0160_1,2026-04-30,deterioro_reciente,REC_REVISAR_CAMBIO_RECIENTE,Revisar el cambio reciente en ingresos y compromisos antes de modificar gastos personales valiosos.,diagnostico,mejorar_vivienda,ciclismo | turismo_y_viajes,necesidades_esenciales | hobbies:ciclismo | turismo_y_viajes | meta:mejorar_vivienda,balance_B:-2266000 | cobertura_L:0.0 | variabilidad_V:0.0 | deuda_J:-0.0058,no_declarar_riesgo_solo_por_ingreso_variable | no_eliminar_hobbies_por_defecto | no_tratar_el_estado_como_identidad_permanente,solicitar_contexto,alta,si,¿Ocurrió algún cambio puntual en tus ingresos o compromisos durante este cierre?,"El estado deterioro_reciente describe únicamente la ventana hasta 2026-04-30 y se sustenta en balance, cobertura, recuperación, variabilidad y deuda.",VEN_0160_1 | inversion_productiva_observada | hobbies_identificados_sin_asumir_que_deban_eliminarse | balance_operativo_negativo | cobertura_esencial_reducida | recuperacion_demora_mas_de_20_dias,podria_reducir_bienestar_o_desconocer_el_contexto,no_requerida,test,fragilidad_sostenida,si,recomendaciones_mvp_v1.1,fincoah_mvp_co_v1.1,719d6bc7ffedad65acbc04b1f0e9cb3ccca790a84707cc66e877a175a09b983e
DEC_0160_05,PERF_0160,dentro_del_mvp,VEN_0160_2,2026-05-31,fragilidad_sostenida,REC_PRIORIZAR_COBERTURA,"Priorizar vivienda, alimentación, salud y servicios; revisar opciones de renegociación de deuda sin eliminar automáticamente los hobbies.",proteccion_esencial,mejorar_vivienda,ciclismo | turismo_y_viajes,necesidades_esenciales | hobbies:ciclismo | turismo_y_viajes | meta:mejorar_vivienda,balance_B:-6631000 | cobertura_L:0.0 | variabilidad_V:0.111 | deuda_J:-0.0443,no_declarar_riesgo_solo_por_ingreso_variable | no_eliminar_hobbies_por_defecto | no_tratar_el_estado_como_identidad_permanente,aplicar,alta,no,,"El estado fragilidad_sostenida describe únicamente la ventana hasta 2026-05-31 y se sustenta en balance, cobertura, recuperación, variabilidad y deuda.",VEN_0160_2 | inversion_productiva_observada | hobbies_identificados_sin_asumir_que_deban_eliminarse | balance_operativo_negativo | cobertura_esencial_reducida | recuperacion_demora_mas_de_20_dias,podria_reducir_bienestar_o_desconocer_el_contexto,no_requerida,test,fragilidad_sostenida,si,recomendaciones_mvp_v1.1,fincoah_mvp_co_v1.1,c28702787cf917f4710fc44bb29eab0fb4b0fb0ff14ed60c61ffe91570e9170c
DEC_0160_06,PERF_0160,dentro_del_mvp,VEN_0160_3,2026-06-30,fragilidad_sostenida,REC_PRIORIZAR_COBERTURA,"Priorizar vivienda, alimentación, salud y servicios; revisar opciones de renegociación de deuda sin eliminar automáticamente los hobbies.",proteccion_esencial,mejorar_vivienda,ciclismo | turismo_y_viajes,necesidades_esenciales | hobbies:ciclismo | turismo_y_viajes | meta:mejorar_vivienda,balance_B:-11103000 | cobertura_L:0.0 | variabilidad_V:0.1208 | deuda_J:-0.0271,no_declarar_riesgo_solo_por_ingreso_variable | no_eliminar_hobbies_por_defecto | no_tratar_el_estado_como_identidad_permanente,aplicar,alta,no,,"El estado fragilidad_sostenida describe únicamente la ventana hasta 2026-06-30 y se sustenta en balance, cobertura, recuperación, variabilidad y deuda.",VEN_0160_3 | inversion_productiva_observada | hobbies_identificados_sin_asumir_que_deban_eliminarse | balance_operativo_negativo | cobertura_esencial_reducida | recuperacion_demora_mas_de_20_dias,podria_reducir_bienestar_o_desconocer_el_contexto,no_requerida,test,fragilidad_sostenida,si,recomendaciones_mvp_v1.1,fincoah_mvp_co_v1.1,ea09352b3ecc8954a30dc0d927c2a7da16236c2ea2687f89a956e7a3a22e4d19
DEC_0161_04,PERF_0161,dentro_del_mvp,VEN_0161_1,2026-04-30,fragilidad_sostenida,REC_PRIORIZAR_COBERTURA,"Priorizar vivienda, alimentación, salud y servicios; revisar opciones de renegociación de deuda sin eliminar automáticamente los hobbies.",proteccion_esencial,hacer_certificacion_profesional,pintura,necesidades_esenciales | hobbies:pintura | meta:hacer_certificacion_profesional,balance_B:-5984000 | cobertura_L:0.0 | variabilidad_V:0.0 | deuda_J:-0.084,no_declarar_riesgo_solo_por_ingreso_variable | no_eliminar_hobbies_por_defecto | no_tratar_el_estado_como_identidad_permanente,aplicar,alta,no,,"El estado fragilidad_sostenida describe únicamente la ventana hasta 2026-04-30 y se sustenta en balance, cobertura, recuperación, variabilidad y deuda.",VEN_0161_1 | inversion_productiva_observada | hobbies_identificados_sin_asumir_que_deban_eliminarse | balance_operativo_negativo | cobertura_esencial_reducida | recuperacion_demora_mas_de_20_dias,podria_reducir_bienestar_o_desconocer_el_contexto,no_requerida,train,situacion_critica,si,recomendaciones_mvp_v1.1,fincoah_mvp_co_v1.1,ed5194db3e65f32813ac7e193e821176185b7c531e2b5062d6e9e71c44b1946c
DEC_0161_05,PERF_0161,dentro_del_mvp,VEN_0161_2,2026-05-31,situacion_critica,REC_PLAN_CONTENCION,Activar un plan de contención centrado en necesidades esenciales y solicitar revisión humana para deuda y liquidez.,contencion_y_revision,hacer_certificacion_profesional,pintura,necesidades_esenciales | hobbies:pintura | meta:hacer_certificacion_profesional,balance_B:-15294000 | cobertura_L:0.0 | variabilidad_V:0.1333 | deuda_J:0.0476,no_declarar_riesgo_solo_por_ingreso_variable | no_eliminar_hobbies_por_defecto | no_tratar_el_estado_como_identidad_permanente,aplicar,critica,no,,"El estado situacion_critica describe únicamente la ventana hasta 2026-05-31 y se sustenta en balance, cobertura, recuperación, variabilidad y deuda.",VEN_0161_2 | inversion_productiva_observada | hobbies_identificados_sin_asumir_que_deban_eliminarse | balance_operativo_negativo | cobertura_esencial_reducida | recuperacion_demora_mas_de_20_dias,podria_reducir_bienestar_o_desconocer_el_contexto,requerida,train,situacion_critica,si,recomendaciones_mvp_v1.1,fincoah_mvp_co_v1.1,241e8099964ce2e4bd1a314b0247d448f7168c1696ed7d744d8f914de0f2f9c6
DEC_0161_06,PERF_0161,dentro_del_mvp,VEN_0161_3,2026-06-30,situacion_critica,REC_PLAN_CONTENCION,Activar un plan de contención centrado en necesidades esenciales y solicitar revisión humana para deuda y liquidez.,contencion_y_revision,hacer_certificacion_profesional,pintura,necesidades_esenciales | hobbies:pintura | meta:hacer_certificacion_profesional,balance_B:-25098000 | cobertura_L:0.0 | variabilidad_V:0.1946 | deuda_J:0.078,no_declarar_riesgo_solo_por_ingreso_variable | no_eliminar_hobbies_por_defecto | no_tratar_el_estado_como_identidad_permanente,aplicar,critica,no,,"El estado situacion_critica describe únicamente la ventana hasta 2026-06-30 y se sustenta en balance, cobertura, recuperación, variabilidad y deuda.",VEN_0161_3 | inversion_productiva_observada | hobbies_identificados_sin_asumir_que_deban_eliminarse | balance_operativo_negativo | cobertura_esencial_reducida | deuda_creciente | recuperacion_demora_mas_de_20_dias,podria_reducir_bienestar_o_desconocer_el_contexto,requerida,train,situacion_critica,si,recomendaciones_mvp_v1.1,fincoah_mvp_co_v1.1,77f84388303b031bf4dcaa6b1ed8840621bb7dc9cdc7bb77cafe73b044fcd9fc
DEC_0162_04,PERF_0162,dentro_del_mvp,VEN_0162_1,2026-04-30,acumulacion_estable,REC_MANTENER_ACUMULACION,Mantener el patrón actual y separar automáticamente una parte del excedente para la meta declarada.,mantenimiento_y_ahorro,ampliar_actividad_economica,cocina_y_reposteria | pintura,necesidades_esenciales | hobbies:cocina_y_reposteria | pintura | meta:ampliar_actividad_economica,balance_B:2754000 | cobertura_L:2.8072 | variabilidad_V:0.0 | deuda_J:-0.0128,no_declarar_riesgo_solo_por_ingreso_variable | no_eliminar_hobbies_por_defecto | no_tratar_el_estado_como_identidad_permanente,aplicar,media,no,,"El estado acumulacion_estable describe únicamente la ventana hasta 2026-04-30 y se sustenta en balance, cobertura, recuperación, variabilidad y deuda.",VEN_0162_1 | balance_operativo_no_negativo | cobertura_esencial_superior_a_un_mes | recuperacion_consistente | inversion_productiva_observada | hobbies_identificados_sin_asumir_que_deban_eliminarse | sin_factor_de_atencion_dominante,bajo,no_requerida,validation,acumulacion_estable,si,recomendaciones_mvp_v1.1,fincoah_mvp_co_v1.1,d8333798193700fdc6d8a5ab3aff04b1125657d95ac4ac5f76e851c48c2d02d3
DEC_0162_05,PERF_0162,dentro_del_mvp,VEN_0162_2,2026-05-31,acumulacion_estable,REC_MANTENER_ACUMULACION,Mantener el patrón actual y separar automáticamente una parte del excedente para la meta declarada.,mantenimiento_y_ahorro,ampliar_actividad_economica,cocina_y_reposteria | pintura,necesidades_esenciales | hobbies:cocina_y_reposteria | pintura | meta:ampliar_actividad_economica,balance_B:5261000 | cobertura_L:3.8559 | variabilidad_V:0.0199 | deuda_J:-0.0332,no_declarar_riesgo_solo_por_ingreso_variable | no_eliminar_hobbies_por_defecto | no_tratar_el_estado_como_identidad_permanente,aplicar,media,no,,"El estado acumulacion_estable describe únicamente la ventana hasta 2026-05-31 y se sustenta en balance, cobertura, recuperación, variabilidad y deuda.",VEN_0162_2 | balance_operativo_no_negativo | cobertura_esencial_superior_a_un_mes | recuperacion_consistente | inversion_productiva_observada | hobbies_identificados_sin_asumir_que_deban_eliminarse | sin_factor_de_atencion_dominante,bajo,no_requerida,validation,acumulacion_estable,si,recomendaciones_mvp_v1.1,fincoah_mvp_co_v1.1,3639d5c3869512db73b81878a5b0c31a9940ed062735eeac4f8b266fd40bdc91
DEC_0162_06,PERF_0162,dentro_del_mvp,VEN_0162_3,2026-06-30,acumulacion_estable,REC_MANTENER_ACUMULACION,Mantener el patrón actual y separar automáticamente una parte del excedente para la meta declarada.,mantenimiento_y_ahorro,ampliar_actividad_economica,cocina_y_reposteria | pintura,necesidades_esenciales | hobbies:cocina_y_reposteria | pintura | meta:ampliar_actividad_economica,balance_B:7711000 | cobertura_L:5.0723 | variabilidad_V:0.0215 | deuda_J:-0.046,no_declarar_riesgo_solo_por_ingreso_variable | no_eliminar_hobbies_por_defecto | no_tratar_el_estado_como_identidad_permanente,aplicar,media,no,,"El estado acumulacion_estable describe únicamente la ventana hasta 2026-06-30 y se sustenta en balance, cobertura, recuperación, variabilidad y deuda.",VEN_0162_3 | balance_operativo_no_negativo | cobertura_esencial_superior_a_un_mes | recuperacion_consistente | inversion_productiva_observada | hobbies_identificados_sin_asumir_que_deban_eliminarse | sin_factor_de_atencion_dominante,bajo,no_requerida,validation,acumulacion_estable,si,recomendaciones_mvp_v1.1,fincoah_mvp_co_v1.1,c4801acc7bad42a4caf8be3dbcc642fa97b6a8de77138bcd81e6d44e8bb04cec
DEC_0163_04,PERF_0163,dentro_del_mvp,VEN_0163_1,2026-04-30,equilibrio_sostenible,REC_CREAR_MARGEN,Crear un margen pequeño y flexible antes de aumentar compromisos fijos.,prevencion,crear_fondo_emergencia,manualidades_y_artesanias | cocina_y_reposteria,necesidades_esenciales | hobbies:manualidades_y_artesanias | cocina_y_reposteria | meta:crear_fondo_emergencia,balance_B:374000 | cobertura_L:0.7789 | variabilidad_V:0.0 | deuda_J:-0.2535,no_declarar_riesgo_solo_por_ingreso_variable | no_eliminar_hobbies_por_defecto | no_tratar_el_estado_como_identidad_permanente,sugerir,media,no,,"El estado equilibrio_sostenible describe únicamente la ventana hasta 2026-04-30 y se sustenta en balance, cobertura, recuperación, variabilidad y deuda.",VEN_0163_1 | balance_operativo_no_negativo | recuperacion_consistente | inversion_productiva_observada | hobbies_identificados_sin_asumir_que_deban_eliminarse | cobertura_esencial_reducida,bajo,no_requerida,test,equilibrio_sostenible,si,recomendaciones_mvp_v1.1,fincoah_mvp_co_v1.1,3538dfab4c3dc73eca8bdc277493a96123c7d1506fcb9a91c7007ae7c0686454
DEC_0163_05,PERF_0163,dentro_del_mvp,VEN_0163_2,2026-05-31,equilibrio_sostenible,REC_CREAR_MARGEN,Crear un margen pequeño y flexible antes de aumentar compromisos fijos.,prevencion,crear_fondo_emergencia,manualidades_y_artesanias | cocina_y_reposteria,necesidades_esenciales | hobbies:manualidades_y_artesanias | cocina_y_reposteria | meta:crear_fondo_emergencia,balance_B:901000 | cobertura_L:0.8708 | variabilidad_V:0.0195 | deuda_J:-0.4012,no_declarar_riesgo_solo_por_ingreso_variable | no_eliminar_hobbies_por_defecto | no_tratar_el_estado_como_identidad_permanente,sugerir,media,no,,"El estado equilibrio_sostenible describe únicamente la ventana hasta 2026-05-31 y se sustenta en balance, cobertura, recuperación, variabilidad y deuda.",VEN_0163_2 | balance_operativo_no_negativo | recuperacion_consistente | inversion_productiva_observada | hobbies_identificados_sin_asumir_que_deban_eliminarse | cobertura_esencial_reducida,bajo,no_requerida,test,equilibrio_sostenible,si,recomendaciones_mvp_v1.1,fincoah_mvp_co_v1.1,85dec609e354cc1f61cd051e9c18a84eb50f51aee2a07399906d584afd9dd87a
DEC_0163_06,PERF_0163,dentro_del_mvp,VEN_0163_3,2026-06-30,equilibrio_sostenible,REC_CREAR_MARGEN,Crear un margen pequeño y flexible antes de aumentar compromisos fijos.,prevencion,crear_fondo_emergencia,manualidades_y_artesanias | cocina_y_reposteria,necesidades_esenciales | hobbies:manualidades_y_artesanias | cocina_y_reposteria | meta:crear_fondo_emergencia,balance_B:970000 | cobertura_L:0.9352 | variabilidad_V:0.0502 | deuda_J:-0.4012,no_declarar_riesgo_solo_por_ingreso_variable | no_eliminar_hobbies_por_defecto | no_tratar_el_estado_como_identidad_permanente,sugerir,media,no,,"El estado equilibrio_sostenible describe únicamente la ventana hasta 2026-06-30 y se sustenta en balance, cobertura, recuperación, variabilidad y deuda.",VEN_0163_3 | balance_operativo_no_negativo | recuperacion_consistente | inversion_productiva_observada | hobbies_identificados_sin_asumir_que_deban_eliminarse | cobertura_esencial_reducida | recuperacion_demora_mas_de_20_dias,bajo,no_requerida,test,equilibrio_sostenible,si,recomendaciones_mvp_v1.1,fincoah_mvp_co_v1.1,28c6da1189e58b95b414d011610630c12587fbb36345b7e239d76286ea019451
DEC_0164_04,PERF_0164,dentro_del_mvp,VEN_0164_1,2026-04-30,equilibrio_sostenible,REC_CREAR_MARGEN,Crear un margen pequeño y flexible antes de aumentar compromisos fijos.,prevencion,crear_fondo_emergencia,musica,necesidades_esenciales | hobbies:musica | meta:crear_fondo_emergencia,balance_B:1787000 | cobertura_L:0.8365 | variabilidad_V:0.0 | deuda_J:-0.1138,no_declarar_riesgo_solo_por_ingreso_variable | no_eliminar_hobbies_por_defecto | no_tratar_el_estado_como_identidad_permanente,sugerir,media,no,,"El estado equilibrio_sostenible describe únicamente la ventana hasta 2026-04-30 y se sustenta en balance, cobertura, recuperación, variabilidad y deuda.",VEN_0164_1 | balance_operativo_no_negativo | inversion_productiva_observada | hobbies_identificados_sin_asumir_que_deban_eliminarse | cobertura_esencial_reducida,bajo,no_requerida,test,variable_resiliente,si,recomendaciones_mvp_v1.1,fincoah_mvp_co_v1.1,6584881f874eadd5c2e5ecae424c45acc49405c3a58da7e82c5c020bb9cd5532
DEC_0164_05,PERF_0164,dentro_del_mvp,VEN_0164_2,2026-05-31,variable_resiliente,REC_RESERVA_PICOS,Reservar parte de los meses altos para cubrir los periodos de menor ingreso sin tratar la variabilidad como falla.,gestion_ingreso_variable,crear_fondo_emergencia,musica,necesidades_esenciales | hobbies:musica | meta:crear_fondo_emergencia,balance_B:-2227000 | cobertura_L:0.0056 | variabilidad_V:0.2209 | deuda_J:-0.3348,no_declarar_riesgo_solo_por_ingreso_variable | no_eliminar_hobbies_por_defecto | no_tratar_el_estado_como_identidad_permanente,aplicar,alta,no,,"El estado variable_resiliente describe únicamente la ventana hasta 2026-05-31 y se sustenta en balance, cobertura, recuperación, variabilidad y deuda.",VEN_0164_2 | inversion_productiva_observada | hobbies_identificados_sin_asumir_que_deban_eliminarse | balance_operativo_negativo | cobertura_esencial_reducida | recuperacion_demora_mas_de_20_dias,bajo,no_requerida,test,variable_resiliente,si,recomendaciones_mvp_v1.1,fincoah_mvp_co_v1.1,d4608acbcc8050ff10b22e12d9ceeb80fa9e76866a0ab844fa2cab8426cfd90b
DEC_0164_06,PERF_0164,dentro_del_mvp,VEN_0164_3,2026-06-30,variable_resiliente,REC_RESERVA_PICOS,Reservar parte de los meses altos para cubrir los periodos de menor ingreso sin tratar la variabilidad como falla.,gestion_ingreso_variable,crear_fondo_emergencia,musica,necesidades_esenciales | hobbies:musica | meta:crear_fondo_emergencia,balance_B:-4915000 | cobertura_L:0.0 | variabilidad_V:0.1842 | deuda_J:-0.427,no_declarar_riesgo_solo_por_ingreso_variable | no_eliminar_hobbies_por_defecto | no_tratar_el_estado_como_identidad_permanente,aplicar,alta,no,,"El estado variable_resiliente describe únicamente la ventana hasta 2026-06-30 y se sustenta en balance, cobertura, recuperación, variabilidad y deuda.",VEN_0164_3 | inversion_productiva_observada | hobbies_identificados_sin_asumir_que_deban_eliminarse | balance_operativo_negativo | cobertura_esencial_reducida | recuperacion_demora_mas_de_20_dias,bajo,no_requerida,test,variable_resiliente,si,recomendaciones_mvp_v1.1,fincoah_mvp_co_v1.1,9ed090f27210803d4e104a611debb9b1ca73efbfd5573d46d35185b4264b0268
DEC_0165_04,PERF_0165,dentro_del_mvp,VEN_0165_1,2026-04-30,acumulacion_estable,REC_MANTENER_ACUMULACION,Mantener el patrón actual y separar automáticamente una parte del excedente para la meta declarada.,mantenimiento_y_ahorro,mejorar_vivienda,fotografia_y_video | musica,necesidades_esenciales | hobbies:fotografia_y_video | musica | meta:mejorar_vivienda,balance_B:1923000 | cobertura_L:11.3033 | variabilidad_V:0.0 | deuda_J:-0.008,no_declarar_riesgo_solo_por_ingreso_variable | no_eliminar_hobbies_por_defecto | no_tratar_el_estado_como_identidad_permanente,aplicar,media,no,,"El estado acumulacion_estable describe únicamente la ventana hasta 2026-04-30 y se sustenta en balance, cobertura, recuperación, variabilidad y deuda.",VEN_0165_1 | balance_operativo_no_negativo | cobertura_esencial_superior_a_un_mes | recuperacion_consistente | inversion_productiva_observada | hobbies_identificados_sin_asumir_que_deban_eliminarse | sin_factor_de_atencion_dominante,bajo,no_requerida,train,uso_planificado_reserva,si,recomendaciones_mvp_v1.1,fincoah_mvp_co_v1.1,a5716bbb74e499eed6db9cc204c9fd2acac6ec60be23e1561ee7f78bbcd093fc
DEC_0165_05,PERF_0165,dentro_del_mvp,VEN_0165_2,2026-05-31,uso_planificado_reserva,REC_VIGILAR_RESERVA,Mantener el gasto alineado con la meta y revisar que la reserva conserve cobertura suficiente durante el siguiente cierre.,seguimiento_meta,mejorar_vivienda,fotografia_y_video | musica,necesidades_esenciales | hobbies:fotografia_y_video | musica | meta:mejorar_vivienda,balance_B:-2516000 | cobertura_L:3.9295 | variabilidad_V:0.1987 | deuda_J:-0.0579,no_declarar_riesgo_solo_por_ingreso_variable | no_eliminar_hobbies_por_defecto | no_tratar_el_estado_como_identidad_permanente,sugerir,media,no,,"El estado uso_planificado_reserva describe únicamente la ventana hasta 2026-05-31 y se sustenta en balance, cobertura, recuperación, variabilidad y deuda.",VEN_0165_2 | cobertura_esencial_superior_a_un_mes | recuperacion_consistente | inversion_productiva_observada | hobbies_identificados_sin_asumir_que_deban_eliminarse | balance_operativo_negativo | recuperacion_demora_mas_de_20_dias,bajo,no_requerida,train,uso_planificado_reserva,si,recomendaciones_mvp_v1.1,fincoah_mvp_co_v1.1,b4df3b99d81b0a0932c6e0b82d5e06ec8e8256e2b5983225f22c0d6f41e84762
DEC_0165_06,PERF_0165,dentro_del_mvp,VEN_0165_3,2026-06-30,uso_planificado_reserva,REC_VIGILAR_RESERVA,Mantener el gasto alineado con la meta y revisar que la reserva conserve cobertura suficiente durante el siguiente cierre.,seguimiento_meta,mejorar_vivienda,fotografia_y_video | musica,necesidades_esenciales | hobbies:fotografia_y_video | musica | meta:mejorar_vivienda,balance_B:-7184000 | cobertura_L:2.0696 | variabilidad_V:0.2208 | deuda_J:-0.081,no_declarar_riesgo_solo_por_ingreso_variable | no_eliminar_hobbies_por_defecto | no_tratar_el_estado_como_identidad_permanente,sugerir,media,no,,"El estado uso_planificado_reserva describe únicamente la ventana hasta 2026-06-30 y se sustenta en balance, cobertura, recuperación, variabilidad y deuda.",VEN_0165_3 | cobertura_esencial_superior_a_un_mes | recuperacion_consistente | inversion_productiva_observada | hobbies_identificados_sin_asumir_que_deban_eliminarse | balance_operativo_negativo | recuperacion_demora_mas_de_20_dias,bajo,no_requerida,train,uso_planificado_reserva,si,recomendaciones_mvp_v1.1,fincoah_mvp_co_v1.1,4252f17aeb4b118754959683e1faaede24c384f359d753cf6be5ddbee49011fe
DEC_0166_04,PERF_0166,dentro_del_mvp,VEN_0166_1,2026-04-30,equilibrio_sostenible,REC_CREAR_MARGEN,Crear un margen pequeño y flexible antes de aumentar compromisos fijos.,prevencion,crear_fondo_emergencia,videojuegos_y_streaming | jardineria_y_agricultura_urbana,necesidades_esenciales | hobbies:videojuegos_y_streaming | jardineria_y_agricultura_urbana | meta:crear_fondo_emergencia,balance_B:881000 | cobertura_L:1.5179 | variabilidad_V:0.0 | deuda_J:0.0,no_declarar_riesgo_solo_por_ingreso_variable | no_eliminar_hobbies_por_defecto | no_tratar_el_estado_como_identidad_permanente,sugerir,media,no,,"El estado equilibrio_sostenible describe únicamente la ventana hasta 2026-04-30 y se sustenta en balance, cobertura, recuperación, variabilidad y deuda.",VEN_0166_1 | balance_operativo_no_negativo | cobertura_esencial_superior_a_un_mes | inversion_productiva_observada | hobbies_identificados_sin_asumir_que_deban_eliminarse | sin_factor_de_atencion_dominante,bajo,no_requerida,train,deterioro_reciente,si,recomendaciones_mvp_v1.1,fincoah_mvp_co_v1.1,577bcfeffb937914a2db06df0c75dc29ea7bfb7f4aee08ab2876d15d5ad74641
DEC_0166_05,PERF_0166,dentro_del_mvp,VEN_0166_2,2026-05-31,equilibrio_sostenible,REC_CREAR_MARGEN,Crear un margen pequeño y flexible antes de aumentar compromisos fijos.,prevencion,crear_fondo_emergencia,videojuegos_y_streaming | jardineria_y_agricultura_urbana,necesidades_esenciales | hobbies:videojuegos_y_streaming | jardineria_y_agricultura_urbana | meta:crear_fondo_emergencia,balance_B:907000 | cobertura_L:1.5111 | variabilidad_V:0.0761 | deuda_J:0.0,no_declarar_riesgo_solo_por_ingreso_variable | no_eliminar_hobbies_por_defecto | no_tratar_el_estado_como_identidad_permanente,sugerir,media,no,,"El estado equilibrio_sostenible describe únicamente la ventana hasta 2026-05-31 y se sustenta en balance, cobertura, recuperación, variabilidad y deuda.",VEN_0166_2 | balance_operativo_no_negativo | cobertura_esencial_superior_a_un_mes | recuperacion_consistente | inversion_productiva_observada | hobbies_identificados_sin_asumir_que_deban_eliminarse | recuperacion_demora_mas_de_20_dias,bajo,no_requerida,train,deterioro_reciente,si,recomendaciones_mvp_v1.1,fincoah_mvp_co_v1.1,1d806cf405732ea069b3071d34f474bb06dd11d10d4bc768975beda8da0f306d
DEC_0166_06,PERF_0166,dentro_del_mvp,VEN_0166_3,2026-06-30,deterioro_reciente,REC_REVISAR_CAMBIO_RECIENTE,Revisar el cambio reciente en ingresos y compromisos antes de modificar gastos personales valiosos.,diagnostico,crear_fondo_emergencia,videojuegos_y_streaming | jardineria_y_agricultura_urbana,necesidades_esenciales | hobbies:videojuegos_y_streaming | jardineria_y_agricultura_urbana | meta:crear_fondo_emergencia,balance_B:-2210000 | cobertura_L:0.339 | variabilidad_V:0.1302 | deuda_J:0.0,no_declarar_riesgo_solo_por_ingreso_variable | no_eliminar_hobbies_por_defecto | no_tratar_el_estado_como_identidad_permanente,solicitar_contexto,alta,si,¿Ocurrió algún cambio puntual en tus ingresos o compromisos durante este cierre?,"El estado deterioro_reciente describe únicamente la ventana hasta 2026-06-30 y se sustenta en balance, cobertura, recuperación, variabilidad y deuda.",VEN_0166_3 | recuperacion_consistente | inversion_productiva_observada | hobbies_identificados_sin_asumir_que_deban_eliminarse | balance_operativo_negativo | cobertura_esencial_reducida | recuperacion_demora_mas_de_20_dias,podria_reducir_bienestar_o_desconocer_el_contexto,no_requerida,train,deterioro_reciente,si,recomendaciones_mvp_v1.1,fincoah_mvp_co_v1.1,4e1b66076bda1b9f7e6ddecba383f31198ba5f3f6d1e5801eb15979c99cabd60
DEC_0167_04,PERF_0167,dentro_del_mvp,VEN_0167_1,2026-04-30,deterioro_reciente,REC_REVISAR_CAMBIO_RECIENTE,Revisar el cambio reciente en ingresos y compromisos antes de modificar gastos personales valiosos.,diagnostico,comprar_equipo_de_trabajo,turismo_y_viajes,necesidades_esenciales | hobbies:turismo_y_viajes | meta:comprar_equipo_de_trabajo,balance_B:-1732000 | cobertura_L:0.0 | variabilidad_V:0.0 | deuda_J:-0.026,no_declarar_riesgo_solo_por_ingreso_variable | no_eliminar_hobbies_por_defecto | no_tratar_el_estado_como_identidad_permanente,solicitar_contexto,alta,si,¿Ocurrió algún cambio puntual en tus ingresos o compromisos durante este cierre?,"El estado deterioro_reciente describe únicamente la ventana hasta 2026-04-30 y se sustenta en balance, cobertura, recuperación, variabilidad y deuda.",VEN_0167_1 | inversion_productiva_observada | hobbies_identificados_sin_asumir_que_deban_eliminarse | balance_operativo_negativo | cobertura_esencial_reducida,podria_reducir_bienestar_o_desconocer_el_contexto,no_requerida,train,fragilidad_sostenida,si,recomendaciones_mvp_v1.1,fincoah_mvp_co_v1.1,3b768c6f710d036d97b8eddf95aa1cc9890caf68e44cc72a0e01e43f736549ec
DEC_0167_05,PERF_0167,dentro_del_mvp,VEN_0167_2,2026-05-31,fragilidad_sostenida,REC_PRIORIZAR_COBERTURA,"Priorizar vivienda, alimentación, salud y servicios; revisar opciones de renegociación de deuda sin eliminar automáticamente los hobbies.",proteccion_esencial,comprar_equipo_de_trabajo,turismo_y_viajes,necesidades_esenciales | hobbies:turismo_y_viajes | meta:comprar_equipo_de_trabajo,balance_B:-4936000 | cobertura_L:0.0 | variabilidad_V:0.0607 | deuda_J:-0.0039,no_declarar_riesgo_solo_por_ingreso_variable | no_eliminar_hobbies_por_defecto | no_tratar_el_estado_como_identidad_permanente,aplicar,alta,no,,"El estado fragilidad_sostenida describe únicamente la ventana hasta 2026-05-31 y se sustenta en balance, cobertura, recuperación, variabilidad y deuda.",VEN_0167_2 | inversion_productiva_observada | hobbies_identificados_sin_asumir_que_deban_eliminarse | balance_operativo_negativo | cobertura_esencial_reducida | recuperacion_demora_mas_de_20_dias,podria_reducir_bienestar_o_desconocer_el_contexto,no_requerida,train,fragilidad_sostenida,si,recomendaciones_mvp_v1.1,fincoah_mvp_co_v1.1,61d9a81d1d9a0db7081747c0cceff432c89f842b943771ab347f8a62ca6b0c2c
DEC_0167_06,PERF_0167,dentro_del_mvp,VEN_0167_3,2026-06-30,fragilidad_sostenida,REC_PRIORIZAR_COBERTURA,"Priorizar vivienda, alimentación, salud y servicios; revisar opciones de renegociación de deuda sin eliminar automáticamente los hobbies.",proteccion_esencial,comprar_equipo_de_trabajo,turismo_y_viajes,necesidades_esenciales | hobbies:turismo_y_viajes | meta:comprar_equipo_de_trabajo,balance_B:-8522000 | cobertura_L:0.0 | variabilidad_V:0.1242 | deuda_J:0.0096,no_declarar_riesgo_solo_por_ingreso_variable | no_eliminar_hobbies_por_defecto | no_tratar_el_estado_como_identidad_permanente,aplicar,alta,no,,"El estado fragilidad_sostenida describe únicamente la ventana hasta 2026-06-30 y se sustenta en balance, cobertura, recuperación, variabilidad y deuda.",VEN_0167_3 | inversion_productiva_observada | hobbies_identificados_sin_asumir_que_deban_eliminarse | balance_operativo_negativo | cobertura_esencial_reducida | recuperacion_demora_mas_de_20_dias,podria_reducir_bienestar_o_desconocer_el_contexto,no_requerida,train,fragilidad_sostenida,si,recomendaciones_mvp_v1.1,fincoah_mvp_co_v1.1,fd0b27f33becb99540bf712c5df40d69d303abb266f32378f177bf1b5b5fc150
DEC_0168_04,PERF_0168,dentro_del_mvp,VEN_0168_1,2026-04-30,fragilidad_sostenida,REC_PRIORIZAR_COBERTURA,"Priorizar vivienda, alimentación, salud y servicios; revisar opciones de renegociación de deuda sin eliminar automáticamente los hobbies.",proteccion_esencial,comprar_bicicleta,impresion_3d | musica,necesidades_esenciales | hobbies:impresion_3d | musica | meta:comprar_bicicleta,balance_B:-4285000 | cobertura_L:0.0 | variabilidad_V:0.0 | deuda_J:-0.0406,no_declarar_riesgo_solo_por_ingreso_variable | no_eliminar_hobbies_por_defecto | no_tratar_el_estado_como_identidad_permanente,aplicar,alta,no,,"El estado fragilidad_sostenida describe únicamente la ventana hasta 2026-04-30 y se sustenta en balance, cobertura, recuperación, variabilidad y deuda.",VEN_0168_1 | inversion_productiva_observada | hobbies_identificados_sin_asumir_que_deban_eliminarse | balance_operativo_negativo | cobertura_esencial_reducida | recuperacion_demora_mas_de_20_dias,podria_reducir_bienestar_o_desconocer_el_contexto,no_requerida,train,situacion_critica,si,recomendaciones_mvp_v1.1,fincoah_mvp_co_v1.1,4187de5fd87d75fa2a67e83d9d961a535e9284c6d2ed49b6ef8aaa9259cf4b7d
DEC_0168_05,PERF_0168,dentro_del_mvp,VEN_0168_2,2026-05-31,situacion_critica,REC_PLAN_CONTENCION,Activar un plan de contención centrado en necesidades esenciales y solicitar revisión humana para deuda y liquidez.,contencion_y_revision,comprar_bicicleta,impresion_3d | musica,necesidades_esenciales | hobbies:impresion_3d | musica | meta:comprar_bicicleta,balance_B:-10927000 | cobertura_L:0.0 | variabilidad_V:0.1489 | deuda_J:0.0175,no_declarar_riesgo_solo_por_ingreso_variable | no_eliminar_hobbies_por_defecto | no_tratar_el_estado_como_identidad_permanente,aplicar,critica,no,,"El estado situacion_critica describe únicamente la ventana hasta 2026-05-31 y se sustenta en balance, cobertura, recuperación, variabilidad y deuda.",VEN_0168_2 | inversion_productiva_observada | hobbies_identificados_sin_asumir_que_deban_eliminarse | balance_operativo_negativo | cobertura_esencial_reducida | recuperacion_demora_mas_de_20_dias,podria_reducir_bienestar_o_desconocer_el_contexto,requerida,train,situacion_critica,si,recomendaciones_mvp_v1.1,fincoah_mvp_co_v1.1,2160f3a160ad86141653bae4a5f996039f2a94c9c730cda50d5be2d9ee2e8b7b
DEC_0168_06,PERF_0168,dentro_del_mvp,VEN_0168_3,2026-06-30,situacion_critica,REC_PLAN_CONTENCION,Activar un plan de contención centrado en necesidades esenciales y solicitar revisión humana para deuda y liquidez.,contencion_y_revision,comprar_bicicleta,impresion_3d | musica,necesidades_esenciales | hobbies:impresion_3d | musica | meta:comprar_bicicleta,balance_B:-17283000 | cobertura_L:0.0 | variabilidad_V:0.1221 | deuda_J:0.1184,no_declarar_riesgo_solo_por_ingreso_variable | no_eliminar_hobbies_por_defecto | no_tratar_el_estado_como_identidad_permanente,aplicar,critica,no,,"El estado situacion_critica describe únicamente la ventana hasta 2026-06-30 y se sustenta en balance, cobertura, recuperación, variabilidad y deuda.",VEN_0168_3 | inversion_productiva_observada | hobbies_identificados_sin_asumir_que_deban_eliminarse | balance_operativo_negativo | cobertura_esencial_reducida | deuda_creciente | recuperacion_demora_mas_de_20_dias,podria_reducir_bienestar_o_desconocer_el_contexto,requerida,train,situacion_critica,si,recomendaciones_mvp_v1.1,fincoah_mvp_co_v1.1,3b35433b2efc4fb42d922c440a765ce725d7dc3d00b1b3d68092002b955ff1e3
DEC_0169_04,PERF_0169,dentro_del_mvp,VEN_0169_1,2026-04-30,acumulacion_estable,REC_MANTENER_ACUMULACION,Mantener el patrón actual y separar automáticamente una parte del excedente para la meta declarada.,mantenimiento_y_ahorro,comprar_bicicleta,jardineria_y_agricultura_urbana | videojuegos_y_streaming,necesidades_esenciales | hobbies:jardineria_y_agricultura_urbana | videojuegos_y_streaming | meta:comprar_bicicleta,balance_B:1568000 | cobertura_L:4.1281 | variabilidad_V:0.0 | deuda_J:-0.0966,no_declarar_riesgo_solo_por_ingreso_variable | no_eliminar_hobbies_por_defecto | no_tratar_el_estado_como_identidad_permanente,aplicar,media,no,,"El estado acumulacion_estable describe únicamente la ventana hasta 2026-04-30 y se sustenta en balance, cobertura, recuperación, variabilidad y deuda.",VEN_0169_1 | balance_operativo_no_negativo | cobertura_esencial_superior_a_un_mes | recuperacion_consistente | inversion_productiva_observada | hobbies_identificados_sin_asumir_que_deban_eliminarse | sin_factor_de_atencion_dominante,bajo,no_requerida,train,acumulacion_estable,si,recomendaciones_mvp_v1.1,fincoah_mvp_co_v1.1,423483e4409f644ea5596761b6324eb6938f9aa595dc530818f713d035461538
DEC_0169_05,PERF_0169,dentro_del_mvp,VEN_0169_2,2026-05-31,acumulacion_estable,REC_MANTENER_ACUMULACION,Mantener el patrón actual y separar automáticamente una parte del excedente para la meta declarada.,mantenimiento_y_ahorro,comprar_bicicleta,jardineria_y_agricultura_urbana | videojuegos_y_streaming,necesidades_esenciales | hobbies:jardineria_y_agricultura_urbana | videojuegos_y_streaming | meta:comprar_bicicleta,balance_B:3189000 | cobertura_L:4.7994 | variabilidad_V:0.0064 | deuda_J:-0.4157,no_declarar_riesgo_solo_por_ingreso_variable | no_eliminar_hobbies_por_defecto | no_tratar_el_estado_como_identidad_permanente,aplicar,media,no,,"El estado acumulacion_estable describe únicamente la ventana hasta 2026-05-31 y se sustenta en balance, cobertura, recuperación, variabilidad y deuda.",VEN_0169_2 | balance_operativo_no_negativo | cobertura_esencial_superior_a_un_mes | recuperacion_consistente | inversion_productiva_observada | hobbies_identificados_sin_asumir_que_deban_eliminarse | sin_factor_de_atencion_dominante,bajo,no_requerida,train,acumulacion_estable,si,recomendaciones_mvp_v1.1,fincoah_mvp_co_v1.1,10f2d6d9069dc5f6ce947899e8bbe0e8079af9cdad6a24d8abcf133dfe1115c2
DEC_0169_06,PERF_0169,dentro_del_mvp,VEN_0169_3,2026-06-30,acumulacion_estable,REC_MANTENER_ACUMULACION,Mantener el patrón actual y separar automáticamente una parte del excedente para la meta declarada.,mantenimiento_y_ahorro,comprar_bicicleta,jardineria_y_agricultura_urbana | videojuegos_y_streaming,necesidades_esenciales | hobbies:jardineria_y_agricultura_urbana | videojuegos_y_streaming | meta:comprar_bicicleta,balance_B:4630000 | cobertura_L:5.3886 | variabilidad_V:0.0184 | deuda_J:-0.8902,no_declarar_riesgo_solo_por_ingreso_variable | no_eliminar_hobbies_por_defecto | no_tratar_el_estado_como_identidad_permanente,aplicar,media,no,,"El estado acumulacion_estable describe únicamente la ventana hasta 2026-06-30 y se sustenta en balance, cobertura, recuperación, variabilidad y deuda.",VEN_0169_3 | balance_operativo_no_negativo | cobertura_esencial_superior_a_un_mes | recuperacion_consistente | inversion_productiva_observada | hobbies_identificados_sin_asumir_que_deban_eliminarse | recuperacion_demora_mas_de_20_dias,bajo,no_requerida,train,acumulacion_estable,si,recomendaciones_mvp_v1.1,fincoah_mvp_co_v1.1,2d505bfaf493fde26ee4db13fc1e0f3d3a78c2556f03e7cdbd3395633623c0ef
DEC_0170_04,PERF_0170,dentro_del_mvp,VEN_0170_1,2026-04-30,equilibrio_sostenible,REC_CREAR_MARGEN,Crear un margen pequeño y flexible antes de aumentar compromisos fijos.,prevencion,crear_fondo_emergencia,ciclismo | fotografia_y_video,necesidades_esenciales | hobbies:ciclismo | fotografia_y_video | meta:crear_fondo_emergencia,balance_B:1339000 | cobertura_L:1.4178 | variabilidad_V:0.0 | deuda_J:0.0,no_declarar_riesgo_solo_por_ingreso_variable | no_eliminar_hobbies_por_defecto | no_tratar_el_estado_como_identidad_permanente,sugerir,media,no,,"El estado equilibrio_sostenible describe únicamente la ventana hasta 2026-04-30 y se sustenta en balance, cobertura, recuperación, variabilidad y deuda.",VEN_0170_1 | balance_operativo_no_negativo | cobertura_esencial_superior_a_un_mes | inversion_productiva_observada | hobbies_identificados_sin_asumir_que_deban_eliminarse | sin_factor_de_atencion_dominante,bajo,no_requerida,validation,equilibrio_sostenible,si,recomendaciones_mvp_v1.1,fincoah_mvp_co_v1.1,2517e171a80697d660480718fe91356ffc69e84e63139c0592682896e1ea2b3e
DEC_0170_05,PERF_0170,dentro_del_mvp,VEN_0170_2,2026-05-31,equilibrio_sostenible,REC_CREAR_MARGEN,Crear un margen pequeño y flexible antes de aumentar compromisos fijos.,prevencion,crear_fondo_emergencia,ciclismo | fotografia_y_video,necesidades_esenciales | hobbies:ciclismo | fotografia_y_video | meta:crear_fondo_emergencia,balance_B:1603000 | cobertura_L:1.3698 | variabilidad_V:0.0805 | deuda_J:0.0,no_declarar_riesgo_solo_por_ingreso_variable | no_eliminar_hobbies_por_defecto | no_tratar_el_estado_como_identidad_permanente,sugerir,media,no,,"El estado equilibrio_sostenible describe únicamente la ventana hasta 2026-05-31 y se sustenta en balance, cobertura, recuperación, variabilidad y deuda.",VEN_0170_2 | balance_operativo_no_negativo | cobertura_esencial_superior_a_un_mes | recuperacion_consistente | inversion_productiva_observada | hobbies_identificados_sin_asumir_que_deban_eliminarse | recuperacion_demora_mas_de_20_dias,bajo,no_requerida,validation,equilibrio_sostenible,si,recomendaciones_mvp_v1.1,fincoah_mvp_co_v1.1,e3c1a33b71bcdf0f80730cc2574dadc4a371bff28f52c374d2bd90d0bc08f9a1
DEC_0170_06,PERF_0170,dentro_del_mvp,VEN_0170_3,2026-06-30,equilibrio_sostenible,REC_CREAR_MARGEN,Crear un margen pequeño y flexible antes de aumentar compromisos fijos.,prevencion,crear_fondo_emergencia,ciclismo | fotografia_y_video,necesidades_esenciales | hobbies:ciclismo | fotografia_y_video | meta:crear_fondo_emergencia,balance_B:1970000 | cobertura_L:1.6415 | variabilidad_V:0.0742 | deuda_J:0.0,no_declarar_riesgo_solo_por_ingreso_variable | no_eliminar_hobbies_por_defecto | no_tratar_el_estado_como_identidad_permanente,sugerir,media,no,,"El estado equilibrio_sostenible describe únicamente la ventana hasta 2026-06-30 y se sustenta en balance, cobertura, recuperación, variabilidad y deuda.",VEN_0170_3 | balance_operativo_no_negativo | cobertura_esencial_superior_a_un_mes | recuperacion_consistente | inversion_productiva_observada | hobbies_identificados_sin_asumir_que_deban_eliminarse | sin_factor_de_atencion_dominante,bajo,no_requerida,validation,equilibrio_sostenible,si,recomendaciones_mvp_v1.1,fincoah_mvp_co_v1.1,55c331d9f03d56426f23553b2acb36a7b4988aca1e904d615bb6a23dbb3c1461
DEC_0171_04,PERF_0171,dentro_del_mvp,VEN_0171_1,2026-04-30,equilibrio_sostenible,REC_CREAR_MARGEN,Crear un margen pequeño y flexible antes de aumentar compromisos fijos.,prevencion,crear_fondo_emergencia,pintura,necesidades_esenciales | hobbies:pintura | meta:crear_fondo_emergencia,balance_B:843000 | cobertura_L:1.0275 | variabilidad_V:0.0 | deuda_J:0.0,no_declarar_riesgo_solo_por_ingreso_variable | no_eliminar_hobbies_por_defecto | no_tratar_el_estado_como_identidad_permanente,sugerir,media,no,,"El estado equilibrio_sostenible describe únicamente la ventana hasta 2026-04-30 y se sustenta en balance, cobertura, recuperación, variabilidad y deuda.",VEN_0171_1 | balance_operativo_no_negativo | cobertura_esencial_superior_a_un_mes | inversion_productiva_observada | hobbies_identificados_sin_asumir_que_deban_eliminarse | sin_factor_de_atencion_dominante,bajo,no_requerida,test,variable_resiliente,si,recomendaciones_mvp_v1.1,fincoah_mvp_co_v1.1,7943b7d2a86b0a5b19a577cd087387cf8191caa0f201a9973a7f44a5b381a6fe
DEC_0171_05,PERF_0171,dentro_del_mvp,VEN_0171_2,2026-05-31,variable_resiliente,REC_RESERVA_PICOS,Reservar parte de los meses altos para cubrir los periodos de menor ingreso sin tratar la variabilidad como falla.,gestion_ingreso_variable,crear_fondo_emergencia,pintura,necesidades_esenciales | hobbies:pintura | meta:crear_fondo_emergencia,balance_B:-3456000 | cobertura_L:0.1674 | variabilidad_V:0.1782 | deuda_J:0.0,no_declarar_riesgo_solo_por_ingreso_variable | no_eliminar_hobbies_por_defecto | no_tratar_el_estado_como_identidad_permanente,aplicar,alta,no,,"El estado variable_resiliente describe únicamente la ventana hasta 2026-05-31 y se sustenta en balance, cobertura, recuperación, variabilidad y deuda.",VEN_0171_2 | inversion_productiva_observada | hobbies_identificados_sin_asumir_que_deban_eliminarse | balance_operativo_negativo | cobertura_esencial_reducida | recuperacion_demora_mas_de_20_dias,bajo,no_requerida,test,variable_resiliente,si,recomendaciones_mvp_v1.1,fincoah_mvp_co_v1.1,07aab00b34183695caf8b24c817c1aa898a4708725d0e7b82b47eea503109ef1
DEC_0171_06,PERF_0171,dentro_del_mvp,VEN_0171_3,2026-06-30,variable_resiliente,REC_RESERVA_PICOS,Reservar parte de los meses altos para cubrir los periodos de menor ingreso sin tratar la variabilidad como falla.,gestion_ingreso_variable,crear_fondo_emergencia,pintura,necesidades_esenciales | hobbies:pintura | meta:crear_fondo_emergencia,balance_B:3532000 | cobertura_L:1.8806 | variabilidad_V:0.2965 | deuda_J:0.0,no_declarar_riesgo_solo_por_ingreso_variable | no_eliminar_hobbies_por_defecto | no_tratar_el_estado_como_identidad_permanente,aplicar,alta,no,,"El estado variable_resiliente describe únicamente la ventana hasta 2026-06-30 y se sustenta en balance, cobertura, recuperación, variabilidad y deuda.",VEN_0171_3 | balance_operativo_no_negativo | cobertura_esencial_superior_a_un_mes | recuperacion_consistente | inversion_productiva_observada | hobbies_identificados_sin_asumir_que_deban_eliminarse | sin_factor_de_atencion_dominante,bajo,no_requerida,test,variable_resiliente,si,recomendaciones_mvp_v1.1,fincoah_mvp_co_v1.1,3b27724d2c62c7d92da2f00a7977eec61beb7de86fb3e8be539855c77e5a531c
DEC_0172_04,PERF_0172,dentro_del_mvp,VEN_0172_1,2026-04-30,acumulacion_estable,REC_MANTENER_ACUMULACION,Mantener el patrón actual y separar automáticamente una parte del excedente para la meta declarada.,mantenimiento_y_ahorro,hacer_certificacion_profesional,cocina_y_reposteria | videojuegos_y_streaming,necesidades_esenciales | hobbies:cocina_y_reposteria | videojuegos_y_streaming | meta:hacer_certificacion_profesional,balance_B:2720000 | cobertura_L:9.8072 | variabilidad_V:0.0 | deuda_J:0.0,no_declarar_riesgo_solo_por_ingreso_variable | no_eliminar_hobbies_por_defecto | no_tratar_el_estado_como_identidad_permanente,aplicar,media,no,,"El estado acumulacion_estable describe únicamente la ventana hasta 2026-04-30 y se sustenta en balance, cobertura, recuperación, variabilidad y deuda.",VEN_0172_1 | balance_operativo_no_negativo | cobertura_esencial_superior_a_un_mes | recuperacion_consistente | inversion_productiva_observada | hobbies_identificados_sin_asumir_que_deban_eliminarse | sin_factor_de_atencion_dominante,bajo,no_requerida,train,uso_planificado_reserva,si,recomendaciones_mvp_v1.1,fincoah_mvp_co_v1.1,8cb2a3e0f7eb623af945afe499f36faa297e9c8b2d08d398c6b5ad24ab595299
DEC_0172_05,PERF_0172,dentro_del_mvp,VEN_0172_2,2026-05-31,uso_planificado_reserva,REC_VIGILAR_RESERVA,Mantener el gasto alineado con la meta y revisar que la reserva conserve cobertura suficiente durante el siguiente cierre.,seguimiento_meta,hacer_certificacion_profesional,cocina_y_reposteria | videojuegos_y_streaming,necesidades_esenciales | hobbies:cocina_y_reposteria | videojuegos_y_streaming | meta:hacer_certificacion_profesional,balance_B:-4192000 | cobertura_L:3.3669 | variabilidad_V:0.2229 | deuda_J:0.0,no_declarar_riesgo_solo_por_ingreso_variable | no_eliminar_hobbies_por_defecto | no_tratar_el_estado_como_identidad_permanente,sugerir,media,no,,"El estado uso_planificado_reserva describe únicamente la ventana hasta 2026-05-31 y se sustenta en balance, cobertura, recuperación, variabilidad y deuda.",VEN_0172_2 | cobertura_esencial_superior_a_un_mes | recuperacion_consistente | inversion_productiva_observada | hobbies_identificados_sin_asumir_que_deban_eliminarse | balance_operativo_negativo | recuperacion_demora_mas_de_20_dias,bajo,no_requerida,train,uso_planificado_reserva,si,recomendaciones_mvp_v1.1,fincoah_mvp_co_v1.1,610300a5211994ce6d375ebfeaa0c333a35b8085aed80f433f9635e1afca5e55
DEC_0172_06,PERF_0172,dentro_del_mvp,VEN_0172_3,2026-06-30,uso_planificado_reserva,REC_VIGILAR_RESERVA,Mantener el gasto alineado con la meta y revisar que la reserva conserve cobertura suficiente durante el siguiente cierre.,seguimiento_meta,hacer_certificacion_profesional,cocina_y_reposteria | videojuegos_y_streaming,necesidades_esenciales | hobbies:cocina_y_reposteria | videojuegos_y_streaming | meta:hacer_certificacion_profesional,balance_B:-11008000 | cobertura_L:1.831 | variabilidad_V:0.2216 | deuda_J:0.0,no_declarar_riesgo_solo_por_ingreso_variable | no_eliminar_hobbies_por_defecto | no_tratar_el_estado_como_identidad_permanente,sugerir,media,no,,"El estado uso_planificado_reserva describe únicamente la ventana hasta 2026-06-30 y se sustenta en balance, cobertura, recuperación, variabilidad y deuda.",VEN_0172_3 | cobertura_esencial_superior_a_un_mes | recuperacion_consistente | inversion_productiva_observada | hobbies_identificados_sin_asumir_que_deban_eliminarse | balance_operativo_negativo | recuperacion_demora_mas_de_20_dias,bajo,no_requerida,train,uso_planificado_reserva,si,recomendaciones_mvp_v1.1,fincoah_mvp_co_v1.1,55eb1b6bb028ad9a80dd307bfe7ae378d4723373626ec19274f4cdc8eaec9c90
DEC_0173_04,PERF_0173,dentro_del_mvp,VEN_0173_1,2026-04-30,equilibrio_sostenible,REC_CREAR_MARGEN,Crear un margen pequeño y flexible antes de aumentar compromisos fijos.,prevencion,hacer_certificacion_profesional,manualidades_y_artesanias | pintura,necesidades_esenciales | hobbies:manualidades_y_artesanias | pintura | meta:hacer_certificacion_profesional,balance_B:23000 | cobertura_L:2.0958 | variabilidad_V:0.0 | deuda_J:0.0,no_declarar_riesgo_solo_por_ingreso_variable | no_eliminar_hobbies_por_defecto | no_tratar_el_estado_como_identidad_permanente,sugerir,media,no,,"El estado equilibrio_sostenible describe únicamente la ventana hasta 2026-04-30 y se sustenta en balance, cobertura, recuperación, variabilidad y deuda.",VEN_0173_1 | balance_operativo_no_negativo | cobertura_esencial_superior_a_un_mes | recuperacion_consistente | inversion_productiva_observada | hobbies_identificados_sin_asumir_que_deban_eliminarse | sin_factor_de_atencion_dominante,bajo,no_requerida,train,deterioro_reciente,si,recomendaciones_mvp_v1.1,fincoah_mvp_co_v1.1,d8e232cca815742e7ac541b977c9ad51a68f56b3e5157ed9f4ef13fec2698250
DEC_0173_05,PERF_0173,dentro_del_mvp,VEN_0173_2,2026-05-31,equilibrio_sostenible,REC_CREAR_MARGEN,Crear un margen pequeño y flexible antes de aumentar compromisos fijos.,prevencion,hacer_certificacion_profesional,manualidades_y_artesanias | pintura,necesidades_esenciales | hobbies:manualidades_y_artesanias | pintura | meta:hacer_certificacion_profesional,balance_B:190000 | cobertura_L:2.0309 | variabilidad_V:0.0176 | deuda_J:0.0,no_declarar_riesgo_solo_por_ingreso_variable | no_eliminar_hobbies_por_defecto | no_tratar_el_estado_como_identidad_permanente,sugerir,media,no,,"El estado equilibrio_sostenible describe únicamente la ventana hasta 2026-05-31 y se sustenta en balance, cobertura, recuperación, variabilidad y deuda.",VEN_0173_2 | balance_operativo_no_negativo | cobertura_esencial_superior_a_un_mes | recuperacion_consistente | inversion_productiva_observada | hobbies_identificados_sin_asumir_que_deban_eliminarse | recuperacion_demora_mas_de_20_dias,bajo,no_requerida,train,deterioro_reciente,si,recomendaciones_mvp_v1.1,fincoah_mvp_co_v1.1,d2bfd39c8adcacd07f57ef8ef693f440f52abb580b903f17d153a0e52a12fd9d
DEC_0173_06,PERF_0173,dentro_del_mvp,VEN_0173_3,2026-06-30,deterioro_reciente,REC_REVISAR_CAMBIO_RECIENTE,Revisar el cambio reciente en ingresos y compromisos antes de modificar gastos personales valiosos.,diagnostico,hacer_certificacion_profesional,manualidades_y_artesanias | pintura,necesidades_esenciales | hobbies:manualidades_y_artesanias | pintura | meta:hacer_certificacion_profesional,balance_B:-2380000 | cobertura_L:0.9182 | variabilidad_V:0.1069 | deuda_J:-0.0204,no_declarar_riesgo_solo_por_ingreso_variable | no_eliminar_hobbies_por_defecto | no_tratar_el_estado_como_identidad_permanente,solicitar_contexto,alta,si,¿Ocurrió algún cambio puntual en tus ingresos o compromisos durante este cierre?,"El estado deterioro_reciente describe únicamente la ventana hasta 2026-06-30 y se sustenta en balance, cobertura, recuperación, variabilidad y deuda.",VEN_0173_3 | recuperacion_consistente | inversion_productiva_observada | hobbies_identificados_sin_asumir_que_deban_eliminarse | balance_operativo_negativo | cobertura_esencial_reducida | recuperacion_demora_mas_de_20_dias,podria_reducir_bienestar_o_desconocer_el_contexto,no_requerida,train,deterioro_reciente,si,recomendaciones_mvp_v1.1,fincoah_mvp_co_v1.1,869181abb3476a1e2f78c78aac7ab3536a91e185e9c4e0f1b15bd927e84383d9
DEC_0174_04,PERF_0174,dentro_del_mvp,VEN_0174_1,2026-04-30,deterioro_reciente,REC_REVISAR_CAMBIO_RECIENTE,Revisar el cambio reciente en ingresos y compromisos antes de modificar gastos personales valiosos.,diagnostico,pagar_deuda,musica,necesidades_esenciales | hobbies:musica | meta:pagar_deuda,balance_B:-5587000 | cobertura_L:0.0 | variabilidad_V:0.0 | deuda_J:-0.0445,no_declarar_riesgo_solo_por_ingreso_variable | no_eliminar_hobbies_por_defecto | no_tratar_el_estado_como_identidad_permanente,solicitar_contexto,alta,si,¿Ocurrió algún cambio puntual en tus ingresos o compromisos durante este cierre?,"El estado deterioro_reciente describe únicamente la ventana hasta 2026-04-30 y se sustenta en balance, cobertura, recuperación, variabilidad y deuda.",VEN_0174_1 | inversion_productiva_observada | hobbies_identificados_sin_asumir_que_deban_eliminarse | balance_operativo_negativo | cobertura_esencial_reducida | recuperacion_demora_mas_de_20_dias,podria_reducir_bienestar_o_desconocer_el_contexto,no_requerida,train,fragilidad_sostenida,si,recomendaciones_mvp_v1.1,fincoah_mvp_co_v1.1,20ecd7a2ecc56407eb508ce41e73c35dea21879de4f24d4815b7bf18bbe5f790
DEC_0174_05,PERF_0174,dentro_del_mvp,VEN_0174_2,2026-05-31,fragilidad_sostenida,REC_PRIORIZAR_COBERTURA,"Priorizar vivienda, alimentación, salud y servicios; revisar opciones de renegociación de deuda sin eliminar automáticamente los hobbies.",proteccion_esencial,pagar_deuda,musica,necesidades_esenciales | hobbies:musica | meta:pagar_deuda,balance_B:-16446000 | cobertura_L:0.0 | variabilidad_V:0.148 | deuda_J:-0.0405,no_declarar_riesgo_solo_por_ingreso_variable | no_eliminar_hobbies_por_defecto | no_tratar_el_estado_como_identidad_permanente,aplicar,alta,no,,"El estado fragilidad_sostenida describe únicamente la ventana hasta 2026-05-31 y se sustenta en balance, cobertura, recuperación, variabilidad y deuda.",VEN_0174_2 | inversion_productiva_observada | hobbies_identificados_sin_asumir_que_deban_eliminarse | balance_operativo_negativo | cobertura_esencial_reducida | recuperacion_demora_mas_de_20_dias,podria_reducir_bienestar_o_desconocer_el_contexto,no_requerida,train,fragilidad_sostenida,si,recomendaciones_mvp_v1.1,fincoah_mvp_co_v1.1,cbfa83efbdc13423d5b9900a196e937945dd434f79abda632e9c0f358ae96fed
DEC_0174_06,PERF_0174,dentro_del_mvp,VEN_0174_3,2026-06-30,fragilidad_sostenida,REC_PRIORIZAR_COBERTURA,"Priorizar vivienda, alimentación, salud y servicios; revisar opciones de renegociación de deuda sin eliminar automáticamente los hobbies.",proteccion_esencial,pagar_deuda,musica,necesidades_esenciales | hobbies:musica | meta:pagar_deuda,balance_B:-26631000 | cobertura_L:0.0 | variabilidad_V:0.1236 | deuda_J:-0.0387,no_declarar_riesgo_solo_por_ingreso_variable | no_eliminar_hobbies_por_defecto | no_tratar_el_estado_como_identidad_permanente,aplicar,alta,no,,"El estado fragilidad_sostenida describe únicamente la ventana hasta 2026-06-30 y se sustenta en balance, cobertura, recuperación, variabilidad y deuda.",VEN_0174_3 | inversion_productiva_observada | hobbies_identificados_sin_asumir_que_deban_eliminarse | balance_operativo_negativo | cobertura_esencial_reducida | recuperacion_demora_mas_de_20_dias,podria_reducir_bienestar_o_desconocer_el_contexto,no_requerida,train,fragilidad_sostenida,si,recomendaciones_mvp_v1.1,fincoah_mvp_co_v1.1,4b4f787cf6422620da5f580b1345ef16a8ff6e74acf15fa2ec71fa76962d600b
DEC_0175_04,PERF_0175,dentro_del_mvp,VEN_0175_1,2026-04-30,fragilidad_sostenida,REC_PRIORIZAR_COBERTURA,"Priorizar vivienda, alimentación, salud y servicios; revisar opciones de renegociación de deuda sin eliminar automáticamente los hobbies.",proteccion_esencial,hacer_viaje,fotografia_y_video,necesidades_esenciales | hobbies:fotografia_y_video | meta:hacer_viaje,balance_B:-4470000 | cobertura_L:0.0 | variabilidad_V:0.0 | deuda_J:-0.0398,no_declarar_riesgo_solo_por_ingreso_variable | no_eliminar_hobbies_por_defecto | no_tratar_el_estado_como_identidad_permanente,aplicar,alta,no,,"El estado fragilidad_sostenida describe únicamente la ventana hasta 2026-04-30 y se sustenta en balance, cobertura, recuperación, variabilidad y deuda.",VEN_0175_1 | inversion_productiva_observada | hobbies_identificados_sin_asumir_que_deban_eliminarse | balance_operativo_negativo | cobertura_esencial_reducida | recuperacion_demora_mas_de_20_dias,podria_reducir_bienestar_o_desconocer_el_contexto,no_requerida,validation,situacion_critica,si,recomendaciones_mvp_v1.1,fincoah_mvp_co_v1.1,7b3d37c78443bb457176c074fae5e570d7502a38be2917ac60a622556ead1953
DEC_0175_05,PERF_0175,dentro_del_mvp,VEN_0175_2,2026-05-31,situacion_critica,REC_PLAN_CONTENCION,Activar un plan de contención centrado en necesidades esenciales y solicitar revisión humana para deuda y liquidez.,contencion_y_revision,hacer_viaje,fotografia_y_video,necesidades_esenciales | hobbies:fotografia_y_video | meta:hacer_viaje,balance_B:-11222000 | cobertura_L:0.0 | variabilidad_V:0.1408 | deuda_J:-0.0211,no_declarar_riesgo_solo_por_ingreso_variable | no_eliminar_hobbies_por_defecto | no_tratar_el_estado_como_identidad_permanente,aplicar,critica,no,,"El estado situacion_critica describe únicamente la ventana hasta 2026-05-31 y se sustenta en balance, cobertura, recuperación, variabilidad y deuda.",VEN_0175_2 | inversion_productiva_observada | hobbies_identificados_sin_asumir_que_deban_eliminarse | balance_operativo_negativo | cobertura_esencial_reducida | recuperacion_demora_mas_de_20_dias,podria_reducir_bienestar_o_desconocer_el_contexto,requerida,validation,situacion_critica,si,recomendaciones_mvp_v1.1,fincoah_mvp_co_v1.1,047f17e8f535dfbed1fc4181429f42c33fa73d0df44e9a93f07b133222ed21bc
DEC_0175_06,PERF_0175,dentro_del_mvp,VEN_0175_3,2026-06-30,situacion_critica,REC_PLAN_CONTENCION,Activar un plan de contención centrado en necesidades esenciales y solicitar revisión humana para deuda y liquidez.,contencion_y_revision,hacer_viaje,fotografia_y_video,necesidades_esenciales | hobbies:fotografia_y_video | meta:hacer_viaje,balance_B:-18013000 | cobertura_L:0.0 | variabilidad_V:0.1456 | deuda_J:0.0286,no_declarar_riesgo_solo_por_ingreso_variable | no_eliminar_hobbies_por_defecto | no_tratar_el_estado_como_identidad_permanente,aplicar,critica,no,,"El estado situacion_critica describe únicamente la ventana hasta 2026-06-30 y se sustenta en balance, cobertura, recuperación, variabilidad y deuda.",VEN_0175_3 | inversion_productiva_observada | hobbies_identificados_sin_asumir_que_deban_eliminarse | balance_operativo_negativo | cobertura_esencial_reducida | recuperacion_demora_mas_de_20_dias,podria_reducir_bienestar_o_desconocer_el_contexto,requerida,validation,situacion_critica,si,recomendaciones_mvp_v1.1,fincoah_mvp_co_v1.1,746593fd1279310ac44f55db30d4a9838bdb7bc88ad158b27967a7dbd899fbd5
DEC_0176_04,PERF_0176,dentro_del_mvp,VEN_0176_1,2026-04-30,acumulacion_estable,REC_MANTENER_ACUMULACION,Mantener el patrón actual y separar automáticamente una parte del excedente para la meta declarada.,mantenimiento_y_ahorro,mejorar_vivienda,videojuegos_y_streaming,necesidades_esenciales | hobbies:videojuegos_y_streaming | meta:mejorar_vivienda,balance_B:3253000 | cobertura_L:3.6101 | variabilidad_V:0.0 | deuda_J:0.1396,no_declarar_riesgo_solo_por_ingreso_variable | no_eliminar_hobbies_por_defecto | no_tratar_el_estado_como_identidad_permanente,aplicar,media,no,,"El estado acumulacion_estable describe únicamente la ventana hasta 2026-04-30 y se sustenta en balance, cobertura, recuperación, variabilidad y deuda.",VEN_0176_1 | balance_operativo_no_negativo | cobertura_esencial_superior_a_un_mes | recuperacion_consistente | hobbies_identificados_sin_asumir_que_deban_eliminarse | deuda_creciente,bajo,no_requerida,train,acumulacion_estable,si,recomendaciones_mvp_v1.1,fincoah_mvp_co_v1.1,b489afbd63c45721e9a52d0da65f5ef441541d68e29ada174710fc2b28091e6d
DEC_0176_05,PERF_0176,dentro_del_mvp,VEN_0176_2,2026-05-31,acumulacion_estable,REC_MANTENER_ACUMULACION,Mantener el patrón actual y separar automáticamente una parte del excedente para la meta declarada.,mantenimiento_y_ahorro,mejorar_vivienda,videojuegos_y_streaming,necesidades_esenciales | hobbies:videojuegos_y_streaming | meta:mejorar_vivienda,balance_B:6150000 | cobertura_L:4.9518 | variabilidad_V:0.0225 | deuda_J:0.1396,no_declarar_riesgo_solo_por_ingreso_variable | no_eliminar_hobbies_por_defecto | no_tratar_el_estado_como_identidad_permanente,aplicar,media,no,,"El estado acumulacion_estable describe únicamente la ventana hasta 2026-05-31 y se sustenta en balance, cobertura, recuperación, variabilidad y deuda.",VEN_0176_2 | balance_operativo_no_negativo | cobertura_esencial_superior_a_un_mes | recuperacion_consistente | inversion_productiva_observada | hobbies_identificados_sin_asumir_que_deban_eliminarse | deuda_creciente,bajo,no_requerida,train,acumulacion_estable,si,recomendaciones_mvp_v1.1,fincoah_mvp_co_v1.1,7f5b8e89cae96bd49e317bcf0fcbaa6c94f55bb312ba3d2645517021973b1764
DEC_0176_06,PERF_0176,dentro_del_mvp,VEN_0176_3,2026-06-30,acumulacion_estable,REC_MANTENER_ACUMULACION,Mantener el patrón actual y separar automáticamente una parte del excedente para la meta declarada.,mantenimiento_y_ahorro,mejorar_vivienda,videojuegos_y_streaming,necesidades_esenciales | hobbies:videojuegos_y_streaming | meta:mejorar_vivienda,balance_B:8763000 | cobertura_L:5.7021 | variabilidad_V:0.0338 | deuda_J:0.2187,no_declarar_riesgo_solo_por_ingreso_variable | no_eliminar_hobbies_por_defecto | no_tratar_el_estado_como_identidad_permanente,aplicar,media,no,,"El estado acumulacion_estable describe únicamente la ventana hasta 2026-06-30 y se sustenta en balance, cobertura, recuperación, variabilidad y deuda.",VEN_0176_3 | balance_operativo_no_negativo | cobertura_esencial_superior_a_un_mes | recuperacion_consistente | inversion_productiva_observada | hobbies_identificados_sin_asumir_que_deban_eliminarse | deuda_creciente,bajo,no_requerida,train,acumulacion_estable,si,recomendaciones_mvp_v1.1,fincoah_mvp_co_v1.1,8c6df39d2fdea363d9ef18e7c928df935a835f1abf287dda10a483bdd2545cb2
DEC_0177_04,PERF_0177,dentro_del_mvp,VEN_0177_1,2026-04-30,equilibrio_sostenible,REC_CREAR_MARGEN,Crear un margen pequeño y flexible antes de aumentar compromisos fijos.,prevencion,crear_fondo_emergencia,turismo_y_viajes | jardineria_y_agricultura_urbana,necesidades_esenciales | hobbies:turismo_y_viajes | jardineria_y_agricultura_urbana | meta:crear_fondo_emergencia,balance_B:107000 | cobertura_L:2.4323 | variabilidad_V:0.0 | deuda_J:-0.0348,no_declarar_riesgo_solo_por_ingreso_variable | no_eliminar_hobbies_por_defecto | no_tratar_el_estado_como_identidad_permanente,sugerir,media,no,,"El estado equilibrio_sostenible describe únicamente la ventana hasta 2026-04-30 y se sustenta en balance, cobertura, recuperación, variabilidad y deuda.",VEN_0177_1 | balance_operativo_no_negativo | cobertura_esencial_superior_a_un_mes | recuperacion_consistente | inversion_productiva_observada | hobbies_identificados_sin_asumir_que_deban_eliminarse | sin_factor_de_atencion_dominante,bajo,no_requerida,validation,equilibrio_sostenible,si,recomendaciones_mvp_v1.1,fincoah_mvp_co_v1.1,af1f917da83939b2e8074bec5e64e2e650af8611b9bd2691b9f35cb6fa92d0d4
DEC_0177_05,PERF_0177,dentro_del_mvp,VEN_0177_2,2026-05-31,equilibrio_sostenible,REC_CREAR_MARGEN,Crear un margen pequeño y flexible antes de aumentar compromisos fijos.,prevencion,crear_fondo_emergencia,turismo_y_viajes | jardineria_y_agricultura_urbana,necesidades_esenciales | hobbies:turismo_y_viajes | jardineria_y_agricultura_urbana | meta:crear_fondo_emergencia,balance_B:471000 | cobertura_L:2.9243 | variabilidad_V:0.0413 | deuda_J:0.0547,no_declarar_riesgo_solo_por_ingreso_variable | no_eliminar_hobbies_por_defecto | no_tratar_el_estado_como_identidad_permanente,sugerir,media,no,,"El estado equilibrio_sostenible describe únicamente la ventana hasta 2026-05-31 y se sustenta en balance, cobertura, recuperación, variabilidad y deuda.",VEN_0177_2 | balance_operativo_no_negativo | cobertura_esencial_superior_a_un_mes | inversion_productiva_observada | hobbies_identificados_sin_asumir_que_deban_eliminarse | deuda_creciente,bajo,no_requerida,validation,equilibrio_sostenible,si,recomendaciones_mvp_v1.1,fincoah_mvp_co_v1.1,86fcde205fd1905c0a7cad2c44ea3058302c11236bdcd05c8b5297155858f24b
DEC_0177_06,PERF_0177,dentro_del_mvp,VEN_0177_3,2026-06-30,equilibrio_sostenible,REC_CREAR_MARGEN,Crear un margen pequeño y flexible antes de aumentar compromisos fijos.,prevencion,crear_fondo_emergencia,turismo_y_viajes | jardineria_y_agricultura_urbana,necesidades_esenciales | hobbies:turismo_y_viajes | jardineria_y_agricultura_urbana | meta:crear_fondo_emergencia,balance_B:418000 | cobertura_L:2.7397 | variabilidad_V:0.057 | deuda_J:-0.0647,no_declarar_riesgo_solo_por_ingreso_variable | no_eliminar_hobbies_por_defecto | no_tratar_el_estado_como_identidad_permanente,sugerir,media,no,,"El estado equilibrio_sostenible describe únicamente la ventana hasta 2026-06-30 y se sustenta en balance, cobertura, recuperación, variabilidad y deuda.",VEN_0177_3 | balance_operativo_no_negativo | cobertura_esencial_superior_a_un_mes | recuperacion_consistente | inversion_productiva_observada | hobbies_identificados_sin_asumir_que_deban_eliminarse | recuperacion_demora_mas_de_20_dias,bajo,no_requerida,validation,equilibrio_sostenible,si,recomendaciones_mvp_v1.1,fincoah_mvp_co_v1.1,660b568d0f2902812b9c1150389c5bcdf47d4319101478217a3dd2cc4166b5fa
DEC_0178_04,PERF_0178,dentro_del_mvp,VEN_0178_1,2026-04-30,equilibrio_sostenible,REC_CREAR_MARGEN,Crear un margen pequeño y flexible antes de aumentar compromisos fijos.,prevencion,pagar_deuda,impresion_3d,necesidades_esenciales | hobbies:impresion_3d | meta:pagar_deuda,balance_B:807000 | cobertura_L:1.1394 | variabilidad_V:0.0 | deuda_J:-0.0925,no_declarar_riesgo_solo_por_ingreso_variable | no_eliminar_hobbies_por_defecto | no_tratar_el_estado_como_identidad_permanente,sugerir,media,no,,"El estado equilibrio_sostenible describe únicamente la ventana hasta 2026-04-30 y se sustenta en balance, cobertura, recuperación, variabilidad y deuda.",VEN_0178_1 | balance_operativo_no_negativo | cobertura_esencial_superior_a_un_mes | inversion_productiva_observada | hobbies_identificados_sin_asumir_que_deban_eliminarse | sin_factor_de_atencion_dominante,bajo,no_requerida,validation,variable_resiliente,si,recomendaciones_mvp_v1.1,fincoah_mvp_co_v1.1,7db4752faabe56078b25934e2cd1f2e2253c3e0324333860185f1d99de2e2d71
DEC_0178_05,PERF_0178,dentro_del_mvp,VEN_0178_2,2026-05-31,variable_resiliente,REC_RESERVA_PICOS,Reservar parte de los meses altos para cubrir los periodos de menor ingreso sin tratar la variabilidad como falla.,gestion_ingreso_variable,pagar_deuda,impresion_3d,necesidades_esenciales | hobbies:impresion_3d | meta:pagar_deuda,balance_B:-2571000 | cobertura_L:0.3676 | variabilidad_V:0.1375 | deuda_J:-0.153,no_declarar_riesgo_solo_por_ingreso_variable | no_eliminar_hobbies_por_defecto | no_tratar_el_estado_como_identidad_permanente,aplicar,alta,no,,"El estado variable_resiliente describe únicamente la ventana hasta 2026-05-31 y se sustenta en balance, cobertura, recuperación, variabilidad y deuda.",VEN_0178_2 | recuperacion_consistente | inversion_productiva_observada | hobbies_identificados_sin_asumir_que_deban_eliminarse | balance_operativo_negativo | cobertura_esencial_reducida | recuperacion_demora_mas_de_20_dias,bajo,no_requerida,validation,variable_resiliente,si,recomendaciones_mvp_v1.1,fincoah_mvp_co_v1.1,b1109ec1770a2356ad8f3f6ee2975624536ad955c7c093490013d18701b3fe15
DEC_0178_06,PERF_0178,dentro_del_mvp,VEN_0178_3,2026-06-30,variable_resiliente,REC_RESERVA_PICOS,Reservar parte de los meses altos para cubrir los periodos de menor ingreso sin tratar la variabilidad como falla.,gestion_ingreso_variable,pagar_deuda,impresion_3d,necesidades_esenciales | hobbies:impresion_3d | meta:pagar_deuda,balance_B:-6577000 | cobertura_L:0.0 | variabilidad_V:0.1692 | deuda_J:-0.153,no_declarar_riesgo_solo_por_ingreso_variable | no_eliminar_hobbies_por_defecto | no_tratar_el_estado_como_identidad_permanente,aplicar,alta,no,,"El estado variable_resiliente describe únicamente la ventana hasta 2026-06-30 y se sustenta en balance, cobertura, recuperación, variabilidad y deuda.",VEN_0178_3 | inversion_productiva_observada | hobbies_identificados_sin_asumir_que_deban_eliminarse | balance_operativo_negativo | cobertura_esencial_reducida | recuperacion_demora_mas_de_20_dias,bajo,no_requerida,validation,variable_resiliente,si,recomendaciones_mvp_v1.1,fincoah_mvp_co_v1.1,14e8373b624290042fbcb498cfe146e0292f63ba8a3d8d5bf269fa03235f4480
DEC_0179_04,PERF_0179,dentro_del_mvp,VEN_0179_1,2026-04-30,acumulacion_estable,REC_MANTENER_ACUMULACION,Mantener el patrón actual y separar automáticamente una parte del excedente para la meta declarada.,mantenimiento_y_ahorro,ampliar_actividad_economica,jardineria_y_agricultura_urbana,necesidades_esenciales | hobbies:jardineria_y_agricultura_urbana | meta:ampliar_actividad_economica,balance_B:1888000 | cobertura_L:6.1356 | variabilidad_V:0.0 | deuda_J:-0.0181,no_declarar_riesgo_solo_por_ingreso_variable | no_eliminar_hobbies_por_defecto | no_tratar_el_estado_como_identidad_permanente,aplicar,media,no,,"El estado acumulacion_estable describe únicamente la ventana hasta 2026-04-30 y se sustenta en balance, cobertura, recuperación, variabilidad y deuda.",VEN_0179_1 | balance_operativo_no_negativo | cobertura_esencial_superior_a_un_mes | recuperacion_consistente | inversion_productiva_observada | hobbies_identificados_sin_asumir_que_deban_eliminarse | recuperacion_demora_mas_de_20_dias,bajo,no_requerida,train,uso_planificado_reserva,si,recomendaciones_mvp_v1.1,fincoah_mvp_co_v1.1,cbac688a22b1aec36a42cab3b0d5d7c915d68bbe60d0136e6a6b9288b7cebe21
DEC_0179_05,PERF_0179,dentro_del_mvp,VEN_0179_2,2026-05-31,uso_planificado_reserva,REC_VIGILAR_RESERVA,Mantener el gasto alineado con la meta y revisar que la reserva conserve cobertura suficiente durante el siguiente cierre.,seguimiento_meta,ampliar_actividad_economica,jardineria_y_agricultura_urbana,necesidades_esenciales | hobbies:jardineria_y_agricultura_urbana | meta:ampliar_actividad_economica,balance_B:-2572000 | cobertura_L:2.2468 | variabilidad_V:0.2757 | deuda_J:-0.0524,no_declarar_riesgo_solo_por_ingreso_variable | no_eliminar_hobbies_por_defecto | no_tratar_el_estado_como_identidad_permanente,sugerir,media,no,,"El estado uso_planificado_reserva describe únicamente la ventana hasta 2026-05-31 y se sustenta en balance, cobertura, recuperación, variabilidad y deuda.",VEN_0179_2 | cobertura_esencial_superior_a_un_mes | inversion_productiva_observada | hobbies_identificados_sin_asumir_que_deban_eliminarse | balance_operativo_negativo | recuperacion_demora_mas_de_20_dias,bajo,no_requerida,train,uso_planificado_reserva,si,recomendaciones_mvp_v1.1,fincoah_mvp_co_v1.1,1df9e0c1400dbc2337518484b75b78f7763b21691c54d6dbb35bb96b6efa69a9
DEC_0179_06,PERF_0179,dentro_del_mvp,VEN_0179_3,2026-06-30,uso_planificado_reserva,REC_VIGILAR_RESERVA,Mantener el gasto alineado con la meta y revisar que la reserva conserve cobertura suficiente durante el siguiente cierre.,seguimiento_meta,ampliar_actividad_economica,jardineria_y_agricultura_urbana,necesidades_esenciales | hobbies:jardineria_y_agricultura_urbana | meta:ampliar_actividad_economica,balance_B:-7018000 | cobertura_L:0.7842 | variabilidad_V:0.2849 | deuda_J:-0.0524,no_declarar_riesgo_solo_por_ingreso_variable | no_eliminar_hobbies_por_defecto | no_tratar_el_estado_como_identidad_permanente,sugerir,media,no,,"El estado uso_planificado_reserva describe únicamente la ventana hasta 2026-06-30 y se sustenta en balance, cobertura, recuperación, variabilidad y deuda.",VEN_0179_3 | inversion_productiva_observada | hobbies_identificados_sin_asumir_que_deban_eliminarse | balance_operativo_negativo | cobertura_esencial_reducida | recuperacion_demora_mas_de_20_dias,bajo,no_requerida,train,uso_planificado_reserva,si,recomendaciones_mvp_v1.1,fincoah_mvp_co_v1.1,13adc21666a2bdfb5cf8848918f612cf1b35d1a09d7cdcbd9f4701365b7842e9
DEC_0180_04,PERF_0180,dentro_del_mvp,VEN_0180_1,2026-04-30,equilibrio_sostenible,REC_CREAR_MARGEN,Crear un margen pequeño y flexible antes de aumentar compromisos fijos.,prevencion,pagar_deuda,ciclismo | pintura,necesidades_esenciales | hobbies:ciclismo | pintura | meta:pagar_deuda,balance_B:-52000 | cobertura_L:1.3222 | variabilidad_V:0.0 | deuda_J:0.0,no_declarar_riesgo_solo_por_ingreso_variable | no_eliminar_hobbies_por_defecto | no_tratar_el_estado_como_identidad_permanente,sugerir,media,no,,"El estado equilibrio_sostenible describe únicamente la ventana hasta 2026-04-30 y se sustenta en balance, cobertura, recuperación, variabilidad y deuda.",VEN_0180_1 | cobertura_esencial_superior_a_un_mes | hobbies_identificados_sin_asumir_que_deban_eliminarse | balance_operativo_negativo | recuperacion_demora_mas_de_20_dias,bajo,no_requerida,train,deterioro_reciente,si,recomendaciones_mvp_v1.1,fincoah_mvp_co_v1.1,8228c60410c4e0138b56088e21078504445621f3a19c749a585f21c3abb4f296
DEC_0180_05,PERF_0180,dentro_del_mvp,VEN_0180_2,2026-05-31,equilibrio_sostenible,REC_CREAR_MARGEN,Crear un margen pequeño y flexible antes de aumentar compromisos fijos.,prevencion,pagar_deuda,ciclismo | pintura,necesidades_esenciales | hobbies:ciclismo | pintura | meta:pagar_deuda,balance_B:72000 | cobertura_L:1.4632 | variabilidad_V:0.0162 | deuda_J:-0.0539,no_declarar_riesgo_solo_por_ingreso_variable | no_eliminar_hobbies_por_defecto | no_tratar_el_estado_como_identidad_permanente,sugerir,media,no,,"El estado equilibrio_sostenible describe únicamente la ventana hasta 2026-05-31 y se sustenta en balance, cobertura, recuperación, variabilidad y deuda.",VEN_0180_2 | balance_operativo_no_negativo | cobertura_esencial_superior_a_un_mes | recuperacion_consistente | inversion_productiva_observada | hobbies_identificados_sin_asumir_que_deban_eliminarse | recuperacion_demora_mas_de_20_dias,bajo,no_requerida,train,deterioro_reciente,si,recomendaciones_mvp_v1.1,fincoah_mvp_co_v1.1,22b966af07ef97ababfa7df590281783fdaad0c18453809285543a89b652c67d
DEC_0180_06,PERF_0180,dentro_del_mvp,VEN_0180_3,2026-06-30,deterioro_reciente,REC_REVISAR_CAMBIO_RECIENTE,Revisar el cambio reciente en ingresos y compromisos antes de modificar gastos personales valiosos.,diagnostico,pagar_deuda,ciclismo | pintura,necesidades_esenciales | hobbies:ciclismo | pintura | meta:pagar_deuda,balance_B:-3294000 | cobertura_L:0.5269 | variabilidad_V:0.0895 | deuda_J:-0.1774,no_declarar_riesgo_solo_por_ingreso_variable | no_eliminar_hobbies_por_defecto | no_tratar_el_estado_como_identidad_permanente,solicitar_contexto,alta,si,¿Ocurrió algún cambio puntual en tus ingresos o compromisos durante este cierre?,"El estado deterioro_reciente describe únicamente la ventana hasta 2026-06-30 y se sustenta en balance, cobertura, recuperación, variabilidad y deuda.",VEN_0180_3 | inversion_productiva_observada | hobbies_identificados_sin_asumir_que_deban_eliminarse | balance_operativo_negativo | cobertura_esencial_reducida | recuperacion_demora_mas_de_20_dias,podria_reducir_bienestar_o_desconocer_el_contexto,no_requerida,train,deterioro_reciente,si,recomendaciones_mvp_v1.1,fincoah_mvp_co_v1.1,13d77d189949fcc62b55b526103664a817877f595d98961a342d062a917ea54b
DEC_0181_04,PERF_0181,dentro_del_mvp,VEN_0181_1,2026-04-30,deterioro_reciente,REC_REVISAR_CAMBIO_RECIENTE,Revisar el cambio reciente en ingresos y compromisos antes de modificar gastos personales valiosos.,diagnostico,hacer_viaje,pintura | turismo_y_viajes,necesidades_esenciales | hobbies:pintura | turismo_y_viajes | meta:hacer_viaje,balance_B:-6444000 | cobertura_L:0.0 | variabilidad_V:0.0 | deuda_J:-0.0224,no_declarar_riesgo_solo_por_ingreso_variable | no_eliminar_hobbies_por_defecto | no_tratar_el_estado_como_identidad_permanente,solicitar_contexto,alta,si,¿Ocurrió algún cambio puntual en tus ingresos o compromisos durante este cierre?,"El estado deterioro_reciente describe únicamente la ventana hasta 2026-04-30 y se sustenta en balance, cobertura, recuperación, variabilidad y deuda.",VEN_0181_1 | inversion_productiva_observada | hobbies_identificados_sin_asumir_que_deban_eliminarse | balance_operativo_negativo | cobertura_esencial_reducida | recuperacion_demora_mas_de_20_dias,podria_reducir_bienestar_o_desconocer_el_contexto,no_requerida,train,fragilidad_sostenida,si,recomendaciones_mvp_v1.1,fincoah_mvp_co_v1.1,e8b30dff8ce7449ecb133f3afd52b9b4b3228755c0e11745271506fe8b31f8f3
DEC_0181_05,PERF_0181,dentro_del_mvp,VEN_0181_2,2026-05-31,fragilidad_sostenida,REC_PRIORIZAR_COBERTURA,"Priorizar vivienda, alimentación, salud y servicios; revisar opciones de renegociación de deuda sin eliminar automáticamente los hobbies.",proteccion_esencial,hacer_viaje,pintura | turismo_y_viajes,necesidades_esenciales | hobbies:pintura | turismo_y_viajes | meta:hacer_viaje,balance_B:-17747000 | cobertura_L:0.0 | variabilidad_V:0.0786 | deuda_J:-0.0221,no_declarar_riesgo_solo_por_ingreso_variable | no_eliminar_hobbies_por_defecto | no_tratar_el_estado_como_identidad_permanente,aplicar,alta,no,,"El estado fragilidad_sostenida describe únicamente la ventana hasta 2026-05-31 y se sustenta en balance, cobertura, recuperación, variabilidad y deuda.",VEN_0181_2 | inversion_productiva_observada | hobbies_identificados_sin_asumir_que_deban_eliminarse | balance_operativo_negativo | cobertura_esencial_reducida | recuperacion_demora_mas_de_20_dias,podria_reducir_bienestar_o_desconocer_el_contexto,no_requerida,train,fragilidad_sostenida,si,recomendaciones_mvp_v1.1,fincoah_mvp_co_v1.1,06f8935b6f0fe36c363867f0720e9d7213eef58b627e5a685608de5a449a5bb8
DEC_0181_06,PERF_0181,dentro_del_mvp,VEN_0181_3,2026-06-30,fragilidad_sostenida,REC_PRIORIZAR_COBERTURA,"Priorizar vivienda, alimentación, salud y servicios; revisar opciones de renegociación de deuda sin eliminar automáticamente los hobbies.",proteccion_esencial,hacer_viaje,pintura | turismo_y_viajes,necesidades_esenciales | hobbies:pintura | turismo_y_viajes | meta:hacer_viaje,balance_B:-29315000 | cobertura_L:0.0 | variabilidad_V:0.0884 | deuda_J:-0.0483,no_declarar_riesgo_solo_por_ingreso_variable | no_eliminar_hobbies_por_defecto | no_tratar_el_estado_como_identidad_permanente,aplicar,alta,no,,"El estado fragilidad_sostenida describe únicamente la ventana hasta 2026-06-30 y se sustenta en balance, cobertura, recuperación, variabilidad y deuda.",VEN_0181_3 | inversion_productiva_observada | hobbies_identificados_sin_asumir_que_deban_eliminarse | balance_operativo_negativo | cobertura_esencial_reducida | recuperacion_demora_mas_de_20_dias,podria_reducir_bienestar_o_desconocer_el_contexto,no_requerida,train,fragilidad_sostenida,si,recomendaciones_mvp_v1.1,fincoah_mvp_co_v1.1,2de2860cc35a641620391806a30e3923e95b5804b2c6499d82cf374b85831191
DEC_0182_04,PERF_0182,dentro_del_mvp,VEN_0182_1,2026-04-30,fragilidad_sostenida,REC_PRIORIZAR_COBERTURA,"Priorizar vivienda, alimentación, salud y servicios; revisar opciones de renegociación de deuda sin eliminar automáticamente los hobbies.",proteccion_esencial,comprar_equipo_de_trabajo,cocina_y_reposteria,necesidades_esenciales | hobbies:cocina_y_reposteria | meta:comprar_equipo_de_trabajo,balance_B:-4857000 | cobertura_L:0.0 | variabilidad_V:0.0 | deuda_J:0.0226,no_declarar_riesgo_solo_por_ingreso_variable | no_eliminar_hobbies_por_defecto | no_tratar_el_estado_como_identidad_permanente,aplicar,alta,no,,"El estado fragilidad_sostenida describe únicamente la ventana hasta 2026-04-30 y se sustenta en balance, cobertura, recuperación, variabilidad y deuda.",VEN_0182_1 | inversion_productiva_observada | hobbies_identificados_sin_asumir_que_deban_eliminarse | balance_operativo_negativo | cobertura_esencial_reducida | recuperacion_demora_mas_de_20_dias,podria_reducir_bienestar_o_desconocer_el_contexto,no_requerida,train,situacion_critica,si,recomendaciones_mvp_v1.1,fincoah_mvp_co_v1.1,c010c7c2a39deec20ce67eb8ca3c034898c630acfdafb5de8bcafba4f42f4b0e
DEC_0182_05,PERF_0182,dentro_del_mvp,VEN_0182_2,2026-05-31,situacion_critica,REC_PLAN_CONTENCION,Activar un plan de contención centrado en necesidades esenciales y solicitar revisión humana para deuda y liquidez.,contencion_y_revision,comprar_equipo_de_trabajo,cocina_y_reposteria,necesidades_esenciales | hobbies:cocina_y_reposteria | meta:comprar_equipo_de_trabajo,balance_B:-12558000 | cobertura_L:0.0 | variabilidad_V:0.1658 | deuda_J:0.1285,no_declarar_riesgo_solo_por_ingreso_variable | no_eliminar_hobbies_por_defecto | no_tratar_el_estado_como_identidad_permanente,aplicar,critica,no,,"El estado situacion_critica describe únicamente la ventana hasta 2026-05-31 y se sustenta en balance, cobertura, recuperación, variabilidad y deuda.",VEN_0182_2 | inversion_productiva_observada | hobbies_identificados_sin_asumir_que_deban_eliminarse | balance_operativo_negativo | cobertura_esencial_reducida | deuda_creciente | recuperacion_demora_mas_de_20_dias,podria_reducir_bienestar_o_desconocer_el_contexto,requerida,train,situacion_critica,si,recomendaciones_mvp_v1.1,fincoah_mvp_co_v1.1,1db37da7ef093f0e77e29a0a26246bf8e2376adf8fc7c4b7892ed87b54ca0336
DEC_0182_06,PERF_0182,dentro_del_mvp,VEN_0182_3,2026-06-30,situacion_critica,REC_PLAN_CONTENCION,Activar un plan de contención centrado en necesidades esenciales y solicitar revisión humana para deuda y liquidez.,contencion_y_revision,comprar_equipo_de_trabajo,cocina_y_reposteria,necesidades_esenciales | hobbies:cocina_y_reposteria | meta:comprar_equipo_de_trabajo,balance_B:-20004000 | cobertura_L:0.0 | variabilidad_V:0.1414 | deuda_J:0.2345,no_declarar_riesgo_solo_por_ingreso_variable | no_eliminar_hobbies_por_defecto | no_tratar_el_estado_como_identidad_permanente,aplicar,critica,no,,"El estado situacion_critica describe únicamente la ventana hasta 2026-06-30 y se sustenta en balance, cobertura, recuperación, variabilidad y deuda.",VEN_0182_3 | inversion_productiva_observada | hobbies_identificados_sin_asumir_que_deban_eliminarse | balance_operativo_negativo | cobertura_esencial_reducida | deuda_creciente | recuperacion_demora_mas_de_20_dias,podria_reducir_bienestar_o_desconocer_el_contexto,requerida,train,situacion_critica,si,recomendaciones_mvp_v1.1,fincoah_mvp_co_v1.1,ca1a58b87659c3645e305c6269426b715752e0589473805858c1d4e5976cddf6
DEC_0183_04,PERF_0183,dentro_del_mvp,VEN_0183_1,2026-04-30,acumulacion_estable,REC_MANTENER_ACUMULACION,Mantener el patrón actual y separar automáticamente una parte del excedente para la meta declarada.,mantenimiento_y_ahorro,crear_fondo_emergencia,manualidades_y_artesanias | turismo_y_viajes,necesidades_esenciales | hobbies:manualidades_y_artesanias | turismo_y_viajes | meta:crear_fondo_emergencia,balance_B:1415000 | cobertura_L:4.81 | variabilidad_V:0.0 | deuda_J:0.0,no_declarar_riesgo_solo_por_ingreso_variable | no_eliminar_hobbies_por_defecto | no_tratar_el_estado_como_identidad_permanente,aplicar,media,no,,"El estado acumulacion_estable describe únicamente la ventana hasta 2026-04-30 y se sustenta en balance, cobertura, recuperación, variabilidad y deuda.",VEN_0183_1 | balance_operativo_no_negativo | cobertura_esencial_superior_a_un_mes | inversion_productiva_observada | hobbies_identificados_sin_asumir_que_deban_eliminarse | sin_factor_de_atencion_dominante,bajo,no_requerida,train,acumulacion_estable,si,recomendaciones_mvp_v1.1,fincoah_mvp_co_v1.1,9c506eb462a0c6bb036dfe105d851d505085e226d58661b1856ee40cd737d562
DEC_0183_05,PERF_0183,dentro_del_mvp,VEN_0183_2,2026-05-31,acumulacion_estable,REC_MANTENER_ACUMULACION,Mantener el patrón actual y separar automáticamente una parte del excedente para la meta declarada.,mantenimiento_y_ahorro,crear_fondo_emergencia,manualidades_y_artesanias | turismo_y_viajes,necesidades_esenciales | hobbies:manualidades_y_artesanias | turismo_y_viajes | meta:crear_fondo_emergencia,balance_B:3226000 | cobertura_L:6.087 | variabilidad_V:0.047 | deuda_J:0.0,no_declarar_riesgo_solo_por_ingreso_variable | no_eliminar_hobbies_por_defecto | no_tratar_el_estado_como_identidad_permanente,aplicar,media,no,,"El estado acumulacion_estable describe únicamente la ventana hasta 2026-05-31 y se sustenta en balance, cobertura, recuperación, variabilidad y deuda.",VEN_0183_2 | balance_operativo_no_negativo | cobertura_esencial_superior_a_un_mes | recuperacion_consistente | inversion_productiva_observada | hobbies_identificados_sin_asumir_que_deban_eliminarse | sin_factor_de_atencion_dominante,bajo,no_requerida,train,acumulacion_estable,si,recomendaciones_mvp_v1.1,fincoah_mvp_co_v1.1,a191edf6a858cf2c767afa7fadb4fb8b50a5dd66c1c183584642cfad8598707a
DEC_0183_06,PERF_0183,dentro_del_mvp,VEN_0183_3,2026-06-30,acumulacion_estable,REC_MANTENER_ACUMULACION,Mantener el patrón actual y separar automáticamente una parte del excedente para la meta declarada.,mantenimiento_y_ahorro,crear_fondo_emergencia,manualidades_y_artesanias | turismo_y_viajes,necesidades_esenciales | hobbies:manualidades_y_artesanias | turismo_y_viajes | meta:crear_fondo_emergencia,balance_B:5154000 | cobertura_L:7.1982 | variabilidad_V:0.0508 | deuda_J:0.0,no_declarar_riesgo_solo_por_ingreso_variable | no_eliminar_hobbies_por_defecto | no_tratar_el_estado_como_identidad_permanente,aplicar,media,no,,"El estado acumulacion_estable describe únicamente la ventana hasta 2026-06-30 y se sustenta en balance, cobertura, recuperación, variabilidad y deuda.",VEN_0183_3 | balance_operativo_no_negativo | cobertura_esencial_superior_a_un_mes | recuperacion_consistente | inversion_productiva_observada | hobbies_identificados_sin_asumir_que_deban_eliminarse | sin_factor_de_atencion_dominante,bajo,no_requerida,train,acumulacion_estable,si,recomendaciones_mvp_v1.1,fincoah_mvp_co_v1.1,983ad9a38008537dc56c0adeadf4bc79df71367751709f10f07b9762ea52f42f
DEC_0184_04,PERF_0184,dentro_del_mvp,VEN_0184_1,2026-04-30,equilibrio_sostenible,REC_CREAR_MARGEN,Crear un margen pequeño y flexible antes de aumentar compromisos fijos.,prevencion,ampliar_actividad_economica,musica,necesidades_esenciales | hobbies:musica | meta:ampliar_actividad_economica,balance_B:907000 | cobertura_L:0.9277 | variabilidad_V:0.0 | deuda_J:-0.0202,no_declarar_riesgo_solo_por_ingreso_variable | no_eliminar_hobbies_por_defecto | no_tratar_el_estado_como_identidad_permanente,sugerir,media,no,,"El estado equilibrio_sostenible describe únicamente la ventana hasta 2026-04-30 y se sustenta en balance, cobertura, recuperación, variabilidad y deuda.",VEN_0184_1 | balance_operativo_no_negativo | hobbies_identificados_sin_asumir_que_deban_eliminarse | cobertura_esencial_reducida | recuperacion_demora_mas_de_20_dias,bajo,no_requerida,test,equilibrio_sostenible,si,recomendaciones_mvp_v1.1,fincoah_mvp_co_v1.1,b8cd34f4e0bcadb3bcad501319b49c178a1e884c8bc7a3312e1d1e82bfd06eb5
DEC_0184_05,PERF_0184,dentro_del_mvp,VEN_0184_2,2026-05-31,equilibrio_sostenible,REC_CREAR_MARGEN,Crear un margen pequeño y flexible antes de aumentar compromisos fijos.,prevencion,ampliar_actividad_economica,musica,necesidades_esenciales | hobbies:musica | meta:ampliar_actividad_economica,balance_B:1643000 | cobertura_L:1.2348 | variabilidad_V:0.0121 | deuda_J:-0.0674,no_declarar_riesgo_solo_por_ingreso_variable | no_eliminar_hobbies_por_defecto | no_tratar_el_estado_como_identidad_permanente,sugerir,media,no,,"El estado equilibrio_sostenible describe únicamente la ventana hasta 2026-05-31 y se sustenta en balance, cobertura, recuperación, variabilidad y deuda.",VEN_0184_2 | balance_operativo_no_negativo | cobertura_esencial_superior_a_un_mes | inversion_productiva_observada | hobbies_identificados_sin_asumir_que_deban_eliminarse | recuperacion_demora_mas_de_20_dias,bajo,no_requerida,test,equilibrio_sostenible,si,recomendaciones_mvp_v1.1,fincoah_mvp_co_v1.1,acbb6fe2cbbbd8214dff041fab318fb66fdf00d969c8a3a08268a9fcee0cea2a
DEC_0184_06,PERF_0184,dentro_del_mvp,VEN_0184_3,2026-06-30,equilibrio_sostenible,REC_CREAR_MARGEN,Crear un margen pequeño y flexible antes de aumentar compromisos fijos.,prevencion,ampliar_actividad_economica,musica,necesidades_esenciales | hobbies:musica | meta:ampliar_actividad_economica,balance_B:2269000 | cobertura_L:1.2872 | variabilidad_V:0.0164 | deuda_J:-0.0825,no_declarar_riesgo_solo_por_ingreso_variable | no_eliminar_hobbies_por_defecto | no_tratar_el_estado_como_identidad_permanente,sugerir,media,no,,"El estado equilibrio_sostenible describe únicamente la ventana hasta 2026-06-30 y se sustenta en balance, cobertura, recuperación, variabilidad y deuda.",VEN_0184_3 | balance_operativo_no_negativo | cobertura_esencial_superior_a_un_mes | inversion_productiva_observada | hobbies_identificados_sin_asumir_que_deban_eliminarse | recuperacion_demora_mas_de_20_dias,bajo,no_requerida,test,equilibrio_sostenible,si,recomendaciones_mvp_v1.1,fincoah_mvp_co_v1.1,a1b1f37b5db8507b04d163d1584ae019d90a8204d1e3242054a4bb95a8b6b912
DEC_0185_04,PERF_0185,dentro_del_mvp,VEN_0185_1,2026-04-30,equilibrio_sostenible,REC_CREAR_MARGEN,Crear un margen pequeño y flexible antes de aumentar compromisos fijos.,prevencion,ampliar_actividad_economica,fotografia_y_video | ciclismo,necesidades_esenciales | hobbies:fotografia_y_video | ciclismo | meta:ampliar_actividad_economica,balance_B:448000 | cobertura_L:1.3051 | variabilidad_V:0.0 | deuda_J:-0.015,no_declarar_riesgo_solo_por_ingreso_variable | no_eliminar_hobbies_por_defecto | no_tratar_el_estado_como_identidad_permanente,sugerir,media,no,,"El estado equilibrio_sostenible describe únicamente la ventana hasta 2026-04-30 y se sustenta en balance, cobertura, recuperación, variabilidad y deuda.",VEN_0185_1 | balance_operativo_no_negativo | cobertura_esencial_superior_a_un_mes | recuperacion_consistente | inversion_productiva_observada | hobbies_identificados_sin_asumir_que_deban_eliminarse | recuperacion_demora_mas_de_20_dias,bajo,no_requerida,test,variable_resiliente,si,recomendaciones_mvp_v1.1,fincoah_mvp_co_v1.1,8762aeaf2c1e4f11f4db5cbc9ef0f68be86a957ff9a6833d474a77aaf3634a12
DEC_0185_05,PERF_0185,dentro_del_mvp,VEN_0185_2,2026-05-31,variable_resiliente,REC_RESERVA_PICOS,Reservar parte de los meses altos para cubrir los periodos de menor ingreso sin tratar la variabilidad como falla.,gestion_ingreso_variable,ampliar_actividad_economica,fotografia_y_video | ciclismo,necesidades_esenciales | hobbies:fotografia_y_video | ciclismo | meta:ampliar_actividad_economica,balance_B:-1653000 | cobertura_L:0.4397 | variabilidad_V:0.1554 | deuda_J:-0.0465,no_declarar_riesgo_solo_por_ingreso_variable | no_eliminar_hobbies_por_defecto | no_tratar_el_estado_como_identidad_permanente,aplicar,alta,no,,"El estado variable_resiliente describe únicamente la ventana hasta 2026-05-31 y se sustenta en balance, cobertura, recuperación, variabilidad y deuda.",VEN_0185_2 | inversion_productiva_observada | hobbies_identificados_sin_asumir_que_deban_eliminarse | balance_operativo_negativo | cobertura_esencial_reducida | recuperacion_demora_mas_de_20_dias,bajo,no_requerida,test,variable_resiliente,si,recomendaciones_mvp_v1.1,fincoah_mvp_co_v1.1,60e1b4dccdec1153efab7e7ee4573ea751fe911f9badc4a0e1895b0f5f0dfe71
DEC_0185_06,PERF_0185,dentro_del_mvp,VEN_0185_3,2026-06-30,variable_resiliente,REC_RESERVA_PICOS,Reservar parte de los meses altos para cubrir los periodos de menor ingreso sin tratar la variabilidad como falla.,gestion_ingreso_variable,ampliar_actividad_economica,fotografia_y_video | ciclismo,necesidades_esenciales | hobbies:fotografia_y_video | ciclismo | meta:ampliar_actividad_economica,balance_B:-3726000 | cobertura_L:0.0 | variabilidad_V:0.1524 | deuda_J:-0.1037,no_declarar_riesgo_solo_por_ingreso_variable | no_eliminar_hobbies_por_defecto | no_tratar_el_estado_como_identidad_permanente,aplicar,alta,no,,"El estado variable_resiliente describe únicamente la ventana hasta 2026-06-30 y se sustenta en balance, cobertura, recuperación, variabilidad y deuda.",VEN_0185_3 | inversion_productiva_observada | hobbies_identificados_sin_asumir_que_deban_eliminarse | balance_operativo_negativo | cobertura_esencial_reducida | recuperacion_demora_mas_de_20_dias,bajo,no_requerida,test,variable_resiliente,si,recomendaciones_mvp_v1.1,fincoah_mvp_co_v1.1,27f14a050dde32a5b0a38591eb82e8b303ebe459bf74ba75e6480ca3b35cfc71
DEC_0186_04,PERF_0186,dentro_del_mvp,VEN_0186_1,2026-04-30,acumulacion_estable,REC_MANTENER_ACUMULACION,Mantener el patrón actual y separar automáticamente una parte del excedente para la meta declarada.,mantenimiento_y_ahorro,hacer_viaje,videojuegos_y_streaming,necesidades_esenciales | hobbies:videojuegos_y_streaming | meta:hacer_viaje,balance_B:2601000 | cobertura_L:8.7546 | variabilidad_V:0.0 | deuda_J:-0.1869,no_declarar_riesgo_solo_por_ingreso_variable | no_eliminar_hobbies_por_defecto | no_tratar_el_estado_como_identidad_permanente,aplicar,media,no,,"El estado acumulacion_estable describe únicamente la ventana hasta 2026-04-30 y se sustenta en balance, cobertura, recuperación, variabilidad y deuda.",VEN_0186_1 | balance_operativo_no_negativo | cobertura_esencial_superior_a_un_mes | recuperacion_consistente | inversion_productiva_observada | hobbies_identificados_sin_asumir_que_deban_eliminarse | sin_factor_de_atencion_dominante,bajo,no_requerida,test,uso_planificado_reserva,si,recomendaciones_mvp_v1.1,fincoah_mvp_co_v1.1,73a448c72a8215b24e3bb09ea307369474e01b7ef92cf481a0317a078622fe6c
DEC_0186_05,PERF_0186,dentro_del_mvp,VEN_0186_2,2026-05-31,uso_planificado_reserva,REC_VIGILAR_RESERVA,Mantener el gasto alineado con la meta y revisar que la reserva conserve cobertura suficiente durante el siguiente cierre.,seguimiento_meta,hacer_viaje,videojuegos_y_streaming,necesidades_esenciales | hobbies:videojuegos_y_streaming | meta:hacer_viaje,balance_B:-4372000 | cobertura_L:3.8246 | variabilidad_V:0.2556 | deuda_J:-0.1869,no_declarar_riesgo_solo_por_ingreso_variable | no_eliminar_hobbies_por_defecto | no_tratar_el_estado_como_identidad_permanente,sugerir,media,no,,"El estado uso_planificado_reserva describe únicamente la ventana hasta 2026-05-31 y se sustenta en balance, cobertura, recuperación, variabilidad y deuda.",VEN_0186_2 | cobertura_esencial_superior_a_un_mes | recuperacion_consistente | inversion_productiva_observada | hobbies_identificados_sin_asumir_que_deban_eliminarse | balance_operativo_negativo | recuperacion_demora_mas_de_20_dias,bajo,no_requerida,test,uso_planificado_reserva,si,recomendaciones_mvp_v1.1,fincoah_mvp_co_v1.1,1e5a798625081d60037426394c68094b30d9c247be600a8ee8168b044b875144
DEC_0186_06,PERF_0186,dentro_del_mvp,VEN_0186_3,2026-06-30,uso_planificado_reserva,REC_VIGILAR_RESERVA,Mantener el gasto alineado con la meta y revisar que la reserva conserve cobertura suficiente durante el siguiente cierre.,seguimiento_meta,hacer_viaje,videojuegos_y_streaming,necesidades_esenciales | hobbies:videojuegos_y_streaming | meta:hacer_viaje,balance_B:-10710000 | cobertura_L:2.0832 | variabilidad_V:0.2292 | deuda_J:-0.543,no_declarar_riesgo_solo_por_ingreso_variable | no_eliminar_hobbies_por_defecto | no_tratar_el_estado_como_identidad_permanente,sugerir,media,no,,"El estado uso_planificado_reserva describe únicamente la ventana hasta 2026-06-30 y se sustenta en balance, cobertura, recuperación, variabilidad y deuda.",VEN_0186_3 | cobertura_esencial_superior_a_un_mes | recuperacion_consistente | inversion_productiva_observada | hobbies_identificados_sin_asumir_que_deban_eliminarse | balance_operativo_negativo | recuperacion_demora_mas_de_20_dias,bajo,no_requerida,test,uso_planificado_reserva,si,recomendaciones_mvp_v1.1,fincoah_mvp_co_v1.1,860474f9690affce4aa85e6f088516afcbd1147c11d1646e98234b0977076142
DEC_0187_04,PERF_0187,dentro_del_mvp,VEN_0187_1,2026-04-30,equilibrio_sostenible,REC_CREAR_MARGEN,Crear un margen pequeño y flexible antes de aumentar compromisos fijos.,prevencion,comprar_bicicleta,turismo_y_viajes,necesidades_esenciales | hobbies:turismo_y_viajes | meta:comprar_bicicleta,balance_B:395000 | cobertura_L:4.0565 | variabilidad_V:0.0 | deuda_J:0.0,no_declarar_riesgo_solo_por_ingreso_variable | no_eliminar_hobbies_por_defecto | no_tratar_el_estado_como_identidad_permanente,sugerir,media,no,,"El estado equilibrio_sostenible describe únicamente la ventana hasta 2026-04-30 y se sustenta en balance, cobertura, recuperación, variabilidad y deuda.",VEN_0187_1 | balance_operativo_no_negativo | cobertura_esencial_superior_a_un_mes | recuperacion_consistente | inversion_productiva_observada | hobbies_identificados_sin_asumir_que_deban_eliminarse | sin_factor_de_atencion_dominante,bajo,no_requerida,test,deterioro_reciente,si,recomendaciones_mvp_v1.1,fincoah_mvp_co_v1.1,4486b756516359545336051d1830603a8c4a5e34f453083273d4f665b9679873
DEC_0187_05,PERF_0187,dentro_del_mvp,VEN_0187_2,2026-05-31,equilibrio_sostenible,REC_CREAR_MARGEN,Crear un margen pequeño y flexible antes de aumentar compromisos fijos.,prevencion,comprar_bicicleta,turismo_y_viajes,necesidades_esenciales | hobbies:turismo_y_viajes | meta:comprar_bicicleta,balance_B:1066000 | cobertura_L:4.5541 | variabilidad_V:0.0277 | deuda_J:0.0,no_declarar_riesgo_solo_por_ingreso_variable | no_eliminar_hobbies_por_defecto | no_tratar_el_estado_como_identidad_permanente,sugerir,media,no,,"El estado equilibrio_sostenible describe únicamente la ventana hasta 2026-05-31 y se sustenta en balance, cobertura, recuperación, variabilidad y deuda.",VEN_0187_2 | balance_operativo_no_negativo | cobertura_esencial_superior_a_un_mes | recuperacion_consistente | inversion_productiva_observada | hobbies_identificados_sin_asumir_que_deban_eliminarse | recuperacion_demora_mas_de_20_dias,bajo,no_requerida,test,deterioro_reciente,si,recomendaciones_mvp_v1.1,fincoah_mvp_co_v1.1,9ac88c875e7671ccdf9d52e616298d8be0c1471dc390f631fddd8eb7b19d0ab2
DEC_0187_06,PERF_0187,dentro_del_mvp,VEN_0187_3,2026-06-30,deterioro_reciente,REC_REVISAR_CAMBIO_RECIENTE,Revisar el cambio reciente en ingresos y compromisos antes de modificar gastos personales valiosos.,diagnostico,comprar_bicicleta,turismo_y_viajes,necesidades_esenciales | hobbies:turismo_y_viajes | meta:comprar_bicicleta,balance_B:-1864000 | cobertura_L:3.2425 | variabilidad_V:0.1542 | deuda_J:0.0,no_declarar_riesgo_solo_por_ingreso_variable | no_eliminar_hobbies_por_defecto | no_tratar_el_estado_como_identidad_permanente,solicitar_contexto,alta,si,¿Ocurrió algún cambio puntual en tus ingresos o compromisos durante este cierre?,"El estado deterioro_reciente describe únicamente la ventana hasta 2026-06-30 y se sustenta en balance, cobertura, recuperación, variabilidad y deuda.",VEN_0187_3 | cobertura_esencial_superior_a_un_mes | recuperacion_consistente | inversion_productiva_observada | hobbies_identificados_sin_asumir_que_deban_eliminarse | balance_operativo_negativo | recuperacion_demora_mas_de_20_dias,podria_reducir_bienestar_o_desconocer_el_contexto,no_requerida,test,deterioro_reciente,si,recomendaciones_mvp_v1.1,fincoah_mvp_co_v1.1,5e637e80fc271580b10219a76b5414220eb036c7ae95a6820a292f4fbcdb7d6c
DEC_0188_04,PERF_0188,dentro_del_mvp,VEN_0188_1,2026-04-30,deterioro_reciente,REC_REVISAR_CAMBIO_RECIENTE,Revisar el cambio reciente en ingresos y compromisos antes de modificar gastos personales valiosos.,diagnostico,mejorar_vivienda,impresion_3d | cocina_y_reposteria,necesidades_esenciales | hobbies:impresion_3d | cocina_y_reposteria | meta:mejorar_vivienda,balance_B:-3642000 | cobertura_L:0.0 | variabilidad_V:0.0 | deuda_J:-0.0211,no_declarar_riesgo_solo_por_ingreso_variable | no_eliminar_hobbies_por_defecto | no_tratar_el_estado_como_identidad_permanente,solicitar_contexto,alta,si,¿Ocurrió algún cambio puntual en tus ingresos o compromisos durante este cierre?,"El estado deterioro_reciente describe únicamente la ventana hasta 2026-04-30 y se sustenta en balance, cobertura, recuperación, variabilidad y deuda.",VEN_0188_1 | inversion_productiva_observada | hobbies_identificados_sin_asumir_que_deban_eliminarse | balance_operativo_negativo | cobertura_esencial_reducida | recuperacion_demora_mas_de_20_dias,podria_reducir_bienestar_o_desconocer_el_contexto,no_requerida,validation,fragilidad_sostenida,si,recomendaciones_mvp_v1.1,fincoah_mvp_co_v1.1,3c7bef4d10280f452b39bd73238ab3fa891cae31bc6c51ab7b92bc37602d3952
DEC_0188_05,PERF_0188,dentro_del_mvp,VEN_0188_2,2026-05-31,fragilidad_sostenida,REC_PRIORIZAR_COBERTURA,"Priorizar vivienda, alimentación, salud y servicios; revisar opciones de renegociación de deuda sin eliminar automáticamente los hobbies.",proteccion_esencial,mejorar_vivienda,impresion_3d | cocina_y_reposteria,necesidades_esenciales | hobbies:impresion_3d | cocina_y_reposteria | meta:mejorar_vivienda,balance_B:-10448000 | cobertura_L:0.0 | variabilidad_V:0.101 | deuda_J:0.0203,no_declarar_riesgo_solo_por_ingreso_variable | no_eliminar_hobbies_por_defecto | no_tratar_el_estado_como_identidad_permanente,aplicar,alta,no,,"El estado fragilidad_sostenida describe únicamente la ventana hasta 2026-05-31 y se sustenta en balance, cobertura, recuperación, variabilidad y deuda.",VEN_0188_2 | inversion_productiva_observada | hobbies_identificados_sin_asumir_que_deban_eliminarse | balance_operativo_negativo | cobertura_esencial_reducida | recuperacion_demora_mas_de_20_dias,podria_reducir_bienestar_o_desconocer_el_contexto,no_requerida,validation,fragilidad_sostenida,si,recomendaciones_mvp_v1.1,fincoah_mvp_co_v1.1,1212745b6dec76df83984943f340a74fdcc372b1f8f5534426e3ee56a5585689
DEC_0188_06,PERF_0188,dentro_del_mvp,VEN_0188_3,2026-06-30,fragilidad_sostenida,REC_PRIORIZAR_COBERTURA,"Priorizar vivienda, alimentación, salud y servicios; revisar opciones de renegociación de deuda sin eliminar automáticamente los hobbies.",proteccion_esencial,mejorar_vivienda,impresion_3d | cocina_y_reposteria,necesidades_esenciales | hobbies:impresion_3d | cocina_y_reposteria | meta:mejorar_vivienda,balance_B:-16724000 | cobertura_L:0.0 | variabilidad_V:0.0826 | deuda_J:0.0302,no_declarar_riesgo_solo_por_ingreso_variable | no_eliminar_hobbies_por_defecto | no_tratar_el_estado_como_identidad_permanente,aplicar,alta,no,,"El estado fragilidad_sostenida describe únicamente la ventana hasta 2026-06-30 y se sustenta en balance, cobertura, recuperación, variabilidad y deuda.",VEN_0188_3 | inversion_productiva_observada | hobbies_identificados_sin_asumir_que_deban_eliminarse | balance_operativo_negativo | cobertura_esencial_reducida | recuperacion_demora_mas_de_20_dias,podria_reducir_bienestar_o_desconocer_el_contexto,no_requerida,validation,fragilidad_sostenida,si,recomendaciones_mvp_v1.1,fincoah_mvp_co_v1.1,e70065f1076661d316857633e0c1604f5104f100f24af552eb2a56eddd5d4e6b
DEC_0189_04,PERF_0189,dentro_del_mvp,VEN_0189_1,2026-04-30,fragilidad_sostenida,REC_PRIORIZAR_COBERTURA,"Priorizar vivienda, alimentación, salud y servicios; revisar opciones de renegociación de deuda sin eliminar automáticamente los hobbies.",proteccion_esencial,mejorar_vivienda,jardineria_y_agricultura_urbana | cocina_y_reposteria,necesidades_esenciales | hobbies:jardineria_y_agricultura_urbana | cocina_y_reposteria | meta:mejorar_vivienda,balance_B:-3861000 | cobertura_L:0.0 | variabilidad_V:0.0 | deuda_J:-0.0182,no_declarar_riesgo_solo_por_ingreso_variable | no_eliminar_hobbies_por_defecto | no_tratar_el_estado_como_identidad_permanente,aplicar,alta,no,,"El estado fragilidad_sostenida describe únicamente la ventana hasta 2026-04-30 y se sustenta en balance, cobertura, recuperación, variabilidad y deuda.",VEN_0189_1 | inversion_productiva_observada | hobbies_identificados_sin_asumir_que_deban_eliminarse | balance_operativo_negativo | cobertura_esencial_reducida | recuperacion_demora_mas_de_20_dias,podria_reducir_bienestar_o_desconocer_el_contexto,no_requerida,validation,situacion_critica,si,recomendaciones_mvp_v1.1,fincoah_mvp_co_v1.1,90011878b82d2b6a5c882aaa85da51a1092b4fcc939aa5d3e759addf9c53e426
DEC_0189_05,PERF_0189,dentro_del_mvp,VEN_0189_2,2026-05-31,situacion_critica,REC_PLAN_CONTENCION,Activar un plan de contención centrado en necesidades esenciales y solicitar revisión humana para deuda y liquidez.,contencion_y_revision,mejorar_vivienda,jardineria_y_agricultura_urbana | cocina_y_reposteria,necesidades_esenciales | hobbies:jardineria_y_agricultura_urbana | cocina_y_reposteria | meta:mejorar_vivienda,balance_B:-9843000 | cobertura_L:0.0 | variabilidad_V:0.1438 | deuda_J:0.0206,no_declarar_riesgo_solo_por_ingreso_variable | no_eliminar_hobbies_por_defecto | no_tratar_el_estado_como_identidad_permanente,aplicar,critica,no,,"El estado situacion_critica describe únicamente la ventana hasta 2026-05-31 y se sustenta en balance, cobertura, recuperación, variabilidad y deuda.",VEN_0189_2 | inversion_productiva_observada | hobbies_identificados_sin_asumir_que_deban_eliminarse | balance_operativo_negativo | cobertura_esencial_reducida | recuperacion_demora_mas_de_20_dias,podria_reducir_bienestar_o_desconocer_el_contexto,requerida,validation,situacion_critica,si,recomendaciones_mvp_v1.1,fincoah_mvp_co_v1.1,a36c5817eb4a078e0931c31e4f98a6764d6e017fcee97903abf35a82c4cd3b5a
DEC_0189_06,PERF_0189,dentro_del_mvp,VEN_0189_3,2026-06-30,situacion_critica,REC_PLAN_CONTENCION,Activar un plan de contención centrado en necesidades esenciales y solicitar revisión humana para deuda y liquidez.,contencion_y_revision,mejorar_vivienda,jardineria_y_agricultura_urbana | cocina_y_reposteria,necesidades_esenciales | hobbies:jardineria_y_agricultura_urbana | cocina_y_reposteria | meta:mejorar_vivienda,balance_B:-15943000 | cobertura_L:0.0 | variabilidad_V:0.1639 | deuda_J:0.0343,no_declarar_riesgo_solo_por_ingreso_variable | no_eliminar_hobbies_por_defecto | no_tratar_el_estado_como_identidad_permanente,aplicar,critica,no,,"El estado situacion_critica describe únicamente la ventana hasta 2026-06-30 y se sustenta en balance, cobertura, recuperación, variabilidad y deuda.",VEN_0189_3 | inversion_productiva_observada | hobbies_identificados_sin_asumir_que_deban_eliminarse | balance_operativo_negativo | cobertura_esencial_reducida | recuperacion_demora_mas_de_20_dias,podria_reducir_bienestar_o_desconocer_el_contexto,requerida,validation,situacion_critica,si,recomendaciones_mvp_v1.1,fincoah_mvp_co_v1.1,241df18760c37ac37e4dddc6624eed477cb55d7e4f4202cc3442227e98fb672b
DEC_0190_04,PERF_0190,dentro_del_mvp,VEN_0190_1,2026-04-30,acumulacion_estable,REC_MANTENER_ACUMULACION,Mantener el patrón actual y separar automáticamente una parte del excedente para la meta declarada.,mantenimiento_y_ahorro,comprar_equipo_de_trabajo,ciclismo | pintura,necesidades_esenciales | hobbies:ciclismo | pintura | meta:comprar_equipo_de_trabajo,balance_B:2918000 | cobertura_L:3.6112 | variabilidad_V:0.0 | deuda_J:-0.0177,no_declarar_riesgo_solo_por_ingreso_variable | no_eliminar_hobbies_por_defecto | no_tratar_el_estado_como_identidad_permanente,aplicar,media,no,,"El estado acumulacion_estable describe únicamente la ventana hasta 2026-04-30 y se sustenta en balance, cobertura, recuperación, variabilidad y deuda.",VEN_0190_1 | balance_operativo_no_negativo | cobertura_esencial_superior_a_un_mes | recuperacion_consistente | inversion_productiva_observada | hobbies_identificados_sin_asumir_que_deban_eliminarse | sin_factor_de_atencion_dominante,bajo,no_requerida,train,acumulacion_estable,si,recomendaciones_mvp_v1.1,fincoah_mvp_co_v1.1,e41020009479f81dc6887e899a76c2f12629abd5199dbd223408b87b7220b00d
DEC_0190_05,PERF_0190,dentro_del_mvp,VEN_0190_2,2026-05-31,acumulacion_estable,REC_MANTENER_ACUMULACION,Mantener el patrón actual y separar automáticamente una parte del excedente para la meta declarada.,mantenimiento_y_ahorro,comprar_equipo_de_trabajo,ciclismo | pintura,necesidades_esenciales | hobbies:ciclismo | pintura | meta:comprar_equipo_de_trabajo,balance_B:5279000 | cobertura_L:5.0612 | variabilidad_V:0.0432 | deuda_J:-0.0177,no_declarar_riesgo_solo_por_ingreso_variable | no_eliminar_hobbies_por_defecto | no_tratar_el_estado_como_identidad_permanente,aplicar,media,no,,"El estado acumulacion_estable describe únicamente la ventana hasta 2026-05-31 y se sustenta en balance, cobertura, recuperación, variabilidad y deuda.",VEN_0190_2 | balance_operativo_no_negativo | cobertura_esencial_superior_a_un_mes | recuperacion_consistente | inversion_productiva_observada | hobbies_identificados_sin_asumir_que_deban_eliminarse | sin_factor_de_atencion_dominante,bajo,no_requerida,train,acumulacion_estable,si,recomendaciones_mvp_v1.1,fincoah_mvp_co_v1.1,5f9f912240d896b0643616fb315ddaddae2761a2561deda926538d05e1d82f4a
DEC_0190_06,PERF_0190,dentro_del_mvp,VEN_0190_3,2026-06-30,acumulacion_estable,REC_MANTENER_ACUMULACION,Mantener el patrón actual y separar automáticamente una parte del excedente para la meta declarada.,mantenimiento_y_ahorro,comprar_equipo_de_trabajo,ciclismo | pintura,necesidades_esenciales | hobbies:ciclismo | pintura | meta:comprar_equipo_de_trabajo,balance_B:7601000 | cobertura_L:6.1124 | variabilidad_V:0.0429 | deuda_J:-0.0412,no_declarar_riesgo_solo_por_ingreso_variable | no_eliminar_hobbies_por_defecto | no_tratar_el_estado_como_identidad_permanente,aplicar,media,no,,"El estado acumulacion_estable describe únicamente la ventana hasta 2026-06-30 y se sustenta en balance, cobertura, recuperación, variabilidad y deuda.",VEN_0190_3 | balance_operativo_no_negativo | cobertura_esencial_superior_a_un_mes | recuperacion_consistente | inversion_productiva_observada | hobbies_identificados_sin_asumir_que_deban_eliminarse | sin_factor_de_atencion_dominante,bajo,no_requerida,train,acumulacion_estable,si,recomendaciones_mvp_v1.1,fincoah_mvp_co_v1.1,3dd1487374550b1938e7ddbac90bacf204e705dcbfe8c7c370a91442487a5e34
DEC_0191_04,PERF_0191,dentro_del_mvp,VEN_0191_1,2026-04-30,equilibrio_sostenible,REC_CREAR_MARGEN,Crear un margen pequeño y flexible antes de aumentar compromisos fijos.,prevencion,pagar_deuda,pintura | manualidades_y_artesanias,necesidades_esenciales | hobbies:pintura | manualidades_y_artesanias | meta:pagar_deuda,balance_B:710000 | cobertura_L:1.2598 | variabilidad_V:0.0 | deuda_J:-0.261,no_declarar_riesgo_solo_por_ingreso_variable | no_eliminar_hobbies_por_defecto | no_tratar_el_estado_como_identidad_permanente,sugerir,media,no,,"El estado equilibrio_sostenible describe únicamente la ventana hasta 2026-04-30 y se sustenta en balance, cobertura, recuperación, variabilidad y deuda.",VEN_0191_1 | balance_operativo_no_negativo | cobertura_esencial_superior_a_un_mes | recuperacion_consistente | inversion_productiva_observada | hobbies_identificados_sin_asumir_que_deban_eliminarse | sin_factor_de_atencion_dominante,bajo,no_requerida,validation,equilibrio_sostenible,si,recomendaciones_mvp_v1.1,fincoah_mvp_co_v1.1,3116dfb0e053b572cca76c3ce198f25967174e683dbcecc2e1caea2da642b6ad
DEC_0191_05,PERF_0191,dentro_del_mvp,VEN_0191_2,2026-05-31,equilibrio_sostenible,REC_CREAR_MARGEN,Crear un margen pequeño y flexible antes de aumentar compromisos fijos.,prevencion,pagar_deuda,pintura | manualidades_y_artesanias,necesidades_esenciales | hobbies:pintura | manualidades_y_artesanias | meta:pagar_deuda,balance_B:1702000 | cobertura_L:1.6315 | variabilidad_V:0.0178 | deuda_J:-0.3592,no_declarar_riesgo_solo_por_ingreso_variable | no_eliminar_hobbies_por_defecto | no_tratar_el_estado_como_identidad_permanente,sugerir,media,no,,"El estado equilibrio_sostenible describe únicamente la ventana hasta 2026-05-31 y se sustenta en balance, cobertura, recuperación, variabilidad y deuda.",VEN_0191_2 | balance_operativo_no_negativo | cobertura_esencial_superior_a_un_mes | recuperacion_consistente | inversion_productiva_observada | hobbies_identificados_sin_asumir_que_deban_eliminarse | recuperacion_demora_mas_de_20_dias,bajo,no_requerida,validation,equilibrio_sostenible,si,recomendaciones_mvp_v1.1,fincoah_mvp_co_v1.1,771c5c3c08b8986d6f9ca79f1c369bd178f8f7597a4a205707292446a2b60a11
DEC_0191_06,PERF_0191,dentro_del_mvp,VEN_0191_3,2026-06-30,equilibrio_sostenible,REC_CREAR_MARGEN,Crear un margen pequeño y flexible antes de aumentar compromisos fijos.,prevencion,pagar_deuda,pintura | manualidades_y_artesanias,necesidades_esenciales | hobbies:pintura | manualidades_y_artesanias | meta:pagar_deuda,balance_B:2254000 | cobertura_L:1.7038 | variabilidad_V:0.0233 | deuda_J:-0.574,no_declarar_riesgo_solo_por_ingreso_variable | no_eliminar_hobbies_por_defecto | no_tratar_el_estado_como_identidad_permanente,sugerir,media,no,,"El estado equilibrio_sostenible describe únicamente la ventana hasta 2026-06-30 y se sustenta en balance, cobertura, recuperación, variabilidad y deuda.",VEN_0191_3 | balance_operativo_no_negativo | cobertura_esencial_superior_a_un_mes | recuperacion_consistente | inversion_productiva_observada | hobbies_identificados_sin_asumir_que_deban_eliminarse | recuperacion_demora_mas_de_20_dias,bajo,no_requerida,validation,equilibrio_sostenible,si,recomendaciones_mvp_v1.1,fincoah_mvp_co_v1.1,8716e1471e832ca220e0fef62227ac96319476442149f57364cd1312ea70fd33
DEC_0192_04,PERF_0192,dentro_del_mvp,VEN_0192_1,2026-04-30,equilibrio_sostenible,REC_CREAR_MARGEN,Crear un margen pequeño y flexible antes de aumentar compromisos fijos.,prevencion,comprar_equipo_de_trabajo,cocina_y_reposteria,necesidades_esenciales | hobbies:cocina_y_reposteria | meta:comprar_equipo_de_trabajo,balance_B:48000 | cobertura_L:3.4203 | variabilidad_V:0.0 | deuda_J:-0.0275,no_declarar_riesgo_solo_por_ingreso_variable | no_eliminar_hobbies_por_defecto | no_tratar_el_estado_como_identidad_permanente,sugerir,media,no,,"El estado equilibrio_sostenible describe únicamente la ventana hasta 2026-04-30 y se sustenta en balance, cobertura, recuperación, variabilidad y deuda.",VEN_0192_1 | balance_operativo_no_negativo | cobertura_esencial_superior_a_un_mes | inversion_productiva_observada | hobbies_identificados_sin_asumir_que_deban_eliminarse | sin_factor_de_atencion_dominante,bajo,no_requerida,train,variable_resiliente,si,recomendaciones_mvp_v1.1,fincoah_mvp_co_v1.1,cf3a0329398256a2b0bbff1a2ee0da565ed30ae1d0d43afe8b729b6e7a337ce7
DEC_0192_05,PERF_0192,dentro_del_mvp,VEN_0192_2,2026-05-31,variable_resiliente,REC_RESERVA_PICOS,Reservar parte de los meses altos para cubrir los periodos de menor ingreso sin tratar la variabilidad como falla.,gestion_ingreso_variable,comprar_equipo_de_trabajo,cocina_y_reposteria,necesidades_esenciales | hobbies:cocina_y_reposteria | meta:comprar_equipo_de_trabajo,balance_B:-2923000 | cobertura_L:2.3328 | variabilidad_V:0.108 | deuda_J:-0.0522,no_declarar_riesgo_solo_por_ingreso_variable | no_eliminar_hobbies_por_defecto | no_tratar_el_estado_como_identidad_permanente,aplicar,alta,no,,"El estado variable_resiliente describe únicamente la ventana hasta 2026-05-31 y se sustenta en balance, cobertura, recuperación, variabilidad y deuda.",VEN_0192_2 | cobertura_esencial_superior_a_un_mes | inversion_productiva_observada | hobbies_identificados_sin_asumir_que_deban_eliminarse | balance_operativo_negativo | recuperacion_demora_mas_de_20_dias,bajo,no_requerida,train,variable_resiliente,si,recomendaciones_mvp_v1.1,fincoah_mvp_co_v1.1,b28944876f3f587f5905a77608f8fa4196c8718008cab42773c0898528a8f76f
DEC_0192_06,PERF_0192,dentro_del_mvp,VEN_0192_3,2026-06-30,variable_resiliente,REC_RESERVA_PICOS,Reservar parte de los meses altos para cubrir los periodos de menor ingreso sin tratar la variabilidad como falla.,gestion_ingreso_variable,comprar_equipo_de_trabajo,cocina_y_reposteria,necesidades_esenciales | hobbies:cocina_y_reposteria | meta:comprar_equipo_de_trabajo,balance_B:-6161000 | cobertura_L:1.8181 | variabilidad_V:0.1226 | deuda_J:-0.0522,no_declarar_riesgo_solo_por_ingreso_variable | no_eliminar_hobbies_por_defecto | no_tratar_el_estado_como_identidad_permanente,aplicar,alta,no,,"El estado variable_resiliente describe únicamente la ventana hasta 2026-06-30 y se sustenta en balance, cobertura, recuperación, variabilidad y deuda.",VEN_0192_3 | cobertura_esencial_superior_a_un_mes | inversion_productiva_observada | hobbies_identificados_sin_asumir_que_deban_eliminarse | balance_operativo_negativo | recuperacion_demora_mas_de_20_dias,bajo,no_requerida,train,variable_resiliente,si,recomendaciones_mvp_v1.1,fincoah_mvp_co_v1.1,afecd4f0c29a2865c25894dc178f3375f2460afcdebc06cac0aec68b983f090e
DEC_0193_04,PERF_0193,dentro_del_mvp,VEN_0193_1,2026-04-30,acumulacion_estable,REC_MANTENER_ACUMULACION,Mantener el patrón actual y separar automáticamente una parte del excedente para la meta declarada.,mantenimiento_y_ahorro,hacer_viaje,manualidades_y_artesanias | turismo_y_viajes,necesidades_esenciales | hobbies:manualidades_y_artesanias | turismo_y_viajes | meta:hacer_viaje,balance_B:1765000 | cobertura_L:7.2428 | variabilidad_V:0.0 | deuda_J:-0.0233,no_declarar_riesgo_solo_por_ingreso_variable | no_eliminar_hobbies_por_defecto | no_tratar_el_estado_como_identidad_permanente,aplicar,media,no,,"El estado acumulacion_estable describe únicamente la ventana hasta 2026-04-30 y se sustenta en balance, cobertura, recuperación, variabilidad y deuda.",VEN_0193_1 | balance_operativo_no_negativo | cobertura_esencial_superior_a_un_mes | recuperacion_consistente | inversion_productiva_observada | hobbies_identificados_sin_asumir_que_deban_eliminarse | sin_factor_de_atencion_dominante,bajo,no_requerida,train,uso_planificado_reserva,si,recomendaciones_mvp_v1.1,fincoah_mvp_co_v1.1,18de00bf6370675d0464ba83ea55c4f3370380fd31b5dbca5a1041233da31893
DEC_0193_05,PERF_0193,dentro_del_mvp,VEN_0193_2,2026-05-31,uso_planificado_reserva,REC_VIGILAR_RESERVA,Mantener el gasto alineado con la meta y revisar que la reserva conserve cobertura suficiente durante el siguiente cierre.,seguimiento_meta,hacer_viaje,manualidades_y_artesanias | turismo_y_viajes,necesidades_esenciales | hobbies:manualidades_y_artesanias | turismo_y_viajes | meta:hacer_viaje,balance_B:-3087000 | cobertura_L:2.3719 | variabilidad_V:0.187 | deuda_J:-0.0775,no_declarar_riesgo_solo_por_ingreso_variable | no_eliminar_hobbies_por_defecto | no_tratar_el_estado_como_identidad_permanente,sugerir,media,no,,"El estado uso_planificado_reserva describe únicamente la ventana hasta 2026-05-31 y se sustenta en balance, cobertura, recuperación, variabilidad y deuda.",VEN_0193_2 | cobertura_esencial_superior_a_un_mes | recuperacion_consistente | inversion_productiva_observada | hobbies_identificados_sin_asumir_que_deban_eliminarse | balance_operativo_negativo | recuperacion_demora_mas_de_20_dias,bajo,no_requerida,train,uso_planificado_reserva,si,recomendaciones_mvp_v1.1,fincoah_mvp_co_v1.1,d02320bd0fefe46402adf5dd26e0a99abee14a2a4467bbad8b299019ade2495b
DEC_0193_06,PERF_0193,dentro_del_mvp,VEN_0193_3,2026-06-30,uso_planificado_reserva,REC_VIGILAR_RESERVA,Mantener el gasto alineado con la meta y revisar que la reserva conserve cobertura suficiente durante el siguiente cierre.,seguimiento_meta,hacer_viaje,manualidades_y_artesanias | turismo_y_viajes,necesidades_esenciales | hobbies:manualidades_y_artesanias | turismo_y_viajes | meta:hacer_viaje,balance_B:-7833000 | cobertura_L:0.8381 | variabilidad_V:0.1803 | deuda_J:-0.1175,no_declarar_riesgo_solo_por_ingreso_variable | no_eliminar_hobbies_por_defecto | no_tratar_el_estado_como_identidad_permanente,sugerir,media,no,,"El estado uso_planificado_reserva describe únicamente la ventana hasta 2026-06-30 y se sustenta en balance, cobertura, recuperación, variabilidad y deuda.",VEN_0193_3 | recuperacion_consistente | inversion_productiva_observada | hobbies_identificados_sin_asumir_que_deban_eliminarse | balance_operativo_negativo | cobertura_esencial_reducida | recuperacion_demora_mas_de_20_dias,bajo,no_requerida,train,uso_planificado_reserva,si,recomendaciones_mvp_v1.1,fincoah_mvp_co_v1.1,b0b60ee10e405ba97f57c66ba273203b39d23245b2e32456222987b1ad0b4e81
DEC_0194_04,PERF_0194,dentro_del_mvp,VEN_0194_1,2026-04-30,equilibrio_sostenible,REC_CREAR_MARGEN,Crear un margen pequeño y flexible antes de aumentar compromisos fijos.,prevencion,ampliar_actividad_economica,musica | manualidades_y_artesanias,necesidades_esenciales | hobbies:musica | manualidades_y_artesanias | meta:ampliar_actividad_economica,balance_B:964000 | cobertura_L:1.34 | variabilidad_V:0.0 | deuda_J:-0.1158,no_declarar_riesgo_solo_por_ingreso_variable | no_eliminar_hobbies_por_defecto | no_tratar_el_estado_como_identidad_permanente,sugerir,media,no,,"El estado equilibrio_sostenible describe únicamente la ventana hasta 2026-04-30 y se sustenta en balance, cobertura, recuperación, variabilidad y deuda.",VEN_0194_1 | balance_operativo_no_negativo | cobertura_esencial_superior_a_un_mes | recuperacion_consistente | inversion_productiva_observada | hobbies_identificados_sin_asumir_que_deban_eliminarse | sin_factor_de_atencion_dominante,bajo,no_requerida,validation,deterioro_reciente,si,recomendaciones_mvp_v1.1,fincoah_mvp_co_v1.1,25a7a5ecbe355f63d047d085c3acb50bb426e1d3a318a03d123f732021e4c6a8
DEC_0194_05,PERF_0194,dentro_del_mvp,VEN_0194_2,2026-05-31,equilibrio_sostenible,REC_CREAR_MARGEN,Crear un margen pequeño y flexible antes de aumentar compromisos fijos.,prevencion,ampliar_actividad_economica,musica | manualidades_y_artesanias,necesidades_esenciales | hobbies:musica | manualidades_y_artesanias | meta:ampliar_actividad_economica,balance_B:1459000 | cobertura_L:1.2954 | variabilidad_V:0.0315 | deuda_J:-0.2161,no_declarar_riesgo_solo_por_ingreso_variable | no_eliminar_hobbies_por_defecto | no_tratar_el_estado_como_identidad_permanente,sugerir,media,no,,"El estado equilibrio_sostenible describe únicamente la ventana hasta 2026-05-31 y se sustenta en balance, cobertura, recuperación, variabilidad y deuda.",VEN_0194_2 | balance_operativo_no_negativo | cobertura_esencial_superior_a_un_mes | recuperacion_consistente | inversion_productiva_observada | hobbies_identificados_sin_asumir_que_deban_eliminarse | recuperacion_demora_mas_de_20_dias,bajo,no_requerida,validation,deterioro_reciente,si,recomendaciones_mvp_v1.1,fincoah_mvp_co_v1.1,08762758b2cf3dda16f9637e73689e21f48eb634477c25ab9d71b1b6ec15b036
DEC_0194_06,PERF_0194,dentro_del_mvp,VEN_0194_3,2026-06-30,deterioro_reciente,REC_REVISAR_CAMBIO_RECIENTE,Revisar el cambio reciente en ingresos y compromisos antes de modificar gastos personales valiosos.,diagnostico,ampliar_actividad_economica,musica | manualidades_y_artesanias,necesidades_esenciales | hobbies:musica | manualidades_y_artesanias | meta:ampliar_actividad_economica,balance_B:-2764000 | cobertura_L:0.2592 | variabilidad_V:0.1353 | deuda_J:-0.3349,no_declarar_riesgo_solo_por_ingreso_variable | no_eliminar_hobbies_por_defecto | no_tratar_el_estado_como_identidad_permanente,solicitar_contexto,alta,si,¿Ocurrió algún cambio puntual en tus ingresos o compromisos durante este cierre?,"El estado deterioro_reciente describe únicamente la ventana hasta 2026-06-30 y se sustenta en balance, cobertura, recuperación, variabilidad y deuda.",VEN_0194_3 | recuperacion_consistente | inversion_productiva_observada | hobbies_identificados_sin_asumir_que_deban_eliminarse | balance_operativo_negativo | cobertura_esencial_reducida | recuperacion_demora_mas_de_20_dias,podria_reducir_bienestar_o_desconocer_el_contexto,no_requerida,validation,deterioro_reciente,si,recomendaciones_mvp_v1.1,fincoah_mvp_co_v1.1,b9c0d6f1c04818aa361dba86b9807a7f2de1a0660d61cc93ac04599381a89737
DEC_0195_04,PERF_0195,dentro_del_mvp,VEN_0195_1,2026-04-30,deterioro_reciente,REC_REVISAR_CAMBIO_RECIENTE,Revisar el cambio reciente en ingresos y compromisos antes de modificar gastos personales valiosos.,diagnostico,comprar_equipo_de_trabajo,fotografia_y_video | impresion_3d,necesidades_esenciales | hobbies:fotografia_y_video | impresion_3d | meta:comprar_equipo_de_trabajo,balance_B:-2029000 | cobertura_L:0.0 | variabilidad_V:0.0 | deuda_J:-0.0222,no_declarar_riesgo_solo_por_ingreso_variable | no_eliminar_hobbies_por_defecto | no_tratar_el_estado_como_identidad_permanente,solicitar_contexto,alta,si,¿Ocurrió algún cambio puntual en tus ingresos o compromisos durante este cierre?,"El estado deterioro_reciente describe únicamente la ventana hasta 2026-04-30 y se sustenta en balance, cobertura, recuperación, variabilidad y deuda.",VEN_0195_1 | inversion_productiva_observada | hobbies_identificados_sin_asumir_que_deban_eliminarse | balance_operativo_negativo | cobertura_esencial_reducida | recuperacion_demora_mas_de_20_dias,podria_reducir_bienestar_o_desconocer_el_contexto,no_requerida,validation,fragilidad_sostenida,si,recomendaciones_mvp_v1.1,fincoah_mvp_co_v1.1,2388404cf3ffcd3b8590d91b4d827c929bafb39a5bcc6275485563cffb5b0696
DEC_0195_05,PERF_0195,dentro_del_mvp,VEN_0195_2,2026-05-31,fragilidad_sostenida,REC_PRIORIZAR_COBERTURA,"Priorizar vivienda, alimentación, salud y servicios; revisar opciones de renegociación de deuda sin eliminar automáticamente los hobbies.",proteccion_esencial,comprar_equipo_de_trabajo,fotografia_y_video | impresion_3d,necesidades_esenciales | hobbies:fotografia_y_video | impresion_3d | meta:comprar_equipo_de_trabajo,balance_B:-6102000 | cobertura_L:0.0 | variabilidad_V:0.144 | deuda_J:-0.0131,no_declarar_riesgo_solo_por_ingreso_variable | no_eliminar_hobbies_por_defecto | no_tratar_el_estado_como_identidad_permanente,aplicar,alta,no,,"El estado fragilidad_sostenida describe únicamente la ventana hasta 2026-05-31 y se sustenta en balance, cobertura, recuperación, variabilidad y deuda.",VEN_0195_2 | inversion_productiva_observada | hobbies_identificados_sin_asumir_que_deban_eliminarse | balance_operativo_negativo | cobertura_esencial_reducida | recuperacion_demora_mas_de_20_dias,podria_reducir_bienestar_o_desconocer_el_contexto,no_requerida,validation,fragilidad_sostenida,si,recomendaciones_mvp_v1.1,fincoah_mvp_co_v1.1,ba7021b7e6bd3d73d333c392790ebe02103c1ddb7e24c0d6ecb54cb0b6cc8994
DEC_0195_06,PERF_0195,dentro_del_mvp,VEN_0195_3,2026-06-30,fragilidad_sostenida,REC_PRIORIZAR_COBERTURA,"Priorizar vivienda, alimentación, salud y servicios; revisar opciones de renegociación de deuda sin eliminar automáticamente los hobbies.",proteccion_esencial,comprar_equipo_de_trabajo,fotografia_y_video | impresion_3d,necesidades_esenciales | hobbies:fotografia_y_video | impresion_3d | meta:comprar_equipo_de_trabajo,balance_B:-10134000 | cobertura_L:0.0 | variabilidad_V:0.1379 | deuda_J:0.0011,no_declarar_riesgo_solo_por_ingreso_variable | no_eliminar_hobbies_por_defecto | no_tratar_el_estado_como_identidad_permanente,aplicar,alta,no,,"El estado fragilidad_sostenida describe únicamente la ventana hasta 2026-06-30 y se sustenta en balance, cobertura, recuperación, variabilidad y deuda.",VEN_0195_3 | inversion_productiva_observada | hobbies_identificados_sin_asumir_que_deban_eliminarse | balance_operativo_negativo | cobertura_esencial_reducida | recuperacion_demora_mas_de_20_dias,podria_reducir_bienestar_o_desconocer_el_contexto,no_requerida,validation,fragilidad_sostenida,si,recomendaciones_mvp_v1.1,fincoah_mvp_co_v1.1,177c573877e1df5651cf7e26887869e4912797c1d7a68fc393a104695d8de325
DEC_0196_04,PERF_0196,dentro_del_mvp,VEN_0196_1,2026-04-30,fragilidad_sostenida,REC_PRIORIZAR_COBERTURA,"Priorizar vivienda, alimentación, salud y servicios; revisar opciones de renegociación de deuda sin eliminar automáticamente los hobbies.",proteccion_esencial,mejorar_vivienda,videojuegos_y_streaming,necesidades_esenciales | hobbies:videojuegos_y_streaming | meta:mejorar_vivienda,balance_B:-7120000 | cobertura_L:0.0 | variabilidad_V:0.0 | deuda_J:0.0912,no_declarar_riesgo_solo_por_ingreso_variable | no_eliminar_hobbies_por_defecto | no_tratar_el_estado_como_identidad_permanente,aplicar,alta,no,,"El estado fragilidad_sostenida describe únicamente la ventana hasta 2026-04-30 y se sustenta en balance, cobertura, recuperación, variabilidad y deuda.",VEN_0196_1 | inversion_productiva_observada | hobbies_identificados_sin_asumir_que_deban_eliminarse | balance_operativo_negativo | cobertura_esencial_reducida | deuda_creciente | recuperacion_demora_mas_de_20_dias,podria_reducir_bienestar_o_desconocer_el_contexto,no_requerida,validation,situacion_critica,si,recomendaciones_mvp_v1.1,fincoah_mvp_co_v1.1,ec19c6cdf36e1c0ccb5cb58c48c9300a225e7029b0825b156c719117eb65812a
DEC_0196_05,PERF_0196,dentro_del_mvp,VEN_0196_2,2026-05-31,situacion_critica,REC_PLAN_CONTENCION,Activar un plan de contención centrado en necesidades esenciales y solicitar revisión humana para deuda y liquidez.,contencion_y_revision,mejorar_vivienda,videojuegos_y_streaming,necesidades_esenciales | hobbies:videojuegos_y_streaming | meta:mejorar_vivienda,balance_B:-18535000 | cobertura_L:0.0 | variabilidad_V:0.188 | deuda_J:0.1211,no_declarar_riesgo_solo_por_ingreso_variable | no_eliminar_hobbies_por_defecto | no_tratar_el_estado_como_identidad_permanente,aplicar,critica,no,,"El estado situacion_critica describe únicamente la ventana hasta 2026-05-31 y se sustenta en balance, cobertura, recuperación, variabilidad y deuda.",VEN_0196_2 | inversion_productiva_observada | hobbies_identificados_sin_asumir_que_deban_eliminarse | balance_operativo_negativo | cobertura_esencial_reducida | deuda_creciente | recuperacion_demora_mas_de_20_dias,podria_reducir_bienestar_o_desconocer_el_contexto,requerida,validation,situacion_critica,si,recomendaciones_mvp_v1.1,fincoah_mvp_co_v1.1,818a1e9604b4449781521cb07d270fecfa62fb83916b2d4512b77a577f52b0cd
DEC_0196_06,PERF_0196,dentro_del_mvp,VEN_0196_3,2026-06-30,situacion_critica,REC_PLAN_CONTENCION,Activar un plan de contención centrado en necesidades esenciales y solicitar revisión humana para deuda y liquidez.,contencion_y_revision,mejorar_vivienda,videojuegos_y_streaming,necesidades_esenciales | hobbies:videojuegos_y_streaming | meta:mejorar_vivienda,balance_B:-29954000 | cobertura_L:0.0 | variabilidad_V:0.1894 | deuda_J:0.1254,no_declarar_riesgo_solo_por_ingreso_variable | no_eliminar_hobbies_por_defecto | no_tratar_el_estado_como_identidad_permanente,aplicar,critica,no,,"El estado situacion_critica describe únicamente la ventana hasta 2026-06-30 y se sustenta en balance, cobertura, recuperación, variabilidad y deuda.",VEN_0196_3 | inversion_productiva_observada | hobbies_identificados_sin_asumir_que_deban_eliminarse | balance_operativo_negativo | cobertura_esencial_reducida | deuda_creciente | recuperacion_demora_mas_de_20_dias,podria_reducir_bienestar_o_desconocer_el_contexto,requerida,validation,situacion_critica,si,recomendaciones_mvp_v1.1,fincoah_mvp_co_v1.1,d77ad90f2107b47c21431d00e3c5e533e28e72fd4931d200410fadaa8b7f66d0
DEC_0197_04,PERF_0197,dentro_del_mvp,VEN_0197_1,2026-04-30,acumulacion_estable,REC_MANTENER_ACUMULACION,Mantener el patrón actual y separar automáticamente una parte del excedente para la meta declarada.,mantenimiento_y_ahorro,comprar_equipo_de_trabajo,turismo_y_viajes,necesidades_esenciales | hobbies:turismo_y_viajes | meta:comprar_equipo_de_trabajo,balance_B:4103000 | cobertura_L:4.6098 | variabilidad_V:0.0 | deuda_J:-0.0124,no_declarar_riesgo_solo_por_ingreso_variable | no_eliminar_hobbies_por_defecto | no_tratar_el_estado_como_identidad_permanente,aplicar,media,no,,"El estado acumulacion_estable describe únicamente la ventana hasta 2026-04-30 y se sustenta en balance, cobertura, recuperación, variabilidad y deuda.",VEN_0197_1 | balance_operativo_no_negativo | cobertura_esencial_superior_a_un_mes | recuperacion_consistente | inversion_productiva_observada | hobbies_identificados_sin_asumir_que_deban_eliminarse | sin_factor_de_atencion_dominante,bajo,no_requerida,validation,acumulacion_estable,si,recomendaciones_mvp_v1.1,fincoah_mvp_co_v1.1,8832bc05aeeebf14f7c2ff4e2880e20cb24a7faa4fa58ad828e201cb3e1f24a1
DEC_0197_05,PERF_0197,dentro_del_mvp,VEN_0197_2,2026-05-31,acumulacion_estable,REC_MANTENER_ACUMULACION,Mantener el patrón actual y separar automáticamente una parte del excedente para la meta declarada.,mantenimiento_y_ahorro,comprar_equipo_de_trabajo,turismo_y_viajes,necesidades_esenciales | hobbies:turismo_y_viajes | meta:comprar_equipo_de_trabajo,balance_B:7684000 | cobertura_L:6.4937 | variabilidad_V:0.0251 | deuda_J:0.1771,no_declarar_riesgo_solo_por_ingreso_variable | no_eliminar_hobbies_por_defecto | no_tratar_el_estado_como_identidad_permanente,aplicar,media,no,,"El estado acumulacion_estable describe únicamente la ventana hasta 2026-05-31 y se sustenta en balance, cobertura, recuperación, variabilidad y deuda.",VEN_0197_2 | balance_operativo_no_negativo | cobertura_esencial_superior_a_un_mes | recuperacion_consistente | inversion_productiva_observada | hobbies_identificados_sin_asumir_que_deban_eliminarse | deuda_creciente,bajo,no_requerida,validation,acumulacion_estable,si,recomendaciones_mvp_v1.1,fincoah_mvp_co_v1.1,439b5cc1a5aac87d91ce73c48799706d12fc47a90cf6e9be13708d59fc0067e9
DEC_0197_06,PERF_0197,dentro_del_mvp,VEN_0197_3,2026-06-30,acumulacion_estable,REC_MANTENER_ACUMULACION,Mantener el patrón actual y separar automáticamente una parte del excedente para la meta declarada.,mantenimiento_y_ahorro,comprar_equipo_de_trabajo,turismo_y_viajes,necesidades_esenciales | hobbies:turismo_y_viajes | meta:comprar_equipo_de_trabajo,balance_B:11225000 | cobertura_L:6.9103 | variabilidad_V:0.0249 | deuda_J:0.1582,no_declarar_riesgo_solo_por_ingreso_variable | no_eliminar_hobbies_por_defecto | no_tratar_el_estado_como_identidad_permanente,aplicar,media,no,,"El estado acumulacion_estable describe únicamente la ventana hasta 2026-06-30 y se sustenta en balance, cobertura, recuperación, variabilidad y deuda.",VEN_0197_3 | balance_operativo_no_negativo | cobertura_esencial_superior_a_un_mes | recuperacion_consistente | inversion_productiva_observada | hobbies_identificados_sin_asumir_que_deban_eliminarse | deuda_creciente,bajo,no_requerida,validation,acumulacion_estable,si,recomendaciones_mvp_v1.1,fincoah_mvp_co_v1.1,dcd71472a03deee8399d6c83bdfaa369643de3da4f2c6c544182569616ad3ef7
DEC_0198_04,PERF_0198,dentro_del_mvp,VEN_0198_1,2026-04-30,equilibrio_sostenible,REC_CREAR_MARGEN,Crear un margen pequeño y flexible antes de aumentar compromisos fijos.,prevencion,ampliar_actividad_economica,impresion_3d | turismo_y_viajes,necesidades_esenciales | hobbies:impresion_3d | turismo_y_viajes | meta:ampliar_actividad_economica,balance_B:341000 | cobertura_L:0.7043 | variabilidad_V:0.0 | deuda_J:0.0,no_declarar_riesgo_solo_por_ingreso_variable | no_eliminar_hobbies_por_defecto | no_tratar_el_estado_como_identidad_permanente,sugerir,media,no,,"El estado equilibrio_sostenible describe únicamente la ventana hasta 2026-04-30 y se sustenta en balance, cobertura, recuperación, variabilidad y deuda.",VEN_0198_1 | balance_operativo_no_negativo | hobbies_identificados_sin_asumir_que_deban_eliminarse | cobertura_esencial_reducida,bajo,no_requerida,train,equilibrio_sostenible,si,recomendaciones_mvp_v1.1,fincoah_mvp_co_v1.1,ab8e0d11697901526ae8bf8944c3a92c9972da4347ce336519c7c4f653970eb9
DEC_0198_05,PERF_0198,dentro_del_mvp,VEN_0198_2,2026-05-31,equilibrio_sostenible,REC_CREAR_MARGEN,Crear un margen pequeño y flexible antes de aumentar compromisos fijos.,prevencion,ampliar_actividad_economica,impresion_3d | turismo_y_viajes,necesidades_esenciales | hobbies:impresion_3d | turismo_y_viajes | meta:ampliar_actividad_economica,balance_B:692000 | cobertura_L:0.7763 | variabilidad_V:0.0008 | deuda_J:0.0,no_declarar_riesgo_solo_por_ingreso_variable | no_eliminar_hobbies_por_defecto | no_tratar_el_estado_como_identidad_permanente,sugerir,media,no,,"El estado equilibrio_sostenible describe únicamente la ventana hasta 2026-05-31 y se sustenta en balance, cobertura, recuperación, variabilidad y deuda.",VEN_0198_2 | balance_operativo_no_negativo | recuperacion_consistente | inversion_productiva_observada | hobbies_identificados_sin_asumir_que_deban_eliminarse | cobertura_esencial_reducida | recuperacion_demora_mas_de_20_dias,bajo,no_requerida,train,equilibrio_sostenible,si,recomendaciones_mvp_v1.1,fincoah_mvp_co_v1.1,8388839572573a56db4ecaa15d9006377b30956b35d5af0878bbb4a38664cb82
DEC_0198_06,PERF_0198,dentro_del_mvp,VEN_0198_3,2026-06-30,equilibrio_sostenible,REC_CREAR_MARGEN,Crear un margen pequeño y flexible antes de aumentar compromisos fijos.,prevencion,ampliar_actividad_economica,impresion_3d | turismo_y_viajes,necesidades_esenciales | hobbies:impresion_3d | turismo_y_viajes | meta:ampliar_actividad_economica,balance_B:1271000 | cobertura_L:1.1537 | variabilidad_V:0.017 | deuda_J:0.0,no_declarar_riesgo_solo_por_ingreso_variable | no_eliminar_hobbies_por_defecto | no_tratar_el_estado_como_identidad_permanente,sugerir,media,no,,"El estado equilibrio_sostenible describe únicamente la ventana hasta 2026-06-30 y se sustenta en balance, cobertura, recuperación, variabilidad y deuda.",VEN_0198_3 | balance_operativo_no_negativo | cobertura_esencial_superior_a_un_mes | inversion_productiva_observada | hobbies_identificados_sin_asumir_que_deban_eliminarse | sin_factor_de_atencion_dominante,bajo,no_requerida,train,equilibrio_sostenible,si,recomendaciones_mvp_v1.1,fincoah_mvp_co_v1.1,d0745cc0a81c788ecd95febe87375163dfe1a64be72cbeb9a777dde7fd2f7aba
DEC_0199_04,PERF_0199,dentro_del_mvp,VEN_0199_1,2026-04-30,equilibrio_sostenible,REC_CREAR_MARGEN,Crear un margen pequeño y flexible antes de aumentar compromisos fijos.,prevencion,comprar_bicicleta,jardineria_y_agricultura_urbana | ciclismo,necesidades_esenciales | hobbies:jardineria_y_agricultura_urbana | ciclismo | meta:comprar_bicicleta,balance_B:286000 | cobertura_L:3.2739 | variabilidad_V:0.0 | deuda_J:-0.1093,no_declarar_riesgo_solo_por_ingreso_variable | no_eliminar_hobbies_por_defecto | no_tratar_el_estado_como_identidad_permanente,sugerir,media,no,,"El estado equilibrio_sostenible describe únicamente la ventana hasta 2026-04-30 y se sustenta en balance, cobertura, recuperación, variabilidad y deuda.",VEN_0199_1 | balance_operativo_no_negativo | cobertura_esencial_superior_a_un_mes | inversion_productiva_observada | hobbies_identificados_sin_asumir_que_deban_eliminarse | sin_factor_de_atencion_dominante,bajo,no_requerida,validation,variable_resiliente,si,recomendaciones_mvp_v1.1,fincoah_mvp_co_v1.1,8b653b47f5285992403a859740935d2a98526df0b1676bbb7b69ec7742e4490c
DEC_0199_05,PERF_0199,dentro_del_mvp,VEN_0199_2,2026-05-31,variable_resiliente,REC_RESERVA_PICOS,Reservar parte de los meses altos para cubrir los periodos de menor ingreso sin tratar la variabilidad como falla.,gestion_ingreso_variable,comprar_bicicleta,jardineria_y_agricultura_urbana | ciclismo,necesidades_esenciales | hobbies:jardineria_y_agricultura_urbana | ciclismo | meta:comprar_bicicleta,balance_B:3572000 | cobertura_L:5.6235 | variabilidad_V:0.1939 | deuda_J:-0.1356,no_declarar_riesgo_solo_por_ingreso_variable | no_eliminar_hobbies_por_defecto | no_tratar_el_estado_como_identidad_permanente,aplicar,alta,no,,"El estado variable_resiliente describe únicamente la ventana hasta 2026-05-31 y se sustenta en balance, cobertura, recuperación, variabilidad y deuda.",VEN_0199_2 | balance_operativo_no_negativo | cobertura_esencial_superior_a_un_mes | recuperacion_consistente | inversion_productiva_observada | hobbies_identificados_sin_asumir_que_deban_eliminarse | sin_factor_de_atencion_dominante,bajo,no_requerida,validation,variable_resiliente,si,recomendaciones_mvp_v1.1,fincoah_mvp_co_v1.1,f8098cd5090d5eafe58abdf4e01c4ce7c28e9d8f189f5f6ac86d202d39de36e3
DEC_0199_06,PERF_0199,dentro_del_mvp,VEN_0199_3,2026-06-30,variable_resiliente,REC_RESERVA_PICOS,Reservar parte de los meses altos para cubrir los periodos de menor ingreso sin tratar la variabilidad como falla.,gestion_ingreso_variable,comprar_bicicleta,jardineria_y_agricultura_urbana | ciclismo,necesidades_esenciales | hobbies:jardineria_y_agricultura_urbana | ciclismo | meta:comprar_bicicleta,balance_B:6838000 | cobertura_L:7.8897 | variabilidad_V:0.171 | deuda_J:-0.1586,no_declarar_riesgo_solo_por_ingreso_variable | no_eliminar_hobbies_por_defecto | no_tratar_el_estado_como_identidad_permanente,aplicar,alta,no,,"El estado variable_resiliente describe únicamente la ventana hasta 2026-06-30 y se sustenta en balance, cobertura, recuperación, variabilidad y deuda.",VEN_0199_3 | balance_operativo_no_negativo | cobertura_esencial_superior_a_un_mes | recuperacion_consistente | inversion_productiva_observada | hobbies_identificados_sin_asumir_que_deban_eliminarse | sin_factor_de_atencion_dominante,bajo,no_requerida,validation,variable_resiliente,si,recomendaciones_mvp_v1.1,fincoah_mvp_co_v1.1,d4ab016004f1863c006c9e8687d73db5a43ca13a54b73031ae5f7c291aac93e3
DEC_0200_04,PERF_0200,dentro_del_mvp,VEN_0200_1,2026-04-30,acumulacion_estable,REC_MANTENER_ACUMULACION,Mantener el patrón actual y separar automáticamente una parte del excedente para la meta declarada.,mantenimiento_y_ahorro,hacer_viaje,ciclismo,necesidades_esenciales | hobbies:ciclismo | meta:hacer_viaje,balance_B:1286000 | cobertura_L:6.0417 | variabilidad_V:0.0 | deuda_J:0.0,no_declarar_riesgo_solo_por_ingreso_variable | no_eliminar_hobbies_por_defecto | no_tratar_el_estado_como_identidad_permanente,aplicar,media,no,,"El estado acumulacion_estable describe únicamente la ventana hasta 2026-04-30 y se sustenta en balance, cobertura, recuperación, variabilidad y deuda.",VEN_0200_1 | balance_operativo_no_negativo | cobertura_esencial_superior_a_un_mes | recuperacion_consistente | inversion_productiva_observada | hobbies_identificados_sin_asumir_que_deban_eliminarse | sin_factor_de_atencion_dominante,bajo,no_requerida,train,uso_planificado_reserva,si,recomendaciones_mvp_v1.1,fincoah_mvp_co_v1.1,59221ab1c69c250989587b6b86697e03a3a86c3610ede8a63117198d6f776b20
DEC_0200_05,PERF_0200,dentro_del_mvp,VEN_0200_2,2026-05-31,uso_planificado_reserva,REC_VIGILAR_RESERVA,Mantener el gasto alineado con la meta y revisar que la reserva conserve cobertura suficiente durante el siguiente cierre.,seguimiento_meta,hacer_viaje,ciclismo,necesidades_esenciales | hobbies:ciclismo | meta:hacer_viaje,balance_B:-3504000 | cobertura_L:1.8613 | variabilidad_V:0.1764 | deuda_J:0.0,no_declarar_riesgo_solo_por_ingreso_variable | no_eliminar_hobbies_por_defecto | no_tratar_el_estado_como_identidad_permanente,sugerir,media,no,,"El estado uso_planificado_reserva describe únicamente la ventana hasta 2026-05-31 y se sustenta en balance, cobertura, recuperación, variabilidad y deuda.",VEN_0200_2 | cobertura_esencial_superior_a_un_mes | recuperacion_consistente | inversion_productiva_observada | hobbies_identificados_sin_asumir_que_deban_eliminarse | balance_operativo_negativo | recuperacion_demora_mas_de_20_dias,bajo,no_requerida,train,uso_planificado_reserva,si,recomendaciones_mvp_v1.1,fincoah_mvp_co_v1.1,f6c8b801a089ca60c001767d2f1aa9ba538879ce17da03e62c1922641f1a2415
DEC_0200_06,PERF_0200,dentro_del_mvp,VEN_0200_3,2026-06-30,uso_planificado_reserva,REC_VIGILAR_RESERVA,Mantener el gasto alineado con la meta y revisar que la reserva conserve cobertura suficiente durante el siguiente cierre.,seguimiento_meta,hacer_viaje,ciclismo,necesidades_esenciales | hobbies:ciclismo | meta:hacer_viaje,balance_B:-8474000 | cobertura_L:0.7829 | variabilidad_V:0.1939 | deuda_J:0.0,no_declarar_riesgo_solo_por_ingreso_variable | no_eliminar_hobbies_por_defecto | no_tratar_el_estado_como_identidad_permanente,sugerir,media,no,,"El estado uso_planificado_reserva describe únicamente la ventana hasta 2026-06-30 y se sustenta en balance, cobertura, recuperación, variabilidad y deuda.",VEN_0200_3 | recuperacion_consistente | inversion_productiva_observada | hobbies_identificados_sin_asumir_que_deban_eliminarse | balance_operativo_negativo | cobertura_esencial_reducida | recuperacion_demora_mas_de_20_dias,bajo,no_requerida,train,uso_planificado_reserva,si,recomendaciones_mvp_v1.1,fincoah_mvp_co_v1.1,537e758dce8a5529b7d978bf8436279c65264cc127a278ec41c4bcf5ae75ba11
