perfil_id,version_perfil,vigencia_desde,pais,moneda,descripcion_visible,nivel_informacion_visible,estado_alcance_mvp,actividad_1_familia,actividad_1_codigo_cuoc,actividad_1_ocupacion_cuoc,actividad_1_codigo_denominacion_cuoc,actividad_1_denominacion_cuoc,actividad_1_rol,actividad_1_modalidad_ingreso,actividad_1_visible,actividad_2_familia,actividad_2_codigo_cuoc,actividad_2_ocupacion_cuoc,actividad_2_codigo_denominacion_cuoc,actividad_2_denominacion_cuoc,actividad_2_rol,actividad_2_modalidad_ingreso,actividad_2_visible,cantidad_fuentes_ingreso,estado_ingresos_extraible,hobby_1,hobby_2,meta_declarada,horizonte_meta,responsabilidad_declarada,personas_a_cargo_declaradas,realidad_sintetica_completa,informacion_extraible,informacion_no_determinable,historia_financiera_controlada,liquidez_inicial,deuda_inicial,consentimiento_analisis,particion,es_sintetico,version_esquema,huella_registro
PERF_0001,1,2026-04-01,Colombia,COP,Trabajo como ingeniero de software. En mi tiempo libre disfruto pintura y turismo y viajes. Quiero crear fondo emergencia. Tengo como responsabilidad gastos de un hijo.,parcial,dentro_del_mvp,ingenieria_y_desarrollo_de_software,25120,Desarrolladores de software / Desarrolladoras de software,25120.031,Ingeniero de software / Ingeniera de software,principal,mixto,si,,,,,,,,no_aplica,1,confirmado_si,pintura,turismo_y_viajes,crear_fondo_emergencia,6_meses,gastos_de_un_hijo,1,actividad_principal:ingenieria_y_desarrollo_de_software | actividad_secundaria:ninguna | hobbies:pintura | turismo_y_viajes | meta:crear_fondo_emergencia | responsabilidad:gastos_de_un_hijo | historia:acumulacion_estable,ingenieria_y_desarrollo_de_software | pintura | turismo_y_viajes | crear_fondo_emergencia | gastos_de_un_hijo,otras_fuentes_no_declaradas,acumulacion_estable,1662767,8031665,si,train,si,fincoah_mvp_co_v1.1,6934eab1186cb0d14cbb1e2e32f360f780c43a6593c4c51a011d2c50520abe68
PERF_0002,1,2026-04-01,Colombia,COP,Trabajo como nutricionista dietista. Quiero ampliar actividad economica. Tengo como responsabilidad aporte hogar compartido.,parcial,dentro_del_mvp,nutricion_y_dietetica,22650,Nutricionistas dietistas,22650.014,Nutricionista dietista,principal,mixto,si,,,,,,,,no_aplica,1,confirmado_si,cocina_y_reposteria,fotografia_y_video,ampliar_actividad_economica,6_meses,aporte_hogar_compartido,0,actividad_principal:nutricion_y_dietetica | actividad_secundaria:ninguna | hobbies:cocina_y_reposteria | fotografia_y_video | meta:ampliar_actividad_economica | responsabilidad:aporte_hogar_compartido | historia:equilibrio_sostenible,nutricion_y_dietetica | ampliar_actividad_economica | aporte_hogar_compartido,hobbies,equilibrio_sostenible,10224606,3753786,si,train,si,fincoah_mvp_co_v1.1,156edc1387400f86abb957f1d27c982eeeab204580ae70b8bf3367e1ba09f578
PERF_0003,1,2026-04-01,Colombia,COP,Trabajo como disc jockey. También genero ingresos con editor de video. En mi tiempo libre disfruto manualidades y artesanias y impresion 3d.,parcial,dentro_del_mvp,musica_y_entretenimiento_dj,26521,Intérpretes musicales,26521.035,Disc jockey,principal,variable,si,diseno_audiovisual_y_edicion_de_video,26541,"Productores, directores y editores de cine, teatro y afines / Productoras, directoras y editoras de cine, teatro y afines",26541.060,Editor de video / Editora de video,secundaria,variable,si,2,confirmado_si,manualidades_y_artesanias,impresion_3d,,,,,actividad_principal:musica_y_entretenimiento_dj | actividad_secundaria:diseno_audiovisual_y_edicion_de_video | hobbies:manualidades_y_artesanias | impresion_3d | meta:crear_fondo_emergencia | responsabilidad:apoyo_mensual_madre_o_padre | historia:variable_resiliente,musica_y_entretenimiento_dj | diseno_audiovisual_y_edicion_de_video | manualidades_y_artesanias | impresion_3d,meta | responsabilidades,variable_resiliente,4102250,8758948,si,train,si,fincoah_mvp_co_v1.1,033dd82022ff3a8a5a9c7212642bf3f2609271e3f1e5da50580e44b08cddf3f5
PERF_0004,1,2026-04-01,Colombia,COP,Trabajo como ciclista. También genero ingresos con nutricionista dietista. En mi tiempo libre disfruto musica y fotografia y video. Tengo como responsabilidad gastos de un hijo.,parcial,dentro_del_mvp,deporte_competitivo_ciclismo,34210,Atletas y deportistas,34210.007,Ciclista,principal,mixto,si,nutricion_y_dietetica,22650,Nutricionistas dietistas,22650.014,Nutricionista dietista,secundaria,mixto,si,2,confirmado_si,musica,fotografia_y_video,,,gastos_de_un_hijo,1,actividad_principal:deporte_competitivo_ciclismo | actividad_secundaria:nutricion_y_dietetica | hobbies:musica | fotografia_y_video | meta:crear_fondo_emergencia | responsabilidad:gastos_de_un_hijo | historia:uso_planificado_reserva,deporte_competitivo_ciclismo | nutricion_y_dietetica | musica | fotografia_y_video | gastos_de_un_hijo,meta,uso_planificado_reserva,22524685,17967899,si,train,si,fincoah_mvp_co_v1.1,ed2513da4b50c58e26180da5f8ad594f1aa541c3287ef06ed34385d7ed2f94d0
PERF_0005,1,2026-04-01,Colombia,COP,Trabajo como repartidor de domicilios. También genero ingresos con vendedor de tienda. En mi tiempo libre disfruto fotografia y video y ciclismo. Tengo como responsabilidad apoyo parcial a dos familiares.,parcial,dentro_del_mvp,domicilios_mensajeria_y_reparto,96211,"Mandaderos, maleteros y repartidores / Mandaderas, maleteras y repartidoras",96211.011,Repartidor de domicilios / Repartidora de domicilios,principal,variable,si,ventas_al_por_menor,52230,"Vendedores y auxiliares de venta en tiendas, almacenes y afines / Vendedoras y auxiliares de venta en tiendas, almacenes y afines",52230.032,Vendedor de tienda / Vendedora de tienda,secundaria,mixto,si,2,confirmado_si,fotografia_y_video,ciclismo,,,apoyo_parcial_a_dos_familiares,2,actividad_principal:domicilios_mensajeria_y_reparto | actividad_secundaria:ventas_al_por_menor | hobbies:fotografia_y_video | ciclismo | meta:pagar_deuda | responsabilidad:apoyo_parcial_a_dos_familiares | historia:deterioro_reciente,domicilios_mensajeria_y_reparto | ventas_al_por_menor | fotografia_y_video | ciclismo | apoyo_parcial_a_dos_familiares,meta,deterioro_reciente,6806139,4450913,si,train,si,fincoah_mvp_co_v1.1,62711219a09392a1a50f1b44c512bcdd5b3c990630958fa9cd455048e3de683b
PERF_0006,1,2026-04-01,Colombia,COP,Trabajo como vendedor de tienda. También genero ingresos con repartidor de domicilios. En mi tiempo libre disfruto videojuegos y streaming y musica.,parcial,dentro_del_mvp,ventas_al_por_menor,52230,"Vendedores y auxiliares de venta en tiendas, almacenes y afines / Vendedoras y auxiliares de venta en tiendas, almacenes y afines",52230.032,Vendedor de tienda / Vendedora de tienda,principal,mixto,si,domicilios_mensajeria_y_reparto,96211,"Mandaderos, maleteros y repartidores / Mandaderas, maleteras y repartidoras",96211.011,Repartidor de domicilios / Repartidora de domicilios,secundaria,variable,si,2,confirmado_si,videojuegos_y_streaming,musica,,,,,actividad_principal:ventas_al_por_menor | actividad_secundaria:domicilios_mensajeria_y_reparto | hobbies:videojuegos_y_streaming | musica | meta:pagar_deuda | responsabilidad:apoyo_parcial_a_dos_familiares | historia:fragilidad_sostenida,ventas_al_por_menor | domicilios_mensajeria_y_reparto | videojuegos_y_streaming | musica,meta | responsabilidades,fragilidad_sostenida,1430442,13237229,si,train,si,fincoah_mvp_co_v1.1,3da05fb827229b67778df42563815d8a39c61a94d61b98109ff2ff5af06f5149
PERF_0007,1,2026-04-01,Colombia,COP,Trabajo como editor de video. También genero ingresos con nutricionista dietista. En mi tiempo libre disfruto turismo y viajes y impresion 3d.,parcial,dentro_del_mvp,diseno_audiovisual_y_edicion_de_video,26541,"Productores, directores y editores de cine, teatro y afines / Productoras, directoras y editoras de cine, teatro y afines",26541.060,Editor de video / Editora de video,principal,variable,si,nutricion_y_dietetica,22650,Nutricionistas dietistas,22650.014,Nutricionista dietista,secundaria,mixto,si,2,confirmado_si,turismo_y_viajes,impresion_3d,,,,,actividad_principal:diseno_audiovisual_y_edicion_de_video | actividad_secundaria:nutricion_y_dietetica | hobbies:turismo_y_viajes | impresion_3d | meta:mejorar_vivienda | responsabilidad:gastos_de_un_hijo | historia:situacion_critica,diseno_audiovisual_y_edicion_de_video | nutricion_y_dietetica | turismo_y_viajes | impresion_3d,meta | responsabilidades,situacion_critica,1539316,9167711,si,train,si,fincoah_mvp_co_v1.1,5c90f0b268fa4c619e9ed9678a010d0b1c60046dbdb32d122b9c627692b2d459
PERF_0008,1,2026-04-01,Colombia,COP,Trabajo como docente de educación básica secundaria. Quiero hacer viaje. Tengo como responsabilidad apoyo parcial a dos familiares.,parcial,dentro_del_mvp,docencia_y_formacion,23300,Profesores de educación secundaria / Profesoras de educación secundaria,23300.001,Docente de educación básica secundaria,principal,estable,si,deporte_competitivo_ciclismo,34210,Atletas y deportistas,34210.007,Ciclista,secundaria,mixto,no,2,confirmado_si,impresion_3d,videojuegos_y_streaming,hacer_viaje,6_a_12_meses,apoyo_parcial_a_dos_familiares,2,actividad_principal:docencia_y_formacion | actividad_secundaria:deporte_competitivo_ciclismo | hobbies:impresion_3d | videojuegos_y_streaming | meta:hacer_viaje | responsabilidad:apoyo_parcial_a_dos_familiares | historia:acumulacion_estable,docencia_y_formacion | hacer_viaje | apoyo_parcial_a_dos_familiares,segunda_actividad_economica | hobbies,acumulacion_estable,12785018,3190706,si,train,si,fincoah_mvp_co_v1.1,33aefd0ff9bf5ac23cbdead527b148f730500070a93f2cd9d5892572b3170e5e
PERF_0009,1,2026-04-01,Colombia,COP,Trabajo como horticultor. En mi tiempo libre disfruto jardineria y agricultura urbana. Quiero hacer viaje. Tengo como responsabilidad aporte hogar compartido.,parcial,dentro_del_mvp,agricultura,61131,"Agricultores de huertas, invernaderos, viveros y jardines / Agricultoras de huertas, invernaderos, viveros y jardines",61131.017,Horticultor / Horticultora,principal,estacional,si,,,,,,,,no_aplica,1,confirmado_si,jardineria_y_agricultura_urbana,,hacer_viaje,6_a_12_meses,aporte_hogar_compartido,0,actividad_principal:agricultura | actividad_secundaria:ninguna | hobbies:jardineria_y_agricultura_urbana | meta:hacer_viaje | responsabilidad:aporte_hogar_compartido | historia:equilibrio_sostenible,agricultura | jardineria_y_agricultura_urbana | hacer_viaje | aporte_hogar_compartido,otras_fuentes_no_declaradas,equilibrio_sostenible,4075186,6129906,si,train,si,fincoah_mvp_co_v1.1,6293c69212220e221e8668d640a1b54b61b8ed2205a4bed80815e65fff959e6d
PERF_0010,1,2026-04-01,Colombia,COP,Trabajo como barbero. En mi tiempo libre disfruto ciclismo. Quiero mejorar vivienda.,parcial,dentro_del_mvp,peluqueria_y_barberia,51410,Peluqueros / Peluqueras,51410.001,Barbero / Barbera,principal,variable,si,,,,,,,,no_aplica,1,confirmado_si,ciclismo,,mejorar_vivienda,12_meses,,,actividad_principal:peluqueria_y_barberia | actividad_secundaria:ninguna | hobbies:ciclismo | meta:mejorar_vivienda | responsabilidad:medicamentos_de_un_familiar | historia:variable_resiliente,peluqueria_y_barberia | ciclismo | mejorar_vivienda,responsabilidades,variable_resiliente,7460242,8032317,si,train,si,fincoah_mvp_co_v1.1,1747bccc0035c3d4375a07df1d5eb468336bb239edf75c637b2015cbd998a467
PERF_0011,1,2026-04-01,Colombia,COP,Trabajo como ingeniero de software. En mi tiempo libre disfruto pintura y jardineria y agricultura urbana. Tengo como responsabilidad apoyo mensual madre o padre.,parcial,dentro_del_mvp,ingenieria_y_desarrollo_de_software,25120,Desarrolladores de software / Desarrolladoras de software,25120.031,Ingeniero de software / Ingeniera de software,principal,mixto,si,domicilios_mensajeria_y_reparto,96211,"Mandaderos, maleteros y repartidores / Mandaderas, maleteras y repartidoras",96211.011,Repartidor de domicilios / Repartidora de domicilios,secundaria,variable,no,2,confirmado_si,pintura,jardineria_y_agricultura_urbana,,,apoyo_mensual_madre_o_padre,1,actividad_principal:ingenieria_y_desarrollo_de_software | actividad_secundaria:domicilios_mensajeria_y_reparto | hobbies:pintura | jardineria_y_agricultura_urbana | meta:comprar_bicicleta | responsabilidad:apoyo_mensual_madre_o_padre | historia:uso_planificado_reserva,ingenieria_y_desarrollo_de_software | pintura | jardineria_y_agricultura_urbana | apoyo_mensual_madre_o_padre,segunda_actividad_economica | meta,uso_planificado_reserva,24683766,0,si,train,si,fincoah_mvp_co_v1.1,077ea5ba0e0f0588d3b85426837a6081d1809130d5bc340e405432a33f573c87
PERF_0012,1,2026-04-01,Colombia,COP,Trabajo como nutricionista dietista. En mi tiempo libre disfruto cocina y reposteria y fotografia y video. Tengo como responsabilidad ninguna declarada.,parcial,dentro_del_mvp,nutricion_y_dietetica,22650,Nutricionistas dietistas,22650.014,Nutricionista dietista,principal,mixto,si,docencia_y_formacion,23300,Profesores de educación secundaria / Profesoras de educación secundaria,23300.001,Docente de educación básica secundaria,secundaria,estable,no,2,confirmado_si,cocina_y_reposteria,fotografia_y_video,,,ninguna_declarada,0,actividad_principal:nutricion_y_dietetica | actividad_secundaria:docencia_y_formacion | hobbies:cocina_y_reposteria | fotografia_y_video | meta:crear_fondo_emergencia | responsabilidad:ninguna_declarada | historia:deterioro_reciente,nutricion_y_dietetica | cocina_y_reposteria | fotografia_y_video | ninguna_declarada,segunda_actividad_economica | meta,deterioro_reciente,10893628,4926817,si,validation,si,fincoah_mvp_co_v1.1,8ebfe62e6d5178e6917fcf292a52e62f9734756345f9a354e2045dc131f44b38
PERF_0013,1,2026-04-01,Colombia,COP,Trabajo como disc jockey. También genero ingresos con nutricionista dietista. Tengo como responsabilidad medicamentos de un familiar.,parcial,dentro_del_mvp,musica_y_entretenimiento_dj,26521,Intérpretes musicales,26521.035,Disc jockey,principal,variable,si,nutricion_y_dietetica,22650,Nutricionistas dietistas,22650.014,Nutricionista dietista,secundaria,mixto,si,2,confirmado_si,manualidades_y_artesanias,cocina_y_reposteria,,,medicamentos_de_un_familiar,1,actividad_principal:musica_y_entretenimiento_dj | actividad_secundaria:nutricion_y_dietetica | hobbies:manualidades_y_artesanias | cocina_y_reposteria | meta:comprar_equipo_de_trabajo | responsabilidad:medicamentos_de_un_familiar | historia:fragilidad_sostenida,musica_y_entretenimiento_dj | nutricion_y_dietetica | medicamentos_de_un_familiar,hobbies | meta,fragilidad_sostenida,311051,10672528,si,train,si,fincoah_mvp_co_v1.1,cbf486d4c568c658755a7ab1b8827d22244bc82556d4989f0407b5323d7a71ac
PERF_0014,1,2026-04-01,Colombia,COP,Trabajo como ciclista. En mi tiempo libre disfruto musica.,parcial,dentro_del_mvp,deporte_competitivo_ciclismo,34210,Atletas y deportistas,34210.007,Ciclista,principal,mixto,si,,,,,,,,no_aplica,1,confirmado_si,musica,,,,,,actividad_principal:deporte_competitivo_ciclismo | actividad_secundaria:ninguna | hobbies:musica | meta:hacer_viaje | responsabilidad:gastos_de_un_hijo | historia:situacion_critica,deporte_competitivo_ciclismo | musica,meta | responsabilidades,situacion_critica,251250,18555669,si,train,si,fincoah_mvp_co_v1.1,52f882ebdeb08724d99495ef4b79c699c76e412aeeb14f6c55003b7ec30cd4ba
PERF_0015,1,2026-04-01,Colombia,COP,Trabajo como repartidor de domicilios. En mi tiempo libre disfruto fotografia y video y pintura.,parcial,dentro_del_mvp,domicilios_mensajeria_y_reparto,96211,"Mandaderos, maleteros y repartidores / Mandaderas, maleteras y repartidoras",96211.011,Repartidor de domicilios / Repartidora de domicilios,principal,variable,si,,,,,,,,no_aplica,1,confirmado_si,fotografia_y_video,pintura,,,,,actividad_principal:domicilios_mensajeria_y_reparto | actividad_secundaria:ninguna | hobbies:fotografia_y_video | pintura | meta:comprar_equipo_de_trabajo | responsabilidad:medicamentos_de_un_familiar | historia:acumulacion_estable,domicilios_mensajeria_y_reparto | fotografia_y_video | pintura,meta | responsabilidades,acumulacion_estable,2727718,4522374,si,train,si,fincoah_mvp_co_v1.1,f180e0ee85f38f8826f22f64524c1c719d4316c5a8e08b598d15bc645a04bd1f
PERF_0016,1,2026-04-01,Colombia,COP,Trabajo como vendedor de tienda.,minima,dentro_del_mvp,ventas_al_por_menor,52230,"Vendedores y auxiliares de venta en tiendas, almacenes y afines / Vendedoras y auxiliares de venta en tiendas, almacenes y afines",52230.032,Vendedor de tienda / Vendedora de tienda,principal,mixto,si,,,,,,,,no_aplica,1,confirmado_si,videojuegos_y_streaming,,,,,,actividad_principal:ventas_al_por_menor | actividad_secundaria:ninguna | hobbies:videojuegos_y_streaming | meta:hacer_certificacion_profesional | responsabilidad:ninguna_declarada | historia:equilibrio_sostenible,ventas_al_por_menor,hobbies | meta | responsabilidades,equilibrio_sostenible,9942745,1326817,si,test,si,fincoah_mvp_co_v1.1,26e1a51f4838ad53aff110c68beb62e9097d28dcfc86b4e2b012dd5a7aeafc19
PERF_0017,1,2026-04-01,Colombia,COP,Trabajo como editor de video. En mi tiempo libre disfruto turismo y viajes y cocina y reposteria. Quiero mejorar vivienda.,parcial,dentro_del_mvp,diseno_audiovisual_y_edicion_de_video,26541,"Productores, directores y editores de cine, teatro y afines / Productoras, directoras y editoras de cine, teatro y afines",26541.060,Editor de video / Editora de video,principal,variable,si,,,,,,,,no_aplica,1,confirmado_si,turismo_y_viajes,cocina_y_reposteria,mejorar_vivienda,12_meses,,,actividad_principal:diseno_audiovisual_y_edicion_de_video | actividad_secundaria:ninguna | hobbies:turismo_y_viajes | cocina_y_reposteria | meta:mejorar_vivienda | responsabilidad:apoyo_parcial_a_dos_familiares | historia:variable_resiliente,diseno_audiovisual_y_edicion_de_video | turismo_y_viajes | cocina_y_reposteria | mejorar_vivienda,responsabilidades,variable_resiliente,4893149,5341698,si,train,si,fincoah_mvp_co_v1.1,75e61f094515ef7927f9b7e87f181fc56b13643f2ffadf69651411fadff1e28b
PERF_0018,1,2026-04-01,Colombia,COP,Trabajo como docente de educación básica secundaria. En mi tiempo libre disfruto impresion 3d y fotografia y video. Quiero comprar bicicleta. Tengo como responsabilidad apoyo mensual madre o padre.,parcial,dentro_del_mvp,docencia_y_formacion,23300,Profesores de educación secundaria / Profesoras de educación secundaria,23300.001,Docente de educación básica secundaria,principal,estable,si,deporte_competitivo_ciclismo,34210,Atletas y deportistas,34210.007,Ciclista,secundaria,mixto,no,2,confirmado_si,impresion_3d,fotografia_y_video,comprar_bicicleta,6_meses,apoyo_mensual_madre_o_padre,1,actividad_principal:docencia_y_formacion | actividad_secundaria:deporte_competitivo_ciclismo | hobbies:impresion_3d | fotografia_y_video | meta:comprar_bicicleta | responsabilidad:apoyo_mensual_madre_o_padre | historia:uso_planificado_reserva,docencia_y_formacion | impresion_3d | fotografia_y_video | comprar_bicicleta | apoyo_mensual_madre_o_padre,segunda_actividad_economica,uso_planificado_reserva,28754785,17678033,si,test,si,fincoah_mvp_co_v1.1,c157bd6916ec9aed12362a3db7c2b8fb610edbc1bbf8fb26eacc2dba3b4961d1
PERF_0019,1,2026-04-01,Colombia,COP,Trabajo como horticultor. En mi tiempo libre disfruto jardineria y agricultura urbana y videojuegos y streaming. Tengo como responsabilidad medicamentos de un familiar.,parcial,dentro_del_mvp,agricultura,61131,"Agricultores de huertas, invernaderos, viveros y jardines / Agricultoras de huertas, invernaderos, viveros y jardines",61131.017,Horticultor / Horticultora,principal,estacional,si,,,,,,,,no_aplica,1,confirmado_si,jardineria_y_agricultura_urbana,videojuegos_y_streaming,,,medicamentos_de_un_familiar,1,actividad_principal:agricultura | actividad_secundaria:ninguna | hobbies:jardineria_y_agricultura_urbana | videojuegos_y_streaming | meta:crear_fondo_emergencia | responsabilidad:medicamentos_de_un_familiar | historia:deterioro_reciente,agricultura | jardineria_y_agricultura_urbana | videojuegos_y_streaming | medicamentos_de_un_familiar,meta,deterioro_reciente,730786,0,si,test,si,fincoah_mvp_co_v1.1,320a273b67d2d3b879667c1c5988bd808a8350a53a0eaa175b3d7dbc73fd7be9
PERF_0020,1,2026-04-01,Colombia,COP,Trabajo como barbero. En mi tiempo libre disfruto ciclismo y fotografia y video. Quiero hacer certificacion profesional.,parcial,dentro_del_mvp,peluqueria_y_barberia,51410,Peluqueros / Peluqueras,51410.001,Barbero / Barbera,principal,variable,si,,,,,,,,no_aplica,1,confirmado_si,ciclismo,fotografia_y_video,hacer_certificacion_profesional,3_a_6_meses,,,actividad_principal:peluqueria_y_barberia | actividad_secundaria:ninguna | hobbies:ciclismo | fotografia_y_video | meta:hacer_certificacion_profesional | responsabilidad:medicamentos_de_un_familiar | historia:fragilidad_sostenida,peluqueria_y_barberia | ciclismo | fotografia_y_video | hacer_certificacion_profesional,responsabilidades,fragilidad_sostenida,1099415,9754037,si,train,si,fincoah_mvp_co_v1.1,9445aceca4f2f250ed5389b3f0df96f145e6cf10df4f8a5b40362f5cb00549e4
PERF_0021,1,2026-04-01,Colombia,COP,Trabajo como ingeniero de software. En mi tiempo libre disfruto pintura. Quiero mejorar vivienda. Tengo como responsabilidad gastos de un hijo.,parcial,dentro_del_mvp,ingenieria_y_desarrollo_de_software,25120,Desarrolladores de software / Desarrolladoras de software,25120.031,Ingeniero de software / Ingeniera de software,principal,mixto,si,diseno_audiovisual_y_edicion_de_video,26541,"Productores, directores y editores de cine, teatro y afines / Productoras, directoras y editoras de cine, teatro y afines",26541.060,Editor de video / Editora de video,secundaria,variable,no,2,confirmado_si,pintura,,mejorar_vivienda,12_meses,gastos_de_un_hijo,1,actividad_principal:ingenieria_y_desarrollo_de_software | actividad_secundaria:diseno_audiovisual_y_edicion_de_video | hobbies:pintura | meta:mejorar_vivienda | responsabilidad:gastos_de_un_hijo | historia:situacion_critica,ingenieria_y_desarrollo_de_software | pintura | mejorar_vivienda | gastos_de_un_hijo,segunda_actividad_economica,situacion_critica,3620757,30803921,si,train,si,fincoah_mvp_co_v1.1,057fba1369106bf9a9ab3e4a19179d79efd27baba5b9b23a454d8fc6db54b4aa
PERF_0022,1,2026-04-01,Colombia,COP,Trabajo como nutricionista dietista. También genero ingresos con docente de educación básica secundaria. En mi tiempo libre disfruto cocina y reposteria. Quiero mejorar vivienda. Tengo como responsabilidad ninguna declarada.,amplia,dentro_del_mvp,nutricion_y_dietetica,22650,Nutricionistas dietistas,22650.014,Nutricionista dietista,principal,mixto,si,docencia_y_formacion,23300,Profesores de educación secundaria / Profesoras de educación secundaria,23300.001,Docente de educación básica secundaria,secundaria,estable,si,2,confirmado_si,cocina_y_reposteria,,mejorar_vivienda,12_meses,ninguna_declarada,0,actividad_principal:nutricion_y_dietetica | actividad_secundaria:docencia_y_formacion | hobbies:cocina_y_reposteria | meta:mejorar_vivienda | responsabilidad:ninguna_declarada | historia:acumulacion_estable,nutricion_y_dietetica | docencia_y_formacion | cocina_y_reposteria | mejorar_vivienda | ninguna_declarada,otras_fuentes_no_declaradas,acumulacion_estable,2466961,10827152,si,train,si,fincoah_mvp_co_v1.1,6313c7b60dd90be3d890b16e5c89375c89940f98d9d2a5f47e0f0f87b06e5f11
PERF_0023,1,2026-04-01,Colombia,COP,Trabajo como disc jockey. En mi tiempo libre disfruto manualidades y artesanias.,parcial,dentro_del_mvp,musica_y_entretenimiento_dj,26521,Intérpretes musicales,26521.035,Disc jockey,principal,variable,si,,,,,,,,no_aplica,1,confirmado_si,manualidades_y_artesanias,,,,,,actividad_principal:musica_y_entretenimiento_dj | actividad_secundaria:ninguna | hobbies:manualidades_y_artesanias | meta:crear_fondo_emergencia | responsabilidad:ninguna_declarada | historia:equilibrio_sostenible,musica_y_entretenimiento_dj | manualidades_y_artesanias,meta | responsabilidades,equilibrio_sostenible,11403012,7635145,si,train,si,fincoah_mvp_co_v1.1,e1a314b59f70b18ae84fba7b2cc7cf0f799d036cf5eea4bceaf76d9fa0d5db24
PERF_0024,1,2026-04-01,Colombia,COP,Trabajo como ciclista. En mi tiempo libre disfruto musica y cocina y reposteria.,parcial,dentro_del_mvp,deporte_competitivo_ciclismo,34210,Atletas y deportistas,34210.007,Ciclista,principal,mixto,si,docencia_y_formacion,23300,Profesores de educación secundaria / Profesoras de educación secundaria,23300.001,Docente de educación básica secundaria,secundaria,estable,no,2,confirmado_si,musica,cocina_y_reposteria,,,,,actividad_principal:deporte_competitivo_ciclismo | actividad_secundaria:docencia_y_formacion | hobbies:musica | cocina_y_reposteria | meta:crear_fondo_emergencia | responsabilidad:medicamentos_de_un_familiar | historia:variable_resiliente,deporte_competitivo_ciclismo | musica | cocina_y_reposteria,segunda_actividad_economica | meta | responsabilidades,variable_resiliente,2756957,1615260,si,train,si,fincoah_mvp_co_v1.1,76ae7afc096044b1390e6bd0643884f3104cd3934114ff7fee5c5aef505764cf
PERF_0025,1,2026-04-01,Colombia,COP,Trabajo como repartidor de domicilios. También genero ingresos con nutricionista dietista. En mi tiempo libre disfruto fotografia y video y pintura. Quiero comprar bicicleta.,amplia,dentro_del_mvp,domicilios_mensajeria_y_reparto,96211,"Mandaderos, maleteros y repartidores / Mandaderas, maleteras y repartidoras",96211.011,Repartidor de domicilios / Repartidora de domicilios,principal,variable,si,nutricion_y_dietetica,22650,Nutricionistas dietistas,22650.014,Nutricionista dietista,secundaria,mixto,si,2,confirmado_si,fotografia_y_video,pintura,comprar_bicicleta,6_meses,,,actividad_principal:domicilios_mensajeria_y_reparto | actividad_secundaria:nutricion_y_dietetica | hobbies:fotografia_y_video | pintura | meta:comprar_bicicleta | responsabilidad:gastos_de_un_hijo | historia:uso_planificado_reserva,domicilios_mensajeria_y_reparto | nutricion_y_dietetica | fotografia_y_video | pintura | comprar_bicicleta,responsabilidades,uso_planificado_reserva,11228282,0,si,validation,si,fincoah_mvp_co_v1.1,8f2ce6bcaaefeb3fc17fa7ec15ba3abe761740027251a67bf0951588c5b34d15
PERF_0026,1,2026-04-01,Colombia,COP,Trabajo como vendedor de tienda. También genero ingresos con docente de educación básica secundaria. En mi tiempo libre disfruto videojuegos y streaming. Quiero ampliar actividad economica. Tengo como responsabilidad apoyo mensual madre o padre.,amplia,dentro_del_mvp,ventas_al_por_menor,52230,"Vendedores y auxiliares de venta en tiendas, almacenes y afines / Vendedoras y auxiliares de venta en tiendas, almacenes y afines",52230.032,Vendedor de tienda / Vendedora de tienda,principal,mixto,si,docencia_y_formacion,23300,Profesores de educación secundaria / Profesoras de educación secundaria,23300.001,Docente de educación básica secundaria,secundaria,estable,si,2,confirmado_si,videojuegos_y_streaming,,ampliar_actividad_economica,6_meses,apoyo_mensual_madre_o_padre,1,actividad_principal:ventas_al_por_menor | actividad_secundaria:docencia_y_formacion | hobbies:videojuegos_y_streaming | meta:ampliar_actividad_economica | responsabilidad:apoyo_mensual_madre_o_padre | historia:deterioro_reciente,ventas_al_por_menor | docencia_y_formacion | videojuegos_y_streaming | ampliar_actividad_economica | apoyo_mensual_madre_o_padre,otras_fuentes_no_declaradas,deterioro_reciente,5379671,13333018,si,test,si,fincoah_mvp_co_v1.1,2f0dd2ef09479d2935a3c385673fe24866bc11a2a6f55e556f84df825be0fdcf
PERF_0027,1,2026-04-01,Colombia,COP,Trabajo como editor de video. En mi tiempo libre disfruto turismo y viajes y ciclismo. Quiero hacer certificacion profesional. Tengo como responsabilidad aporte hogar compartido.,parcial,dentro_del_mvp,diseno_audiovisual_y_edicion_de_video,26541,"Productores, directores y editores de cine, teatro y afines / Productoras, directoras y editoras de cine, teatro y afines",26541.060,Editor de video / Editora de video,principal,variable,si,,,,,,,,no_aplica,1,confirmado_si,turismo_y_viajes,ciclismo,hacer_certificacion_profesional,3_a_6_meses,aporte_hogar_compartido,0,actividad_principal:diseno_audiovisual_y_edicion_de_video | actividad_secundaria:ninguna | hobbies:turismo_y_viajes | ciclismo | meta:hacer_certificacion_profesional | responsabilidad:aporte_hogar_compartido | historia:fragilidad_sostenida,diseno_audiovisual_y_edicion_de_video | turismo_y_viajes | ciclismo | hacer_certificacion_profesional | aporte_hogar_compartido,otras_fuentes_no_declaradas,fragilidad_sostenida,1633583,14426435,si,train,si,fincoah_mvp_co_v1.1,cc9f046269c30a8dff9e690fd98c9f26b92de4373fce39a845097fd72104df53
PERF_0028,1,2026-04-01,Colombia,COP,Trabajo como docente de educación básica secundaria. También genero ingresos con barbero. En mi tiempo libre disfruto impresion 3d.,parcial,dentro_del_mvp,docencia_y_formacion,23300,Profesores de educación secundaria / Profesoras de educación secundaria,23300.001,Docente de educación básica secundaria,principal,estable,si,peluqueria_y_barberia,51410,Peluqueros / Peluqueras,51410.001,Barbero / Barbera,secundaria,variable,si,2,confirmado_si,impresion_3d,,,,,,actividad_principal:docencia_y_formacion | actividad_secundaria:peluqueria_y_barberia | hobbies:impresion_3d | meta:ampliar_actividad_economica | responsabilidad:ninguna_declarada | historia:situacion_critica,docencia_y_formacion | peluqueria_y_barberia | impresion_3d,meta | responsabilidades,situacion_critica,347476,19227498,si,train,si,fincoah_mvp_co_v1.1,846506b6be7709f89503fd7e6864a27c9cbd6d07424c269ffe3c89efdbdd5186
PERF_0029,1,2026-04-01,Colombia,COP,Trabajo como horticultor. En mi tiempo libre disfruto jardineria y agricultura urbana y ciclismo.,parcial,dentro_del_mvp,agricultura,61131,"Agricultores de huertas, invernaderos, viveros y jardines / Agricultoras de huertas, invernaderos, viveros y jardines",61131.017,Horticultor / Horticultora,principal,estacional,si,ingenieria_y_desarrollo_de_software,25120,Desarrolladores de software / Desarrolladoras de software,25120.031,Ingeniero de software / Ingeniera de software,secundaria,mixto,no,2,confirmado_si,jardineria_y_agricultura_urbana,ciclismo,,,,,actividad_principal:agricultura | actividad_secundaria:ingenieria_y_desarrollo_de_software | hobbies:jardineria_y_agricultura_urbana | ciclismo | meta:pagar_deuda | responsabilidad:ninguna_declarada | historia:acumulacion_estable,agricultura | jardineria_y_agricultura_urbana | ciclismo,segunda_actividad_economica | meta | responsabilidades,acumulacion_estable,2648451,2349065,si,train,si,fincoah_mvp_co_v1.1,d947e7b9364a75f971a48862daf390eef0e2d0e5c32be438cd4ac5cae9691d27
PERF_0030,1,2026-04-01,Colombia,COP,Trabajo como barbero. En mi tiempo libre disfruto ciclismo y pintura. Tengo como responsabilidad ninguna declarada.,parcial,dentro_del_mvp,peluqueria_y_barberia,51410,Peluqueros / Peluqueras,51410.001,Barbero / Barbera,principal,variable,si,,,,,,,,no_aplica,1,confirmado_si,ciclismo,pintura,,,ninguna_declarada,0,actividad_principal:peluqueria_y_barberia | actividad_secundaria:ninguna | hobbies:ciclismo | pintura | meta:ampliar_actividad_economica | responsabilidad:ninguna_declarada | historia:equilibrio_sostenible,peluqueria_y_barberia | ciclismo | pintura | ninguna_declarada,meta,equilibrio_sostenible,5180030,0,si,train,si,fincoah_mvp_co_v1.1,e70765c4982092937e43012c798a2fdd2f8195d51debafbf36d3bfb5d2567bbd
PERF_0031,1,2026-04-01,Colombia,COP,Trabajo como ingeniero de software. En mi tiempo libre disfruto pintura y impresion 3d. Quiero mejorar vivienda. Tengo como responsabilidad ninguna declarada.,parcial,dentro_del_mvp,ingenieria_y_desarrollo_de_software,25120,Desarrolladores de software / Desarrolladoras de software,25120.031,Ingeniero de software / Ingeniera de software,principal,mixto,si,,,,,,,,no_aplica,1,confirmado_si,pintura,impresion_3d,mejorar_vivienda,12_meses,ninguna_declarada,0,actividad_principal:ingenieria_y_desarrollo_de_software | actividad_secundaria:ninguna | hobbies:pintura | impresion_3d | meta:mejorar_vivienda | responsabilidad:ninguna_declarada | historia:variable_resiliente,ingenieria_y_desarrollo_de_software | pintura | impresion_3d | mejorar_vivienda | ninguna_declarada,otras_fuentes_no_declaradas,variable_resiliente,16253535,2322931,si,train,si,fincoah_mvp_co_v1.1,f7101c5fb25ef1eedacfc3b3e70e86c910a23ae16bcdc9cc900232434d1b58ef
PERF_0032,1,2026-04-01,Colombia,COP,Trabajo como nutricionista dietista. En mi tiempo libre disfruto cocina y reposteria. Quiero hacer viaje.,parcial,dentro_del_mvp,nutricion_y_dietetica,22650,Nutricionistas dietistas,22650.014,Nutricionista dietista,principal,mixto,si,,,,,,,,no_aplica,1,confirmado_si,cocina_y_reposteria,,hacer_viaje,6_a_12_meses,,,actividad_principal:nutricion_y_dietetica | actividad_secundaria:ninguna | hobbies:cocina_y_reposteria | meta:hacer_viaje | responsabilidad:ninguna_declarada | historia:uso_planificado_reserva,nutricion_y_dietetica | cocina_y_reposteria | hacer_viaje,responsabilidades,uso_planificado_reserva,7969194,0,si,test,si,fincoah_mvp_co_v1.1,fc16bd5f3bbd7cccd8352f80d6e0336c2747892bc2e44181482fb9edbc17a798
PERF_0033,1,2026-04-01,Colombia,COP,Trabajo como disc jockey. En mi tiempo libre disfruto manualidades y artesanias. Quiero crear fondo emergencia. Tengo como responsabilidad ninguna declarada.,parcial,dentro_del_mvp,musica_y_entretenimiento_dj,26521,Intérpretes musicales,26521.035,Disc jockey,principal,variable,si,,,,,,,,no_aplica,1,confirmado_si,manualidades_y_artesanias,,crear_fondo_emergencia,6_meses,ninguna_declarada,0,actividad_principal:musica_y_entretenimiento_dj | actividad_secundaria:ninguna | hobbies:manualidades_y_artesanias | meta:crear_fondo_emergencia | responsabilidad:ninguna_declarada | historia:deterioro_reciente,musica_y_entretenimiento_dj | manualidades_y_artesanias | crear_fondo_emergencia | ninguna_declarada,otras_fuentes_no_declaradas,deterioro_reciente,7152554,0,si,train,si,fincoah_mvp_co_v1.1,e4e5846606561015f9677b55292d805fe09e58afea6d69de7413db639fd0351b
PERF_0034,1,2026-04-01,Colombia,COP,Trabajo como ciclista. En mi tiempo libre disfruto musica y ciclismo. Quiero pagar deuda. Tengo como responsabilidad medicamentos de un familiar.,parcial,dentro_del_mvp,deporte_competitivo_ciclismo,34210,Atletas y deportistas,34210.007,Ciclista,principal,mixto,si,peluqueria_y_barberia,51410,Peluqueros / Peluqueras,51410.001,Barbero / Barbera,secundaria,variable,no,2,confirmado_si,musica,ciclismo,pagar_deuda,3_a_12_meses,medicamentos_de_un_familiar,1,actividad_principal:deporte_competitivo_ciclismo | actividad_secundaria:peluqueria_y_barberia | hobbies:musica | ciclismo | meta:pagar_deuda | responsabilidad:medicamentos_de_un_familiar | historia:fragilidad_sostenida,deporte_competitivo_ciclismo | musica | ciclismo | pagar_deuda | medicamentos_de_un_familiar,segunda_actividad_economica,fragilidad_sostenida,1168717,18397463,si,train,si,fincoah_mvp_co_v1.1,10ef3d1daf6a2102635db6b1c93ea1fdac9f27f46a89f9340f05f91c6d95536d
PERF_0035,1,2026-04-01,Colombia,COP,Trabajo como repartidor de domicilios. En mi tiempo libre disfruto fotografia y video y turismo y viajes. Quiero hacer certificacion profesional.,parcial,dentro_del_mvp,domicilios_mensajeria_y_reparto,96211,"Mandaderos, maleteros y repartidores / Mandaderas, maleteras y repartidoras",96211.011,Repartidor de domicilios / Repartidora de domicilios,principal,variable,si,,,,,,,,no_aplica,1,confirmado_si,fotografia_y_video,turismo_y_viajes,hacer_certificacion_profesional,3_a_6_meses,,,actividad_principal:domicilios_mensajeria_y_reparto | actividad_secundaria:ninguna | hobbies:fotografia_y_video | turismo_y_viajes | meta:hacer_certificacion_profesional | responsabilidad:ninguna_declarada | historia:situacion_critica,domicilios_mensajeria_y_reparto | fotografia_y_video | turismo_y_viajes | hacer_certificacion_profesional,responsabilidades,situacion_critica,538243,3072926,si,train,si,fincoah_mvp_co_v1.1,9165b8f304a342eecdf07216e04b157f8e845aba690b1cf9fc059d52404eda58
PERF_0036,1,2026-04-01,Colombia,COP,Trabajo como vendedor de tienda. En mi tiempo libre disfruto videojuegos y streaming y fotografia y video. Quiero comprar equipo de trabajo.,parcial,dentro_del_mvp,ventas_al_por_menor,52230,"Vendedores y auxiliares de venta en tiendas, almacenes y afines / Vendedoras y auxiliares de venta en tiendas, almacenes y afines",52230.032,Vendedor de tienda / Vendedora de tienda,principal,mixto,si,,,,,,,,no_aplica,1,confirmado_si,videojuegos_y_streaming,fotografia_y_video,comprar_equipo_de_trabajo,6_a_12_meses,,,actividad_principal:ventas_al_por_menor | actividad_secundaria:ninguna | hobbies:videojuegos_y_streaming | fotografia_y_video | meta:comprar_equipo_de_trabajo | responsabilidad:medicamentos_de_un_familiar | historia:acumulacion_estable,ventas_al_por_menor | videojuegos_y_streaming | fotografia_y_video | comprar_equipo_de_trabajo,responsabilidades,acumulacion_estable,13031859,7289869,si,train,si,fincoah_mvp_co_v1.1,a2fa0bba6aed41cdabd89f9413e5297bf13aa3a7a8aaa3f1ebf2bdcef28ddd65
PERF_0037,1,2026-04-01,Colombia,COP,Trabajo como editor de video. Quiero mejorar vivienda.,parcial,dentro_del_mvp,diseno_audiovisual_y_edicion_de_video,26541,"Productores, directores y editores de cine, teatro y afines / Productoras, directoras y editoras de cine, teatro y afines",26541.060,Editor de video / Editora de video,principal,variable,si,deporte_competitivo_ciclismo,34210,Atletas y deportistas,34210.007,Ciclista,secundaria,mixto,no,2,confirmado_si,turismo_y_viajes,,mejorar_vivienda,12_meses,,,actividad_principal:diseno_audiovisual_y_edicion_de_video | actividad_secundaria:deporte_competitivo_ciclismo | hobbies:turismo_y_viajes | meta:mejorar_vivienda | responsabilidad:gastos_de_un_hijo | historia:equilibrio_sostenible,diseno_audiovisual_y_edicion_de_video | mejorar_vivienda,segunda_actividad_economica | hobbies | responsabilidades,equilibrio_sostenible,2444781,17624813,si,train,si,fincoah_mvp_co_v1.1,3e82f9452db35dce3234d027f33181424d1b860d215c355e68181fa373f572da
PERF_0038,1,2026-04-01,Colombia,COP,Trabajo como docente de educación básica secundaria. En mi tiempo libre disfruto impresion 3d y manualidades y artesanias.,parcial,dentro_del_mvp,docencia_y_formacion,23300,Profesores de educación secundaria / Profesoras de educación secundaria,23300.001,Docente de educación básica secundaria,principal,estable,si,,,,,,,,no_aplica,1,confirmado_si,impresion_3d,manualidades_y_artesanias,,,,,actividad_principal:docencia_y_formacion | actividad_secundaria:ninguna | hobbies:impresion_3d | manualidades_y_artesanias | meta:ampliar_actividad_economica | responsabilidad:apoyo_parcial_a_dos_familiares | historia:variable_resiliente,docencia_y_formacion | impresion_3d | manualidades_y_artesanias,meta | responsabilidades,variable_resiliente,17324598,14536777,si,train,si,fincoah_mvp_co_v1.1,7c23409116323bd08b83a8e177fd678bb9a2bca6fb4a26fa3d3b0d93ba4d040c
PERF_0039,1,2026-04-01,Colombia,COP,Trabajo como horticultor. En mi tiempo libre disfruto jardineria y agricultura urbana. Quiero mejorar vivienda.,parcial,dentro_del_mvp,agricultura,61131,"Agricultores de huertas, invernaderos, viveros y jardines / Agricultoras de huertas, invernaderos, viveros y jardines",61131.017,Horticultor / Horticultora,principal,estacional,si,,,,,,,,no_aplica,1,confirmado_si,jardineria_y_agricultura_urbana,,mejorar_vivienda,12_meses,,,actividad_principal:agricultura | actividad_secundaria:ninguna | hobbies:jardineria_y_agricultura_urbana | meta:mejorar_vivienda | responsabilidad:apoyo_mensual_madre_o_padre | historia:uso_planificado_reserva,agricultura | jardineria_y_agricultura_urbana | mejorar_vivienda,responsabilidades,uso_planificado_reserva,14892633,12240642,si,test,si,fincoah_mvp_co_v1.1,22203f2b81ed564cca67fdf4eaae97038a3ea9a2d24278bd9cb8ae20b22d7025
PERF_0040,1,2026-04-01,Colombia,COP,Trabajo como barbero. En mi tiempo libre disfruto ciclismo. Tengo como responsabilidad aporte hogar compartido.,parcial,dentro_del_mvp,peluqueria_y_barberia,51410,Peluqueros / Peluqueras,51410.001,Barbero / Barbera,principal,variable,si,,,,,,,,no_aplica,1,confirmado_si,ciclismo,,,,aporte_hogar_compartido,0,actividad_principal:peluqueria_y_barberia | actividad_secundaria:ninguna | hobbies:ciclismo | meta:comprar_bicicleta | responsabilidad:aporte_hogar_compartido | historia:deterioro_reciente,peluqueria_y_barberia | ciclismo | aporte_hogar_compartido,meta,deterioro_reciente,2655334,0,si,validation,si,fincoah_mvp_co_v1.1,b3ed57f82cd355e25b8b114ef9ac33677804a18fe1965966400011e15df83e43
PERF_0041,1,2026-04-01,Colombia,COP,Trabajo como ingeniero de software. En mi tiempo libre disfruto pintura y fotografia y video.,parcial,dentro_del_mvp,ingenieria_y_desarrollo_de_software,25120,Desarrolladores de software / Desarrolladoras de software,25120.031,Ingeniero de software / Ingeniera de software,principal,mixto,si,,,,,,,,no_aplica,1,confirmado_si,pintura,fotografia_y_video,,,,,actividad_principal:ingenieria_y_desarrollo_de_software | actividad_secundaria:ninguna | hobbies:pintura | fotografia_y_video | meta:mejorar_vivienda | responsabilidad:ninguna_declarada | historia:fragilidad_sostenida,ingenieria_y_desarrollo_de_software | pintura | fotografia_y_video,meta | responsabilidades,fragilidad_sostenida,2192946,18340258,si,test,si,fincoah_mvp_co_v1.1,6cccc3310ad8c96be09fd1384b4160f373e669439791062048af19626b8dc983
PERF_0042,1,2026-04-01,Colombia,COP,Trabajo como nutricionista dietista. En mi tiempo libre disfruto cocina y reposteria y fotografia y video. Tengo como responsabilidad apoyo mensual madre o padre.,parcial,dentro_del_mvp,nutricion_y_dietetica,22650,Nutricionistas dietistas,22650.014,Nutricionista dietista,principal,mixto,si,peluqueria_y_barberia,51410,Peluqueros / Peluqueras,51410.001,Barbero / Barbera,secundaria,variable,no,2,confirmado_si,cocina_y_reposteria,fotografia_y_video,,,apoyo_mensual_madre_o_padre,1,actividad_principal:nutricion_y_dietetica | actividad_secundaria:peluqueria_y_barberia | hobbies:cocina_y_reposteria | fotografia_y_video | meta:hacer_viaje | responsabilidad:apoyo_mensual_madre_o_padre | historia:situacion_critica,nutricion_y_dietetica | cocina_y_reposteria | fotografia_y_video | apoyo_mensual_madre_o_padre,segunda_actividad_economica | meta,situacion_critica,2343231,22276196,si,train,si,fincoah_mvp_co_v1.1,1b3dfb75ac701457ce28a2adc7cc5592161c5ab6ffaf117fe074ac1a8beb547e
PERF_0043,1,2026-04-01,Colombia,COP,Trabajo como disc jockey. También genero ingresos con horticultor. En mi tiempo libre disfruto manualidades y artesanias y jardineria y agricultura urbana. Quiero hacer certificacion profesional.,amplia,dentro_del_mvp,musica_y_entretenimiento_dj,26521,Intérpretes musicales,26521.035,Disc jockey,principal,variable,si,agricultura,61131,"Agricultores de huertas, invernaderos, viveros y jardines / Agricultoras de huertas, invernaderos, viveros y jardines",61131.017,Horticultor / Horticultora,secundaria,estacional,si,2,confirmado_si,manualidades_y_artesanias,jardineria_y_agricultura_urbana,hacer_certificacion_profesional,3_a_6_meses,,,actividad_principal:musica_y_entretenimiento_dj | actividad_secundaria:agricultura | hobbies:manualidades_y_artesanias | jardineria_y_agricultura_urbana | meta:hacer_certificacion_profesional | responsabilidad:aporte_hogar_compartido | historia:acumulacion_estable,musica_y_entretenimiento_dj | agricultura | manualidades_y_artesanias | jardineria_y_agricultura_urbana | hacer_certificacion_profesional,responsabilidades,acumulacion_estable,6449850,0,si,test,si,fincoah_mvp_co_v1.1,4738444309c0b4b58968cf1c497f9eda0790e4b31e05c61d6c37b0080d513c9e
PERF_0044,1,2026-04-01,Colombia,COP,Trabajo como ciclista. También genero ingresos con vendedor de tienda. En mi tiempo libre disfruto musica y cocina y reposteria. Quiero pagar deuda.,amplia,dentro_del_mvp,deporte_competitivo_ciclismo,34210,Atletas y deportistas,34210.007,Ciclista,principal,mixto,si,ventas_al_por_menor,52230,"Vendedores y auxiliares de venta en tiendas, almacenes y afines / Vendedoras y auxiliares de venta en tiendas, almacenes y afines",52230.032,Vendedor de tienda / Vendedora de tienda,secundaria,mixto,si,2,confirmado_si,musica,cocina_y_reposteria,pagar_deuda,3_a_12_meses,,,actividad_principal:deporte_competitivo_ciclismo | actividad_secundaria:ventas_al_por_menor | hobbies:musica | cocina_y_reposteria | meta:pagar_deuda | responsabilidad:medicamentos_de_un_familiar | historia:equilibrio_sostenible,deporte_competitivo_ciclismo | ventas_al_por_menor | musica | cocina_y_reposteria | pagar_deuda,responsabilidades,equilibrio_sostenible,3172244,13330046,si,test,si,fincoah_mvp_co_v1.1,5bad26e8294a67a068c573de5cf0554af247c838324aa525ac9aeb8160f63ac7
PERF_0045,1,2026-04-01,Colombia,COP,Trabajo como repartidor de domicilios. En mi tiempo libre disfruto fotografia y video. Quiero pagar deuda.,parcial,dentro_del_mvp,domicilios_mensajeria_y_reparto,96211,"Mandaderos, maleteros y repartidores / Mandaderas, maleteras y repartidoras",96211.011,Repartidor de domicilios / Repartidora de domicilios,principal,variable,si,,,,,,,,no_aplica,1,confirmado_si,fotografia_y_video,,pagar_deuda,3_a_12_meses,,,actividad_principal:domicilios_mensajeria_y_reparto | actividad_secundaria:ninguna | hobbies:fotografia_y_video | meta:pagar_deuda | responsabilidad:medicamentos_de_un_familiar | historia:variable_resiliente,domicilios_mensajeria_y_reparto | fotografia_y_video | pagar_deuda,responsabilidades,variable_resiliente,4623594,6211319,si,train,si,fincoah_mvp_co_v1.1,e2fa905dcc287c5bc9e05066416a142ebddeedacf31fb6a2b1d5abcba76900f8
PERF_0046,1,2026-04-01,Colombia,COP,Trabajo como vendedor de tienda. En mi tiempo libre disfruto videojuegos y streaming y jardineria y agricultura urbana. Quiero hacer certificacion profesional. Tengo como responsabilidad ninguna declarada.,parcial,dentro_del_mvp,ventas_al_por_menor,52230,"Vendedores y auxiliares de venta en tiendas, almacenes y afines / Vendedoras y auxiliares de venta en tiendas, almacenes y afines",52230.032,Vendedor de tienda / Vendedora de tienda,principal,mixto,si,,,,,,,,no_aplica,1,confirmado_si,videojuegos_y_streaming,jardineria_y_agricultura_urbana,hacer_certificacion_profesional,3_a_6_meses,ninguna_declarada,0,actividad_principal:ventas_al_por_menor | actividad_secundaria:ninguna | hobbies:videojuegos_y_streaming | jardineria_y_agricultura_urbana | meta:hacer_certificacion_profesional | responsabilidad:ninguna_declarada | historia:uso_planificado_reserva,ventas_al_por_menor | videojuegos_y_streaming | jardineria_y_agricultura_urbana | hacer_certificacion_profesional | ninguna_declarada,otras_fuentes_no_declaradas,uso_planificado_reserva,7431240,4714216,si,train,si,fincoah_mvp_co_v1.1,bf2122a29ed37ef1b3d3f3210ca9d147becd338211c9b5441405e61cbd56d112
PERF_0047,1,2026-04-01,Colombia,COP,Trabajo como editor de video. En mi tiempo libre disfruto turismo y viajes y cocina y reposteria. Quiero ampliar actividad economica. Tengo como responsabilidad apoyo parcial a dos familiares.,parcial,dentro_del_mvp,diseno_audiovisual_y_edicion_de_video,26541,"Productores, directores y editores de cine, teatro y afines / Productoras, directoras y editoras de cine, teatro y afines",26541.060,Editor de video / Editora de video,principal,variable,si,,,,,,,,no_aplica,1,confirmado_si,turismo_y_viajes,cocina_y_reposteria,ampliar_actividad_economica,6_meses,apoyo_parcial_a_dos_familiares,2,actividad_principal:diseno_audiovisual_y_edicion_de_video | actividad_secundaria:ninguna | hobbies:turismo_y_viajes | cocina_y_reposteria | meta:ampliar_actividad_economica | responsabilidad:apoyo_parcial_a_dos_familiares | historia:deterioro_reciente,diseno_audiovisual_y_edicion_de_video | turismo_y_viajes | cocina_y_reposteria | ampliar_actividad_economica | apoyo_parcial_a_dos_familiares,otras_fuentes_no_declaradas,deterioro_reciente,13303693,0,si,train,si,fincoah_mvp_co_v1.1,0a598caaf3acfff1ad31f90214da023fc3f89f59ad2e11869fd04a957b95e014
PERF_0048,1,2026-04-01,Colombia,COP,Trabajo como docente de educación básica secundaria. En mi tiempo libre disfruto impresion 3d y turismo y viajes. Quiero comprar equipo de trabajo.,parcial,dentro_del_mvp,docencia_y_formacion,23300,Profesores de educación secundaria / Profesoras de educación secundaria,23300.001,Docente de educación básica secundaria,principal,estable,si,domicilios_mensajeria_y_reparto,96211,"Mandaderos, maleteros y repartidores / Mandaderas, maleteras y repartidoras",96211.011,Repartidor de domicilios / Repartidora de domicilios,secundaria,variable,no,2,confirmado_si,impresion_3d,turismo_y_viajes,comprar_equipo_de_trabajo,6_a_12_meses,,,actividad_principal:docencia_y_formacion | actividad_secundaria:domicilios_mensajeria_y_reparto | hobbies:impresion_3d | turismo_y_viajes | meta:comprar_equipo_de_trabajo | responsabilidad:gastos_de_un_hijo | historia:fragilidad_sostenida,docencia_y_formacion | impresion_3d | turismo_y_viajes | comprar_equipo_de_trabajo,segunda_actividad_economica | responsabilidades,fragilidad_sostenida,339918,9810803,si,train,si,fincoah_mvp_co_v1.1,add8a6a89416b8f29169894d4f805d815dae6cb44126adb625f7c32cc5b35430
PERF_0049,1,2026-04-01,Colombia,COP,Trabajo como horticultor. En mi tiempo libre disfruto jardineria y agricultura urbana. Quiero comprar bicicleta.,parcial,dentro_del_mvp,agricultura,61131,"Agricultores de huertas, invernaderos, viveros y jardines / Agricultoras de huertas, invernaderos, viveros y jardines",61131.017,Horticultor / Horticultora,principal,estacional,si,,,,,,,,no_aplica,1,confirmado_si,jardineria_y_agricultura_urbana,,comprar_bicicleta,6_meses,,,actividad_principal:agricultura | actividad_secundaria:ninguna | hobbies:jardineria_y_agricultura_urbana | meta:comprar_bicicleta | responsabilidad:gastos_de_un_hijo | historia:situacion_critica,agricultura | jardineria_y_agricultura_urbana | comprar_bicicleta,responsabilidades,situacion_critica,1864371,22281500,si,train,si,fincoah_mvp_co_v1.1,2d6d909de499da04614f6fe829000a8c9ce04a1018a59e409a2f96944c7bf4df
PERF_0050,1,2026-04-01,Colombia,COP,Trabajo como barbero. Quiero hacer viaje.,parcial,dentro_del_mvp,peluqueria_y_barberia,51410,Peluqueros / Peluqueras,51410.001,Barbero / Barbera,principal,variable,si,,,,,,,,no_aplica,1,confirmado_si,ciclismo,jardineria_y_agricultura_urbana,hacer_viaje,6_a_12_meses,,,actividad_principal:peluqueria_y_barberia | actividad_secundaria:ninguna | hobbies:ciclismo | jardineria_y_agricultura_urbana | meta:hacer_viaje | responsabilidad:medicamentos_de_un_familiar | historia:acumulacion_estable,peluqueria_y_barberia | hacer_viaje,hobbies | responsabilidades,acumulacion_estable,10297987,7501768,si,test,si,fincoah_mvp_co_v1.1,c31ee0db318cb3711fdeef399c3c672d5ab018a53f9ebc409ce08acf3c41366c
PERF_0051,1,2026-04-01,Colombia,COP,Trabajo como ingeniero de software. En mi tiempo libre disfruto pintura. Quiero mejorar vivienda.,parcial,dentro_del_mvp,ingenieria_y_desarrollo_de_software,25120,Desarrolladores de software / Desarrolladoras de software,25120.031,Ingeniero de software / Ingeniera de software,principal,mixto,si,,,,,,,,no_aplica,1,confirmado_si,pintura,,mejorar_vivienda,12_meses,,,actividad_principal:ingenieria_y_desarrollo_de_software | actividad_secundaria:ninguna | hobbies:pintura | meta:mejorar_vivienda | responsabilidad:aporte_hogar_compartido | historia:equilibrio_sostenible,ingenieria_y_desarrollo_de_software | pintura | mejorar_vivienda,responsabilidades,equilibrio_sostenible,28331959,0,si,test,si,fincoah_mvp_co_v1.1,dc3b98dc01454d837eb6c7e03a3025ff10570a8dc5d08426a17386b2595dc248
PERF_0052,1,2026-04-01,Colombia,COP,Trabajo como nutricionista dietista. En mi tiempo libre disfruto cocina y reposteria. Tengo como responsabilidad apoyo mensual madre o padre.,parcial,dentro_del_mvp,nutricion_y_dietetica,22650,Nutricionistas dietistas,22650.014,Nutricionista dietista,principal,mixto,si,,,,,,,,no_aplica,1,confirmado_si,cocina_y_reposteria,,,,apoyo_mensual_madre_o_padre,1,actividad_principal:nutricion_y_dietetica | actividad_secundaria:ninguna | hobbies:cocina_y_reposteria | meta:mejorar_vivienda | responsabilidad:apoyo_mensual_madre_o_padre | historia:variable_resiliente,nutricion_y_dietetica | cocina_y_reposteria | apoyo_mensual_madre_o_padre,meta,variable_resiliente,11266828,5621688,si,train,si,fincoah_mvp_co_v1.1,d3045bb0773f45fce3801a12092a4b72eeb368d72597115dc62a3e0c1003b231
PERF_0053,1,2026-04-01,Colombia,COP,Trabajo como disc jockey. En mi tiempo libre disfruto manualidades y artesanias. Quiero crear fondo emergencia. Tengo como responsabilidad gastos de un hijo.,parcial,dentro_del_mvp,musica_y_entretenimiento_dj,26521,Intérpretes musicales,26521.035,Disc jockey,principal,variable,si,,,,,,,,no_aplica,1,confirmado_si,manualidades_y_artesanias,,crear_fondo_emergencia,6_meses,gastos_de_un_hijo,1,actividad_principal:musica_y_entretenimiento_dj | actividad_secundaria:ninguna | hobbies:manualidades_y_artesanias | meta:crear_fondo_emergencia | responsabilidad:gastos_de_un_hijo | historia:uso_planificado_reserva,musica_y_entretenimiento_dj | manualidades_y_artesanias | crear_fondo_emergencia | gastos_de_un_hijo,otras_fuentes_no_declaradas,uso_planificado_reserva,14969973,0,si,train,si,fincoah_mvp_co_v1.1,43383afd0852ef12b517e8058abdd9ebaa0d77533dcaab37c6ae392063fa0417
PERF_0054,1,2026-04-01,Colombia,COP,Trabajo como ciclista. También genero ingresos con disc jockey. Quiero comprar equipo de trabajo.,parcial,dentro_del_mvp,deporte_competitivo_ciclismo,34210,Atletas y deportistas,34210.007,Ciclista,principal,mixto,si,musica_y_entretenimiento_dj,26521,Intérpretes musicales,26521.035,Disc jockey,secundaria,variable,si,2,confirmado_si,musica,,comprar_equipo_de_trabajo,6_a_12_meses,,,actividad_principal:deporte_competitivo_ciclismo | actividad_secundaria:musica_y_entretenimiento_dj | hobbies:musica | meta:comprar_equipo_de_trabajo | responsabilidad:apoyo_parcial_a_dos_familiares | historia:deterioro_reciente,deporte_competitivo_ciclismo | musica_y_entretenimiento_dj | comprar_equipo_de_trabajo,hobbies | responsabilidades,deterioro_reciente,6768332,0,si,train,si,fincoah_mvp_co_v1.1,9f1fe2b6161978729f4d33110ec4c7fbe6442364c3ad10e095ca098c73213038
PERF_0055,1,2026-04-01,Colombia,COP,Trabajo como repartidor de domicilios. En mi tiempo libre disfruto fotografia y video. Quiero ampliar actividad economica. Tengo como responsabilidad aporte hogar compartido.,parcial,dentro_del_mvp,domicilios_mensajeria_y_reparto,96211,"Mandaderos, maleteros y repartidores / Mandaderas, maleteras y repartidoras",96211.011,Repartidor de domicilios / Repartidora de domicilios,principal,variable,si,,,,,,,,no_aplica,1,confirmado_si,fotografia_y_video,,ampliar_actividad_economica,6_meses,aporte_hogar_compartido,0,actividad_principal:domicilios_mensajeria_y_reparto | actividad_secundaria:ninguna | hobbies:fotografia_y_video | meta:ampliar_actividad_economica | responsabilidad:aporte_hogar_compartido | historia:fragilidad_sostenida,domicilios_mensajeria_y_reparto | fotografia_y_video | ampliar_actividad_economica | aporte_hogar_compartido,otras_fuentes_no_declaradas,fragilidad_sostenida,142441,13189055,si,train,si,fincoah_mvp_co_v1.1,f740ccfe5648a657b87ce82cbfc21d235679dc8fe995950fc1d7a9280daf6db1
PERF_0056,1,2026-04-01,Colombia,COP,Trabajo como vendedor de tienda. Quiero pagar deuda.,parcial,dentro_del_mvp,ventas_al_por_menor,52230,"Vendedores y auxiliares de venta en tiendas, almacenes y afines / Vendedoras y auxiliares de venta en tiendas, almacenes y afines",52230.032,Vendedor de tienda / Vendedora de tienda,principal,mixto,si,agricultura,61131,"Agricultores de huertas, invernaderos, viveros y jardines / Agricultoras de huertas, invernaderos, viveros y jardines",61131.017,Horticultor / Horticultora,secundaria,estacional,no,2,confirmado_si,videojuegos_y_streaming,turismo_y_viajes,pagar_deuda,3_a_12_meses,,,actividad_principal:ventas_al_por_menor | actividad_secundaria:agricultura | hobbies:videojuegos_y_streaming | turismo_y_viajes | meta:pagar_deuda | responsabilidad:apoyo_mensual_madre_o_padre | historia:situacion_critica,ventas_al_por_menor | pagar_deuda,segunda_actividad_economica | hobbies | responsabilidades,situacion_critica,386122,18182612,si,train,si,fincoah_mvp_co_v1.1,f3d63e770705483916a374a9d3765d4ab48596521d04e4b1070be1098589e296
PERF_0057,1,2026-04-01,Colombia,COP,Trabajo como editor de video. En mi tiempo libre disfruto turismo y viajes y cocina y reposteria. Quiero ampliar actividad economica. Tengo como responsabilidad apoyo mensual madre o padre.,parcial,dentro_del_mvp,diseno_audiovisual_y_edicion_de_video,26541,"Productores, directores y editores de cine, teatro y afines / Productoras, directoras y editoras de cine, teatro y afines",26541.060,Editor de video / Editora de video,principal,variable,si,docencia_y_formacion,23300,Profesores de educación secundaria / Profesoras de educación secundaria,23300.001,Docente de educación básica secundaria,secundaria,estable,no,2,confirmado_si,turismo_y_viajes,cocina_y_reposteria,ampliar_actividad_economica,6_meses,apoyo_mensual_madre_o_padre,1,actividad_principal:diseno_audiovisual_y_edicion_de_video | actividad_secundaria:docencia_y_formacion | hobbies:turismo_y_viajes | cocina_y_reposteria | meta:ampliar_actividad_economica | responsabilidad:apoyo_mensual_madre_o_padre | historia:acumulacion_estable,diseno_audiovisual_y_edicion_de_video | turismo_y_viajes | cocina_y_reposteria | ampliar_actividad_economica | apoyo_mensual_madre_o_padre,segunda_actividad_economica,acumulacion_estable,10750446,0,si,train,si,fincoah_mvp_co_v1.1,74507b2d86dd3361b1bf2d66993422479ee47f8a8aeb65410ce225f600e3fdd6
PERF_0058,1,2026-04-01,Colombia,COP,Trabajo como docente de educación básica secundaria. En mi tiempo libre disfruto impresion 3d y videojuegos y streaming. Quiero hacer certificacion profesional. Tengo como responsabilidad ninguna declarada.,parcial,dentro_del_mvp,docencia_y_formacion,23300,Profesores de educación secundaria / Profesoras de educación secundaria,23300.001,Docente de educación básica secundaria,principal,estable,si,,,,,,,,no_aplica,1,confirmado_si,impresion_3d,videojuegos_y_streaming,hacer_certificacion_profesional,3_a_6_meses,ninguna_declarada,0,actividad_principal:docencia_y_formacion | actividad_secundaria:ninguna | hobbies:impresion_3d | videojuegos_y_streaming | meta:hacer_certificacion_profesional | responsabilidad:ninguna_declarada | historia:equilibrio_sostenible,docencia_y_formacion | impresion_3d | videojuegos_y_streaming | hacer_certificacion_profesional | ninguna_declarada,otras_fuentes_no_declaradas,equilibrio_sostenible,2222355,8388100,si,validation,si,fincoah_mvp_co_v1.1,db6a0b7d8459ff8e48ce13717647f8a9419f3828196f06fd163dc509a02d147d
PERF_0059,1,2026-04-01,Colombia,COP,Trabajo como horticultor. En mi tiempo libre disfruto jardineria y agricultura urbana. Tengo como responsabilidad apoyo mensual madre o padre.,parcial,dentro_del_mvp,agricultura,61131,"Agricultores de huertas, invernaderos, viveros y jardines / Agricultoras de huertas, invernaderos, viveros y jardines",61131.017,Horticultor / Horticultora,principal,estacional,si,,,,,,,,no_aplica,1,confirmado_si,jardineria_y_agricultura_urbana,,,,apoyo_mensual_madre_o_padre,1,actividad_principal:agricultura | actividad_secundaria:ninguna | hobbies:jardineria_y_agricultura_urbana | meta:pagar_deuda | responsabilidad:apoyo_mensual_madre_o_padre | historia:variable_resiliente,agricultura | jardineria_y_agricultura_urbana | apoyo_mensual_madre_o_padre,meta,variable_resiliente,1620631,1974861,si,test,si,fincoah_mvp_co_v1.1,fefc11e536be57a1ce69d7b0c4dce7b08d4875fb8a34dd4fac07c6abb7ab7d8e
PERF_0060,1,2026-04-01,Colombia,COP,Trabajo como barbero. También genero ingresos con docente de educación básica secundaria. En mi tiempo libre disfruto ciclismo y videojuegos y streaming. Quiero comprar equipo de trabajo. Tengo como responsabilidad medicamentos de un familiar.,amplia,dentro_del_mvp,peluqueria_y_barberia,51410,Peluqueros / Peluqueras,51410.001,Barbero / Barbera,principal,variable,si,docencia_y_formacion,23300,Profesores de educación secundaria / Profesoras de educación secundaria,23300.001,Docente de educación básica secundaria,secundaria,estable,si,2,confirmado_si,ciclismo,videojuegos_y_streaming,comprar_equipo_de_trabajo,6_a_12_meses,medicamentos_de_un_familiar,1,actividad_principal:peluqueria_y_barberia | actividad_secundaria:docencia_y_formacion | hobbies:ciclismo | videojuegos_y_streaming | meta:comprar_equipo_de_trabajo | responsabilidad:medicamentos_de_un_familiar | historia:uso_planificado_reserva,peluqueria_y_barberia | docencia_y_formacion | ciclismo | videojuegos_y_streaming | comprar_equipo_de_trabajo | medicamentos_de_un_familiar,otras_fuentes_no_declaradas,uso_planificado_reserva,12394315,5447102,si,validation,si,fincoah_mvp_co_v1.1,0b436e5318bf3559be08b54c7ee8d9438187304dc6f655dfa8e8b894d79be88d
PERF_0061,1,2026-04-01,Colombia,COP,Trabajo como ingeniero de software. En mi tiempo libre disfruto pintura y jardineria y agricultura urbana. Quiero comprar equipo de trabajo. Tengo como responsabilidad ninguna declarada.,parcial,dentro_del_mvp,ingenieria_y_desarrollo_de_software,25120,Desarrolladores de software / Desarrolladoras de software,25120.031,Ingeniero de software / Ingeniera de software,principal,mixto,si,,,,,,,,no_aplica,1,confirmado_si,pintura,jardineria_y_agricultura_urbana,comprar_equipo_de_trabajo,6_a_12_meses,ninguna_declarada,0,actividad_principal:ingenieria_y_desarrollo_de_software | actividad_secundaria:ninguna | hobbies:pintura | jardineria_y_agricultura_urbana | meta:comprar_equipo_de_trabajo | responsabilidad:ninguna_declarada | historia:deterioro_reciente,ingenieria_y_desarrollo_de_software | pintura | jardineria_y_agricultura_urbana | comprar_equipo_de_trabajo | ninguna_declarada,otras_fuentes_no_declaradas,deterioro_reciente,6165264,0,si,train,si,fincoah_mvp_co_v1.1,437f099b6c90a6036b13f182ca34ac2edace05fdfe4c1f7bd084fb67543da3c5
PERF_0062,1,2026-04-01,Colombia,COP,Trabajo como nutricionista dietista. En mi tiempo libre disfruto cocina y reposteria y ciclismo. Quiero mejorar vivienda.,parcial,dentro_del_mvp,nutricion_y_dietetica,22650,Nutricionistas dietistas,22650.014,Nutricionista dietista,principal,mixto,si,,,,,,,,no_aplica,1,confirmado_si,cocina_y_reposteria,ciclismo,mejorar_vivienda,12_meses,,,actividad_principal:nutricion_y_dietetica | actividad_secundaria:ninguna | hobbies:cocina_y_reposteria | ciclismo | meta:mejorar_vivienda | responsabilidad:gastos_de_un_hijo | historia:fragilidad_sostenida,nutricion_y_dietetica | cocina_y_reposteria | ciclismo | mejorar_vivienda,responsabilidades,fragilidad_sostenida,1118941,15508493,si,train,si,fincoah_mvp_co_v1.1,b28935eb975b0246ffef2cfb2012f94f8a8f5b0bab7dbb6bb279eb0a551ba2cf
PERF_0063,1,2026-04-01,Colombia,COP,Trabajo como disc jockey. En mi tiempo libre disfruto manualidades y artesanias y fotografia y video. Quiero comprar bicicleta. Tengo como responsabilidad gastos de un hijo.,parcial,dentro_del_mvp,musica_y_entretenimiento_dj,26521,Intérpretes musicales,26521.035,Disc jockey,principal,variable,si,,,,,,,,no_aplica,1,confirmado_si,manualidades_y_artesanias,fotografia_y_video,comprar_bicicleta,6_meses,gastos_de_un_hijo,1,actividad_principal:musica_y_entretenimiento_dj | actividad_secundaria:ninguna | hobbies:manualidades_y_artesanias | fotografia_y_video | meta:comprar_bicicleta | responsabilidad:gastos_de_un_hijo | historia:situacion_critica,musica_y_entretenimiento_dj | manualidades_y_artesanias | fotografia_y_video | comprar_bicicleta | gastos_de_un_hijo,otras_fuentes_no_declaradas,situacion_critica,1273099,10707783,si,train,si,fincoah_mvp_co_v1.1,fd365eb7652fc163c45635b1eb0e42a9a320ed76af1d067115e0a96c34364c79
PERF_0064,1,2026-04-01,Colombia,COP,Trabajo como ciclista. En mi tiempo libre disfruto musica y videojuegos y streaming. Quiero hacer certificacion profesional.,parcial,dentro_del_mvp,deporte_competitivo_ciclismo,34210,Atletas y deportistas,34210.007,Ciclista,principal,mixto,si,,,,,,,,no_aplica,1,confirmado_si,musica,videojuegos_y_streaming,hacer_certificacion_profesional,3_a_6_meses,,,actividad_principal:deporte_competitivo_ciclismo | actividad_secundaria:ninguna | hobbies:musica | videojuegos_y_streaming | meta:hacer_certificacion_profesional | responsabilidad:ninguna_declarada | historia:acumulacion_estable,deporte_competitivo_ciclismo | musica | videojuegos_y_streaming | hacer_certificacion_profesional,responsabilidades,acumulacion_estable,6796126,0,si,validation,si,fincoah_mvp_co_v1.1,78b8fec43b31d73a608245e05b625cf49b123e27426a3e25072256166e3df426
PERF_0065,1,2026-04-01,Colombia,COP,Trabajo como repartidor de domicilios. Tengo como responsabilidad gastos de un hijo.,parcial,dentro_del_mvp,domicilios_mensajeria_y_reparto,96211,"Mandaderos, maleteros y repartidores / Mandaderas, maleteras y repartidoras",96211.011,Repartidor de domicilios / Repartidora de domicilios,principal,variable,si,ventas_al_por_menor,52230,"Vendedores y auxiliares de venta en tiendas, almacenes y afines / Vendedoras y auxiliares de venta en tiendas, almacenes y afines",52230.032,Vendedor de tienda / Vendedora de tienda,secundaria,mixto,no,2,confirmado_si,fotografia_y_video,,,,gastos_de_un_hijo,1,actividad_principal:domicilios_mensajeria_y_reparto | actividad_secundaria:ventas_al_por_menor | hobbies:fotografia_y_video | meta:comprar_bicicleta | responsabilidad:gastos_de_un_hijo | historia:equilibrio_sostenible,domicilios_mensajeria_y_reparto | gastos_de_un_hijo,segunda_actividad_economica | hobbies | meta,equilibrio_sostenible,1713170,9537357,si,train,si,fincoah_mvp_co_v1.1,36fc94bf75e1e687c4fdb6e2e109b00bec404fc67e88e2bc0916ea813fa6de41
PERF_0066,1,2026-04-01,Colombia,COP,Trabajo como vendedor de tienda. Quiero pagar deuda. Tengo como responsabilidad apoyo parcial a dos familiares.,parcial,dentro_del_mvp,ventas_al_por_menor,52230,"Vendedores y auxiliares de venta en tiendas, almacenes y afines / Vendedoras y auxiliares de venta en tiendas, almacenes y afines",52230.032,Vendedor de tienda / Vendedora de tienda,principal,mixto,si,musica_y_entretenimiento_dj,26521,Intérpretes musicales,26521.035,Disc jockey,secundaria,variable,no,2,confirmado_si,videojuegos_y_streaming,jardineria_y_agricultura_urbana,pagar_deuda,3_a_12_meses,apoyo_parcial_a_dos_familiares,2,actividad_principal:ventas_al_por_menor | actividad_secundaria:musica_y_entretenimiento_dj | hobbies:videojuegos_y_streaming | jardineria_y_agricultura_urbana | meta:pagar_deuda | responsabilidad:apoyo_parcial_a_dos_familiares | historia:variable_resiliente,ventas_al_por_menor | pagar_deuda | apoyo_parcial_a_dos_familiares,segunda_actividad_economica | hobbies,variable_resiliente,2750437,1752544,si,validation,si,fincoah_mvp_co_v1.1,58046669844b8ab5dc7ac39eab8fbfeac64044bf0e98426f5553bb8eca27c1b1
PERF_0067,1,2026-04-01,Colombia,COP,Trabajo como editor de video. En mi tiempo libre disfruto turismo y viajes y jardineria y agricultura urbana. Quiero comprar bicicleta. Tengo como responsabilidad medicamentos de un familiar.,parcial,dentro_del_mvp,diseno_audiovisual_y_edicion_de_video,26541,"Productores, directores y editores de cine, teatro y afines / Productoras, directoras y editoras de cine, teatro y afines",26541.060,Editor de video / Editora de video,principal,variable,si,,,,,,,,no_aplica,1,confirmado_si,turismo_y_viajes,jardineria_y_agricultura_urbana,comprar_bicicleta,6_meses,medicamentos_de_un_familiar,1,actividad_principal:diseno_audiovisual_y_edicion_de_video | actividad_secundaria:ninguna | hobbies:turismo_y_viajes | jardineria_y_agricultura_urbana | meta:comprar_bicicleta | responsabilidad:medicamentos_de_un_familiar | historia:uso_planificado_reserva,diseno_audiovisual_y_edicion_de_video | turismo_y_viajes | jardineria_y_agricultura_urbana | comprar_bicicleta | medicamentos_de_un_familiar,otras_fuentes_no_declaradas,uso_planificado_reserva,24369626,15299653,si,validation,si,fincoah_mvp_co_v1.1,bb8ae6979566272b2fe6877cf9fd5ab960dd25cb83f768450bfaa8cc470990fb
PERF_0068,1,2026-04-01,Colombia,COP,Trabajo como docente de educación básica secundaria. En mi tiempo libre disfruto impresion 3d. Quiero comprar bicicleta.,parcial,dentro_del_mvp,docencia_y_formacion,23300,Profesores de educación secundaria / Profesoras de educación secundaria,23300.001,Docente de educación básica secundaria,principal,estable,si,deporte_competitivo_ciclismo,34210,Atletas y deportistas,34210.007,Ciclista,secundaria,mixto,no,2,confirmado_si,impresion_3d,,comprar_bicicleta,6_meses,,,actividad_principal:docencia_y_formacion | actividad_secundaria:deporte_competitivo_ciclismo | hobbies:impresion_3d | meta:comprar_bicicleta | responsabilidad:gastos_de_un_hijo | historia:deterioro_reciente,docencia_y_formacion | impresion_3d | comprar_bicicleta,segunda_actividad_economica | responsabilidades,deterioro_reciente,5539670,10384992,si,train,si,fincoah_mvp_co_v1.1,65c90d12a8054e0bac507f1be55047636633705554959c0e573479fd5bdfb35a
PERF_0069,1,2026-04-01,Colombia,COP,Trabajo como horticultor. En mi tiempo libre disfruto jardineria y agricultura urbana y cocina y reposteria. Tengo como responsabilidad ninguna declarada.,parcial,dentro_del_mvp,agricultura,61131,"Agricultores de huertas, invernaderos, viveros y jardines / Agricultoras de huertas, invernaderos, viveros y jardines",61131.017,Horticultor / Horticultora,principal,estacional,si,,,,,,,,no_aplica,1,confirmado_si,jardineria_y_agricultura_urbana,cocina_y_reposteria,,,ninguna_declarada,0,actividad_principal:agricultura | actividad_secundaria:ninguna | hobbies:jardineria_y_agricultura_urbana | cocina_y_reposteria | meta:ampliar_actividad_economica | responsabilidad:ninguna_declarada | historia:fragilidad_sostenida,agricultura | jardineria_y_agricultura_urbana | cocina_y_reposteria | ninguna_declarada,meta,fragilidad_sostenida,459058,14900181,si,validation,si,fincoah_mvp_co_v1.1,0153e4134122b025eead2b156413c36392c8a26916ad300514653b40db337815
PERF_0070,1,2026-04-01,Colombia,COP,Trabajo como barbero. En mi tiempo libre disfruto ciclismo.,parcial,dentro_del_mvp,peluqueria_y_barberia,51410,Peluqueros / Peluqueras,51410.001,Barbero / Barbera,principal,variable,si,ventas_al_por_menor,52230,"Vendedores y auxiliares de venta en tiendas, almacenes y afines / Vendedoras y auxiliares de venta en tiendas, almacenes y afines",52230.032,Vendedor de tienda / Vendedora de tienda,secundaria,mixto,no,2,confirmado_si,ciclismo,,,,,,actividad_principal:peluqueria_y_barberia | actividad_secundaria:ventas_al_por_menor | hobbies:ciclismo | meta:crear_fondo_emergencia | responsabilidad:aporte_hogar_compartido | historia:situacion_critica,peluqueria_y_barberia | ciclismo,segunda_actividad_economica | meta | responsabilidades,situacion_critica,1166230,16459799,si,train,si,fincoah_mvp_co_v1.1,c1ca27b7cac50ccb6b3f4e85438842f891e2f159113ede43475322ae8c5f5f9e
PERF_0071,1,2026-04-01,Colombia,COP,Trabajo como ingeniero de software. Quiero mejorar vivienda. Tengo como responsabilidad aporte hogar compartido.,parcial,dentro_del_mvp,ingenieria_y_desarrollo_de_software,25120,Desarrolladores de software / Desarrolladoras de software,25120.031,Ingeniero de software / Ingeniera de software,principal,mixto,si,,,,,,,,no_aplica,1,confirmado_si,pintura,,mejorar_vivienda,12_meses,aporte_hogar_compartido,0,actividad_principal:ingenieria_y_desarrollo_de_software | actividad_secundaria:ninguna | hobbies:pintura | meta:mejorar_vivienda | responsabilidad:aporte_hogar_compartido | historia:acumulacion_estable,ingenieria_y_desarrollo_de_software | mejorar_vivienda | aporte_hogar_compartido,hobbies,acumulacion_estable,6171297,19120901,si,validation,si,fincoah_mvp_co_v1.1,5c9b12dd3ee0ae6cd42be7b47f23932dc0bd6f3d0d503f7403b56429c9975eff
PERF_0072,1,2026-04-01,Colombia,COP,Trabajo como nutricionista dietista. También genero ingresos con editor de video. En mi tiempo libre disfruto cocina y reposteria. Quiero hacer certificacion profesional.,amplia,dentro_del_mvp,nutricion_y_dietetica,22650,Nutricionistas dietistas,22650.014,Nutricionista dietista,principal,mixto,si,diseno_audiovisual_y_edicion_de_video,26541,"Productores, directores y editores de cine, teatro y afines / Productoras, directoras y editoras de cine, teatro y afines",26541.060,Editor de video / Editora de video,secundaria,variable,si,2,confirmado_si,cocina_y_reposteria,,hacer_certificacion_profesional,3_a_6_meses,,,actividad_principal:nutricion_y_dietetica | actividad_secundaria:diseno_audiovisual_y_edicion_de_video | hobbies:cocina_y_reposteria | meta:hacer_certificacion_profesional | responsabilidad:apoyo_parcial_a_dos_familiares | historia:equilibrio_sostenible,nutricion_y_dietetica | diseno_audiovisual_y_edicion_de_video | cocina_y_reposteria | hacer_certificacion_profesional,responsabilidades,equilibrio_sostenible,14298481,0,si,train,si,fincoah_mvp_co_v1.1,99920fd26791e3c0503074ae193f73d2471f119fdaf76b9ae623a3c2b3cf9ec6
PERF_0073,1,2026-04-01,Colombia,COP,Trabajo como disc jockey. En mi tiempo libre disfruto manualidades y artesanias y musica. Quiero comprar bicicleta.,parcial,dentro_del_mvp,musica_y_entretenimiento_dj,26521,Intérpretes musicales,26521.035,Disc jockey,principal,variable,si,deporte_competitivo_ciclismo,34210,Atletas y deportistas,34210.007,Ciclista,secundaria,mixto,no,2,confirmado_si,manualidades_y_artesanias,musica,comprar_bicicleta,6_meses,,,actividad_principal:musica_y_entretenimiento_dj | actividad_secundaria:deporte_competitivo_ciclismo | hobbies:manualidades_y_artesanias | musica | meta:comprar_bicicleta | responsabilidad:gastos_de_un_hijo | historia:variable_resiliente,musica_y_entretenimiento_dj | manualidades_y_artesanias | musica | comprar_bicicleta,segunda_actividad_economica | responsabilidades,variable_resiliente,2398519,11612324,si,train,si,fincoah_mvp_co_v1.1,d8aecf804f99538ba7ae17ef9b563b84401c60b7ce71fb426527bda69a80fe1b
PERF_0074,1,2026-04-01,Colombia,COP,Trabajo como ciclista. En mi tiempo libre disfruto musica y jardineria y agricultura urbana.,parcial,dentro_del_mvp,deporte_competitivo_ciclismo,34210,Atletas y deportistas,34210.007,Ciclista,principal,mixto,si,,,,,,,,no_aplica,1,confirmado_si,musica,jardineria_y_agricultura_urbana,,,,,actividad_principal:deporte_competitivo_ciclismo | actividad_secundaria:ninguna | hobbies:musica | jardineria_y_agricultura_urbana | meta:hacer_viaje | responsabilidad:gastos_de_un_hijo | historia:uso_planificado_reserva,deporte_competitivo_ciclismo | musica | jardineria_y_agricultura_urbana,meta | responsabilidades,uso_planificado_reserva,15205723,0,si,train,si,fincoah_mvp_co_v1.1,632648f6e841b2148d7ec2ea193b184858215b52bf6408b940d3a85406a1dc2a
PERF_0075,1,2026-04-01,Colombia,COP,Trabajo como repartidor de domicilios. En mi tiempo libre disfruto fotografia y video y pintura. Quiero comprar equipo de trabajo. Tengo como responsabilidad apoyo mensual madre o padre.,parcial,dentro_del_mvp,domicilios_mensajeria_y_reparto,96211,"Mandaderos, maleteros y repartidores / Mandaderas, maleteras y repartidoras",96211.011,Repartidor de domicilios / Repartidora de domicilios,principal,variable,si,,,,,,,,no_aplica,1,confirmado_si,fotografia_y_video,pintura,comprar_equipo_de_trabajo,6_a_12_meses,apoyo_mensual_madre_o_padre,1,actividad_principal:domicilios_mensajeria_y_reparto | actividad_secundaria:ninguna | hobbies:fotografia_y_video | pintura | meta:comprar_equipo_de_trabajo | responsabilidad:apoyo_mensual_madre_o_padre | historia:deterioro_reciente,domicilios_mensajeria_y_reparto | fotografia_y_video | pintura | comprar_equipo_de_trabajo | apoyo_mensual_madre_o_padre,otras_fuentes_no_declaradas,deterioro_reciente,1263917,0,si,train,si,fincoah_mvp_co_v1.1,79d5b6c961a0ff6759d131df4b40e6655bfa8242f3d92cbc012f3fa1e87b49b2
PERF_0076,1,2026-04-01,Colombia,COP,Trabajo como vendedor de tienda. En mi tiempo libre disfruto videojuegos y streaming y musica. Quiero mejorar vivienda. Tengo como responsabilidad ninguna declarada.,parcial,dentro_del_mvp,ventas_al_por_menor,52230,"Vendedores y auxiliares de venta en tiendas, almacenes y afines / Vendedoras y auxiliares de venta en tiendas, almacenes y afines",52230.032,Vendedor de tienda / Vendedora de tienda,principal,mixto,si,,,,,,,,no_aplica,1,confirmado_si,videojuegos_y_streaming,musica,mejorar_vivienda,12_meses,ninguna_declarada,0,actividad_principal:ventas_al_por_menor | actividad_secundaria:ninguna | hobbies:videojuegos_y_streaming | musica | meta:mejorar_vivienda | responsabilidad:ninguna_declarada | historia:fragilidad_sostenida,ventas_al_por_menor | videojuegos_y_streaming | musica | mejorar_vivienda | ninguna_declarada,otras_fuentes_no_declaradas,fragilidad_sostenida,275048,17055050,si,train,si,fincoah_mvp_co_v1.1,0abb1de1ba2514ee167f0eb22cc14ba173c7f276f7bf8830f169f1fea6c7b142
PERF_0077,1,2026-04-01,Colombia,COP,Trabajo como editor de video. Quiero hacer viaje. Tengo como responsabilidad gastos de un hijo.,parcial,dentro_del_mvp,diseno_audiovisual_y_edicion_de_video,26541,"Productores, directores y editores de cine, teatro y afines / Productoras, directoras y editoras de cine, teatro y afines",26541.060,Editor de video / Editora de video,principal,variable,si,docencia_y_formacion,23300,Profesores de educación secundaria / Profesoras de educación secundaria,23300.001,Docente de educación básica secundaria,secundaria,estable,no,2,confirmado_si,turismo_y_viajes,impresion_3d,hacer_viaje,6_a_12_meses,gastos_de_un_hijo,1,actividad_principal:diseno_audiovisual_y_edicion_de_video | actividad_secundaria:docencia_y_formacion | hobbies:turismo_y_viajes | impresion_3d | meta:hacer_viaje | responsabilidad:gastos_de_un_hijo | historia:situacion_critica,diseno_audiovisual_y_edicion_de_video | hacer_viaje | gastos_de_un_hijo,segunda_actividad_economica | hobbies,situacion_critica,1387275,14153624,si,test,si,fincoah_mvp_co_v1.1,1ef5feabc9dcf7e230e084e942fbe28444ad87d3c4b83e59140d47a2c0801a0e
PERF_0078,1,2026-04-01,Colombia,COP,Trabajo como docente de educación básica secundaria. En mi tiempo libre disfruto impresion 3d y manualidades y artesanias.,parcial,dentro_del_mvp,docencia_y_formacion,23300,Profesores de educación secundaria / Profesoras de educación secundaria,23300.001,Docente de educación básica secundaria,principal,estable,si,,,,,,,,no_aplica,1,confirmado_si,impresion_3d,manualidades_y_artesanias,,,,,actividad_principal:docencia_y_formacion | actividad_secundaria:ninguna | hobbies:impresion_3d | manualidades_y_artesanias | meta:pagar_deuda | responsabilidad:apoyo_mensual_madre_o_padre | historia:acumulacion_estable,docencia_y_formacion | impresion_3d | manualidades_y_artesanias,meta | responsabilidades,acumulacion_estable,13024574,11565215,si,test,si,fincoah_mvp_co_v1.1,8c9649e1f2067873857424f450a26ded63076e8377fa4a0c2b4a94c087ece39f
PERF_0079,1,2026-04-01,Colombia,COP,Trabajo como horticultor. También genero ingresos con repartidor de domicilios. En mi tiempo libre disfruto jardineria y agricultura urbana y manualidades y artesanias. Quiero comprar bicicleta. Tengo como responsabilidad ninguna declarada.,amplia,dentro_del_mvp,agricultura,61131,"Agricultores de huertas, invernaderos, viveros y jardines / Agricultoras de huertas, invernaderos, viveros y jardines",61131.017,Horticultor / Horticultora,principal,estacional,si,domicilios_mensajeria_y_reparto,96211,"Mandaderos, maleteros y repartidores / Mandaderas, maleteras y repartidoras",96211.011,Repartidor de domicilios / Repartidora de domicilios,secundaria,variable,si,2,confirmado_si,jardineria_y_agricultura_urbana,manualidades_y_artesanias,comprar_bicicleta,6_meses,ninguna_declarada,0,actividad_principal:agricultura | actividad_secundaria:domicilios_mensajeria_y_reparto | hobbies:jardineria_y_agricultura_urbana | manualidades_y_artesanias | meta:comprar_bicicleta | responsabilidad:ninguna_declarada | historia:equilibrio_sostenible,agricultura | domicilios_mensajeria_y_reparto | jardineria_y_agricultura_urbana | manualidades_y_artesanias | comprar_bicicleta | ninguna_declarada,otras_fuentes_no_declaradas,equilibrio_sostenible,3167730,0,si,train,si,fincoah_mvp_co_v1.1,f1ee9e58eecc612a729638f2a32b201137f6b8c98ccdfbb8d252590c6fd32b24
PERF_0080,1,2026-04-01,Colombia,COP,Trabajo como barbero. Quiero crear fondo emergencia. Tengo como responsabilidad aporte hogar compartido.,parcial,dentro_del_mvp,peluqueria_y_barberia,51410,Peluqueros / Peluqueras,51410.001,Barbero / Barbera,principal,variable,si,diseno_audiovisual_y_edicion_de_video,26541,"Productores, directores y editores de cine, teatro y afines / Productoras, directoras y editoras de cine, teatro y afines",26541.060,Editor de video / Editora de video,secundaria,variable,no,2,confirmado_si,ciclismo,,crear_fondo_emergencia,6_meses,aporte_hogar_compartido,0,actividad_principal:peluqueria_y_barberia | actividad_secundaria:diseno_audiovisual_y_edicion_de_video | hobbies:ciclismo | meta:crear_fondo_emergencia | responsabilidad:aporte_hogar_compartido | historia:variable_resiliente,peluqueria_y_barberia | crear_fondo_emergencia | aporte_hogar_compartido,segunda_actividad_economica | hobbies,variable_resiliente,6622965,2577264,si,train,si,fincoah_mvp_co_v1.1,a38abea5a9b68c89a640a1a61f6015e83cdc666021bb16c02d74d0c14d52ff69
PERF_0081,1,2026-04-01,Colombia,COP,Trabajo como ingeniero de software. En mi tiempo libre disfruto pintura y jardineria y agricultura urbana. Quiero hacer viaje. Tengo como responsabilidad gastos de un hijo.,parcial,dentro_del_mvp,ingenieria_y_desarrollo_de_software,25120,Desarrolladores de software / Desarrolladoras de software,25120.031,Ingeniero de software / Ingeniera de software,principal,mixto,si,,,,,,,,no_aplica,1,confirmado_si,pintura,jardineria_y_agricultura_urbana,hacer_viaje,6_a_12_meses,gastos_de_un_hijo,1,actividad_principal:ingenieria_y_desarrollo_de_software | actividad_secundaria:ninguna | hobbies:pintura | jardineria_y_agricultura_urbana | meta:hacer_viaje | responsabilidad:gastos_de_un_hijo | historia:uso_planificado_reserva,ingenieria_y_desarrollo_de_software | pintura | jardineria_y_agricultura_urbana | hacer_viaje | gastos_de_un_hijo,otras_fuentes_no_declaradas,uso_planificado_reserva,20628740,3918997,si,train,si,fincoah_mvp_co_v1.1,319f41cee1794381bebf0410c1e8e34060165f599398d32bcca0a6ac6331b99f
PERF_0082,1,2026-04-01,Colombia,COP,Trabajo como nutricionista dietista. Quiero pagar deuda. Tengo como responsabilidad aporte hogar compartido.,parcial,dentro_del_mvp,nutricion_y_dietetica,22650,Nutricionistas dietistas,22650.014,Nutricionista dietista,principal,mixto,si,docencia_y_formacion,23300,Profesores de educación secundaria / Profesoras de educación secundaria,23300.001,Docente de educación básica secundaria,secundaria,estable,no,2,confirmado_si,cocina_y_reposteria,,pagar_deuda,3_a_12_meses,aporte_hogar_compartido,0,actividad_principal:nutricion_y_dietetica | actividad_secundaria:docencia_y_formacion | hobbies:cocina_y_reposteria | meta:pagar_deuda | responsabilidad:aporte_hogar_compartido | historia:deterioro_reciente,nutricion_y_dietetica | pagar_deuda | aporte_hogar_compartido,segunda_actividad_economica | hobbies,deterioro_reciente,14299393,1939071,si,train,si,fincoah_mvp_co_v1.1,2e89c422f967242eb1b7cfa07241db16c907d0ed1c164b9e5c596fa08a235931
PERF_0083,1,2026-04-01,Colombia,COP,Trabajo como disc jockey. En mi tiempo libre disfruto manualidades y artesanias. Tengo como responsabilidad medicamentos de un familiar.,parcial,dentro_del_mvp,musica_y_entretenimiento_dj,26521,Intérpretes musicales,26521.035,Disc jockey,principal,variable,si,,,,,,,,no_aplica,1,confirmado_si,manualidades_y_artesanias,,,,medicamentos_de_un_familiar,1,actividad_principal:musica_y_entretenimiento_dj | actividad_secundaria:ninguna | hobbies:manualidades_y_artesanias | meta:ampliar_actividad_economica | responsabilidad:medicamentos_de_un_familiar | historia:fragilidad_sostenida,musica_y_entretenimiento_dj | manualidades_y_artesanias | medicamentos_de_un_familiar,meta,fragilidad_sostenida,608614,17057048,si,train,si,fincoah_mvp_co_v1.1,28af6ced765f46e7059b9a0fa36f53a32ad835fa93c1cc60d2afc364a84fe3f8
PERF_0084,1,2026-04-01,Colombia,COP,Trabajo como ciclista. En mi tiempo libre disfruto musica. Quiero ampliar actividad economica. Tengo como responsabilidad apoyo parcial a dos familiares.,parcial,dentro_del_mvp,deporte_competitivo_ciclismo,34210,Atletas y deportistas,34210.007,Ciclista,principal,mixto,si,musica_y_entretenimiento_dj,26521,Intérpretes musicales,26521.035,Disc jockey,secundaria,variable,no,2,confirmado_si,musica,,ampliar_actividad_economica,6_meses,apoyo_parcial_a_dos_familiares,2,actividad_principal:deporte_competitivo_ciclismo | actividad_secundaria:musica_y_entretenimiento_dj | hobbies:musica | meta:ampliar_actividad_economica | responsabilidad:apoyo_parcial_a_dos_familiares | historia:situacion_critica,deporte_competitivo_ciclismo | musica | ampliar_actividad_economica | apoyo_parcial_a_dos_familiares,segunda_actividad_economica,situacion_critica,1180330,14949189,si,validation,si,fincoah_mvp_co_v1.1,797e6e18e16238b0806c5ecd159a6ca8e8dff7b219ccfddb0f277ea7fc310cdb
PERF_0085,1,2026-04-01,Colombia,COP,Trabajo como repartidor de domicilios. También genero ingresos con ingeniero de software. En mi tiempo libre disfruto fotografia y video. Quiero hacer certificacion profesional. Tengo como responsabilidad apoyo mensual madre o padre.,amplia,dentro_del_mvp,domicilios_mensajeria_y_reparto,96211,"Mandaderos, maleteros y repartidores / Mandaderas, maleteras y repartidoras",96211.011,Repartidor de domicilios / Repartidora de domicilios,principal,variable,si,ingenieria_y_desarrollo_de_software,25120,Desarrolladores de software / Desarrolladoras de software,25120.031,Ingeniero de software / Ingeniera de software,secundaria,mixto,si,2,confirmado_si,fotografia_y_video,,hacer_certificacion_profesional,3_a_6_meses,apoyo_mensual_madre_o_padre,1,actividad_principal:domicilios_mensajeria_y_reparto | actividad_secundaria:ingenieria_y_desarrollo_de_software | hobbies:fotografia_y_video | meta:hacer_certificacion_profesional | responsabilidad:apoyo_mensual_madre_o_padre | historia:acumulacion_estable,domicilios_mensajeria_y_reparto | ingenieria_y_desarrollo_de_software | fotografia_y_video | hacer_certificacion_profesional | apoyo_mensual_madre_o_padre,otras_fuentes_no_declaradas,acumulacion_estable,7388583,4731191,si,train,si,fincoah_mvp_co_v1.1,25b6e390396fe32aed080acca505953b1fbe83a4cbbfce4bdee247bdf7a8b24c
PERF_0086,1,2026-04-01,Colombia,COP,Trabajo como vendedor de tienda. En mi tiempo libre disfruto videojuegos y streaming y manualidades y artesanias. Quiero mejorar vivienda.,parcial,dentro_del_mvp,ventas_al_por_menor,52230,"Vendedores y auxiliares de venta en tiendas, almacenes y afines / Vendedoras y auxiliares de venta en tiendas, almacenes y afines",52230.032,Vendedor de tienda / Vendedora de tienda,principal,mixto,si,,,,,,,,no_aplica,1,confirmado_si,videojuegos_y_streaming,manualidades_y_artesanias,mejorar_vivienda,12_meses,,,actividad_principal:ventas_al_por_menor | actividad_secundaria:ninguna | hobbies:videojuegos_y_streaming | manualidades_y_artesanias | meta:mejorar_vivienda | responsabilidad:apoyo_parcial_a_dos_familiares | historia:equilibrio_sostenible,ventas_al_por_menor | videojuegos_y_streaming | manualidades_y_artesanias | mejorar_vivienda,responsabilidades,equilibrio_sostenible,15629454,0,si,validation,si,fincoah_mvp_co_v1.1,227da42abb3f4e22d92a273f7e9e1a35f1782ecf3d769a54a7a021b0f69da471
PERF_0087,1,2026-04-01,Colombia,COP,Trabajo como editor de video. En mi tiempo libre disfruto turismo y viajes. Tengo como responsabilidad medicamentos de un familiar.,parcial,dentro_del_mvp,diseno_audiovisual_y_edicion_de_video,26541,"Productores, directores y editores de cine, teatro y afines / Productoras, directoras y editoras de cine, teatro y afines",26541.060,Editor de video / Editora de video,principal,variable,si,,,,,,,,no_aplica,1,confirmado_si,turismo_y_viajes,,,,medicamentos_de_un_familiar,1,actividad_principal:diseno_audiovisual_y_edicion_de_video | actividad_secundaria:ninguna | hobbies:turismo_y_viajes | meta:hacer_viaje | responsabilidad:medicamentos_de_un_familiar | historia:variable_resiliente,diseno_audiovisual_y_edicion_de_video | turismo_y_viajes | medicamentos_de_un_familiar,meta,variable_resiliente,13711715,2833126,si,train,si,fincoah_mvp_co_v1.1,85fd77d466bf08c9858abef19a0d72ff8bf226c08ee60f6f7bdce3efcc8cc8e6
PERF_0088,1,2026-04-01,Colombia,COP,Trabajo como docente de educación básica secundaria. En mi tiempo libre disfruto impresion 3d y turismo y viajes. Quiero crear fondo emergencia.,parcial,dentro_del_mvp,docencia_y_formacion,23300,Profesores de educación secundaria / Profesoras de educación secundaria,23300.001,Docente de educación básica secundaria,principal,estable,si,,,,,,,,no_aplica,1,confirmado_si,impresion_3d,turismo_y_viajes,crear_fondo_emergencia,6_meses,,,actividad_principal:docencia_y_formacion | actividad_secundaria:ninguna | hobbies:impresion_3d | turismo_y_viajes | meta:crear_fondo_emergencia | responsabilidad:ninguna_declarada | historia:uso_planificado_reserva,docencia_y_formacion | impresion_3d | turismo_y_viajes | crear_fondo_emergencia,responsabilidades,uso_planificado_reserva,16293778,0,si,train,si,fincoah_mvp_co_v1.1,f9f097e9921f59ba5be92ce0bba0170fcabe3bedffcfc8e5034b1b6ecc40aa64
PERF_0089,1,2026-04-01,Colombia,COP,Trabajo como horticultor. También genero ingresos con nutricionista dietista. Quiero hacer certificacion profesional.,parcial,dentro_del_mvp,agricultura,61131,"Agricultores de huertas, invernaderos, viveros y jardines / Agricultoras de huertas, invernaderos, viveros y jardines",61131.017,Horticultor / Horticultora,principal,estacional,si,nutricion_y_dietetica,22650,Nutricionistas dietistas,22650.014,Nutricionista dietista,secundaria,mixto,si,2,confirmado_si,jardineria_y_agricultura_urbana,,hacer_certificacion_profesional,3_a_6_meses,,,actividad_principal:agricultura | actividad_secundaria:nutricion_y_dietetica | hobbies:jardineria_y_agricultura_urbana | meta:hacer_certificacion_profesional | responsabilidad:apoyo_parcial_a_dos_familiares | historia:deterioro_reciente,agricultura | nutricion_y_dietetica | hacer_certificacion_profesional,hobbies | responsabilidades,deterioro_reciente,5697019,4125811,si,train,si,fincoah_mvp_co_v1.1,3f6f792c13a871cfda865e3f7ea492da528a45acfb671f384cd1fd2b8d050ce2
PERF_0090,1,2026-04-01,Colombia,COP,Trabajo como barbero. En mi tiempo libre disfruto ciclismo y musica. Tengo como responsabilidad aporte hogar compartido.,parcial,dentro_del_mvp,peluqueria_y_barberia,51410,Peluqueros / Peluqueras,51410.001,Barbero / Barbera,principal,variable,si,,,,,,,,no_aplica,1,confirmado_si,ciclismo,musica,,,aporte_hogar_compartido,0,actividad_principal:peluqueria_y_barberia | actividad_secundaria:ninguna | hobbies:ciclismo | musica | meta:mejorar_vivienda | responsabilidad:aporte_hogar_compartido | historia:fragilidad_sostenida,peluqueria_y_barberia | ciclismo | musica | aporte_hogar_compartido,meta,fragilidad_sostenida,1668744,14791558,si,train,si,fincoah_mvp_co_v1.1,83d4d8e3cba2bad11e5b5c10da706278213cf98333cf95621129388c774c9173
PERF_0091,1,2026-04-01,Colombia,COP,Trabajo como ingeniero de software. También genero ingresos con docente de educación básica secundaria. En mi tiempo libre disfruto pintura y fotografia y video.,parcial,dentro_del_mvp,ingenieria_y_desarrollo_de_software,25120,Desarrolladores de software / Desarrolladoras de software,25120.031,Ingeniero de software / Ingeniera de software,principal,mixto,si,docencia_y_formacion,23300,Profesores de educación secundaria / Profesoras de educación secundaria,23300.001,Docente de educación básica secundaria,secundaria,estable,si,2,confirmado_si,pintura,fotografia_y_video,,,,,actividad_principal:ingenieria_y_desarrollo_de_software | actividad_secundaria:docencia_y_formacion | hobbies:pintura | fotografia_y_video | meta:mejorar_vivienda | responsabilidad:apoyo_parcial_a_dos_familiares | historia:situacion_critica,ingenieria_y_desarrollo_de_software | docencia_y_formacion | pintura | fotografia_y_video,meta | responsabilidades,situacion_critica,815972,12533015,si,validation,si,fincoah_mvp_co_v1.1,c27fc3e9ed236bd369b099e00189ad13f29bb47a99dc998c561d449d856c5475
PERF_0092,1,2026-04-01,Colombia,COP,Trabajo como nutricionista dietista.,minima,dentro_del_mvp,nutricion_y_dietetica,22650,Nutricionistas dietistas,22650.014,Nutricionista dietista,principal,mixto,si,,,,,,,,no_aplica,1,confirmado_si,cocina_y_reposteria,,,,,,actividad_principal:nutricion_y_dietetica | actividad_secundaria:ninguna | hobbies:cocina_y_reposteria | meta:comprar_equipo_de_trabajo | responsabilidad:apoyo_mensual_madre_o_padre | historia:acumulacion_estable,nutricion_y_dietetica,hobbies | meta | responsabilidades,acumulacion_estable,6667705,1054709,si,test,si,fincoah_mvp_co_v1.1,0266a89aca117b5524f7e82b8f114dbddbc2770be497ef12fc7ba1f00608a7bd
PERF_0093,1,2026-04-01,Colombia,COP,Trabajo como disc jockey. También genero ingresos con ciclista. En mi tiempo libre disfruto manualidades y artesanias y pintura. Quiero comprar equipo de trabajo. Tengo como responsabilidad apoyo parcial a dos familiares.,amplia,dentro_del_mvp,musica_y_entretenimiento_dj,26521,Intérpretes musicales,26521.035,Disc jockey,principal,variable,si,deporte_competitivo_ciclismo,34210,Atletas y deportistas,34210.007,Ciclista,secundaria,mixto,si,2,confirmado_si,manualidades_y_artesanias,pintura,comprar_equipo_de_trabajo,6_a_12_meses,apoyo_parcial_a_dos_familiares,2,actividad_principal:musica_y_entretenimiento_dj | actividad_secundaria:deporte_competitivo_ciclismo | hobbies:manualidades_y_artesanias | pintura | meta:comprar_equipo_de_trabajo | responsabilidad:apoyo_parcial_a_dos_familiares | historia:equilibrio_sostenible,musica_y_entretenimiento_dj | deporte_competitivo_ciclismo | manualidades_y_artesanias | pintura | comprar_equipo_de_trabajo | apoyo_parcial_a_dos_familiares,otras_fuentes_no_declaradas,equilibrio_sostenible,6683962,0,si,train,si,fincoah_mvp_co_v1.1,dd09e0cf7c4268a29cecab7342a358d11aa5187b5e13153e6242697ce8cb93c2
PERF_0094,1,2026-04-01,Colombia,COP,Trabajo como ciclista. En mi tiempo libre disfruto musica y turismo y viajes.,parcial,dentro_del_mvp,deporte_competitivo_ciclismo,34210,Atletas y deportistas,34210.007,Ciclista,principal,mixto,si,domicilios_mensajeria_y_reparto,96211,"Mandaderos, maleteros y repartidores / Mandaderas, maleteras y repartidoras",96211.011,Repartidor de domicilios / Repartidora de domicilios,secundaria,variable,no,2,confirmado_si,musica,turismo_y_viajes,,,,,actividad_principal:deporte_competitivo_ciclismo | actividad_secundaria:domicilios_mensajeria_y_reparto | hobbies:musica | turismo_y_viajes | meta:comprar_bicicleta | responsabilidad:gastos_de_un_hijo | historia:variable_resiliente,deporte_competitivo_ciclismo | musica | turismo_y_viajes,segunda_actividad_economica | meta | responsabilidades,variable_resiliente,9990222,5522105,si,train,si,fincoah_mvp_co_v1.1,e39ae3ce2be5b56e4acf4704315a9f0880751823cd10f7f2bcecb6091926d7b0
PERF_0095,1,2026-04-01,Colombia,COP,Trabajo como repartidor de domicilios. En mi tiempo libre disfruto fotografia y video. Quiero ampliar actividad economica. Tengo como responsabilidad medicamentos de un familiar.,parcial,dentro_del_mvp,domicilios_mensajeria_y_reparto,96211,"Mandaderos, maleteros y repartidores / Mandaderas, maleteras y repartidoras",96211.011,Repartidor de domicilios / Repartidora de domicilios,principal,variable,si,,,,,,,,no_aplica,1,confirmado_si,fotografia_y_video,,ampliar_actividad_economica,6_meses,medicamentos_de_un_familiar,1,actividad_principal:domicilios_mensajeria_y_reparto | actividad_secundaria:ninguna | hobbies:fotografia_y_video | meta:ampliar_actividad_economica | responsabilidad:medicamentos_de_un_familiar | historia:uso_planificado_reserva,domicilios_mensajeria_y_reparto | fotografia_y_video | ampliar_actividad_economica | medicamentos_de_un_familiar,otras_fuentes_no_declaradas,uso_planificado_reserva,6174519,0,si,test,si,fincoah_mvp_co_v1.1,97d4469f1d0b0a0b84af3abab816a6847a827c89002a9f35071c3aabb0b452de
PERF_0096,1,2026-04-01,Colombia,COP,Trabajo como vendedor de tienda. En mi tiempo libre disfruto videojuegos y streaming. Quiero ampliar actividad economica.,parcial,dentro_del_mvp,ventas_al_por_menor,52230,"Vendedores y auxiliares de venta en tiendas, almacenes y afines / Vendedoras y auxiliares de venta en tiendas, almacenes y afines",52230.032,Vendedor de tienda / Vendedora de tienda,principal,mixto,si,,,,,,,,no_aplica,1,confirmado_si,videojuegos_y_streaming,,ampliar_actividad_economica,6_meses,,,actividad_principal:ventas_al_por_menor | actividad_secundaria:ninguna | hobbies:videojuegos_y_streaming | meta:ampliar_actividad_economica | responsabilidad:medicamentos_de_un_familiar | historia:deterioro_reciente,ventas_al_por_menor | videojuegos_y_streaming | ampliar_actividad_economica,responsabilidades,deterioro_reciente,1172161,1808744,si,train,si,fincoah_mvp_co_v1.1,64353651e030db9dcbde4056ff460baded6ea42db341f8695b7261a338677ac2
PERF_0097,1,2026-04-01,Colombia,COP,Trabajo como editor de video. En mi tiempo libre disfruto turismo y viajes. Quiero mejorar vivienda. Tengo como responsabilidad apoyo parcial a dos familiares.,parcial,dentro_del_mvp,diseno_audiovisual_y_edicion_de_video,26541,"Productores, directores y editores de cine, teatro y afines / Productoras, directoras y editoras de cine, teatro y afines",26541.060,Editor de video / Editora de video,principal,variable,si,docencia_y_formacion,23300,Profesores de educación secundaria / Profesoras de educación secundaria,23300.001,Docente de educación básica secundaria,secundaria,estable,no,2,confirmado_si,turismo_y_viajes,,mejorar_vivienda,12_meses,apoyo_parcial_a_dos_familiares,2,actividad_principal:diseno_audiovisual_y_edicion_de_video | actividad_secundaria:docencia_y_formacion | hobbies:turismo_y_viajes | meta:mejorar_vivienda | responsabilidad:apoyo_parcial_a_dos_familiares | historia:fragilidad_sostenida,diseno_audiovisual_y_edicion_de_video | turismo_y_viajes | mejorar_vivienda | apoyo_parcial_a_dos_familiares,segunda_actividad_economica,fragilidad_sostenida,1716825,21518542,si,test,si,fincoah_mvp_co_v1.1,4f63505ef88c3743eaa349f2f770363180104d1430ba58c8e465b384d1016619
PERF_0098,1,2026-04-01,Colombia,COP,Trabajo como docente de educación básica secundaria. Quiero comprar equipo de trabajo.,parcial,dentro_del_mvp,docencia_y_formacion,23300,Profesores de educación secundaria / Profesoras de educación secundaria,23300.001,Docente de educación básica secundaria,principal,estable,si,,,,,,,,no_aplica,1,confirmado_si,impresion_3d,cocina_y_reposteria,comprar_equipo_de_trabajo,6_a_12_meses,,,actividad_principal:docencia_y_formacion | actividad_secundaria:ninguna | hobbies:impresion_3d | cocina_y_reposteria | meta:comprar_equipo_de_trabajo | responsabilidad:ninguna_declarada | historia:situacion_critica,docencia_y_formacion | comprar_equipo_de_trabajo,hobbies | responsabilidades,situacion_critica,1058921,7375645,si,test,si,fincoah_mvp_co_v1.1,4e5e84e4c3074e09901e8c4a638d5270bd3fe8c403c480250f7bae320951a6a1
PERF_0099,1,2026-04-01,Colombia,COP,Trabajo como horticultor. En mi tiempo libre disfruto jardineria y agricultura urbana y impresion 3d. Quiero comprar equipo de trabajo.,parcial,dentro_del_mvp,agricultura,61131,"Agricultores de huertas, invernaderos, viveros y jardines / Agricultoras de huertas, invernaderos, viveros y jardines",61131.017,Horticultor / Horticultora,principal,estacional,si,,,,,,,,no_aplica,1,confirmado_si,jardineria_y_agricultura_urbana,impresion_3d,comprar_equipo_de_trabajo,6_a_12_meses,,,actividad_principal:agricultura | actividad_secundaria:ninguna | hobbies:jardineria_y_agricultura_urbana | impresion_3d | meta:comprar_equipo_de_trabajo | responsabilidad:gastos_de_un_hijo | historia:acumulacion_estable,agricultura | jardineria_y_agricultura_urbana | impresion_3d | comprar_equipo_de_trabajo,responsabilidades,acumulacion_estable,1288258,3826816,si,train,si,fincoah_mvp_co_v1.1,2ff129caba40cb748f9343f885103f666beb137b974edd2cecf86ce7f8926460
PERF_0100,1,2026-04-01,Colombia,COP,Trabajo como barbero. Quiero comprar bicicleta. Tengo como responsabilidad gastos de un hijo.,parcial,dentro_del_mvp,peluqueria_y_barberia,51410,Peluqueros / Peluqueras,51410.001,Barbero / Barbera,principal,variable,si,,,,,,,,no_aplica,1,confirmado_si,ciclismo,,comprar_bicicleta,6_meses,gastos_de_un_hijo,1,actividad_principal:peluqueria_y_barberia | actividad_secundaria:ninguna | hobbies:ciclismo | meta:comprar_bicicleta | responsabilidad:gastos_de_un_hijo | historia:equilibrio_sostenible,peluqueria_y_barberia | comprar_bicicleta | gastos_de_un_hijo,hobbies,equilibrio_sostenible,1353689,796025,si,train,si,fincoah_mvp_co_v1.1,67d73a98acf559ee9c639f280d2b6164d418ffa467170c52d39a875a6c82bba0
PERF_0101,1,2026-04-01,Colombia,COP,Trabajo como ingeniero de software. También genero ingresos con editor de video. Quiero pagar deuda.,parcial,dentro_del_mvp,ingenieria_y_desarrollo_de_software,25120,Desarrolladores de software / Desarrolladoras de software,25120.031,Ingeniero de software / Ingeniera de software,principal,mixto,si,diseno_audiovisual_y_edicion_de_video,26541,"Productores, directores y editores de cine, teatro y afines / Productoras, directoras y editoras de cine, teatro y afines",26541.060,Editor de video / Editora de video,secundaria,variable,si,2,confirmado_si,pintura,videojuegos_y_streaming,pagar_deuda,3_a_12_meses,,,actividad_principal:ingenieria_y_desarrollo_de_software | actividad_secundaria:diseno_audiovisual_y_edicion_de_video | hobbies:pintura | videojuegos_y_streaming | meta:pagar_deuda | responsabilidad:aporte_hogar_compartido | historia:variable_resiliente,ingenieria_y_desarrollo_de_software | diseno_audiovisual_y_edicion_de_video | pagar_deuda,hobbies | responsabilidades,variable_resiliente,7704798,0,si,train,si,fincoah_mvp_co_v1.1,22ef5a770760265e32259b7d645f6f4cf4402ada469b4487e912fa9fd95fd741
PERF_0102,1,2026-04-01,Colombia,COP,Trabajo como nutricionista dietista. También genero ingresos con horticultor. En mi tiempo libre disfruto cocina y reposteria y turismo y viajes. Quiero hacer viaje.,amplia,dentro_del_mvp,nutricion_y_dietetica,22650,Nutricionistas dietistas,22650.014,Nutricionista dietista,principal,mixto,si,agricultura,61131,"Agricultores de huertas, invernaderos, viveros y jardines / Agricultoras de huertas, invernaderos, viveros y jardines",61131.017,Horticultor / Horticultora,secundaria,estacional,si,2,confirmado_si,cocina_y_reposteria,turismo_y_viajes,hacer_viaje,6_a_12_meses,,,actividad_principal:nutricion_y_dietetica | actividad_secundaria:agricultura | hobbies:cocina_y_reposteria | turismo_y_viajes | meta:hacer_viaje | responsabilidad:medicamentos_de_un_familiar | historia:uso_planificado_reserva,nutricion_y_dietetica | agricultura | cocina_y_reposteria | turismo_y_viajes | hacer_viaje,responsabilidades,uso_planificado_reserva,19991553,3927922,si,validation,si,fincoah_mvp_co_v1.1,662568e949483d81dfcabd576a27242f29702fabac9a6935848e29a6bfc5bdd9
PERF_0103,1,2026-04-01,Colombia,COP,Trabajo como disc jockey. También genero ingresos con docente de educación básica secundaria. Tengo como responsabilidad apoyo parcial a dos familiares.,parcial,dentro_del_mvp,musica_y_entretenimiento_dj,26521,Intérpretes musicales,26521.035,Disc jockey,principal,variable,si,docencia_y_formacion,23300,Profesores de educación secundaria / Profesoras de educación secundaria,23300.001,Docente de educación básica secundaria,secundaria,estable,si,2,confirmado_si,manualidades_y_artesanias,ciclismo,,,apoyo_parcial_a_dos_familiares,2,actividad_principal:musica_y_entretenimiento_dj | actividad_secundaria:docencia_y_formacion | hobbies:manualidades_y_artesanias | ciclismo | meta:comprar_bicicleta | responsabilidad:apoyo_parcial_a_dos_familiares | historia:deterioro_reciente,musica_y_entretenimiento_dj | docencia_y_formacion | apoyo_parcial_a_dos_familiares,hobbies | meta,deterioro_reciente,10264240,0,si,train,si,fincoah_mvp_co_v1.1,bb6ab4b2ce5c282cad246dd34a24e21f62b6720fbce8c11231dc20dbe51a04db
PERF_0104,1,2026-04-01,Colombia,COP,Trabajo como ciclista. En mi tiempo libre disfruto musica y turismo y viajes. Quiero mejorar vivienda. Tengo como responsabilidad medicamentos de un familiar.,parcial,dentro_del_mvp,deporte_competitivo_ciclismo,34210,Atletas y deportistas,34210.007,Ciclista,principal,mixto,si,musica_y_entretenimiento_dj,26521,Intérpretes musicales,26521.035,Disc jockey,secundaria,variable,no,2,confirmado_si,musica,turismo_y_viajes,mejorar_vivienda,12_meses,medicamentos_de_un_familiar,1,actividad_principal:deporte_competitivo_ciclismo | actividad_secundaria:musica_y_entretenimiento_dj | hobbies:musica | turismo_y_viajes | meta:mejorar_vivienda | responsabilidad:medicamentos_de_un_familiar | historia:fragilidad_sostenida,deporte_competitivo_ciclismo | musica | turismo_y_viajes | mejorar_vivienda | medicamentos_de_un_familiar,segunda_actividad_economica,fragilidad_sostenida,381673,15637176,si,train,si,fincoah_mvp_co_v1.1,f6b6f72850ea5a5984dc1c1c6082f85cd6ebab9839efcd9f476d2923d4758548
PERF_0105,1,2026-04-01,Colombia,COP,Trabajo como repartidor de domicilios. Quiero hacer certificacion profesional. Tengo como responsabilidad aporte hogar compartido.,parcial,dentro_del_mvp,domicilios_mensajeria_y_reparto,96211,"Mandaderos, maleteros y repartidores / Mandaderas, maleteras y repartidoras",96211.011,Repartidor de domicilios / Repartidora de domicilios,principal,variable,si,,,,,,,,no_aplica,1,confirmado_si,fotografia_y_video,,hacer_certificacion_profesional,3_a_6_meses,aporte_hogar_compartido,0,actividad_principal:domicilios_mensajeria_y_reparto | actividad_secundaria:ninguna | hobbies:fotografia_y_video | meta:hacer_certificacion_profesional | responsabilidad:aporte_hogar_compartido | historia:situacion_critica,domicilios_mensajeria_y_reparto | hacer_certificacion_profesional | aporte_hogar_compartido,hobbies,situacion_critica,222854,5460188,si,train,si,fincoah_mvp_co_v1.1,7f2edc11f86a93cda25c313c5b18a9d3fe996eee8929394895b69d8489ecda9e
PERF_0106,1,2026-04-01,Colombia,COP,Trabajo como vendedor de tienda. También genero ingresos con disc jockey. Quiero mejorar vivienda. Tengo como responsabilidad apoyo parcial a dos familiares.,parcial,dentro_del_mvp,ventas_al_por_menor,52230,"Vendedores y auxiliares de venta en tiendas, almacenes y afines / Vendedoras y auxiliares de venta en tiendas, almacenes y afines",52230.032,Vendedor de tienda / Vendedora de tienda,principal,mixto,si,musica_y_entretenimiento_dj,26521,Intérpretes musicales,26521.035,Disc jockey,secundaria,variable,si,2,confirmado_si,videojuegos_y_streaming,turismo_y_viajes,mejorar_vivienda,12_meses,apoyo_parcial_a_dos_familiares,2,actividad_principal:ventas_al_por_menor | actividad_secundaria:musica_y_entretenimiento_dj | hobbies:videojuegos_y_streaming | turismo_y_viajes | meta:mejorar_vivienda | responsabilidad:apoyo_parcial_a_dos_familiares | historia:acumulacion_estable,ventas_al_por_menor | musica_y_entretenimiento_dj | mejorar_vivienda | apoyo_parcial_a_dos_familiares,hobbies,acumulacion_estable,4653013,8092850,si,train,si,fincoah_mvp_co_v1.1,735b2db948025cc2200f6d6a685b386e90634e4fd87d4fd76d0a0688eda66034
PERF_0107,1,2026-04-01,Colombia,COP,Trabajo como editor de video. En mi tiempo libre disfruto turismo y viajes.,parcial,dentro_del_mvp,diseno_audiovisual_y_edicion_de_video,26541,"Productores, directores y editores de cine, teatro y afines / Productoras, directoras y editoras de cine, teatro y afines",26541.060,Editor de video / Editora de video,principal,variable,si,,,,,,,,no_aplica,1,confirmado_si,turismo_y_viajes,,,,,,actividad_principal:diseno_audiovisual_y_edicion_de_video | actividad_secundaria:ninguna | hobbies:turismo_y_viajes | meta:hacer_certificacion_profesional | responsabilidad:medicamentos_de_un_familiar | historia:equilibrio_sostenible,diseno_audiovisual_y_edicion_de_video | turismo_y_viajes,meta | responsabilidades,equilibrio_sostenible,6116237,8610757,si,train,si,fincoah_mvp_co_v1.1,aefb75dbd6cdf0dd3376996fc14a518eca0a867927e8ccc9ce205173765cb061
PERF_0108,1,2026-04-01,Colombia,COP,Trabajo como docente de educación básica secundaria. En mi tiempo libre disfruto impresion 3d y cocina y reposteria. Quiero crear fondo emergencia. Tengo como responsabilidad medicamentos de un familiar.,parcial,dentro_del_mvp,docencia_y_formacion,23300,Profesores de educación secundaria / Profesoras de educación secundaria,23300.001,Docente de educación básica secundaria,principal,estable,si,,,,,,,,no_aplica,1,confirmado_si,impresion_3d,cocina_y_reposteria,crear_fondo_emergencia,6_meses,medicamentos_de_un_familiar,1,actividad_principal:docencia_y_formacion | actividad_secundaria:ninguna | hobbies:impresion_3d | cocina_y_reposteria | meta:crear_fondo_emergencia | responsabilidad:medicamentos_de_un_familiar | historia:variable_resiliente,docencia_y_formacion | impresion_3d | cocina_y_reposteria | crear_fondo_emergencia | medicamentos_de_un_familiar,otras_fuentes_no_declaradas,variable_resiliente,7398949,11146414,si,train,si,fincoah_mvp_co_v1.1,634997d2a0dc224f8bad332dd103b43a8c2a38313448daacb281e3b3d8f85f03
PERF_0109,1,2026-04-01,Colombia,COP,Trabajo como horticultor. Quiero ampliar actividad economica. Tengo como responsabilidad medicamentos de un familiar.,parcial,dentro_del_mvp,agricultura,61131,"Agricultores de huertas, invernaderos, viveros y jardines / Agricultoras de huertas, invernaderos, viveros y jardines",61131.017,Horticultor / Horticultora,principal,estacional,si,,,,,,,,no_aplica,1,confirmado_si,jardineria_y_agricultura_urbana,,ampliar_actividad_economica,6_meses,medicamentos_de_un_familiar,1,actividad_principal:agricultura | actividad_secundaria:ninguna | hobbies:jardineria_y_agricultura_urbana | meta:ampliar_actividad_economica | responsabilidad:medicamentos_de_un_familiar | historia:uso_planificado_reserva,agricultura | ampliar_actividad_economica | medicamentos_de_un_familiar,hobbies,uso_planificado_reserva,8904322,4208765,si,train,si,fincoah_mvp_co_v1.1,3d41bbcd22bb337e505a8ce98fc95eb0e92592f5e0016a824043e758b943fda1
PERF_0110,1,2026-04-01,Colombia,COP,Trabajo como barbero. También genero ingresos con horticultor. En mi tiempo libre disfruto ciclismo.,parcial,dentro_del_mvp,peluqueria_y_barberia,51410,Peluqueros / Peluqueras,51410.001,Barbero / Barbera,principal,variable,si,agricultura,61131,"Agricultores de huertas, invernaderos, viveros y jardines / Agricultoras de huertas, invernaderos, viveros y jardines",61131.017,Horticultor / Horticultora,secundaria,estacional,si,2,confirmado_si,ciclismo,,,,,,actividad_principal:peluqueria_y_barberia | actividad_secundaria:agricultura | hobbies:ciclismo | meta:comprar_bicicleta | responsabilidad:gastos_de_un_hijo | historia:deterioro_reciente,peluqueria_y_barberia | agricultura | ciclismo,meta | responsabilidades,deterioro_reciente,13454509,5528457,si,train,si,fincoah_mvp_co_v1.1,7f3819b73546b344d9616eba12193270a04e0267605221d878b3f787e40e2b3c
PERF_0111,1,2026-04-01,Colombia,COP,Trabajo como ingeniero de software. En mi tiempo libre disfruto pintura y cocina y reposteria. Tengo como responsabilidad ninguna declarada.,parcial,dentro_del_mvp,ingenieria_y_desarrollo_de_software,25120,Desarrolladores de software / Desarrolladoras de software,25120.031,Ingeniero de software / Ingeniera de software,principal,mixto,si,,,,,,,,no_aplica,1,confirmado_si,pintura,cocina_y_reposteria,,,ninguna_declarada,0,actividad_principal:ingenieria_y_desarrollo_de_software | actividad_secundaria:ninguna | hobbies:pintura | cocina_y_reposteria | meta:mejorar_vivienda | responsabilidad:ninguna_declarada | historia:fragilidad_sostenida,ingenieria_y_desarrollo_de_software | pintura | cocina_y_reposteria | ninguna_declarada,meta,fragilidad_sostenida,1519560,28028897,si,train,si,fincoah_mvp_co_v1.1,226522fa991ca51e7a78557520c02d88bed4effbdeb268c224686c3f9a6ab4bf
PERF_0112,1,2026-04-01,Colombia,COP,Trabajo como nutricionista dietista. También genero ingresos con docente de educación básica secundaria. En mi tiempo libre disfruto cocina y reposteria y fotografia y video. Quiero comprar bicicleta.,amplia,dentro_del_mvp,nutricion_y_dietetica,22650,Nutricionistas dietistas,22650.014,Nutricionista dietista,principal,mixto,si,docencia_y_formacion,23300,Profesores de educación secundaria / Profesoras de educación secundaria,23300.001,Docente de educación básica secundaria,secundaria,estable,si,2,confirmado_si,cocina_y_reposteria,fotografia_y_video,comprar_bicicleta,6_meses,,,actividad_principal:nutricion_y_dietetica | actividad_secundaria:docencia_y_formacion | hobbies:cocina_y_reposteria | fotografia_y_video | meta:comprar_bicicleta | responsabilidad:ninguna_declarada | historia:situacion_critica,nutricion_y_dietetica | docencia_y_formacion | cocina_y_reposteria | fotografia_y_video | comprar_bicicleta,responsabilidades,situacion_critica,1559422,16113973,si,train,si,fincoah_mvp_co_v1.1,ced12c46fabcc4435b56f749495334fd8872ce2bf59dac379c9d5dcb5662e5c0
PERF_0113,1,2026-04-01,Colombia,COP,Trabajo como disc jockey. También genero ingresos con repartidor de domicilios.,parcial,dentro_del_mvp,musica_y_entretenimiento_dj,26521,Intérpretes musicales,26521.035,Disc jockey,principal,variable,si,domicilios_mensajeria_y_reparto,96211,"Mandaderos, maleteros y repartidores / Mandaderas, maleteras y repartidoras",96211.011,Repartidor de domicilios / Repartidora de domicilios,secundaria,variable,si,2,confirmado_si,manualidades_y_artesanias,impresion_3d,,,,,actividad_principal:musica_y_entretenimiento_dj | actividad_secundaria:domicilios_mensajeria_y_reparto | hobbies:manualidades_y_artesanias | impresion_3d | meta:crear_fondo_emergencia | responsabilidad:gastos_de_un_hijo | historia:acumulacion_estable,musica_y_entretenimiento_dj | domicilios_mensajeria_y_reparto,hobbies | meta | responsabilidades,acumulacion_estable,17245689,0,si,validation,si,fincoah_mvp_co_v1.1,6d22bcde8b4280af023f3bfba9eca1d93bc3e7b4964297576822e73ecdf93276
PERF_0114,1,2026-04-01,Colombia,COP,Trabajo como ciclista. También genero ingresos con nutricionista dietista. En mi tiempo libre disfruto musica. Quiero comprar equipo de trabajo. Tengo como responsabilidad aporte hogar compartido.,amplia,dentro_del_mvp,deporte_competitivo_ciclismo,34210,Atletas y deportistas,34210.007,Ciclista,principal,mixto,si,nutricion_y_dietetica,22650,Nutricionistas dietistas,22650.014,Nutricionista dietista,secundaria,mixto,si,2,confirmado_si,musica,,comprar_equipo_de_trabajo,6_a_12_meses,aporte_hogar_compartido,0,actividad_principal:deporte_competitivo_ciclismo | actividad_secundaria:nutricion_y_dietetica | hobbies:musica | meta:comprar_equipo_de_trabajo | responsabilidad:aporte_hogar_compartido | historia:equilibrio_sostenible,deporte_competitivo_ciclismo | nutricion_y_dietetica | musica | comprar_equipo_de_trabajo | aporte_hogar_compartido,otras_fuentes_no_declaradas,equilibrio_sostenible,2689020,0,si,train,si,fincoah_mvp_co_v1.1,ec47ca904f64561471d6a18f0ab6fb3871a457d0e0acaefe59ea5b1bd3862f51
PERF_0115,1,2026-04-01,Colombia,COP,Trabajo como repartidor de domicilios. En mi tiempo libre disfruto fotografia y video y manualidades y artesanias. Tengo como responsabilidad medicamentos de un familiar.,parcial,dentro_del_mvp,domicilios_mensajeria_y_reparto,96211,"Mandaderos, maleteros y repartidores / Mandaderas, maleteras y repartidoras",96211.011,Repartidor de domicilios / Repartidora de domicilios,principal,variable,si,docencia_y_formacion,23300,Profesores de educación secundaria / Profesoras de educación secundaria,23300.001,Docente de educación básica secundaria,secundaria,estable,no,2,confirmado_si,fotografia_y_video,manualidades_y_artesanias,,,medicamentos_de_un_familiar,1,actividad_principal:domicilios_mensajeria_y_reparto | actividad_secundaria:docencia_y_formacion | hobbies:fotografia_y_video | manualidades_y_artesanias | meta:mejorar_vivienda | responsabilidad:medicamentos_de_un_familiar | historia:variable_resiliente,domicilios_mensajeria_y_reparto | fotografia_y_video | manualidades_y_artesanias | medicamentos_de_un_familiar,segunda_actividad_economica | meta,variable_resiliente,2655600,0,si,train,si,fincoah_mvp_co_v1.1,b7954870f51748a542aa1f734a8345586413ef72118cba982839f3cb6362daf0
PERF_0116,1,2026-04-01,Colombia,COP,Trabajo como vendedor de tienda. En mi tiempo libre disfruto videojuegos y streaming. Quiero hacer certificacion profesional. Tengo como responsabilidad apoyo parcial a dos familiares.,parcial,dentro_del_mvp,ventas_al_por_menor,52230,"Vendedores y auxiliares de venta en tiendas, almacenes y afines / Vendedoras y auxiliares de venta en tiendas, almacenes y afines",52230.032,Vendedor de tienda / Vendedora de tienda,principal,mixto,si,musica_y_entretenimiento_dj,26521,Intérpretes musicales,26521.035,Disc jockey,secundaria,variable,no,2,confirmado_si,videojuegos_y_streaming,,hacer_certificacion_profesional,3_a_6_meses,apoyo_parcial_a_dos_familiares,2,actividad_principal:ventas_al_por_menor | actividad_secundaria:musica_y_entretenimiento_dj | hobbies:videojuegos_y_streaming | meta:hacer_certificacion_profesional | responsabilidad:apoyo_parcial_a_dos_familiares | historia:uso_planificado_reserva,ventas_al_por_menor | videojuegos_y_streaming | hacer_certificacion_profesional | apoyo_parcial_a_dos_familiares,segunda_actividad_economica,uso_planificado_reserva,13157027,3430566,si,train,si,fincoah_mvp_co_v1.1,21ef7d52d1a067a1f2712c524a76c34cb99dc75dbd55104b027a6bf4420c14a0
PERF_0117,1,2026-04-01,Colombia,COP,Trabajo como editor de video. También genero ingresos con barbero. En mi tiempo libre disfruto turismo y viajes.,parcial,dentro_del_mvp,diseno_audiovisual_y_edicion_de_video,26541,"Productores, directores y editores de cine, teatro y afines / Productoras, directoras y editoras de cine, teatro y afines",26541.060,Editor de video / Editora de video,principal,variable,si,peluqueria_y_barberia,51410,Peluqueros / Peluqueras,51410.001,Barbero / Barbera,secundaria,variable,si,2,confirmado_si,turismo_y_viajes,,,,,,actividad_principal:diseno_audiovisual_y_edicion_de_video | actividad_secundaria:peluqueria_y_barberia | hobbies:turismo_y_viajes | meta:hacer_viaje | responsabilidad:apoyo_parcial_a_dos_familiares | historia:deterioro_reciente,diseno_audiovisual_y_edicion_de_video | peluqueria_y_barberia | turismo_y_viajes,meta | responsabilidades,deterioro_reciente,6044612,0,si,train,si,fincoah_mvp_co_v1.1,47290259dccedb3bda923634d7e7f3d478a1ec08b20cfdff01b4e7f905ccf103
PERF_0118,1,2026-04-01,Colombia,COP,Trabajo como docente de educación básica secundaria. También genero ingresos con ciclista. En mi tiempo libre disfruto impresion 3d y videojuegos y streaming. Quiero mejorar vivienda.,amplia,dentro_del_mvp,docencia_y_formacion,23300,Profesores de educación secundaria / Profesoras de educación secundaria,23300.001,Docente de educación básica secundaria,principal,estable,si,deporte_competitivo_ciclismo,34210,Atletas y deportistas,34210.007,Ciclista,secundaria,mixto,si,2,confirmado_si,impresion_3d,videojuegos_y_streaming,mejorar_vivienda,12_meses,,,actividad_principal:docencia_y_formacion | actividad_secundaria:deporte_competitivo_ciclismo | hobbies:impresion_3d | videojuegos_y_streaming | meta:mejorar_vivienda | responsabilidad:gastos_de_un_hijo | historia:fragilidad_sostenida,docencia_y_formacion | deporte_competitivo_ciclismo | impresion_3d | videojuegos_y_streaming | mejorar_vivienda,responsabilidades,fragilidad_sostenida,1880140,24662556,si,train,si,fincoah_mvp_co_v1.1,09e3356e95f444470305040aa994762b60f4fba3888919ec303d819655360dfd
PERF_0119,1,2026-04-01,Colombia,COP,Trabajo como horticultor. También genero ingresos con editor de video. En mi tiempo libre disfruto jardineria y agricultura urbana y manualidades y artesanias. Quiero mejorar vivienda.,amplia,dentro_del_mvp,agricultura,61131,"Agricultores de huertas, invernaderos, viveros y jardines / Agricultoras de huertas, invernaderos, viveros y jardines",61131.017,Horticultor / Horticultora,principal,estacional,si,diseno_audiovisual_y_edicion_de_video,26541,"Productores, directores y editores de cine, teatro y afines / Productoras, directoras y editoras de cine, teatro y afines",26541.060,Editor de video / Editora de video,secundaria,variable,si,2,confirmado_si,jardineria_y_agricultura_urbana,manualidades_y_artesanias,mejorar_vivienda,12_meses,,,actividad_principal:agricultura | actividad_secundaria:diseno_audiovisual_y_edicion_de_video | hobbies:jardineria_y_agricultura_urbana | manualidades_y_artesanias | meta:mejorar_vivienda | responsabilidad:apoyo_mensual_madre_o_padre | historia:situacion_critica,agricultura | diseno_audiovisual_y_edicion_de_video | jardineria_y_agricultura_urbana | manualidades_y_artesanias | mejorar_vivienda,responsabilidades,situacion_critica,1588184,10577351,si,train,si,fincoah_mvp_co_v1.1,9780f5cba886a4c85333bc7528778da40a5fc4243bb0eb6407f162b312a5e650
PERF_0120,1,2026-04-01,Colombia,COP,Trabajo como barbero. En mi tiempo libre disfruto ciclismo y videojuegos y streaming. Tengo como responsabilidad gastos de un hijo.,parcial,dentro_del_mvp,peluqueria_y_barberia,51410,Peluqueros / Peluqueras,51410.001,Barbero / Barbera,principal,variable,si,,,,,,,,no_aplica,1,confirmado_si,ciclismo,videojuegos_y_streaming,,,gastos_de_un_hijo,1,actividad_principal:peluqueria_y_barberia | actividad_secundaria:ninguna | hobbies:ciclismo | videojuegos_y_streaming | meta:ampliar_actividad_economica | responsabilidad:gastos_de_un_hijo | historia:acumulacion_estable,peluqueria_y_barberia | ciclismo | videojuegos_y_streaming | gastos_de_un_hijo,meta,acumulacion_estable,14573466,11989558,si,train,si,fincoah_mvp_co_v1.1,1874a1795e22e4965af291533e0002577204d821820d760ef2941ea90d02321e
PERF_0121,1,2026-04-01,Colombia,COP,Trabajo como ingeniero de software. En mi tiempo libre disfruto pintura.,parcial,dentro_del_mvp,ingenieria_y_desarrollo_de_software,25120,Desarrolladores de software / Desarrolladoras de software,25120.031,Ingeniero de software / Ingeniera de software,principal,mixto,si,,,,,,,,no_aplica,1,confirmado_si,pintura,,,,,,actividad_principal:ingenieria_y_desarrollo_de_software | actividad_secundaria:ninguna | hobbies:pintura | meta:ampliar_actividad_economica | responsabilidad:apoyo_mensual_madre_o_padre | historia:equilibrio_sostenible,ingenieria_y_desarrollo_de_software | pintura,meta | responsabilidades,equilibrio_sostenible,3755265,4494403,si,train,si,fincoah_mvp_co_v1.1,7b62f33051bf54faa3e56b7775a642fcfe76efd1ad43a040d6d0a4e2ca18b8ad
PERF_0122,1,2026-04-01,Colombia,COP,Trabajo como nutricionista dietista. También genero ingresos con disc jockey. En mi tiempo libre disfruto cocina y reposteria. Quiero hacer certificacion profesional.,amplia,dentro_del_mvp,nutricion_y_dietetica,22650,Nutricionistas dietistas,22650.014,Nutricionista dietista,principal,mixto,si,musica_y_entretenimiento_dj,26521,Intérpretes musicales,26521.035,Disc jockey,secundaria,variable,si,2,confirmado_si,cocina_y_reposteria,,hacer_certificacion_profesional,3_a_6_meses,,,actividad_principal:nutricion_y_dietetica | actividad_secundaria:musica_y_entretenimiento_dj | hobbies:cocina_y_reposteria | meta:hacer_certificacion_profesional | responsabilidad:apoyo_mensual_madre_o_padre | historia:variable_resiliente,nutricion_y_dietetica | musica_y_entretenimiento_dj | cocina_y_reposteria | hacer_certificacion_profesional,responsabilidades,variable_resiliente,7872510,8088398,si,train,si,fincoah_mvp_co_v1.1,f3ae0b843f7d6585f27d0e39cd310bad9890cb1d3b9d3deafb7771714b1ccd9f
PERF_0123,1,2026-04-01,Colombia,COP,Trabajo como disc jockey. También genero ingresos con editor de video. Quiero hacer viaje.,parcial,dentro_del_mvp,musica_y_entretenimiento_dj,26521,Intérpretes musicales,26521.035,Disc jockey,principal,variable,si,diseno_audiovisual_y_edicion_de_video,26541,"Productores, directores y editores de cine, teatro y afines / Productoras, directoras y editoras de cine, teatro y afines",26541.060,Editor de video / Editora de video,secundaria,variable,si,2,confirmado_si,manualidades_y_artesanias,,hacer_viaje,6_a_12_meses,,,actividad_principal:musica_y_entretenimiento_dj | actividad_secundaria:diseno_audiovisual_y_edicion_de_video | hobbies:manualidades_y_artesanias | meta:hacer_viaje | responsabilidad:gastos_de_un_hijo | historia:uso_planificado_reserva,musica_y_entretenimiento_dj | diseno_audiovisual_y_edicion_de_video | hacer_viaje,hobbies | responsabilidades,uso_planificado_reserva,13398357,0,si,train,si,fincoah_mvp_co_v1.1,f3399f254e14561fdd0d7acc17003c483ba94f9ac2b90cbba68b7cf4aa467a1d
PERF_0124,1,2026-04-01,Colombia,COP,Trabajo como ciclista. En mi tiempo libre disfruto musica. Quiero comprar equipo de trabajo. Tengo como responsabilidad medicamentos de un familiar.,parcial,dentro_del_mvp,deporte_competitivo_ciclismo,34210,Atletas y deportistas,34210.007,Ciclista,principal,mixto,si,,,,,,,,no_aplica,1,confirmado_si,musica,,comprar_equipo_de_trabajo,6_a_12_meses,medicamentos_de_un_familiar,1,actividad_principal:deporte_competitivo_ciclismo | actividad_secundaria:ninguna | hobbies:musica | meta:comprar_equipo_de_trabajo | responsabilidad:medicamentos_de_un_familiar | historia:deterioro_reciente,deporte_competitivo_ciclismo | musica | comprar_equipo_de_trabajo | medicamentos_de_un_familiar,otras_fuentes_no_declaradas,deterioro_reciente,6534973,3409543,si,train,si,fincoah_mvp_co_v1.1,ce5f41bb7e008427e8dd9fba765136f154bf30710ca581aedaff973bfe13e291
PERF_0125,1,2026-04-01,Colombia,COP,Trabajo como repartidor de domicilios. En mi tiempo libre disfruto fotografia y video y manualidades y artesanias. Tengo como responsabilidad aporte hogar compartido.,parcial,dentro_del_mvp,domicilios_mensajeria_y_reparto,96211,"Mandaderos, maleteros y repartidores / Mandaderas, maleteras y repartidoras",96211.011,Repartidor de domicilios / Repartidora de domicilios,principal,variable,si,deporte_competitivo_ciclismo,34210,Atletas y deportistas,34210.007,Ciclista,secundaria,mixto,no,2,confirmado_si,fotografia_y_video,manualidades_y_artesanias,,,aporte_hogar_compartido,0,actividad_principal:domicilios_mensajeria_y_reparto | actividad_secundaria:deporte_competitivo_ciclismo | hobbies:fotografia_y_video | manualidades_y_artesanias | meta:hacer_viaje | responsabilidad:aporte_hogar_compartido | historia:fragilidad_sostenida,domicilios_mensajeria_y_reparto | fotografia_y_video | manualidades_y_artesanias | aporte_hogar_compartido,segunda_actividad_economica | meta,fragilidad_sostenida,412310,23497287,si,train,si,fincoah_mvp_co_v1.1,13537f28c1e53455d4392b5630da1a38a02e2e097bbe3656ad93d4e049fa25b8
PERF_0126,1,2026-04-01,Colombia,COP,Trabajo como vendedor de tienda. Tengo como responsabilidad medicamentos de un familiar.,parcial,dentro_del_mvp,ventas_al_por_menor,52230,"Vendedores y auxiliares de venta en tiendas, almacenes y afines / Vendedoras y auxiliares de venta en tiendas, almacenes y afines",52230.032,Vendedor de tienda / Vendedora de tienda,principal,mixto,si,peluqueria_y_barberia,51410,Peluqueros / Peluqueras,51410.001,Barbero / Barbera,secundaria,variable,no,2,confirmado_si,videojuegos_y_streaming,impresion_3d,,,medicamentos_de_un_familiar,1,actividad_principal:ventas_al_por_menor | actividad_secundaria:peluqueria_y_barberia | hobbies:videojuegos_y_streaming | impresion_3d | meta:hacer_certificacion_profesional | responsabilidad:medicamentos_de_un_familiar | historia:situacion_critica,ventas_al_por_menor | medicamentos_de_un_familiar,segunda_actividad_economica | hobbies | meta,situacion_critica,612968,22401436,si,train,si,fincoah_mvp_co_v1.1,91ec1a1822a66787bdfc2b461a4f9ce61bd67704ac6f03b63f939f40f2cdc494
PERF_0127,1,2026-04-01,Colombia,COP,Trabajo como editor de video. En mi tiempo libre disfruto turismo y viajes y impresion 3d. Quiero hacer certificacion profesional. Tengo como responsabilidad apoyo parcial a dos familiares.,parcial,dentro_del_mvp,diseno_audiovisual_y_edicion_de_video,26541,"Productores, directores y editores de cine, teatro y afines / Productoras, directoras y editoras de cine, teatro y afines",26541.060,Editor de video / Editora de video,principal,variable,si,,,,,,,,no_aplica,1,confirmado_si,turismo_y_viajes,impresion_3d,hacer_certificacion_profesional,3_a_6_meses,apoyo_parcial_a_dos_familiares,2,actividad_principal:diseno_audiovisual_y_edicion_de_video | actividad_secundaria:ninguna | hobbies:turismo_y_viajes | impresion_3d | meta:hacer_certificacion_profesional | responsabilidad:apoyo_parcial_a_dos_familiares | historia:acumulacion_estable,diseno_audiovisual_y_edicion_de_video | turismo_y_viajes | impresion_3d | hacer_certificacion_profesional | apoyo_parcial_a_dos_familiares,otras_fuentes_no_declaradas,acumulacion_estable,10680870,0,si,train,si,fincoah_mvp_co_v1.1,050e7e4d501976df6c0980e8e98b20422b7959a10e16d1d7524ebc2ec19fc233
PERF_0128,1,2026-04-01,Colombia,COP,Trabajo como docente de educación básica secundaria. En mi tiempo libre disfruto impresion 3d y cocina y reposteria.,parcial,dentro_del_mvp,docencia_y_formacion,23300,Profesores de educación secundaria / Profesoras de educación secundaria,23300.001,Docente de educación básica secundaria,principal,estable,si,ventas_al_por_menor,52230,"Vendedores y auxiliares de venta en tiendas, almacenes y afines / Vendedoras y auxiliares de venta en tiendas, almacenes y afines",52230.032,Vendedor de tienda / Vendedora de tienda,secundaria,mixto,no,2,confirmado_si,impresion_3d,cocina_y_reposteria,,,,,actividad_principal:docencia_y_formacion | actividad_secundaria:ventas_al_por_menor | hobbies:impresion_3d | cocina_y_reposteria | meta:comprar_bicicleta | responsabilidad:apoyo_mensual_madre_o_padre | historia:equilibrio_sostenible,docencia_y_formacion | impresion_3d | cocina_y_reposteria,segunda_actividad_economica | meta | responsabilidades,equilibrio_sostenible,16622110,9148664,si,train,si,fincoah_mvp_co_v1.1,dd8a4f8346ba96383945f374bda043926ed21957c63eb56f90cea4d5a9248828
PERF_0129,1,2026-04-01,Colombia,COP,Trabajo como horticultor. Quiero ampliar actividad economica.,parcial,dentro_del_mvp,agricultura,61131,"Agricultores de huertas, invernaderos, viveros y jardines / Agricultoras de huertas, invernaderos, viveros y jardines",61131.017,Horticultor / Horticultora,principal,estacional,si,,,,,,,,no_aplica,1,confirmado_si,jardineria_y_agricultura_urbana,,ampliar_actividad_economica,6_meses,,,actividad_principal:agricultura | actividad_secundaria:ninguna | hobbies:jardineria_y_agricultura_urbana | meta:ampliar_actividad_economica | responsabilidad:ninguna_declarada | historia:variable_resiliente,agricultura | ampliar_actividad_economica,hobbies | responsabilidades,variable_resiliente,9666158,6275912,si,train,si,fincoah_mvp_co_v1.1,f46d1d5229506fdf3d7359220f1bae4190483eb7f3f871c7c40b091f2f6e905f
PERF_0130,1,2026-04-01,Colombia,COP,Trabajo como barbero. Quiero mejorar vivienda.,parcial,dentro_del_mvp,peluqueria_y_barberia,51410,Peluqueros / Peluqueras,51410.001,Barbero / Barbera,principal,variable,si,,,,,,,,no_aplica,1,confirmado_si,ciclismo,pintura,mejorar_vivienda,12_meses,,,actividad_principal:peluqueria_y_barberia | actividad_secundaria:ninguna | hobbies:ciclismo | pintura | meta:mejorar_vivienda | responsabilidad:apoyo_parcial_a_dos_familiares | historia:uso_planificado_reserva,peluqueria_y_barberia | mejorar_vivienda,hobbies | responsabilidades,uso_planificado_reserva,16494349,7061417,si,train,si,fincoah_mvp_co_v1.1,32c0489390bff4c60601fd25233b9fd9c700ae268e40e1dad3998f8833e3b360
PERF_0131,1,2026-04-01,Colombia,COP,Trabajo como ingeniero de software. En mi tiempo libre disfruto pintura. Quiero crear fondo emergencia. Tengo como responsabilidad aporte hogar compartido.,parcial,dentro_del_mvp,ingenieria_y_desarrollo_de_software,25120,Desarrolladores de software / Desarrolladoras de software,25120.031,Ingeniero de software / Ingeniera de software,principal,mixto,si,agricultura,61131,"Agricultores de huertas, invernaderos, viveros y jardines / Agricultoras de huertas, invernaderos, viveros y jardines",61131.017,Horticultor / Horticultora,secundaria,estacional,no,2,confirmado_si,pintura,,crear_fondo_emergencia,6_meses,aporte_hogar_compartido,0,actividad_principal:ingenieria_y_desarrollo_de_software | actividad_secundaria:agricultura | hobbies:pintura | meta:crear_fondo_emergencia | responsabilidad:aporte_hogar_compartido | historia:deterioro_reciente,ingenieria_y_desarrollo_de_software | pintura | crear_fondo_emergencia | aporte_hogar_compartido,segunda_actividad_economica,deterioro_reciente,22112305,4058484,si,train,si,fincoah_mvp_co_v1.1,ae0fb700cd1a1a7a9cca2ce7605a0735883c84096d3391bb53ef07fbd7a76eb7
PERF_0132,1,2026-04-01,Colombia,COP,Trabajo como nutricionista dietista. En mi tiempo libre disfruto cocina y reposteria. Quiero pagar deuda. Tengo como responsabilidad aporte hogar compartido.,parcial,dentro_del_mvp,nutricion_y_dietetica,22650,Nutricionistas dietistas,22650.014,Nutricionista dietista,principal,mixto,si,,,,,,,,no_aplica,1,confirmado_si,cocina_y_reposteria,,pagar_deuda,3_a_12_meses,aporte_hogar_compartido,0,actividad_principal:nutricion_y_dietetica | actividad_secundaria:ninguna | hobbies:cocina_y_reposteria | meta:pagar_deuda | responsabilidad:aporte_hogar_compartido | historia:fragilidad_sostenida,nutricion_y_dietetica | cocina_y_reposteria | pagar_deuda | aporte_hogar_compartido,otras_fuentes_no_declaradas,fragilidad_sostenida,1441060,17329856,si,test,si,fincoah_mvp_co_v1.1,0fc6d043fee9585ab23bcbd98456a140ebf74af03c78466d4c54abbbdb4c06a9
PERF_0133,1,2026-04-01,Colombia,COP,Trabajo como disc jockey. También genero ingresos con barbero. En mi tiempo libre disfruto manualidades y artesanias. Tengo como responsabilidad ninguna declarada.,parcial,dentro_del_mvp,musica_y_entretenimiento_dj,26521,Intérpretes musicales,26521.035,Disc jockey,principal,variable,si,peluqueria_y_barberia,51410,Peluqueros / Peluqueras,51410.001,Barbero / Barbera,secundaria,variable,si,2,confirmado_si,manualidades_y_artesanias,,,,ninguna_declarada,0,actividad_principal:musica_y_entretenimiento_dj | actividad_secundaria:peluqueria_y_barberia | hobbies:manualidades_y_artesanias | meta:comprar_bicicleta | responsabilidad:ninguna_declarada | historia:situacion_critica,musica_y_entretenimiento_dj | peluqueria_y_barberia | manualidades_y_artesanias | ninguna_declarada,meta,situacion_critica,1818755,10798753,si,test,si,fincoah_mvp_co_v1.1,b17960a5a59022b9c0c71ec3df3361b0e85df7cc3047060fccc37fee346cfef8
PERF_0134,1,2026-04-01,Colombia,COP,Trabajo como ciclista. En mi tiempo libre disfruto musica y cocina y reposteria. Quiero comprar equipo de trabajo.,parcial,dentro_del_mvp,deporte_competitivo_ciclismo,34210,Atletas y deportistas,34210.007,Ciclista,principal,mixto,si,docencia_y_formacion,23300,Profesores de educación secundaria / Profesoras de educación secundaria,23300.001,Docente de educación básica secundaria,secundaria,estable,no,2,confirmado_si,musica,cocina_y_reposteria,comprar_equipo_de_trabajo,6_a_12_meses,,,actividad_principal:deporte_competitivo_ciclismo | actividad_secundaria:docencia_y_formacion | hobbies:musica | cocina_y_reposteria | meta:comprar_equipo_de_trabajo | responsabilidad:medicamentos_de_un_familiar | historia:acumulacion_estable,deporte_competitivo_ciclismo | musica | cocina_y_reposteria | comprar_equipo_de_trabajo,segunda_actividad_economica | responsabilidades,acumulacion_estable,1931547,0,si,train,si,fincoah_mvp_co_v1.1,484e8eeb1a164ca137e442a5431ac19e0bda320fafbb8215925e27a8503be52c
PERF_0135,1,2026-04-01,Colombia,COP,Trabajo como repartidor de domicilios. También genero ingresos con editor de video. Quiero pagar deuda. Tengo como responsabilidad apoyo mensual madre o padre.,parcial,dentro_del_mvp,domicilios_mensajeria_y_reparto,96211,"Mandaderos, maleteros y repartidores / Mandaderas, maleteras y repartidoras",96211.011,Repartidor de domicilios / Repartidora de domicilios,principal,variable,si,diseno_audiovisual_y_edicion_de_video,26541,"Productores, directores y editores de cine, teatro y afines / Productoras, directoras y editoras de cine, teatro y afines",26541.060,Editor de video / Editora de video,secundaria,variable,si,2,confirmado_si,fotografia_y_video,,pagar_deuda,3_a_12_meses,apoyo_mensual_madre_o_padre,1,actividad_principal:domicilios_mensajeria_y_reparto | actividad_secundaria:diseno_audiovisual_y_edicion_de_video | hobbies:fotografia_y_video | meta:pagar_deuda | responsabilidad:apoyo_mensual_madre_o_padre | historia:equilibrio_sostenible,domicilios_mensajeria_y_reparto | diseno_audiovisual_y_edicion_de_video | pagar_deuda | apoyo_mensual_madre_o_padre,hobbies,equilibrio_sostenible,6838931,0,si,train,si,fincoah_mvp_co_v1.1,73fe961f73015010b23c49420ff694ef0988dc482a5e959890edff1225f8526d
PERF_0136,1,2026-04-01,Colombia,COP,Trabajo como vendedor de tienda.,minima,dentro_del_mvp,ventas_al_por_menor,52230,"Vendedores y auxiliares de venta en tiendas, almacenes y afines / Vendedoras y auxiliares de venta en tiendas, almacenes y afines",52230.032,Vendedor de tienda / Vendedora de tienda,principal,mixto,si,,,,,,,,no_aplica,1,confirmado_si,videojuegos_y_streaming,turismo_y_viajes,,,,,actividad_principal:ventas_al_por_menor | actividad_secundaria:ninguna | hobbies:videojuegos_y_streaming | turismo_y_viajes | meta:comprar_bicicleta | responsabilidad:medicamentos_de_un_familiar | historia:variable_resiliente,ventas_al_por_menor,hobbies | meta | responsabilidades,variable_resiliente,4733757,9208815,si,train,si,fincoah_mvp_co_v1.1,b81d7e02ab3f9a0377294d08b02fcaa06d9a6e8f611b8e11c66bc3df00601507
PERF_0137,1,2026-04-01,Colombia,COP,Trabajo como editor de video. En mi tiempo libre disfruto turismo y viajes y fotografia y video.,parcial,dentro_del_mvp,diseno_audiovisual_y_edicion_de_video,26541,"Productores, directores y editores de cine, teatro y afines / Productoras, directoras y editoras de cine, teatro y afines",26541.060,Editor de video / Editora de video,principal,variable,si,,,,,,,,no_aplica,1,confirmado_si,turismo_y_viajes,fotografia_y_video,,,,,actividad_principal:diseno_audiovisual_y_edicion_de_video | actividad_secundaria:ninguna | hobbies:turismo_y_viajes | fotografia_y_video | meta:comprar_equipo_de_trabajo | responsabilidad:gastos_de_un_hijo | historia:uso_planificado_reserva,diseno_audiovisual_y_edicion_de_video | turismo_y_viajes | fotografia_y_video,meta | responsabilidades,uso_planificado_reserva,10441496,0,si,train,si,fincoah_mvp_co_v1.1,be7d483c2b59fefe552b9f1e06e56b54b1514546a0fcbfa1094779728c3a8363
PERF_0138,1,2026-04-01,Colombia,COP,Trabajo como docente de educación básica secundaria. También genero ingresos con ciclista. En mi tiempo libre disfruto impresion 3d y cocina y reposteria. Quiero comprar equipo de trabajo.,amplia,dentro_del_mvp,docencia_y_formacion,23300,Profesores de educación secundaria / Profesoras de educación secundaria,23300.001,Docente de educación básica secundaria,principal,estable,si,deporte_competitivo_ciclismo,34210,Atletas y deportistas,34210.007,Ciclista,secundaria,mixto,si,2,confirmado_si,impresion_3d,cocina_y_reposteria,comprar_equipo_de_trabajo,6_a_12_meses,,,actividad_principal:docencia_y_formacion | actividad_secundaria:deporte_competitivo_ciclismo | hobbies:impresion_3d | cocina_y_reposteria | meta:comprar_equipo_de_trabajo | responsabilidad:apoyo_parcial_a_dos_familiares | historia:deterioro_reciente,docencia_y_formacion | deporte_competitivo_ciclismo | impresion_3d | cocina_y_reposteria | comprar_equipo_de_trabajo,responsabilidades,deterioro_reciente,10917570,4271533,si,train,si,fincoah_mvp_co_v1.1,7b9dbfb95b6a518260f352358d9546e789fe3ad10184b376d2e1e95d02268216
PERF_0139,1,2026-04-01,Colombia,COP,Trabajo como horticultor. Tengo como responsabilidad gastos de un hijo.,parcial,dentro_del_mvp,agricultura,61131,"Agricultores de huertas, invernaderos, viveros y jardines / Agricultoras de huertas, invernaderos, viveros y jardines",61131.017,Horticultor / Horticultora,principal,estacional,si,,,,,,,,no_aplica,1,confirmado_si,jardineria_y_agricultura_urbana,,,,gastos_de_un_hijo,1,actividad_principal:agricultura | actividad_secundaria:ninguna | hobbies:jardineria_y_agricultura_urbana | meta:ampliar_actividad_economica | responsabilidad:gastos_de_un_hijo | historia:fragilidad_sostenida,agricultura | gastos_de_un_hijo,hobbies | meta,fragilidad_sostenida,579032,3139317,si,train,si,fincoah_mvp_co_v1.1,7375542e77e7ed767914736315d453922085e5f5a4a8336f38071ebc23c5f8e0
PERF_0140,1,2026-04-01,Colombia,COP,Trabajo como barbero. En mi tiempo libre disfruto ciclismo y manualidades y artesanias. Tengo como responsabilidad apoyo mensual madre o padre.,parcial,dentro_del_mvp,peluqueria_y_barberia,51410,Peluqueros / Peluqueras,51410.001,Barbero / Barbera,principal,variable,si,,,,,,,,no_aplica,1,confirmado_si,ciclismo,manualidades_y_artesanias,,,apoyo_mensual_madre_o_padre,1,actividad_principal:peluqueria_y_barberia | actividad_secundaria:ninguna | hobbies:ciclismo | manualidades_y_artesanias | meta:mejorar_vivienda | responsabilidad:apoyo_mensual_madre_o_padre | historia:situacion_critica,peluqueria_y_barberia | ciclismo | manualidades_y_artesanias | apoyo_mensual_madre_o_padre,meta,situacion_critica,171200,10194475,si,test,si,fincoah_mvp_co_v1.1,c46a129fcc7638e581ba1e39e5dc2a3cf94a4db0fc58a61778f92e4405ac9c45
PERF_0141,1,2026-04-01,Colombia,COP,Trabajo como ingeniero de software. También genero ingresos con nutricionista dietista. En mi tiempo libre disfruto pintura. Quiero pagar deuda.,amplia,dentro_del_mvp,ingenieria_y_desarrollo_de_software,25120,Desarrolladores de software / Desarrolladoras de software,25120.031,Ingeniero de software / Ingeniera de software,principal,mixto,si,nutricion_y_dietetica,22650,Nutricionistas dietistas,22650.014,Nutricionista dietista,secundaria,mixto,si,2,confirmado_si,pintura,,pagar_deuda,3_a_12_meses,,,actividad_principal:ingenieria_y_desarrollo_de_software | actividad_secundaria:nutricion_y_dietetica | hobbies:pintura | meta:pagar_deuda | responsabilidad:aporte_hogar_compartido | historia:acumulacion_estable,ingenieria_y_desarrollo_de_software | nutricion_y_dietetica | pintura | pagar_deuda,responsabilidades,acumulacion_estable,16591655,11888568,si,train,si,fincoah_mvp_co_v1.1,f88ed66ad915e3a9a4ba43c260275bc37d10f1c95e88d88dcd15eed7bd56065a
PERF_0142,1,2026-04-01,Colombia,COP,Trabajo como nutricionista dietista. Quiero hacer viaje. Tengo como responsabilidad apoyo mensual madre o padre.,parcial,dentro_del_mvp,nutricion_y_dietetica,22650,Nutricionistas dietistas,22650.014,Nutricionista dietista,principal,mixto,si,,,,,,,,no_aplica,1,confirmado_si,cocina_y_reposteria,,hacer_viaje,6_a_12_meses,apoyo_mensual_madre_o_padre,1,actividad_principal:nutricion_y_dietetica | actividad_secundaria:ninguna | hobbies:cocina_y_reposteria | meta:hacer_viaje | responsabilidad:apoyo_mensual_madre_o_padre | historia:equilibrio_sostenible,nutricion_y_dietetica | hacer_viaje | apoyo_mensual_madre_o_padre,hobbies,equilibrio_sostenible,9374467,0,si,train,si,fincoah_mvp_co_v1.1,e41a532e1558f47327c9fab535acf0b1fe58b8eadf929939696217e4d7f623bd
PERF_0143,1,2026-04-01,Colombia,COP,Trabajo como disc jockey. En mi tiempo libre disfruto manualidades y artesanias. Quiero comprar bicicleta.,parcial,dentro_del_mvp,musica_y_entretenimiento_dj,26521,Intérpretes musicales,26521.035,Disc jockey,principal,variable,si,,,,,,,,no_aplica,1,confirmado_si,manualidades_y_artesanias,,comprar_bicicleta,6_meses,,,actividad_principal:musica_y_entretenimiento_dj | actividad_secundaria:ninguna | hobbies:manualidades_y_artesanias | meta:comprar_bicicleta | responsabilidad:apoyo_mensual_madre_o_padre | historia:variable_resiliente,musica_y_entretenimiento_dj | manualidades_y_artesanias | comprar_bicicleta,responsabilidades,variable_resiliente,14139321,9766422,si,validation,si,fincoah_mvp_co_v1.1,b19b1eb75053ea948f95f51f5a2c98de9b17f1426d2e68513097cb10c3b293b7
PERF_0144,1,2026-04-01,Colombia,COP,Trabajo como ciclista. También genero ingresos con barbero. En mi tiempo libre disfruto musica. Quiero pagar deuda. Tengo como responsabilidad gastos de un hijo.,amplia,dentro_del_mvp,deporte_competitivo_ciclismo,34210,Atletas y deportistas,34210.007,Ciclista,principal,mixto,si,peluqueria_y_barberia,51410,Peluqueros / Peluqueras,51410.001,Barbero / Barbera,secundaria,variable,si,2,confirmado_si,musica,,pagar_deuda,3_a_12_meses,gastos_de_un_hijo,1,actividad_principal:deporte_competitivo_ciclismo | actividad_secundaria:peluqueria_y_barberia | hobbies:musica | meta:pagar_deuda | responsabilidad:gastos_de_un_hijo | historia:uso_planificado_reserva,deporte_competitivo_ciclismo | peluqueria_y_barberia | musica | pagar_deuda | gastos_de_un_hijo,otras_fuentes_no_declaradas,uso_planificado_reserva,8833944,0,si,train,si,fincoah_mvp_co_v1.1,527763b6f0460a93e3e44ae77537295dd031e81f65c14e2e24d4c2b90d252107
PERF_0145,1,2026-04-01,Colombia,COP,Trabajo como repartidor de domicilios. En mi tiempo libre disfruto fotografia y video y manualidades y artesanias. Quiero pagar deuda. Tengo como responsabilidad gastos de un hijo.,parcial,dentro_del_mvp,domicilios_mensajeria_y_reparto,96211,"Mandaderos, maleteros y repartidores / Mandaderas, maleteras y repartidoras",96211.011,Repartidor de domicilios / Repartidora de domicilios,principal,variable,si,,,,,,,,no_aplica,1,confirmado_si,fotografia_y_video,manualidades_y_artesanias,pagar_deuda,3_a_12_meses,gastos_de_un_hijo,1,actividad_principal:domicilios_mensajeria_y_reparto | actividad_secundaria:ninguna | hobbies:fotografia_y_video | manualidades_y_artesanias | meta:pagar_deuda | responsabilidad:gastos_de_un_hijo | historia:deterioro_reciente,domicilios_mensajeria_y_reparto | fotografia_y_video | manualidades_y_artesanias | pagar_deuda | gastos_de_un_hijo,otras_fuentes_no_declaradas,deterioro_reciente,1950755,0,si,test,si,fincoah_mvp_co_v1.1,48aadb099e2a2dac6736122cd771341be59048e147d3ede62b4704b8e80aeb1a
PERF_0146,1,2026-04-01,Colombia,COP,Trabajo como vendedor de tienda. Quiero comprar equipo de trabajo. Tengo como responsabilidad gastos de un hijo.,parcial,dentro_del_mvp,ventas_al_por_menor,52230,"Vendedores y auxiliares de venta en tiendas, almacenes y afines / Vendedoras y auxiliares de venta en tiendas, almacenes y afines",52230.032,Vendedor de tienda / Vendedora de tienda,principal,mixto,si,agricultura,61131,"Agricultores de huertas, invernaderos, viveros y jardines / Agricultoras de huertas, invernaderos, viveros y jardines",61131.017,Horticultor / Horticultora,secundaria,estacional,no,2,confirmado_si,videojuegos_y_streaming,pintura,comprar_equipo_de_trabajo,6_a_12_meses,gastos_de_un_hijo,1,actividad_principal:ventas_al_por_menor | actividad_secundaria:agricultura | hobbies:videojuegos_y_streaming | pintura | meta:comprar_equipo_de_trabajo | responsabilidad:gastos_de_un_hijo | historia:fragilidad_sostenida,ventas_al_por_menor | comprar_equipo_de_trabajo | gastos_de_un_hijo,segunda_actividad_economica | hobbies,fragilidad_sostenida,573765,14859858,si,train,si,fincoah_mvp_co_v1.1,e7e281e4abef490a616e4731598e6fe52f5655a32df94d13361d5895f12d3ca3
PERF_0147,1,2026-04-01,Colombia,COP,Trabajo como editor de video. En mi tiempo libre disfruto turismo y viajes. Tengo como responsabilidad ninguna declarada.,parcial,dentro_del_mvp,diseno_audiovisual_y_edicion_de_video,26541,"Productores, directores y editores de cine, teatro y afines / Productoras, directoras y editoras de cine, teatro y afines",26541.060,Editor de video / Editora de video,principal,variable,si,,,,,,,,no_aplica,1,confirmado_si,turismo_y_viajes,,,,ninguna_declarada,0,actividad_principal:diseno_audiovisual_y_edicion_de_video | actividad_secundaria:ninguna | hobbies:turismo_y_viajes | meta:crear_fondo_emergencia | responsabilidad:ninguna_declarada | historia:situacion_critica,diseno_audiovisual_y_edicion_de_video | turismo_y_viajes | ninguna_declarada,meta,situacion_critica,2192159,12579836,si,train,si,fincoah_mvp_co_v1.1,dce7f26b5a456812e55588df688a4214aafd07be117c7b212a01823d9f087677
PERF_0148,1,2026-04-01,Colombia,COP,Trabajo como docente de educación básica secundaria. Quiero mejorar vivienda. Tengo como responsabilidad apoyo parcial a dos familiares.,parcial,dentro_del_mvp,docencia_y_formacion,23300,Profesores de educación secundaria / Profesoras de educación secundaria,23300.001,Docente de educación básica secundaria,principal,estable,si,,,,,,,,no_aplica,1,confirmado_si,impresion_3d,,mejorar_vivienda,12_meses,apoyo_parcial_a_dos_familiares,2,actividad_principal:docencia_y_formacion | actividad_secundaria:ninguna | hobbies:impresion_3d | meta:mejorar_vivienda | responsabilidad:apoyo_parcial_a_dos_familiares | historia:acumulacion_estable,docencia_y_formacion | mejorar_vivienda | apoyo_parcial_a_dos_familiares,hobbies,acumulacion_estable,4319284,0,si,train,si,fincoah_mvp_co_v1.1,615cfa42fbb1689822a25fb98b7a4434fba113db57daea1947c18bf3f3ee4f83
PERF_0149,1,2026-04-01,Colombia,COP,Trabajo como horticultor. En mi tiempo libre disfruto jardineria y agricultura urbana y fotografia y video. Quiero comprar bicicleta.,parcial,dentro_del_mvp,agricultura,61131,"Agricultores de huertas, invernaderos, viveros y jardines / Agricultoras de huertas, invernaderos, viveros y jardines",61131.017,Horticultor / Horticultora,principal,estacional,si,,,,,,,,no_aplica,1,confirmado_si,jardineria_y_agricultura_urbana,fotografia_y_video,comprar_bicicleta,6_meses,,,actividad_principal:agricultura | actividad_secundaria:ninguna | hobbies:jardineria_y_agricultura_urbana | fotografia_y_video | meta:comprar_bicicleta | responsabilidad:apoyo_mensual_madre_o_padre | historia:equilibrio_sostenible,agricultura | jardineria_y_agricultura_urbana | fotografia_y_video | comprar_bicicleta,responsabilidades,equilibrio_sostenible,7128327,5182903,si,train,si,fincoah_mvp_co_v1.1,f73e3b0665713d7167b1cd3dae6d2c0c23ded6341467a2bec43f85d32ef1d0ac
PERF_0150,1,2026-04-01,Colombia,COP,Trabajo como barbero. En mi tiempo libre disfruto ciclismo. Tengo como responsabilidad gastos de un hijo.,parcial,dentro_del_mvp,peluqueria_y_barberia,51410,Peluqueros / Peluqueras,51410.001,Barbero / Barbera,principal,variable,si,,,,,,,,no_aplica,1,confirmado_si,ciclismo,,,,gastos_de_un_hijo,1,actividad_principal:peluqueria_y_barberia | actividad_secundaria:ninguna | hobbies:ciclismo | meta:hacer_certificacion_profesional | responsabilidad:gastos_de_un_hijo | historia:variable_resiliente,peluqueria_y_barberia | ciclismo | gastos_de_un_hijo,meta,variable_resiliente,2007940,7924293,si,train,si,fincoah_mvp_co_v1.1,cf02f1562aa18d64d27af5fa3be37562ed3e0198d2e303eea1c4345ec6bc725b
PERF_0151,1,2026-04-01,Colombia,COP,Trabajo como ingeniero de software. En mi tiempo libre disfruto pintura y videojuegos y streaming.,parcial,dentro_del_mvp,ingenieria_y_desarrollo_de_software,25120,Desarrolladores de software / Desarrolladoras de software,25120.031,Ingeniero de software / Ingeniera de software,principal,mixto,si,nutricion_y_dietetica,22650,Nutricionistas dietistas,22650.014,Nutricionista dietista,secundaria,mixto,no,2,confirmado_si,pintura,videojuegos_y_streaming,,,,,actividad_principal:ingenieria_y_desarrollo_de_software | actividad_secundaria:nutricion_y_dietetica | hobbies:pintura | videojuegos_y_streaming | meta:comprar_equipo_de_trabajo | responsabilidad:apoyo_parcial_a_dos_familiares | historia:uso_planificado_reserva,ingenieria_y_desarrollo_de_software | pintura | videojuegos_y_streaming,segunda_actividad_economica | meta | responsabilidades,uso_planificado_reserva,21473008,0,si,train,si,fincoah_mvp_co_v1.1,41c3b08ddb9f1c9139feed0cf77cbc9172da22f34488c72ff8de7a63d347fdaa
PERF_0152,1,2026-04-01,Colombia,COP,Trabajo como nutricionista dietista. También genero ingresos con docente de educación básica secundaria. En mi tiempo libre disfruto cocina y reposteria y impresion 3d. Quiero hacer viaje. Tengo como responsabilidad gastos de un hijo.,amplia,dentro_del_mvp,nutricion_y_dietetica,22650,Nutricionistas dietistas,22650.014,Nutricionista dietista,principal,mixto,si,docencia_y_formacion,23300,Profesores de educación secundaria / Profesoras de educación secundaria,23300.001,Docente de educación básica secundaria,secundaria,estable,si,2,confirmado_si,cocina_y_reposteria,impresion_3d,hacer_viaje,6_a_12_meses,gastos_de_un_hijo,1,actividad_principal:nutricion_y_dietetica | actividad_secundaria:docencia_y_formacion | hobbies:cocina_y_reposteria | impresion_3d | meta:hacer_viaje | responsabilidad:gastos_de_un_hijo | historia:deterioro_reciente,nutricion_y_dietetica | docencia_y_formacion | cocina_y_reposteria | impresion_3d | hacer_viaje | gastos_de_un_hijo,otras_fuentes_no_declaradas,deterioro_reciente,9999621,3100170,si,train,si,fincoah_mvp_co_v1.1,60be4e4093a5783053927ed03d0cf69c119469210a4ff69535cad8133abf088b
PERF_0153,1,2026-04-01,Colombia,COP,Trabajo como disc jockey. También genero ingresos con editor de video. Tengo como responsabilidad apoyo mensual madre o padre.,parcial,dentro_del_mvp,musica_y_entretenimiento_dj,26521,Intérpretes musicales,26521.035,Disc jockey,principal,variable,si,diseno_audiovisual_y_edicion_de_video,26541,"Productores, directores y editores de cine, teatro y afines / Productoras, directoras y editoras de cine, teatro y afines",26541.060,Editor de video / Editora de video,secundaria,variable,si,2,confirmado_si,manualidades_y_artesanias,pintura,,,apoyo_mensual_madre_o_padre,1,actividad_principal:musica_y_entretenimiento_dj | actividad_secundaria:diseno_audiovisual_y_edicion_de_video | hobbies:manualidades_y_artesanias | pintura | meta:comprar_equipo_de_trabajo | responsabilidad:apoyo_mensual_madre_o_padre | historia:fragilidad_sostenida,musica_y_entretenimiento_dj | diseno_audiovisual_y_edicion_de_video | apoyo_mensual_madre_o_padre,hobbies | meta,fragilidad_sostenida,676283,11732518,si,validation,si,fincoah_mvp_co_v1.1,9aae01ebdf846d61b74c4b129ee9c6d6d9a626ec32611b33de61ed4ce0bedfaf
PERF_0154,1,2026-04-01,Colombia,COP,Trabajo como ciclista. También genero ingresos con barbero. Quiero ampliar actividad economica.,parcial,dentro_del_mvp,deporte_competitivo_ciclismo,34210,Atletas y deportistas,34210.007,Ciclista,principal,mixto,si,peluqueria_y_barberia,51410,Peluqueros / Peluqueras,51410.001,Barbero / Barbera,secundaria,variable,si,2,confirmado_si,musica,cocina_y_reposteria,ampliar_actividad_economica,6_meses,,,actividad_principal:deporte_competitivo_ciclismo | actividad_secundaria:peluqueria_y_barberia | hobbies:musica | cocina_y_reposteria | meta:ampliar_actividad_economica | responsabilidad:gastos_de_un_hijo | historia:situacion_critica,deporte_competitivo_ciclismo | peluqueria_y_barberia | ampliar_actividad_economica,hobbies | responsabilidades,situacion_critica,1783725,33372333,si,train,si,fincoah_mvp_co_v1.1,291053bebc38a7194f1a2366fe63098b6bcd9a51922f25097d2cbcd455abd9dd
PERF_0155,1,2026-04-01,Colombia,COP,Trabajo como repartidor de domicilios. También genero ingresos con disc jockey.,parcial,dentro_del_mvp,domicilios_mensajeria_y_reparto,96211,"Mandaderos, maleteros y repartidores / Mandaderas, maleteras y repartidoras",96211.011,Repartidor de domicilios / Repartidora de domicilios,principal,variable,si,musica_y_entretenimiento_dj,26521,Intérpretes musicales,26521.035,Disc jockey,secundaria,variable,si,2,confirmado_si,fotografia_y_video,impresion_3d,,,,,actividad_principal:domicilios_mensajeria_y_reparto | actividad_secundaria:musica_y_entretenimiento_dj | hobbies:fotografia_y_video | impresion_3d | meta:ampliar_actividad_economica | responsabilidad:medicamentos_de_un_familiar | historia:acumulacion_estable,domicilios_mensajeria_y_reparto | musica_y_entretenimiento_dj,hobbies | meta | responsabilidades,acumulacion_estable,4555262,8977181,si,train,si,fincoah_mvp_co_v1.1,9d4bfb5fcc9319108aac44f2131457ba993173993c8fab25b07915024d6bab2a
PERF_0156,1,2026-04-01,Colombia,COP,Trabajo como vendedor de tienda. En mi tiempo libre disfruto videojuegos y streaming. Quiero crear fondo emergencia.,parcial,dentro_del_mvp,ventas_al_por_menor,52230,"Vendedores y auxiliares de venta en tiendas, almacenes y afines / Vendedoras y auxiliares de venta en tiendas, almacenes y afines",52230.032,Vendedor de tienda / Vendedora de tienda,principal,mixto,si,nutricion_y_dietetica,22650,Nutricionistas dietistas,22650.014,Nutricionista dietista,secundaria,mixto,no,2,confirmado_si,videojuegos_y_streaming,,crear_fondo_emergencia,6_meses,,,actividad_principal:ventas_al_por_menor | actividad_secundaria:nutricion_y_dietetica | hobbies:videojuegos_y_streaming | meta:crear_fondo_emergencia | responsabilidad:medicamentos_de_un_familiar | historia:equilibrio_sostenible,ventas_al_por_menor | videojuegos_y_streaming | crear_fondo_emergencia,segunda_actividad_economica | responsabilidades,equilibrio_sostenible,1750100,9256613,si,train,si,fincoah_mvp_co_v1.1,d00d80ebfaf6bde0cf8fdc71f9c643848cb818328ae224cd8d96d9d9ad4bad9e
PERF_0157,1,2026-04-01,Colombia,COP,Trabajo como editor de video. En mi tiempo libre disfruto turismo y viajes y pintura.,parcial,dentro_del_mvp,diseno_audiovisual_y_edicion_de_video,26541,"Productores, directores y editores de cine, teatro y afines / Productoras, directoras y editoras de cine, teatro y afines",26541.060,Editor de video / Editora de video,principal,variable,si,domicilios_mensajeria_y_reparto,96211,"Mandaderos, maleteros y repartidores / Mandaderas, maleteras y repartidoras",96211.011,Repartidor de domicilios / Repartidora de domicilios,secundaria,variable,no,2,confirmado_si,turismo_y_viajes,pintura,,,,,actividad_principal:diseno_audiovisual_y_edicion_de_video | actividad_secundaria:domicilios_mensajeria_y_reparto | hobbies:turismo_y_viajes | pintura | meta:comprar_bicicleta | responsabilidad:ninguna_declarada | historia:variable_resiliente,diseno_audiovisual_y_edicion_de_video | turismo_y_viajes | pintura,segunda_actividad_economica | meta | responsabilidades,variable_resiliente,11548496,7006001,si,train,si,fincoah_mvp_co_v1.1,e71b6cbaa9591d755011831908ded571ab8f03f94602b798a70f978c7ef453be
PERF_0158,1,2026-04-01,Colombia,COP,Trabajo como docente de educación básica secundaria.,minima,dentro_del_mvp,docencia_y_formacion,23300,Profesores de educación secundaria / Profesoras de educación secundaria,23300.001,Docente de educación básica secundaria,principal,estable,si,,,,,,,,no_aplica,1,confirmado_si,impresion_3d,videojuegos_y_streaming,,,,,actividad_principal:docencia_y_formacion | actividad_secundaria:ninguna | hobbies:impresion_3d | videojuegos_y_streaming | meta:comprar_equipo_de_trabajo | responsabilidad:medicamentos_de_un_familiar | historia:uso_planificado_reserva,docencia_y_formacion,hobbies | meta | responsabilidades,uso_planificado_reserva,14357617,12482533,si,train,si,fincoah_mvp_co_v1.1,6fd950bdc222fb38f61b664b2d7db2f31e96321099d3a0392344948f292066c6
PERF_0159,1,2026-04-01,Colombia,COP,Trabajo como horticultor. En mi tiempo libre disfruto jardineria y agricultura urbana y pintura. Quiero mejorar vivienda.,parcial,dentro_del_mvp,agricultura,61131,"Agricultores de huertas, invernaderos, viveros y jardines / Agricultoras de huertas, invernaderos, viveros y jardines",61131.017,Horticultor / Horticultora,principal,estacional,si,docencia_y_formacion,23300,Profesores de educación secundaria / Profesoras de educación secundaria,23300.001,Docente de educación básica secundaria,secundaria,estable,no,2,confirmado_si,jardineria_y_agricultura_urbana,pintura,mejorar_vivienda,12_meses,,,actividad_principal:agricultura | actividad_secundaria:docencia_y_formacion | hobbies:jardineria_y_agricultura_urbana | pintura | meta:mejorar_vivienda | responsabilidad:medicamentos_de_un_familiar | historia:deterioro_reciente,agricultura | jardineria_y_agricultura_urbana | pintura | mejorar_vivienda,segunda_actividad_economica | responsabilidades,deterioro_reciente,5488610,0,si,train,si,fincoah_mvp_co_v1.1,d589c06f73305dc2c9236387767f537a623142d59259e44ba969c8f9eafa0ad0
PERF_0160,1,2026-04-01,Colombia,COP,Trabajo como barbero. También genero ingresos con ingeniero de software. En mi tiempo libre disfruto ciclismo y turismo y viajes. Quiero mejorar vivienda. Tengo como responsabilidad aporte hogar compartido.,amplia,dentro_del_mvp,peluqueria_y_barberia,51410,Peluqueros / Peluqueras,51410.001,Barbero / Barbera,principal,variable,si,ingenieria_y_desarrollo_de_software,25120,Desarrolladores de software / Desarrolladoras de software,25120.031,Ingeniero de software / Ingeniera de software,secundaria,mixto,si,2,confirmado_si,ciclismo,turismo_y_viajes,mejorar_vivienda,12_meses,aporte_hogar_compartido,0,actividad_principal:peluqueria_y_barberia | actividad_secundaria:ingenieria_y_desarrollo_de_software | hobbies:ciclismo | turismo_y_viajes | meta:mejorar_vivienda | responsabilidad:aporte_hogar_compartido | historia:fragilidad_sostenida,peluqueria_y_barberia | ingenieria_y_desarrollo_de_software | ciclismo | turismo_y_viajes | mejorar_vivienda | aporte_hogar_compartido,otras_fuentes_no_declaradas,fragilidad_sostenida,891846,15223895,si,test,si,fincoah_mvp_co_v1.1,a76fbc3a25cc5a42edc148f14eeb27f85977551f76bff7f4fe0e4cb7f41410d5
PERF_0161,1,2026-04-01,Colombia,COP,Trabajo como ingeniero de software. En mi tiempo libre disfruto pintura. Quiero hacer certificacion profesional.,parcial,dentro_del_mvp,ingenieria_y_desarrollo_de_software,25120,Desarrolladores de software / Desarrolladoras de software,25120.031,Ingeniero de software / Ingeniera de software,principal,mixto,si,,,,,,,,no_aplica,1,confirmado_si,pintura,,hacer_certificacion_profesional,3_a_6_meses,,,actividad_principal:ingenieria_y_desarrollo_de_software | actividad_secundaria:ninguna | hobbies:pintura | meta:hacer_certificacion_profesional | responsabilidad:aporte_hogar_compartido | historia:situacion_critica,ingenieria_y_desarrollo_de_software | pintura | hacer_certificacion_profesional,responsabilidades,situacion_critica,1696174,8827064,si,train,si,fincoah_mvp_co_v1.1,8eac460460df9166b6788e67ee8fea61506df8c138cf90d0316e78c6f1fd6ebe
PERF_0162,1,2026-04-01,Colombia,COP,Trabajo como nutricionista dietista. Quiero ampliar actividad economica. Tengo como responsabilidad gastos de un hijo.,parcial,dentro_del_mvp,nutricion_y_dietetica,22650,Nutricionistas dietistas,22650.014,Nutricionista dietista,principal,mixto,si,domicilios_mensajeria_y_reparto,96211,"Mandaderos, maleteros y repartidores / Mandaderas, maleteras y repartidoras",96211.011,Repartidor de domicilios / Repartidora de domicilios,secundaria,variable,no,2,confirmado_si,cocina_y_reposteria,pintura,ampliar_actividad_economica,6_meses,gastos_de_un_hijo,1,actividad_principal:nutricion_y_dietetica | actividad_secundaria:domicilios_mensajeria_y_reparto | hobbies:cocina_y_reposteria | pintura | meta:ampliar_actividad_economica | responsabilidad:gastos_de_un_hijo | historia:acumulacion_estable,nutricion_y_dietetica | ampliar_actividad_economica | gastos_de_un_hijo,segunda_actividad_economica | hobbies,acumulacion_estable,3343337,8798054,si,validation,si,fincoah_mvp_co_v1.1,39e699c2bbd6d1109205fb4368cdd0536221131c8919f50e46c7ac7f96363bfa
PERF_0163,1,2026-04-01,Colombia,COP,Trabajo como disc jockey. En mi tiempo libre disfruto manualidades y artesanias y cocina y reposteria. Tengo como responsabilidad apoyo mensual madre o padre.,parcial,dentro_del_mvp,musica_y_entretenimiento_dj,26521,Intérpretes musicales,26521.035,Disc jockey,principal,variable,si,,,,,,,,no_aplica,1,confirmado_si,manualidades_y_artesanias,cocina_y_reposteria,,,apoyo_mensual_madre_o_padre,1,actividad_principal:musica_y_entretenimiento_dj | actividad_secundaria:ninguna | hobbies:manualidades_y_artesanias | cocina_y_reposteria | meta:crear_fondo_emergencia | responsabilidad:apoyo_mensual_madre_o_padre | historia:equilibrio_sostenible,musica_y_entretenimiento_dj | manualidades_y_artesanias | cocina_y_reposteria | apoyo_mensual_madre_o_padre,meta,equilibrio_sostenible,1014829,809471,si,test,si,fincoah_mvp_co_v1.1,214aab5b829928e4490180cb9680afe571699522e2bfb62dee0b26fc2fb61a2f
PERF_0164,1,2026-04-01,Colombia,COP,Trabajo como ciclista. En mi tiempo libre disfruto musica.,parcial,dentro_del_mvp,deporte_competitivo_ciclismo,34210,Atletas y deportistas,34210.007,Ciclista,principal,mixto,si,,,,,,,,no_aplica,1,confirmado_si,musica,,,,,,actividad_principal:deporte_competitivo_ciclismo | actividad_secundaria:ninguna | hobbies:musica | meta:crear_fondo_emergencia | responsabilidad:apoyo_mensual_madre_o_padre | historia:variable_resiliente,deporte_competitivo_ciclismo | musica,meta | responsabilidades,variable_resiliente,2012502,3897117,si,test,si,fincoah_mvp_co_v1.1,3c7b95a2c6172df9251857781aea06f800cdb85f04baf64e8fbab1095d3b95e7
PERF_0165,1,2026-04-01,Colombia,COP,Trabajo como repartidor de domicilios. En mi tiempo libre disfruto fotografia y video y musica. Quiero mejorar vivienda. Tengo como responsabilidad apoyo parcial a dos familiares.,parcial,dentro_del_mvp,domicilios_mensajeria_y_reparto,96211,"Mandaderos, maleteros y repartidores / Mandaderas, maleteras y repartidoras",96211.011,Repartidor de domicilios / Repartidora de domicilios,principal,variable,si,,,,,,,,no_aplica,1,confirmado_si,fotografia_y_video,musica,mejorar_vivienda,12_meses,apoyo_parcial_a_dos_familiares,2,actividad_principal:domicilios_mensajeria_y_reparto | actividad_secundaria:ninguna | hobbies:fotografia_y_video | musica | meta:mejorar_vivienda | responsabilidad:apoyo_parcial_a_dos_familiares | historia:uso_planificado_reserva,domicilios_mensajeria_y_reparto | fotografia_y_video | musica | mejorar_vivienda | apoyo_parcial_a_dos_familiares,otras_fuentes_no_declaradas,uso_planificado_reserva,15088421,9565093,si,train,si,fincoah_mvp_co_v1.1,581e900771db49c0a9ae1b7dcff90a8ee71e285b370ba5ee89bafcdf7d096bc3
PERF_0166,1,2026-04-01,Colombia,COP,Trabajo como vendedor de tienda. En mi tiempo libre disfruto videojuegos y streaming y jardineria y agricultura urbana. Tengo como responsabilidad aporte hogar compartido.,parcial,dentro_del_mvp,ventas_al_por_menor,52230,"Vendedores y auxiliares de venta en tiendas, almacenes y afines / Vendedoras y auxiliares de venta en tiendas, almacenes y afines",52230.032,Vendedor de tienda / Vendedora de tienda,principal,mixto,si,,,,,,,,no_aplica,1,confirmado_si,videojuegos_y_streaming,jardineria_y_agricultura_urbana,,,aporte_hogar_compartido,0,actividad_principal:ventas_al_por_menor | actividad_secundaria:ninguna | hobbies:videojuegos_y_streaming | jardineria_y_agricultura_urbana | meta:crear_fondo_emergencia | responsabilidad:aporte_hogar_compartido | historia:deterioro_reciente,ventas_al_por_menor | videojuegos_y_streaming | jardineria_y_agricultura_urbana | aporte_hogar_compartido,meta,deterioro_reciente,3229547,0,si,train,si,fincoah_mvp_co_v1.1,cbf953e3a920b60dc019017afddfcd85e9b5d951d66999f5bf957315fcfbdb17
PERF_0167,1,2026-04-01,Colombia,COP,Trabajo como editor de video. En mi tiempo libre disfruto turismo y viajes. Quiero comprar equipo de trabajo. Tengo como responsabilidad medicamentos de un familiar.,parcial,dentro_del_mvp,diseno_audiovisual_y_edicion_de_video,26541,"Productores, directores y editores de cine, teatro y afines / Productoras, directoras y editoras de cine, teatro y afines",26541.060,Editor de video / Editora de video,principal,variable,si,,,,,,,,no_aplica,1,confirmado_si,turismo_y_viajes,,comprar_equipo_de_trabajo,6_a_12_meses,medicamentos_de_un_familiar,1,actividad_principal:diseno_audiovisual_y_edicion_de_video | actividad_secundaria:ninguna | hobbies:turismo_y_viajes | meta:comprar_equipo_de_trabajo | responsabilidad:medicamentos_de_un_familiar | historia:fragilidad_sostenida,diseno_audiovisual_y_edicion_de_video | turismo_y_viajes | comprar_equipo_de_trabajo | medicamentos_de_un_familiar,otras_fuentes_no_declaradas,fragilidad_sostenida,807223,11976320,si,train,si,fincoah_mvp_co_v1.1,7975fd736bddf3d300e823557ce74cbcd35bd42c1345382aea8ba21246b5bbf6
PERF_0168,1,2026-04-01,Colombia,COP,Trabajo como docente de educación básica secundaria. En mi tiempo libre disfruto impresion 3d y musica. Quiero comprar bicicleta.,parcial,dentro_del_mvp,docencia_y_formacion,23300,Profesores de educación secundaria / Profesoras de educación secundaria,23300.001,Docente de educación básica secundaria,principal,estable,si,,,,,,,,no_aplica,1,confirmado_si,impresion_3d,musica,comprar_bicicleta,6_meses,,,actividad_principal:docencia_y_formacion | actividad_secundaria:ninguna | hobbies:impresion_3d | musica | meta:comprar_bicicleta | responsabilidad:apoyo_mensual_madre_o_padre | historia:situacion_critica,docencia_y_formacion | impresion_3d | musica | comprar_bicicleta,responsabilidades,situacion_critica,1248760,6630040,si,train,si,fincoah_mvp_co_v1.1,2b9f5bd91e08c48c19d9ab9f0d82dffa1f0c6f34e0497060563542aafb641490
PERF_0169,1,2026-04-01,Colombia,COP,Trabajo como horticultor. En mi tiempo libre disfruto jardineria y agricultura urbana y videojuegos y streaming. Quiero comprar bicicleta. Tengo como responsabilidad apoyo parcial a dos familiares.,parcial,dentro_del_mvp,agricultura,61131,"Agricultores de huertas, invernaderos, viveros y jardines / Agricultoras de huertas, invernaderos, viveros y jardines",61131.017,Horticultor / Horticultora,principal,estacional,si,,,,,,,,no_aplica,1,confirmado_si,jardineria_y_agricultura_urbana,videojuegos_y_streaming,comprar_bicicleta,6_meses,apoyo_parcial_a_dos_familiares,2,actividad_principal:agricultura | actividad_secundaria:ninguna | hobbies:jardineria_y_agricultura_urbana | videojuegos_y_streaming | meta:comprar_bicicleta | responsabilidad:apoyo_parcial_a_dos_familiares | historia:acumulacion_estable,agricultura | jardineria_y_agricultura_urbana | videojuegos_y_streaming | comprar_bicicleta | apoyo_parcial_a_dos_familiares,otras_fuentes_no_declaradas,acumulacion_estable,5065916,1028770,si,train,si,fincoah_mvp_co_v1.1,9f8c10730ed933b4982303625bf13ee3a9fbf91b74169319b646a1ac7d45814a
PERF_0170,1,2026-04-01,Colombia,COP,Trabajo como barbero. También genero ingresos con editor de video. En mi tiempo libre disfruto ciclismo y fotografia y video.,parcial,dentro_del_mvp,peluqueria_y_barberia,51410,Peluqueros / Peluqueras,51410.001,Barbero / Barbera,principal,variable,si,diseno_audiovisual_y_edicion_de_video,26541,"Productores, directores y editores de cine, teatro y afines / Productoras, directoras y editoras de cine, teatro y afines",26541.060,Editor de video / Editora de video,secundaria,variable,si,2,confirmado_si,ciclismo,fotografia_y_video,,,,,actividad_principal:peluqueria_y_barberia | actividad_secundaria:diseno_audiovisual_y_edicion_de_video | hobbies:ciclismo | fotografia_y_video | meta:crear_fondo_emergencia | responsabilidad:apoyo_parcial_a_dos_familiares | historia:equilibrio_sostenible,peluqueria_y_barberia | diseno_audiovisual_y_edicion_de_video | ciclismo | fotografia_y_video,meta | responsabilidades,equilibrio_sostenible,3271559,0,si,validation,si,fincoah_mvp_co_v1.1,650837fc5c713d25d3c221cc30c77e1afc6c93f5f8d280a1f99b3f3400b1b17c
PERF_0171,1,2026-04-01,Colombia,COP,Trabajo como ingeniero de software. En mi tiempo libre disfruto pintura. Tengo como responsabilidad apoyo parcial a dos familiares.,parcial,dentro_del_mvp,ingenieria_y_desarrollo_de_software,25120,Desarrolladores de software / Desarrolladoras de software,25120.031,Ingeniero de software / Ingeniera de software,principal,mixto,si,,,,,,,,no_aplica,1,confirmado_si,pintura,,,,apoyo_parcial_a_dos_familiares,2,actividad_principal:ingenieria_y_desarrollo_de_software | actividad_secundaria:ninguna | hobbies:pintura | meta:crear_fondo_emergencia | responsabilidad:apoyo_parcial_a_dos_familiares | historia:variable_resiliente,ingenieria_y_desarrollo_de_software | pintura | apoyo_parcial_a_dos_familiares,meta,variable_resiliente,3548499,0,si,test,si,fincoah_mvp_co_v1.1,c7387128576557ecc4b41a65ae68f40e4473376cf282f30df9f4cc4538eb84b0
PERF_0172,1,2026-04-01,Colombia,COP,Trabajo como nutricionista dietista. También genero ingresos con ciclista. En mi tiempo libre disfruto cocina y reposteria y videojuegos y streaming.,parcial,dentro_del_mvp,nutricion_y_dietetica,22650,Nutricionistas dietistas,22650.014,Nutricionista dietista,principal,mixto,si,deporte_competitivo_ciclismo,34210,Atletas y deportistas,34210.007,Ciclista,secundaria,mixto,si,2,confirmado_si,cocina_y_reposteria,videojuegos_y_streaming,,,,,actividad_principal:nutricion_y_dietetica | actividad_secundaria:deporte_competitivo_ciclismo | hobbies:cocina_y_reposteria | videojuegos_y_streaming | meta:hacer_certificacion_profesional | responsabilidad:ninguna_declarada | historia:uso_planificado_reserva,nutricion_y_dietetica | deporte_competitivo_ciclismo | cocina_y_reposteria | videojuegos_y_streaming,meta | responsabilidades,uso_planificado_reserva,20297008,0,si,train,si,fincoah_mvp_co_v1.1,529a45308a96ef884509a29ca286d61dbe3821456ce4a1592d898a35b4bcd025
PERF_0173,1,2026-04-01,Colombia,COP,Trabajo como disc jockey. En mi tiempo libre disfruto manualidades y artesanias y pintura. Quiero hacer certificacion profesional.,parcial,dentro_del_mvp,musica_y_entretenimiento_dj,26521,Intérpretes musicales,26521.035,Disc jockey,principal,variable,si,agricultura,61131,"Agricultores de huertas, invernaderos, viveros y jardines / Agricultoras de huertas, invernaderos, viveros y jardines",61131.017,Horticultor / Horticultora,secundaria,estacional,no,2,confirmado_si,manualidades_y_artesanias,pintura,hacer_certificacion_profesional,3_a_6_meses,,,actividad_principal:musica_y_entretenimiento_dj | actividad_secundaria:agricultura | hobbies:manualidades_y_artesanias | pintura | meta:hacer_certificacion_profesional | responsabilidad:medicamentos_de_un_familiar | historia:deterioro_reciente,musica_y_entretenimiento_dj | manualidades_y_artesanias | pintura | hacer_certificacion_profesional,segunda_actividad_economica | responsabilidades,deterioro_reciente,4950230,5746444,si,train,si,fincoah_mvp_co_v1.1,d075b84628b9158122383c88c9d4ac8c7b89ec94bb690ab4017f535cd9f12312
PERF_0174,1,2026-04-01,Colombia,COP,Trabajo como ciclista.,minima,dentro_del_mvp,deporte_competitivo_ciclismo,34210,Atletas y deportistas,34210.007,Ciclista,principal,mixto,si,musica_y_entretenimiento_dj,26521,Intérpretes musicales,26521.035,Disc jockey,secundaria,variable,no,2,confirmado_si,musica,,,,,,actividad_principal:deporte_competitivo_ciclismo | actividad_secundaria:musica_y_entretenimiento_dj | hobbies:musica | meta:pagar_deuda | responsabilidad:apoyo_parcial_a_dos_familiares | historia:fragilidad_sostenida,deporte_competitivo_ciclismo,segunda_actividad_economica | hobbies | meta | responsabilidades,fragilidad_sostenida,2915408,29626467,si,train,si,fincoah_mvp_co_v1.1,93edc517fcaa7522036d4ca105fdb7ea416ac62d64ee58cbb4609234d22022bc
PERF_0175,1,2026-04-01,Colombia,COP,Trabajo como repartidor de domicilios. En mi tiempo libre disfruto fotografia y video. Quiero hacer viaje. Tengo como responsabilidad apoyo parcial a dos familiares.,parcial,dentro_del_mvp,domicilios_mensajeria_y_reparto,96211,"Mandaderos, maleteros y repartidores / Mandaderas, maleteras y repartidoras",96211.011,Repartidor de domicilios / Repartidora de domicilios,principal,variable,si,,,,,,,,no_aplica,1,confirmado_si,fotografia_y_video,,hacer_viaje,6_a_12_meses,apoyo_parcial_a_dos_familiares,2,actividad_principal:domicilios_mensajeria_y_reparto | actividad_secundaria:ninguna | hobbies:fotografia_y_video | meta:hacer_viaje | responsabilidad:apoyo_parcial_a_dos_familiares | historia:situacion_critica,domicilios_mensajeria_y_reparto | fotografia_y_video | hacer_viaje | apoyo_parcial_a_dos_familiares,otras_fuentes_no_declaradas,situacion_critica,786875,9635935,si,validation,si,fincoah_mvp_co_v1.1,d73334c457251656f6c6a67481abe6f881b3806d561fd0315e5ed2b980aaf974
PERF_0176,1,2026-04-01,Colombia,COP,Trabajo como vendedor de tienda. También genero ingresos con ingeniero de software. En mi tiempo libre disfruto videojuegos y streaming. Quiero mejorar vivienda.,amplia,dentro_del_mvp,ventas_al_por_menor,52230,"Vendedores y auxiliares de venta en tiendas, almacenes y afines / Vendedoras y auxiliares de venta en tiendas, almacenes y afines",52230.032,Vendedor de tienda / Vendedora de tienda,principal,mixto,si,ingenieria_y_desarrollo_de_software,25120,Desarrolladores de software / Desarrolladoras de software,25120.031,Ingeniero de software / Ingeniera de software,secundaria,mixto,si,2,confirmado_si,videojuegos_y_streaming,,mejorar_vivienda,12_meses,,,actividad_principal:ventas_al_por_menor | actividad_secundaria:ingenieria_y_desarrollo_de_software | hobbies:videojuegos_y_streaming | meta:mejorar_vivienda | responsabilidad:aporte_hogar_compartido | historia:acumulacion_estable,ventas_al_por_menor | ingenieria_y_desarrollo_de_software | videojuegos_y_streaming | mejorar_vivienda,responsabilidades,acumulacion_estable,8445451,10695517,si,train,si,fincoah_mvp_co_v1.1,1ab4e187e2acc50abfeafb711756c3f4852b63af0dcc9859bcf93b4e46a39f79
PERF_0177,1,2026-04-01,Colombia,COP,Trabajo como editor de video. En mi tiempo libre disfruto turismo y viajes y jardineria y agricultura urbana. Quiero crear fondo emergencia. Tengo como responsabilidad ninguna declarada.,parcial,dentro_del_mvp,diseno_audiovisual_y_edicion_de_video,26541,"Productores, directores y editores de cine, teatro y afines / Productoras, directoras y editoras de cine, teatro y afines",26541.060,Editor de video / Editora de video,principal,variable,si,,,,,,,,no_aplica,1,confirmado_si,turismo_y_viajes,jardineria_y_agricultura_urbana,crear_fondo_emergencia,6_meses,ninguna_declarada,0,actividad_principal:diseno_audiovisual_y_edicion_de_video | actividad_secundaria:ninguna | hobbies:turismo_y_viajes | jardineria_y_agricultura_urbana | meta:crear_fondo_emergencia | responsabilidad:ninguna_declarada | historia:equilibrio_sostenible,diseno_audiovisual_y_edicion_de_video | turismo_y_viajes | jardineria_y_agricultura_urbana | crear_fondo_emergencia | ninguna_declarada,otras_fuentes_no_declaradas,equilibrio_sostenible,4263924,2918370,si,validation,si,fincoah_mvp_co_v1.1,6df2b6b3d79687154ffc75ebfe0a71b2e892d2209af7f0276233e2a1c665aa85
PERF_0178,1,2026-04-01,Colombia,COP,Trabajo como docente de educación básica secundaria. En mi tiempo libre disfruto impresion 3d. Tengo como responsabilidad aporte hogar compartido.,parcial,dentro_del_mvp,docencia_y_formacion,23300,Profesores de educación secundaria / Profesoras de educación secundaria,23300.001,Docente de educación básica secundaria,principal,estable,si,ingenieria_y_desarrollo_de_software,25120,Desarrolladores de software / Desarrolladoras de software,25120.031,Ingeniero de software / Ingeniera de software,secundaria,mixto,no,2,confirmado_si,impresion_3d,,,,aporte_hogar_compartido,0,actividad_principal:docencia_y_formacion | actividad_secundaria:ingenieria_y_desarrollo_de_software | hobbies:impresion_3d | meta:pagar_deuda | responsabilidad:aporte_hogar_compartido | historia:variable_resiliente,docencia_y_formacion | impresion_3d | aporte_hogar_compartido,segunda_actividad_economica | meta,variable_resiliente,3989327,6535887,si,validation,si,fincoah_mvp_co_v1.1,b8840bd29613cc3d5ed312b8bed0b1c43813caa53cbc32b38f28953c0ace14c4
PERF_0179,1,2026-04-01,Colombia,COP,Trabajo como horticultor. En mi tiempo libre disfruto jardineria y agricultura urbana. Quiero ampliar actividad economica. Tengo como responsabilidad apoyo mensual madre o padre.,parcial,dentro_del_mvp,agricultura,61131,"Agricultores de huertas, invernaderos, viveros y jardines / Agricultoras de huertas, invernaderos, viveros y jardines",61131.017,Horticultor / Horticultora,principal,estacional,si,,,,,,,,no_aplica,1,confirmado_si,jardineria_y_agricultura_urbana,,ampliar_actividad_economica,6_meses,apoyo_mensual_madre_o_padre,1,actividad_principal:agricultura | actividad_secundaria:ninguna | hobbies:jardineria_y_agricultura_urbana | meta:ampliar_actividad_economica | responsabilidad:apoyo_mensual_madre_o_padre | historia:uso_planificado_reserva,agricultura | jardineria_y_agricultura_urbana | ampliar_actividad_economica | apoyo_mensual_madre_o_padre,otras_fuentes_no_declaradas,uso_planificado_reserva,9278805,7412685,si,train,si,fincoah_mvp_co_v1.1,89709448f83d204ff6c103e481b80c667121a5a3f92568bcc5fd6a29cf05cd11
PERF_0180,1,2026-04-01,Colombia,COP,Trabajo como barbero. También genero ingresos con repartidor de domicilios. En mi tiempo libre disfruto ciclismo y pintura.,parcial,dentro_del_mvp,peluqueria_y_barberia,51410,Peluqueros / Peluqueras,51410.001,Barbero / Barbera,principal,variable,si,domicilios_mensajeria_y_reparto,96211,"Mandaderos, maleteros y repartidores / Mandaderas, maleteras y repartidoras",96211.011,Repartidor de domicilios / Repartidora de domicilios,secundaria,variable,si,2,confirmado_si,ciclismo,pintura,,,,,actividad_principal:peluqueria_y_barberia | actividad_secundaria:domicilios_mensajeria_y_reparto | hobbies:ciclismo | pintura | meta:pagar_deuda | responsabilidad:aporte_hogar_compartido | historia:deterioro_reciente,peluqueria_y_barberia | domicilios_mensajeria_y_reparto | ciclismo | pintura,meta | responsabilidades,deterioro_reciente,4585472,3006740,si,train,si,fincoah_mvp_co_v1.1,9b2b86305dea0fbea81adf93312ce4e97177fea75e44909e2a876c45f0054afc
PERF_0181,1,2026-04-01,Colombia,COP,Trabajo como ingeniero de software. En mi tiempo libre disfruto pintura y turismo y viajes. Quiero hacer viaje. Tengo como responsabilidad apoyo parcial a dos familiares.,parcial,dentro_del_mvp,ingenieria_y_desarrollo_de_software,25120,Desarrolladores de software / Desarrolladoras de software,25120.031,Ingeniero de software / Ingeniera de software,principal,mixto,si,,,,,,,,no_aplica,1,confirmado_si,pintura,turismo_y_viajes,hacer_viaje,6_a_12_meses,apoyo_parcial_a_dos_familiares,2,actividad_principal:ingenieria_y_desarrollo_de_software | actividad_secundaria:ninguna | hobbies:pintura | turismo_y_viajes | meta:hacer_viaje | responsabilidad:apoyo_parcial_a_dos_familiares | historia:fragilidad_sostenida,ingenieria_y_desarrollo_de_software | pintura | turismo_y_viajes | hacer_viaje | apoyo_parcial_a_dos_familiares,otras_fuentes_no_declaradas,fragilidad_sostenida,2639675,22436601,si,train,si,fincoah_mvp_co_v1.1,9e735d2cdf3ff8ec02659386c81eb077029969e26101b7cb59d703b292cf2e45
PERF_0182,1,2026-04-01,Colombia,COP,Trabajo como nutricionista dietista. También genero ingresos con editor de video. Quiero comprar equipo de trabajo.,parcial,dentro_del_mvp,nutricion_y_dietetica,22650,Nutricionistas dietistas,22650.014,Nutricionista dietista,principal,mixto,si,diseno_audiovisual_y_edicion_de_video,26541,"Productores, directores y editores de cine, teatro y afines / Productoras, directoras y editoras de cine, teatro y afines",26541.060,Editor de video / Editora de video,secundaria,variable,si,2,confirmado_si,cocina_y_reposteria,,comprar_equipo_de_trabajo,6_a_12_meses,,,actividad_principal:nutricion_y_dietetica | actividad_secundaria:diseno_audiovisual_y_edicion_de_video | hobbies:cocina_y_reposteria | meta:comprar_equipo_de_trabajo | responsabilidad:apoyo_mensual_madre_o_padre | historia:situacion_critica,nutricion_y_dietetica | diseno_audiovisual_y_edicion_de_video | comprar_equipo_de_trabajo,hobbies | responsabilidades,situacion_critica,724022,8909140,si,train,si,fincoah_mvp_co_v1.1,559daaf408fa1f9985b7bf89e18d1a30ab324a6c203155c5d644efaed0669405
PERF_0183,1,2026-04-01,Colombia,COP,Trabajo como disc jockey. También genero ingresos con horticultor. En mi tiempo libre disfruto manualidades y artesanias y turismo y viajes. Quiero crear fondo emergencia. Tengo como responsabilidad medicamentos de un familiar.,amplia,dentro_del_mvp,musica_y_entretenimiento_dj,26521,Intérpretes musicales,26521.035,Disc jockey,principal,variable,si,agricultura,61131,"Agricultores de huertas, invernaderos, viveros y jardines / Agricultoras de huertas, invernaderos, viveros y jardines",61131.017,Horticultor / Horticultora,secundaria,estacional,si,2,confirmado_si,manualidades_y_artesanias,turismo_y_viajes,crear_fondo_emergencia,6_meses,medicamentos_de_un_familiar,1,actividad_principal:musica_y_entretenimiento_dj | actividad_secundaria:agricultura | hobbies:manualidades_y_artesanias | turismo_y_viajes | meta:crear_fondo_emergencia | responsabilidad:medicamentos_de_un_familiar | historia:acumulacion_estable,musica_y_entretenimiento_dj | agricultura | manualidades_y_artesanias | turismo_y_viajes | crear_fondo_emergencia | medicamentos_de_un_familiar,otras_fuentes_no_declaradas,acumulacion_estable,7353611,0,si,train,si,fincoah_mvp_co_v1.1,5cfff34315bdf309e217ae12b39ae4dc3c3d4740fd186d917da5430f68c97ca2
PERF_0184,1,2026-04-01,Colombia,COP,Trabajo como ciclista. En mi tiempo libre disfruto musica. Quiero ampliar actividad economica. Tengo como responsabilidad gastos de un hijo.,parcial,dentro_del_mvp,deporte_competitivo_ciclismo,34210,Atletas y deportistas,34210.007,Ciclista,principal,mixto,si,,,,,,,,no_aplica,1,confirmado_si,musica,,ampliar_actividad_economica,6_meses,gastos_de_un_hijo,1,actividad_principal:deporte_competitivo_ciclismo | actividad_secundaria:ninguna | hobbies:musica | meta:ampliar_actividad_economica | responsabilidad:gastos_de_un_hijo | historia:equilibrio_sostenible,deporte_competitivo_ciclismo | musica | ampliar_actividad_economica | gastos_de_un_hijo,otras_fuentes_no_declaradas,equilibrio_sostenible,2396570,10861862,si,test,si,fincoah_mvp_co_v1.1,3e8ae761e4027b21a2dacfe50ece063dfa32af692d5453379f3122f356d16599
PERF_0185,1,2026-04-01,Colombia,COP,Trabajo como repartidor de domicilios. En mi tiempo libre disfruto fotografia y video y ciclismo. Quiero ampliar actividad economica. Tengo como responsabilidad medicamentos de un familiar.,parcial,dentro_del_mvp,domicilios_mensajeria_y_reparto,96211,"Mandaderos, maleteros y repartidores / Mandaderas, maleteras y repartidoras",96211.011,Repartidor de domicilios / Repartidora de domicilios,principal,variable,si,,,,,,,,no_aplica,1,confirmado_si,fotografia_y_video,ciclismo,ampliar_actividad_economica,6_meses,medicamentos_de_un_familiar,1,actividad_principal:domicilios_mensajeria_y_reparto | actividad_secundaria:ninguna | hobbies:fotografia_y_video | ciclismo | meta:ampliar_actividad_economica | responsabilidad:medicamentos_de_un_familiar | historia:variable_resiliente,domicilios_mensajeria_y_reparto | fotografia_y_video | ciclismo | ampliar_actividad_economica | medicamentos_de_un_familiar,otras_fuentes_no_declaradas,variable_resiliente,2726997,9349751,si,test,si,fincoah_mvp_co_v1.1,2be2562f092acf1f366b8a632d946d1cf11ae137b40114c5f958d99a87a18010
PERF_0186,1,2026-04-01,Colombia,COP,Trabajo como vendedor de tienda.,minima,dentro_del_mvp,ventas_al_por_menor,52230,"Vendedores y auxiliares de venta en tiendas, almacenes y afines / Vendedoras y auxiliares de venta en tiendas, almacenes y afines",52230.032,Vendedor de tienda / Vendedora de tienda,principal,mixto,si,,,,,,,,no_aplica,1,confirmado_si,videojuegos_y_streaming,,,,,,actividad_principal:ventas_al_por_menor | actividad_secundaria:ninguna | hobbies:videojuegos_y_streaming | meta:hacer_viaje | responsabilidad:ninguna_declarada | historia:uso_planificado_reserva,ventas_al_por_menor,hobbies | meta | responsabilidades,uso_planificado_reserva,21390420,1999584,si,test,si,fincoah_mvp_co_v1.1,3a0c807334aa5c1614825a4fa6ca333884c60a6b5fbc1b813412cfda26e7e0bb
PERF_0187,1,2026-04-01,Colombia,COP,Trabajo como editor de video. En mi tiempo libre disfruto turismo y viajes. Tengo como responsabilidad apoyo parcial a dos familiares.,parcial,dentro_del_mvp,diseno_audiovisual_y_edicion_de_video,26541,"Productores, directores y editores de cine, teatro y afines / Productoras, directoras y editoras de cine, teatro y afines",26541.060,Editor de video / Editora de video,principal,variable,si,deporte_competitivo_ciclismo,34210,Atletas y deportistas,34210.007,Ciclista,secundaria,mixto,no,2,confirmado_si,turismo_y_viajes,,,,apoyo_parcial_a_dos_familiares,2,actividad_principal:diseno_audiovisual_y_edicion_de_video | actividad_secundaria:deporte_competitivo_ciclismo | hobbies:turismo_y_viajes | meta:comprar_bicicleta | responsabilidad:apoyo_parcial_a_dos_familiares | historia:deterioro_reciente,diseno_audiovisual_y_edicion_de_video | turismo_y_viajes | apoyo_parcial_a_dos_familiares,segunda_actividad_economica | meta,deterioro_reciente,12634952,0,si,test,si,fincoah_mvp_co_v1.1,f23fe2be4d5e59a42db1b5c9ff1970232a2ae1ae99926c1a6bcac6f3217539a4
PERF_0188,1,2026-04-01,Colombia,COP,Trabajo como docente de educación básica secundaria. En mi tiempo libre disfruto impresion 3d y cocina y reposteria. Quiero mejorar vivienda.,parcial,dentro_del_mvp,docencia_y_formacion,23300,Profesores de educación secundaria / Profesoras de educación secundaria,23300.001,Docente de educación básica secundaria,principal,estable,si,,,,,,,,no_aplica,1,confirmado_si,impresion_3d,cocina_y_reposteria,mejorar_vivienda,12_meses,,,actividad_principal:docencia_y_formacion | actividad_secundaria:ninguna | hobbies:impresion_3d | cocina_y_reposteria | meta:mejorar_vivienda | responsabilidad:medicamentos_de_un_familiar | historia:fragilidad_sostenida,docencia_y_formacion | impresion_3d | cocina_y_reposteria | mejorar_vivienda,responsabilidades,fragilidad_sostenida,1374468,17152613,si,validation,si,fincoah_mvp_co_v1.1,036c71f32bec6a801c2f9315ad29ef2e628d0782ad5ca9814c3d16299cd32360
PERF_0189,1,2026-04-01,Colombia,COP,Trabajo como horticultor. En mi tiempo libre disfruto jardineria y agricultura urbana y cocina y reposteria. Quiero mejorar vivienda. Tengo como responsabilidad ninguna declarada.,parcial,dentro_del_mvp,agricultura,61131,"Agricultores de huertas, invernaderos, viveros y jardines / Agricultoras de huertas, invernaderos, viveros y jardines",61131.017,Horticultor / Horticultora,principal,estacional,si,,,,,,,,no_aplica,1,confirmado_si,jardineria_y_agricultura_urbana,cocina_y_reposteria,mejorar_vivienda,12_meses,ninguna_declarada,0,actividad_principal:agricultura | actividad_secundaria:ninguna | hobbies:jardineria_y_agricultura_urbana | cocina_y_reposteria | meta:mejorar_vivienda | responsabilidad:ninguna_declarada | historia:situacion_critica,agricultura | jardineria_y_agricultura_urbana | cocina_y_reposteria | mejorar_vivienda | ninguna_declarada,otras_fuentes_no_declaradas,situacion_critica,670062,13035604,si,validation,si,fincoah_mvp_co_v1.1,697619befebb14962f536fb03a2d7b217786724cc56f6be628c74dcc5ba1088e
PERF_0190,1,2026-04-01,Colombia,COP,Trabajo como barbero. En mi tiempo libre disfruto ciclismo y pintura. Quiero comprar equipo de trabajo. Tengo como responsabilidad aporte hogar compartido.,parcial,dentro_del_mvp,peluqueria_y_barberia,51410,Peluqueros / Peluqueras,51410.001,Barbero / Barbera,principal,variable,si,,,,,,,,no_aplica,1,confirmado_si,ciclismo,pintura,comprar_equipo_de_trabajo,6_a_12_meses,aporte_hogar_compartido,0,actividad_principal:peluqueria_y_barberia | actividad_secundaria:ninguna | hobbies:ciclismo | pintura | meta:comprar_equipo_de_trabajo | responsabilidad:aporte_hogar_compartido | historia:acumulacion_estable,peluqueria_y_barberia | ciclismo | pintura | comprar_equipo_de_trabajo | aporte_hogar_compartido,otras_fuentes_no_declaradas,acumulacion_estable,4246608,6835957,si,train,si,fincoah_mvp_co_v1.1,59a54f1a2a9fdd1c93ade425efcc16f821ed92fad5bc2f9dca67bca6dbecc175
PERF_0191,1,2026-04-01,Colombia,COP,Trabajo como ingeniero de software. En mi tiempo libre disfruto pintura y manualidades y artesanias.,parcial,dentro_del_mvp,ingenieria_y_desarrollo_de_software,25120,Desarrolladores de software / Desarrolladoras de software,25120.031,Ingeniero de software / Ingeniera de software,principal,mixto,si,,,,,,,,no_aplica,1,confirmado_si,pintura,manualidades_y_artesanias,,,,,actividad_principal:ingenieria_y_desarrollo_de_software | actividad_secundaria:ninguna | hobbies:pintura | manualidades_y_artesanias | meta:pagar_deuda | responsabilidad:medicamentos_de_un_familiar | historia:equilibrio_sostenible,ingenieria_y_desarrollo_de_software | pintura | manualidades_y_artesanias,meta | responsabilidades,equilibrio_sostenible,4069497,1796184,si,validation,si,fincoah_mvp_co_v1.1,7169f4626049ce1e339f8eeb2ca2cf3dd2ba758bea77309302481aa49fd604bc
PERF_0192,1,2026-04-01,Colombia,COP,Trabajo como nutricionista dietista. También genero ingresos con vendedor de tienda. En mi tiempo libre disfruto cocina y reposteria. Tengo como responsabilidad apoyo mensual madre o padre.,parcial,dentro_del_mvp,nutricion_y_dietetica,22650,Nutricionistas dietistas,22650.014,Nutricionista dietista,principal,mixto,si,ventas_al_por_menor,52230,"Vendedores y auxiliares de venta en tiendas, almacenes y afines / Vendedoras y auxiliares de venta en tiendas, almacenes y afines",52230.032,Vendedor de tienda / Vendedora de tienda,secundaria,mixto,si,2,confirmado_si,cocina_y_reposteria,,,,apoyo_mensual_madre_o_padre,1,actividad_principal:nutricion_y_dietetica | actividad_secundaria:ventas_al_por_menor | hobbies:cocina_y_reposteria | meta:comprar_equipo_de_trabajo | responsabilidad:apoyo_mensual_madre_o_padre | historia:variable_resiliente,nutricion_y_dietetica | ventas_al_por_menor | cocina_y_reposteria | apoyo_mensual_madre_o_padre,meta,variable_resiliente,13100343,11919121,si,train,si,fincoah_mvp_co_v1.1,22c488a1ea78a77cbe6e108d1fc2dff730747d8d5fea2e7e16b8c62c03d366dc
PERF_0193,1,2026-04-01,Colombia,COP,Trabajo como disc jockey. También genero ingresos con horticultor. En mi tiempo libre disfruto manualidades y artesanias y turismo y viajes.,parcial,dentro_del_mvp,musica_y_entretenimiento_dj,26521,Intérpretes musicales,26521.035,Disc jockey,principal,variable,si,agricultura,61131,"Agricultores de huertas, invernaderos, viveros y jardines / Agricultoras de huertas, invernaderos, viveros y jardines",61131.017,Horticultor / Horticultora,secundaria,estacional,si,2,confirmado_si,manualidades_y_artesanias,turismo_y_viajes,,,,,actividad_principal:musica_y_entretenimiento_dj | actividad_secundaria:agricultura | hobbies:manualidades_y_artesanias | turismo_y_viajes | meta:hacer_viaje | responsabilidad:apoyo_parcial_a_dos_familiares | historia:uso_planificado_reserva,musica_y_entretenimiento_dj | agricultura | manualidades_y_artesanias | turismo_y_viajes,meta | responsabilidades,uso_planificado_reserva,11409675,5373079,si,train,si,fincoah_mvp_co_v1.1,3ba7bd266ce066058859824240673a225c8bb003c74f9eb3ceba54410c09d028
PERF_0194,1,2026-04-01,Colombia,COP,Trabajo como ciclista. En mi tiempo libre disfruto musica y manualidades y artesanias. Quiero ampliar actividad economica. Tengo como responsabilidad gastos de un hijo.,parcial,dentro_del_mvp,deporte_competitivo_ciclismo,34210,Atletas y deportistas,34210.007,Ciclista,principal,mixto,si,,,,,,,,no_aplica,1,confirmado_si,musica,manualidades_y_artesanias,ampliar_actividad_economica,6_meses,gastos_de_un_hijo,1,actividad_principal:deporte_competitivo_ciclismo | actividad_secundaria:ninguna | hobbies:musica | manualidades_y_artesanias | meta:ampliar_actividad_economica | responsabilidad:gastos_de_un_hijo | historia:deterioro_reciente,deporte_competitivo_ciclismo | musica | manualidades_y_artesanias | ampliar_actividad_economica | gastos_de_un_hijo,otras_fuentes_no_declaradas,deterioro_reciente,3654389,6784325,si,validation,si,fincoah_mvp_co_v1.1,7521da407ff94b78b43d75c4a4104f713d85a5823ebc133b29622ba55cbfa348
PERF_0195,1,2026-04-01,Colombia,COP,Trabajo como repartidor de domicilios. En mi tiempo libre disfruto fotografia y video y impresion 3d. Tengo como responsabilidad apoyo mensual madre o padre.,parcial,dentro_del_mvp,domicilios_mensajeria_y_reparto,96211,"Mandaderos, maleteros y repartidores / Mandaderas, maleteras y repartidoras",96211.011,Repartidor de domicilios / Repartidora de domicilios,principal,variable,si,,,,,,,,no_aplica,1,confirmado_si,fotografia_y_video,impresion_3d,,,apoyo_mensual_madre_o_padre,1,actividad_principal:domicilios_mensajeria_y_reparto | actividad_secundaria:ninguna | hobbies:fotografia_y_video | impresion_3d | meta:comprar_equipo_de_trabajo | responsabilidad:apoyo_mensual_madre_o_padre | historia:fragilidad_sostenida,domicilios_mensajeria_y_reparto | fotografia_y_video | impresion_3d | apoyo_mensual_madre_o_padre,meta,fragilidad_sostenida,148716,11110135,si,validation,si,fincoah_mvp_co_v1.1,40638bf73d02024479974cceb913893d0cb8f9c4d70742893c59d21926339f9c
PERF_0196,1,2026-04-01,Colombia,COP,Trabajo como vendedor de tienda. En mi tiempo libre disfruto videojuegos y streaming.,parcial,dentro_del_mvp,ventas_al_por_menor,52230,"Vendedores y auxiliares de venta en tiendas, almacenes y afines / Vendedoras y auxiliares de venta en tiendas, almacenes y afines",52230.032,Vendedor de tienda / Vendedora de tienda,principal,mixto,si,,,,,,,,no_aplica,1,confirmado_si,videojuegos_y_streaming,,,,,,actividad_principal:ventas_al_por_menor | actividad_secundaria:ninguna | hobbies:videojuegos_y_streaming | meta:mejorar_vivienda | responsabilidad:apoyo_mensual_madre_o_padre | historia:situacion_critica,ventas_al_por_menor | videojuegos_y_streaming,meta | responsabilidades,situacion_critica,232889,16228171,si,validation,si,fincoah_mvp_co_v1.1,1c122cedfcc39abecd4c9f5e7340f9f738c124b669d45d4d3741790b7a013e11
PERF_0197,1,2026-04-01,Colombia,COP,Trabajo como editor de video. También genero ingresos con nutricionista dietista. En mi tiempo libre disfruto turismo y viajes. Quiero comprar equipo de trabajo. Tengo como responsabilidad ninguna declarada.,amplia,dentro_del_mvp,diseno_audiovisual_y_edicion_de_video,26541,"Productores, directores y editores de cine, teatro y afines / Productoras, directoras y editoras de cine, teatro y afines",26541.060,Editor de video / Editora de video,principal,variable,si,nutricion_y_dietetica,22650,Nutricionistas dietistas,22650.014,Nutricionista dietista,secundaria,mixto,si,2,confirmado_si,turismo_y_viajes,,comprar_equipo_de_trabajo,6_a_12_meses,ninguna_declarada,0,actividad_principal:diseno_audiovisual_y_edicion_de_video | actividad_secundaria:nutricion_y_dietetica | hobbies:turismo_y_viajes | meta:comprar_equipo_de_trabajo | responsabilidad:ninguna_declarada | historia:acumulacion_estable,diseno_audiovisual_y_edicion_de_video | nutricion_y_dietetica | turismo_y_viajes | comprar_equipo_de_trabajo | ninguna_declarada,otras_fuentes_no_declaradas,acumulacion_estable,15958779,11657711,si,validation,si,fincoah_mvp_co_v1.1,ee99cae9881f33775561e2ca1c3366f5ab6ae0d61b5c9a632eafd09708fa7649
PERF_0198,1,2026-04-01,Colombia,COP,Trabajo como docente de educación básica secundaria. Tengo como responsabilidad apoyo mensual madre o padre.,parcial,dentro_del_mvp,docencia_y_formacion,23300,Profesores de educación secundaria / Profesoras de educación secundaria,23300.001,Docente de educación básica secundaria,principal,estable,si,,,,,,,,no_aplica,1,confirmado_si,impresion_3d,turismo_y_viajes,,,apoyo_mensual_madre_o_padre,1,actividad_principal:docencia_y_formacion | actividad_secundaria:ninguna | hobbies:impresion_3d | turismo_y_viajes | meta:ampliar_actividad_economica | responsabilidad:apoyo_mensual_madre_o_padre | historia:equilibrio_sostenible,docencia_y_formacion | apoyo_mensual_madre_o_padre,hobbies | meta,equilibrio_sostenible,1955574,0,si,train,si,fincoah_mvp_co_v1.1,3243bff6b5501fb771fe1134b5fb34990c67b9398f7dca29dc49c99661d29fc2
PERF_0199,1,2026-04-01,Colombia,COP,Trabajo como horticultor. En mi tiempo libre disfruto jardineria y agricultura urbana y ciclismo. Quiero comprar bicicleta. Tengo como responsabilidad aporte hogar compartido.,parcial,dentro_del_mvp,agricultura,61131,"Agricultores de huertas, invernaderos, viveros y jardines / Agricultoras de huertas, invernaderos, viveros y jardines",61131.017,Horticultor / Horticultora,principal,estacional,si,docencia_y_formacion,23300,Profesores de educación secundaria / Profesoras de educación secundaria,23300.001,Docente de educación básica secundaria,secundaria,estable,no,2,confirmado_si,jardineria_y_agricultura_urbana,ciclismo,comprar_bicicleta,6_meses,aporte_hogar_compartido,0,actividad_principal:agricultura | actividad_secundaria:docencia_y_formacion | hobbies:jardineria_y_agricultura_urbana | ciclismo | meta:comprar_bicicleta | responsabilidad:aporte_hogar_compartido | historia:variable_resiliente,agricultura | jardineria_y_agricultura_urbana | ciclismo | comprar_bicicleta | aporte_hogar_compartido,segunda_actividad_economica,variable_resiliente,6824982,3122861,si,validation,si,fincoah_mvp_co_v1.1,231e9a2849e1bd814af8c8d0fcf87ba38a05694c579d604e5015305a20b6d35e
PERF_0200,1,2026-04-01,Colombia,COP,Trabajo como barbero. También genero ingresos con disc jockey. Quiero hacer viaje.,parcial,dentro_del_mvp,peluqueria_y_barberia,51410,Peluqueros / Peluqueras,51410.001,Barbero / Barbera,principal,variable,si,musica_y_entretenimiento_dj,26521,Intérpretes musicales,26521.035,Disc jockey,secundaria,variable,si,2,confirmado_si,ciclismo,,hacer_viaje,6_a_12_meses,,,actividad_principal:peluqueria_y_barberia | actividad_secundaria:musica_y_entretenimiento_dj | hobbies:ciclismo | meta:hacer_viaje | responsabilidad:gastos_de_un_hijo | historia:uso_planificado_reserva,peluqueria_y_barberia | musica_y_entretenimiento_dj | hacer_viaje,hobbies | responsabilidades,uso_planificado_reserva,11241419,0,si,train,si,fincoah_mvp_co_v1.1,7a9bb0d20f06aac9416c13a9a7ea73aaf30578a24f478642baa8cab3400cedd0
