ventana_id,perfil_id,estado_alcance_mvp,fecha_corte,periodo_desde,periodo_hasta,tipo_ventana,dias_observados,transacciones_observadas,porcentaje_transacciones_clasificables,ingresos_generados,apoyos_recibidos,prestamos_recibidos,devoluciones_y_reembolsos,otros_recursos_recibidos,gastos_totales,gastos_esenciales,gastos_hobbies,inversion_productiva,pagos_deuda,transferencias_propias,liquidez_inicial,liquidez_final,deuda_inicial,deuda_final,actividad_A,balance_operativo_B,presion_deficit_Q,caida_maxima_M,tiempo_sin_recuperar_U_dias,recuperacion_R,curvatura_K,variabilidad_ingresos_V,cobertura_esencial_L_meses,dependencia_externa_X,crecimiento_deuda_J,estado_trayectoria,estado_calculo,calidad_datos,nivel_incertidumbre,factores_positivos,factores_atencion,informacion_faltante,explicacion_periodo,fuente_etiqueta,particion,historia_financiera_controlada,es_sintetico,version_metodologia,version_esquema,huella_registro
VEN_0001_1,PERF_0001,dentro_del_mvp,2026-04-30,2026-04-01,2026-04-30,acumulada_30_dias,30,32,0.9375,5654000,0,0,0,0,3534000,2245000,177000,333000,135000,0,1662767,3782767,8031665,7934465,9188000,2120000,0.0,1947000,2,0.6667,110690.4762,0.0,1.685,0.0,-0.0121,acumulacion_estable,calculado,media,media,balance_operativo_no_negativo | cobertura_esencial_superior_a_un_mes | inversion_productiva_observada | hobbies_identificados_sin_asumir_que_deban_eliminarse,sin_factor_de_atencion_dominante,ninguna_relevante_para_el_periodo,"El periodo conserva balance favorable, liquidez creciente y cobertura suficiente. Evaluación entre 2026-04-01 y 2026-04-30; no describe permanentemente a la persona.",historia_controlada_y_metricas_observadas,train,acumulacion_estable,si,roadmap_14_mvp_cerrado_v1.1,fincoah_mvp_co_v1.1,0572cc37dee90daa35af4b59afb31041742ad8b419804448530da824a1f188a8
VEN_0001_2,PERF_0001,dentro_del_mvp,2026-05-31,2026-04-01,2026-05-31,acumulada_61_dias,61,64,0.9531,11781000,0,0,0,0,7068000,3832000,322000,1516000,389000,0,1662767,6375767,8031665,7751585,18849000,4713000,0.0,2846000,3,0.8,15766.6667,0.0401,3.3276,0.0,-0.0349,acumulacion_estable,calculado,alta,baja,balance_operativo_no_negativo | cobertura_esencial_superior_a_un_mes | recuperacion_consistente | inversion_productiva_observada | hobbies_identificados_sin_asumir_que_deban_eliminarse,sin_factor_de_atencion_dominante,destino_del_efectivo_fuera_del_banco,"El periodo conserva balance favorable, liquidez creciente y cobertura suficiente. Evaluación entre 2026-04-01 y 2026-05-31; no describe permanentemente a la persona.",historia_controlada_y_metricas_observadas,train,acumulacion_estable,si,roadmap_14_mvp_cerrado_v1.1,fincoah_mvp_co_v1.1,9f8843abe4e255a42fc224ceccf3673de78e7b30174cfd8116e47eabaccdc105
VEN_0001_3,PERF_0001,dentro_del_mvp,2026-06-30,2026-04-01,2026-06-30,acumulada_91_dias,91,96,0.9479,17578000,0,0,0,0,10602000,6284000,598000,1749000,662000,0,1662767,8638767,8031665,7555025,28180000,6976000,0.0,2846000,0,1.0,34622.2222,0.0338,4.1242,0.0,-0.0593,acumulacion_estable,calculado,alta,baja,balance_operativo_no_negativo | cobertura_esencial_superior_a_un_mes | recuperacion_consistente | inversion_productiva_observada | hobbies_identificados_sin_asumir_que_deban_eliminarse,sin_factor_de_atencion_dominante,destino_del_efectivo_fuera_del_banco,"El periodo conserva balance favorable, liquidez creciente y cobertura suficiente. Evaluación entre 2026-04-01 y 2026-06-30; no describe permanentemente a la persona.",historia_controlada_y_metricas_observadas,train,acumulacion_estable,si,roadmap_14_mvp_cerrado_v1.1,fincoah_mvp_co_v1.1,3d8fd89a6ccd1341d054a21356346f102a050e36ad7f267a77ecbd12bab6af33
VEN_0002_1,PERF_0002,dentro_del_mvp,2026-04-30,2026-04-01,2026-04-30,acumulada_30_dias,30,32,0.9688,3729000,0,0,0,0,3583000,2141000,116000,656000,0,0,10224606,10370606,3753786,3753786,7312000,146000,0.0,1580000,4,0.5,128223.8095,0.0,4.8438,0.0,0.0,equilibrio_sostenible,calculado,alta,baja,balance_operativo_no_negativo | cobertura_esencial_superior_a_un_mes | inversion_productiva_observada | hobbies_identificados_sin_asumir_que_deban_eliminarse,sin_factor_de_atencion_dominante,destino_del_efectivo_fuera_del_banco,El periodo permanece cerca del equilibrio y mantiene cubiertas las obligaciones observadas. Evaluación entre 2026-04-01 y 2026-04-30; no describe permanentemente a la persona.,historia_controlada_y_metricas_observadas,train,equilibrio_sostenible,si,roadmap_14_mvp_cerrado_v1.1,fincoah_mvp_co_v1.1,9a8bb974a94ae79bfa0905aade09b8fd9047aab3ebb2c6bea8c113fd1d6c2c61
VEN_0002_2,PERF_0002,dentro_del_mvp,2026-05-31,2026-04-01,2026-05-31,acumulada_61_dias,61,64,0.9844,7582000,0,0,0,0,7166000,3983000,348000,1410000,0,0,10224606,10640606,3753786,3753786,14748000,416000,0.0,1593000,15,0.75,40600.0,0.0164,5.343,0.0,0.0,equilibrio_sostenible,calculado,alta,baja,balance_operativo_no_negativo | cobertura_esencial_superior_a_un_mes | recuperacion_consistente | inversion_productiva_observada | hobbies_identificados_sin_asumir_que_deban_eliminarse,sin_factor_de_atencion_dominante,destino_del_efectivo_fuera_del_banco,El periodo permanece cerca del equilibrio y mantiene cubiertas las obligaciones observadas. Evaluación entre 2026-04-01 y 2026-05-31; no describe permanentemente a la persona.,historia_controlada_y_metricas_observadas,train,equilibrio_sostenible,si,roadmap_14_mvp_cerrado_v1.1,fincoah_mvp_co_v1.1,2dd8b1bf64488e1a6884c1070ce444f376e4ee7dbfbe47a2da44c54aa0f70017
VEN_0002_3,PERF_0002,dentro_del_mvp,2026-06-30,2026-04-01,2026-06-30,acumulada_91_dias,91,96,0.9896,11651000,0,0,0,0,10749000,5834000,603000,2273000,0,0,10224606,11126606,3753786,3753786,22400000,902000,0.0,2468000,45,0.8879,-69244.4444,0.0362,5.7216,0.0,0.0,equilibrio_sostenible,calculado,alta,baja,balance_operativo_no_negativo | cobertura_esencial_superior_a_un_mes | recuperacion_consistente | inversion_productiva_observada | hobbies_identificados_sin_asumir_que_deban_eliminarse,recuperacion_demora_mas_de_20_dias,destino_del_efectivo_fuera_del_banco,El periodo permanece cerca del equilibrio y mantiene cubiertas las obligaciones observadas. Evaluación entre 2026-04-01 y 2026-06-30; no describe permanentemente a la persona.,historia_controlada_y_metricas_observadas,train,equilibrio_sostenible,si,roadmap_14_mvp_cerrado_v1.1,fincoah_mvp_co_v1.1,7c1dc21070cf747e8838a2d6cf8922406996199187ba7dad4b62a958299efee8
VEN_0003_1,PERF_0003,dentro_del_mvp,2026-04-30,2026-04-01,2026-04-30,acumulada_30_dias,30,33,0.9697,6562000,0,0,0,0,5971000,4484000,366000,470000,177000,0,4102250,4693250,8758948,8631508,12533000,591000,0.0,2156000,2,0.6667,44838.0952,0.0,1.0467,0.0,-0.0145,equilibrio_sostenible,calculado,alta,baja,balance_operativo_no_negativo | cobertura_esencial_superior_a_un_mes | inversion_productiva_observada | hobbies_identificados_sin_asumir_que_deban_eliminarse,sin_factor_de_atencion_dominante,destino_del_efectivo_fuera_del_banco,El periodo permanece cerca del equilibrio y mantiene cubiertas las obligaciones observadas. Evaluación entre 2026-04-01 y 2026-04-30; no describe permanentemente a la persona.,historia_controlada_y_metricas_observadas,train,variable_resiliente,si,roadmap_14_mvp_cerrado_v1.1,fincoah_mvp_co_v1.1,c1d7f71ff5f15a04eb9cc3145bc0d24bf98b058a5229ba058221b0585648de0c
VEN_0003_2,PERF_0003,dentro_del_mvp,2026-05-31,2026-04-01,2026-05-31,acumulada_61_dias,61,66,0.9545,15807000,0,0,0,0,10144000,7222000,940000,915000,354000,0,4102250,9765250,8758948,8504068,25951000,5663000,0.0,2156000,6,0.9884,101100.0,0.1697,2.7043,0.0,-0.0291,variable_resiliente,calculado,alta,baja,balance_operativo_no_negativo | cobertura_esencial_superior_a_un_mes | recuperacion_consistente | inversion_productiva_observada | hobbies_identificados_sin_asumir_que_deban_eliminarse,sin_factor_de_atencion_dominante,destino_del_efectivo_fuera_del_banco,"Los ingresos fluctúan, pero el periodo muestra recuperación y cobertura sin convertir la variabilidad en riesgo. Evaluación entre 2026-04-01 y 2026-05-31; no describe permanentemente a la persona.",historia_controlada_y_metricas_observadas,train,variable_resiliente,si,roadmap_14_mvp_cerrado_v1.1,fincoah_mvp_co_v1.1,c8993a664f424448f2b41d110479cf79e126d7b7774131132632c9dcb294a94f
VEN_0003_3,PERF_0003,dentro_del_mvp,2026-06-30,2026-04-01,2026-06-30,acumulada_91_dias,91,99,0.9596,25478000,0,0,0,0,14317000,10051000,1394000,1383000,830000,0,4102250,15263250,8758948,8161348,39795000,11161000,0.0,2156000,0,1.0,53933.3333,0.162,4.5557,0.0,-0.0682,variable_resiliente,calculado,alta,baja,balance_operativo_no_negativo | cobertura_esencial_superior_a_un_mes | recuperacion_consistente | inversion_productiva_observada | hobbies_identificados_sin_asumir_que_deban_eliminarse,sin_factor_de_atencion_dominante,destino_del_efectivo_fuera_del_banco,"Los ingresos fluctúan, pero el periodo muestra recuperación y cobertura sin convertir la variabilidad en riesgo. Evaluación entre 2026-04-01 y 2026-06-30; no describe permanentemente a la persona.",historia_controlada_y_metricas_observadas,train,variable_resiliente,si,roadmap_14_mvp_cerrado_v1.1,fincoah_mvp_co_v1.1,6536b77f84b0a381bd6bc3e271e5b866bf865d9c826c31b937a4da6d49bca76f
VEN_0004_1,PERF_0004,dentro_del_mvp,2026-04-30,2026-04-01,2026-04-30,acumulada_30_dias,30,33,1.0000,10975000,0,0,0,0,5860000,3912000,270000,1212000,193000,0,22524685,27639685,17967899,17828939,16835000,5115000,0.0,2863000,0,1.0,128047.619,0.0,7.0654,0.0,-0.0077,acumulacion_estable,calculado,alta,baja,balance_operativo_no_negativo | cobertura_esencial_superior_a_un_mes | recuperacion_consistente | inversion_productiva_observada | hobbies_identificados_sin_asumir_que_deban_eliminarse,sin_factor_de_atencion_dominante,ninguna_relevante_para_el_periodo,"El periodo conserva balance favorable, liquidez creciente y cobertura suficiente. Evaluación entre 2026-04-01 y 2026-04-30; no describe permanentemente a la persona.",historia_controlada_y_metricas_observadas,train,uso_planificado_reserva,si,roadmap_14_mvp_cerrado_v1.1,fincoah_mvp_co_v1.1,bc6bfccd5b44c6aa4f61baee0df931f68f1463db38abddad46195c2811868b27
VEN_0004_2,PERF_0004,dentro_del_mvp,2026-05-31,2026-04-01,2026-05-31,acumulada_61_dias,61,66,0.9848,16757000,0,0,0,0,21270000,13750000,1628000,3049000,1605000,0,22524685,18011685,17967899,16812299,38027000,-4513000,0.0,12469000,29,0.807,-550500.0,0.3099,2.6199,0.0,-0.0643,uso_planificado_reserva,calculado,alta,baja,cobertura_esencial_superior_a_un_mes | recuperacion_consistente | inversion_productiva_observada | hobbies_identificados_sin_asumir_que_deban_eliminarse,balance_operativo_negativo | recuperacion_demora_mas_de_20_dias,ninguna_relevante_para_el_periodo,El balance negativo se explica por una salida alineada con una meta y existe reserva para absorberla. Evaluación entre 2026-04-01 y 2026-05-31; no describe permanentemente a la persona.,historia_controlada_y_metricas_observadas,train,uso_planificado_reserva,si,roadmap_14_mvp_cerrado_v1.1,fincoah_mvp_co_v1.1,90fcb1237eadd111d61a5a6d5a882bfdbee2910ba3793eefa278d5fd80c2aee0
VEN_0004_3,PERF_0004,dentro_del_mvp,2026-06-30,2026-04-01,2026-06-30,acumulada_91_dias,91,98,0.9796,23686000,0,0,0,0,36680000,23199000,3682000,3709000,2582000,0,22524685,9530685,17967899,16108859,60366000,-12994000,0.0,18109000,59,0.75,-69955.5556,0.2821,1.2325,0.0,-0.1035,uso_planificado_reserva,calculado,alta,baja,cobertura_esencial_superior_a_un_mes | recuperacion_consistente | inversion_productiva_observada | hobbies_identificados_sin_asumir_que_deban_eliminarse,balance_operativo_negativo | recuperacion_demora_mas_de_20_dias,destino_del_efectivo_fuera_del_banco,El balance negativo se explica por una salida alineada con una meta y existe reserva para absorberla. Evaluación entre 2026-04-01 y 2026-06-30; no describe permanentemente a la persona.,historia_controlada_y_metricas_observadas,train,uso_planificado_reserva,si,roadmap_14_mvp_cerrado_v1.1,fincoah_mvp_co_v1.1,3ba08441be9a3c5fcda73eb74cbe29331ede3282e270aedd2724717d6527af7f
VEN_0005_1,PERF_0005,dentro_del_mvp,2026-04-30,2026-04-01,2026-04-30,acumulada_30_dias,30,30,0.9667,3221000,0,0,0,0,3175000,2060000,266000,643000,184000,0,6806139,6852139,4450913,4318433,6396000,46000,0.0,1884000,19,0.5687,-141947.619,0.0,3.3263,0.0,-0.0298,equilibrio_sostenible,calculado,alta,baja,balance_operativo_no_negativo | cobertura_esencial_superior_a_un_mes | inversion_productiva_observada | hobbies_identificados_sin_asumir_que_deban_eliminarse,sin_factor_de_atencion_dominante,ninguna_relevante_para_el_periodo,El periodo permanece cerca del equilibrio y mantiene cubiertas las obligaciones observadas. Evaluación entre 2026-04-01 y 2026-04-30; no describe permanentemente a la persona.,historia_controlada_y_metricas_observadas,train,deterioro_reciente,si,roadmap_14_mvp_cerrado_v1.1,fincoah_mvp_co_v1.1,8ed154efe9af5d7290ee2361c78dcdd0935d81c427206782b5904e5cf5365443
VEN_0005_2,PERF_0005,dentro_del_mvp,2026-05-31,2026-04-01,2026-05-31,acumulada_61_dias,61,60,0.9667,6833000,0,0,0,0,6350000,4283000,266000,1116000,355000,0,6806139,7289139,4450913,4195313,13183000,483000,0.0,1927000,50,0.6917,-44466.6667,0.0572,3.4038,0.0,-0.0574,equilibrio_sostenible,calculado,alta,baja,balance_operativo_no_negativo | cobertura_esencial_superior_a_un_mes | inversion_productiva_observada | hobbies_identificados_sin_asumir_que_deban_eliminarse,recuperacion_demora_mas_de_20_dias,destino_del_efectivo_fuera_del_banco,El periodo permanece cerca del equilibrio y mantiene cubiertas las obligaciones observadas. Evaluación entre 2026-04-01 y 2026-05-31; no describe permanentemente a la persona.,historia_controlada_y_metricas_observadas,train,deterioro_reciente,si,roadmap_14_mvp_cerrado_v1.1,fincoah_mvp_co_v1.1,b57fa5e7e8678c9e95c978ca27de25b926321c04cd98e8228f72099a4dc565b9
VEN_0005_3,PERF_0005,dentro_del_mvp,2026-06-30,2026-04-01,2026-06-30,acumulada_91_dias,91,90,0.9667,9176000,0,0,120000,0,10962000,7277000,651000,1587000,355000,0,6806139,5140139,4450913,4195313,20258000,-1786000,0.0,4036000,80,0.5717,-52111.1111,0.1735,2.1191,0.0,-0.0574,deterioro_reciente,calculado,alta,baja,cobertura_esencial_superior_a_un_mes | inversion_productiva_observada | hobbies_identificados_sin_asumir_que_deban_eliminarse,balance_operativo_negativo | recuperacion_demora_mas_de_20_dias,destino_del_efectivo_fuera_del_banco,El cierre reciente empeora frente al inicio del periodo y la recuperación es parcial. Evaluación entre 2026-04-01 y 2026-06-30; no describe permanentemente a la persona.,historia_controlada_y_metricas_observadas,train,deterioro_reciente,si,roadmap_14_mvp_cerrado_v1.1,fincoah_mvp_co_v1.1,1452057f2af4b734e3a5d25905771b146e14b0cfd4bc664dbaabd45a725d09de
VEN_0006_1,PERF_0006,dentro_del_mvp,2026-04-30,2026-04-01,2026-04-30,acumulada_30_dias,30,34,1.0000,5268000,0,0,0,0,7996000,4111000,709000,1955000,281000,0,1430442,-1297558,13237229,13034909,13264000,-2728000,10.6562,5280000,29,0.4833,366776.1905,0.0,0.0,0.0,-0.0153,deterioro_reciente,calculado,alta,baja,inversion_productiva_observada | hobbies_identificados_sin_asumir_que_deban_eliminarse,balance_operativo_negativo | cobertura_esencial_reducida | recuperacion_demora_mas_de_20_dias,ninguna_relevante_para_el_periodo,El cierre reciente empeora frente al inicio del periodo y la recuperación es parcial. Evaluación entre 2026-04-01 y 2026-04-30; no describe permanentemente a la persona.,historia_controlada_y_metricas_observadas,train,fragilidad_sostenida,si,roadmap_14_mvp_cerrado_v1.1,fincoah_mvp_co_v1.1,7936f1015eaa56b5f045f94c316622ea6203cb23d62b4cb2f269013e90ba3af9
VEN_0006_2,PERF_0006,dentro_del_mvp,2026-05-31,2026-04-01,2026-05-31,acumulada_61_dias,61,67,0.9851,8936000,0,680000,0,0,18202000,10582000,1233000,2742000,1318000,0,1430442,-7155558,13237229,12968269,27818000,-9266000,26.7576,9370000,60,0.0111,31933.3333,0.1791,0.0,0.0707,-0.0203,fragilidad_sostenida,calculado,alta,baja,inversion_productiva_observada | hobbies_identificados_sin_asumir_que_deban_eliminarse,balance_operativo_negativo | cobertura_esencial_reducida | recuperacion_demora_mas_de_20_dias,ninguna_relevante_para_el_periodo,"El déficit persiste, la cobertura se reduce y la deuda gana peso durante el periodo. Evaluación entre 2026-04-01 y 2026-05-31; no describe permanentemente a la persona.",historia_controlada_y_metricas_observadas,train,fragilidad_sostenida,si,roadmap_14_mvp_cerrado_v1.1,fincoah_mvp_co_v1.1,091afe11425cc8314230a34a02a0cb7cfde0f80bf9041e02e9dc3ec44e8a333d
VEN_0006_3,PERF_0006,dentro_del_mvp,2026-06-30,2026-04-01,2026-06-30,acumulada_91_dias,91,100,0.9900,13024000,0,1360000,0,0,28408000,18928000,2054000,2742000,1956000,0,1430442,-12593558,13237229,13188909,42792000,-15384000,44.4178,15384000,90,0.0,58266.6667,0.156,0.0,0.0945,-0.0037,fragilidad_sostenida,calculado,alta,baja,inversion_productiva_observada | hobbies_identificados_sin_asumir_que_deban_eliminarse,balance_operativo_negativo | cobertura_esencial_reducida | recuperacion_demora_mas_de_20_dias,ninguna_relevante_para_el_periodo,"El déficit persiste, la cobertura se reduce y la deuda gana peso durante el periodo. Evaluación entre 2026-04-01 y 2026-06-30; no describe permanentemente a la persona.",historia_controlada_y_metricas_observadas,train,fragilidad_sostenida,si,roadmap_14_mvp_cerrado_v1.1,fincoah_mvp_co_v1.1,a9edd02e344fd1dac821592ad5e7b0dd747fb955170daa61e4996345b7a3d7d0
VEN_0007_1,PERF_0007,dentro_del_mvp,2026-04-30,2026-04-01,2026-04-30,acumulada_30_dias,30,32,1.0000,3760000,0,674000,0,0,10116000,5020000,719000,2810000,562000,0,1539316,-4142684,9167711,9437071,14550000,-6356000,12.5678,7077000,28,0.0,18061.9048,0.0,0.0,0.152,0.0294,fragilidad_sostenida,calculado,alta,baja,inversion_productiva_observada | hobbies_identificados_sin_asumir_que_deban_eliminarse,balance_operativo_negativo | cobertura_esencial_reducida | recuperacion_demora_mas_de_20_dias,ninguna_relevante_para_el_periodo,"El déficit persiste, la cobertura se reduce y la deuda gana peso durante el periodo. Evaluación entre 2026-04-01 y 2026-04-30; no describe permanentemente a la persona.",historia_controlada_y_metricas_observadas,train,situacion_critica,si,roadmap_14_mvp_cerrado_v1.1,fincoah_mvp_co_v1.1,6a55a7f3540088cc88ac2dc053afe7c4ec92d12d8dba739085c7de341148cdeb
VEN_0007_2,PERF_0007,dentro_del_mvp,2026-05-31,2026-04-01,2026-05-31,acumulada_61_dias,61,63,0.9841,6491000,0,1910000,0,0,22891000,13087000,1239000,3689000,2167000,0,1539316,-12950684,9167711,9517471,31292000,-16400000,60.9365,17744000,59,0.0351,-110133.3333,0.1585,0.0,0.2274,0.0382,situacion_critica,calculado,alta,baja,inversion_productiva_observada | hobbies_identificados_sin_asumir_que_deban_eliminarse,balance_operativo_negativo | cobertura_esencial_reducida | recuperacion_demora_mas_de_20_dias,destino_del_efectivo_fuera_del_banco,La liquidez resulta insuficiente frente a necesidades esenciales y la posición negativa persiste. Evaluación entre 2026-04-01 y 2026-05-31; no describe permanentemente a la persona.,historia_controlada_y_metricas_observadas,train,situacion_critica,si,roadmap_14_mvp_cerrado_v1.1,fincoah_mvp_co_v1.1,89dc958c4635b3fad7f0f9dca512e251bd3a9a30f497e3127852ddd4c0bf8044
VEN_0007_3,PERF_0007,dentro_del_mvp,2026-06-30,2026-04-01,2026-06-30,acumulada_91_dias,91,94,0.9894,9110000,0,3146000,0,0,35666000,22230000,2006000,6132000,2751000,0,1539316,-21870684,9167711,10332991,47922000,-26556000,109.6402,27489000,89,0.0077,-15333.3333,0.1691,0.0,0.2567,0.1271,situacion_critica,calculado,alta,baja,inversion_productiva_observada | hobbies_identificados_sin_asumir_que_deban_eliminarse,balance_operativo_negativo | cobertura_esencial_reducida | deuda_creciente | recuperacion_demora_mas_de_20_dias,destino_del_efectivo_fuera_del_banco,La liquidez resulta insuficiente frente a necesidades esenciales y la posición negativa persiste. Evaluación entre 2026-04-01 y 2026-06-30; no describe permanentemente a la persona.,historia_controlada_y_metricas_observadas,train,situacion_critica,si,roadmap_14_mvp_cerrado_v1.1,fincoah_mvp_co_v1.1,d0ac07e4881da97b5874420072bbbd75b30cfee6da7fc5d015fc77941272dc9f
VEN_0008_1,PERF_0008,dentro_del_mvp,2026-04-30,2026-04-01,2026-04-30,acumulada_30_dias,30,30,1.0000,7607000,0,0,0,0,4256000,2933000,169000,609000,404000,0,12785018,16136018,3190706,2899826,11863000,3351000,0.0,2462000,0,1.0,517204.7619,0.0,5.5015,0.0,-0.0912,acumulacion_estable,calculado,alta,baja,balance_operativo_no_negativo | cobertura_esencial_superior_a_un_mes | recuperacion_consistente | inversion_productiva_observada | hobbies_identificados_sin_asumir_que_deban_eliminarse,sin_factor_de_atencion_dominante,ninguna_relevante_para_el_periodo,"El periodo conserva balance favorable, liquidez creciente y cobertura suficiente. Evaluación entre 2026-04-01 y 2026-04-30; no describe permanentemente a la persona.",historia_controlada_y_metricas_observadas,train,acumulacion_estable,si,roadmap_14_mvp_cerrado_v1.1,fincoah_mvp_co_v1.1,5b50dc508b1c6d1cb8c2ac999d9628ae8cea2e03218c008ee38b8db00bf04cff
VEN_0008_2,PERF_0008,dentro_del_mvp,2026-05-31,2026-04-01,2026-05-31,acumulada_61_dias,61,60,0.9833,14114000,0,0,0,0,8512000,5746000,428000,609000,803000,0,12785018,18387018,3190706,2612546,22626000,5602000,0.0,3450000,2,0.75,-30933.3333,0.0779,6.3999,0.0,-0.1812,acumulacion_estable,calculado,alta,baja,balance_operativo_no_negativo | cobertura_esencial_superior_a_un_mes | recuperacion_consistente | inversion_productiva_observada | hobbies_identificados_sin_asumir_que_deban_eliminarse,sin_factor_de_atencion_dominante,ninguna_relevante_para_el_periodo,"El periodo conserva balance favorable, liquidez creciente y cobertura suficiente. Evaluación entre 2026-04-01 y 2026-05-31; no describe permanentemente a la persona.",historia_controlada_y_metricas_observadas,train,acumulacion_estable,si,roadmap_14_mvp_cerrado_v1.1,fincoah_mvp_co_v1.1,c6e8b3dfd2c0b03fc795506643bbd848aba725267f5b1b78f8c987e7ffdc3770
VEN_0008_3,PERF_0008,dentro_del_mvp,2026-06-30,2026-04-01,2026-06-30,acumulada_91_dias,91,90,0.9778,21574000,0,0,30000,0,12768000,8499000,952000,1145000,932000,0,12785018,21621018,3190706,2519666,34372000,8806000,0.0,3450000,0,1.0,159111.1111,0.0678,7.6318,0.0,-0.2103,acumulacion_estable,calculado,alta,baja,balance_operativo_no_negativo | cobertura_esencial_superior_a_un_mes | recuperacion_consistente | inversion_productiva_observada | hobbies_identificados_sin_asumir_que_deban_eliminarse,sin_factor_de_atencion_dominante,destino_del_efectivo_fuera_del_banco,"El periodo conserva balance favorable, liquidez creciente y cobertura suficiente. Evaluación entre 2026-04-01 y 2026-06-30; no describe permanentemente a la persona.",historia_controlada_y_metricas_observadas,train,acumulacion_estable,si,roadmap_14_mvp_cerrado_v1.1,fincoah_mvp_co_v1.1,4c9edc833a093ac54f1e832322452ddfe6e7339b16c769d552e6bc584ca7404d
VEN_0009_1,PERF_0009,dentro_del_mvp,2026-04-30,2026-04-01,2026-04-30,acumulada_30_dias,30,33,1.0000,4015000,0,0,0,0,3942000,2348000,247000,722000,442000,0,4075186,4148186,6129906,5811666,7957000,73000,0.0,1641000,5,0.6667,-45619.0476,0.0,1.7667,0.0,-0.0519,equilibrio_sostenible,calculado,alta,baja,balance_operativo_no_negativo | cobertura_esencial_superior_a_un_mes | inversion_productiva_observada | hobbies_identificados_sin_asumir_que_deban_eliminarse,sin_factor_de_atencion_dominante,ninguna_relevante_para_el_periodo,El periodo permanece cerca del equilibrio y mantiene cubiertas las obligaciones observadas. Evaluación entre 2026-04-01 y 2026-04-30; no describe permanentemente a la persona.,historia_controlada_y_metricas_observadas,train,equilibrio_sostenible,si,roadmap_14_mvp_cerrado_v1.1,fincoah_mvp_co_v1.1,c6b3e1d7e28bf86ab705946e6cc2979604ce04fd2902f48e6d42b0d44d6b6ecc
VEN_0009_2,PERF_0009,dentro_del_mvp,2026-05-31,2026-04-01,2026-05-31,acumulada_61_dias,61,65,0.9538,8199000,0,0,0,0,7884000,4100000,733000,1438000,559000,0,4075186,4390186,6129906,5727426,16083000,315000,0.0,2265000,29,0.8757,33.3333,0.0206,2.1416,0.0,-0.0657,equilibrio_sostenible,calculado,alta,baja,balance_operativo_no_negativo | cobertura_esencial_superior_a_un_mes | recuperacion_consistente | inversion_productiva_observada | hobbies_identificados_sin_asumir_que_deban_eliminarse,recuperacion_demora_mas_de_20_dias,destino_del_efectivo_fuera_del_banco,El periodo permanece cerca del equilibrio y mantiene cubiertas las obligaciones observadas. Evaluación entre 2026-04-01 y 2026-05-31; no describe permanentemente a la persona.,historia_controlada_y_metricas_observadas,train,equilibrio_sostenible,si,roadmap_14_mvp_cerrado_v1.1,fincoah_mvp_co_v1.1,207477de03d9b81e5c076f3602cccb7b5eec4f75cfe8661fb571794f01808004
VEN_0009_3,PERF_0009,dentro_del_mvp,2026-06-30,2026-04-01,2026-06-30,acumulada_91_dias,91,97,0.9691,12695000,0,0,0,0,11826000,6561000,1041000,2113000,559000,0,4075186,4944186,6129906,5727426,24521000,869000,0.0,2265000,15,0.8333,1755.5556,0.0471,2.2607,0.0,-0.0657,equilibrio_sostenible,calculado,alta,baja,balance_operativo_no_negativo | cobertura_esencial_superior_a_un_mes | recuperacion_consistente | inversion_productiva_observada | hobbies_identificados_sin_asumir_que_deban_eliminarse,sin_factor_de_atencion_dominante,destino_del_efectivo_fuera_del_banco,El periodo permanece cerca del equilibrio y mantiene cubiertas las obligaciones observadas. Evaluación entre 2026-04-01 y 2026-06-30; no describe permanentemente a la persona.,historia_controlada_y_metricas_observadas,train,equilibrio_sostenible,si,roadmap_14_mvp_cerrado_v1.1,fincoah_mvp_co_v1.1,5437cd9630b534766d925cb01cf85fe938169418db7bd0a66caf15fb555552f6
VEN_0010_1,PERF_0010,dentro_del_mvp,2026-04-30,2026-04-01,2026-04-30,acumulada_30_dias,30,32,0.9375,4525000,0,0,0,0,3893000,2014000,443000,857000,176000,0,7460242,8092242,8032317,7905597,8418000,632000,0.0,1311000,16,0.7872,-108561.9048,0.0,4.018,0.0,-0.0158,equilibrio_sostenible,calculado,media,media,balance_operativo_no_negativo | cobertura_esencial_superior_a_un_mes | recuperacion_consistente | inversion_productiva_observada | hobbies_identificados_sin_asumir_que_deban_eliminarse,sin_factor_de_atencion_dominante,ninguna_relevante_para_el_periodo,El periodo permanece cerca del equilibrio y mantiene cubiertas las obligaciones observadas. Evaluación entre 2026-04-01 y 2026-04-30; no describe permanentemente a la persona.,historia_controlada_y_metricas_observadas,train,variable_resiliente,si,roadmap_14_mvp_cerrado_v1.1,fincoah_mvp_co_v1.1,ab42ddc386eeb008d708e5341dd13f2d444e549f0a34297ebbdfcb68b62426d1
VEN_0010_2,PERF_0010,dentro_del_mvp,2026-05-31,2026-04-01,2026-05-31,acumulada_61_dias,61,64,0.9375,7468000,0,0,120000,0,9108000,5291000,881000,1798000,320000,0,7460242,5940242,8032317,7801917,16696000,-1640000,0.0,3480000,47,0.7566,-64800.0,0.2118,2.2454,0.0,-0.0287,variable_resiliente,calculado,media,media,cobertura_esencial_superior_a_un_mes | recuperacion_consistente | inversion_productiva_observada | hobbies_identificados_sin_asumir_que_deban_eliminarse,balance_operativo_negativo | recuperacion_demora_mas_de_20_dias,destino_del_efectivo_fuera_del_banco,"Los ingresos fluctúan, pero el periodo muestra recuperación y cobertura sin convertir la variabilidad en riesgo. Evaluación entre 2026-04-01 y 2026-05-31; no describe permanentemente a la persona.",historia_controlada_y_metricas_observadas,train,variable_resiliente,si,roadmap_14_mvp_cerrado_v1.1,fincoah_mvp_co_v1.1,8cee4e5f5ad4032f87e25e31cf67d12b897ce28f922f372f8f0d3306819cde5c
VEN_0010_3,PERF_0010,dentro_del_mvp,2026-06-30,2026-04-01,2026-06-30,acumulada_91_dias,91,95,0.9474,13297000,425000,0,120000,0,11829000,7008000,1046000,2066000,435000,0,7460242,9473242,8032317,7719117,25671000,1468000,0.0,4823000,77,0.9855,102888.8889,0.2662,4.0553,0.031,-0.039,variable_resiliente,calculado,alta,baja,balance_operativo_no_negativo | cobertura_esencial_superior_a_un_mes | recuperacion_consistente | inversion_productiva_observada | hobbies_identificados_sin_asumir_que_deban_eliminarse,recuperacion_demora_mas_de_20_dias,destino_del_efectivo_fuera_del_banco,"Los ingresos fluctúan, pero el periodo muestra recuperación y cobertura sin convertir la variabilidad en riesgo. Evaluación entre 2026-04-01 y 2026-06-30; no describe permanentemente a la persona.",historia_controlada_y_metricas_observadas,train,variable_resiliente,si,roadmap_14_mvp_cerrado_v1.1,fincoah_mvp_co_v1.1,c2673255dcf85c029fe43728a4c615a36d01b10e853e46a951552503d0450fba
VEN_0011_1,PERF_0011,dentro_del_mvp,2026-04-30,2026-04-01,2026-04-30,acumulada_30_dias,30,30,0.9333,12265000,0,0,0,0,7212000,4984000,112000,882000,0,0,24683766,29736766,0,0,19477000,5053000,0.0,2045000,8,0.6667,21738.0952,0.0,5.9664,0.0,0.0,acumulacion_estable,calculado,media,media,balance_operativo_no_negativo | cobertura_esencial_superior_a_un_mes | inversion_productiva_observada | hobbies_identificados_sin_asumir_que_deban_eliminarse,sin_factor_de_atencion_dominante,destino_del_efectivo_fuera_del_banco,"El periodo conserva balance favorable, liquidez creciente y cobertura suficiente. Evaluación entre 2026-04-01 y 2026-04-30; no describe permanentemente a la persona.",historia_controlada_y_metricas_observadas,train,uso_planificado_reserva,si,roadmap_14_mvp_cerrado_v1.1,fincoah_mvp_co_v1.1,6b3e736bf2297c858043da4bdc5e99e55987eced79dcd5b711f43c3866949a85
VEN_0011_2,PERF_0011,dentro_del_mvp,2026-05-31,2026-04-01,2026-05-31,acumulada_61_dias,61,60,0.9500,19914000,464000,0,0,0,26180000,16683000,350000,5036000,0,0,24683766,18881766,0,0,46558000,-6266000,0.0,14479000,39,0.6923,-500366.6667,0.2318,2.2636,0.0228,0.0,uso_planificado_reserva,calculado,alta,baja,cobertura_esencial_superior_a_un_mes | inversion_productiva_observada | hobbies_identificados_sin_asumir_que_deban_eliminarse,balance_operativo_negativo | recuperacion_demora_mas_de_20_dias,destino_del_efectivo_fuera_del_banco,El balance negativo se explica por una salida alineada con una meta y existe reserva para absorberla. Evaluación entre 2026-04-01 y 2026-05-31; no describe permanentemente a la persona.,historia_controlada_y_metricas_observadas,train,uso_planificado_reserva,si,roadmap_14_mvp_cerrado_v1.1,fincoah_mvp_co_v1.1,dcb2d246dec9edfa123e32ddb35aea034292869dc7e7cf68ba0287c8daaec063
VEN_0011_3,PERF_0011,dentro_del_mvp,2026-06-30,2026-04-01,2026-06-30,acumulada_91_dias,91,90,0.9444,27649000,464000,0,0,0,45148000,29546000,1231000,6802000,0,0,24683766,7648766,0,0,73261000,-17499000,0.0,24597000,69,0.6667,-223022.2222,0.2339,0.7766,0.0165,0.0,uso_planificado_reserva,calculado,alta,baja,inversion_productiva_observada | hobbies_identificados_sin_asumir_que_deban_eliminarse,balance_operativo_negativo | cobertura_esencial_reducida | recuperacion_demora_mas_de_20_dias,destino_del_efectivo_fuera_del_banco,El balance negativo se explica por una salida alineada con una meta y existe reserva para absorberla. Evaluación entre 2026-04-01 y 2026-06-30; no describe permanentemente a la persona.,historia_controlada_y_metricas_observadas,train,uso_planificado_reserva,si,roadmap_14_mvp_cerrado_v1.1,fincoah_mvp_co_v1.1,2d23c535ae07a54acc73d4ff83b8b5d24d987d373e34ca24fa1facb423d95785
VEN_0012_1,PERF_0012,dentro_del_mvp,2026-04-30,2026-04-01,2026-04-30,acumulada_30_dias,30,31,0.9677,4183000,421000,0,0,0,4029000,2155000,479000,820000,185000,0,10893628,11468628,4926817,4793617,8633000,154000,0.0,1741000,2,0.5,186566.6667,0.0,5.3219,0.0914,-0.027,equilibrio_sostenible,calculado,alta,baja,balance_operativo_no_negativo | cobertura_esencial_superior_a_un_mes | inversion_productiva_observada | hobbies_identificados_sin_asumir_que_deban_eliminarse,sin_factor_de_atencion_dominante,destino_del_efectivo_fuera_del_banco,El periodo permanece cerca del equilibrio y mantiene cubiertas las obligaciones observadas. Evaluación entre 2026-04-01 y 2026-04-30; no describe permanentemente a la persona.,historia_controlada_y_metricas_observadas,validation,deterioro_reciente,si,roadmap_14_mvp_cerrado_v1.1,fincoah_mvp_co_v1.1,9c5ac115d98d04cc5a06bf52785532b2f3895a69959494b22bed4b5e4e4d4e3e
VEN_0012_2,PERF_0012,dentro_del_mvp,2026-05-31,2026-04-01,2026-05-31,acumulada_61_dias,61,62,0.9839,8180000,421000,0,0,0,8058000,4944000,801000,1230000,364000,0,10893628,11436628,4926817,4664737,16659000,122000,0.0,2694000,33,0.9464,-3033.3333,0.0227,4.6265,0.0489,-0.0532,equilibrio_sostenible,calculado,alta,baja,balance_operativo_no_negativo | cobertura_esencial_superior_a_un_mes | recuperacion_consistente | inversion_productiva_observada | hobbies_identificados_sin_asumir_que_deban_eliminarse,recuperacion_demora_mas_de_20_dias,destino_del_efectivo_fuera_del_banco,El periodo permanece cerca del equilibrio y mantiene cubiertas las obligaciones observadas. Evaluación entre 2026-04-01 y 2026-05-31; no describe permanentemente a la persona.,historia_controlada_y_metricas_observadas,validation,deterioro_reciente,si,roadmap_14_mvp_cerrado_v1.1,fincoah_mvp_co_v1.1,6f3bd3e565baa39dcad379b3a76178238c04f4cc8db74ceae257c8d97b545275
VEN_0012_3,PERF_0012,dentro_del_mvp,2026-06-30,2026-04-01,2026-06-30,acumulada_91_dias,91,93,0.9892,11219000,703000,0,0,0,13911000,7530000,1000000,3299000,364000,0,10893628,8904628,4926817,4664737,25833000,-2692000,0.0,3410000,63,0.545,-12288.8889,0.134,3.5477,0.059,-0.0532,deterioro_reciente,calculado,alta,baja,cobertura_esencial_superior_a_un_mes | inversion_productiva_observada | hobbies_identificados_sin_asumir_que_deban_eliminarse,balance_operativo_negativo | recuperacion_demora_mas_de_20_dias,destino_del_efectivo_fuera_del_banco,El cierre reciente empeora frente al inicio del periodo y la recuperación es parcial. Evaluación entre 2026-04-01 y 2026-06-30; no describe permanentemente a la persona.,historia_controlada_y_metricas_observadas,validation,deterioro_reciente,si,roadmap_14_mvp_cerrado_v1.1,fincoah_mvp_co_v1.1,9e4453cea7efefd8ef7a7c957b6c418658906ad1e5c2fe79cd513a4902da4e08
VEN_0013_1,PERF_0013,dentro_del_mvp,2026-04-30,2026-04-01,2026-04-30,acumulada_30_dias,30,34,0.9412,3517000,0,0,0,0,6854000,3593000,688000,751000,0,0,311051,-3025949,10672528,10672528,10371000,-3337000,13.1005,3732000,29,0.0,21080.9524,0.0,0.0,0.0,0.0,deterioro_reciente,calculado,alta,baja,inversion_productiva_observada | hobbies_identificados_sin_asumir_que_deban_eliminarse,balance_operativo_negativo | cobertura_esencial_reducida | recuperacion_demora_mas_de_20_dias,ninguna_relevante_para_el_periodo,El cierre reciente empeora frente al inicio del periodo y la recuperación es parcial. Evaluación entre 2026-04-01 y 2026-04-30; no describe permanentemente a la persona.,historia_controlada_y_metricas_observadas,train,fragilidad_sostenida,si,roadmap_14_mvp_cerrado_v1.1,fincoah_mvp_co_v1.1,d53227873e99f5967628f993e67740b0221820c56bac4dde1c5ef4c991a29a1f
VEN_0013_2,PERF_0013,dentro_del_mvp,2026-05-31,2026-04-01,2026-05-31,acumulada_61_dias,61,67,0.9552,6610000,0,0,260000,0,15602000,9232000,1789000,1171000,318000,0,311051,-8420949,10672528,10443568,22472000,-8992000,38.6466,9438000,60,0.0054,-77966.6667,0.0641,0.0,0.0,-0.0215,fragilidad_sostenida,calculado,alta,baja,inversion_productiva_observada | hobbies_identificados_sin_asumir_que_deban_eliminarse,balance_operativo_negativo | cobertura_esencial_reducida | recuperacion_demora_mas_de_20_dias,destino_del_efectivo_fuera_del_banco,"El déficit persiste, la cobertura se reduce y la deuda gana peso durante el periodo. Evaluación entre 2026-04-01 y 2026-05-31; no describe permanentemente a la persona.",historia_controlada_y_metricas_observadas,train,fragilidad_sostenida,si,roadmap_14_mvp_cerrado_v1.1,fincoah_mvp_co_v1.1,c9049dd1117669dcc8c14db5512a175a5603b761a7aeed45d3ac492afd0355d3
VEN_0013_3,PERF_0013,dentro_del_mvp,2026-06-30,2026-04-01,2026-06-30,acumulada_91_dias,91,100,0.9700,9755000,0,583000,260000,0,24350000,14018000,2108000,3716000,678000,0,311051,-13440949,10672528,10767368,34948000,-14595000,62.2312,14990000,90,0.0,-10266.6667,0.0581,0.0,0.0564,0.0089,fragilidad_sostenida,calculado,alta,baja,inversion_productiva_observada | hobbies_identificados_sin_asumir_que_deban_eliminarse,balance_operativo_negativo | cobertura_esencial_reducida | recuperacion_demora_mas_de_20_dias,destino_del_efectivo_fuera_del_banco,"El déficit persiste, la cobertura se reduce y la deuda gana peso durante el periodo. Evaluación entre 2026-04-01 y 2026-06-30; no describe permanentemente a la persona.",historia_controlada_y_metricas_observadas,train,fragilidad_sostenida,si,roadmap_14_mvp_cerrado_v1.1,fincoah_mvp_co_v1.1,aa6d0c4bd852cf6bf29327a4d9c485f057f4059c551b2c0e0003760d5e81d1a9
VEN_0014_1,PERF_0014,dentro_del_mvp,2026-04-30,2026-04-01,2026-04-30,acumulada_30_dias,30,32,1.0000,3349000,0,634000,280000,0,9504000,5240000,825000,1668000,1205000,0,251250,-4989750,18555669,18322069,13767000,-6155000,43.1847,5463000,29,0.0,248890.4762,0.0,0.0,0.1592,-0.0126,fragilidad_sostenida,calculado,alta,baja,inversion_productiva_observada | hobbies_identificados_sin_asumir_que_deban_eliminarse,balance_operativo_negativo | cobertura_esencial_reducida | recuperacion_demora_mas_de_20_dias,ninguna_relevante_para_el_periodo,"El déficit persiste, la cobertura se reduce y la deuda gana peso durante el periodo. Evaluación entre 2026-04-01 y 2026-04-30; no describe permanentemente a la persona.",historia_controlada_y_metricas_observadas,train,situacion_critica,si,roadmap_14_mvp_cerrado_v1.1,fincoah_mvp_co_v1.1,fe31c8d2420df51b7c6d7d7d194c0492d564de5926757afa8e840c816135f554
VEN_0014_2,PERF_0014,dentro_del_mvp,2026-05-31,2026-04-01,2026-05-31,acumulada_61_dias,61,64,0.9844,5690000,0,1796000,280000,0,21506000,11966000,1737000,3962000,1205000,0,251250,-13488750,18555669,19484069,29272000,-15816000,93.1889,15124000,60,0.0,-139933.3333,0.1772,0.0,0.2399,0.05,situacion_critica,calculado,alta,baja,inversion_productiva_observada | hobbies_identificados_sin_asumir_que_deban_eliminarse,balance_operativo_negativo | cobertura_esencial_reducida | deuda_creciente | recuperacion_demora_mas_de_20_dias,ninguna_relevante_para_el_periodo,La liquidez resulta insuficiente frente a necesidades esenciales y la posición negativa persiste. Evaluación entre 2026-04-01 y 2026-05-31; no describe permanentemente a la persona.,historia_controlada_y_metricas_observadas,train,situacion_critica,si,roadmap_14_mvp_cerrado_v1.1,fincoah_mvp_co_v1.1,4cff9284cef68185b9d8efee3eab5877c9a3ac37692bfadcda0c50118e8723a0
VEN_0014_3,PERF_0014,dentro_del_mvp,2026-06-30,2026-04-01,2026-06-30,acumulada_91_dias,91,95,0.9789,8147000,0,2958000,330000,0,33508000,19837000,2882000,5271000,1504000,0,251250,-21821750,18555669,20430789,44943000,-25361000,141.5034,24669000,90,0.0,25222.2222,0.1658,0.0,0.2664,0.1011,situacion_critica,calculado,alta,baja,inversion_productiva_observada | hobbies_identificados_sin_asumir_que_deban_eliminarse,balance_operativo_negativo | cobertura_esencial_reducida | deuda_creciente | recuperacion_demora_mas_de_20_dias,ninguna_relevante_para_el_periodo,La liquidez resulta insuficiente frente a necesidades esenciales y la posición negativa persiste. Evaluación entre 2026-04-01 y 2026-06-30; no describe permanentemente a la persona.,historia_controlada_y_metricas_observadas,train,situacion_critica,si,roadmap_14_mvp_cerrado_v1.1,fincoah_mvp_co_v1.1,0e647839a41ed1839298ae7a06953c18009f7a22dd71523056303774fef5463c
VEN_0015_1,PERF_0015,dentro_del_mvp,2026-04-30,2026-04-01,2026-04-30,acumulada_30_dias,30,32,0.9688,5392000,0,0,0,0,3048000,1448000,515000,627000,0,0,2727718,5071718,4522374,4522374,8440000,2344000,0.0,1209000,0,1.0,231290.4762,0.0,3.5026,0.0,0.0,acumulacion_estable,calculado,alta,baja,balance_operativo_no_negativo | cobertura_esencial_superior_a_un_mes | recuperacion_consistente | inversion_productiva_observada | hobbies_identificados_sin_asumir_que_deban_eliminarse,sin_factor_de_atencion_dominante,destino_del_efectivo_fuera_del_banco,"El periodo conserva balance favorable, liquidez creciente y cobertura suficiente. Evaluación entre 2026-04-01 y 2026-04-30; no describe permanentemente a la persona.",historia_controlada_y_metricas_observadas,train,acumulacion_estable,si,roadmap_14_mvp_cerrado_v1.1,fincoah_mvp_co_v1.1,37654fd95393044444e0bcfda758079c726b5bde9a4e4b26306dc34dfb4bffd7
VEN_0015_2,PERF_0015,dentro_del_mvp,2026-05-31,2026-04-01,2026-05-31,acumulada_61_dias,61,64,0.9844,10302000,0,0,30000,0,6096000,3606000,808000,627000,159000,0,2727718,6963718,4522374,4407894,16428000,4206000,0.0,1209000,5,0.875,16000.0,0.0468,3.8623,0.0,-0.0253,acumulacion_estable,calculado,alta,baja,balance_operativo_no_negativo | cobertura_esencial_superior_a_un_mes | recuperacion_consistente | inversion_productiva_observada | hobbies_identificados_sin_asumir_que_deban_eliminarse,sin_factor_de_atencion_dominante,destino_del_efectivo_fuera_del_banco,"El periodo conserva balance favorable, liquidez creciente y cobertura suficiente. Evaluación entre 2026-04-01 y 2026-05-31; no describe permanentemente a la persona.",historia_controlada_y_metricas_observadas,train,acumulacion_estable,si,roadmap_14_mvp_cerrado_v1.1,fincoah_mvp_co_v1.1,9999df6d6f533b37960deccc01fd6e68047fba0af19ec769a9013f8c8874e534
VEN_0015_3,PERF_0015,dentro_del_mvp,2026-06-30,2026-04-01,2026-06-30,acumulada_91_dias,91,96,0.9792,15430000,0,0,30000,0,9144000,5284000,846000,1356000,269000,0,2727718,9043718,4522374,4328694,24604000,6286000,0.0,1333000,0,1.0,-43466.6667,0.0383,5.1346,0.0,-0.0428,acumulacion_estable,calculado,alta,baja,balance_operativo_no_negativo | cobertura_esencial_superior_a_un_mes | recuperacion_consistente | inversion_productiva_observada | hobbies_identificados_sin_asumir_que_deban_eliminarse,sin_factor_de_atencion_dominante,destino_del_efectivo_fuera_del_banco,"El periodo conserva balance favorable, liquidez creciente y cobertura suficiente. Evaluación entre 2026-04-01 y 2026-06-30; no describe permanentemente a la persona.",historia_controlada_y_metricas_observadas,train,acumulacion_estable,si,roadmap_14_mvp_cerrado_v1.1,fincoah_mvp_co_v1.1,1f216c430d9614fcf8ad7c05e26c89aa4c8e1d6f999903d0e853486d941b243c
VEN_0016_1,PERF_0016,dentro_del_mvp,2026-04-30,2026-04-01,2026-04-30,acumulada_30_dias,30,32,0.9688,4919000,0,516000,50000,0,4660000,2603000,255000,954000,0,0,9942745,10767745,1326817,1842817,10145000,259000,0.0,1949000,3,0.6667,247695.2381,0.0,4.1367,0.0949,0.3889,equilibrio_sostenible,calculado,alta,baja,balance_operativo_no_negativo | cobertura_esencial_superior_a_un_mes | inversion_productiva_observada | hobbies_identificados_sin_asumir_que_deban_eliminarse,deuda_creciente,ninguna_relevante_para_el_periodo,El periodo permanece cerca del equilibrio y mantiene cubiertas las obligaciones observadas. Evaluación entre 2026-04-01 y 2026-04-30; no describe permanentemente a la persona.,historia_controlada_y_metricas_observadas,test,equilibrio_sostenible,si,roadmap_14_mvp_cerrado_v1.1,fincoah_mvp_co_v1.1,ee61ff6996952d537e63a02ea6b7430179f53091e61fa7e1ca6aee83ea20b88f
VEN_0016_2,PERF_0016,dentro_del_mvp,2026-05-31,2026-04-01,2026-05-31,acumulada_61_dias,61,64,0.9844,9957000,0,516000,50000,0,9320000,5664000,674000,1289000,182000,0,9942745,11145745,1326817,1711777,19843000,637000,0.0,3963000,0,1.0,-733.3333,0.012,3.9356,0.0493,0.2901,equilibrio_sostenible,calculado,alta,baja,balance_operativo_no_negativo | cobertura_esencial_superior_a_un_mes | recuperacion_consistente | inversion_productiva_observada | hobbies_identificados_sin_asumir_que_deban_eliminarse,deuda_creciente,ninguna_relevante_para_el_periodo,El periodo permanece cerca del equilibrio y mantiene cubiertas las obligaciones observadas. Evaluación entre 2026-04-01 y 2026-05-31; no describe permanentemente a la persona.,historia_controlada_y_metricas_observadas,test,equilibrio_sostenible,si,roadmap_14_mvp_cerrado_v1.1,fincoah_mvp_co_v1.1,7bdcfde9eb09db8ff2486eb56f19e15890868e2a88af8ca18a8510768c292279
VEN_0016_3,PERF_0016,dentro_del_mvp,2026-06-30,2026-04-01,2026-06-30,acumulada_91_dias,91,96,0.9792,14560000,0,1560000,110000,0,13980000,8769000,951000,2034000,718000,0,9942745,12192745,1326817,2369857,30210000,580000,0.0,3963000,19,0.8571,138377.7778,0.0378,4.1713,0.0968,0.7861,equilibrio_sostenible,calculado,alta,baja,balance_operativo_no_negativo | cobertura_esencial_superior_a_un_mes | recuperacion_consistente | inversion_productiva_observada | hobbies_identificados_sin_asumir_que_deban_eliminarse,deuda_creciente,ninguna_relevante_para_el_periodo,El periodo permanece cerca del equilibrio y mantiene cubiertas las obligaciones observadas. Evaluación entre 2026-04-01 y 2026-06-30; no describe permanentemente a la persona.,historia_controlada_y_metricas_observadas,test,equilibrio_sostenible,si,roadmap_14_mvp_cerrado_v1.1,fincoah_mvp_co_v1.1,3eefa04ca5bd1c5e42b6c540953f94ca409ea18be3d2519c965b9cf92ee46dcd
VEN_0017_1,PERF_0017,dentro_del_mvp,2026-04-30,2026-04-01,2026-04-30,acumulada_30_dias,30,31,1.0000,4097000,0,0,0,0,3767000,2103000,494000,499000,406000,0,4893149,5223149,5341698,5049378,7864000,330000,0.0,1038000,4,0.7343,140709.5238,0.0,2.4837,0.0,-0.0547,equilibrio_sostenible,calculado,alta,baja,balance_operativo_no_negativo | cobertura_esencial_superior_a_un_mes | recuperacion_consistente | inversion_productiva_observada | hobbies_identificados_sin_asumir_que_deban_eliminarse,sin_factor_de_atencion_dominante,ninguna_relevante_para_el_periodo,El periodo permanece cerca del equilibrio y mantiene cubiertas las obligaciones observadas. Evaluación entre 2026-04-01 y 2026-04-30; no describe permanentemente a la persona.,historia_controlada_y_metricas_observadas,train,variable_resiliente,si,roadmap_14_mvp_cerrado_v1.1,fincoah_mvp_co_v1.1,ede7f83d623f1d485b39f680cdb3d9ab891ecaf90baf3ac29f39bd6700cf335e
VEN_0017_2,PERF_0017,dentro_del_mvp,2026-05-31,2026-04-01,2026-05-31,acumulada_61_dias,61,61,0.9836,9993000,0,803000,0,0,6400000,3928000,858000,824000,616000,0,4893149,9289149,5341698,5701178,17196000,3593000,0.0,1038000,0,1.0,5100.0,0.18,4.7297,0.0744,0.0673,variable_resiliente,calculado,alta,baja,balance_operativo_no_negativo | cobertura_esencial_superior_a_un_mes | recuperacion_consistente | inversion_productiva_observada | hobbies_identificados_sin_asumir_que_deban_eliminarse,deuda_creciente,ninguna_relevante_para_el_periodo,"Los ingresos fluctúan, pero el periodo muestra recuperación y cobertura sin convertir la variabilidad en riesgo. Evaluación entre 2026-04-01 y 2026-05-31; no describe permanentemente a la persona.",historia_controlada_y_metricas_observadas,train,variable_resiliente,si,roadmap_14_mvp_cerrado_v1.1,fincoah_mvp_co_v1.1,c7765a7f95c6d383461767c14b44ea98e50502e4b09c2686ea47178ec9ec7746
VEN_0017_3,PERF_0017,dentro_del_mvp,2026-06-30,2026-04-01,2026-06-30,acumulada_91_dias,91,91,0.9451,12919000,0,803000,0,0,11446000,7265000,1331000,1372000,1074000,0,4893149,7169149,5341698,5371418,25168000,1473000,0.0,2571000,29,0.8969,-88777.7778,0.2837,2.9604,0.0585,0.0056,variable_resiliente,calculado,alta,baja,balance_operativo_no_negativo | cobertura_esencial_superior_a_un_mes | recuperacion_consistente | inversion_productiva_observada | hobbies_identificados_sin_asumir_que_deban_eliminarse,recuperacion_demora_mas_de_20_dias,destino_del_efectivo_fuera_del_banco,"Los ingresos fluctúan, pero el periodo muestra recuperación y cobertura sin convertir la variabilidad en riesgo. Evaluación entre 2026-04-01 y 2026-06-30; no describe permanentemente a la persona.",historia_controlada_y_metricas_observadas,train,variable_resiliente,si,roadmap_14_mvp_cerrado_v1.1,fincoah_mvp_co_v1.1,aed108221cfb07ec15a214894f97f781bb008fb1773d2a28280c8b3f6a1032df
VEN_0018_1,PERF_0018,dentro_del_mvp,2026-04-30,2026-04-01,2026-04-30,acumulada_30_dias,30,31,0.9677,9633000,0,0,0,194000,5624000,2617000,277000,1635000,0,0,28754785,32957785,17678033,17678033,15451000,4009000,0.0,2707000,1,0.5,531261.9048,0.0,12.5937,0.0,0.0,acumulacion_estable,calculado,alta,baja,balance_operativo_no_negativo | cobertura_esencial_superior_a_un_mes | inversion_productiva_observada | hobbies_identificados_sin_asumir_que_deban_eliminarse,sin_factor_de_atencion_dominante,ninguna_relevante_para_el_periodo,"El periodo conserva balance favorable, liquidez creciente y cobertura suficiente. Evaluación entre 2026-04-01 y 2026-04-30; no describe permanentemente a la persona.",historia_controlada_y_metricas_observadas,test,uso_planificado_reserva,si,roadmap_14_mvp_cerrado_v1.1,fincoah_mvp_co_v1.1,64ebc7ed414d2f518e1f732c6cf453a3aecb7177329a8ccbe4e373a7c71c36f5
VEN_0018_2,PERF_0018,dentro_del_mvp,2026-05-31,2026-04-01,2026-05-31,acumulada_61_dias,61,62,0.9839,15708000,0,0,0,194000,20415000,11600000,1499000,3100000,353000,0,28754785,24241785,17678033,17423873,36317000,-4707000,0.0,13157000,32,0.6528,-367233.3333,0.2265,4.1796,0.0,-0.0144,uso_planificado_reserva,calculado,alta,baja,cobertura_esencial_superior_a_un_mes | inversion_productiva_observada | hobbies_identificados_sin_asumir_que_deban_eliminarse,balance_operativo_negativo | recuperacion_demora_mas_de_20_dias,ninguna_relevante_para_el_periodo,El balance negativo se explica por una salida alineada con una meta y existe reserva para absorberla. Evaluación entre 2026-04-01 y 2026-05-31; no describe permanentemente a la persona.,historia_controlada_y_metricas_observadas,test,uso_planificado_reserva,si,roadmap_14_mvp_cerrado_v1.1,fincoah_mvp_co_v1.1,d9a4029b2a0defa42a6ba607588684300906f02b25d6ad225407fbd7c6cdda22
VEN_0018_3,PERF_0018,dentro_del_mvp,2026-06-30,2026-04-01,2026-06-30,acumulada_91_dias,91,93,0.9785,21361000,0,0,0,843000,35206000,21775000,2472000,5864000,353000,0,28754785,15752785,17678033,17423873,57410000,-13845000,0.0,20857000,62,0.5619,-136155.5556,0.2507,2.1703,0.0,-0.0144,uso_planificado_reserva,calculado,alta,baja,cobertura_esencial_superior_a_un_mes | inversion_productiva_observada | hobbies_identificados_sin_asumir_que_deban_eliminarse,balance_operativo_negativo | recuperacion_demora_mas_de_20_dias,destino_del_efectivo_fuera_del_banco,El balance negativo se explica por una salida alineada con una meta y existe reserva para absorberla. Evaluación entre 2026-04-01 y 2026-06-30; no describe permanentemente a la persona.,historia_controlada_y_metricas_observadas,test,uso_planificado_reserva,si,roadmap_14_mvp_cerrado_v1.1,fincoah_mvp_co_v1.1,b237511051923f16f000da659ee17dbb13042b0ad7dca49c413454d756d0cf64
VEN_0019_1,PERF_0019,dentro_del_mvp,2026-04-30,2026-04-01,2026-04-30,acumulada_30_dias,30,34,0.9706,1805000,0,0,0,0,1825000,1067000,157000,380000,0,0,730786,710786,0,0,3630000,-20000,0.0,1535000,27,0.3726,-56085.7143,0.0,0.6662,0.0,0.0,equilibrio_sostenible,calculado,alta,baja,inversion_productiva_observada | hobbies_identificados_sin_asumir_que_deban_eliminarse,balance_operativo_negativo | cobertura_esencial_reducida | recuperacion_demora_mas_de_20_dias,destino_del_efectivo_fuera_del_banco,El periodo permanece cerca del equilibrio y mantiene cubiertas las obligaciones observadas. Evaluación entre 2026-04-01 y 2026-04-30; no describe permanentemente a la persona.,historia_controlada_y_metricas_observadas,test,deterioro_reciente,si,roadmap_14_mvp_cerrado_v1.1,fincoah_mvp_co_v1.1,ff2955113b966a73217c121d38e4cd46f44a9fc5496172caca261b0693e15097
VEN_0019_2,PERF_0019,dentro_del_mvp,2026-05-31,2026-04-01,2026-05-31,acumulada_61_dias,61,67,0.9701,3755000,0,0,0,82000,3650000,2026000,278000,703000,0,0,730786,917786,0,0,7487000,105000,0.0273,1725000,58,0.5142,5700.0,0.0386,0.906,0.0,0.0,equilibrio_sostenible,calculado,alta,baja,balance_operativo_no_negativo | inversion_productiva_observada | hobbies_identificados_sin_asumir_que_deban_eliminarse,cobertura_esencial_reducida | recuperacion_demora_mas_de_20_dias,destino_del_efectivo_fuera_del_banco,El periodo permanece cerca del equilibrio y mantiene cubiertas las obligaciones observadas. Evaluación entre 2026-04-01 y 2026-05-31; no describe permanentemente a la persona.,historia_controlada_y_metricas_observadas,test,deterioro_reciente,si,roadmap_14_mvp_cerrado_v1.1,fincoah_mvp_co_v1.1,d3d57b672efd0e66f14cd9f014b8ddbd7a3c8d6c2ef7534fd3c423b2fe86728a
VEN_0019_3,PERF_0019,dentro_del_mvp,2026-06-30,2026-04-01,2026-06-30,acumulada_91_dias,91,100,0.9400,5218000,0,0,0,82000,6301000,3169000,685000,876000,0,0,730786,-270214,0,0,11601000,-1083000,0.7795,2122000,88,0.0452,-21444.4444,0.1174,0.0,0.0,0.0,deterioro_reciente,calculado,alta,baja,inversion_productiva_observada | hobbies_identificados_sin_asumir_que_deban_eliminarse,balance_operativo_negativo | cobertura_esencial_reducida | recuperacion_demora_mas_de_20_dias,destino_del_efectivo_fuera_del_banco,El cierre reciente empeora frente al inicio del periodo y la recuperación es parcial. Evaluación entre 2026-04-01 y 2026-06-30; no describe permanentemente a la persona.,historia_controlada_y_metricas_observadas,test,deterioro_reciente,si,roadmap_14_mvp_cerrado_v1.1,fincoah_mvp_co_v1.1,928c0e07828eaa9bb0adb1b882cf7cc5ef3e1c8b1729302786cb45b438d34317
VEN_0020_1,PERF_0020,dentro_del_mvp,2026-04-30,2026-04-01,2026-04-30,acumulada_30_dias,30,33,1.0000,2669000,0,0,0,111000,4626000,3260000,167000,507000,0,0,1099415,-746585,9754037,9754037,7406000,-1957000,4.095,2217000,29,0.0054,101842.8571,0.0,0.0,0.0,0.0,deterioro_reciente,calculado,alta,baja,inversion_productiva_observada | hobbies_identificados_sin_asumir_que_deban_eliminarse,balance_operativo_negativo | cobertura_esencial_reducida | recuperacion_demora_mas_de_20_dias,ninguna_relevante_para_el_periodo,El cierre reciente empeora frente al inicio del periodo y la recuperación es parcial. Evaluación entre 2026-04-01 y 2026-04-30; no describe permanentemente a la persona.,historia_controlada_y_metricas_observadas,train,fragilidad_sostenida,si,roadmap_14_mvp_cerrado_v1.1,fincoah_mvp_co_v1.1,0bbdb4a46d3a3403639bedaad05b805261d88027ed09081bafd76a098f1f017e
VEN_0020_2,PERF_0020,dentro_del_mvp,2026-05-31,2026-04-01,2026-05-31,acumulada_61_dias,61,65,0.9692,4549000,0,394000,0,111000,10530000,7549000,634000,972000,573000,0,1099415,-4376585,9754037,9735477,15584000,-5981000,24.8139,6229000,60,0.0,-80366.6667,0.1734,0.0,0.0797,-0.0019,fragilidad_sostenida,calculado,alta,baja,inversion_productiva_observada | hobbies_identificados_sin_asumir_que_deban_eliminarse,balance_operativo_negativo | cobertura_esencial_reducida | recuperacion_demora_mas_de_20_dias,destino_del_efectivo_fuera_del_banco,"El déficit persiste, la cobertura se reduce y la deuda gana peso durante el periodo. Evaluación entre 2026-04-01 y 2026-05-31; no describe permanentemente a la persona.",historia_controlada_y_metricas_observadas,train,fragilidad_sostenida,si,roadmap_14_mvp_cerrado_v1.1,fincoah_mvp_co_v1.1,7e7d2a31f87498a8018c84a53f11ae96e67c05b302401c1bebedc0c20277090f
VEN_0020_3,PERF_0020,dentro_del_mvp,2026-06-30,2026-04-01,2026-06-30,acumulada_91_dias,91,97,0.9691,6518000,0,788000,240000,111000,16434000,10667000,1278000,2300000,975000,0,1099415,-7677585,9754037,9840037,24091000,-9916000,49.8675,10164000,90,0.0,-25822.2222,0.1624,0.0,0.1079,0.0088,fragilidad_sostenida,calculado,alta,baja,inversion_productiva_observada | hobbies_identificados_sin_asumir_que_deban_eliminarse,balance_operativo_negativo | cobertura_esencial_reducida | recuperacion_demora_mas_de_20_dias,destino_del_efectivo_fuera_del_banco,"El déficit persiste, la cobertura se reduce y la deuda gana peso durante el periodo. Evaluación entre 2026-04-01 y 2026-06-30; no describe permanentemente a la persona.",historia_controlada_y_metricas_observadas,train,fragilidad_sostenida,si,roadmap_14_mvp_cerrado_v1.1,fincoah_mvp_co_v1.1,29fd2735dc4341813d44f4f7f1c92e7b7ec53361ca29c0c14417128af4e745ce
VEN_0021_1,PERF_0021,dentro_del_mvp,2026-04-30,2026-04-01,2026-04-30,acumulada_30_dias,30,31,0.9355,7037000,0,1415000,0,0,21222000,14718000,1186000,2063000,1317000,0,3620757,-9149243,30803921,31270681,29674000,-14185000,36.4296,11615000,27,0.1133,566028.5714,0.0,0.0,0.1674,0.0152,fragilidad_sostenida,calculado,media,media,inversion_productiva_observada | hobbies_identificados_sin_asumir_que_deban_eliminarse,balance_operativo_negativo | cobertura_esencial_reducida | recuperacion_demora_mas_de_20_dias,ninguna_relevante_para_el_periodo,"El déficit persiste, la cobertura se reduce y la deuda gana peso durante el periodo. Evaluación entre 2026-04-01 y 2026-04-30; no describe permanentemente a la persona.",historia_controlada_y_metricas_observadas,train,situacion_critica,si,roadmap_14_mvp_cerrado_v1.1,fincoah_mvp_co_v1.1,f8796ca6cd2e58eb66268d61686bc54c67fead6e519fb65c542c0f6da480f6df
VEN_0021_2,PERF_0021,dentro_del_mvp,2026-05-31,2026-04-01,2026-05-31,acumulada_61_dias,61,61,0.9508,13093000,0,4009000,0,0,48022000,33752000,2877000,6203000,1317000,0,3620757,-27299243,30803921,33864681,65124000,-34929000,82.0519,32853000,58,0.0551,-288666.6667,0.0749,0.0,0.2344,0.0994,situacion_critica,calculado,alta,baja,inversion_productiva_observada | hobbies_identificados_sin_asumir_que_deban_eliminarse,balance_operativo_negativo | cobertura_esencial_reducida | deuda_creciente | recuperacion_demora_mas_de_20_dias,ninguna_relevante_para_el_periodo,La liquidez resulta insuficiente frente a necesidades esenciales y la posición negativa persiste. Evaluación entre 2026-04-01 y 2026-05-31; no describe permanentemente a la persona.,historia_controlada_y_metricas_observadas,train,situacion_critica,si,roadmap_14_mvp_cerrado_v1.1,fincoah_mvp_co_v1.1,4604646550091b63ad328dc06950b2f4b35ced5211544f149f1419966b8a3c3c
VEN_0021_3,PERF_0021,dentro_del_mvp,2026-06-30,2026-04-01,2026-06-30,acumulada_91_dias,91,91,0.9560,18245000,0,6603000,0,0,74822000,51806000,3702000,10508000,2798000,0,3620757,-46353243,30803921,35392361,99670000,-56577000,139.0727,53400000,88,0.0133,23911.1111,0.1266,0.0,0.2657,0.149,situacion_critica,calculado,alta,baja,inversion_productiva_observada | hobbies_identificados_sin_asumir_que_deban_eliminarse,balance_operativo_negativo | cobertura_esencial_reducida | deuda_creciente | recuperacion_demora_mas_de_20_dias,ninguna_relevante_para_el_periodo,La liquidez resulta insuficiente frente a necesidades esenciales y la posición negativa persiste. Evaluación entre 2026-04-01 y 2026-06-30; no describe permanentemente a la persona.,historia_controlada_y_metricas_observadas,train,situacion_critica,si,roadmap_14_mvp_cerrado_v1.1,fincoah_mvp_co_v1.1,4dab1d0b866f3dec1a8b318037015da497698d14067893f27a984a9447cb4144
VEN_0022_1,PERF_0022,dentro_del_mvp,2026-04-30,2026-04-01,2026-04-30,acumulada_30_dias,30,32,1.0000,7793000,0,0,0,0,4165000,2518000,669000,247000,539000,0,2466961,6094961,10827152,10439072,11958000,3628000,0.0,1415000,2,0.75,242961.9048,0.0,2.4206,0.0,-0.0358,acumulacion_estable,calculado,alta,baja,balance_operativo_no_negativo | cobertura_esencial_superior_a_un_mes | recuperacion_consistente | inversion_productiva_observada | hobbies_identificados_sin_asumir_que_deban_eliminarse,sin_factor_de_atencion_dominante,ninguna_relevante_para_el_periodo,"El periodo conserva balance favorable, liquidez creciente y cobertura suficiente. Evaluación entre 2026-04-01 y 2026-04-30; no describe permanentemente a la persona.",historia_controlada_y_metricas_observadas,train,acumulacion_estable,si,roadmap_14_mvp_cerrado_v1.1,fincoah_mvp_co_v1.1,23a88337d8749e35ef25d6fcdd909bad19a03c176d5a054130d2da23d9dcacfa
VEN_0022_2,PERF_0022,dentro_del_mvp,2026-05-31,2026-04-01,2026-05-31,acumulada_61_dias,61,64,0.9844,14388000,0,0,0,0,8330000,4316000,1005000,1541000,539000,0,2466961,8524961,10827152,10439072,22718000,6058000,0.0,1415000,3,0.8889,-92233.3333,0.0833,3.9504,0.0,-0.0358,acumulacion_estable,calculado,alta,baja,balance_operativo_no_negativo | cobertura_esencial_superior_a_un_mes | recuperacion_consistente | inversion_productiva_observada | hobbies_identificados_sin_asumir_que_deban_eliminarse,sin_factor_de_atencion_dominante,ninguna_relevante_para_el_periodo,"El periodo conserva balance favorable, liquidez creciente y cobertura suficiente. Evaluación entre 2026-04-01 y 2026-05-31; no describe permanentemente a la persona.",historia_controlada_y_metricas_observadas,train,acumulacion_estable,si,roadmap_14_mvp_cerrado_v1.1,fincoah_mvp_co_v1.1,322b1b6b34accb41b39fb6be53d2a9b23a917748f12e149e8f865bec40443e51
VEN_0022_3,PERF_0022,dentro_del_mvp,2026-06-30,2026-04-01,2026-06-30,acumulada_91_dias,91,95,0.9789,21272000,0,0,0,0,12495000,7380000,1257000,1775000,961000,0,2466961,11243961,10827152,10135232,33767000,8777000,0.0,1992000,1,0.9091,-22622.2222,0.072,4.5707,0.0,-0.0639,acumulacion_estable,calculado,alta,baja,balance_operativo_no_negativo | cobertura_esencial_superior_a_un_mes | recuperacion_consistente | inversion_productiva_observada | hobbies_identificados_sin_asumir_que_deban_eliminarse,sin_factor_de_atencion_dominante,ninguna_relevante_para_el_periodo,"El periodo conserva balance favorable, liquidez creciente y cobertura suficiente. Evaluación entre 2026-04-01 y 2026-06-30; no describe permanentemente a la persona.",historia_controlada_y_metricas_observadas,train,acumulacion_estable,si,roadmap_14_mvp_cerrado_v1.1,fincoah_mvp_co_v1.1,110cadac17001845cab1db8db1f6c0a1f4baa38d70f777f58b99bd4d5ac7f932
VEN_0023_1,PERF_0023,dentro_del_mvp,2026-04-30,2026-04-01,2026-04-30,acumulada_30_dias,30,32,0.9688,5797000,0,0,0,0,5495000,4277000,653000,0,500000,0,11403012,11705012,7635145,7275145,11292000,302000,0.0,1323000,0,1.0,134409.5238,0.0,2.7367,0.0,-0.0472,equilibrio_sostenible,calculado,alta,baja,balance_operativo_no_negativo | cobertura_esencial_superior_a_un_mes | recuperacion_consistente | hobbies_identificados_sin_asumir_que_deban_eliminarse,sin_factor_de_atencion_dominante,ninguna_relevante_para_el_periodo,El periodo permanece cerca del equilibrio y mantiene cubiertas las obligaciones observadas. Evaluación entre 2026-04-01 y 2026-04-30; no describe permanentemente a la persona.,historia_controlada_y_metricas_observadas,train,equilibrio_sostenible,si,roadmap_14_mvp_cerrado_v1.1,fincoah_mvp_co_v1.1,7ad8a435d35d013de3bac17548b66aec436b68c5e5e2151874a4c2a3f365adbc
VEN_0023_2,PERF_0023,dentro_del_mvp,2026-05-31,2026-04-01,2026-05-31,acumulada_61_dias,61,63,0.9683,11520000,0,0,50000,0,10990000,7585000,715000,980000,500000,0,11403012,11983012,7635145,7275145,22560000,530000,0.0,2352000,4,0.75,-15233.3333,0.0064,3.1597,0.0,-0.0472,equilibrio_sostenible,calculado,alta,baja,balance_operativo_no_negativo | cobertura_esencial_superior_a_un_mes | recuperacion_consistente | inversion_productiva_observada | hobbies_identificados_sin_asumir_que_deban_eliminarse,sin_factor_de_atencion_dominante,destino_del_efectivo_fuera_del_banco,El periodo permanece cerca del equilibrio y mantiene cubiertas las obligaciones observadas. Evaluación entre 2026-04-01 y 2026-05-31; no describe permanentemente a la persona.,historia_controlada_y_metricas_observadas,train,equilibrio_sostenible,si,roadmap_14_mvp_cerrado_v1.1,fincoah_mvp_co_v1.1,ad92f32a33a27a5bb418cd9f622dbdcf50bae2d848e07d3a051c31aa08e882c5
VEN_0023_3,PERF_0023,dentro_del_mvp,2026-06-30,2026-04-01,2026-06-30,acumulada_91_dias,91,94,0.9787,17054000,0,0,50000,0,16485000,11495000,838000,1580000,1365000,0,11403012,12022012,7635145,6652345,33589000,569000,0.0,3490000,2,0.8,15600.0,0.0195,3.1375,0.0,-0.1287,equilibrio_sostenible,calculado,alta,baja,balance_operativo_no_negativo | cobertura_esencial_superior_a_un_mes | recuperacion_consistente | inversion_productiva_observada | hobbies_identificados_sin_asumir_que_deban_eliminarse,sin_factor_de_atencion_dominante,destino_del_efectivo_fuera_del_banco,El periodo permanece cerca del equilibrio y mantiene cubiertas las obligaciones observadas. Evaluación entre 2026-04-01 y 2026-06-30; no describe permanentemente a la persona.,historia_controlada_y_metricas_observadas,train,equilibrio_sostenible,si,roadmap_14_mvp_cerrado_v1.1,fincoah_mvp_co_v1.1,25862400c59f0a512c7f05ebb74daf3fc2d221ce63c67fc64a00a34c40ab5f2b
VEN_0024_1,PERF_0024,dentro_del_mvp,2026-04-30,2026-04-01,2026-04-30,acumulada_30_dias,30,32,1.0000,4067000,0,0,0,0,3883000,2840000,239000,130000,405000,0,2756957,2940957,1615260,1323660,7950000,184000,0.0,2201000,2,0.5,317090.4762,0.0,1.0355,0.0,-0.1805,equilibrio_sostenible,calculado,alta,baja,balance_operativo_no_negativo | cobertura_esencial_superior_a_un_mes | inversion_productiva_observada | hobbies_identificados_sin_asumir_que_deban_eliminarse,sin_factor_de_atencion_dominante,ninguna_relevante_para_el_periodo,El periodo permanece cerca del equilibrio y mantiene cubiertas las obligaciones observadas. Evaluación entre 2026-04-01 y 2026-04-30; no describe permanentemente a la persona.,historia_controlada_y_metricas_observadas,train,variable_resiliente,si,roadmap_14_mvp_cerrado_v1.1,fincoah_mvp_co_v1.1,e880bf18fefbfc34b2d689a0bbd038c55ee898c81d066bfefa8e98102543b9c0
VEN_0024_2,PERF_0024,dentro_del_mvp,2026-05-31,2026-04-01,2026-05-31,acumulada_61_dias,61,63,0.9841,7318000,0,0,0,0,9085000,5667000,647000,1248000,1019000,0,2756957,989957,1615260,881580,16403000,-1767000,0.386,3851000,33,0.6933,10033.3333,0.1115,0.3494,0.0,-0.4542,variable_resiliente,calculado,alta,baja,inversion_productiva_observada | hobbies_identificados_sin_asumir_que_deban_eliminarse,balance_operativo_negativo | cobertura_esencial_reducida | recuperacion_demora_mas_de_20_dias,ninguna_relevante_para_el_periodo,"Los ingresos fluctúan, pero el periodo muestra recuperación y cobertura sin convertir la variabilidad en riesgo. Evaluación entre 2026-04-01 y 2026-05-31; no describe permanentemente a la persona.",historia_controlada_y_metricas_observadas,train,variable_resiliente,si,roadmap_14_mvp_cerrado_v1.1,fincoah_mvp_co_v1.1,1fe1568137f12090f614d67703a0e2fbc9468a103909e968471e2d5e2a4ffa37
VEN_0024_3,PERF_0024,dentro_del_mvp,2026-06-30,2026-04-01,2026-06-30,acumulada_91_dias,91,94,0.9681,10895000,0,0,0,0,14287000,8600000,875000,2726000,1349000,0,2756957,-635043,1615260,643980,25182000,-3392000,2.9732,5754000,63,0.6535,63288.8889,0.0923,0.0,0.0,-0.6013,variable_resiliente,calculado,alta,baja,inversion_productiva_observada | hobbies_identificados_sin_asumir_que_deban_eliminarse,balance_operativo_negativo | cobertura_esencial_reducida | recuperacion_demora_mas_de_20_dias,destino_del_efectivo_fuera_del_banco,"Los ingresos fluctúan, pero el periodo muestra recuperación y cobertura sin convertir la variabilidad en riesgo. Evaluación entre 2026-04-01 y 2026-06-30; no describe permanentemente a la persona.",historia_controlada_y_metricas_observadas,train,variable_resiliente,si,roadmap_14_mvp_cerrado_v1.1,fincoah_mvp_co_v1.1,656268ad891fd66db38081755dbc2e75c907c674399b3384d81c0a8380d04092
VEN_0025_1,PERF_0025,dentro_del_mvp,2026-04-30,2026-04-01,2026-04-30,acumulada_30_dias,30,31,0.9677,5969000,0,0,0,0,3838000,2191000,595000,832000,0,0,11228282,13359282,0,0,9807000,2131000,0.0,623000,0,1.0,69861.9048,0.0,6.0973,0.0,0.0,acumulacion_estable,calculado,alta,baja,balance_operativo_no_negativo | cobertura_esencial_superior_a_un_mes | recuperacion_consistente | inversion_productiva_observada | hobbies_identificados_sin_asumir_que_deban_eliminarse,sin_factor_de_atencion_dominante,ninguna_relevante_para_el_periodo,"El periodo conserva balance favorable, liquidez creciente y cobertura suficiente. Evaluación entre 2026-04-01 y 2026-04-30; no describe permanentemente a la persona.",historia_controlada_y_metricas_observadas,validation,uso_planificado_reserva,si,roadmap_14_mvp_cerrado_v1.1,fincoah_mvp_co_v1.1,c0535c595509295c6f9cb7a66bc38e2516e785be373169666a0a28ef4312c682
VEN_0025_2,PERF_0025,dentro_del_mvp,2026-05-31,2026-04-01,2026-05-31,acumulada_61_dias,61,62,0.9677,10159000,0,0,0,0,13932000,8344000,747000,3567000,0,0,11228282,7455282,0,0,24091000,-3773000,0.0,5904000,31,0.75,-91866.6667,0.1751,1.787,0.0,0.0,uso_planificado_reserva,calculado,alta,baja,cobertura_esencial_superior_a_un_mes | recuperacion_consistente | inversion_productiva_observada | hobbies_identificados_sin_asumir_que_deban_eliminarse,balance_operativo_negativo | recuperacion_demora_mas_de_20_dias,destino_del_efectivo_fuera_del_banco,El balance negativo se explica por una salida alineada con una meta y existe reserva para absorberla. Evaluación entre 2026-04-01 y 2026-05-31; no describe permanentemente a la persona.,historia_controlada_y_metricas_observadas,validation,uso_planificado_reserva,si,roadmap_14_mvp_cerrado_v1.1,fincoah_mvp_co_v1.1,6f48faf2afb2641e59cdbabda933445b0e1611697830f0b250e20a98e78a2869
VEN_0025_3,PERF_0025,dentro_del_mvp,2026-06-30,2026-04-01,2026-06-30,acumulada_91_dias,91,93,0.9570,14136000,0,0,0,0,24026000,13857000,2159000,5078000,0,0,11228282,1338282,0,0,38162000,-9890000,0.0,12444000,61,0.7585,-157266.6667,0.1895,0.2897,0.0,0.0,uso_planificado_reserva,calculado,alta,baja,recuperacion_consistente | inversion_productiva_observada | hobbies_identificados_sin_asumir_que_deban_eliminarse,balance_operativo_negativo | cobertura_esencial_reducida | recuperacion_demora_mas_de_20_dias,destino_del_efectivo_fuera_del_banco,El balance negativo se explica por una salida alineada con una meta y existe reserva para absorberla. Evaluación entre 2026-04-01 y 2026-06-30; no describe permanentemente a la persona.,historia_controlada_y_metricas_observadas,validation,uso_planificado_reserva,si,roadmap_14_mvp_cerrado_v1.1,fincoah_mvp_co_v1.1,b8b95c00ad6dfa4f5d47bafe9847e27c07303cd08856030d0bda7ca04ce169b1
VEN_0026_1,PERF_0026,dentro_del_mvp,2026-04-30,2026-04-01,2026-04-30,acumulada_30_dias,30,32,0.9063,6173000,0,0,0,0,5340000,2870000,237000,1401000,267000,0,5379671,6212671,13333018,13140778,11513000,833000,0.0,2275000,1,0.5,349828.5714,0.0,2.1647,0.0,-0.0144,equilibrio_sostenible,calculado,media,media,balance_operativo_no_negativo | cobertura_esencial_superior_a_un_mes | inversion_productiva_observada | hobbies_identificados_sin_asumir_que_deban_eliminarse,sin_factor_de_atencion_dominante,destino_del_efectivo_fuera_del_banco,El periodo permanece cerca del equilibrio y mantiene cubiertas las obligaciones observadas. Evaluación entre 2026-04-01 y 2026-04-30; no describe permanentemente a la persona.,historia_controlada_y_metricas_observadas,test,deterioro_reciente,si,roadmap_14_mvp_cerrado_v1.1,fincoah_mvp_co_v1.1,ca7669592940001d0f18cd0326b8eabb1f41bb6137ab5e2b675443c14870d492
VEN_0026_2,PERF_0026,dentro_del_mvp,2026-05-31,2026-04-01,2026-05-31,acumulada_61_dias,61,64,0.9375,11491000,0,0,210000,0,10680000,5373000,770000,2988000,482000,0,5379671,6400671,13333018,12985978,22381000,811000,0.0,3971000,3,0.6667,-3166.6667,0.0744,2.3825,0.0,-0.026,equilibrio_sostenible,calculado,media,media,balance_operativo_no_negativo | cobertura_esencial_superior_a_un_mes | inversion_productiva_observada | hobbies_identificados_sin_asumir_que_deban_eliminarse,sin_factor_de_atencion_dominante,destino_del_efectivo_fuera_del_banco,El periodo permanece cerca del equilibrio y mantiene cubiertas las obligaciones observadas. Evaluación entre 2026-04-01 y 2026-05-31; no describe permanentemente a la persona.,historia_controlada_y_metricas_observadas,test,deterioro_reciente,si,roadmap_14_mvp_cerrado_v1.1,fincoah_mvp_co_v1.1,3ba236d98771663b2ecc8454105ac8ee5a1b0ede49ea0b20058ab59ac2c570a3
VEN_0026_3,PERF_0026,dentro_del_mvp,2026-06-30,2026-04-01,2026-06-30,acumulada_91_dias,91,96,0.9375,16102000,0,0,380000,0,18436000,10492000,1983000,4015000,482000,0,5379671,3425671,13333018,12985978,34918000,-2334000,0.0,5831000,33,0.7945,72666.6667,0.119,0.9795,0.0,-0.026,deterioro_reciente,calculado,media,media,recuperacion_consistente | inversion_productiva_observada | hobbies_identificados_sin_asumir_que_deban_eliminarse,balance_operativo_negativo | cobertura_esencial_reducida | recuperacion_demora_mas_de_20_dias,destino_del_efectivo_fuera_del_banco,El cierre reciente empeora frente al inicio del periodo y la recuperación es parcial. Evaluación entre 2026-04-01 y 2026-06-30; no describe permanentemente a la persona.,historia_controlada_y_metricas_observadas,test,deterioro_reciente,si,roadmap_14_mvp_cerrado_v1.1,fincoah_mvp_co_v1.1,57b8009832b6c34278291a6f4e478b1df44851a63e6a487728e3854f05a3ec68
VEN_0027_1,PERF_0027,dentro_del_mvp,2026-04-30,2026-04-01,2026-04-30,acumulada_30_dias,30,31,1.0000,5643000,0,0,0,0,10422000,5567000,0,3504000,1011000,0,1633583,-3145417,14426435,13698515,16065000,-4779000,10.4625,5091000,29,0.1165,117304.7619,0.0,0.0,0.0,-0.0505,deterioro_reciente,calculado,alta,baja,inversion_productiva_observada,balance_operativo_negativo | cobertura_esencial_reducida | recuperacion_demora_mas_de_20_dias,ninguna_relevante_para_el_periodo,El cierre reciente empeora frente al inicio del periodo y la recuperación es parcial. Evaluación entre 2026-04-01 y 2026-04-30; no describe permanentemente a la persona.,historia_controlada_y_metricas_observadas,train,fragilidad_sostenida,si,roadmap_14_mvp_cerrado_v1.1,fincoah_mvp_co_v1.1,d854ff322d9cfc8c6803bae1b9d0c0625c2927f86ca21b72fe92ac8258b9ba76
VEN_0027_2,PERF_0027,dentro_del_mvp,2026-05-31,2026-04-01,2026-05-31,acumulada_61_dias,61,62,1.0000,10584000,0,0,0,0,23724000,14343000,1143000,5741000,1294000,0,1633583,-11506417,14426435,13494755,34308000,-13140000,36.9138,15277000,60,0.1583,138766.6667,0.0663,0.0,0.0,-0.0646,fragilidad_sostenida,calculado,alta,baja,inversion_productiva_observada | hobbies_identificados_sin_asumir_que_deban_eliminarse,balance_operativo_negativo | cobertura_esencial_reducida | recuperacion_demora_mas_de_20_dias,ninguna_relevante_para_el_periodo,"El déficit persiste, la cobertura se reduce y la deuda gana peso durante el periodo. Evaluación entre 2026-04-01 y 2026-05-31; no describe permanentemente a la persona.",historia_controlada_y_metricas_observadas,train,fragilidad_sostenida,si,roadmap_14_mvp_cerrado_v1.1,fincoah_mvp_co_v1.1,67e7271b83b092870827073bbcc2ba07ab500956e3d7365cbce5fd69178f3387
VEN_0027_3,PERF_0027,dentro_del_mvp,2026-06-30,2026-04-01,2026-06-30,acumulada_91_dias,91,92,0.9891,15506000,0,0,0,0,37026000,21171000,3350000,8354000,1294000,0,1633583,-19886417,14426435,13494755,52532000,-21520000,58.8944,22411000,90,0.0523,44066.6667,0.0649,0.0,0.0,-0.0646,fragilidad_sostenida,calculado,alta,baja,inversion_productiva_observada | hobbies_identificados_sin_asumir_que_deban_eliminarse,balance_operativo_negativo | cobertura_esencial_reducida | recuperacion_demora_mas_de_20_dias,destino_del_efectivo_fuera_del_banco,"El déficit persiste, la cobertura se reduce y la deuda gana peso durante el periodo. Evaluación entre 2026-04-01 y 2026-06-30; no describe permanentemente a la persona.",historia_controlada_y_metricas_observadas,train,fragilidad_sostenida,si,roadmap_14_mvp_cerrado_v1.1,fincoah_mvp_co_v1.1,a9fecd00d355f6a426f4223dd25de80e210233de2947727e48191f82875e3379
VEN_0028_1,PERF_0028,dentro_del_mvp,2026-04-30,2026-04-01,2026-04-30,acumulada_30_dias,30,33,0.9394,4129000,0,737000,30000,0,11052000,4703000,2181000,1773000,0,0,347476,-5808524,19227498,19964498,15948000,-6923000,45.7402,8670000,29,0.2411,639733.3333,0.0,0.0,0.1515,0.0383,fragilidad_sostenida,calculado,media,media,inversion_productiva_observada | hobbies_identificados_sin_asumir_que_deban_eliminarse,balance_operativo_negativo | cobertura_esencial_reducida | recuperacion_demora_mas_de_20_dias,destino_del_efectivo_fuera_del_banco,"El déficit persiste, la cobertura se reduce y la deuda gana peso durante el periodo. Evaluación entre 2026-04-01 y 2026-04-30; no describe permanentemente a la persona.",historia_controlada_y_metricas_observadas,train,situacion_critica,si,roadmap_14_mvp_cerrado_v1.1,fincoah_mvp_co_v1.1,e5417f083c23623049243d4f3c429fc94f1bc428247cab913e169972d4651300
VEN_0028_2,PERF_0028,dentro_del_mvp,2026-05-31,2026-04-01,2026-05-31,acumulada_61_dias,61,65,0.9538,7073000,0,2088000,30000,0,25009000,12715000,3834000,4255000,1018000,0,347476,-15470524,19227498,20582538,34200000,-17936000,88.1894,18872000,60,0.0678,-126433.3333,0.1675,0.0,0.2279,0.0705,situacion_critica,calculado,alta,baja,inversion_productiva_observada | hobbies_identificados_sin_asumir_que_deban_eliminarse,balance_operativo_negativo | cobertura_esencial_reducida | deuda_creciente | recuperacion_demora_mas_de_20_dias,destino_del_efectivo_fuera_del_banco,La liquidez resulta insuficiente frente a necesidades esenciales y la posición negativa persiste. Evaluación entre 2026-04-01 y 2026-05-31; no describe permanentemente a la persona.,historia_controlada_y_metricas_observadas,train,situacion_critica,si,roadmap_14_mvp_cerrado_v1.1,fincoah_mvp_co_v1.1,876073baa9597ea539b58a2e28a617819dc3612603b3ac98b3d5b4b74774c828
VEN_0028_3,PERF_0028,dentro_del_mvp,2026-06-30,2026-04-01,2026-06-30,acumulada_91_dias,91,97,0.9691,10149000,0,3439000,30000,0,38966000,21247000,4854000,7233000,2847000,0,347476,-25000524,19227498,20616658,52584000,-28817000,137.917,30356000,90,0.062,-26933.3333,0.1567,0.0,0.2531,0.0722,situacion_critica,calculado,alta,baja,inversion_productiva_observada | hobbies_identificados_sin_asumir_que_deban_eliminarse,balance_operativo_negativo | cobertura_esencial_reducida | deuda_creciente | recuperacion_demora_mas_de_20_dias,destino_del_efectivo_fuera_del_banco,La liquidez resulta insuficiente frente a necesidades esenciales y la posición negativa persiste. Evaluación entre 2026-04-01 y 2026-06-30; no describe permanentemente a la persona.,historia_controlada_y_metricas_observadas,train,situacion_critica,si,roadmap_14_mvp_cerrado_v1.1,fincoah_mvp_co_v1.1,0e6f8bb96bbfeeae37a68ca71ef01a8c1f50d3709ed8ab8ab0b460c0d5a176e0
VEN_0029_1,PERF_0029,dentro_del_mvp,2026-04-30,2026-04-01,2026-04-30,acumulada_30_dias,30,31,1.0000,8593000,0,0,0,0,5176000,2538000,251000,1564000,0,0,2648451,6065451,2349065,2349065,13769000,3417000,0.0,1704000,11,0.7439,-272795.2381,0.0,2.3899,0.0,0.0,acumulacion_estable,calculado,alta,baja,balance_operativo_no_negativo | cobertura_esencial_superior_a_un_mes | recuperacion_consistente | inversion_productiva_observada | hobbies_identificados_sin_asumir_que_deban_eliminarse,sin_factor_de_atencion_dominante,ninguna_relevante_para_el_periodo,"El periodo conserva balance favorable, liquidez creciente y cobertura suficiente. Evaluación entre 2026-04-01 y 2026-04-30; no describe permanentemente a la persona.",historia_controlada_y_metricas_observadas,train,acumulacion_estable,si,roadmap_14_mvp_cerrado_v1.1,fincoah_mvp_co_v1.1,aaedcf3b67d569db3792df400b9a601c666594e28d7a722656fa6a998e454b71
VEN_0029_2,PERF_0029,dentro_del_mvp,2026-05-31,2026-04-01,2026-05-31,acumulada_61_dias,61,61,1.0000,17348000,0,0,0,0,10352000,5250000,538000,2991000,205000,0,2648451,9644451,2349065,2201465,27700000,6996000,0.0,1704000,4,0.875,1433.3333,0.0093,3.6741,0.0,-0.0628,acumulacion_estable,calculado,alta,baja,balance_operativo_no_negativo | cobertura_esencial_superior_a_un_mes | recuperacion_consistente | inversion_productiva_observada | hobbies_identificados_sin_asumir_que_deban_eliminarse,sin_factor_de_atencion_dominante,ninguna_relevante_para_el_periodo,"El periodo conserva balance favorable, liquidez creciente y cobertura suficiente. Evaluación entre 2026-04-01 y 2026-05-31; no describe permanentemente a la persona.",historia_controlada_y_metricas_observadas,train,acumulacion_estable,si,roadmap_14_mvp_cerrado_v1.1,fincoah_mvp_co_v1.1,1561264877075da53aec2336d90685e77cb77ac6566c17faaf40fd5b5a7afa7c
VEN_0029_3,PERF_0029,dentro_del_mvp,2026-06-30,2026-04-01,2026-06-30,acumulada_91_dias,91,91,0.9670,26481000,0,0,0,0,15528000,8233000,1516000,3259000,205000,0,2648451,13601451,2349065,2201465,42009000,10953000,0.0,1704000,19,0.9,-37777.7778,0.0256,4.9562,0.0,-0.0628,acumulacion_estable,calculado,alta,baja,balance_operativo_no_negativo | cobertura_esencial_superior_a_un_mes | recuperacion_consistente | inversion_productiva_observada | hobbies_identificados_sin_asumir_que_deban_eliminarse,sin_factor_de_atencion_dominante,destino_del_efectivo_fuera_del_banco,"El periodo conserva balance favorable, liquidez creciente y cobertura suficiente. Evaluación entre 2026-04-01 y 2026-06-30; no describe permanentemente a la persona.",historia_controlada_y_metricas_observadas,train,acumulacion_estable,si,roadmap_14_mvp_cerrado_v1.1,fincoah_mvp_co_v1.1,a9087c320d0759134083383bf337cfa9f8b13d1ba0342e96c8c5d83b0d782eb4
VEN_0030_1,PERF_0030,dentro_del_mvp,2026-04-30,2026-04-01,2026-04-30,acumulada_30_dias,30,33,1.0000,2595000,0,0,0,0,2398000,1303000,91000,888000,0,0,5180030,5377030,0,0,4993000,197000,0.0,647000,7,0.6667,-49961.9048,0.0,4.1267,0.0,0.0,equilibrio_sostenible,calculado,alta,baja,balance_operativo_no_negativo | cobertura_esencial_superior_a_un_mes | inversion_productiva_observada | hobbies_identificados_sin_asumir_que_deban_eliminarse,sin_factor_de_atencion_dominante,ninguna_relevante_para_el_periodo,El periodo permanece cerca del equilibrio y mantiene cubiertas las obligaciones observadas. Evaluación entre 2026-04-01 y 2026-04-30; no describe permanentemente a la persona.,historia_controlada_y_metricas_observadas,train,equilibrio_sostenible,si,roadmap_14_mvp_cerrado_v1.1,fincoah_mvp_co_v1.1,bc07c3c0018fe2aaecdf95e1dfaa9babb10a5c422b2b5af8df62209adb610ad8
VEN_0030_2,PERF_0030,dentro_del_mvp,2026-05-31,2026-04-01,2026-05-31,acumulada_61_dias,61,66,0.9848,5045000,0,0,110000,0,4796000,2860000,128000,1362000,0,0,5180030,5539030,0,0,9951000,249000,0.0,1131000,38,0.9319,-8333.3333,0.0287,3.8734,0.0,0.0,equilibrio_sostenible,calculado,alta,baja,balance_operativo_no_negativo | cobertura_esencial_superior_a_un_mes | recuperacion_consistente | inversion_productiva_observada | hobbies_identificados_sin_asumir_que_deban_eliminarse,recuperacion_demora_mas_de_20_dias,destino_del_efectivo_fuera_del_banco,El periodo permanece cerca del equilibrio y mantiene cubiertas las obligaciones observadas. Evaluación entre 2026-04-01 y 2026-05-31; no describe permanentemente a la persona.,historia_controlada_y_metricas_observadas,train,equilibrio_sostenible,si,roadmap_14_mvp_cerrado_v1.1,fincoah_mvp_co_v1.1,949418bc702877da0c0f392861cd7dd8ab54c34d6c2e09496c5ea00216bda8cd
VEN_0030_3,PERF_0030,dentro_del_mvp,2026-06-30,2026-04-01,2026-06-30,acumulada_91_dias,91,99,0.9899,7590000,236000,0,110000,0,7194000,3995000,264000,2286000,0,0,5180030,5922030,0,0,15130000,396000,0.0,1131000,11,0.8108,11844.4444,0.0238,4.4471,0.0302,0.0,equilibrio_sostenible,calculado,alta,baja,balance_operativo_no_negativo | cobertura_esencial_superior_a_un_mes | recuperacion_consistente | inversion_productiva_observada | hobbies_identificados_sin_asumir_que_deban_eliminarse,sin_factor_de_atencion_dominante,destino_del_efectivo_fuera_del_banco,El periodo permanece cerca del equilibrio y mantiene cubiertas las obligaciones observadas. Evaluación entre 2026-04-01 y 2026-06-30; no describe permanentemente a la persona.,historia_controlada_y_metricas_observadas,train,equilibrio_sostenible,si,roadmap_14_mvp_cerrado_v1.1,fincoah_mvp_co_v1.1,36b84a9982fb5d15dc09538697ac22f36caa1245646e09d31ad7af1379ca9df6
VEN_0031_1,PERF_0031,dentro_del_mvp,2026-04-30,2026-04-01,2026-04-30,acumulada_30_dias,30,33,0.9697,6385000,0,0,0,0,5961000,3748000,502000,905000,772000,0,16253535,16677535,2322931,1767091,12346000,424000,0.0,5595000,0,1.0,465323.8095,0.0,4.4497,0.0,-0.2393,equilibrio_sostenible,calculado,alta,baja,balance_operativo_no_negativo | cobertura_esencial_superior_a_un_mes | recuperacion_consistente | inversion_productiva_observada | hobbies_identificados_sin_asumir_que_deban_eliminarse,sin_factor_de_atencion_dominante,ninguna_relevante_para_el_periodo,El periodo permanece cerca del equilibrio y mantiene cubiertas las obligaciones observadas. Evaluación entre 2026-04-01 y 2026-04-30; no describe permanentemente a la persona.,historia_controlada_y_metricas_observadas,train,variable_resiliente,si,roadmap_14_mvp_cerrado_v1.1,fincoah_mvp_co_v1.1,79b303d01c31b4cc27d2498c0acd4c94094c14349c5154c4c60fbbb19766a0bc
VEN_0031_2,PERF_0031,dentro_del_mvp,2026-05-31,2026-04-01,2026-05-31,acumulada_61_dias,61,66,0.9545,10978000,438000,0,0,0,13946000,8814000,675000,2668000,2297000,0,16253535,13723535,2322931,669091,25362000,-2968000,0.0,5595000,31,0.6474,-107100.0,0.1632,3.114,0.0384,-0.712,variable_resiliente,calculado,alta,baja,cobertura_esencial_superior_a_un_mes | inversion_productiva_observada | hobbies_identificados_sin_asumir_que_deban_eliminarse,balance_operativo_negativo | recuperacion_demora_mas_de_20_dias,destino_del_efectivo_fuera_del_banco,"Los ingresos fluctúan, pero el periodo muestra recuperación y cobertura sin convertir la variabilidad en riesgo. Evaluación entre 2026-04-01 y 2026-05-31; no describe permanentemente a la persona.",historia_controlada_y_metricas_observadas,train,variable_resiliente,si,roadmap_14_mvp_cerrado_v1.1,fincoah_mvp_co_v1.1,57adf4a97a78c3fced6b3d8d6148eaaeb87ef7fc0649df0e99b7c8fa432d4d8c
VEN_0031_3,PERF_0031,dentro_del_mvp,2026-06-30,2026-04-01,2026-06-30,acumulada_91_dias,91,99,0.9596,15950000,438000,0,100000,0,21931000,14137000,1166000,3469000,2578000,0,16253535,10810535,2322931,466771,38419000,-5981000,0.0,8739000,61,0.6335,-9911.1111,0.145,2.2941,0.0267,-0.7991,variable_resiliente,calculado,alta,baja,cobertura_esencial_superior_a_un_mes | inversion_productiva_observada | hobbies_identificados_sin_asumir_que_deban_eliminarse,balance_operativo_negativo | recuperacion_demora_mas_de_20_dias,destino_del_efectivo_fuera_del_banco,"Los ingresos fluctúan, pero el periodo muestra recuperación y cobertura sin convertir la variabilidad en riesgo. Evaluación entre 2026-04-01 y 2026-06-30; no describe permanentemente a la persona.",historia_controlada_y_metricas_observadas,train,variable_resiliente,si,roadmap_14_mvp_cerrado_v1.1,fincoah_mvp_co_v1.1,1c331cd7057f9e016296b1719bbf355f0b3974d3a2b90b7abe13b1c23064902d
VEN_0032_1,PERF_0032,dentro_del_mvp,2026-04-30,2026-04-01,2026-04-30,acumulada_30_dias,30,30,0.9667,3967000,132000,0,0,0,2310000,1339000,283000,214000,0,0,7969194,9758194,0,0,6409000,1657000,0.0,771000,4,0.5,63609.5238,0.0,7.2877,0.0322,0.0,acumulacion_estable,calculado,alta,baja,balance_operativo_no_negativo | cobertura_esencial_superior_a_un_mes | inversion_productiva_observada | hobbies_identificados_sin_asumir_que_deban_eliminarse,sin_factor_de_atencion_dominante,destino_del_efectivo_fuera_del_banco,"El periodo conserva balance favorable, liquidez creciente y cobertura suficiente. Evaluación entre 2026-04-01 y 2026-04-30; no describe permanentemente a la persona.",historia_controlada_y_metricas_observadas,test,uso_planificado_reserva,si,roadmap_14_mvp_cerrado_v1.1,fincoah_mvp_co_v1.1,18629b0cb82819b035f3c1085a92823cb95beeeaf685ffee3626b307bb9272f3
VEN_0032_2,PERF_0032,dentro_del_mvp,2026-05-31,2026-04-01,2026-05-31,acumulada_61_dias,61,60,0.9333,6352000,132000,0,0,0,8386000,4579000,551000,1199000,0,0,7969194,6067194,0,0,14870000,-2034000,0.0,5203000,35,0.6088,-181266.6667,0.2491,2.65,0.0204,0.0,uso_planificado_reserva,calculado,media,media,cobertura_esencial_superior_a_un_mes | inversion_productiva_observada | hobbies_identificados_sin_asumir_que_deban_eliminarse,balance_operativo_negativo | recuperacion_demora_mas_de_20_dias,destino_del_efectivo_fuera_del_banco,El balance negativo se explica por una salida alineada con una meta y existe reserva para absorberla. Evaluación entre 2026-04-01 y 2026-05-31; no describe permanentemente a la persona.,historia_controlada_y_metricas_observadas,test,uso_planificado_reserva,si,roadmap_14_mvp_cerrado_v1.1,fincoah_mvp_co_v1.1,6947dee64fa77ee144a125ffccafffebd0251c06d0a120615a704fd93e2e5baa
VEN_0032_3,PERF_0032,dentro_del_mvp,2026-06-30,2026-04-01,2026-06-30,acumulada_91_dias,91,90,0.9556,8541000,295000,0,0,0,14462000,8310000,1056000,1923000,0,0,7969194,2343194,0,0,23298000,-5921000,0.0,8967000,65,0.5563,-55977.7778,0.2796,0.8459,0.0334,0.0,uso_planificado_reserva,calculado,alta,baja,inversion_productiva_observada | hobbies_identificados_sin_asumir_que_deban_eliminarse,balance_operativo_negativo | cobertura_esencial_reducida | recuperacion_demora_mas_de_20_dias,destino_del_efectivo_fuera_del_banco,El balance negativo se explica por una salida alineada con una meta y existe reserva para absorberla. Evaluación entre 2026-04-01 y 2026-06-30; no describe permanentemente a la persona.,historia_controlada_y_metricas_observadas,test,uso_planificado_reserva,si,roadmap_14_mvp_cerrado_v1.1,fincoah_mvp_co_v1.1,c259bd735939d8b35682786ea4d2714a71bc6d17f05ee4bea55bcd2beb81740a
VEN_0033_1,PERF_0033,dentro_del_mvp,2026-04-30,2026-04-01,2026-04-30,acumulada_30_dias,30,33,1.0000,3041000,0,0,0,0,2738000,1780000,148000,596000,0,0,7152554,7455554,0,0,5779000,303000,0.0,684000,15,0.8801,-46519.0476,0.0,4.1885,0.0,0.0,equilibrio_sostenible,calculado,alta,baja,balance_operativo_no_negativo | cobertura_esencial_superior_a_un_mes | recuperacion_consistente | inversion_productiva_observada | hobbies_identificados_sin_asumir_que_deban_eliminarse,sin_factor_de_atencion_dominante,ninguna_relevante_para_el_periodo,El periodo permanece cerca del equilibrio y mantiene cubiertas las obligaciones observadas. Evaluación entre 2026-04-01 y 2026-04-30; no describe permanentemente a la persona.,historia_controlada_y_metricas_observadas,train,deterioro_reciente,si,roadmap_14_mvp_cerrado_v1.1,fincoah_mvp_co_v1.1,b0fdd89994b5539ab153d809daa00e73f5cbd3985961255c7edfd9737db32224
VEN_0033_2,PERF_0033,dentro_del_mvp,2026-05-31,2026-04-01,2026-05-31,acumulada_61_dias,61,66,0.9545,5832000,0,0,230000,0,5476000,3275000,604000,776000,0,0,7152554,7738554,0,0,11538000,356000,0.0,1459000,4,0.75,24800.0,0.0429,4.7258,0.0,0.0,equilibrio_sostenible,calculado,alta,baja,balance_operativo_no_negativo | cobertura_esencial_superior_a_un_mes | recuperacion_consistente | inversion_productiva_observada | hobbies_identificados_sin_asumir_que_deban_eliminarse,sin_factor_de_atencion_dominante,destino_del_efectivo_fuera_del_banco,El periodo permanece cerca del equilibrio y mantiene cubiertas las obligaciones observadas. Evaluación entre 2026-04-01 y 2026-05-31; no describe permanentemente a la persona.,historia_controlada_y_metricas_observadas,train,deterioro_reciente,si,roadmap_14_mvp_cerrado_v1.1,fincoah_mvp_co_v1.1,dbd511539b9b402c620fddb315fe347598524a2a842da9f2ae3892c191d1e31a
VEN_0033_3,PERF_0033,dentro_del_mvp,2026-06-30,2026-04-01,2026-06-30,acumulada_91_dias,91,98,0.9490,8169000,0,0,400000,0,9453000,5683000,865000,1769000,0,0,7152554,6268554,0,0,18022000,-1284000,0.0,2810000,23,0.8,-9422.2222,0.107,3.3091,0.0,0.0,deterioro_reciente,calculado,alta,baja,cobertura_esencial_superior_a_un_mes | recuperacion_consistente | inversion_productiva_observada | hobbies_identificados_sin_asumir_que_deban_eliminarse,balance_operativo_negativo | recuperacion_demora_mas_de_20_dias,destino_del_efectivo_fuera_del_banco,El cierre reciente empeora frente al inicio del periodo y la recuperación es parcial. Evaluación entre 2026-04-01 y 2026-06-30; no describe permanentemente a la persona.,historia_controlada_y_metricas_observadas,train,deterioro_reciente,si,roadmap_14_mvp_cerrado_v1.1,fincoah_mvp_co_v1.1,55f743a6824baaa846f57c960df7360099a4713352cb64199b55c73bdeb5f4bf
VEN_0034_1,PERF_0034,dentro_del_mvp,2026-04-30,2026-04-01,2026-04-30,acumulada_30_dias,30,30,1.0000,4732000,0,0,70000,0,7954000,4217000,607000,1323000,302000,0,1168717,-1983283,18397463,18180023,12756000,-3222000,15.1246,3114000,29,0.578,225004.7619,0.0,0.0,0.0,-0.0118,deterioro_reciente,calculado,alta,baja,inversion_productiva_observada | hobbies_identificados_sin_asumir_que_deban_eliminarse,balance_operativo_negativo | cobertura_esencial_reducida | recuperacion_demora_mas_de_20_dias,ninguna_relevante_para_el_periodo,El cierre reciente empeora frente al inicio del periodo y la recuperación es parcial. Evaluación entre 2026-04-01 y 2026-04-30; no describe permanentemente a la persona.,historia_controlada_y_metricas_observadas,train,fragilidad_sostenida,si,roadmap_14_mvp_cerrado_v1.1,fincoah_mvp_co_v1.1,5ec5ccbeeadd15f5e3d8a4fe19b57e5bf2ef5cce7e45d0d5f7361d703b097996
VEN_0034_2,PERF_0034,dentro_del_mvp,2026-05-31,2026-04-01,2026-05-31,acumulada_61_dias,61,60,1.0000,8445000,0,0,70000,0,18106000,10857000,1002000,2830000,302000,0,1168717,-8422283,18397463,18180023,26621000,-9661000,26.8691,8309000,29,0.5,-295500.0,0.1207,0.0,0.0,-0.0118,fragilidad_sostenida,calculado,alta,baja,inversion_productiva_observada | hobbies_identificados_sin_asumir_que_deban_eliminarse,balance_operativo_negativo | cobertura_esencial_reducida | recuperacion_demora_mas_de_20_dias,ninguna_relevante_para_el_periodo,"El déficit persiste, la cobertura se reduce y la deuda gana peso durante el periodo. Evaluación entre 2026-04-01 y 2026-05-31; no describe permanentemente a la persona.",historia_controlada_y_metricas_observadas,train,fragilidad_sostenida,si,roadmap_14_mvp_cerrado_v1.1,fincoah_mvp_co_v1.1,0128f2e756c87843efafc7f7fc93d9637aa00f3ce6c8776bf0e21ba143a102ae
VEN_0034_3,PERF_0034,dentro_del_mvp,2026-06-30,2026-04-01,2026-06-30,acumulada_91_dias,91,90,0.9889,11785000,0,677000,240000,0,28258000,19332000,1581000,3256000,2070000,0,1168717,-14387283,18397463,17584063,40960000,-16473000,55.6002,16007000,59,0.5277,-138111.1111,0.1498,0.0,0.0543,-0.0442,fragilidad_sostenida,calculado,alta,baja,inversion_productiva_observada | hobbies_identificados_sin_asumir_que_deban_eliminarse,balance_operativo_negativo | cobertura_esencial_reducida | recuperacion_demora_mas_de_20_dias,ninguna_relevante_para_el_periodo,"El déficit persiste, la cobertura se reduce y la deuda gana peso durante el periodo. Evaluación entre 2026-04-01 y 2026-06-30; no describe permanentemente a la persona.",historia_controlada_y_metricas_observadas,train,fragilidad_sostenida,si,roadmap_14_mvp_cerrado_v1.1,fincoah_mvp_co_v1.1,db684fc92dcc1a7d420bd90c4b79c6be5ca408cba3741b3432be515588fe7cda
VEN_0035_1,PERF_0035,dentro_del_mvp,2026-04-30,2026-04-01,2026-04-30,acumulada_30_dias,30,32,1.0000,1140000,0,216000,160000,0,3240000,2421000,202000,167000,409000,0,538243,-1185757,3072926,2994446,4756000,-2100000,18.7681,2462000,27,0.0,40538.0952,0.0,0.0,0.1593,-0.0255,fragilidad_sostenida,calculado,alta,baja,inversion_productiva_observada | hobbies_identificados_sin_asumir_que_deban_eliminarse,balance_operativo_negativo | cobertura_esencial_reducida | recuperacion_demora_mas_de_20_dias,ninguna_relevante_para_el_periodo,"El déficit persiste, la cobertura se reduce y la deuda gana peso durante el periodo. Evaluación entre 2026-04-01 y 2026-04-30; no describe permanentemente a la persona.",historia_controlada_y_metricas_observadas,train,situacion_critica,si,roadmap_14_mvp_cerrado_v1.1,fincoah_mvp_co_v1.1,0e3d632f3218f88e86c253ba215d15a357cc1d25684cc5f66a7d1ac97d040598
VEN_0035_2,PERF_0035,dentro_del_mvp,2026-05-31,2026-04-01,2026-05-31,acumulada_61_dias,61,64,1.0000,1894000,0,612000,310000,0,7332000,4750000,344000,1105000,776000,0,538243,-3977757,3072926,3126206,10148000,-5438000,67.1706,5896000,58,0.0163,-21733.3333,0.2038,0.0,0.2442,0.0173,situacion_critica,calculado,alta,baja,inversion_productiva_observada | hobbies_identificados_sin_asumir_que_deban_eliminarse,balance_operativo_negativo | cobertura_esencial_reducida | recuperacion_demora_mas_de_20_dias,ninguna_relevante_para_el_periodo,La liquidez resulta insuficiente frente a necesidades esenciales y la posición negativa persiste. Evaluación entre 2026-04-01 y 2026-05-31; no describe permanentemente a la persona.,historia_controlada_y_metricas_observadas,train,situacion_critica,si,roadmap_14_mvp_cerrado_v1.1,fincoah_mvp_co_v1.1,338c7b0217d3d7f497aa2a323bf50f3873f5a83a7a0bd508ecab7a40aa235b27
VEN_0035_3,PERF_0035,dentro_del_mvp,2026-06-30,2026-04-01,2026-06-30,acumulada_91_dias,91,96,0.9896,2655000,0,1008000,310000,0,11424000,7361000,713000,1440000,1033000,0,538243,-6912757,3072926,3337166,15397000,-8769000,127.8787,9320000,88,0.0203,-28288.8889,0.2038,0.0,0.2752,0.086,situacion_critica,calculado,alta,baja,inversion_productiva_observada | hobbies_identificados_sin_asumir_que_deban_eliminarse,balance_operativo_negativo | cobertura_esencial_reducida | deuda_creciente | recuperacion_demora_mas_de_20_dias,destino_del_efectivo_fuera_del_banco,La liquidez resulta insuficiente frente a necesidades esenciales y la posición negativa persiste. Evaluación entre 2026-04-01 y 2026-06-30; no describe permanentemente a la persona.,historia_controlada_y_metricas_observadas,train,situacion_critica,si,roadmap_14_mvp_cerrado_v1.1,fincoah_mvp_co_v1.1,cef6d205bad1ef1c58013cd43e16e62f4972059e8c21b443ec4e813005fe3ffa
VEN_0036_1,PERF_0036,dentro_del_mvp,2026-04-30,2026-04-01,2026-04-30,acumulada_30_dias,30,33,1.0000,7596000,0,1185000,0,0,4362000,2481000,316000,650000,120000,0,13031859,17450859,7289869,8388469,13143000,3234000,0.0,2092000,8,0.6667,187885.7143,0.0,7.0338,0.135,0.1507,acumulacion_estable,calculado,alta,baja,balance_operativo_no_negativo | cobertura_esencial_superior_a_un_mes | inversion_productiva_observada | hobbies_identificados_sin_asumir_que_deban_eliminarse,deuda_creciente,ninguna_relevante_para_el_periodo,"El periodo conserva balance favorable, liquidez creciente y cobertura suficiente. Evaluación entre 2026-04-01 y 2026-04-30; no describe permanentemente a la persona.",historia_controlada_y_metricas_observadas,train,acumulacion_estable,si,roadmap_14_mvp_cerrado_v1.1,fincoah_mvp_co_v1.1,47ba109e90b15620517e24bf36f75e69d0cf9da304e774081d771adc6035c9c7
VEN_0036_2,PERF_0036,dentro_del_mvp,2026-05-31,2026-04-01,2026-05-31,acumulada_61_dias,61,65,0.9846,15004000,0,1185000,0,0,8724000,4990000,802000,993000,489000,0,13031859,20496859,7289869,8122789,24913000,6280000,0.0,2092000,23,0.8333,-34966.6667,0.0125,8.2152,0.0732,0.1143,acumulacion_estable,calculado,alta,baja,balance_operativo_no_negativo | cobertura_esencial_superior_a_un_mes | recuperacion_consistente | inversion_productiva_observada | hobbies_identificados_sin_asumir_que_deban_eliminarse,deuda_creciente | recuperacion_demora_mas_de_20_dias,destino_del_efectivo_fuera_del_banco,"El periodo conserva balance favorable, liquidez creciente y cobertura suficiente. Evaluación entre 2026-04-01 y 2026-05-31; no describe permanentemente a la persona.",historia_controlada_y_metricas_observadas,train,acumulacion_estable,si,roadmap_14_mvp_cerrado_v1.1,fincoah_mvp_co_v1.1,9803c4692553797954395fc25ecffa347a5991353656a14286114a91bb1adcfd
VEN_0036_3,PERF_0036,dentro_del_mvp,2026-06-30,2026-04-01,2026-06-30,acumulada_91_dias,91,97,0.9794,22465000,0,2142000,0,0,13086000,7575000,987000,1853000,693000,0,13031859,24552859,7289869,8932909,37693000,9379000,0.0,3422000,12,0.8571,-159822.2222,0.0106,9.7239,0.087,0.2254,acumulacion_estable,calculado,alta,baja,balance_operativo_no_negativo | cobertura_esencial_superior_a_un_mes | recuperacion_consistente | inversion_productiva_observada | hobbies_identificados_sin_asumir_que_deban_eliminarse,deuda_creciente,destino_del_efectivo_fuera_del_banco,"El periodo conserva balance favorable, liquidez creciente y cobertura suficiente. Evaluación entre 2026-04-01 y 2026-06-30; no describe permanentemente a la persona.",historia_controlada_y_metricas_observadas,train,acumulacion_estable,si,roadmap_14_mvp_cerrado_v1.1,fincoah_mvp_co_v1.1,15f147c5a0b370d38a9ec7d0b45ca0dd6a6980196ae35bd0f99d692e4bf3f5f2
VEN_0037_1,PERF_0037,dentro_del_mvp,2026-04-30,2026-04-01,2026-04-30,acumulada_30_dias,30,31,1.0000,8248000,0,0,0,0,7767000,5740000,361000,727000,1611000,0,2444781,2925781,17624813,16464893,16015000,481000,0.0631,3094000,0,1.0,169957.1429,0.0,0.5097,0.0,-0.0658,equilibrio_sostenible,calculado,alta,baja,balance_operativo_no_negativo | recuperacion_consistente | inversion_productiva_observada | hobbies_identificados_sin_asumir_que_deban_eliminarse,cobertura_esencial_reducida,ninguna_relevante_para_el_periodo,El periodo permanece cerca del equilibrio y mantiene cubiertas las obligaciones observadas. Evaluación entre 2026-04-01 y 2026-04-30; no describe permanentemente a la persona.,historia_controlada_y_metricas_observadas,train,equilibrio_sostenible,si,roadmap_14_mvp_cerrado_v1.1,fincoah_mvp_co_v1.1,66efafd2f8d2c7359e3430401061d228f8ff7b3769e44b7be79da6d815e5d12b
VEN_0037_2,PERF_0037,dentro_del_mvp,2026-05-31,2026-04-01,2026-05-31,acumulada_61_dias,61,62,0.9839,16308000,0,2320000,0,0,15534000,12539000,830000,727000,2698000,0,2444781,5538781,17624813,18002253,34162000,774000,0.0319,3094000,0,1.0,33800.0,0.0115,0.8834,0.1245,0.0214,equilibrio_sostenible,calculado,alta,baja,balance_operativo_no_negativo | recuperacion_consistente | inversion_productiva_observada | hobbies_identificados_sin_asumir_que_deban_eliminarse,cobertura_esencial_reducida,ninguna_relevante_para_el_periodo,El periodo permanece cerca del equilibrio y mantiene cubiertas las obligaciones observadas. Evaluación entre 2026-04-01 y 2026-05-31; no describe permanentemente a la persona.,historia_controlada_y_metricas_observadas,train,equilibrio_sostenible,si,roadmap_14_mvp_cerrado_v1.1,fincoah_mvp_co_v1.1,b70e97dd1d7549c4a6fc1b812872f8c99e64678729207e5b170feb7c5faefd81
VEN_0037_3,PERF_0037,dentro_del_mvp,2026-06-30,2026-04-01,2026-06-30,acumulada_91_dias,91,93,0.9785,24239000,0,2320000,140000,0,23301000,16867000,1098000,3158000,2945000,0,2444781,5842781,17624813,17824413,50000000,938000,0.0215,3094000,1,0.75,91777.7778,0.0161,1.0392,0.0874,0.0113,equilibrio_sostenible,calculado,alta,baja,balance_operativo_no_negativo | cobertura_esencial_superior_a_un_mes | recuperacion_consistente | inversion_productiva_observada | hobbies_identificados_sin_asumir_que_deban_eliminarse,sin_factor_de_atencion_dominante,ninguna_relevante_para_el_periodo,El periodo permanece cerca del equilibrio y mantiene cubiertas las obligaciones observadas. Evaluación entre 2026-04-01 y 2026-06-30; no describe permanentemente a la persona.,historia_controlada_y_metricas_observadas,train,equilibrio_sostenible,si,roadmap_14_mvp_cerrado_v1.1,fincoah_mvp_co_v1.1,9690790f9652c21de79a0a96270538184ce1e295dd8672c784a57fca97819574
VEN_0038_1,PERF_0038,dentro_del_mvp,2026-04-30,2026-04-01,2026-04-30,acumulada_30_dias,30,34,0.9706,7109000,0,0,0,412000,6563000,4390000,635000,692000,0,0,17324598,18282598,14536777,14536777,14084000,546000,0.0,6465000,1,0.5,749776.1905,0.0,4.1646,0.0,0.0,equilibrio_sostenible,calculado,alta,baja,balance_operativo_no_negativo | cobertura_esencial_superior_a_un_mes | inversion_productiva_observada | hobbies_identificados_sin_asumir_que_deban_eliminarse,sin_factor_de_atencion_dominante,destino_del_efectivo_fuera_del_banco,El periodo permanece cerca del equilibrio y mantiene cubiertas las obligaciones observadas. Evaluación entre 2026-04-01 y 2026-04-30; no describe permanentemente a la persona.,historia_controlada_y_metricas_observadas,train,variable_resiliente,si,roadmap_14_mvp_cerrado_v1.1,fincoah_mvp_co_v1.1,ea14272f08c816b7c4211dac2ca787a6a27d93c16013950104df1ff325e53c43
VEN_0038_2,PERF_0038,dentro_del_mvp,2026-05-31,2026-04-01,2026-05-31,acumulada_61_dias,61,67,0.9552,12224000,0,0,0,412000,15354000,11039000,893000,1274000,872000,0,17324598,14606598,14536777,13908937,27990000,-3130000,0.0,7692000,32,0.7547,-22533.3333,0.1631,2.6464,0.0,-0.0432,variable_resiliente,calculado,alta,baja,cobertura_esencial_superior_a_un_mes | recuperacion_consistente | inversion_productiva_observada | hobbies_identificados_sin_asumir_que_deban_eliminarse,balance_operativo_negativo | recuperacion_demora_mas_de_20_dias,destino_del_efectivo_fuera_del_banco,"Los ingresos fluctúan, pero el periodo muestra recuperación y cobertura sin convertir la variabilidad en riesgo. Evaluación entre 2026-04-01 y 2026-05-31; no describe permanentemente a la persona.",historia_controlada_y_metricas_observadas,train,variable_resiliente,si,roadmap_14_mvp_cerrado_v1.1,fincoah_mvp_co_v1.1,0033ae821f537738699e6c3332c3204b4b8215ef98f3f0a01725e3604a7729fa
VEN_0038_3,PERF_0038,dentro_del_mvp,2026-06-30,2026-04-01,2026-06-30,acumulada_91_dias,91,100,0.9400,17155000,0,0,190000,1109000,24145000,15781000,1718000,2814000,872000,0,17324598,11633598,14536777,13908937,42599000,-6990000,0.0,12155000,62,0.686,78533.3333,0.1725,2.2116,0.0,-0.0432,variable_resiliente,calculado,alta,baja,cobertura_esencial_superior_a_un_mes | inversion_productiva_observada | hobbies_identificados_sin_asumir_que_deban_eliminarse,balance_operativo_negativo | recuperacion_demora_mas_de_20_dias,destino_del_efectivo_fuera_del_banco,"Los ingresos fluctúan, pero el periodo muestra recuperación y cobertura sin convertir la variabilidad en riesgo. Evaluación entre 2026-04-01 y 2026-06-30; no describe permanentemente a la persona.",historia_controlada_y_metricas_observadas,train,variable_resiliente,si,roadmap_14_mvp_cerrado_v1.1,fincoah_mvp_co_v1.1,ca9cf9ce0e58ae381f531b57cbfbe7827ae5313c925068f8ce4a58bcd11e9f74
VEN_0039_1,PERF_0039,dentro_del_mvp,2026-04-30,2026-04-01,2026-04-30,acumulada_30_dias,30,33,1.0000,5636000,0,0,190000,0,3724000,2243000,373000,618000,311000,0,14892633,16994633,12240642,12016722,9550000,1912000,0.0,3024000,29,0.0,26357.1429,0.0,7.5767,0.0,-0.0183,acumulacion_estable,calculado,alta,baja,balance_operativo_no_negativo | cobertura_esencial_superior_a_un_mes | inversion_productiva_observada | hobbies_identificados_sin_asumir_que_deban_eliminarse,recuperacion_demora_mas_de_20_dias,ninguna_relevante_para_el_periodo,"El periodo conserva balance favorable, liquidez creciente y cobertura suficiente. Evaluación entre 2026-04-01 y 2026-04-30; no describe permanentemente a la persona.",historia_controlada_y_metricas_observadas,test,uso_planificado_reserva,si,roadmap_14_mvp_cerrado_v1.1,fincoah_mvp_co_v1.1,1f7f157d6013beccfac9db2f0d3e709ef54d8850ea60e2cbfed06f4766040012
VEN_0039_2,PERF_0039,dentro_del_mvp,2026-05-31,2026-04-01,2026-05-31,acumulada_61_dias,61,66,0.9697,9358000,0,0,190000,523000,13518000,8338000,1524000,1614000,727000,0,14892633,11445633,12240642,11717202,23589000,-4160000,0.0,10833000,60,0.1603,-71600.0,0.2045,2.7454,0.0,-0.0428,uso_planificado_reserva,calculado,alta,baja,cobertura_esencial_superior_a_un_mes | inversion_productiva_observada | hobbies_identificados_sin_asumir_que_deban_eliminarse,balance_operativo_negativo | recuperacion_demora_mas_de_20_dias,destino_del_efectivo_fuera_del_banco,El balance negativo se explica por una salida alineada con una meta y existe reserva para absorberla. Evaluación entre 2026-04-01 y 2026-05-31; no describe permanentemente a la persona.,historia_controlada_y_metricas_observadas,test,uso_planificado_reserva,si,roadmap_14_mvp_cerrado_v1.1,fincoah_mvp_co_v1.1,dfb537af23ab04bfa3ee3f2d45e3f13ab0bc56a828373b64a65e9d280d491233
VEN_0039_3,PERF_0039,dentro_del_mvp,2026-06-30,2026-04-01,2026-06-30,acumulada_91_dias,91,99,0.9798,13438000,0,0,190000,523000,23312000,13708000,2263000,4006000,907000,0,14892633,5731633,12240642,11587602,37463000,-9874000,0.0,14810000,90,0.0,77111.1111,0.1855,1.2544,0.0,-0.0534,uso_planificado_reserva,calculado,alta,baja,cobertura_esencial_superior_a_un_mes | inversion_productiva_observada | hobbies_identificados_sin_asumir_que_deban_eliminarse,balance_operativo_negativo | recuperacion_demora_mas_de_20_dias,destino_del_efectivo_fuera_del_banco,El balance negativo se explica por una salida alineada con una meta y existe reserva para absorberla. Evaluación entre 2026-04-01 y 2026-06-30; no describe permanentemente a la persona.,historia_controlada_y_metricas_observadas,test,uso_planificado_reserva,si,roadmap_14_mvp_cerrado_v1.1,fincoah_mvp_co_v1.1,3e3643dd88793b7e7e9bbed021aedc129b5870d04796be92345a0a58e65e1cb8
VEN_0040_1,PERF_0040,dentro_del_mvp,2026-04-30,2026-04-01,2026-04-30,acumulada_30_dias,30,32,1.0000,2787000,0,0,190000,65000,2670000,1402000,171000,524000,0,0,2655334,3027334,0,0,5712000,117000,0.0,1079000,28,0.1205,-20247.619,0.0,2.1593,0.0,0.0,equilibrio_sostenible,calculado,alta,baja,balance_operativo_no_negativo | cobertura_esencial_superior_a_un_mes | inversion_productiva_observada | hobbies_identificados_sin_asumir_que_deban_eliminarse,recuperacion_demora_mas_de_20_dias,ninguna_relevante_para_el_periodo,El periodo permanece cerca del equilibrio y mantiene cubiertas las obligaciones observadas. Evaluación entre 2026-04-01 y 2026-04-30; no describe permanentemente a la persona.,historia_controlada_y_metricas_observadas,validation,deterioro_reciente,si,roadmap_14_mvp_cerrado_v1.1,fincoah_mvp_co_v1.1,340077cf52dc3f5b627cc75d7f1ce2ec30d44503c5e384047282c4cc3f5e9a7a
VEN_0040_2,PERF_0040,dentro_del_mvp,2026-05-31,2026-04-01,2026-05-31,acumulada_61_dias,61,64,1.0000,5419000,0,0,190000,65000,5340000,2608000,205000,1635000,0,0,2655334,2989334,0,0,11014000,79000,0.0,1489000,59,0.3371,-16766.6667,0.0286,2.2924,0.0,0.0,equilibrio_sostenible,calculado,alta,baja,balance_operativo_no_negativo | cobertura_esencial_superior_a_un_mes | inversion_productiva_observada | hobbies_identificados_sin_asumir_que_deban_eliminarse,recuperacion_demora_mas_de_20_dias,ninguna_relevante_para_el_periodo,El periodo permanece cerca del equilibrio y mantiene cubiertas las obligaciones observadas. Evaluación entre 2026-04-01 y 2026-05-31; no describe permanentemente a la persona.,historia_controlada_y_metricas_observadas,validation,deterioro_reciente,si,roadmap_14_mvp_cerrado_v1.1,fincoah_mvp_co_v1.1,3abfd61cf072f2f746da0169b4aee9e233bf01ecf80094c033cb0782f4c4d9a8
VEN_0040_3,PERF_0040,dentro_del_mvp,2026-06-30,2026-04-01,2026-06-30,acumulada_91_dias,91,96,0.9792,7642000,0,0,380000,65000,9218000,5016000,284000,2357000,0,0,2655334,1524334,0,0,17305000,-1576000,0.0,2752000,89,0.04,-12977.7778,0.0934,0.9117,0.0,0.0,deterioro_reciente,calculado,alta,baja,inversion_productiva_observada | hobbies_identificados_sin_asumir_que_deban_eliminarse,balance_operativo_negativo | cobertura_esencial_reducida | recuperacion_demora_mas_de_20_dias,destino_del_efectivo_fuera_del_banco,El cierre reciente empeora frente al inicio del periodo y la recuperación es parcial. Evaluación entre 2026-04-01 y 2026-06-30; no describe permanentemente a la persona.,historia_controlada_y_metricas_observadas,validation,deterioro_reciente,si,roadmap_14_mvp_cerrado_v1.1,fincoah_mvp_co_v1.1,b3594a335c07ff7b4526b06058babc3f371d9b44eda67566ea90436ea31e06e8
VEN_0041_1,PERF_0041,dentro_del_mvp,2026-04-30,2026-04-01,2026-04-30,acumulada_30_dias,30,34,1.0000,6054000,0,0,0,0,10253000,5194000,1515000,3245000,1348000,0,2192946,-2006054,18340258,17369698,16307000,-4199000,11.4026,5762000,29,0.3783,255647.619,0.0,0.0,0.0,-0.0529,deterioro_reciente,calculado,alta,baja,inversion_productiva_observada | hobbies_identificados_sin_asumir_que_deban_eliminarse,balance_operativo_negativo | cobertura_esencial_reducida | recuperacion_demora_mas_de_20_dias,ninguna_relevante_para_el_periodo,El cierre reciente empeora frente al inicio del periodo y la recuperación es parcial. Evaluación entre 2026-04-01 y 2026-04-30; no describe permanentemente a la persona.,historia_controlada_y_metricas_observadas,test,fragilidad_sostenida,si,roadmap_14_mvp_cerrado_v1.1,fincoah_mvp_co_v1.1,da8036a971847e651ac2dd0edf82fb3ac81afacece3a6ab66bfd851ec582dded
VEN_0041_2,PERF_0041,dentro_del_mvp,2026-05-31,2026-04-01,2026-05-31,acumulada_61_dias,61,67,0.9701,10976000,0,872000,0,0,23339000,12928000,2184000,6107000,2295000,0,2192946,-9298054,18340258,17559858,35187000,-12363000,26.582,11746000,60,0.0,-152733.3333,0.1031,0.0,0.0736,-0.0426,fragilidad_sostenida,calculado,alta,baja,inversion_productiva_observada | hobbies_identificados_sin_asumir_que_deban_eliminarse,balance_operativo_negativo | cobertura_esencial_reducida | recuperacion_demora_mas_de_20_dias,destino_del_efectivo_fuera_del_banco,"El déficit persiste, la cobertura se reduce y la deuda gana peso durante el periodo. Evaluación entre 2026-04-01 y 2026-05-31; no describe permanentemente a la persona.",historia_controlada_y_metricas_observadas,test,fragilidad_sostenida,si,roadmap_14_mvp_cerrado_v1.1,fincoah_mvp_co_v1.1,c0ab3d590e951788ed55bd253277a1c8b808126f1b9826b163ece857177299a9
VEN_0041_3,PERF_0041,dentro_del_mvp,2026-06-30,2026-04-01,2026-06-30,acumulada_91_dias,91,100,0.9700,15432000,0,1744000,0,0,36425000,20618000,3307000,7106000,2643000,0,2192946,-17056054,18340258,18181298,53601000,-20993000,46.3016,20376000,90,0.0,-68177.7778,0.1304,0.0,0.1015,-0.0087,fragilidad_sostenida,calculado,alta,baja,inversion_productiva_observada | hobbies_identificados_sin_asumir_que_deban_eliminarse,balance_operativo_negativo | cobertura_esencial_reducida | recuperacion_demora_mas_de_20_dias,destino_del_efectivo_fuera_del_banco,"El déficit persiste, la cobertura se reduce y la deuda gana peso durante el periodo. Evaluación entre 2026-04-01 y 2026-06-30; no describe permanentemente a la persona.",historia_controlada_y_metricas_observadas,test,fragilidad_sostenida,si,roadmap_14_mvp_cerrado_v1.1,fincoah_mvp_co_v1.1,9fae0454c80dd60eb7f613842bf2640663829897630bc9e89d58b3ee17cfd127
VEN_0042_1,PERF_0042,dentro_del_mvp,2026-04-30,2026-04-01,2026-04-30,acumulada_30_dias,30,33,1.0000,5891000,0,967000,0,0,14508000,8849000,2287000,1093000,764000,0,2343231,-5306769,22276196,22693116,21366000,-8617000,25.2024,9761000,29,0.1172,489676.1905,0.0,0.0,0.141,0.0187,fragilidad_sostenida,calculado,alta,baja,inversion_productiva_observada | hobbies_identificados_sin_asumir_que_deban_eliminarse,balance_operativo_negativo | cobertura_esencial_reducida | recuperacion_demora_mas_de_20_dias,ninguna_relevante_para_el_periodo,"El déficit persiste, la cobertura se reduce y la deuda gana peso durante el periodo. Evaluación entre 2026-04-01 y 2026-04-30; no describe permanentemente a la persona.",historia_controlada_y_metricas_observadas,train,situacion_critica,si,roadmap_14_mvp_cerrado_v1.1,fincoah_mvp_co_v1.1,f73be7260d8e2b8993dc4925bbf2e572c1bcf42196e9a9ccde1cdf3d901422b3
VEN_0042_2,PERF_0042,dentro_del_mvp,2026-05-31,2026-04-01,2026-05-31,acumulada_61_dias,61,66,1.0000,9381000,0,2740000,0,0,32829000,16200000,3267000,8655000,1480000,0,2343231,-18364769,22276196,23950596,44950000,-23448000,65.0411,23448000,60,0.0,-50733.3333,0.2559,0.0,0.2261,0.0752,situacion_critica,calculado,alta,baja,inversion_productiva_observada | hobbies_identificados_sin_asumir_que_deban_eliminarse,balance_operativo_negativo | cobertura_esencial_reducida | deuda_creciente | recuperacion_demora_mas_de_20_dias,ninguna_relevante_para_el_periodo,La liquidez resulta insuficiente frente a necesidades esenciales y la posición negativa persiste. Evaluación entre 2026-04-01 y 2026-05-31; no describe permanentemente a la persona.,historia_controlada_y_metricas_observadas,train,situacion_critica,si,roadmap_14_mvp_cerrado_v1.1,fincoah_mvp_co_v1.1,1cd490fb7d1d26aeb78307deb6023842e568e5ec05818ebb6e84a4aa8436e7a1
VEN_0042_3,PERF_0042,dentro_del_mvp,2026-06-30,2026-04-01,2026-06-30,acumulada_91_dias,91,98,0.9898,13482000,0,4513000,0,0,51150000,27046000,4873000,13115000,1480000,0,2343231,-30811769,22276196,25723596,69145000,-37668000,112.0326,37668000,90,0.0,-61688.8889,0.2267,0.0,0.2508,0.1548,situacion_critica,calculado,alta,baja,inversion_productiva_observada | hobbies_identificados_sin_asumir_que_deban_eliminarse,balance_operativo_negativo | cobertura_esencial_reducida | deuda_creciente | recuperacion_demora_mas_de_20_dias,ninguna_relevante_para_el_periodo,La liquidez resulta insuficiente frente a necesidades esenciales y la posición negativa persiste. Evaluación entre 2026-04-01 y 2026-06-30; no describe permanentemente a la persona.,historia_controlada_y_metricas_observadas,train,situacion_critica,si,roadmap_14_mvp_cerrado_v1.1,fincoah_mvp_co_v1.1,fbbd3acc6aba7709a6d8a0853fc911c89116bf39c3597273de85192bb941218a
VEN_0043_1,PERF_0043,dentro_del_mvp,2026-04-30,2026-04-01,2026-04-30,acumulada_30_dias,30,34,0.9706,5018000,0,0,0,0,3238000,1717000,252000,708000,0,0,6449850,8229850,0,0,8256000,1780000,0.0,1082000,6,0.8774,-21833.3333,0.0,4.7932,0.0,0.0,acumulacion_estable,calculado,alta,baja,balance_operativo_no_negativo | cobertura_esencial_superior_a_un_mes | recuperacion_consistente | inversion_productiva_observada | hobbies_identificados_sin_asumir_que_deban_eliminarse,sin_factor_de_atencion_dominante,ninguna_relevante_para_el_periodo,"El periodo conserva balance favorable, liquidez creciente y cobertura suficiente. Evaluación entre 2026-04-01 y 2026-04-30; no describe permanentemente a la persona.",historia_controlada_y_metricas_observadas,test,acumulacion_estable,si,roadmap_14_mvp_cerrado_v1.1,fincoah_mvp_co_v1.1,c1ca0ea8156993a9e1a17462408cf1aeb32a97a3ec873b3f5f2809eedea5d01b
VEN_0043_2,PERF_0043,dentro_del_mvp,2026-05-31,2026-04-01,2026-05-31,acumulada_61_dias,61,67,0.9552,10033000,0,0,0,0,6476000,3868000,459000,708000,0,0,6449850,10006850,0,0,16509000,3557000,0.0,1531000,0,1.0,-18866.6667,0.0003,5.1742,0.0,0.0,acumulacion_estable,calculado,alta,baja,balance_operativo_no_negativo | cobertura_esencial_superior_a_un_mes | recuperacion_consistente | inversion_productiva_observada | hobbies_identificados_sin_asumir_que_deban_eliminarse,sin_factor_de_atencion_dominante,destino_del_efectivo_fuera_del_banco,"El periodo conserva balance favorable, liquidez creciente y cobertura suficiente. Evaluación entre 2026-04-01 y 2026-05-31; no describe permanentemente a la persona.",historia_controlada_y_metricas_observadas,test,acumulacion_estable,si,roadmap_14_mvp_cerrado_v1.1,fincoah_mvp_co_v1.1,328f49dc22f846500667fdbbcac056635d16eb7fb70a4ebdbb15f4cfed48861a
VEN_0043_3,PERF_0043,dentro_del_mvp,2026-06-30,2026-04-01,2026-06-30,acumulada_91_dias,91,100,0.9700,15612000,0,0,0,0,9714000,6230000,776000,1086000,0,0,6449850,12347850,0,0,25326000,5898000,0.0,1531000,0,1.0,-7622.2222,0.051,5.946,0.0,0.0,acumulacion_estable,calculado,alta,baja,balance_operativo_no_negativo | cobertura_esencial_superior_a_un_mes | recuperacion_consistente | inversion_productiva_observada | hobbies_identificados_sin_asumir_que_deban_eliminarse,sin_factor_de_atencion_dominante,destino_del_efectivo_fuera_del_banco,"El periodo conserva balance favorable, liquidez creciente y cobertura suficiente. Evaluación entre 2026-04-01 y 2026-06-30; no describe permanentemente a la persona.",historia_controlada_y_metricas_observadas,test,acumulacion_estable,si,roadmap_14_mvp_cerrado_v1.1,fincoah_mvp_co_v1.1,5643180b751ff46813e986c2d1e79dcf5ad5297f0a0b7fda52e9190cb69a6b54
VEN_0044_1,PERF_0044,dentro_del_mvp,2026-04-30,2026-04-01,2026-04-30,acumulada_30_dias,30,31,1.0000,7496000,0,0,120000,0,7320000,5733000,429000,334000,319000,0,3172244,3468244,13330046,13100366,14936000,176000,0.0,2247000,20,0.8705,16023.8095,0.0,0.605,0.0,-0.0172,equilibrio_sostenible,calculado,alta,baja,balance_operativo_no_negativo | recuperacion_consistente | inversion_productiva_observada | hobbies_identificados_sin_asumir_que_deban_eliminarse,cobertura_esencial_reducida,ninguna_relevante_para_el_periodo,El periodo permanece cerca del equilibrio y mantiene cubiertas las obligaciones observadas. Evaluación entre 2026-04-01 y 2026-04-30; no describe permanentemente a la persona.,historia_controlada_y_metricas_observadas,test,equilibrio_sostenible,si,roadmap_14_mvp_cerrado_v1.1,fincoah_mvp_co_v1.1,4f4502d00fcbbebc9158650c92158e5edd3a9ef618527ddc7549dc246f41c3fb
VEN_0044_2,PERF_0044,dentro_del_mvp,2026-05-31,2026-04-01,2026-05-31,acumulada_61_dias,61,62,0.9839,15543000,0,0,120000,0,14640000,9766000,1473000,1624000,319000,0,3172244,4195244,13330046,13100366,30303000,903000,0.0,2560000,6,0.8169,18366.6667,0.0355,0.8592,0.0,-0.0172,equilibrio_sostenible,calculado,alta,baja,balance_operativo_no_negativo | recuperacion_consistente | inversion_productiva_observada | hobbies_identificados_sin_asumir_que_deban_eliminarse,cobertura_esencial_reducida,ninguna_relevante_para_el_periodo,El periodo permanece cerca del equilibrio y mantiene cubiertas las obligaciones observadas. Evaluación entre 2026-04-01 y 2026-05-31; no describe permanentemente a la persona.,historia_controlada_y_metricas_observadas,test,equilibrio_sostenible,si,roadmap_14_mvp_cerrado_v1.1,fincoah_mvp_co_v1.1,52b9ceabcc73b00f8ecc6df1e2efd51b6e521b36e1bcbf6382beb57741fc9f47
VEN_0044_3,PERF_0044,dentro_del_mvp,2026-06-30,2026-04-01,2026-06-30,acumulada_91_dias,91,93,0.9677,23686000,0,0,120000,0,21960000,13991000,1884000,3560000,319000,0,3172244,5018244,13330046,13100366,45766000,1726000,0.0,3076000,28,0.8422,52666.6667,0.0361,1.076,0.0,-0.0172,equilibrio_sostenible,calculado,alta,baja,balance_operativo_no_negativo | cobertura_esencial_superior_a_un_mes | recuperacion_consistente | inversion_productiva_observada | hobbies_identificados_sin_asumir_que_deban_eliminarse,recuperacion_demora_mas_de_20_dias,destino_del_efectivo_fuera_del_banco,El periodo permanece cerca del equilibrio y mantiene cubiertas las obligaciones observadas. Evaluación entre 2026-04-01 y 2026-06-30; no describe permanentemente a la persona.,historia_controlada_y_metricas_observadas,test,equilibrio_sostenible,si,roadmap_14_mvp_cerrado_v1.1,fincoah_mvp_co_v1.1,f90710742390982cb5a979dbdadd287dd3dcc120de63dc07259b0e0604091a43
VEN_0045_1,PERF_0045,dentro_del_mvp,2026-04-30,2026-04-01,2026-04-30,acumulada_30_dias,30,32,0.9375,2829000,0,0,0,0,2660000,1118000,165000,499000,0,0,4623594,4792594,6211319,6211319,5489000,169000,0.0,1001000,7,0.5,70347.619,0.0,4.2868,0.0,0.0,equilibrio_sostenible,calculado,media,media,balance_operativo_no_negativo | cobertura_esencial_superior_a_un_mes | inversion_productiva_observada | hobbies_identificados_sin_asumir_que_deban_eliminarse,sin_factor_de_atencion_dominante,destino_del_efectivo_fuera_del_banco,El periodo permanece cerca del equilibrio y mantiene cubiertas las obligaciones observadas. Evaluación entre 2026-04-01 y 2026-04-30; no describe permanentemente a la persona.,historia_controlada_y_metricas_observadas,train,variable_resiliente,si,roadmap_14_mvp_cerrado_v1.1,fincoah_mvp_co_v1.1,d21e9ec924880eb343196878548356599c172263fd48d258ca89242ffe72c1f2
VEN_0045_2,PERF_0045,dentro_del_mvp,2026-05-31,2026-04-01,2026-05-31,acumulada_61_dias,61,63,0.9365,7010000,0,0,0,0,4519000,2458000,230000,764000,168000,0,4623594,7114594,6211319,6090359,11529000,2491000,0.0,1107000,5,0.6667,74166.6667,0.1929,5.7889,0.0,-0.0195,variable_resiliente,calculado,media,media,balance_operativo_no_negativo | cobertura_esencial_superior_a_un_mes | inversion_productiva_observada | hobbies_identificados_sin_asumir_que_deban_eliminarse,sin_factor_de_atencion_dominante,destino_del_efectivo_fuera_del_banco,"Los ingresos fluctúan, pero el periodo muestra recuperación y cobertura sin convertir la variabilidad en riesgo. Evaluación entre 2026-04-01 y 2026-05-31; no describe permanentemente a la persona.",historia_controlada_y_metricas_observadas,train,variable_resiliente,si,roadmap_14_mvp_cerrado_v1.1,fincoah_mvp_co_v1.1,51d8b679b1fa6e5c320f3a258fee12fd323fb5d5a105f099cdc135b00af38549
VEN_0045_3,PERF_0045,dentro_del_mvp,2026-06-30,2026-04-01,2026-06-30,acumulada_91_dias,91,94,0.9468,9182000,0,0,0,0,8082000,4802000,598000,951000,168000,0,4623594,5723594,6211319,6090359,17264000,1100000,0.0,2142000,28,0.8147,14088.8889,0.2733,3.5758,0.0,-0.0195,variable_resiliente,calculado,alta,baja,balance_operativo_no_negativo | cobertura_esencial_superior_a_un_mes | recuperacion_consistente | inversion_productiva_observada | hobbies_identificados_sin_asumir_que_deban_eliminarse,recuperacion_demora_mas_de_20_dias,destino_del_efectivo_fuera_del_banco,"Los ingresos fluctúan, pero el periodo muestra recuperación y cobertura sin convertir la variabilidad en riesgo. Evaluación entre 2026-04-01 y 2026-06-30; no describe permanentemente a la persona.",historia_controlada_y_metricas_observadas,train,variable_resiliente,si,roadmap_14_mvp_cerrado_v1.1,fincoah_mvp_co_v1.1,43e5f3bc2481ab79fdedb6404d886793ae54162bacfd6c4183b112746393444b
VEN_0046_1,PERF_0046,dentro_del_mvp,2026-04-30,2026-04-01,2026-04-30,acumulada_30_dias,30,34,0.9706,4366000,0,0,0,0,2531000,1465000,390000,106000,117000,0,7431240,9266240,4714216,4629976,6897000,1835000,0.0,968000,7,0.75,-42938.0952,0.0,6.3251,0.0,-0.0179,acumulacion_estable,calculado,alta,baja,balance_operativo_no_negativo | cobertura_esencial_superior_a_un_mes | recuperacion_consistente | inversion_productiva_observada | hobbies_identificados_sin_asumir_que_deban_eliminarse,sin_factor_de_atencion_dominante,ninguna_relevante_para_el_periodo,"El periodo conserva balance favorable, liquidez creciente y cobertura suficiente. Evaluación entre 2026-04-01 y 2026-04-30; no describe permanentemente a la persona.",historia_controlada_y_metricas_observadas,train,uso_planificado_reserva,si,roadmap_14_mvp_cerrado_v1.1,fincoah_mvp_co_v1.1,36f6e9f8a88251d46a66b86e88e47be9dbfc3419829f757dd72c3fcfce88f099
VEN_0046_2,PERF_0046,dentro_del_mvp,2026-05-31,2026-04-01,2026-05-31,acumulada_61_dias,61,67,0.9851,6881000,0,0,0,0,9187000,5067000,1018000,1197000,358000,0,7431240,5125240,4714216,4456456,16068000,-2306000,0.0,5105000,38,0.7782,-202933.3333,0.269,2.023,0.0,-0.0547,uso_planificado_reserva,calculado,alta,baja,cobertura_esencial_superior_a_un_mes | recuperacion_consistente | inversion_productiva_observada | hobbies_identificados_sin_asumir_que_deban_eliminarse,balance_operativo_negativo | recuperacion_demora_mas_de_20_dias,ninguna_relevante_para_el_periodo,El balance negativo se explica por una salida alineada con una meta y existe reserva para absorberla. Evaluación entre 2026-04-01 y 2026-05-31; no describe permanentemente a la persona.,historia_controlada_y_metricas_observadas,train,uso_planificado_reserva,si,roadmap_14_mvp_cerrado_v1.1,fincoah_mvp_co_v1.1,ea6c7ccc7d6ae72e018d884c7461569b3b9c20974ee58649ce1b903f27f30a31
VEN_0046_3,PERF_0046,dentro_del_mvp,2026-06-30,2026-04-01,2026-06-30,acumulada_91_dias,91,100,0.9800,9742000,0,0,0,0,15843000,10039000,1472000,1598000,358000,0,7431240,1330240,4714216,4456456,25585000,-6101000,0.0,8325000,68,0.75,-81266.6667,0.2474,0.3975,0.0,-0.0547,uso_planificado_reserva,calculado,alta,baja,recuperacion_consistente | inversion_productiva_observada | hobbies_identificados_sin_asumir_que_deban_eliminarse,balance_operativo_negativo | cobertura_esencial_reducida | recuperacion_demora_mas_de_20_dias,ninguna_relevante_para_el_periodo,El balance negativo se explica por una salida alineada con una meta y existe reserva para absorberla. Evaluación entre 2026-04-01 y 2026-06-30; no describe permanentemente a la persona.,historia_controlada_y_metricas_observadas,train,uso_planificado_reserva,si,roadmap_14_mvp_cerrado_v1.1,fincoah_mvp_co_v1.1,f992b9acb6bfb25dc3a30c06235a314f1745e433c46e8c1e7022165c2d4b1892
VEN_0047_1,PERF_0047,dentro_del_mvp,2026-04-30,2026-04-01,2026-04-30,acumulada_30_dias,30,33,0.9394,6261000,0,0,0,0,5592000,3000000,296000,1561000,0,0,13303693,13972693,0,0,11853000,669000,0.0,1836000,19,0.6667,-270523.8095,0.0,4.6576,0.0,0.0,equilibrio_sostenible,calculado,media,media,balance_operativo_no_negativo | cobertura_esencial_superior_a_un_mes | inversion_productiva_observada | hobbies_identificados_sin_asumir_que_deban_eliminarse,sin_factor_de_atencion_dominante,destino_del_efectivo_fuera_del_banco,El periodo permanece cerca del equilibrio y mantiene cubiertas las obligaciones observadas. Evaluación entre 2026-04-01 y 2026-04-30; no describe permanentemente a la persona.,historia_controlada_y_metricas_observadas,train,deterioro_reciente,si,roadmap_14_mvp_cerrado_v1.1,fincoah_mvp_co_v1.1,a360fe2dd2914709661c48016e362828ab8844d46250d44319c741c4f9d12bfe
VEN_0047_2,PERF_0047,dentro_del_mvp,2026-05-31,2026-04-01,2026-05-31,acumulada_61_dias,61,66,0.9545,13010000,0,0,0,0,11184000,7169000,603000,1561000,0,0,13303693,15129693,0,0,24194000,1826000,0.0,3969000,50,0.943,158466.6667,0.0375,4.2209,0.0,0.0,equilibrio_sostenible,calculado,alta,baja,balance_operativo_no_negativo | cobertura_esencial_superior_a_un_mes | recuperacion_consistente | inversion_productiva_observada | hobbies_identificados_sin_asumir_que_deban_eliminarse,recuperacion_demora_mas_de_20_dias,destino_del_efectivo_fuera_del_banco,El periodo permanece cerca del equilibrio y mantiene cubiertas las obligaciones observadas. Evaluación entre 2026-04-01 y 2026-05-31; no describe permanentemente a la persona.,historia_controlada_y_metricas_observadas,train,deterioro_reciente,si,roadmap_14_mvp_cerrado_v1.1,fincoah_mvp_co_v1.1,971c9384831af9be84d567668b4cec313b63b33c9694567396a94d7f9c7070ed
VEN_0047_3,PERF_0047,dentro_del_mvp,2026-06-30,2026-04-01,2026-06-30,acumulada_91_dias,91,98,0.9490,17717000,0,0,0,0,19307000,12840000,1289000,2635000,0,0,13303693,11713693,0,0,37024000,-1590000,0.0,5034000,80,0.7288,-95377.7778,0.1474,2.7368,0.0,0.0,deterioro_reciente,calculado,alta,baja,cobertura_esencial_superior_a_un_mes | recuperacion_consistente | inversion_productiva_observada | hobbies_identificados_sin_asumir_que_deban_eliminarse,balance_operativo_negativo | recuperacion_demora_mas_de_20_dias,destino_del_efectivo_fuera_del_banco,El cierre reciente empeora frente al inicio del periodo y la recuperación es parcial. Evaluación entre 2026-04-01 y 2026-06-30; no describe permanentemente a la persona.,historia_controlada_y_metricas_observadas,train,deterioro_reciente,si,roadmap_14_mvp_cerrado_v1.1,fincoah_mvp_co_v1.1,244069cf4cd59f917b61f1650172c55ff5cf2c85a6ee4e49413b9df1b06a93d6
VEN_0048_1,PERF_0048,dentro_del_mvp,2026-04-30,2026-04-01,2026-04-30,acumulada_30_dias,30,32,0.9375,4876000,0,0,0,0,7897000,5258000,814000,592000,1001000,0,339918,-2681082,9810803,9090083,12773000,-3021000,20.739,6637000,29,0.48,393571.4286,0.0,0.0,0.0,-0.0735,deterioro_reciente,calculado,media,media,inversion_productiva_observada | hobbies_identificados_sin_asumir_que_deban_eliminarse,balance_operativo_negativo | cobertura_esencial_reducida | recuperacion_demora_mas_de_20_dias,destino_del_efectivo_fuera_del_banco,El cierre reciente empeora frente al inicio del periodo y la recuperación es parcial. Evaluación entre 2026-04-01 y 2026-04-30; no describe permanentemente a la persona.,historia_controlada_y_metricas_observadas,train,fragilidad_sostenida,si,roadmap_14_mvp_cerrado_v1.1,fincoah_mvp_co_v1.1,3dd44fd3802029b2da2db45af2e0be2cdab0194610248d571411de5775d0111a
VEN_0048_2,PERF_0048,dentro_del_mvp,2026-05-31,2026-04-01,2026-05-31,acumulada_61_dias,61,64,0.9531,8200000,0,672000,0,0,17977000,12275000,1935000,1418000,1001000,0,339918,-8765082,9810803,9762083,26849000,-9777000,45.6736,12726000,60,0.1979,-81966.6667,0.1893,0.0,0.0757,-0.005,fragilidad_sostenida,calculado,alta,baja,inversion_productiva_observada | hobbies_identificados_sin_asumir_que_deban_eliminarse,balance_operativo_negativo | cobertura_esencial_reducida | recuperacion_demora_mas_de_20_dias,destino_del_efectivo_fuera_del_banco,"El déficit persiste, la cobertura se reduce y la deuda gana peso durante el periodo. Evaluación entre 2026-04-01 y 2026-05-31; no describe permanentemente a la persona.",historia_controlada_y_metricas_observadas,train,fragilidad_sostenida,si,roadmap_14_mvp_cerrado_v1.1,fincoah_mvp_co_v1.1,50a83916db41f1c0f520192f71e917fa6179fa16ce56bf85642834c8d8fe8745
VEN_0048_3,PERF_0048,dentro_del_mvp,2026-06-30,2026-04-01,2026-06-30,acumulada_91_dias,91,95,0.9368,12075000,0,1344000,0,0,28057000,18048000,2454000,2718000,1298000,0,339918,-14298082,9810803,10220243,41476000,-15982000,68.9192,19291000,90,0.1492,138266.6667,0.1596,0.0,0.1002,0.0417,fragilidad_sostenida,calculado,media,media,inversion_productiva_observada | hobbies_identificados_sin_asumir_que_deban_eliminarse,balance_operativo_negativo | cobertura_esencial_reducida | recuperacion_demora_mas_de_20_dias,destino_del_efectivo_fuera_del_banco,"El déficit persiste, la cobertura se reduce y la deuda gana peso durante el periodo. Evaluación entre 2026-04-01 y 2026-06-30; no describe permanentemente a la persona.",historia_controlada_y_metricas_observadas,train,fragilidad_sostenida,si,roadmap_14_mvp_cerrado_v1.1,fincoah_mvp_co_v1.1,14e89164e1537ed71c1746951dab83ecfd6ac387db862d1e190005a7b0790495
VEN_0049_1,PERF_0049,dentro_del_mvp,2026-04-30,2026-04-01,2026-04-30,acumulada_30_dias,30,33,0.9697,3409000,0,684000,70000,0,10260000,5301000,749000,1604000,0,0,1864371,-4232629,22281500,22965500,14423000,-6851000,35.7515,7533000,29,0.3603,428704.7619,0.0,0.0,0.1671,0.0307,fragilidad_sostenida,calculado,alta,baja,inversion_productiva_observada | hobbies_identificados_sin_asumir_que_deban_eliminarse,balance_operativo_negativo | cobertura_esencial_reducida | recuperacion_demora_mas_de_20_dias,ninguna_relevante_para_el_periodo,"El déficit persiste, la cobertura se reduce y la deuda gana peso durante el periodo. Evaluación entre 2026-04-01 y 2026-04-30; no describe permanentemente a la persona.",historia_controlada_y_metricas_observadas,train,situacion_critica,si,roadmap_14_mvp_cerrado_v1.1,fincoah_mvp_co_v1.1,b0069097d847b489e64297250020d54192e43b0a3b8390cc9ecd4eb80d792ffc
VEN_0049_2,PERF_0049,dentro_del_mvp,2026-05-31,2026-04-01,2026-05-31,acumulada_61_dias,61,65,0.9692,6199000,0,684000,320000,0,23217000,12469000,1670000,4673000,425000,0,1864371,-14149629,22281500,22659500,30420000,-17018000,74.7812,14986000,60,0.0,-178266.6667,0.0999,0.0,0.0994,0.017,situacion_critica,calculado,alta,baja,inversion_productiva_observada | hobbies_identificados_sin_asumir_que_deban_eliminarse,balance_operativo_negativo | cobertura_esencial_reducida | recuperacion_demora_mas_de_20_dias,ninguna_relevante_para_el_periodo,La liquidez resulta insuficiente frente a necesidades esenciales y la posición negativa persiste. Evaluación entre 2026-04-01 y 2026-05-31; no describe permanentemente a la persona.,historia_controlada_y_metricas_observadas,train,situacion_critica,si,roadmap_14_mvp_cerrado_v1.1,fincoah_mvp_co_v1.1,79fbe2358ead34de0ac835694b14b780474ca0b25eb9e028e00569628d3dcd10
VEN_0049_3,PERF_0049,dentro_del_mvp,2026-06-30,2026-04-01,2026-06-30,acumulada_91_dias,91,97,0.9588,8863000,0,1938000,320000,0,36174000,21153000,2786000,6250000,1122000,0,1864371,-23188629,22281500,23411660,47295000,-27311000,122.9665,25279000,90,0.0,-55533.3333,0.1102,0.0,0.1794,0.0507,situacion_critica,calculado,alta,baja,inversion_productiva_observada | hobbies_identificados_sin_asumir_que_deban_eliminarse,balance_operativo_negativo | cobertura_esencial_reducida | deuda_creciente | recuperacion_demora_mas_de_20_dias,destino_del_efectivo_fuera_del_banco,La liquidez resulta insuficiente frente a necesidades esenciales y la posición negativa persiste. Evaluación entre 2026-04-01 y 2026-06-30; no describe permanentemente a la persona.,historia_controlada_y_metricas_observadas,train,situacion_critica,si,roadmap_14_mvp_cerrado_v1.1,fincoah_mvp_co_v1.1,c6e93f0d676936e4d575f7c43274d0925d0f6369a6ba782a2da6086675ac8bba
VEN_0050_1,PERF_0050,dentro_del_mvp,2026-04-30,2026-04-01,2026-04-30,acumulada_30_dias,30,30,0.9667,6390000,0,0,0,0,3747000,2357000,348000,554000,129000,0,10297987,12940987,7501768,7408888,10137000,2643000,0.0,849000,0,1.0,198247.619,0.0,5.4904,0.0,-0.0124,acumulacion_estable,calculado,alta,baja,balance_operativo_no_negativo | cobertura_esencial_superior_a_un_mes | recuperacion_consistente | inversion_productiva_observada | hobbies_identificados_sin_asumir_que_deban_eliminarse,sin_factor_de_atencion_dominante,ninguna_relevante_para_el_periodo,"El periodo conserva balance favorable, liquidez creciente y cobertura suficiente. Evaluación entre 2026-04-01 y 2026-04-30; no describe permanentemente a la persona.",historia_controlada_y_metricas_observadas,test,acumulacion_estable,si,roadmap_14_mvp_cerrado_v1.1,fincoah_mvp_co_v1.1,d9f2fbf0d556b70967b85754b372f7fff2a9347a1ebdad2ef4de1a56893a9b06
VEN_0050_2,PERF_0050,dentro_del_mvp,2026-05-31,2026-04-01,2026-05-31,acumulada_61_dias,61,60,0.9833,12395000,0,0,0,0,7494000,4261000,796000,1197000,129000,0,10297987,15198987,7501768,7408888,19889000,4901000,0.0,1673000,5,0.875,-34133.3333,0.0311,7.134,0.0,-0.0124,acumulacion_estable,calculado,alta,baja,balance_operativo_no_negativo | cobertura_esencial_superior_a_un_mes | recuperacion_consistente | inversion_productiva_observada | hobbies_identificados_sin_asumir_que_deban_eliminarse,sin_factor_de_atencion_dominante,ninguna_relevante_para_el_periodo,"El periodo conserva balance favorable, liquidez creciente y cobertura suficiente. Evaluación entre 2026-04-01 y 2026-05-31; no describe permanentemente a la persona.",historia_controlada_y_metricas_observadas,test,acumulacion_estable,si,roadmap_14_mvp_cerrado_v1.1,fincoah_mvp_co_v1.1,aa7ad87dc47d26a3ce5a275d5bc6aae112584a5b6f567d8b6c7b5663d1946c68
VEN_0050_3,PERF_0050,dentro_del_mvp,2026-06-30,2026-04-01,2026-06-30,acumulada_91_dias,91,90,0.9778,18584000,219000,0,0,0,11241000,6407000,1162000,1637000,334000,0,10297987,17859987,7501768,7261288,30044000,7343000,0.0,1673000,0,1.0,-2133.3333,0.0254,8.3627,0.0116,-0.0321,acumulacion_estable,calculado,alta,baja,balance_operativo_no_negativo | cobertura_esencial_superior_a_un_mes | recuperacion_consistente | inversion_productiva_observada | hobbies_identificados_sin_asumir_que_deban_eliminarse,sin_factor_de_atencion_dominante,ninguna_relevante_para_el_periodo,"El periodo conserva balance favorable, liquidez creciente y cobertura suficiente. Evaluación entre 2026-04-01 y 2026-06-30; no describe permanentemente a la persona.",historia_controlada_y_metricas_observadas,test,acumulacion_estable,si,roadmap_14_mvp_cerrado_v1.1,fincoah_mvp_co_v1.1,496fe3418dde1501b51eb93cf528f7bc8c3cdfb0f7b638a360df4cbe1c497cd9
VEN_0051_1,PERF_0051,dentro_del_mvp,2026-04-30,2026-04-01,2026-04-30,acumulada_30_dias,30,31,0.9677,11446000,0,0,0,0,10155000,5245000,877000,1329000,0,0,28331959,29622959,0,0,21601000,1291000,0.0,2354000,8,0.8,87833.3333,0.0,5.6478,0.0,0.0,equilibrio_sostenible,calculado,alta,baja,balance_operativo_no_negativo | cobertura_esencial_superior_a_un_mes | recuperacion_consistente | inversion_productiva_observada | hobbies_identificados_sin_asumir_que_deban_eliminarse,sin_factor_de_atencion_dominante,destino_del_efectivo_fuera_del_banco,El periodo permanece cerca del equilibrio y mantiene cubiertas las obligaciones observadas. Evaluación entre 2026-04-01 y 2026-04-30; no describe permanentemente a la persona.,historia_controlada_y_metricas_observadas,test,equilibrio_sostenible,si,roadmap_14_mvp_cerrado_v1.1,fincoah_mvp_co_v1.1,2ca36e8950e989ebde7dbb183f71eff7a04acf824da81910672c4388c8a208cc
VEN_0051_2,PERF_0051,dentro_del_mvp,2026-05-31,2026-04-01,2026-05-31,acumulada_61_dias,61,61,0.9836,21378000,1033000,0,0,0,20310000,11120000,1631000,3814000,0,0,28331959,30432959,0,0,42721000,1068000,0.0,3676000,21,0.8571,-110933.3333,0.0708,5.4736,0.0461,0.0,equilibrio_sostenible,calculado,alta,baja,balance_operativo_no_negativo | cobertura_esencial_superior_a_un_mes | recuperacion_consistente | inversion_productiva_observada | hobbies_identificados_sin_asumir_que_deban_eliminarse,recuperacion_demora_mas_de_20_dias,destino_del_efectivo_fuera_del_banco,El periodo permanece cerca del equilibrio y mantiene cubiertas las obligaciones observadas. Evaluación entre 2026-04-01 y 2026-05-31; no describe permanentemente a la persona.,historia_controlada_y_metricas_observadas,test,equilibrio_sostenible,si,roadmap_14_mvp_cerrado_v1.1,fincoah_mvp_co_v1.1,6c3af69c722dcbec0eefc9535c34f1ee01b8fa78ba1ffee251af7539e3f601b9
VEN_0051_3,PERF_0051,dentro_del_mvp,2026-06-30,2026-04-01,2026-06-30,acumulada_91_dias,91,91,0.9780,32510000,1033000,0,0,0,30465000,16902000,3100000,4727000,0,0,28331959,31409959,0,0,64008000,2045000,0.0,6895000,51,0.9441,-92511.1111,0.0602,5.5751,0.0308,0.0,equilibrio_sostenible,calculado,alta,baja,balance_operativo_no_negativo | cobertura_esencial_superior_a_un_mes | recuperacion_consistente | inversion_productiva_observada | hobbies_identificados_sin_asumir_que_deban_eliminarse,recuperacion_demora_mas_de_20_dias,destino_del_efectivo_fuera_del_banco,El periodo permanece cerca del equilibrio y mantiene cubiertas las obligaciones observadas. Evaluación entre 2026-04-01 y 2026-06-30; no describe permanentemente a la persona.,historia_controlada_y_metricas_observadas,test,equilibrio_sostenible,si,roadmap_14_mvp_cerrado_v1.1,fincoah_mvp_co_v1.1,3b28b2c285d35f918af63e853b5755519a2220b4370291c2ab4c73851294a967
VEN_0052_1,PERF_0052,dentro_del_mvp,2026-04-30,2026-04-01,2026-04-30,acumulada_30_dias,30,34,0.9706,7036000,789000,0,0,0,6388000,3980000,538000,1012000,954000,0,11266828,12703828,5621688,4934808,14213000,648000,0.0,5935000,29,0.357,383104.7619,0.0,3.1919,0.1008,-0.1222,equilibrio_sostenible,calculado,alta,baja,balance_operativo_no_negativo | cobertura_esencial_superior_a_un_mes | inversion_productiva_observada | hobbies_identificados_sin_asumir_que_deban_eliminarse,recuperacion_demora_mas_de_20_dias,destino_del_efectivo_fuera_del_banco,El periodo permanece cerca del equilibrio y mantiene cubiertas las obligaciones observadas. Evaluación entre 2026-04-01 y 2026-04-30; no describe permanentemente a la persona.,historia_controlada_y_metricas_observadas,train,variable_resiliente,si,roadmap_14_mvp_cerrado_v1.1,fincoah_mvp_co_v1.1,24daf8e5dcf311472fd89999eb6d8365f727366164bab300f8c76aef7b42d040
VEN_0052_2,PERF_0052,dentro_del_mvp,2026-05-31,2026-04-01,2026-05-31,acumulada_61_dias,61,67,0.9552,11915000,789000,0,0,0,14945000,10235000,960000,1579000,1479000,0,11266828,9025828,5621688,4556808,27649000,-3030000,0.0,7494000,60,0.0,97533.3333,0.181,1.7637,0.0621,-0.1894,variable_resiliente,calculado,alta,baja,cobertura_esencial_superior_a_un_mes | inversion_productiva_observada | hobbies_identificados_sin_asumir_que_deban_eliminarse,balance_operativo_negativo | recuperacion_demora_mas_de_20_dias,destino_del_efectivo_fuera_del_banco,"Los ingresos fluctúan, pero el periodo muestra recuperación y cobertura sin convertir la variabilidad en riesgo. Evaluación entre 2026-04-01 y 2026-05-31; no describe permanentemente a la persona.",historia_controlada_y_metricas_observadas,train,variable_resiliente,si,roadmap_14_mvp_cerrado_v1.1,fincoah_mvp_co_v1.1,d526112799a573f0d6cc99492dc28dddd68cd04d891315b71b636a648d5173e0
VEN_0052_3,PERF_0052,dentro_del_mvp,2026-06-30,2026-04-01,2026-06-30,acumulada_91_dias,91,100,0.9700,17495000,1243000,0,0,0,23502000,15286000,1834000,3577000,1479000,0,11266828,6502828,5621688,4556808,42240000,-6007000,0.0,10471000,90,0.0,25000.0,0.1541,1.2762,0.0663,-0.1894,variable_resiliente,calculado,alta,baja,cobertura_esencial_superior_a_un_mes | inversion_productiva_observada | hobbies_identificados_sin_asumir_que_deban_eliminarse,balance_operativo_negativo | recuperacion_demora_mas_de_20_dias,destino_del_efectivo_fuera_del_banco,"Los ingresos fluctúan, pero el periodo muestra recuperación y cobertura sin convertir la variabilidad en riesgo. Evaluación entre 2026-04-01 y 2026-06-30; no describe permanentemente a la persona.",historia_controlada_y_metricas_observadas,train,variable_resiliente,si,roadmap_14_mvp_cerrado_v1.1,fincoah_mvp_co_v1.1,72ab3cfdaaee50bb64bab1e243d2bae5d5e3acff2e17d4abdbe30f68b1377ff0
VEN_0053_1,PERF_0053,dentro_del_mvp,2026-04-30,2026-04-01,2026-04-30,acumulada_30_dias,30,33,0.9697,5652000,0,0,0,0,3374000,2491000,324000,0,0,0,14969973,17247973,0,0,9026000,2278000,0.0,920000,2,0.8333,-45104.7619,0.0,6.9241,0.0,0.0,acumulacion_estable,calculado,alta,baja,balance_operativo_no_negativo | cobertura_esencial_superior_a_un_mes | recuperacion_consistente | hobbies_identificados_sin_asumir_que_deban_eliminarse,sin_factor_de_atencion_dominante,ninguna_relevante_para_el_periodo,"El periodo conserva balance favorable, liquidez creciente y cobertura suficiente. Evaluación entre 2026-04-01 y 2026-04-30; no describe permanentemente a la persona.",historia_controlada_y_metricas_observadas,train,uso_planificado_reserva,si,roadmap_14_mvp_cerrado_v1.1,fincoah_mvp_co_v1.1,63bbff8daaf531d039ecd077bb1eb98e3a1004d67c63f7a637c50bfbe1b6dc42
VEN_0053_2,PERF_0053,dentro_del_mvp,2026-05-31,2026-04-01,2026-05-31,acumulada_61_dias,61,65,0.9846,8940000,0,0,170000,0,12248000,8269000,1700000,700000,0,0,14969973,11831973,0,0,21358000,-3308000,0.0,6330000,27,0.8616,-245300.0,0.2644,2.8618,0.0,0.0,uso_planificado_reserva,calculado,alta,baja,cobertura_esencial_superior_a_un_mes | recuperacion_consistente | inversion_productiva_observada | hobbies_identificados_sin_asumir_que_deban_eliminarse,balance_operativo_negativo | recuperacion_demora_mas_de_20_dias,ninguna_relevante_para_el_periodo,El balance negativo se explica por una salida alineada con una meta y existe reserva para absorberla. Evaluación entre 2026-04-01 y 2026-05-31; no describe permanentemente a la persona.,historia_controlada_y_metricas_observadas,train,uso_planificado_reserva,si,roadmap_14_mvp_cerrado_v1.1,fincoah_mvp_co_v1.1,54e2e42f0fcccef446241cfa72586ebd7285a23c586d852773739fe76dfd74d9
VEN_0053_3,PERF_0053,dentro_del_mvp,2026-06-30,2026-04-01,2026-06-30,acumulada_91_dias,91,97,0.9691,12267000,0,0,170000,0,21122000,12860000,2420000,2933000,0,0,14969973,6284973,0,0,33559000,-8855000,0.0,12990000,57,0.8716,-131866.6667,0.2703,1.4662,0.0,0.0,uso_planificado_reserva,calculado,alta,baja,cobertura_esencial_superior_a_un_mes | recuperacion_consistente | inversion_productiva_observada | hobbies_identificados_sin_asumir_que_deban_eliminarse,balance_operativo_negativo | recuperacion_demora_mas_de_20_dias,destino_del_efectivo_fuera_del_banco,El balance negativo se explica por una salida alineada con una meta y existe reserva para absorberla. Evaluación entre 2026-04-01 y 2026-06-30; no describe permanentemente a la persona.,historia_controlada_y_metricas_observadas,train,uso_planificado_reserva,si,roadmap_14_mvp_cerrado_v1.1,fincoah_mvp_co_v1.1,aa5ed534028787feb0f9cf5eb541433458b6ea3704828609c7e6884db8bc41d1
VEN_0054_1,PERF_0054,dentro_del_mvp,2026-04-30,2026-04-01,2026-04-30,acumulada_30_dias,30,32,1.0000,7811000,0,0,220000,0,6942000,3129000,889000,1866000,0,0,6768332,7857332,0,0,14973000,869000,0.0,3931000,22,0.5154,-355909.5238,0.0,2.5111,0.0,0.0,equilibrio_sostenible,calculado,alta,baja,balance_operativo_no_negativo | cobertura_esencial_superior_a_un_mes | inversion_productiva_observada | hobbies_identificados_sin_asumir_que_deban_eliminarse,recuperacion_demora_mas_de_20_dias,ninguna_relevante_para_el_periodo,El periodo permanece cerca del equilibrio y mantiene cubiertas las obligaciones observadas. Evaluación entre 2026-04-01 y 2026-04-30; no describe permanentemente a la persona.,historia_controlada_y_metricas_observadas,train,deterioro_reciente,si,roadmap_14_mvp_cerrado_v1.1,fincoah_mvp_co_v1.1,be503c787c9d6ca518ded8c28987d32b97fab4e1201dfa4fbbd9fc9f1ee24f54
VEN_0054_2,PERF_0054,dentro_del_mvp,2026-05-31,2026-04-01,2026-05-31,acumulada_61_dias,61,64,0.9688,14865000,0,0,220000,0,13884000,7252000,1596000,2584000,0,0,6768332,7969332,0,0,28969000,981000,0.0,3967000,53,0.5339,-37766.6667,0.0509,2.1978,0.0,0.0,equilibrio_sostenible,calculado,alta,baja,balance_operativo_no_negativo | cobertura_esencial_superior_a_un_mes | inversion_productiva_observada | hobbies_identificados_sin_asumir_que_deban_eliminarse,recuperacion_demora_mas_de_20_dias,destino_del_efectivo_fuera_del_banco,El periodo permanece cerca del equilibrio y mantiene cubiertas las obligaciones observadas. Evaluación entre 2026-04-01 y 2026-05-31; no describe permanentemente a la persona.,historia_controlada_y_metricas_observadas,train,deterioro_reciente,si,roadmap_14_mvp_cerrado_v1.1,fincoah_mvp_co_v1.1,f4167180632ca409759ff9cf520cbcc464c7c50aece0de7a9895f31585122b99
VEN_0054_3,PERF_0054,dentro_del_mvp,2026-06-30,2026-04-01,2026-06-30,acumulada_91_dias,91,96,0.9688,20416000,0,0,670000,0,23967000,14333000,2016000,3050000,0,0,6768332,3887332,0,0,45053000,-3551000,0.0,9710000,83,0.5762,-192111.1111,0.138,0.8136,0.0,0.0,deterioro_reciente,calculado,alta,baja,inversion_productiva_observada | hobbies_identificados_sin_asumir_que_deban_eliminarse,balance_operativo_negativo | cobertura_esencial_reducida | recuperacion_demora_mas_de_20_dias,destino_del_efectivo_fuera_del_banco,El cierre reciente empeora frente al inicio del periodo y la recuperación es parcial. Evaluación entre 2026-04-01 y 2026-06-30; no describe permanentemente a la persona.,historia_controlada_y_metricas_observadas,train,deterioro_reciente,si,roadmap_14_mvp_cerrado_v1.1,fincoah_mvp_co_v1.1,481e1cf5caf608da8f521200598a09850211fc4c34e69cdf2187e1ce37ac4f67
VEN_0055_1,PERF_0055,dentro_del_mvp,2026-04-30,2026-04-01,2026-04-30,acumulada_30_dias,30,33,1.0000,3300000,0,0,0,0,5528000,2652000,217000,1941000,0,0,142441,-2085559,13189055,13189055,8828000,-2228000,15.219,2906000,28,0.2333,33500.0,0.0,0.0,0.0,0.0,deterioro_reciente,calculado,alta,baja,inversion_productiva_observada | hobbies_identificados_sin_asumir_que_deban_eliminarse,balance_operativo_negativo | cobertura_esencial_reducida | recuperacion_demora_mas_de_20_dias,ninguna_relevante_para_el_periodo,El cierre reciente empeora frente al inicio del periodo y la recuperación es parcial. Evaluación entre 2026-04-01 y 2026-04-30; no describe permanentemente a la persona.,historia_controlada_y_metricas_observadas,train,fragilidad_sostenida,si,roadmap_14_mvp_cerrado_v1.1,fincoah_mvp_co_v1.1,1aa458e8c49564631471491807cd591854b8a0ade0510b5f0451523476c8b9d3
VEN_0055_2,PERF_0055,dentro_del_mvp,2026-05-31,2026-04-01,2026-05-31,acumulada_61_dias,61,66,0.9848,5541000,0,470000,240000,0,12584000,7599000,747000,2568000,337000,0,142441,-6190559,13189055,13416415,18835000,-7043000,35.085,7043000,59,0.0,-86233.3333,0.1911,0.0,0.0782,0.0172,fragilidad_sostenida,calculado,alta,baja,inversion_productiva_observada | hobbies_identificados_sin_asumir_que_deban_eliminarse,balance_operativo_negativo | cobertura_esencial_reducida | recuperacion_demora_mas_de_20_dias,ninguna_relevante_para_el_periodo,"El déficit persiste, la cobertura se reduce y la deuda gana peso durante el periodo. Evaluación entre 2026-04-01 y 2026-05-31; no describe permanentemente a la persona.",historia_controlada_y_metricas_observadas,train,fragilidad_sostenida,si,roadmap_14_mvp_cerrado_v1.1,fincoah_mvp_co_v1.1,57d0c23c1d305346be0a7fa7bf0b3e972e43e6ec44ee912afb7a0ceabf2567f7
VEN_0055_3,PERF_0055,dentro_del_mvp,2026-06-30,2026-04-01,2026-06-30,acumulada_91_dias,91,99,0.9899,7968000,0,940000,240000,0,19640000,11672000,1501000,4094000,1541000,0,142441,-10349559,13189055,13019535,28788000,-11672000,62.2734,12088000,89,0.0344,-28711.1111,0.1738,0.0,0.1055,-0.0129,fragilidad_sostenida,calculado,alta,baja,inversion_productiva_observada | hobbies_identificados_sin_asumir_que_deban_eliminarse,balance_operativo_negativo | cobertura_esencial_reducida | recuperacion_demora_mas_de_20_dias,ninguna_relevante_para_el_periodo,"El déficit persiste, la cobertura se reduce y la deuda gana peso durante el periodo. Evaluación entre 2026-04-01 y 2026-06-30; no describe permanentemente a la persona.",historia_controlada_y_metricas_observadas,train,fragilidad_sostenida,si,roadmap_14_mvp_cerrado_v1.1,fincoah_mvp_co_v1.1,d44025856eb6a365b47981775d498428c7336428752c257a4a9551c4ca94a2ed
VEN_0056_1,PERF_0056,dentro_del_mvp,2026-04-30,2026-04-01,2026-04-30,acumulada_30_dias,30,32,0.9688,2822000,0,985000,40000,0,8010000,4218000,311000,2234000,0,0,386122,-3776878,18182612,19167612,11857000,-5188000,40.6458,6002000,29,0.1356,261214.2857,0.0,0.0,0.2587,0.0542,fragilidad_sostenida,calculado,alta,baja,inversion_productiva_observada | hobbies_identificados_sin_asumir_que_deban_eliminarse,balance_operativo_negativo | cobertura_esencial_reducida | deuda_creciente | recuperacion_demora_mas_de_20_dias,destino_del_efectivo_fuera_del_banco,"El déficit persiste, la cobertura se reduce y la deuda gana peso durante el periodo. Evaluación entre 2026-04-01 y 2026-04-30; no describe permanentemente a la persona.",historia_controlada_y_metricas_observadas,train,situacion_critica,si,roadmap_14_mvp_cerrado_v1.1,fincoah_mvp_co_v1.1,39ccdbaca5c8e5dae6e0e7ff8e57cf5759712c10ff078f028a09c0102b0b8400
VEN_0056_2,PERF_0056,dentro_del_mvp,2026-05-31,2026-04-01,2026-05-31,acumulada_61_dias,61,63,0.9683,4669000,0,1964000,40000,0,18125000,10127000,1945000,3170000,667000,0,386122,-11065878,18182612,19666372,24798000,-13456000,91.6084,13456000,60,0.0,-67733.3333,0.2088,0.0,0.2961,0.0816,situacion_critica,calculado,alta,baja,inversion_productiva_observada | hobbies_identificados_sin_asumir_que_deban_eliminarse,balance_operativo_negativo | cobertura_esencial_reducida | deuda_creciente | recuperacion_demora_mas_de_20_dias,destino_del_efectivo_fuera_del_banco,La liquidez resulta insuficiente frente a necesidades esenciales y la posición negativa persiste. Evaluación entre 2026-04-01 y 2026-05-31; no describe permanentemente a la persona.,historia_controlada_y_metricas_observadas,train,situacion_critica,si,roadmap_14_mvp_cerrado_v1.1,fincoah_mvp_co_v1.1,4815daa9af61538b1c6375c715f0da9e31d0326a021168a6319d528cf3f5d4ef
VEN_0056_3,PERF_0056,dentro_del_mvp,2026-06-30,2026-04-01,2026-06-30,acumulada_91_dias,91,94,0.9681,6819000,0,3724000,240000,0,28240000,16575000,1945000,4431000,970000,0,386122,-17070878,18182612,21208212,39023000,-21421000,144.8614,22190000,90,0.0347,-27133.3333,0.1792,0.0,0.3532,0.1664,situacion_critica,calculado,alta,baja,inversion_productiva_observada | hobbies_identificados_sin_asumir_que_deban_eliminarse,balance_operativo_negativo | cobertura_esencial_reducida | deuda_creciente | recuperacion_demora_mas_de_20_dias,destino_del_efectivo_fuera_del_banco,La liquidez resulta insuficiente frente a necesidades esenciales y la posición negativa persiste. Evaluación entre 2026-04-01 y 2026-06-30; no describe permanentemente a la persona.,historia_controlada_y_metricas_observadas,train,situacion_critica,si,roadmap_14_mvp_cerrado_v1.1,fincoah_mvp_co_v1.1,c43e8172406222cbbf773ff18dc79044fba4c408da631269105d68705f3ff7ea
VEN_0057_1,PERF_0057,dentro_del_mvp,2026-04-30,2026-04-01,2026-04-30,acumulada_30_dias,30,31,1.0000,10021000,0,0,0,0,6118000,4020000,1078000,582000,0,0,10750446,14653446,0,0,16139000,3903000,0.0,1789000,0,1.0,245614.2857,0.0,3.6451,0.0,0.0,acumulacion_estable,calculado,alta,baja,balance_operativo_no_negativo | cobertura_esencial_superior_a_un_mes | recuperacion_consistente | inversion_productiva_observada | hobbies_identificados_sin_asumir_que_deban_eliminarse,sin_factor_de_atencion_dominante,ninguna_relevante_para_el_periodo,"El periodo conserva balance favorable, liquidez creciente y cobertura suficiente. Evaluación entre 2026-04-01 y 2026-04-30; no describe permanentemente a la persona.",historia_controlada_y_metricas_observadas,train,acumulacion_estable,si,roadmap_14_mvp_cerrado_v1.1,fincoah_mvp_co_v1.1,e5ac86567fa3c72341a3096d99adabbb627f5adee73c95dceadc7af2e302833d
VEN_0057_2,PERF_0057,dentro_del_mvp,2026-05-31,2026-04-01,2026-05-31,acumulada_61_dias,61,62,0.9839,20109000,0,1722000,250000,0,12236000,7886000,1281000,1876000,0,0,10750446,20595446,0,1722000,34317000,7873000,0.0,1789000,3,0.8,23900.0,0.0033,5.2233,0.0789,0.0856,acumulacion_estable,calculado,alta,baja,balance_operativo_no_negativo | cobertura_esencial_superior_a_un_mes | recuperacion_consistente | inversion_productiva_observada | hobbies_identificados_sin_asumir_que_deban_eliminarse,deuda_creciente,ninguna_relevante_para_el_periodo,"El periodo conserva balance favorable, liquidez creciente y cobertura suficiente. Evaluación entre 2026-04-01 y 2026-05-31; no describe permanentemente a la persona.",historia_controlada_y_metricas_observadas,train,acumulacion_estable,si,roadmap_14_mvp_cerrado_v1.1,fincoah_mvp_co_v1.1,4be6989fe17373d70a231024e49cb5a51016f1d81b529719a5b0367632b33613
VEN_0057_3,PERF_0057,dentro_del_mvp,2026-06-30,2026-04-01,2026-06-30,acumulada_91_dias,91,92,0.9565,29616000,0,1722000,250000,0,18354000,10861000,1516000,3854000,0,0,10750446,23984446,0,1722000,49942000,11262000,0.0,5167000,0,1.0,30711.1111,0.0263,6.6249,0.0549,0.0581,acumulacion_estable,calculado,alta,baja,balance_operativo_no_negativo | cobertura_esencial_superior_a_un_mes | recuperacion_consistente | inversion_productiva_observada | hobbies_identificados_sin_asumir_que_deban_eliminarse,deuda_creciente,destino_del_efectivo_fuera_del_banco,"El periodo conserva balance favorable, liquidez creciente y cobertura suficiente. Evaluación entre 2026-04-01 y 2026-06-30; no describe permanentemente a la persona.",historia_controlada_y_metricas_observadas,train,acumulacion_estable,si,roadmap_14_mvp_cerrado_v1.1,fincoah_mvp_co_v1.1,96f0160a962cbfe916f4e2ebb9d6bad879990a977b6e24a85692c5d7cffa4a4c
VEN_0058_1,PERF_0058,dentro_del_mvp,2026-04-30,2026-04-01,2026-04-30,acumulada_30_dias,30,31,0.9355,4301000,0,0,0,271000,3786000,2475000,55000,399000,173000,0,2222355,3008355,8388100,8263540,8358000,515000,3.2494,2978000,2,0.5,397309.5238,0.0,1.2155,0.0,-0.0148,equilibrio_sostenible,calculado,media,media,balance_operativo_no_negativo | cobertura_esencial_superior_a_un_mes | inversion_productiva_observada | hobbies_identificados_sin_asumir_que_deban_eliminarse,sin_factor_de_atencion_dominante,destino_del_efectivo_fuera_del_banco,El periodo permanece cerca del equilibrio y mantiene cubiertas las obligaciones observadas. Evaluación entre 2026-04-01 y 2026-04-30; no describe permanentemente a la persona.,historia_controlada_y_metricas_observadas,validation,equilibrio_sostenible,si,roadmap_14_mvp_cerrado_v1.1,fincoah_mvp_co_v1.1,bf7f93c8673730df3854567dc99f34f302aab50dbe78fb8e9a9a8af554c9e72d
VEN_0058_2,PERF_0058,dentro_del_mvp,2026-05-31,2026-04-01,2026-05-31,acumulada_61_dias,61,62,0.9677,8007000,0,0,0,271000,7572000,4580000,181000,1134000,571000,0,2222355,2928355,8388100,7976980,15850000,435000,2.6922,3624000,3,0.6667,-7666.6667,0.0743,1.2788,0.0,-0.049,equilibrio_sostenible,calculado,alta,baja,balance_operativo_no_negativo | cobertura_esencial_superior_a_un_mes | inversion_productiva_observada | hobbies_identificados_sin_asumir_que_deban_eliminarse,sin_factor_de_atencion_dominante,destino_del_efectivo_fuera_del_banco,El periodo permanece cerca del equilibrio y mantiene cubiertas las obligaciones observadas. Evaluación entre 2026-04-01 y 2026-05-31; no describe permanentemente a la persona.,historia_controlada_y_metricas_observadas,validation,equilibrio_sostenible,si,roadmap_14_mvp_cerrado_v1.1,fincoah_mvp_co_v1.1,e408b50b901995284e06e984a40fac1cf5d35bf5be42b100139671b4eee9c282
VEN_0058_3,PERF_0058,dentro_del_mvp,2026-06-30,2026-04-01,2026-06-30,acumulada_91_dias,91,92,0.9674,12228000,0,0,0,464000,11358000,6730000,383000,2171000,875000,0,2222355,3556355,8388100,7758100,24050000,870000,2.2365,3940000,0,1.0,108288.8889,0.0647,1.5853,0.0,-0.0751,equilibrio_sostenible,calculado,alta,baja,balance_operativo_no_negativo | cobertura_esencial_superior_a_un_mes | recuperacion_consistente | inversion_productiva_observada | hobbies_identificados_sin_asumir_que_deban_eliminarse,sin_factor_de_atencion_dominante,destino_del_efectivo_fuera_del_banco,El periodo permanece cerca del equilibrio y mantiene cubiertas las obligaciones observadas. Evaluación entre 2026-04-01 y 2026-06-30; no describe permanentemente a la persona.,historia_controlada_y_metricas_observadas,validation,equilibrio_sostenible,si,roadmap_14_mvp_cerrado_v1.1,fincoah_mvp_co_v1.1,696a1167390888996a929360d6a0669c38472785f9d8d128593996903bc25237
VEN_0059_1,PERF_0059,dentro_del_mvp,2026-04-30,2026-04-01,2026-04-30,acumulada_30_dias,30,33,0.9697,2763000,0,0,0,0,2456000,1482000,156000,341000,175000,0,1620631,1927631,1974861,1848861,5219000,307000,0.0,2133000,27,0.7993,107947.619,0.0,1.3007,0.0,-0.0638,equilibrio_sostenible,calculado,alta,baja,balance_operativo_no_negativo | cobertura_esencial_superior_a_un_mes | recuperacion_consistente | inversion_productiva_observada | hobbies_identificados_sin_asumir_que_deban_eliminarse,recuperacion_demora_mas_de_20_dias,ninguna_relevante_para_el_periodo,El periodo permanece cerca del equilibrio y mantiene cubiertas las obligaciones observadas. Evaluación entre 2026-04-01 y 2026-04-30; no describe permanentemente a la persona.,historia_controlada_y_metricas_observadas,test,variable_resiliente,si,roadmap_14_mvp_cerrado_v1.1,fincoah_mvp_co_v1.1,4a0b923a626dd1aa8ae4fce35ff281d3f321fdd3f6be0f3937fba6918ad340b5
VEN_0059_2,PERF_0059,dentro_del_mvp,2026-05-31,2026-04-01,2026-05-31,acumulada_61_dias,61,66,0.9697,4642000,0,0,30000,210000,5746000,3785000,262000,794000,515000,0,1620631,756631,1974861,1604061,10628000,-1104000,0.0,2247000,58,0.1816,-53333.3333,0.1904,0.3998,0.0,-0.1878,variable_resiliente,calculado,alta,baja,inversion_productiva_observada | hobbies_identificados_sin_asumir_que_deban_eliminarse,balance_operativo_negativo | cobertura_esencial_reducida | recuperacion_demora_mas_de_20_dias,ninguna_relevante_para_el_periodo,"Los ingresos fluctúan, pero el periodo muestra recuperación y cobertura sin convertir la variabilidad en riesgo. Evaluación entre 2026-04-01 y 2026-05-31; no describe permanentemente a la persona.",historia_controlada_y_metricas_observadas,test,variable_resiliente,si,roadmap_14_mvp_cerrado_v1.1,fincoah_mvp_co_v1.1,6c2fc1750212d2b7ccc71f49646a8e25f8d5bf786084a16a07d4f7604e4f17e2
VEN_0059_3,PERF_0059,dentro_del_mvp,2026-06-30,2026-04-01,2026-06-30,acumulada_91_dias,91,98,0.9796,8384000,0,0,30000,210000,7463000,4777000,492000,1001000,671000,0,1620631,2781631,1974861,1491741,16087000,921000,0.0,2247000,28,0.5,40555.5556,0.2723,1.7469,0.0,-0.2446,variable_resiliente,calculado,alta,baja,balance_operativo_no_negativo | cobertura_esencial_superior_a_un_mes | inversion_productiva_observada | hobbies_identificados_sin_asumir_que_deban_eliminarse,recuperacion_demora_mas_de_20_dias,ninguna_relevante_para_el_periodo,"Los ingresos fluctúan, pero el periodo muestra recuperación y cobertura sin convertir la variabilidad en riesgo. Evaluación entre 2026-04-01 y 2026-06-30; no describe permanentemente a la persona.",historia_controlada_y_metricas_observadas,test,variable_resiliente,si,roadmap_14_mvp_cerrado_v1.1,fincoah_mvp_co_v1.1,1f80bad8ca53014d20519aab7aad72a599102531f987b1fd8786cc31274748a3
VEN_0060_1,PERF_0060,dentro_del_mvp,2026-04-30,2026-04-01,2026-04-30,acumulada_30_dias,30,33,0.9394,4556000,0,0,0,281000,2926000,1766000,240000,578000,132000,0,12394315,14305315,5447102,5352062,7763000,1630000,0.0,986000,2,0.75,54661.9048,0.0,8.1004,0.0,-0.0174,acumulacion_estable,calculado,media,media,balance_operativo_no_negativo | cobertura_esencial_superior_a_un_mes | recuperacion_consistente | inversion_productiva_observada | hobbies_identificados_sin_asumir_que_deban_eliminarse,sin_factor_de_atencion_dominante,destino_del_efectivo_fuera_del_banco,"El periodo conserva balance favorable, liquidez creciente y cobertura suficiente. Evaluación entre 2026-04-01 y 2026-04-30; no describe permanentemente a la persona.",historia_controlada_y_metricas_observadas,validation,uso_planificado_reserva,si,roadmap_14_mvp_cerrado_v1.1,fincoah_mvp_co_v1.1,16ef2358071eb1f0cf1320a792f9e8ddd6134b43fa86e6c0d44a6ebd6117f1b4
VEN_0060_2,PERF_0060,dentro_del_mvp,2026-05-31,2026-04-01,2026-05-31,acumulada_61_dias,61,66,0.9697,7534000,0,0,150000,281000,10621000,6476000,1137000,1904000,132000,0,12394315,9738315,5447102,5352062,18586000,-3087000,0.0,6216000,33,0.8011,-218000.0,0.2095,3.0075,0.0,-0.0174,uso_planificado_reserva,calculado,alta,baja,cobertura_esencial_superior_a_un_mes | recuperacion_consistente | inversion_productiva_observada | hobbies_identificados_sin_asumir_que_deban_eliminarse,balance_operativo_negativo | recuperacion_demora_mas_de_20_dias,destino_del_efectivo_fuera_del_banco,El balance negativo se explica por una salida alineada con una meta y existe reserva para absorberla. Evaluación entre 2026-04-01 y 2026-05-31; no describe permanentemente a la persona.,historia_controlada_y_metricas_observadas,validation,uso_planificado_reserva,si,roadmap_14_mvp_cerrado_v1.1,fincoah_mvp_co_v1.1,3cf1dede58f1078b21ee587c225a3b6e4b3c86a4c37168f35aebeb097eab87be
VEN_0060_3,PERF_0060,dentro_del_mvp,2026-06-30,2026-04-01,2026-06-30,acumulada_91_dias,91,98,0.9796,10478000,0,0,330000,281000,18316000,11403000,1964000,2934000,351000,0,12394315,5167315,5447102,5194382,29405000,-7838000,0.0,10070000,63,0.7593,-10777.7778,0.2153,1.3595,0.0,-0.0464,uso_planificado_reserva,calculado,alta,baja,cobertura_esencial_superior_a_un_mes | recuperacion_consistente | inversion_productiva_observada | hobbies_identificados_sin_asumir_que_deban_eliminarse,balance_operativo_negativo | recuperacion_demora_mas_de_20_dias,destino_del_efectivo_fuera_del_banco,El balance negativo se explica por una salida alineada con una meta y existe reserva para absorberla. Evaluación entre 2026-04-01 y 2026-06-30; no describe permanentemente a la persona.,historia_controlada_y_metricas_observadas,validation,uso_planificado_reserva,si,roadmap_14_mvp_cerrado_v1.1,fincoah_mvp_co_v1.1,4d26fde3dd80cd5ceb841c75b6d9f75a2de9ac0760933fd632a213d26fe352a7
VEN_0061_1,PERF_0061,dentro_del_mvp,2026-04-30,2026-04-01,2026-04-30,acumulada_30_dias,30,30,0.9667,11138000,0,0,0,0,10078000,5472000,851000,772000,0,0,6165264,7225264,0,0,21216000,1060000,0.0,4303000,4,0.6667,143271.4286,0.0,1.3204,0.0,0.0,equilibrio_sostenible,calculado,alta,baja,balance_operativo_no_negativo | cobertura_esencial_superior_a_un_mes | inversion_productiva_observada | hobbies_identificados_sin_asumir_que_deban_eliminarse,sin_factor_de_atencion_dominante,ninguna_relevante_para_el_periodo,El periodo permanece cerca del equilibrio y mantiene cubiertas las obligaciones observadas. Evaluación entre 2026-04-01 y 2026-04-30; no describe permanentemente a la persona.,historia_controlada_y_metricas_observadas,train,deterioro_reciente,si,roadmap_14_mvp_cerrado_v1.1,fincoah_mvp_co_v1.1,a1c8975d2d53a0c82dda33cd1e489859422e0183734f7b9a81386f690c24fccf
VEN_0061_2,PERF_0061,dentro_del_mvp,2026-05-31,2026-04-01,2026-05-31,acumulada_61_dias,61,60,0.9667,23400000,0,0,0,0,20156000,10976000,1705000,2400000,0,0,6165264,9409264,0,0,43556000,3244000,0.0,4698000,17,0.8333,106700.0,0.048,1.7145,0.0,0.0,equilibrio_sostenible,calculado,alta,baja,balance_operativo_no_negativo | cobertura_esencial_superior_a_un_mes | recuperacion_consistente | inversion_productiva_observada | hobbies_identificados_sin_asumir_que_deban_eliminarse,sin_factor_de_atencion_dominante,ninguna_relevante_para_el_periodo,El periodo permanece cerca del equilibrio y mantiene cubiertas las obligaciones observadas. Evaluación entre 2026-04-01 y 2026-05-31; no describe permanentemente a la persona.,historia_controlada_y_metricas_observadas,train,deterioro_reciente,si,roadmap_14_mvp_cerrado_v1.1,fincoah_mvp_co_v1.1,6ec768a8a62d28754eb26b56d0669ac3b3c5efb478714bc76466b348c6a44339
VEN_0061_3,PERF_0061,dentro_del_mvp,2026-06-30,2026-04-01,2026-06-30,acumulada_91_dias,91,90,0.9333,30930000,0,0,0,0,34794000,20870000,2110000,4535000,0,0,6165264,2301264,0,0,65724000,-3864000,0.0,11806000,47,0.8333,-391800.0,0.1958,0.3308,0.0,0.0,deterioro_reciente,calculado,media,media,recuperacion_consistente | inversion_productiva_observada | hobbies_identificados_sin_asumir_que_deban_eliminarse,balance_operativo_negativo | cobertura_esencial_reducida | recuperacion_demora_mas_de_20_dias,destino_del_efectivo_fuera_del_banco,El cierre reciente empeora frente al inicio del periodo y la recuperación es parcial. Evaluación entre 2026-04-01 y 2026-06-30; no describe permanentemente a la persona.,historia_controlada_y_metricas_observadas,train,deterioro_reciente,si,roadmap_14_mvp_cerrado_v1.1,fincoah_mvp_co_v1.1,2435d4a15c6126d57a90e08cbf3aa8398ba48f2a47254a46f2d1027bffd9d851
VEN_0062_1,PERF_0062,dentro_del_mvp,2026-04-30,2026-04-01,2026-04-30,acumulada_30_dias,30,33,0.9697,3631000,0,0,140000,0,6092000,2715000,612000,1471000,548000,0,1118941,-1202059,15508493,15113933,9863000,-2461000,4.5907,3652000,26,0.6095,-46666.6667,0.0,0.0,0.0,-0.0254,deterioro_reciente,calculado,alta,baja,inversion_productiva_observada | hobbies_identificados_sin_asumir_que_deban_eliminarse,balance_operativo_negativo | cobertura_esencial_reducida | recuperacion_demora_mas_de_20_dias,destino_del_efectivo_fuera_del_banco,El cierre reciente empeora frente al inicio del periodo y la recuperación es parcial. Evaluación entre 2026-04-01 y 2026-04-30; no describe permanentemente a la persona.,historia_controlada_y_metricas_observadas,train,fragilidad_sostenida,si,roadmap_14_mvp_cerrado_v1.1,fincoah_mvp_co_v1.1,ea412c6580c117624a156969f4e007372fc17193db33c938eb843974f696899b
VEN_0062_2,PERF_0062,dentro_del_mvp,2026-05-31,2026-04-01,2026-05-31,acumulada_61_dias,61,65,0.9538,6516000,0,0,140000,0,13868000,7302000,1444000,2297000,793000,0,1118941,-6093059,15508493,14937533,20524000,-7352000,25.7592,7822000,57,0.505,-83900.0,0.1145,0.0,0.0,-0.0368,fragilidad_sostenida,calculado,alta,baja,inversion_productiva_observada | hobbies_identificados_sin_asumir_que_deban_eliminarse,balance_operativo_negativo | cobertura_esencial_reducida | recuperacion_demora_mas_de_20_dias,destino_del_efectivo_fuera_del_banco,"El déficit persiste, la cobertura se reduce y la deuda gana peso durante el periodo. Evaluación entre 2026-04-01 y 2026-05-31; no describe permanentemente a la persona.",historia_controlada_y_metricas_observadas,train,fragilidad_sostenida,si,roadmap_14_mvp_cerrado_v1.1,fincoah_mvp_co_v1.1,546b18a27615efc3fa9b4ac7ef595e35d6864db9da20fac213a4af16f19d67aa
VEN_0062_3,PERF_0062,dentro_del_mvp,2026-06-30,2026-04-01,2026-06-30,acumulada_91_dias,91,97,0.9691,9315000,0,518000,140000,0,21644000,11870000,2466000,3784000,1171000,0,1118941,-10552059,15508493,15183373,31617000,-12329000,47.0072,13334000,87,0.523,37555.5556,0.1203,0.0,0.0527,-0.021,fragilidad_sostenida,calculado,alta,baja,inversion_productiva_observada | hobbies_identificados_sin_asumir_que_deban_eliminarse,balance_operativo_negativo | cobertura_esencial_reducida | recuperacion_demora_mas_de_20_dias,destino_del_efectivo_fuera_del_banco,"El déficit persiste, la cobertura se reduce y la deuda gana peso durante el periodo. Evaluación entre 2026-04-01 y 2026-06-30; no describe permanentemente a la persona.",historia_controlada_y_metricas_observadas,train,fragilidad_sostenida,si,roadmap_14_mvp_cerrado_v1.1,fincoah_mvp_co_v1.1,d27dca5b91f17a74eb74b1298d09a6cc177c2d2a7d972f7b77c47528298097d0
VEN_0063_1,PERF_0063,dentro_del_mvp,2026-04-30,2026-04-01,2026-04-30,acumulada_30_dias,30,30,1.0000,3941000,0,713000,0,0,10692000,7080000,1233000,1573000,645000,0,1273099,-4764901,10707783,10956383,15346000,-6751000,23.4792,6751000,28,0.0,285871.4286,0.0,0.0,0.1532,0.0232,fragilidad_sostenida,calculado,alta,baja,inversion_productiva_observada | hobbies_identificados_sin_asumir_que_deban_eliminarse,balance_operativo_negativo | cobertura_esencial_reducida | recuperacion_demora_mas_de_20_dias,ninguna_relevante_para_el_periodo,"El déficit persiste, la cobertura se reduce y la deuda gana peso durante el periodo. Evaluación entre 2026-04-01 y 2026-04-30; no describe permanentemente a la persona.",historia_controlada_y_metricas_observadas,train,situacion_critica,si,roadmap_14_mvp_cerrado_v1.1,fincoah_mvp_co_v1.1,a2c4dd052d04363f526871530b20f845bc2d864642704ea09f4e7f89a8747a95
VEN_0063_2,PERF_0063,dentro_del_mvp,2026-05-31,2026-04-01,2026-05-31,acumulada_61_dias,61,60,1.0000,6712000,0,2020000,0,0,24194000,17771000,1766000,2434000,1514000,0,1273099,-14188901,10707783,11637703,32926000,-17482000,76.0443,18650000,59,0.0626,-132666.6667,0.1743,0.0,0.2313,0.0868,situacion_critica,calculado,alta,baja,inversion_productiva_observada | hobbies_identificados_sin_asumir_que_deban_eliminarse,balance_operativo_negativo | cobertura_esencial_reducida | deuda_creciente | recuperacion_demora_mas_de_20_dias,ninguna_relevante_para_el_periodo,La liquidez resulta insuficiente frente a necesidades esenciales y la posición negativa persiste. Evaluación entre 2026-04-01 y 2026-05-31; no describe permanentemente a la persona.,historia_controlada_y_metricas_observadas,train,situacion_critica,si,roadmap_14_mvp_cerrado_v1.1,fincoah_mvp_co_v1.1,e15e38dac0ee458933b3d73496236b37894668e4e1abf2570490f00d908130bf
VEN_0063_3,PERF_0063,dentro_del_mvp,2026-06-30,2026-04-01,2026-06-30,acumulada_91_dias,91,90,0.9889,9374000,0,2020000,0,0,37696000,25412000,3600000,4931000,1851000,0,1273099,-25028901,10707783,11395063,49090000,-28322000,133.3016,28785000,89,0.0161,81333.3333,0.1853,0.0,0.1773,0.0642,situacion_critica,calculado,alta,baja,inversion_productiva_observada | hobbies_identificados_sin_asumir_que_deban_eliminarse,balance_operativo_negativo | cobertura_esencial_reducida | deuda_creciente | recuperacion_demora_mas_de_20_dias,ninguna_relevante_para_el_periodo,La liquidez resulta insuficiente frente a necesidades esenciales y la posición negativa persiste. Evaluación entre 2026-04-01 y 2026-06-30; no describe permanentemente a la persona.,historia_controlada_y_metricas_observadas,train,situacion_critica,si,roadmap_14_mvp_cerrado_v1.1,fincoah_mvp_co_v1.1,e98860fe2f0291be38de9641994887424b37830de6f20b44d50443206dd0ff7f
VEN_0064_1,PERF_0064,dentro_del_mvp,2026-04-30,2026-04-01,2026-04-30,acumulada_30_dias,30,34,0.9706,6047000,0,0,0,0,3542000,1827000,380000,679000,0,0,6796126,9301126,0,0,9589000,2505000,0.0,2050000,2,0.6667,234071.4286,0.0,5.0909,0.0,0.0,acumulacion_estable,calculado,alta,baja,balance_operativo_no_negativo | cobertura_esencial_superior_a_un_mes | inversion_productiva_observada | hobbies_identificados_sin_asumir_que_deban_eliminarse,sin_factor_de_atencion_dominante,destino_del_efectivo_fuera_del_banco,"El periodo conserva balance favorable, liquidez creciente y cobertura suficiente. Evaluación entre 2026-04-01 y 2026-04-30; no describe permanentemente a la persona.",historia_controlada_y_metricas_observadas,validation,acumulacion_estable,si,roadmap_14_mvp_cerrado_v1.1,fincoah_mvp_co_v1.1,cfb24b7280e6fac6958ff097204ee24d616dfde69e5b81646b38c2a5c4bcba4c
VEN_0064_2,PERF_0064,dentro_del_mvp,2026-05-31,2026-04-01,2026-05-31,acumulada_61_dias,61,67,0.9701,11448000,0,0,0,0,7084000,4292000,545000,1057000,0,0,6796126,11160126,0,0,18532000,4364000,0.0,2050000,20,0.9,-24733.3333,0.0564,5.2004,0.0,0.0,acumulacion_estable,calculado,alta,baja,balance_operativo_no_negativo | cobertura_esencial_superior_a_un_mes | recuperacion_consistente | inversion_productiva_observada | hobbies_identificados_sin_asumir_que_deban_eliminarse,sin_factor_de_atencion_dominante,destino_del_efectivo_fuera_del_banco,"El periodo conserva balance favorable, liquidez creciente y cobertura suficiente. Evaluación entre 2026-04-01 y 2026-05-31; no describe permanentemente a la persona.",historia_controlada_y_metricas_observadas,validation,acumulacion_estable,si,roadmap_14_mvp_cerrado_v1.1,fincoah_mvp_co_v1.1,f5a9c15052d12bf2ea6be25ebf807a3ff3be01b127c96783265de9cce18074a7
VEN_0064_3,PERF_0064,dentro_del_mvp,2026-06-30,2026-04-01,2026-06-30,acumulada_91_dias,91,100,0.9700,17327000,0,0,0,0,10626000,6612000,779000,1415000,0,0,6796126,13497126,0,0,27953000,6701000,0.0,2050000,19,0.8571,-56377.7778,0.0474,6.1239,0.0,0.0,acumulacion_estable,calculado,alta,baja,balance_operativo_no_negativo | cobertura_esencial_superior_a_un_mes | recuperacion_consistente | inversion_productiva_observada | hobbies_identificados_sin_asumir_que_deban_eliminarse,sin_factor_de_atencion_dominante,destino_del_efectivo_fuera_del_banco,"El periodo conserva balance favorable, liquidez creciente y cobertura suficiente. Evaluación entre 2026-04-01 y 2026-06-30; no describe permanentemente a la persona.",historia_controlada_y_metricas_observadas,validation,acumulacion_estable,si,roadmap_14_mvp_cerrado_v1.1,fincoah_mvp_co_v1.1,addbf148c520264b58e029afebf2cdf10fab672079f26d19b850500637707fa7
VEN_0065_1,PERF_0065,dentro_del_mvp,2026-04-30,2026-04-01,2026-04-30,acumulada_30_dias,30,31,1.0000,5178000,0,0,0,0,5068000,3505000,783000,408000,264000,0,1713170,1823170,9537357,9347277,10246000,110000,0.0,1828000,20,0.8334,52461.9048,0.0,0.5202,0.0,-0.0199,equilibrio_sostenible,calculado,alta,baja,balance_operativo_no_negativo | recuperacion_consistente | inversion_productiva_observada | hobbies_identificados_sin_asumir_que_deban_eliminarse,cobertura_esencial_reducida,ninguna_relevante_para_el_periodo,El periodo permanece cerca del equilibrio y mantiene cubiertas las obligaciones observadas. Evaluación entre 2026-04-01 y 2026-04-30; no describe permanentemente a la persona.,historia_controlada_y_metricas_observadas,train,equilibrio_sostenible,si,roadmap_14_mvp_cerrado_v1.1,fincoah_mvp_co_v1.1,1dcc849b3f7572b65af0e5b6d0ee65f6a0d13616b9fa0d706c60809fe8731027
VEN_0065_2,PERF_0065,dentro_del_mvp,2026-05-31,2026-04-01,2026-05-31,acumulada_61_dias,61,61,0.9836,10706000,0,0,0,0,10136000,7043000,861000,846000,552000,0,1713170,2283170,9537357,9139917,20842000,570000,0.5352,3499000,51,0.9787,-19733.3333,0.0327,0.6484,0.0,-0.0417,equilibrio_sostenible,calculado,alta,baja,balance_operativo_no_negativo | recuperacion_consistente | inversion_productiva_observada | hobbies_identificados_sin_asumir_que_deban_eliminarse,cobertura_esencial_reducida | recuperacion_demora_mas_de_20_dias,destino_del_efectivo_fuera_del_banco,El periodo permanece cerca del equilibrio y mantiene cubiertas las obligaciones observadas. Evaluación entre 2026-04-01 y 2026-05-31; no describe permanentemente a la persona.,historia_controlada_y_metricas_observadas,train,equilibrio_sostenible,si,roadmap_14_mvp_cerrado_v1.1,fincoah_mvp_co_v1.1,40a475e34d38fbcab6514b450dfa3ac0b25c0a869b53545f9f70a920bca8a80a
VEN_0065_3,PERF_0065,dentro_del_mvp,2026-06-30,2026-04-01,2026-06-30,acumulada_91_dias,91,91,0.9780,15877000,0,0,0,0,15204000,10268000,1056000,1594000,552000,0,1713170,2386170,9537357,9139917,31081000,673000,0.3609,3499000,3,0.6667,138511.1111,0.0315,0.6972,0.0,-0.0417,equilibrio_sostenible,calculado,alta,baja,balance_operativo_no_negativo | inversion_productiva_observada | hobbies_identificados_sin_asumir_que_deban_eliminarse,cobertura_esencial_reducida,destino_del_efectivo_fuera_del_banco,El periodo permanece cerca del equilibrio y mantiene cubiertas las obligaciones observadas. Evaluación entre 2026-04-01 y 2026-06-30; no describe permanentemente a la persona.,historia_controlada_y_metricas_observadas,train,equilibrio_sostenible,si,roadmap_14_mvp_cerrado_v1.1,fincoah_mvp_co_v1.1,0ff8283ba1ac7e5272a15f9237648a0c4375f60c00334a55c7347a59083ad74f
VEN_0066_1,PERF_0066,dentro_del_mvp,2026-04-30,2026-04-01,2026-04-30,acumulada_30_dias,30,33,1.0000,7199000,0,0,0,0,6272000,3515000,627000,800000,0,0,2750437,3677437,1752544,1752544,13471000,927000,0.0,2423000,19,0.6222,-113138.0952,0.0,1.0462,0.0,0.0,equilibrio_sostenible,calculado,alta,baja,balance_operativo_no_negativo | cobertura_esencial_superior_a_un_mes | inversion_productiva_observada | hobbies_identificados_sin_asumir_que_deban_eliminarse,sin_factor_de_atencion_dominante,ninguna_relevante_para_el_periodo,El periodo permanece cerca del equilibrio y mantiene cubiertas las obligaciones observadas. Evaluación entre 2026-04-01 y 2026-04-30; no describe permanentemente a la persona.,historia_controlada_y_metricas_observadas,validation,variable_resiliente,si,roadmap_14_mvp_cerrado_v1.1,fincoah_mvp_co_v1.1,eeb523558fb637147b6dfee6f199c0cad25f32a848cc8f0f32a1cf3459f81bae
VEN_0066_2,PERF_0066,dentro_del_mvp,2026-05-31,2026-04-01,2026-05-31,acumulada_61_dias,61,65,1.0000,16373000,0,0,0,0,10655000,6005000,1032000,1628000,0,0,2750437,8468437,1752544,1752544,27028000,5718000,0.0,2797000,14,0.9067,217866.6667,0.1206,2.8205,0.0,0.0,variable_resiliente,calculado,alta,baja,balance_operativo_no_negativo | cobertura_esencial_superior_a_un_mes | recuperacion_consistente | inversion_productiva_observada | hobbies_identificados_sin_asumir_que_deban_eliminarse,sin_factor_de_atencion_dominante,ninguna_relevante_para_el_periodo,"Los ingresos fluctúan, pero el periodo muestra recuperación y cobertura sin convertir la variabilidad en riesgo. Evaluación entre 2026-04-01 y 2026-05-31; no describe permanentemente a la persona.",historia_controlada_y_metricas_observadas,validation,variable_resiliente,si,roadmap_14_mvp_cerrado_v1.1,fincoah_mvp_co_v1.1,bcb84daca74b2566c19f25438c1f1a0af049bc913d91220248e0edc4cd7c95ff
VEN_0066_3,PERF_0066,dentro_del_mvp,2026-06-30,2026-04-01,2026-06-30,acumulada_91_dias,91,97,1.0000,21791000,0,0,0,0,19056000,11501000,1975000,2373000,789000,0,2750437,5485437,1752544,1184464,40847000,2735000,0.0,5170000,26,0.8,-142466.6667,0.2112,1.4309,0.0,-0.3241,variable_resiliente,calculado,alta,baja,balance_operativo_no_negativo | cobertura_esencial_superior_a_un_mes | recuperacion_consistente | inversion_productiva_observada | hobbies_identificados_sin_asumir_que_deban_eliminarse,recuperacion_demora_mas_de_20_dias,ninguna_relevante_para_el_periodo,"Los ingresos fluctúan, pero el periodo muestra recuperación y cobertura sin convertir la variabilidad en riesgo. Evaluación entre 2026-04-01 y 2026-06-30; no describe permanentemente a la persona.",historia_controlada_y_metricas_observadas,validation,variable_resiliente,si,roadmap_14_mvp_cerrado_v1.1,fincoah_mvp_co_v1.1,41e50fd18506a0991f5dfb23f698c71fd527da33789f619461987c073414e552
VEN_0067_1,PERF_0067,dentro_del_mvp,2026-04-30,2026-04-01,2026-04-30,acumulada_30_dias,30,31,1.0000,8147000,0,0,0,0,4864000,2941000,665000,693000,383000,0,24369626,27652626,15299653,15023893,13011000,3283000,0.0,1397000,0,1.0,286561.9048,0.0,9.4025,0.0,-0.018,acumulacion_estable,calculado,alta,baja,balance_operativo_no_negativo | cobertura_esencial_superior_a_un_mes | recuperacion_consistente | inversion_productiva_observada | hobbies_identificados_sin_asumir_que_deban_eliminarse,sin_factor_de_atencion_dominante,ninguna_relevante_para_el_periodo,"El periodo conserva balance favorable, liquidez creciente y cobertura suficiente. Evaluación entre 2026-04-01 y 2026-04-30; no describe permanentemente a la persona.",historia_controlada_y_metricas_observadas,validation,uso_planificado_reserva,si,roadmap_14_mvp_cerrado_v1.1,fincoah_mvp_co_v1.1,148873e87675d82a596c069b7508d4ab9138be079a07d9107b5bbf912073ee25
VEN_0067_2,PERF_0067,dentro_del_mvp,2026-05-31,2026-04-01,2026-05-31,acumulada_61_dias,61,62,0.9677,13814000,0,0,0,0,17656000,10488000,1240000,4009000,1059000,0,24369626,20527626,15299653,14537173,31470000,-3842000,0.0,8052000,28,0.8333,-346933.3333,0.1795,3.9145,0.0,-0.0498,uso_planificado_reserva,calculado,alta,baja,cobertura_esencial_superior_a_un_mes | recuperacion_consistente | inversion_productiva_observada | hobbies_identificados_sin_asumir_que_deban_eliminarse,balance_operativo_negativo | recuperacion_demora_mas_de_20_dias,destino_del_efectivo_fuera_del_banco,El balance negativo se explica por una salida alineada con una meta y existe reserva para absorberla. Evaluación entre 2026-04-01 y 2026-05-31; no describe permanentemente a la persona.,historia_controlada_y_metricas_observadas,validation,uso_planificado_reserva,si,roadmap_14_mvp_cerrado_v1.1,fincoah_mvp_co_v1.1,3b72a7143aba60495338e8254beeb52dec34c533db2167a29089b22aa20cc2f7
VEN_0067_3,PERF_0067,dentro_del_mvp,2026-06-30,2026-04-01,2026-06-30,acumulada_91_dias,91,92,0.9783,18907000,0,0,0,0,30448000,18226000,2285000,6296000,1059000,0,24369626,12828626,15299653,14537173,49355000,-11541000,0.0,15751000,58,0.8333,-157400.0,0.2103,2.1116,0.0,-0.0498,uso_planificado_reserva,calculado,alta,baja,cobertura_esencial_superior_a_un_mes | recuperacion_consistente | inversion_productiva_observada | hobbies_identificados_sin_asumir_que_deban_eliminarse,balance_operativo_negativo | recuperacion_demora_mas_de_20_dias,destino_del_efectivo_fuera_del_banco,El balance negativo se explica por una salida alineada con una meta y existe reserva para absorberla. Evaluación entre 2026-04-01 y 2026-06-30; no describe permanentemente a la persona.,historia_controlada_y_metricas_observadas,validation,uso_planificado_reserva,si,roadmap_14_mvp_cerrado_v1.1,fincoah_mvp_co_v1.1,e83e9a9a7e8a5c8c45eea3b66f8857673190a4d528446d14e4f8a3a95538e3a7
VEN_0068_1,PERF_0068,dentro_del_mvp,2026-04-30,2026-04-01,2026-04-30,acumulada_30_dias,30,32,0.9375,6419000,0,0,0,0,5864000,3213000,543000,1590000,0,0,5539670,6094670,10384992,10384992,12283000,555000,0.0,4075000,24,0.9799,249452.381,0.0,1.8969,0.0,0.0,equilibrio_sostenible,calculado,media,media,balance_operativo_no_negativo | cobertura_esencial_superior_a_un_mes | recuperacion_consistente | inversion_productiva_observada | hobbies_identificados_sin_asumir_que_deban_eliminarse,recuperacion_demora_mas_de_20_dias,ninguna_relevante_para_el_periodo,El periodo permanece cerca del equilibrio y mantiene cubiertas las obligaciones observadas. Evaluación entre 2026-04-01 y 2026-04-30; no describe permanentemente a la persona.,historia_controlada_y_metricas_observadas,train,deterioro_reciente,si,roadmap_14_mvp_cerrado_v1.1,fincoah_mvp_co_v1.1,03c3b827ad2afe475f62fb4928f33d3bf33c571bc9d99e6d472cce0253bdb420
VEN_0068_2,PERF_0068,dentro_del_mvp,2026-05-31,2026-04-01,2026-05-31,acumulada_61_dias,61,64,0.9531,12572000,0,0,0,0,11728000,6504000,970000,2485000,292000,0,5539670,6383670,10384992,10174752,24300000,844000,0.0,4745000,0,1.0,-26766.6667,0.0212,1.963,0.0,-0.0202,equilibrio_sostenible,calculado,alta,baja,balance_operativo_no_negativo | cobertura_esencial_superior_a_un_mes | recuperacion_consistente | inversion_productiva_observada | hobbies_identificados_sin_asumir_que_deban_eliminarse,sin_factor_de_atencion_dominante,destino_del_efectivo_fuera_del_banco,El periodo permanece cerca del equilibrio y mantiene cubiertas las obligaciones observadas. Evaluación entre 2026-04-01 y 2026-05-31; no describe permanentemente a la persona.,historia_controlada_y_metricas_observadas,train,deterioro_reciente,si,roadmap_14_mvp_cerrado_v1.1,fincoah_mvp_co_v1.1,1b92ff55c8716b0f1f366f37bf800bedb3b827571c1cd82f8d778b976e2ce33c
VEN_0068_3,PERF_0068,dentro_del_mvp,2026-06-30,2026-04-01,2026-06-30,acumulada_91_dias,91,95,0.9474,17850000,0,0,0,0,20246000,11319000,2089000,2938000,579000,0,5539670,3143670,10384992,9968112,38096000,-2396000,0.0783,6919000,30,0.8439,96955.5556,0.0819,0.8332,0.0,-0.0401,deterioro_reciente,calculado,alta,baja,recuperacion_consistente | inversion_productiva_observada | hobbies_identificados_sin_asumir_que_deban_eliminarse,balance_operativo_negativo | cobertura_esencial_reducida | recuperacion_demora_mas_de_20_dias,destino_del_efectivo_fuera_del_banco,El cierre reciente empeora frente al inicio del periodo y la recuperación es parcial. Evaluación entre 2026-04-01 y 2026-06-30; no describe permanentemente a la persona.,historia_controlada_y_metricas_observadas,train,deterioro_reciente,si,roadmap_14_mvp_cerrado_v1.1,fincoah_mvp_co_v1.1,fbe06052ab1514ce90f10cd8eb3f26f125e7beebe7f9cea6fc50775b69c08602
VEN_0069_1,PERF_0069,dentro_del_mvp,2026-04-30,2026-04-01,2026-04-30,acumulada_30_dias,30,33,1.0000,4555000,0,0,0,0,7926000,4487000,338000,1435000,533000,0,459058,-2911942,14900181,14516421,12481000,-3371000,7.2355,4555000,20,0.5,-213580.9524,0.0,0.0,0.0,-0.0258,deterioro_reciente,calculado,alta,baja,inversion_productiva_observada | hobbies_identificados_sin_asumir_que_deban_eliminarse,balance_operativo_negativo | cobertura_esencial_reducida,ninguna_relevante_para_el_periodo,El cierre reciente empeora frente al inicio del periodo y la recuperación es parcial. Evaluación entre 2026-04-01 y 2026-04-30; no describe permanentemente a la persona.,historia_controlada_y_metricas_observadas,validation,fragilidad_sostenida,si,roadmap_14_mvp_cerrado_v1.1,fincoah_mvp_co_v1.1,d40f0aad83d2b71d06f3924e64867d9b100b7cebce7e44b11c816dc260853df6
VEN_0069_2,PERF_0069,dentro_del_mvp,2026-05-31,2026-04-01,2026-05-31,acumulada_61_dias,61,66,0.9848,7996000,0,0,0,0,18042000,10844000,902000,2615000,533000,0,459058,-9586942,14900181,14516421,26038000,-10046000,31.5609,11230000,51,0.5,-124500.0,0.1393,0.0,0.0,-0.0258,fragilidad_sostenida,calculado,alta,baja,inversion_productiva_observada | hobbies_identificados_sin_asumir_que_deban_eliminarse,balance_operativo_negativo | cobertura_esencial_reducida | recuperacion_demora_mas_de_20_dias,ninguna_relevante_para_el_periodo,"El déficit persiste, la cobertura se reduce y la deuda gana peso durante el periodo. Evaluación entre 2026-04-01 y 2026-05-31; no describe permanentemente a la persona.",historia_controlada_y_metricas_observadas,validation,fragilidad_sostenida,si,roadmap_14_mvp_cerrado_v1.1,fincoah_mvp_co_v1.1,99fd7a883c9ffdd67aa5aa1f6f1bf7bd433e142755659abc58a6fd58780f59d4
VEN_0069_3,PERF_0069,dentro_del_mvp,2026-06-30,2026-04-01,2026-06-30,acumulada_91_dias,91,99,0.9798,11216000,0,674000,120000,0,28158000,15911000,2572000,4138000,533000,0,459058,-15688942,14900181,15190421,40168000,-16942000,61.5326,18642000,81,0.5138,-101222.2222,0.1563,0.0,0.0567,0.0195,fragilidad_sostenida,calculado,alta,baja,inversion_productiva_observada | hobbies_identificados_sin_asumir_que_deban_eliminarse,balance_operativo_negativo | cobertura_esencial_reducida | recuperacion_demora_mas_de_20_dias,ninguna_relevante_para_el_periodo,"El déficit persiste, la cobertura se reduce y la deuda gana peso durante el periodo. Evaluación entre 2026-04-01 y 2026-06-30; no describe permanentemente a la persona.",historia_controlada_y_metricas_observadas,validation,fragilidad_sostenida,si,roadmap_14_mvp_cerrado_v1.1,fincoah_mvp_co_v1.1,fcf8ff16d5412b31781d9700cb5f97edeefbf2108eac077f830c9805235377a2
VEN_0070_1,PERF_0070,dentro_del_mvp,2026-04-30,2026-04-01,2026-04-30,acumulada_30_dias,30,33,1.0000,3785000,0,710000,0,0,10656000,7038000,587000,677000,886000,0,1166230,-4994770,16459799,16531879,15151000,-6871000,28.2173,7288000,28,0.0572,150252.381,0.0,0.0,0.158,0.0044,fragilidad_sostenida,calculado,alta,baja,inversion_productiva_observada | hobbies_identificados_sin_asumir_que_deban_eliminarse,balance_operativo_negativo | cobertura_esencial_reducida | recuperacion_demora_mas_de_20_dias,ninguna_relevante_para_el_periodo,"El déficit persiste, la cobertura se reduce y la deuda gana peso durante el periodo. Evaluación entre 2026-04-01 y 2026-04-30; no describe permanentemente a la persona.",historia_controlada_y_metricas_observadas,train,situacion_critica,si,roadmap_14_mvp_cerrado_v1.1,fincoah_mvp_co_v1.1,839b5f85ee6f41575cc78a2b0794ebfebef7b20e703d467a9aca16a6cf971fee
VEN_0070_2,PERF_0070,dentro_del_mvp,2026-05-31,2026-04-01,2026-05-31,acumulada_61_dias,61,65,1.0000,6654000,0,2012000,0,0,24113000,15696000,1165000,3333000,886000,0,1166230,-14280770,16459799,17833879,32779000,-17459000,78.2843,17666000,59,0.0117,-137100.0,0.1377,0.0,0.2322,0.0835,situacion_critica,calculado,alta,baja,inversion_productiva_observada | hobbies_identificados_sin_asumir_que_deban_eliminarse,balance_operativo_negativo | cobertura_esencial_reducida | deuda_creciente | recuperacion_demora_mas_de_20_dias,ninguna_relevante_para_el_periodo,La liquidez resulta insuficiente frente a necesidades esenciales y la posición negativa persiste. Evaluación entre 2026-04-01 y 2026-05-31; no describe permanentemente a la persona.,historia_controlada_y_metricas_observadas,train,situacion_critica,si,roadmap_14_mvp_cerrado_v1.1,fincoah_mvp_co_v1.1,1f0c79204114dae0729367d6fd921f2b88c4a56e2fc46e48fd186aa5f288c259
VEN_0070_3,PERF_0070,dentro_del_mvp,2026-06-30,2026-04-01,2026-06-30,acumulada_91_dias,91,97,1.0000,9276000,535000,2012000,0,0,37570000,23571000,2329000,6129000,886000,0,1166230,-24580770,16459799,17833879,49393000,-28294000,128.2654,28294000,89,0.0,-8888.8889,0.1618,0.0,0.2154,0.0835,situacion_critica,calculado,alta,baja,inversion_productiva_observada | hobbies_identificados_sin_asumir_que_deban_eliminarse,balance_operativo_negativo | cobertura_esencial_reducida | deuda_creciente | recuperacion_demora_mas_de_20_dias,ninguna_relevante_para_el_periodo,La liquidez resulta insuficiente frente a necesidades esenciales y la posición negativa persiste. Evaluación entre 2026-04-01 y 2026-06-30; no describe permanentemente a la persona.,historia_controlada_y_metricas_observadas,train,situacion_critica,si,roadmap_14_mvp_cerrado_v1.1,fincoah_mvp_co_v1.1,338a1212ae3cadc328c893a27d8afe5cd1f5a396d6e09ccb7a388b1c66c6240e
VEN_0071_1,PERF_0071,dentro_del_mvp,2026-04-30,2026-04-01,2026-04-30,acumulada_30_dias,30,32,1.0000,12102000,0,0,0,0,7106000,3361000,1365000,1300000,1083000,0,6171297,11167297,19120901,18341141,19208000,4996000,0.0,4269000,21,0.5,-585771.4286,0.0,3.3226,0.0,-0.0408,acumulacion_estable,calculado,alta,baja,balance_operativo_no_negativo | cobertura_esencial_superior_a_un_mes | inversion_productiva_observada | hobbies_identificados_sin_asumir_que_deban_eliminarse,recuperacion_demora_mas_de_20_dias,ninguna_relevante_para_el_periodo,"El periodo conserva balance favorable, liquidez creciente y cobertura suficiente. Evaluación entre 2026-04-01 y 2026-04-30; no describe permanentemente a la persona.",historia_controlada_y_metricas_observadas,validation,acumulacion_estable,si,roadmap_14_mvp_cerrado_v1.1,fincoah_mvp_co_v1.1,8a2e596c15983378e459d17a4420f26468f5dd31c359378b162a9d345ff50a3a
VEN_0071_2,PERF_0071,dentro_del_mvp,2026-05-31,2026-04-01,2026-05-31,acumulada_61_dias,61,63,1.0000,23464000,532000,0,0,0,14212000,6745000,2021000,3843000,1636000,0,6171297,15955297,19120901,17942981,38208000,9252000,0.0,6897000,6,0.6667,-26700.0,0.0315,4.731,0.0222,-0.0616,acumulacion_estable,calculado,alta,baja,balance_operativo_no_negativo | cobertura_esencial_superior_a_un_mes | inversion_productiva_observada | hobbies_identificados_sin_asumir_que_deban_eliminarse,sin_factor_de_atencion_dominante,ninguna_relevante_para_el_periodo,"El periodo conserva balance favorable, liquidez creciente y cobertura suficiente. Evaluación entre 2026-04-01 y 2026-05-31; no describe permanentemente a la persona.",historia_controlada_y_metricas_observadas,validation,acumulacion_estable,si,roadmap_14_mvp_cerrado_v1.1,fincoah_mvp_co_v1.1,3b00c6abe37ac17d09b748199b42dd4777d7c3f93a657c5d687dbaee8217a47b
VEN_0071_3,PERF_0071,dentro_del_mvp,2026-06-30,2026-04-01,2026-06-30,acumulada_91_dias,91,94,1.0000,34809000,532000,0,0,0,21318000,10705000,2379000,4926000,1636000,0,6171297,20194297,19120901,17942981,56659000,13491000,0.0,6897000,4,0.8333,94488.8889,0.0304,5.6593,0.0151,-0.0616,acumulacion_estable,calculado,alta,baja,balance_operativo_no_negativo | cobertura_esencial_superior_a_un_mes | recuperacion_consistente | inversion_productiva_observada | hobbies_identificados_sin_asumir_que_deban_eliminarse,sin_factor_de_atencion_dominante,ninguna_relevante_para_el_periodo,"El periodo conserva balance favorable, liquidez creciente y cobertura suficiente. Evaluación entre 2026-04-01 y 2026-06-30; no describe permanentemente a la persona.",historia_controlada_y_metricas_observadas,validation,acumulacion_estable,si,roadmap_14_mvp_cerrado_v1.1,fincoah_mvp_co_v1.1,d75e3647d22b5b65c9e2a89dc4ec6e7cb659f2b0a104dba10edd3db5b68d5bc9
VEN_0072_1,PERF_0072,dentro_del_mvp,2026-04-30,2026-04-01,2026-04-30,acumulada_30_dias,30,34,0.9706,5796000,428000,0,0,0,5544000,3037000,0,1559000,0,0,14298481,14978481,0,0,11768000,252000,0.0,1839000,14,0.8558,-239519.0476,0.0,4.932,0.0688,0.0,equilibrio_sostenible,calculado,alta,baja,balance_operativo_no_negativo | cobertura_esencial_superior_a_un_mes | recuperacion_consistente | inversion_productiva_observada,sin_factor_de_atencion_dominante,ninguna_relevante_para_el_periodo,El periodo permanece cerca del equilibrio y mantiene cubiertas las obligaciones observadas. Evaluación entre 2026-04-01 y 2026-04-30; no describe permanentemente a la persona.,historia_controlada_y_metricas_observadas,train,equilibrio_sostenible,si,roadmap_14_mvp_cerrado_v1.1,fincoah_mvp_co_v1.1,5ff2e1486e75c1bfe4c4b60e351451fe299878a571db4817945cdd2bf30ab60d
VEN_0072_2,PERF_0072,dentro_del_mvp,2026-05-31,2026-04-01,2026-05-31,acumulada_61_dias,61,67,0.9701,11831000,428000,0,0,0,11088000,5485000,333000,3289000,0,0,14298481,15469481,0,0,23347000,743000,0.0,2536000,10,0.8,58733.3333,0.0202,5.6406,0.0349,0.0,equilibrio_sostenible,calculado,alta,baja,balance_operativo_no_negativo | cobertura_esencial_superior_a_un_mes | recuperacion_consistente | inversion_productiva_observada | hobbies_identificados_sin_asumir_que_deban_eliminarse,sin_factor_de_atencion_dominante,ninguna_relevante_para_el_periodo,El periodo permanece cerca del equilibrio y mantiene cubiertas las obligaciones observadas. Evaluación entre 2026-04-01 y 2026-05-31; no describe permanentemente a la persona.,historia_controlada_y_metricas_observadas,train,equilibrio_sostenible,si,roadmap_14_mvp_cerrado_v1.1,fincoah_mvp_co_v1.1,82af415d6e74b7b9d7a3e9b9c77f2b3182a9bb93c423e17e426894df5c218e17
VEN_0072_3,PERF_0072,dentro_del_mvp,2026-06-30,2026-04-01,2026-06-30,acumulada_91_dias,91,100,0.9800,17418000,767000,0,60000,0,16632000,8861000,604000,4186000,0,0,14298481,15911481,0,0,34877000,786000,0.0,3277000,40,0.9125,-17044.4444,0.0315,5.387,0.0422,0.0,equilibrio_sostenible,calculado,alta,baja,balance_operativo_no_negativo | cobertura_esencial_superior_a_un_mes | recuperacion_consistente | inversion_productiva_observada | hobbies_identificados_sin_asumir_que_deban_eliminarse,recuperacion_demora_mas_de_20_dias,ninguna_relevante_para_el_periodo,El periodo permanece cerca del equilibrio y mantiene cubiertas las obligaciones observadas. Evaluación entre 2026-04-01 y 2026-06-30; no describe permanentemente a la persona.,historia_controlada_y_metricas_observadas,train,equilibrio_sostenible,si,roadmap_14_mvp_cerrado_v1.1,fincoah_mvp_co_v1.1,01037f4660751f6454b05b0d9b0a6fc887257020e3ab3c982faff82918d1bb48
VEN_0073_1,PERF_0073,dentro_del_mvp,2026-04-30,2026-04-01,2026-04-30,acumulada_30_dias,30,33,0.9091,5139000,0,0,0,0,4699000,3313000,411000,527000,130000,0,2398519,2838519,11612324,11518724,9838000,440000,0.0,1425000,1,0.6667,-28780.9524,0.0,0.8568,0.0,-0.0081,equilibrio_sostenible,calculado,media,media,balance_operativo_no_negativo | inversion_productiva_observada | hobbies_identificados_sin_asumir_que_deban_eliminarse,cobertura_esencial_reducida,destino_del_efectivo_fuera_del_banco,El periodo permanece cerca del equilibrio y mantiene cubiertas las obligaciones observadas. Evaluación entre 2026-04-01 y 2026-04-30; no describe permanentemente a la persona.,historia_controlada_y_metricas_observadas,train,variable_resiliente,si,roadmap_14_mvp_cerrado_v1.1,fincoah_mvp_co_v1.1,df8bd669dce38318314a33e300d60be3c559663480db63de4fc45d5c1d1edbe5
VEN_0073_2,PERF_0073,dentro_del_mvp,2026-05-31,2026-04-01,2026-05-31,acumulada_61_dias,61,65,0.9538,8720000,0,0,40000,0,10993000,7369000,1337000,527000,510000,0,2398519,165519,11612324,11245124,19753000,-2273000,0.4524,3746000,32,0.7476,-88700.0,0.1787,0.0449,0.0,-0.0316,variable_resiliente,calculado,alta,baja,recuperacion_consistente | inversion_productiva_observada | hobbies_identificados_sin_asumir_que_deban_eliminarse,balance_operativo_negativo | cobertura_esencial_reducida | recuperacion_demora_mas_de_20_dias,destino_del_efectivo_fuera_del_banco,"Los ingresos fluctúan, pero el periodo muestra recuperación y cobertura sin convertir la variabilidad en riesgo. Evaluación entre 2026-04-01 y 2026-05-31; no describe permanentemente a la persona.",historia_controlada_y_metricas_observadas,train,variable_resiliente,si,roadmap_14_mvp_cerrado_v1.1,fincoah_mvp_co_v1.1,1fdf0e386c735887820d914bc4f8c68f9ae02ac75a7813af28529dc6b50d72e0
VEN_0073_3,PERF_0073,dentro_del_mvp,2026-06-30,2026-04-01,2026-06-30,acumulada_91_dias,91,97,0.9588,12734000,0,0,40000,0,17287000,11126000,1774000,1793000,820000,0,2398519,-2114481,11612324,11021924,30061000,-4553000,4.3446,5508000,62,0.6903,11977.7778,0.1547,0.0,0.0,-0.0508,variable_resiliente,calculado,alta,baja,inversion_productiva_observada | hobbies_identificados_sin_asumir_que_deban_eliminarse,balance_operativo_negativo | cobertura_esencial_reducida | recuperacion_demora_mas_de_20_dias,destino_del_efectivo_fuera_del_banco,"Los ingresos fluctúan, pero el periodo muestra recuperación y cobertura sin convertir la variabilidad en riesgo. Evaluación entre 2026-04-01 y 2026-06-30; no describe permanentemente a la persona.",historia_controlada_y_metricas_observadas,train,variable_resiliente,si,roadmap_14_mvp_cerrado_v1.1,fincoah_mvp_co_v1.1,941025512fa8ea4d41ba51273c29fa73a7541c337fe8a29e04428954e613706f
VEN_0074_1,PERF_0074,dentro_del_mvp,2026-04-30,2026-04-01,2026-04-30,acumulada_30_dias,30,32,0.9688,4939000,0,0,190000,0,3139000,1853000,204000,434000,0,0,15205723,17195723,0,0,8268000,1800000,0.0,1155000,7,0.5,6733.3333,0.0,9.2799,0.0,0.0,acumulacion_estable,calculado,alta,baja,balance_operativo_no_negativo | cobertura_esencial_superior_a_un_mes | inversion_productiva_observada | hobbies_identificados_sin_asumir_que_deban_eliminarse,sin_factor_de_atencion_dominante,ninguna_relevante_para_el_periodo,"El periodo conserva balance favorable, liquidez creciente y cobertura suficiente. Evaluación entre 2026-04-01 y 2026-04-30; no describe permanentemente a la persona.",historia_controlada_y_metricas_observadas,train,uso_planificado_reserva,si,roadmap_14_mvp_cerrado_v1.1,fincoah_mvp_co_v1.1,2cfd96614dbcd39679bd20b63bd077cebad3d8c9fd0e816a1ea53131dd337d25
VEN_0074_2,PERF_0074,dentro_del_mvp,2026-05-31,2026-04-01,2026-05-31,acumulada_61_dias,61,63,0.9841,8251000,0,0,190000,0,11394000,5773000,1735000,2263000,0,0,15205723,12252723,0,0,19835000,-3143000,0.0,5891000,38,0.5599,-232066.6667,0.1972,4.2448,0.0,0.0,uso_planificado_reserva,calculado,alta,baja,cobertura_esencial_superior_a_un_mes | inversion_productiva_observada | hobbies_identificados_sin_asumir_que_deban_eliminarse,balance_operativo_negativo | recuperacion_demora_mas_de_20_dias,ninguna_relevante_para_el_periodo,El balance negativo se explica por una salida alineada con una meta y existe reserva para absorberla. Evaluación entre 2026-04-01 y 2026-05-31; no describe permanentemente a la persona.,historia_controlada_y_metricas_observadas,train,uso_planificado_reserva,si,roadmap_14_mvp_cerrado_v1.1,fincoah_mvp_co_v1.1,0ce541cd34fc698dc12d6646ee3350e20af987f35a2baddd3ced76eafa3692dd
VEN_0074_3,PERF_0074,dentro_del_mvp,2026-06-30,2026-04-01,2026-06-30,acumulada_91_dias,91,94,0.9894,11315000,0,0,290000,0,19649000,10203000,3594000,2683000,0,0,15205723,7161723,0,0,31254000,-8334000,0.0,10679000,68,0.5142,-151355.5556,0.2205,2.1058,0.0,0.0,uso_planificado_reserva,calculado,alta,baja,cobertura_esencial_superior_a_un_mes | inversion_productiva_observada | hobbies_identificados_sin_asumir_que_deban_eliminarse,balance_operativo_negativo | recuperacion_demora_mas_de_20_dias,ninguna_relevante_para_el_periodo,El balance negativo se explica por una salida alineada con una meta y existe reserva para absorberla. Evaluación entre 2026-04-01 y 2026-06-30; no describe permanentemente a la persona.,historia_controlada_y_metricas_observadas,train,uso_planificado_reserva,si,roadmap_14_mvp_cerrado_v1.1,fincoah_mvp_co_v1.1,211a05d470dea66d66b519f9922752c31adaeea3f325335e1405700fa69a62c7
VEN_0075_1,PERF_0075,dentro_del_mvp,2026-04-30,2026-04-01,2026-04-30,acumulada_30_dias,30,31,0.9355,2336000,0,0,0,0,2194000,1217000,231000,413000,0,0,1263917,1405917,0,0,4530000,142000,0.0,1051000,1,0.5,110152.381,0.0,1.1552,0.0,0.0,equilibrio_sostenible,calculado,media,media,balance_operativo_no_negativo | cobertura_esencial_superior_a_un_mes | inversion_productiva_observada | hobbies_identificados_sin_asumir_que_deban_eliminarse,sin_factor_de_atencion_dominante,destino_del_efectivo_fuera_del_banco,El periodo permanece cerca del equilibrio y mantiene cubiertas las obligaciones observadas. Evaluación entre 2026-04-01 y 2026-04-30; no describe permanentemente a la persona.,historia_controlada_y_metricas_observadas,train,deterioro_reciente,si,roadmap_14_mvp_cerrado_v1.1,fincoah_mvp_co_v1.1,63a8a6fbc74851cadc7d47bd1e90479943c6f5bed5123a0ebfe55aeb1e7fbcef
VEN_0075_2,PERF_0075,dentro_del_mvp,2026-05-31,2026-04-01,2026-05-31,acumulada_61_dias,61,61,0.9508,4671000,0,0,240000,0,4388000,2209000,379000,1241000,0,0,1263917,1786917,0,0,9299000,283000,0.0,1051000,17,0.9405,-1400.0,0.0002,1.6179,0.0,0.0,equilibrio_sostenible,calculado,alta,baja,balance_operativo_no_negativo | cobertura_esencial_superior_a_un_mes | recuperacion_consistente | inversion_productiva_observada | hobbies_identificados_sin_asumir_que_deban_eliminarse,sin_factor_de_atencion_dominante,destino_del_efectivo_fuera_del_banco,El periodo permanece cerca del equilibrio y mantiene cubiertas las obligaciones observadas. Evaluación entre 2026-04-01 y 2026-05-31; no describe permanentemente a la persona.,historia_controlada_y_metricas_observadas,train,deterioro_reciente,si,roadmap_14_mvp_cerrado_v1.1,fincoah_mvp_co_v1.1,cb337b5e62c9dddb7cec7a9d85ae8f639f60bd32f2cdd1e315563399027e714f
VEN_0075_3,PERF_0075,dentro_del_mvp,2026-06-30,2026-04-01,2026-06-30,acumulada_91_dias,91,91,0.9560,6441000,0,0,240000,0,7575000,4095000,672000,1754000,0,0,1263917,369917,0,0,14256000,-1134000,0.0,1619000,47,0.7599,-40777.7778,0.1242,0.271,0.0,0.0,deterioro_reciente,calculado,alta,baja,recuperacion_consistente | inversion_productiva_observada | hobbies_identificados_sin_asumir_que_deban_eliminarse,balance_operativo_negativo | cobertura_esencial_reducida | recuperacion_demora_mas_de_20_dias,destino_del_efectivo_fuera_del_banco,El cierre reciente empeora frente al inicio del periodo y la recuperación es parcial. Evaluación entre 2026-04-01 y 2026-06-30; no describe permanentemente a la persona.,historia_controlada_y_metricas_observadas,train,deterioro_reciente,si,roadmap_14_mvp_cerrado_v1.1,fincoah_mvp_co_v1.1,c8647330c9e83d2967c64bde4de4ee76bfb985eb427c2698306233af966e5fcc
VEN_0076_1,PERF_0076,dentro_del_mvp,2026-04-30,2026-04-01,2026-04-30,acumulada_30_dias,30,31,1.0000,5146000,0,1937000,0,0,8631000,4364000,474000,2738000,541000,0,275048,-1272952,17055050,18602530,15714000,-3485000,5.7581,6605000,26,0.0,-64847.619,0.0,0.0,0.2735,0.0907,deterioro_reciente,calculado,alta,baja,inversion_productiva_observada | hobbies_identificados_sin_asumir_que_deban_eliminarse,balance_operativo_negativo | cobertura_esencial_reducida | deuda_creciente | recuperacion_demora_mas_de_20_dias,ninguna_relevante_para_el_periodo,El cierre reciente empeora frente al inicio del periodo y la recuperación es parcial. Evaluación entre 2026-04-01 y 2026-04-30; no describe permanentemente a la persona.,historia_controlada_y_metricas_observadas,train,fragilidad_sostenida,si,roadmap_14_mvp_cerrado_v1.1,fincoah_mvp_co_v1.1,8ba3be5573832cdd02df893fb371d4cd68c82c5973798e35f91f417668fd7ac9
VEN_0076_2,PERF_0076,dentro_del_mvp,2026-05-31,2026-04-01,2026-05-31,acumulada_61_dias,61,61,0.9836,8866000,0,2671000,0,0,19647000,11344000,1503000,4126000,1303000,0,275048,-7834952,17055050,18787890,31184000,-10781000,32.826,13901000,57,0.0,-127033.3333,0.1608,0.0,0.2315,0.1016,fragilidad_sostenida,calculado,alta,baja,inversion_productiva_observada | hobbies_identificados_sin_asumir_que_deban_eliminarse,balance_operativo_negativo | cobertura_esencial_reducida | deuda_creciente | recuperacion_demora_mas_de_20_dias,destino_del_efectivo_fuera_del_banco,"El déficit persiste, la cobertura se reduce y la deuda gana peso durante el periodo. Evaluación entre 2026-04-01 y 2026-05-31; no describe permanentemente a la persona.",historia_controlada_y_metricas_observadas,train,fragilidad_sostenida,si,roadmap_14_mvp_cerrado_v1.1,fincoah_mvp_co_v1.1,1d9bc940fdf959f84b4b25b4f6997168ba9d0978fada61cf3399bde9d02e61e8
VEN_0076_3,PERF_0076,dentro_del_mvp,2026-06-30,2026-04-01,2026-06-30,acumulada_91_dias,91,91,0.9780,12869000,0,5300000,0,0,30663000,18016000,2316000,4852000,1303000,0,275048,-12218952,17055050,21416890,48832000,-17794000,61.0072,22564000,87,0.0731,-5288.8889,0.1437,0.0,0.2917,0.2558,fragilidad_sostenida,calculado,alta,baja,inversion_productiva_observada | hobbies_identificados_sin_asumir_que_deban_eliminarse,balance_operativo_negativo | cobertura_esencial_reducida | deuda_creciente | recuperacion_demora_mas_de_20_dias,destino_del_efectivo_fuera_del_banco,"El déficit persiste, la cobertura se reduce y la deuda gana peso durante el periodo. Evaluación entre 2026-04-01 y 2026-06-30; no describe permanentemente a la persona.",historia_controlada_y_metricas_observadas,train,fragilidad_sostenida,si,roadmap_14_mvp_cerrado_v1.1,fincoah_mvp_co_v1.1,1c836de7ee14511c59f8e8b577c5523483eaa953f6161c8651aed8b7a4ab9837
VEN_0077_1,PERF_0077,dentro_del_mvp,2026-04-30,2026-04-01,2026-04-30,acumulada_30_dias,30,31,1.0000,4554000,0,828000,160000,0,12420000,7879000,896000,1732000,508000,0,1387275,-5490725,14153624,14615864,17962000,-7866000,30.5438,8608000,28,0.171,309466.6667,0.0,0.0,0.1538,0.0327,fragilidad_sostenida,calculado,alta,baja,inversion_productiva_observada | hobbies_identificados_sin_asumir_que_deban_eliminarse,balance_operativo_negativo | cobertura_esencial_reducida | recuperacion_demora_mas_de_20_dias,ninguna_relevante_para_el_periodo,"El déficit persiste, la cobertura se reduce y la deuda gana peso durante el periodo. Evaluación entre 2026-04-01 y 2026-04-30; no describe permanentemente a la persona.",historia_controlada_y_metricas_observadas,test,situacion_critica,si,roadmap_14_mvp_cerrado_v1.1,fincoah_mvp_co_v1.1,315823c5d3522dd740aa9a14f0a55e9bee2e4c6e71e87613dc51a8d42bd22e56
VEN_0077_2,PERF_0077,dentro_del_mvp,2026-05-31,2026-04-01,2026-05-31,acumulada_61_dias,61,61,0.9836,7799000,0,2417000,160000,0,28104000,16504000,1317000,6795000,1884000,0,1387275,-16340725,14153624,15214144,38480000,-20305000,81.9797,19700000,59,0.0063,-8633.3333,0.1678,0.0,0.2366,0.0749,situacion_critica,calculado,alta,baja,inversion_productiva_observada | hobbies_identificados_sin_asumir_que_deban_eliminarse,balance_operativo_negativo | cobertura_esencial_reducida | deuda_creciente | recuperacion_demora_mas_de_20_dias,destino_del_efectivo_fuera_del_banco,La liquidez resulta insuficiente frente a necesidades esenciales y la posición negativa persiste. Evaluación entre 2026-04-01 y 2026-05-31; no describe permanentemente a la persona.,historia_controlada_y_metricas_observadas,test,situacion_critica,si,roadmap_14_mvp_cerrado_v1.1,fincoah_mvp_co_v1.1,f2dc4c1bcae79f8a749fa8e5cac45facb5cd88955d67372d6b1971859d22694f
VEN_0077_3,PERF_0077,dentro_del_mvp,2026-06-30,2026-04-01,2026-06-30,acumulada_91_dias,91,91,0.9780,11006000,0,3935000,160000,0,43788000,27547000,3180000,8070000,4572000,0,1387275,-27299725,14153624,14796784,58889000,-32782000,136.4553,33285000,89,0.037,36177.7778,0.1707,0.0,0.2634,0.0454,situacion_critica,calculado,alta,baja,inversion_productiva_observada | hobbies_identificados_sin_asumir_que_deban_eliminarse,balance_operativo_negativo | cobertura_esencial_reducida | recuperacion_demora_mas_de_20_dias,destino_del_efectivo_fuera_del_banco,La liquidez resulta insuficiente frente a necesidades esenciales y la posición negativa persiste. Evaluación entre 2026-04-01 y 2026-06-30; no describe permanentemente a la persona.,historia_controlada_y_metricas_observadas,test,situacion_critica,si,roadmap_14_mvp_cerrado_v1.1,fincoah_mvp_co_v1.1,95d7e344e0b4607e2a13c7f8ee0b6696342f86c9dde88bcd4c8b01ed0225d0c7
VEN_0078_1,PERF_0078,dentro_del_mvp,2026-04-30,2026-04-01,2026-04-30,acumulada_30_dias,30,32,0.9688,6828000,0,0,0,598000,3967000,2475000,267000,706000,0,0,13024574,16483574,11565215,11565215,11393000,2861000,0.0,3660000,1,0.5,555257.1429,0.0,6.66,0.0,0.0,acumulacion_estable,calculado,alta,baja,balance_operativo_no_negativo | cobertura_esencial_superior_a_un_mes | inversion_productiva_observada | hobbies_identificados_sin_asumir_que_deban_eliminarse,sin_factor_de_atencion_dominante,ninguna_relevante_para_el_periodo,"El periodo conserva balance favorable, liquidez creciente y cobertura suficiente. Evaluación entre 2026-04-01 y 2026-04-30; no describe permanentemente a la persona.",historia_controlada_y_metricas_observadas,test,acumulacion_estable,si,roadmap_14_mvp_cerrado_v1.1,fincoah_mvp_co_v1.1,9825fdf5bb132085589583cb9c8a70b9dd0b653b2e9e2182281c736c13a117ed
VEN_0078_2,PERF_0078,dentro_del_mvp,2026-05-31,2026-04-01,2026-05-31,acumulada_61_dias,61,63,0.9841,13390000,0,0,0,598000,7934000,5069000,565000,1228000,127000,0,13024574,19078574,11565215,11473775,21922000,5456000,0.0,3692000,2,0.6667,-8866.6667,0.0199,7.5275,0.0,-0.0079,acumulacion_estable,calculado,alta,baja,balance_operativo_no_negativo | cobertura_esencial_superior_a_un_mes | inversion_productiva_observada | hobbies_identificados_sin_asumir_que_deban_eliminarse,sin_factor_de_atencion_dominante,ninguna_relevante_para_el_periodo,"El periodo conserva balance favorable, liquidez creciente y cobertura suficiente. Evaluación entre 2026-04-01 y 2026-05-31; no describe permanentemente a la persona.",historia_controlada_y_metricas_observadas,test,acumulacion_estable,si,roadmap_14_mvp_cerrado_v1.1,fincoah_mvp_co_v1.1,0f2f184257095b331f7b049fbe6d514a0e18ed3647ac8cbf2792687db6abb8c3
VEN_0078_3,PERF_0078,dentro_del_mvp,2026-06-30,2026-04-01,2026-06-30,acumulada_91_dias,91,94,0.9787,20067000,0,0,50000,1047000,11901000,6845000,891000,2577000,127000,0,13024574,22287574,11565215,11473775,33065000,8166000,0.0,4051000,2,0.75,159511.1111,0.0163,9.7681,0.0,-0.0079,acumulacion_estable,calculado,alta,baja,balance_operativo_no_negativo | cobertura_esencial_superior_a_un_mes | recuperacion_consistente | inversion_productiva_observada | hobbies_identificados_sin_asumir_que_deban_eliminarse,sin_factor_de_atencion_dominante,destino_del_efectivo_fuera_del_banco,"El periodo conserva balance favorable, liquidez creciente y cobertura suficiente. Evaluación entre 2026-04-01 y 2026-06-30; no describe permanentemente a la persona.",historia_controlada_y_metricas_observadas,test,acumulacion_estable,si,roadmap_14_mvp_cerrado_v1.1,fincoah_mvp_co_v1.1,65d4602724f3f98ca588328ae52f6f92dc74235f5f4860e8aced357e86c4663b
VEN_0079_1,PERF_0079,dentro_del_mvp,2026-04-30,2026-04-01,2026-04-30,acumulada_30_dias,30,33,0.9697,6470000,0,0,0,0,5971000,3299000,801000,589000,0,0,3167730,3666730,0,0,12441000,499000,0.0,2888000,28,0.1721,109547.619,0.0,1.1115,0.0,0.0,equilibrio_sostenible,calculado,alta,baja,balance_operativo_no_negativo | cobertura_esencial_superior_a_un_mes | inversion_productiva_observada | hobbies_identificados_sin_asumir_que_deban_eliminarse,recuperacion_demora_mas_de_20_dias,ninguna_relevante_para_el_periodo,El periodo permanece cerca del equilibrio y mantiene cubiertas las obligaciones observadas. Evaluación entre 2026-04-01 y 2026-04-30; no describe permanentemente a la persona.,historia_controlada_y_metricas_observadas,train,equilibrio_sostenible,si,roadmap_14_mvp_cerrado_v1.1,fincoah_mvp_co_v1.1,6809fac7d94cff501315a4eeedee003bdf46c9a324e7a12b61c9c8b2659ca849
VEN_0079_2,PERF_0079,dentro_del_mvp,2026-05-31,2026-04-01,2026-05-31,acumulada_61_dias,61,66,0.9848,12416000,0,0,0,539000,11942000,6606000,1802000,1550000,0,0,3167730,4180730,0,0,24897000,474000,0.0,3301000,14,0.5,78866.6667,0.0422,1.2657,0.0,0.0,equilibrio_sostenible,calculado,alta,baja,balance_operativo_no_negativo | cobertura_esencial_superior_a_un_mes | inversion_productiva_observada | hobbies_identificados_sin_asumir_que_deban_eliminarse,sin_factor_de_atencion_dominante,ninguna_relevante_para_el_periodo,El periodo permanece cerca del equilibrio y mantiene cubiertas las obligaciones observadas. Evaluación entre 2026-04-01 y 2026-05-31; no describe permanentemente a la persona.,historia_controlada_y_metricas_observadas,train,equilibrio_sostenible,si,roadmap_14_mvp_cerrado_v1.1,fincoah_mvp_co_v1.1,a2c281a208ec4d59e896dc97f0180dcb0a8918e488d240350f9a412aaedfba9e
VEN_0079_3,PERF_0079,dentro_del_mvp,2026-06-30,2026-04-01,2026-06-30,acumulada_91_dias,91,99,0.9697,18488000,0,0,0,539000,17913000,11086000,1895000,1913000,0,0,3167730,4281730,0,0,36940000,575000,0.0,4995000,44,0.7023,-15177.7778,0.0362,1.1587,0.0,0.0,equilibrio_sostenible,calculado,alta,baja,balance_operativo_no_negativo | cobertura_esencial_superior_a_un_mes | recuperacion_consistente | inversion_productiva_observada | hobbies_identificados_sin_asumir_que_deban_eliminarse,recuperacion_demora_mas_de_20_dias,destino_del_efectivo_fuera_del_banco,El periodo permanece cerca del equilibrio y mantiene cubiertas las obligaciones observadas. Evaluación entre 2026-04-01 y 2026-06-30; no describe permanentemente a la persona.,historia_controlada_y_metricas_observadas,train,equilibrio_sostenible,si,roadmap_14_mvp_cerrado_v1.1,fincoah_mvp_co_v1.1,b774fe7ebb848ccb61baf4f8267f8d7104458c1dd1651a9647f59840e71324ef
VEN_0080_1,PERF_0080,dentro_del_mvp,2026-04-30,2026-04-01,2026-04-30,acumulada_30_dias,30,33,0.9697,3674000,0,0,40000,316000,3990000,2596000,116000,1095000,0,0,6622965,6662965,2577264,2577264,8020000,-316000,0.0,1758000,27,0.5899,116352.381,0.0,2.5666,0.0,0.0,equilibrio_sostenible,calculado,alta,baja,cobertura_esencial_superior_a_un_mes | inversion_productiva_observada | hobbies_identificados_sin_asumir_que_deban_eliminarse,balance_operativo_negativo | recuperacion_demora_mas_de_20_dias,ninguna_relevante_para_el_periodo,El periodo permanece cerca del equilibrio y mantiene cubiertas las obligaciones observadas. Evaluación entre 2026-04-01 y 2026-04-30; no describe permanentemente a la persona.,historia_controlada_y_metricas_observadas,train,variable_resiliente,si,roadmap_14_mvp_cerrado_v1.1,fincoah_mvp_co_v1.1,c6f005f2db22f4d94df2a049b7d007e67234f17ead98903d33733784eee46c5d
VEN_0080_2,PERF_0080,dentro_del_mvp,2026-05-31,2026-04-01,2026-05-31,acumulada_61_dias,61,65,0.9846,10248000,0,0,260000,316000,6779000,4275000,283000,1532000,0,0,6622965,10667965,2577264,2577264,17603000,3469000,0.0,2132000,0,1.0,136700.0,0.283,4.9909,0.0,0.0,variable_resiliente,calculado,alta,baja,balance_operativo_no_negativo | cobertura_esencial_superior_a_un_mes | recuperacion_consistente | inversion_productiva_observada | hobbies_identificados_sin_asumir_que_deban_eliminarse,sin_factor_de_atencion_dominante,ninguna_relevante_para_el_periodo,"Los ingresos fluctúan, pero el periodo muestra recuperación y cobertura sin convertir la variabilidad en riesgo. Evaluación entre 2026-04-01 y 2026-05-31; no describe permanentemente a la persona.",historia_controlada_y_metricas_observadas,train,variable_resiliente,si,roadmap_14_mvp_cerrado_v1.1,fincoah_mvp_co_v1.1,aaab4cd64dffe6400b160b4678d54369709de64f3f8b308b47ac5b4b8e8e13fd
VEN_0080_3,PERF_0080,dentro_del_mvp,2026-06-30,2026-04-01,2026-06-30,acumulada_91_dias,91,97,0.9794,15832000,0,0,690000,316000,9568000,6317000,283000,1650000,146000,0,6622965,13892965,2577264,2472144,26406000,6264000,0.0,2132000,6,0.9526,45422.2222,0.2281,6.5979,0.0,-0.0408,variable_resiliente,calculado,alta,baja,balance_operativo_no_negativo | cobertura_esencial_superior_a_un_mes | recuperacion_consistente | inversion_productiva_observada | hobbies_identificados_sin_asumir_que_deban_eliminarse,sin_factor_de_atencion_dominante,ninguna_relevante_para_el_periodo,"Los ingresos fluctúan, pero el periodo muestra recuperación y cobertura sin convertir la variabilidad en riesgo. Evaluación entre 2026-04-01 y 2026-06-30; no describe permanentemente a la persona.",historia_controlada_y_metricas_observadas,train,variable_resiliente,si,roadmap_14_mvp_cerrado_v1.1,fincoah_mvp_co_v1.1,21d51b9afcd7d860c347535e959c6cceefcd6a813d90b01ccda05d41aa007905
VEN_0081_1,PERF_0081,dentro_del_mvp,2026-04-30,2026-04-01,2026-04-30,acumulada_30_dias,30,34,1.0000,7051000,0,0,0,0,4575000,2465000,717000,945000,598000,0,20628740,23104740,3918997,3488437,11626000,2476000,0.0,2341000,15,0.5,-383761.9048,0.0,9.3731,0.0,-0.1099,acumulacion_estable,calculado,alta,baja,balance_operativo_no_negativo | cobertura_esencial_superior_a_un_mes | inversion_productiva_observada | hobbies_identificados_sin_asumir_que_deban_eliminarse,sin_factor_de_atencion_dominante,ninguna_relevante_para_el_periodo,"El periodo conserva balance favorable, liquidez creciente y cobertura suficiente. Evaluación entre 2026-04-01 y 2026-04-30; no describe permanentemente a la persona.",historia_controlada_y_metricas_observadas,train,uso_planificado_reserva,si,roadmap_14_mvp_cerrado_v1.1,fincoah_mvp_co_v1.1,77d4b6410644ae1731772a502701b2023132e3fa61306a7b6a3252814e9ab0c4
VEN_0081_2,PERF_0081,dentro_del_mvp,2026-05-31,2026-04-01,2026-05-31,acumulada_61_dias,61,67,1.0000,11827000,0,0,0,0,16607000,9490000,2051000,2615000,1153000,0,20628740,15848740,3918997,3088837,28434000,-4780000,0.0,11361000,46,0.6102,-434866.6667,0.1924,3.3401,0.0,-0.2118,uso_planificado_reserva,calculado,alta,baja,cobertura_esencial_superior_a_un_mes | inversion_productiva_observada | hobbies_identificados_sin_asumir_que_deban_eliminarse,balance_operativo_negativo | recuperacion_demora_mas_de_20_dias,ninguna_relevante_para_el_periodo,El balance negativo se explica por una salida alineada con una meta y existe reserva para absorberla. Evaluación entre 2026-04-01 y 2026-05-31; no describe permanentemente a la persona.,historia_controlada_y_metricas_observadas,train,uso_planificado_reserva,si,roadmap_14_mvp_cerrado_v1.1,fincoah_mvp_co_v1.1,b3ddc84336036f8818f69c07e6ff66358e7904dedc80cd570cd8e63cde9929ea
VEN_0081_3,PERF_0081,dentro_del_mvp,2026-06-30,2026-04-01,2026-06-30,acumulada_91_dias,91,100,1.0000,16180000,0,0,220000,0,28639000,17199000,2989000,3848000,2085000,0,20628740,8389740,3918997,2417797,45039000,-12459000,0.0,17738000,76,0.5339,-168200.0,0.2197,1.4634,0.0,-0.3831,uso_planificado_reserva,calculado,alta,baja,cobertura_esencial_superior_a_un_mes | inversion_productiva_observada | hobbies_identificados_sin_asumir_que_deban_eliminarse,balance_operativo_negativo | recuperacion_demora_mas_de_20_dias,ninguna_relevante_para_el_periodo,El balance negativo se explica por una salida alineada con una meta y existe reserva para absorberla. Evaluación entre 2026-04-01 y 2026-06-30; no describe permanentemente a la persona.,historia_controlada_y_metricas_observadas,train,uso_planificado_reserva,si,roadmap_14_mvp_cerrado_v1.1,fincoah_mvp_co_v1.1,8ea3ba830501f75c19bcbf38e975bd9efa82e491877e2ce1964b603023a8e1ab
VEN_0082_1,PERF_0082,dentro_del_mvp,2026-04-30,2026-04-01,2026-04-30,acumulada_30_dias,30,33,0.9697,6598000,0,0,0,0,6291000,2965000,565000,1642000,0,0,14299393,14606393,1939071,1939071,12889000,307000,0.0,3373000,2,0.5,300604.7619,0.0,4.9263,0.0,0.0,equilibrio_sostenible,calculado,alta,baja,balance_operativo_no_negativo | cobertura_esencial_superior_a_un_mes | inversion_productiva_observada | hobbies_identificados_sin_asumir_que_deban_eliminarse,sin_factor_de_atencion_dominante,destino_del_efectivo_fuera_del_banco,El periodo permanece cerca del equilibrio y mantiene cubiertas las obligaciones observadas. Evaluación entre 2026-04-01 y 2026-04-30; no describe permanentemente a la persona.,historia_controlada_y_metricas_observadas,train,deterioro_reciente,si,roadmap_14_mvp_cerrado_v1.1,fincoah_mvp_co_v1.1,40569b002f7801288657009a003901f2b6f368822174df52c6bf39c07e607b2f
VEN_0082_2,PERF_0082,dentro_del_mvp,2026-05-31,2026-04-01,2026-05-31,acumulada_61_dias,61,65,0.9692,13743000,0,0,0,0,12582000,6771000,957000,2964000,601000,0,14299393,15460393,1939071,1506351,26325000,1161000,0.0,3373000,19,0.8858,26900.0,0.0398,4.5666,0.0,-0.2232,equilibrio_sostenible,calculado,alta,baja,balance_operativo_no_negativo | cobertura_esencial_superior_a_un_mes | recuperacion_consistente | inversion_productiva_observada | hobbies_identificados_sin_asumir_que_deban_eliminarse,sin_factor_de_atencion_dominante,destino_del_efectivo_fuera_del_banco,El periodo permanece cerca del equilibrio y mantiene cubiertas las obligaciones observadas. Evaluación entre 2026-04-01 y 2026-05-31; no describe permanentemente a la persona.,historia_controlada_y_metricas_observadas,train,deterioro_reciente,si,roadmap_14_mvp_cerrado_v1.1,fincoah_mvp_co_v1.1,1685b8435d0413f918919dc0d3258b276454a6b87a743f9077418406170254d2
VEN_0082_3,PERF_0082,dentro_del_mvp,2026-06-30,2026-04-01,2026-06-30,acumulada_91_dias,91,97,0.9691,19593000,0,0,0,0,21720000,12191000,1895000,4724000,1031000,0,14299393,12172393,1939071,1196751,41313000,-2127000,0.0,4992000,49,0.7205,-85000.0,0.0813,2.9954,0.0,-0.3828,deterioro_reciente,calculado,alta,baja,cobertura_esencial_superior_a_un_mes | recuperacion_consistente | inversion_productiva_observada | hobbies_identificados_sin_asumir_que_deban_eliminarse,balance_operativo_negativo | recuperacion_demora_mas_de_20_dias,destino_del_efectivo_fuera_del_banco,El cierre reciente empeora frente al inicio del periodo y la recuperación es parcial. Evaluación entre 2026-04-01 y 2026-06-30; no describe permanentemente a la persona.,historia_controlada_y_metricas_observadas,train,deterioro_reciente,si,roadmap_14_mvp_cerrado_v1.1,fincoah_mvp_co_v1.1,33af2c08acb001d57463878a328176f4d559ee8366b1034960d9f4aed3645798
VEN_0083_1,PERF_0083,dentro_del_mvp,2026-04-30,2026-04-01,2026-04-30,acumulada_30_dias,30,32,0.9688,3422000,0,0,0,0,5782000,3069000,352000,1692000,279000,0,608614,-1751386,17057048,16856168,9204000,-2360000,6.4832,2235000,28,0.0,48604.7619,0.0,0.0,0.0,-0.0118,deterioro_reciente,calculado,alta,baja,inversion_productiva_observada | hobbies_identificados_sin_asumir_que_deban_eliminarse,balance_operativo_negativo | cobertura_esencial_reducida | recuperacion_demora_mas_de_20_dias,ninguna_relevante_para_el_periodo,El cierre reciente empeora frente al inicio del periodo y la recuperación es parcial. Evaluación entre 2026-04-01 y 2026-04-30; no describe permanentemente a la persona.,historia_controlada_y_metricas_observadas,train,fragilidad_sostenida,si,roadmap_14_mvp_cerrado_v1.1,fincoah_mvp_co_v1.1,9f78b831510c45c61a3b1e74ef3c9ae3190f01794471ef8c7e26ae728f9b7d80
VEN_0083_2,PERF_0083,dentro_del_mvp,2026-05-31,2026-04-01,2026-05-31,acumulada_61_dias,61,64,0.9844,6006000,0,492000,0,0,13162000,7438000,1205000,3220000,279000,0,608614,-6055386,17057048,17348168,19660000,-7156000,26.8993,7374000,59,0.0465,-85366.6667,0.1395,0.0,0.0757,0.0171,fragilidad_sostenida,calculado,alta,baja,inversion_productiva_observada | hobbies_identificados_sin_asumir_que_deban_eliminarse,balance_operativo_negativo | cobertura_esencial_reducida | recuperacion_demora_mas_de_20_dias,ninguna_relevante_para_el_periodo,"El déficit persiste, la cobertura se reduce y la deuda gana peso durante el periodo. Evaluación entre 2026-04-01 y 2026-05-31; no describe permanentemente a la persona.",historia_controlada_y_metricas_observadas,train,fragilidad_sostenida,si,roadmap_14_mvp_cerrado_v1.1,fincoah_mvp_co_v1.1,656b8de3924d9416f66ca4a2c66fa2911e77f224c2618145b254060488603c85
VEN_0083_3,PERF_0083,dentro_del_mvp,2026-06-30,2026-04-01,2026-06-30,acumulada_91_dias,91,95,0.9789,8532000,0,984000,0,0,20542000,11504000,1880000,5290000,568000,0,608614,-10417386,17057048,17632088,30058000,-12010000,52.3338,11885000,89,0.0,-76733.3333,0.1439,0.0,0.1034,0.0337,fragilidad_sostenida,calculado,alta,baja,inversion_productiva_observada | hobbies_identificados_sin_asumir_que_deban_eliminarse,balance_operativo_negativo | cobertura_esencial_reducida | recuperacion_demora_mas_de_20_dias,destino_del_efectivo_fuera_del_banco,"El déficit persiste, la cobertura se reduce y la deuda gana peso durante el periodo. Evaluación entre 2026-04-01 y 2026-06-30; no describe permanentemente a la persona.",historia_controlada_y_metricas_observadas,train,fragilidad_sostenida,si,roadmap_14_mvp_cerrado_v1.1,fincoah_mvp_co_v1.1,3bc86e873837aacd37510ac3bb8b843a1d11b280a412812b0483c7b0cbc693ed
VEN_0084_1,PERF_0084,dentro_del_mvp,2026-04-30,2026-04-01,2026-04-30,acumulada_30_dias,30,34,0.9706,4772000,0,919000,0,0,13788000,10083000,852000,1369000,417000,0,1180330,-6916670,14949189,15567949,19479000,-9016000,31.7195,11045000,29,0.1837,362300.0,0.0,0.0,0.1615,0.0414,fragilidad_sostenida,calculado,alta,baja,inversion_productiva_observada | hobbies_identificados_sin_asumir_que_deban_eliminarse,balance_operativo_negativo | cobertura_esencial_reducida | recuperacion_demora_mas_de_20_dias,ninguna_relevante_para_el_periodo,"El déficit persiste, la cobertura se reduce y la deuda gana peso durante el periodo. Evaluación entre 2026-04-01 y 2026-04-30; no describe permanentemente a la persona.",historia_controlada_y_metricas_observadas,validation,situacion_critica,si,roadmap_14_mvp_cerrado_v1.1,fincoah_mvp_co_v1.1,966c92cce2415c72605aa0624e057860052d1e4cd6a36b6b4566a8b29a7e2b6e
VEN_0084_2,PERF_0084,dentro_del_mvp,2026-05-31,2026-04-01,2026-05-31,acumulada_61_dias,61,67,0.9552,8111000,0,919000,0,0,31200000,19327000,1686000,5169000,1396000,0,1180330,-20989670,14949189,14863069,40230000,-23089000,86.1335,23346000,60,0.011,36766.6667,0.1767,0.0,0.1018,-0.0058,situacion_critica,calculado,alta,baja,inversion_productiva_observada | hobbies_identificados_sin_asumir_que_deban_eliminarse,balance_operativo_negativo | cobertura_esencial_reducida | recuperacion_demora_mas_de_20_dias,destino_del_efectivo_fuera_del_banco,La liquidez resulta insuficiente frente a necesidades esenciales y la posición negativa persiste. Evaluación entre 2026-04-01 y 2026-05-31; no describe permanentemente a la persona.,historia_controlada_y_metricas_observadas,validation,situacion_critica,si,roadmap_14_mvp_cerrado_v1.1,fincoah_mvp_co_v1.1,38707efc914658502191ce9ea6d2eafff2c5a143faf24b3699f22674d99d416d
VEN_0084_3,PERF_0084,dentro_del_mvp,2026-06-30,2026-04-01,2026-06-30,acumulada_91_dias,91,100,0.9600,12069000,0,919000,0,0,48612000,31630000,1686000,8281000,3020000,0,1180330,-34443670,14949189,13693789,61600000,-36543000,133.5537,36543000,90,0.0,18911.1111,0.1459,0.0,0.0708,-0.084,situacion_critica,calculado,alta,baja,inversion_productiva_observada | hobbies_identificados_sin_asumir_que_deban_eliminarse,balance_operativo_negativo | cobertura_esencial_reducida | recuperacion_demora_mas_de_20_dias,destino_del_efectivo_fuera_del_banco,La liquidez resulta insuficiente frente a necesidades esenciales y la posición negativa persiste. Evaluación entre 2026-04-01 y 2026-06-30; no describe permanentemente a la persona.,historia_controlada_y_metricas_observadas,validation,situacion_critica,si,roadmap_14_mvp_cerrado_v1.1,fincoah_mvp_co_v1.1,8235f206153c4b9a49b3e2868c8d0d99f2932c7b918274e783dc81acb61e207f
VEN_0085_1,PERF_0085,dentro_del_mvp,2026-04-30,2026-04-01,2026-04-30,acumulada_30_dias,30,32,0.9688,3346000,0,0,210000,0,2082000,1104000,320000,433000,77000,0,7388583,8862583,4731191,4675751,5638000,1264000,0.0,468000,1,0.8,141871.4286,0.0,8.0277,0.0,-0.0117,acumulacion_estable,calculado,alta,baja,balance_operativo_no_negativo | cobertura_esencial_superior_a_un_mes | recuperacion_consistente | inversion_productiva_observada | hobbies_identificados_sin_asumir_que_deban_eliminarse,sin_factor_de_atencion_dominante,destino_del_efectivo_fuera_del_banco,"El periodo conserva balance favorable, liquidez creciente y cobertura suficiente. Evaluación entre 2026-04-01 y 2026-04-30; no describe permanentemente a la persona.",historia_controlada_y_metricas_observadas,train,acumulacion_estable,si,roadmap_14_mvp_cerrado_v1.1,fincoah_mvp_co_v1.1,5f980184c9c5e8efab5672eca3a1796c4b6b985718085722b5a053cf8aa94d45
VEN_0085_2,PERF_0085,dentro_del_mvp,2026-05-31,2026-04-01,2026-05-31,acumulada_61_dias,61,64,0.9531,7272000,0,0,210000,0,4164000,2240000,562000,797000,153000,0,7388583,10706583,4731191,4621031,11646000,3108000,0.0,696000,0,1.0,24366.6667,0.0798,9.5594,0.0,-0.0233,acumulacion_estable,calculado,alta,baja,balance_operativo_no_negativo | cobertura_esencial_superior_a_un_mes | recuperacion_consistente | inversion_productiva_observada | hobbies_identificados_sin_asumir_que_deban_eliminarse,sin_factor_de_atencion_dominante,destino_del_efectivo_fuera_del_banco,"El periodo conserva balance favorable, liquidez creciente y cobertura suficiente. Evaluación entre 2026-04-01 y 2026-05-31; no describe permanentemente a la persona.",historia_controlada_y_metricas_observadas,train,acumulacion_estable,si,roadmap_14_mvp_cerrado_v1.1,fincoah_mvp_co_v1.1,67d9472a73da164f05db0882085ba86d7eeafc5f21940683c6d88a6a47910244
VEN_0085_3,PERF_0085,dentro_del_mvp,2026-06-30,2026-04-01,2026-06-30,acumulada_91_dias,91,96,0.9479,10917000,0,0,210000,0,6246000,3508000,713000,1168000,236000,0,7388583,12269583,4731191,4561271,17373000,4671000,0.0,696000,2,0.9286,40711.1111,0.0651,10.4928,0.0,-0.0359,acumulacion_estable,calculado,alta,baja,balance_operativo_no_negativo | cobertura_esencial_superior_a_un_mes | recuperacion_consistente | inversion_productiva_observada | hobbies_identificados_sin_asumir_que_deban_eliminarse,sin_factor_de_atencion_dominante,destino_del_efectivo_fuera_del_banco,"El periodo conserva balance favorable, liquidez creciente y cobertura suficiente. Evaluación entre 2026-04-01 y 2026-06-30; no describe permanentemente a la persona.",historia_controlada_y_metricas_observadas,train,acumulacion_estable,si,roadmap_14_mvp_cerrado_v1.1,fincoah_mvp_co_v1.1,2a9edea620f080dfc8007952f1bb8f348479f8cf07ad71b5b88daee889e9c029
VEN_0086_1,PERF_0086,dentro_del_mvp,2026-04-30,2026-04-01,2026-04-30,acumulada_30_dias,30,32,1.0000,6879000,0,0,0,0,6476000,2732000,1034000,1643000,0,0,15629454,16032454,0,0,13355000,403000,0.0,2806000,0,1.0,333861.9048,0.0,5.8684,0.0,0.0,equilibrio_sostenible,calculado,alta,baja,balance_operativo_no_negativo | cobertura_esencial_superior_a_un_mes | recuperacion_consistente | inversion_productiva_observada | hobbies_identificados_sin_asumir_que_deban_eliminarse,sin_factor_de_atencion_dominante,ninguna_relevante_para_el_periodo,El periodo permanece cerca del equilibrio y mantiene cubiertas las obligaciones observadas. Evaluación entre 2026-04-01 y 2026-04-30; no describe permanentemente a la persona.,historia_controlada_y_metricas_observadas,validation,equilibrio_sostenible,si,roadmap_14_mvp_cerrado_v1.1,fincoah_mvp_co_v1.1,65ed15038594cda556a3fa46d3be2a26ad48866049f9b13bffde766bcda30b22
VEN_0086_2,PERF_0086,dentro_del_mvp,2026-05-31,2026-04-01,2026-05-31,acumulada_61_dias,61,64,0.9844,13217000,0,0,0,0,12952000,6349000,1539000,2594000,0,0,15629454,15894454,0,0,26169000,265000,0.0,4126000,28,0.9598,-7766.6667,0.0409,5.0069,0.0,0.0,equilibrio_sostenible,calculado,alta,baja,balance_operativo_no_negativo | cobertura_esencial_superior_a_un_mes | recuperacion_consistente | inversion_productiva_observada | hobbies_identificados_sin_asumir_que_deban_eliminarse,recuperacion_demora_mas_de_20_dias,destino_del_efectivo_fuera_del_banco,El periodo permanece cerca del equilibrio y mantiene cubiertas las obligaciones observadas. Evaluación entre 2026-04-01 y 2026-05-31; no describe permanentemente a la persona.,historia_controlada_y_metricas_observadas,validation,equilibrio_sostenible,si,roadmap_14_mvp_cerrado_v1.1,fincoah_mvp_co_v1.1,f771dd48179de424d98c5b6742775c17f708b48ae9f13d4cf5bc1f4c9d03a551
VEN_0086_3,PERF_0086,dentro_del_mvp,2026-06-30,2026-04-01,2026-06-30,acumulada_91_dias,91,96,0.9896,20793000,0,0,0,0,19428000,9882000,1812000,4085000,0,0,15629454,16994454,0,0,40221000,1365000,0.0,4620000,0,1.0,95577.7778,0.0731,5.1592,0.0,0.0,equilibrio_sostenible,calculado,alta,baja,balance_operativo_no_negativo | cobertura_esencial_superior_a_un_mes | recuperacion_consistente | inversion_productiva_observada | hobbies_identificados_sin_asumir_que_deban_eliminarse,sin_factor_de_atencion_dominante,destino_del_efectivo_fuera_del_banco,El periodo permanece cerca del equilibrio y mantiene cubiertas las obligaciones observadas. Evaluación entre 2026-04-01 y 2026-06-30; no describe permanentemente a la persona.,historia_controlada_y_metricas_observadas,validation,equilibrio_sostenible,si,roadmap_14_mvp_cerrado_v1.1,fincoah_mvp_co_v1.1,41f6a396d090f71e5a64ca89ddba7f5b0d297be309812240730b6ca7976f1229
VEN_0087_1,PERF_0087,dentro_del_mvp,2026-04-30,2026-04-01,2026-04-30,acumulada_30_dias,30,32,0.9688,5317000,0,0,0,0,5184000,3010000,658000,941000,149000,0,13711715,13844715,2833126,2725846,10501000,133000,0.0,2795000,16,0.8327,-183971.4286,0.0,4.5996,0.0,-0.0379,equilibrio_sostenible,calculado,alta,baja,balance_operativo_no_negativo | cobertura_esencial_superior_a_un_mes | recuperacion_consistente | inversion_productiva_observada | hobbies_identificados_sin_asumir_que_deban_eliminarse,sin_factor_de_atencion_dominante,destino_del_efectivo_fuera_del_banco,El periodo permanece cerca del equilibrio y mantiene cubiertas las obligaciones observadas. Evaluación entre 2026-04-01 y 2026-04-30; no describe permanentemente a la persona.,historia_controlada_y_metricas_observadas,train,variable_resiliente,si,roadmap_14_mvp_cerrado_v1.1,fincoah_mvp_co_v1.1,3f762440f07306fa15e6817e537e9a87a06a182521988540e7e25fb71c212983
VEN_0087_2,PERF_0087,dentro_del_mvp,2026-05-31,2026-04-01,2026-05-31,acumulada_61_dias,61,64,0.9531,13687000,0,0,0,0,8807000,5476000,988000,1347000,555000,0,13711715,18591715,2833126,2433526,22494000,4880000,0.0,2795000,2,0.8333,153800.0,0.2231,6.7903,0.0,-0.141,variable_resiliente,calculado,alta,baja,balance_operativo_no_negativo | cobertura_esencial_superior_a_un_mes | recuperacion_consistente | inversion_productiva_observada | hobbies_identificados_sin_asumir_que_deban_eliminarse,sin_factor_de_atencion_dominante,destino_del_efectivo_fuera_del_banco,"Los ingresos fluctúan, pero el periodo muestra recuperación y cobertura sin convertir la variabilidad en riesgo. Evaluación entre 2026-04-01 y 2026-05-31; no describe permanentemente a la persona.",historia_controlada_y_metricas_observadas,train,variable_resiliente,si,roadmap_14_mvp_cerrado_v1.1,fincoah_mvp_co_v1.1,aaf5d94fa43e156a6dc2781103f12a8edccec7106d899fc9224d5b670e7f1f4b
VEN_0087_3,PERF_0087,dentro_del_mvp,2026-06-30,2026-04-01,2026-06-30,acumulada_91_dias,91,96,0.9688,18141000,0,0,0,0,15752000,9036000,2044000,3132000,800000,0,13711715,16100715,2833126,2257126,33893000,2389000,0.0,3776000,32,0.8753,-51800.0,0.2778,5.3455,0.0,-0.2033,variable_resiliente,calculado,alta,baja,balance_operativo_no_negativo | cobertura_esencial_superior_a_un_mes | recuperacion_consistente | inversion_productiva_observada | hobbies_identificados_sin_asumir_que_deban_eliminarse,recuperacion_demora_mas_de_20_dias,destino_del_efectivo_fuera_del_banco,"Los ingresos fluctúan, pero el periodo muestra recuperación y cobertura sin convertir la variabilidad en riesgo. Evaluación entre 2026-04-01 y 2026-06-30; no describe permanentemente a la persona.",historia_controlada_y_metricas_observadas,train,variable_resiliente,si,roadmap_14_mvp_cerrado_v1.1,fincoah_mvp_co_v1.1,d2951078d61b38225bc96688fe8451dcb8fec07f0736e39d1045a1749c04cb63
VEN_0088_1,PERF_0088,dentro_del_mvp,2026-04-30,2026-04-01,2026-04-30,acumulada_30_dias,30,31,0.9677,7928000,0,0,0,0,4552000,2413000,199000,1577000,0,0,16293778,19669778,0,0,12480000,3376000,0.0,4075000,2,0.5,669928.5714,0.0,8.1516,0.0,0.0,acumulacion_estable,calculado,alta,baja,balance_operativo_no_negativo | cobertura_esencial_superior_a_un_mes | inversion_productiva_observada | hobbies_identificados_sin_asumir_que_deban_eliminarse,sin_factor_de_atencion_dominante,ninguna_relevante_para_el_periodo,"El periodo conserva balance favorable, liquidez creciente y cobertura suficiente. Evaluación entre 2026-04-01 y 2026-04-30; no describe permanentemente a la persona.",historia_controlada_y_metricas_observadas,train,uso_planificado_reserva,si,roadmap_14_mvp_cerrado_v1.1,fincoah_mvp_co_v1.1,28d797483ce1c9eabd60727b046730b96d6e11c4fa24fe77402f83520319ea00
VEN_0088_2,PERF_0088,dentro_del_mvp,2026-05-31,2026-04-01,2026-05-31,acumulada_61_dias,61,62,0.9839,12503000,0,0,0,0,16524000,9309000,2170000,3705000,0,0,16293778,12272778,0,0,29027000,-4021000,0.0,10660000,33,0.6424,-318633.3333,0.2682,2.6368,0.0,0.0,uso_planificado_reserva,calculado,alta,baja,cobertura_esencial_superior_a_un_mes | inversion_productiva_observada | hobbies_identificados_sin_asumir_que_deban_eliminarse,balance_operativo_negativo | recuperacion_demora_mas_de_20_dias,ninguna_relevante_para_el_periodo,El balance negativo se explica por una salida alineada con una meta y existe reserva para absorberla. Evaluación entre 2026-04-01 y 2026-05-31; no describe permanentemente a la persona.,historia_controlada_y_metricas_observadas,train,uso_planificado_reserva,si,roadmap_14_mvp_cerrado_v1.1,fincoah_mvp_co_v1.1,902e9f2e943cb96eecd4f3a7d02961c23a5341b4ea3dc66eeca2024687109d36
VEN_0088_3,PERF_0088,dentro_del_mvp,2026-06-30,2026-04-01,2026-06-30,acumulada_91_dias,91,93,0.9892,17579000,0,0,210000,0,28496000,16096000,4084000,5423000,0,0,16293778,5586778,0,0,46285000,-10917000,0.0,17999000,63,0.5966,-32377.7778,0.252,1.0413,0.0,0.0,uso_planificado_reserva,calculado,alta,baja,cobertura_esencial_superior_a_un_mes | inversion_productiva_observada | hobbies_identificados_sin_asumir_que_deban_eliminarse,balance_operativo_negativo | recuperacion_demora_mas_de_20_dias,ninguna_relevante_para_el_periodo,El balance negativo se explica por una salida alineada con una meta y existe reserva para absorberla. Evaluación entre 2026-04-01 y 2026-06-30; no describe permanentemente a la persona.,historia_controlada_y_metricas_observadas,train,uso_planificado_reserva,si,roadmap_14_mvp_cerrado_v1.1,fincoah_mvp_co_v1.1,cff530c810d262e4c0277cbb73759d98d10560a3c548361c6b0573f0bedae976
VEN_0089_1,PERF_0089,dentro_del_mvp,2026-04-30,2026-04-01,2026-04-30,acumulada_30_dias,30,33,0.9394,4642000,0,0,0,0,4126000,2456000,589000,252000,338000,0,5697019,6213019,4125811,3882451,8768000,516000,0.0,1031000,7,0.75,-141138.0952,0.0,2.5297,0.0,-0.059,equilibrio_sostenible,calculado,media,media,balance_operativo_no_negativo | cobertura_esencial_superior_a_un_mes | recuperacion_consistente | inversion_productiva_observada | hobbies_identificados_sin_asumir_que_deban_eliminarse,sin_factor_de_atencion_dominante,destino_del_efectivo_fuera_del_banco,El periodo permanece cerca del equilibrio y mantiene cubiertas las obligaciones observadas. Evaluación entre 2026-04-01 y 2026-04-30; no describe permanentemente a la persona.,historia_controlada_y_metricas_observadas,train,deterioro_reciente,si,roadmap_14_mvp_cerrado_v1.1,fincoah_mvp_co_v1.1,c129298dc6e55690965d9249df83e67ebc0c2b9f35897d3ef167818f36f1274e
VEN_0089_2,PERF_0089,dentro_del_mvp,2026-05-31,2026-04-01,2026-05-31,acumulada_61_dias,61,66,0.9545,9197000,0,0,0,0,8252000,4867000,1036000,872000,525000,0,5697019,6642019,4125811,3747811,17449000,945000,0.0,1906000,25,0.8377,-6900.0,0.0095,2.7294,0.0,-0.0916,equilibrio_sostenible,calculado,alta,baja,balance_operativo_no_negativo | cobertura_esencial_superior_a_un_mes | recuperacion_consistente | inversion_productiva_observada | hobbies_identificados_sin_asumir_que_deban_eliminarse,recuperacion_demora_mas_de_20_dias,destino_del_efectivo_fuera_del_banco,El periodo permanece cerca del equilibrio y mantiene cubiertas las obligaciones observadas. Evaluación entre 2026-04-01 y 2026-05-31; no describe permanentemente a la persona.,historia_controlada_y_metricas_observadas,train,deterioro_reciente,si,roadmap_14_mvp_cerrado_v1.1,fincoah_mvp_co_v1.1,0c9276ca063be59b388ba5bb02bf22f5bdc2bef46c47a7a3c6ed706256d4b815
VEN_0089_3,PERF_0089,dentro_del_mvp,2026-06-30,2026-04-01,2026-06-30,acumulada_91_dias,91,98,0.9388,12550000,0,0,0,0,14246000,8375000,1617000,1847000,693000,0,5697019,4001019,4125811,3626851,26796000,-1696000,0.0,4202000,55,0.8062,-67600.0,0.1406,1.4332,0.0,-0.1209,deterioro_reciente,calculado,media,media,cobertura_esencial_superior_a_un_mes | recuperacion_consistente | inversion_productiva_observada | hobbies_identificados_sin_asumir_que_deban_eliminarse,balance_operativo_negativo | recuperacion_demora_mas_de_20_dias,destino_del_efectivo_fuera_del_banco,El cierre reciente empeora frente al inicio del periodo y la recuperación es parcial. Evaluación entre 2026-04-01 y 2026-06-30; no describe permanentemente a la persona.,historia_controlada_y_metricas_observadas,train,deterioro_reciente,si,roadmap_14_mvp_cerrado_v1.1,fincoah_mvp_co_v1.1,8e01afcac032cefa3b47f67017c9e5df2c06115243fb65fddd041cad31cf6a06
VEN_0090_1,PERF_0090,dentro_del_mvp,2026-04-30,2026-04-01,2026-04-30,acumulada_30_dias,30,30,0.9667,4293000,0,0,0,0,7362000,4835000,515000,978000,885000,0,1668744,-1400256,14791558,14154358,11655000,-3069000,2.1568,3247000,26,0.0548,-48252.381,0.0,0.0,0.0,-0.0431,deterioro_reciente,calculado,alta,baja,inversion_productiva_observada | hobbies_identificados_sin_asumir_que_deban_eliminarse,balance_operativo_negativo | cobertura_esencial_reducida | recuperacion_demora_mas_de_20_dias,ninguna_relevante_para_el_periodo,El cierre reciente empeora frente al inicio del periodo y la recuperación es parcial. Evaluación entre 2026-04-01 y 2026-04-30; no describe permanentemente a la persona.,historia_controlada_y_metricas_observadas,train,fragilidad_sostenida,si,roadmap_14_mvp_cerrado_v1.1,fincoah_mvp_co_v1.1,02e63677992eff45a9f65e1688324d917af9e69a0c2f59a2231cd48fef72393a
VEN_0090_2,PERF_0090,dentro_del_mvp,2026-05-31,2026-04-01,2026-05-31,acumulada_61_dias,61,60,0.9833,7677000,0,0,0,0,16758000,9740000,1146000,3656000,1226000,0,1668744,-7412256,14791558,13908838,24435000,-9081000,22.5655,9496000,57,0.0437,-98100.0,0.1184,0.0,0.0,-0.0597,fragilidad_sostenida,calculado,alta,baja,inversion_productiva_observada | hobbies_identificados_sin_asumir_que_deban_eliminarse,balance_operativo_negativo | cobertura_esencial_reducida | recuperacion_demora_mas_de_20_dias,ninguna_relevante_para_el_periodo,"El déficit persiste, la cobertura se reduce y la deuda gana peso durante el periodo. Evaluación entre 2026-04-01 y 2026-05-31; no describe permanentemente a la persona.",historia_controlada_y_metricas_observadas,train,fragilidad_sostenida,si,roadmap_14_mvp_cerrado_v1.1,fincoah_mvp_co_v1.1,ce124cf5193e3748eeb605226fedf8e8cb591d83ed2cfba2798f4a8d92858ee9
VEN_0090_3,PERF_0090,dentro_del_mvp,2026-06-30,2026-04-01,2026-06-30,acumulada_91_dias,91,90,0.9778,10839000,313000,0,0,0,26154000,17839000,1457000,3656000,2002000,0,1668744,-13333256,14791558,13350118,37306000,-15315000,45.9025,15315000,87,0.0,33711.1111,0.1354,0.0,0.0281,-0.0975,fragilidad_sostenida,calculado,alta,baja,inversion_productiva_observada | hobbies_identificados_sin_asumir_que_deban_eliminarse,balance_operativo_negativo | cobertura_esencial_reducida | recuperacion_demora_mas_de_20_dias,destino_del_efectivo_fuera_del_banco,"El déficit persiste, la cobertura se reduce y la deuda gana peso durante el periodo. Evaluación entre 2026-04-01 y 2026-06-30; no describe permanentemente a la persona.",historia_controlada_y_metricas_observadas,train,fragilidad_sostenida,si,roadmap_14_mvp_cerrado_v1.1,fincoah_mvp_co_v1.1,b5fd262b8893450956062bec214a2ba4760219285a3b44ee3c38eb5c6bc769c2
VEN_0091_1,PERF_0091,dentro_del_mvp,2026-04-30,2026-04-01,2026-04-30,acumulada_30_dias,30,31,0.9355,5597000,0,1055000,0,0,15822000,10657000,1047000,2587000,2465000,0,815972,-8354028,12533015,11813215,22474000,-10225000,40.8783,12371000,29,0.1735,631538.0952,0.0,0.0,0.1586,-0.0574,fragilidad_sostenida,calculado,media,media,inversion_productiva_observada | hobbies_identificados_sin_asumir_que_deban_eliminarse,balance_operativo_negativo | cobertura_esencial_reducida | recuperacion_demora_mas_de_20_dias,destino_del_efectivo_fuera_del_banco,"El déficit persiste, la cobertura se reduce y la deuda gana peso durante el periodo. Evaluación entre 2026-04-01 y 2026-04-30; no describe permanentemente a la persona.",historia_controlada_y_metricas_observadas,validation,situacion_critica,si,roadmap_14_mvp_cerrado_v1.1,fincoah_mvp_co_v1.1,7121accb982feba46c427ddecf7b2efdf5067ed509b36bda4c6413ea3555b35f
VEN_0091_2,PERF_0091,dentro_del_mvp,2026-05-31,2026-04-01,2026-05-31,acumulada_61_dias,61,62,0.9355,9843000,838000,2989000,0,0,35802000,20752000,2342000,8303000,3162000,0,815972,-21316028,12533015,13245375,49472000,-25959000,87.957,25959000,60,0.0,-137166.6667,0.1373,0.0,0.28,0.0568,situacion_critica,calculado,media,media,inversion_productiva_observada | hobbies_identificados_sin_asumir_que_deban_eliminarse,balance_operativo_negativo | cobertura_esencial_reducida | deuda_creciente | recuperacion_demora_mas_de_20_dias,destino_del_efectivo_fuera_del_banco,La liquidez resulta insuficiente frente a necesidades esenciales y la posición negativa persiste. Evaluación entre 2026-04-01 y 2026-05-31; no describe permanentemente a la persona.,historia_controlada_y_metricas_observadas,validation,situacion_critica,si,roadmap_14_mvp_cerrado_v1.1,fincoah_mvp_co_v1.1,16471110223bfcf2129174d262a97c8f0f55c4cb3c9ccfae62a536a2e1c98172
VEN_0091_3,PERF_0091,dentro_del_mvp,2026-06-30,2026-04-01,2026-06-30,acumulada_91_dias,91,93,0.9355,13597000,838000,4923000,0,0,55782000,35473000,3237000,9396000,6750000,0,815972,-35608028,12533015,12596015,75140000,-42185000,140.2816,42618000,90,0.0102,95800.0,0.1719,0.0,0.2976,0.005,situacion_critica,calculado,media,media,inversion_productiva_observada | hobbies_identificados_sin_asumir_que_deban_eliminarse,balance_operativo_negativo | cobertura_esencial_reducida | recuperacion_demora_mas_de_20_dias,destino_del_efectivo_fuera_del_banco,La liquidez resulta insuficiente frente a necesidades esenciales y la posición negativa persiste. Evaluación entre 2026-04-01 y 2026-06-30; no describe permanentemente a la persona.,historia_controlada_y_metricas_observadas,validation,situacion_critica,si,roadmap_14_mvp_cerrado_v1.1,fincoah_mvp_co_v1.1,613e8f9e74c0e93093e98f6df12b7705b41b8258cb2dff54215e3c9a8fafe9e5
VEN_0092_1,PERF_0092,dentro_del_mvp,2026-04-30,2026-04-01,2026-04-30,acumulada_30_dias,30,34,0.9706,4736000,322000,0,0,0,3017000,2105000,275000,0,287000,0,6667705,8708705,1054709,848069,8075000,1719000,0.0,854000,9,0.6667,1442.8571,0.0,4.1372,0.0637,-0.1959,acumulacion_estable,calculado,alta,baja,balance_operativo_no_negativo | cobertura_esencial_superior_a_un_mes | hobbies_identificados_sin_asumir_que_deban_eliminarse,sin_factor_de_atencion_dominante,destino_del_efectivo_fuera_del_banco,"El periodo conserva balance favorable, liquidez creciente y cobertura suficiente. Evaluación entre 2026-04-01 y 2026-04-30; no describe permanentemente a la persona.",historia_controlada_y_metricas_observadas,test,acumulacion_estable,si,roadmap_14_mvp_cerrado_v1.1,fincoah_mvp_co_v1.1,dbd1b5abc59ea627f642d65d4208d43e02f718e6ce9789e8f08837704c81b7ab
VEN_0092_2,PERF_0092,dentro_del_mvp,2026-05-31,2026-04-01,2026-05-31,acumulada_61_dias,61,67,0.9701,10025000,322000,0,0,0,6034000,3344000,414000,1151000,287000,0,6667705,10980705,1054709,848069,16381000,3991000,0.0,2063000,0,1.0,44166.6667,0.0552,6.5674,0.0311,-0.1959,acumulacion_estable,calculado,alta,baja,balance_operativo_no_negativo | cobertura_esencial_superior_a_un_mes | recuperacion_consistente | inversion_productiva_observada | hobbies_identificados_sin_asumir_que_deban_eliminarse,sin_factor_de_atencion_dominante,destino_del_efectivo_fuera_del_banco,"El periodo conserva balance favorable, liquidez creciente y cobertura suficiente. Evaluación entre 2026-04-01 y 2026-05-31; no describe permanentemente a la persona.",historia_controlada_y_metricas_observadas,test,acumulacion_estable,si,roadmap_14_mvp_cerrado_v1.1,fincoah_mvp_co_v1.1,787b4e9b761733b55916cfc385fd6ae273a3c95e564d714ceded84c884176987
VEN_0092_3,PERF_0092,dentro_del_mvp,2026-06-30,2026-04-01,2026-06-30,acumulada_91_dias,91,100,0.9800,14628000,723000,0,0,0,9051000,5258000,630000,1545000,360000,0,6667705,12967705,1054709,795509,24402000,5577000,0.0,2063000,0,1.0,93888.8889,0.0609,7.3988,0.0471,-0.2458,acumulacion_estable,calculado,alta,baja,balance_operativo_no_negativo | cobertura_esencial_superior_a_un_mes | recuperacion_consistente | inversion_productiva_observada | hobbies_identificados_sin_asumir_que_deban_eliminarse,sin_factor_de_atencion_dominante,destino_del_efectivo_fuera_del_banco,"El periodo conserva balance favorable, liquidez creciente y cobertura suficiente. Evaluación entre 2026-04-01 y 2026-06-30; no describe permanentemente a la persona.",historia_controlada_y_metricas_observadas,test,acumulacion_estable,si,roadmap_14_mvp_cerrado_v1.1,fincoah_mvp_co_v1.1,1bd82af34d2b028b9d922dd2976283cd10d9854ea5443311d21398d77bd34309
VEN_0093_1,PERF_0093,dentro_del_mvp,2026-04-30,2026-04-01,2026-04-30,acumulada_30_dias,30,31,0.9677,3779000,0,0,0,0,3388000,1918000,550000,185000,0,0,6683962,7074962,0,0,7167000,391000,0.0,1079000,5,0.75,-24128.5714,0.0,3.6887,0.0,0.0,equilibrio_sostenible,calculado,alta,baja,balance_operativo_no_negativo | cobertura_esencial_superior_a_un_mes | recuperacion_consistente | inversion_productiva_observada | hobbies_identificados_sin_asumir_que_deban_eliminarse,sin_factor_de_atencion_dominante,destino_del_efectivo_fuera_del_banco,El periodo permanece cerca del equilibrio y mantiene cubiertas las obligaciones observadas. Evaluación entre 2026-04-01 y 2026-04-30; no describe permanentemente a la persona.,historia_controlada_y_metricas_observadas,train,equilibrio_sostenible,si,roadmap_14_mvp_cerrado_v1.1,fincoah_mvp_co_v1.1,45400677e4849b228a6624a857e3208205b0e6556ac93f5f6aa64d9bd2fcbd3a
VEN_0093_2,PERF_0093,dentro_del_mvp,2026-05-31,2026-04-01,2026-05-31,acumulada_61_dias,61,62,0.9516,7369000,0,0,50000,0,6776000,4228000,925000,524000,0,0,6683962,7326962,0,0,14195000,593000,0.0,1747000,36,0.9715,6033.3333,0.0256,3.4659,0.0,0.0,equilibrio_sostenible,calculado,alta,baja,balance_operativo_no_negativo | cobertura_esencial_superior_a_un_mes | recuperacion_consistente | inversion_productiva_observada | hobbies_identificados_sin_asumir_que_deban_eliminarse,recuperacion_demora_mas_de_20_dias,destino_del_efectivo_fuera_del_banco,El periodo permanece cerca del equilibrio y mantiene cubiertas las obligaciones observadas. Evaluación entre 2026-04-01 y 2026-05-31; no describe permanentemente a la persona.,historia_controlada_y_metricas_observadas,train,equilibrio_sostenible,si,roadmap_14_mvp_cerrado_v1.1,fincoah_mvp_co_v1.1,759e09936cdc90b2005000acaea479d43c02f946dfd82c8c0108840b80620be6
VEN_0093_3,PERF_0093,dentro_del_mvp,2026-06-30,2026-04-01,2026-06-30,acumulada_91_dias,91,92,0.9565,10820000,0,0,140000,0,10164000,6396000,1154000,1153000,0,0,6683962,7479962,0,0,21124000,656000,0.0,1747000,1,0.8,45866.6667,0.0373,3.5084,0.0,0.0,equilibrio_sostenible,calculado,alta,baja,balance_operativo_no_negativo | cobertura_esencial_superior_a_un_mes | recuperacion_consistente | inversion_productiva_observada | hobbies_identificados_sin_asumir_que_deban_eliminarse,sin_factor_de_atencion_dominante,destino_del_efectivo_fuera_del_banco,El periodo permanece cerca del equilibrio y mantiene cubiertas las obligaciones observadas. Evaluación entre 2026-04-01 y 2026-06-30; no describe permanentemente a la persona.,historia_controlada_y_metricas_observadas,train,equilibrio_sostenible,si,roadmap_14_mvp_cerrado_v1.1,fincoah_mvp_co_v1.1,f9cf10c22920437e3bb5f220add9df2c831e2ae00d56a074d3ad2c627a536b44
VEN_0094_1,PERF_0094,dentro_del_mvp,2026-04-30,2026-04-01,2026-04-30,acumulada_30_dias,30,31,1.0000,5206000,0,0,250000,0,4845000,2929000,467000,1117000,0,0,9990222,10601222,5522105,5522105,10301000,361000,0.0,1577000,11,0.6667,-98361.9048,0.0,3.6194,0.0,0.0,equilibrio_sostenible,calculado,alta,baja,balance_operativo_no_negativo | cobertura_esencial_superior_a_un_mes | inversion_productiva_observada | hobbies_identificados_sin_asumir_que_deban_eliminarse,sin_factor_de_atencion_dominante,ninguna_relevante_para_el_periodo,El periodo permanece cerca del equilibrio y mantiene cubiertas las obligaciones observadas. Evaluación entre 2026-04-01 y 2026-04-30; no describe permanentemente a la persona.,historia_controlada_y_metricas_observadas,train,variable_resiliente,si,roadmap_14_mvp_cerrado_v1.1,fincoah_mvp_co_v1.1,983923dd1a25b07573aa296d806c0432010d29f77a3d8f17e40a9747c075019e
VEN_0094_2,PERF_0094,dentro_del_mvp,2026-05-31,2026-04-01,2026-05-31,acumulada_61_dias,61,62,0.9677,12991000,0,0,250000,0,8231000,4972000,767000,1550000,303000,0,9990222,15000222,5522105,5303945,21472000,4760000,0.0,2533000,0,1.0,144866.6667,0.1985,6.0339,0.0,-0.0395,variable_resiliente,calculado,alta,baja,balance_operativo_no_negativo | cobertura_esencial_superior_a_un_mes | recuperacion_consistente | inversion_productiva_observada | hobbies_identificados_sin_asumir_que_deban_eliminarse,sin_factor_de_atencion_dominante,ninguna_relevante_para_el_periodo,"Los ingresos fluctúan, pero el periodo muestra recuperación y cobertura sin convertir la variabilidad en riesgo. Evaluación entre 2026-04-01 y 2026-05-31; no describe permanentemente a la persona.",historia_controlada_y_metricas_observadas,train,variable_resiliente,si,roadmap_14_mvp_cerrado_v1.1,fincoah_mvp_co_v1.1,fba748419a570b7119760ae55c39b22d4a36bc28154a18341713743435700aa4
VEN_0094_3,PERF_0094,dentro_del_mvp,2026-06-30,2026-04-01,2026-06-30,acumulada_91_dias,91,93,0.9677,16841000,0,0,320000,0,14721000,9562000,1070000,1550000,612000,0,9990222,12430222,5522105,5081465,31882000,2120000,0.0,3482000,29,0.8484,-7733.3333,0.2907,3.8999,0.0,-0.0798,variable_resiliente,calculado,alta,baja,balance_operativo_no_negativo | cobertura_esencial_superior_a_un_mes | recuperacion_consistente | inversion_productiva_observada | hobbies_identificados_sin_asumir_que_deban_eliminarse,recuperacion_demora_mas_de_20_dias,ninguna_relevante_para_el_periodo,"Los ingresos fluctúan, pero el periodo muestra recuperación y cobertura sin convertir la variabilidad en riesgo. Evaluación entre 2026-04-01 y 2026-06-30; no describe permanentemente a la persona.",historia_controlada_y_metricas_observadas,train,variable_resiliente,si,roadmap_14_mvp_cerrado_v1.1,fincoah_mvp_co_v1.1,09b66132df064667a657088aabfb6904588b748186939b320c0e8bd378a973c4
VEN_0095_1,PERF_0095,dentro_del_mvp,2026-04-30,2026-04-01,2026-04-30,acumulada_30_dias,30,34,0.9412,2461000,0,0,250000,0,1467000,562000,135000,497000,0,0,6174519,7418519,0,0,4178000,994000,0.0,262000,1,0.8333,58709.5238,0.0,13.2002,0.0,0.0,acumulacion_estable,calculado,alta,baja,balance_operativo_no_negativo | cobertura_esencial_superior_a_un_mes | recuperacion_consistente | inversion_productiva_observada | hobbies_identificados_sin_asumir_que_deban_eliminarse,sin_factor_de_atencion_dominante,destino_del_efectivo_fuera_del_banco,"El periodo conserva balance favorable, liquidez creciente y cobertura suficiente. Evaluación entre 2026-04-01 y 2026-04-30; no describe permanentemente a la persona.",historia_controlada_y_metricas_observadas,test,uso_planificado_reserva,si,roadmap_14_mvp_cerrado_v1.1,fincoah_mvp_co_v1.1,db0d19257a80df76a018ca1c139b1341734c077e493c090d46c6f9f966547a38
VEN_0095_2,PERF_0095,dentro_del_mvp,2026-05-31,2026-04-01,2026-05-31,acumulada_61_dias,61,67,0.9104,3862000,0,0,470000,0,5325000,2563000,234000,1526000,0,0,6174519,5181519,0,0,9657000,-1463000,0.0,2484000,32,0.8333,-76433.3333,0.2745,4.0433,0.0,0.0,uso_planificado_reserva,calculado,media,media,cobertura_esencial_superior_a_un_mes | recuperacion_consistente | inversion_productiva_observada | hobbies_identificados_sin_asumir_que_deban_eliminarse,balance_operativo_negativo | recuperacion_demora_mas_de_20_dias,destino_del_efectivo_fuera_del_banco,El balance negativo se explica por una salida alineada con una meta y existe reserva para absorberla. Evaluación entre 2026-04-01 y 2026-05-31; no describe permanentemente a la persona.,historia_controlada_y_metricas_observadas,test,uso_planificado_reserva,si,roadmap_14_mvp_cerrado_v1.1,fincoah_mvp_co_v1.1,a18ed4628b467012a7793f50a887d94ff575aeb3402bbc82515a4ef8c1657c58
VEN_0095_3,PERF_0095,dentro_del_mvp,2026-06-30,2026-04-01,2026-06-30,acumulada_91_dias,91,100,0.9400,5346000,0,0,470000,0,9183000,5210000,413000,2190000,0,0,6174519,2807519,0,0,14999000,-3837000,0.0,5127000,62,0.8421,-66511.1111,0.2701,1.6166,0.0,0.0,uso_planificado_reserva,calculado,alta,baja,cobertura_esencial_superior_a_un_mes | recuperacion_consistente | inversion_productiva_observada | hobbies_identificados_sin_asumir_que_deban_eliminarse,balance_operativo_negativo | recuperacion_demora_mas_de_20_dias,destino_del_efectivo_fuera_del_banco,El balance negativo se explica por una salida alineada con una meta y existe reserva para absorberla. Evaluación entre 2026-04-01 y 2026-06-30; no describe permanentemente a la persona.,historia_controlada_y_metricas_observadas,test,uso_planificado_reserva,si,roadmap_14_mvp_cerrado_v1.1,fincoah_mvp_co_v1.1,bf5eda3f24b90d946ee70198edfb334f77616a8f2aa93baf3a50b7a0f3874006
VEN_0096_1,PERF_0096,dentro_del_mvp,2026-04-30,2026-04-01,2026-04-30,acumulada_30_dias,30,33,0.9091,3247000,0,980000,0,0,2835000,1563000,250000,312000,0,0,1172161,2564161,1808744,2788744,7062000,412000,0.0,1620000,25,0.5,-51985.7143,0.0,1.6405,0.2318,0.5418,equilibrio_sostenible,calculado,media,media,balance_operativo_no_negativo | cobertura_esencial_superior_a_un_mes | inversion_productiva_observada | hobbies_identificados_sin_asumir_que_deban_eliminarse,deuda_creciente | recuperacion_demora_mas_de_20_dias,destino_del_efectivo_fuera_del_banco,El periodo permanece cerca del equilibrio y mantiene cubiertas las obligaciones observadas. Evaluación entre 2026-04-01 y 2026-04-30; no describe permanentemente a la persona.,historia_controlada_y_metricas_observadas,train,deterioro_reciente,si,roadmap_14_mvp_cerrado_v1.1,fincoah_mvp_co_v1.1,fcc61203e7cdb60ef13d3d01507cb5d5e22f7d3dd1714fbff98946e1e065e76e
VEN_0096_2,PERF_0096,dentro_del_mvp,2026-05-31,2026-04-01,2026-05-31,acumulada_61_dias,61,65,0.9385,6068000,0,980000,0,0,5670000,3274000,492000,781000,0,0,1172161,2550161,1808744,2788744,12718000,398000,0.0,2921000,56,0.7203,9100.0,0.0702,1.5578,0.139,0.5418,equilibrio_sostenible,calculado,media,media,balance_operativo_no_negativo | cobertura_esencial_superior_a_un_mes | recuperacion_consistente | inversion_productiva_observada | hobbies_identificados_sin_asumir_que_deban_eliminarse,deuda_creciente | recuperacion_demora_mas_de_20_dias,destino_del_efectivo_fuera_del_banco,El periodo permanece cerca del equilibrio y mantiene cubiertas las obligaciones observadas. Evaluación entre 2026-04-01 y 2026-05-31; no describe permanentemente a la persona.,historia_controlada_y_metricas_observadas,train,deterioro_reciente,si,roadmap_14_mvp_cerrado_v1.1,fincoah_mvp_co_v1.1,ce62ae6e5be9a878412ea31fdd334e31de65c201c1ea6daf7f631a38dca854d2
VEN_0096_3,PERF_0096,dentro_del_mvp,2026-06-30,2026-04-01,2026-06-30,acumulada_91_dias,91,97,0.9381,8494000,0,1957000,0,0,9788000,5666000,1023000,1254000,243000,0,1172161,1835161,1808744,3590784,20239000,-1294000,0.1761,3573000,86,0.5346,-14155.5556,0.1184,0.9717,0.1873,0.9852,deterioro_reciente,calculado,media,media,inversion_productiva_observada | hobbies_identificados_sin_asumir_que_deban_eliminarse,balance_operativo_negativo | cobertura_esencial_reducida | deuda_creciente | recuperacion_demora_mas_de_20_dias,destino_del_efectivo_fuera_del_banco,El cierre reciente empeora frente al inicio del periodo y la recuperación es parcial. Evaluación entre 2026-04-01 y 2026-06-30; no describe permanentemente a la persona.,historia_controlada_y_metricas_observadas,train,deterioro_reciente,si,roadmap_14_mvp_cerrado_v1.1,fincoah_mvp_co_v1.1,bfd3b5dc34cbb119cf84f881b1bfeda2fbb38da20a54e5208a8e9013a71e56b8
VEN_0097_1,PERF_0097,dentro_del_mvp,2026-04-30,2026-04-01,2026-04-30,acumulada_30_dias,30,30,1.0000,5987000,0,0,0,0,11395000,7665000,716000,1549000,561000,0,1716825,-3691175,21518542,21114622,17382000,-5408000,11.8638,4419000,27,0.0498,89338.0952,0.0,0.0,0.0,-0.0188,deterioro_reciente,calculado,alta,baja,inversion_productiva_observada | hobbies_identificados_sin_asumir_que_deban_eliminarse,balance_operativo_negativo | cobertura_esencial_reducida | recuperacion_demora_mas_de_20_dias,ninguna_relevante_para_el_periodo,El cierre reciente empeora frente al inicio del periodo y la recuperación es parcial. Evaluación entre 2026-04-01 y 2026-04-30; no describe permanentemente a la persona.,historia_controlada_y_metricas_observadas,test,fragilidad_sostenida,si,roadmap_14_mvp_cerrado_v1.1,fincoah_mvp_co_v1.1,485f0c68577b023a06bdf5006433e813d19ccbe7394aa7d80544fe849bfbf020
VEN_0097_2,PERF_0097,dentro_del_mvp,2026-05-31,2026-04-01,2026-05-31,acumulada_61_dias,61,60,1.0000,10715000,0,2820000,0,0,25939000,16706000,2117000,3268000,1391000,0,1716825,-10687175,21518542,23337022,39474000,-15224000,40.2965,16076000,58,0.1282,-217833.3333,0.1175,0.0,0.2083,0.0845,fragilidad_sostenida,calculado,alta,baja,inversion_productiva_observada | hobbies_identificados_sin_asumir_que_deban_eliminarse,balance_operativo_negativo | cobertura_esencial_reducida | deuda_creciente | recuperacion_demora_mas_de_20_dias,ninguna_relevante_para_el_periodo,"El déficit persiste, la cobertura se reduce y la deuda gana peso durante el periodo. Evaluación entre 2026-04-01 y 2026-05-31; no describe permanentemente a la persona.",historia_controlada_y_metricas_observadas,test,fragilidad_sostenida,si,roadmap_14_mvp_cerrado_v1.1,fincoah_mvp_co_v1.1,e836a4cc809468d9e05adfa95aa2035bc5c3b61d50af78238e24500293bce612
VEN_0097_3,PERF_0097,dentro_del_mvp,2026-06-30,2026-04-01,2026-06-30,acumulada_91_dias,91,90,1.0000,15932000,0,3790000,0,0,40483000,24469000,4416000,5813000,1391000,0,1716825,-19044175,21518542,24307022,60205000,-24551000,69.4469,27133000,88,0.1397,103333.3333,0.0976,0.0,0.1922,0.1296,fragilidad_sostenida,calculado,alta,baja,inversion_productiva_observada | hobbies_identificados_sin_asumir_que_deban_eliminarse,balance_operativo_negativo | cobertura_esencial_reducida | deuda_creciente | recuperacion_demora_mas_de_20_dias,ninguna_relevante_para_el_periodo,"El déficit persiste, la cobertura se reduce y la deuda gana peso durante el periodo. Evaluación entre 2026-04-01 y 2026-06-30; no describe permanentemente a la persona.",historia_controlada_y_metricas_observadas,test,fragilidad_sostenida,si,roadmap_14_mvp_cerrado_v1.1,fincoah_mvp_co_v1.1,e7c88a7b34b844b6f44da5b7519d0613423f20d321a8b1ee56fdcdf865159f01
VEN_0098_1,PERF_0098,dentro_del_mvp,2026-04-30,2026-04-01,2026-04-30,acumulada_30_dias,30,32,0.9688,2954000,0,590000,230000,119000,8856000,5844000,965000,700000,243000,0,1058921,-3904079,7375645,7790685,12749000,-5902000,44.3968,8730000,26,0.3384,541252.381,0.0,0.0,0.1665,0.0563,fragilidad_sostenida,calculado,alta,baja,inversion_productiva_observada | hobbies_identificados_sin_asumir_que_deban_eliminarse,balance_operativo_negativo | cobertura_esencial_reducida | deuda_creciente | recuperacion_demora_mas_de_20_dias,destino_del_efectivo_fuera_del_banco,"El déficit persiste, la cobertura se reduce y la deuda gana peso durante el periodo. Evaluación entre 2026-04-01 y 2026-04-30; no describe permanentemente a la persona.",historia_controlada_y_metricas_observadas,test,situacion_critica,si,roadmap_14_mvp_cerrado_v1.1,fincoah_mvp_co_v1.1,6c7381782953351f0acff91884fb3a2a7e32eb7dbb04eba3b7ac43605535fa73
VEN_0098_2,PERF_0098,dentro_del_mvp,2026-05-31,2026-04-01,2026-05-31,acumulada_61_dias,61,64,0.9531,5166000,0,1672000,230000,119000,20040000,10209000,2252000,4515000,243000,0,1058921,-11794079,7375645,8872685,27227000,-14874000,89.6426,15395000,57,0.042,47000.0,0.1436,0.0,0.2445,0.203,situacion_critica,calculado,alta,baja,inversion_productiva_observada | hobbies_identificados_sin_asumir_que_deban_eliminarse,balance_operativo_negativo | cobertura_esencial_reducida | deuda_creciente | recuperacion_demora_mas_de_20_dias,destino_del_efectivo_fuera_del_banco,La liquidez resulta insuficiente frente a necesidades esenciales y la posición negativa persiste. Evaluación entre 2026-04-01 y 2026-05-31; no describe permanentemente a la persona.,historia_controlada_y_metricas_observadas,test,situacion_critica,si,roadmap_14_mvp_cerrado_v1.1,fincoah_mvp_co_v1.1,8b095838cf473a95b9c8fdf4bb0ea4da6bca6cb54f6d7314ef17dec500299c7c
VEN_0098_3,PERF_0098,dentro_del_mvp,2026-06-30,2026-04-01,2026-06-30,acumulada_91_dias,91,95,0.9684,7350000,0,2754000,280000,413000,31224000,17540000,3298000,6338000,1409000,0,1058921,-19368079,7375645,9115165,42021000,-23874000,139.719,24361000,87,0.0252,37022.2222,0.1455,0.0,0.2726,0.2358,situacion_critica,calculado,alta,baja,inversion_productiva_observada | hobbies_identificados_sin_asumir_que_deban_eliminarse,balance_operativo_negativo | cobertura_esencial_reducida | deuda_creciente | recuperacion_demora_mas_de_20_dias,destino_del_efectivo_fuera_del_banco,La liquidez resulta insuficiente frente a necesidades esenciales y la posición negativa persiste. Evaluación entre 2026-04-01 y 2026-06-30; no describe permanentemente a la persona.,historia_controlada_y_metricas_observadas,test,situacion_critica,si,roadmap_14_mvp_cerrado_v1.1,fincoah_mvp_co_v1.1,fbeeddffa43c202cb71161e57b1e33778ac66d4312aa158db04d9abdf96cb827
VEN_0099_1,PERF_0099,dentro_del_mvp,2026-04-30,2026-04-01,2026-04-30,acumulada_30_dias,30,32,0.9688,4997000,0,0,0,0,2896000,1524000,64000,815000,72000,0,1288258,3389258,3826816,3774976,7893000,2101000,0.0,1148000,17,0.8049,-199309.5238,0.0,2.2239,0.0,-0.0135,acumulacion_estable,calculado,alta,baja,balance_operativo_no_negativo | cobertura_esencial_superior_a_un_mes | recuperacion_consistente | inversion_productiva_observada | hobbies_identificados_sin_asumir_que_deban_eliminarse,sin_factor_de_atencion_dominante,ninguna_relevante_para_el_periodo,"El periodo conserva balance favorable, liquidez creciente y cobertura suficiente. Evaluación entre 2026-04-01 y 2026-04-30; no describe permanentemente a la persona.",historia_controlada_y_metricas_observadas,train,acumulacion_estable,si,roadmap_14_mvp_cerrado_v1.1,fincoah_mvp_co_v1.1,2f363924dffc696cab051367dff2bb00a0aca3dbf008baeb6e7e40e96da05d16
VEN_0099_2,PERF_0099,dentro_del_mvp,2026-05-31,2026-04-01,2026-05-31,acumulada_61_dias,61,64,0.9688,9383000,0,0,0,262000,5792000,2764000,327000,1888000,156000,0,1288258,5141258,3826816,3714496,15437000,3591000,0.0,1585000,6,0.8,11833.3333,0.0651,3.7202,0.0,-0.0294,acumulacion_estable,calculado,alta,baja,balance_operativo_no_negativo | cobertura_esencial_superior_a_un_mes | recuperacion_consistente | inversion_productiva_observada | hobbies_identificados_sin_asumir_que_deban_eliminarse,sin_factor_de_atencion_dominante,ninguna_relevante_para_el_periodo,"El periodo conserva balance favorable, liquidez creciente y cobertura suficiente. Evaluación entre 2026-04-01 y 2026-05-31; no describe permanentemente a la persona.",historia_controlada_y_metricas_observadas,train,acumulacion_estable,si,roadmap_14_mvp_cerrado_v1.1,fincoah_mvp_co_v1.1,e00f2d80ae0d1656d93d02031dc5b4791e40bbc106fb365be33b33e6f1fe0c2e
VEN_0099_3,PERF_0099,dentro_del_mvp,2026-06-30,2026-04-01,2026-06-30,acumulada_91_dias,91,96,0.9792,13957000,0,0,0,262000,8688000,4567000,641000,2331000,340000,0,1288258,6819258,3826816,3582016,22907000,5269000,0.0,2195000,1,0.8571,-31444.4444,0.0549,4.4795,0.0,-0.064,acumulacion_estable,calculado,alta,baja,balance_operativo_no_negativo | cobertura_esencial_superior_a_un_mes | recuperacion_consistente | inversion_productiva_observada | hobbies_identificados_sin_asumir_que_deban_eliminarse,sin_factor_de_atencion_dominante,ninguna_relevante_para_el_periodo,"El periodo conserva balance favorable, liquidez creciente y cobertura suficiente. Evaluación entre 2026-04-01 y 2026-06-30; no describe permanentemente a la persona.",historia_controlada_y_metricas_observadas,train,acumulacion_estable,si,roadmap_14_mvp_cerrado_v1.1,fincoah_mvp_co_v1.1,beb0023ef85eb595a0cade1c4b420ba72d4f3e8fbb775381b808fdc9cdeba01a
VEN_0100_1,PERF_0100,dentro_del_mvp,2026-04-30,2026-04-01,2026-04-30,acumulada_30_dias,30,33,1.0000,2624000,0,0,70000,258000,2350000,1375000,151000,639000,188000,0,1353689,1955689,796025,660665,5302000,274000,0.0,702000,16,0.5,-96566.6667,0.0,1.4223,0.0,-0.17,equilibrio_sostenible,calculado,alta,baja,balance_operativo_no_negativo | cobertura_esencial_superior_a_un_mes | inversion_productiva_observada | hobbies_identificados_sin_asumir_que_deban_eliminarse,sin_factor_de_atencion_dominante,ninguna_relevante_para_el_periodo,El periodo permanece cerca del equilibrio y mantiene cubiertas las obligaciones observadas. Evaluación entre 2026-04-01 y 2026-04-30; no describe permanentemente a la persona.,historia_controlada_y_metricas_observadas,train,equilibrio_sostenible,si,roadmap_14_mvp_cerrado_v1.1,fincoah_mvp_co_v1.1,0563e0bad2c55b02a188eac7abce9f0c717fbd7a32a620e76e47dc187dcc07d1
VEN_0100_2,PERF_0100,dentro_del_mvp,2026-05-31,2026-04-01,2026-05-31,acumulada_61_dias,61,66,0.9848,5313000,0,0,70000,258000,4700000,2694000,310000,1094000,431000,0,1353689,2294689,796025,485705,10341000,613000,0.0,1623000,47,0.8882,23500.0,0.0122,1.7036,0.0,-0.3898,equilibrio_sostenible,calculado,alta,baja,balance_operativo_no_negativo | cobertura_esencial_superior_a_un_mes | recuperacion_consistente | inversion_productiva_observada | hobbies_identificados_sin_asumir_que_deban_eliminarse,recuperacion_demora_mas_de_20_dias,ninguna_relevante_para_el_periodo,El periodo permanece cerca del equilibrio y mantiene cubiertas las obligaciones observadas. Evaluación entre 2026-04-01 y 2026-05-31; no describe permanentemente a la persona.,historia_controlada_y_metricas_observadas,train,equilibrio_sostenible,si,roadmap_14_mvp_cerrado_v1.1,fincoah_mvp_co_v1.1,f5463656420b33cfd469f7de47d7457d19a2fecf441c3589ed873fac738c1006
VEN_0100_3,PERF_0100,dentro_del_mvp,2026-06-30,2026-04-01,2026-06-30,acumulada_91_dias,91,99,0.9697,7787000,0,0,350000,258000,7050000,4416000,521000,1094000,627000,0,1353689,2698689,796025,344585,15445000,737000,0.0,1623000,28,0.8406,38955.5556,0.0347,1.8333,0.0,-0.5671,equilibrio_sostenible,calculado,alta,baja,balance_operativo_no_negativo | cobertura_esencial_superior_a_un_mes | recuperacion_consistente | inversion_productiva_observada | hobbies_identificados_sin_asumir_que_deban_eliminarse,recuperacion_demora_mas_de_20_dias,destino_del_efectivo_fuera_del_banco,El periodo permanece cerca del equilibrio y mantiene cubiertas las obligaciones observadas. Evaluación entre 2026-04-01 y 2026-06-30; no describe permanentemente a la persona.,historia_controlada_y_metricas_observadas,train,equilibrio_sostenible,si,roadmap_14_mvp_cerrado_v1.1,fincoah_mvp_co_v1.1,ec0c845ae3a57f96cd517321734087034ee6f7913de87fc2eca6c01b1d76eaf0
VEN_0101_1,PERF_0101,dentro_del_mvp,2026-04-30,2026-04-01,2026-04-30,acumulada_30_dias,30,33,0.9394,8744000,0,0,0,0,7942000,4065000,759000,1791000,0,0,7704798,8506798,0,0,16686000,802000,0.0,3445000,0,1.0,519023.8095,0.0,2.0927,0.0,0.0,equilibrio_sostenible,calculado,media,media,balance_operativo_no_negativo | cobertura_esencial_superior_a_un_mes | recuperacion_consistente | inversion_productiva_observada | hobbies_identificados_sin_asumir_que_deban_eliminarse,sin_factor_de_atencion_dominante,destino_del_efectivo_fuera_del_banco,El periodo permanece cerca del equilibrio y mantiene cubiertas las obligaciones observadas. Evaluación entre 2026-04-01 y 2026-04-30; no describe permanentemente a la persona.,historia_controlada_y_metricas_observadas,train,variable_resiliente,si,roadmap_14_mvp_cerrado_v1.1,fincoah_mvp_co_v1.1,1c6b01aaca18b8c7aec3c7fdb10887dabecce7008cd32a1bdb2784a94b6c42d0
VEN_0101_2,PERF_0101,dentro_del_mvp,2026-05-31,2026-04-01,2026-05-31,acumulada_61_dias,61,66,0.9545,15885000,0,0,0,0,18580000,9955000,2045000,4087000,0,0,7704798,5009798,0,0,34465000,-2695000,0.0,5276000,29,0.5,-255366.6667,0.1009,1.0065,0.0,0.0,variable_resiliente,calculado,alta,baja,cobertura_esencial_superior_a_un_mes | inversion_productiva_observada | hobbies_identificados_sin_asumir_que_deban_eliminarse,balance_operativo_negativo | recuperacion_demora_mas_de_20_dias,destino_del_efectivo_fuera_del_banco,"Los ingresos fluctúan, pero el periodo muestra recuperación y cobertura sin convertir la variabilidad en riesgo. Evaluación entre 2026-04-01 y 2026-05-31; no describe permanentemente a la persona.",historia_controlada_y_metricas_observadas,train,variable_resiliente,si,roadmap_14_mvp_cerrado_v1.1,fincoah_mvp_co_v1.1,d8283dfba9515d042ce3f284dc99b270c3f96fc4ebf0935c926aa01b34ef107e
VEN_0101_3,PERF_0101,dentro_del_mvp,2026-06-30,2026-04-01,2026-06-30,acumulada_91_dias,91,98,0.9388,27779000,0,0,240000,0,24130000,13227000,2267000,5127000,0,0,7704798,11593798,0,0,52149000,3649000,0.0,6409000,10,0.8318,76777.7778,0.2132,2.6296,0.0,0.0,variable_resiliente,calculado,media,media,balance_operativo_no_negativo | cobertura_esencial_superior_a_un_mes | recuperacion_consistente | inversion_productiva_observada | hobbies_identificados_sin_asumir_que_deban_eliminarse,sin_factor_de_atencion_dominante,destino_del_efectivo_fuera_del_banco,"Los ingresos fluctúan, pero el periodo muestra recuperación y cobertura sin convertir la variabilidad en riesgo. Evaluación entre 2026-04-01 y 2026-06-30; no describe permanentemente a la persona.",historia_controlada_y_metricas_observadas,train,variable_resiliente,si,roadmap_14_mvp_cerrado_v1.1,fincoah_mvp_co_v1.1,7aff5769fa55fc2a8d5c66b1dc514155a932269e19753094a8da8e19986e79f5
VEN_0102_1,PERF_0102,dentro_del_mvp,2026-04-30,2026-04-01,2026-04-30,acumulada_30_dias,30,33,0.9091,8331000,0,0,210000,0,4492000,3179000,265000,202000,168000,0,19991553,24040553,3927922,3806962,13033000,3839000,0.0,997000,0,1.0,30138.0952,0.0,7.5623,0.0,-0.0308,acumulacion_estable,calculado,media,media,balance_operativo_no_negativo | cobertura_esencial_superior_a_un_mes | recuperacion_consistente | inversion_productiva_observada | hobbies_identificados_sin_asumir_que_deban_eliminarse,sin_factor_de_atencion_dominante,destino_del_efectivo_fuera_del_banco,"El periodo conserva balance favorable, liquidez creciente y cobertura suficiente. Evaluación entre 2026-04-01 y 2026-04-30; no describe permanentemente a la persona.",historia_controlada_y_metricas_observadas,validation,uso_planificado_reserva,si,roadmap_14_mvp_cerrado_v1.1,fincoah_mvp_co_v1.1,d13bcbb93da5a7478b303c8db953e68727b0668a5cea0688217bc92f0edd4b22
VEN_0102_2,PERF_0102,dentro_del_mvp,2026-05-31,2026-04-01,2026-05-31,acumulada_61_dias,61,66,0.9394,12895000,0,0,210000,0,16304000,10416000,1214000,948000,987000,0,19991553,16792553,3927922,3217282,29409000,-3409000,0.0,9543000,30,0.8481,-398666.6667,0.2921,3.2244,0.0,-0.1809,uso_planificado_reserva,calculado,media,media,cobertura_esencial_superior_a_un_mes | recuperacion_consistente | inversion_productiva_observada | hobbies_identificados_sin_asumir_que_deban_eliminarse,balance_operativo_negativo | recuperacion_demora_mas_de_20_dias,destino_del_efectivo_fuera_del_banco,El balance negativo se explica por una salida alineada con una meta y existe reserva para absorberla. Evaluación entre 2026-04-01 y 2026-05-31; no describe permanentemente a la persona.,historia_controlada_y_metricas_observadas,validation,uso_planificado_reserva,si,roadmap_14_mvp_cerrado_v1.1,fincoah_mvp_co_v1.1,ab18331f3a9571cc66a371d7c16be4ef14e80a0b8f3fc6f71d627d985774ec66
VEN_0102_3,PERF_0102,dentro_del_mvp,2026-06-30,2026-04-01,2026-06-30,acumulada_91_dias,91,99,0.9495,18243000,0,0,430000,0,28116000,18648000,1836000,2474000,2196000,0,19991553,10548553,3927922,2346802,46789000,-9873000,0.0,15700000,60,0.8253,-109511.1111,0.2669,1.697,0.0,-0.4025,uso_planificado_reserva,calculado,alta,baja,cobertura_esencial_superior_a_un_mes | recuperacion_consistente | inversion_productiva_observada | hobbies_identificados_sin_asumir_que_deban_eliminarse,balance_operativo_negativo | recuperacion_demora_mas_de_20_dias,destino_del_efectivo_fuera_del_banco,El balance negativo se explica por una salida alineada con una meta y existe reserva para absorberla. Evaluación entre 2026-04-01 y 2026-06-30; no describe permanentemente a la persona.,historia_controlada_y_metricas_observadas,validation,uso_planificado_reserva,si,roadmap_14_mvp_cerrado_v1.1,fincoah_mvp_co_v1.1,87114725521e9772383d3bd37cfdd703c832acbdb54c8852a98874745770bf34
VEN_0103_1,PERF_0103,dentro_del_mvp,2026-04-30,2026-04-01,2026-04-30,acumulada_30_dias,30,33,0.9394,7342000,0,0,0,0,6515000,3598000,775000,1171000,0,0,10264240,11091240,0,0,13857000,827000,0.0,2050000,2,0.6667,170790.4762,0.0,3.0826,0.0,0.0,equilibrio_sostenible,calculado,media,media,balance_operativo_no_negativo | cobertura_esencial_superior_a_un_mes | inversion_productiva_observada | hobbies_identificados_sin_asumir_que_deban_eliminarse,sin_factor_de_atencion_dominante,destino_del_efectivo_fuera_del_banco,El periodo permanece cerca del equilibrio y mantiene cubiertas las obligaciones observadas. Evaluación entre 2026-04-01 y 2026-04-30; no describe permanentemente a la persona.,historia_controlada_y_metricas_observadas,train,deterioro_reciente,si,roadmap_14_mvp_cerrado_v1.1,fincoah_mvp_co_v1.1,12d95b3690d5b45018b3ca682f59c2d8118ed10ec001964e85f65d7c5cacf6fa
VEN_0103_2,PERF_0103,dentro_del_mvp,2026-05-31,2026-04-01,2026-05-31,acumulada_61_dias,61,66,0.9545,15237000,0,0,0,0,13030000,7383000,775000,2876000,0,0,10264240,12471240,0,0,28267000,2207000,0.0,2920000,3,0.8,18433.3333,0.0363,3.3784,0.0,0.0,equilibrio_sostenible,calculado,alta,baja,balance_operativo_no_negativo | cobertura_esencial_superior_a_un_mes | recuperacion_consistente | inversion_productiva_observada | hobbies_identificados_sin_asumir_que_deban_eliminarse,sin_factor_de_atencion_dominante,destino_del_efectivo_fuera_del_banco,El periodo permanece cerca del equilibrio y mantiene cubiertas las obligaciones observadas. Evaluación entre 2026-04-01 y 2026-05-31; no describe permanentemente a la persona.,historia_controlada_y_metricas_observadas,train,deterioro_reciente,si,roadmap_14_mvp_cerrado_v1.1,fincoah_mvp_co_v1.1,7ad617d123305fe6df6843f077670a986ca6da977bdff273e9501851b40e83f9
VEN_0103_3,PERF_0103,dentro_del_mvp,2026-06-30,2026-04-01,2026-06-30,acumulada_91_dias,91,98,0.9694,20519000,0,0,0,0,22493000,12060000,995000,5143000,0,0,10264240,8290240,0,0,43012000,-1974000,0.0,7559000,33,0.8557,-64666.6667,0.1644,2.0622,0.0,0.0,deterioro_reciente,calculado,alta,baja,cobertura_esencial_superior_a_un_mes | recuperacion_consistente | inversion_productiva_observada | hobbies_identificados_sin_asumir_que_deban_eliminarse,balance_operativo_negativo | recuperacion_demora_mas_de_20_dias,destino_del_efectivo_fuera_del_banco,El cierre reciente empeora frente al inicio del periodo y la recuperación es parcial. Evaluación entre 2026-04-01 y 2026-06-30; no describe permanentemente a la persona.,historia_controlada_y_metricas_observadas,train,deterioro_reciente,si,roadmap_14_mvp_cerrado_v1.1,fincoah_mvp_co_v1.1,44d9f6d6e60eddcea467f52bb4c3217248c11cf7874376e5ba1e7fff8969dc68
VEN_0104_1,PERF_0104,dentro_del_mvp,2026-04-30,2026-04-01,2026-04-30,acumulada_30_dias,30,30,0.9333,3694000,0,0,70000,0,6177000,5026000,0,0,1336000,0,381673,-2031327,15637176,14675256,9941000,-2483000,16.7957,3959000,29,0.3728,310809.5238,0.0,0.0,0.0,-0.0615,deterioro_reciente,calculado,media,media,sin_factor_positivo_concluyente,balance_operativo_negativo | cobertura_esencial_reducida | recuperacion_demora_mas_de_20_dias,destino_del_efectivo_fuera_del_banco,El cierre reciente empeora frente al inicio del periodo y la recuperación es parcial. Evaluación entre 2026-04-01 y 2026-04-30; no describe permanentemente a la persona.,historia_controlada_y_metricas_observadas,train,fragilidad_sostenida,si,roadmap_14_mvp_cerrado_v1.1,fincoah_mvp_co_v1.1,aa8fa650f357e8e9b438d6b501da02d63aff744ee76ef619af8a896812ff9005
VEN_0104_2,PERF_0104,dentro_del_mvp,2026-05-31,2026-04-01,2026-05-31,acumulada_61_dias,61,60,0.9500,6120000,0,526000,70000,0,14061000,10505000,309000,780000,1762000,0,381673,-6963327,15637176,14894536,20777000,-7941000,33.3602,7941000,60,0.0,-99166.6667,0.2072,0.0,0.0791,-0.0475,fragilidad_sostenida,calculado,alta,baja,inversion_productiva_observada | hobbies_identificados_sin_asumir_que_deban_eliminarse,balance_operativo_negativo | cobertura_esencial_reducida | recuperacion_demora_mas_de_20_dias,destino_del_efectivo_fuera_del_banco,"El déficit persiste, la cobertura se reduce y la deuda gana peso durante el periodo. Evaluación entre 2026-04-01 y 2026-05-31; no describe permanentemente a la persona.",historia_controlada_y_metricas_observadas,train,fragilidad_sostenida,si,roadmap_14_mvp_cerrado_v1.1,fincoah_mvp_co_v1.1,7a619653ce6aad7831c90d364bb70f10dc64d37182a396f70fd16e0d105e0480
VEN_0104_3,PERF_0104,dentro_del_mvp,2026-06-30,2026-04-01,2026-06-30,acumulada_91_dias,91,90,0.9667,8972000,0,526000,190000,0,21945000,15680000,1664000,2016000,2210000,0,381673,-11875327,15637176,14571976,31633000,-12973000,60.0485,12973000,90,0.0,-70244.4444,0.1762,0.0,0.0554,-0.0681,fragilidad_sostenida,calculado,alta,baja,inversion_productiva_observada | hobbies_identificados_sin_asumir_que_deban_eliminarse,balance_operativo_negativo | cobertura_esencial_reducida | recuperacion_demora_mas_de_20_dias,destino_del_efectivo_fuera_del_banco,"El déficit persiste, la cobertura se reduce y la deuda gana peso durante el periodo. Evaluación entre 2026-04-01 y 2026-06-30; no describe permanentemente a la persona.",historia_controlada_y_metricas_observadas,train,fragilidad_sostenida,si,roadmap_14_mvp_cerrado_v1.1,fincoah_mvp_co_v1.1,2809aa8b5c5757db1d5d3597fbcb282532c5ef44650ab5638d77fc6105151553
VEN_0105_1,PERF_0105,dentro_del_mvp,2026-04-30,2026-04-01,2026-04-30,acumulada_30_dias,30,32,0.9063,1739000,0,338000,0,0,5076000,3942000,647000,0,344000,0,222854,-2776146,5460188,5550508,7153000,-3337000,46.7097,3952000,29,0.1556,240419.0476,0.0,0.0,0.1627,0.0165,fragilidad_sostenida,calculado,media,media,hobbies_identificados_sin_asumir_que_deban_eliminarse,balance_operativo_negativo | cobertura_esencial_reducida | recuperacion_demora_mas_de_20_dias,destino_del_efectivo_fuera_del_banco,"El déficit persiste, la cobertura se reduce y la deuda gana peso durante el periodo. Evaluación entre 2026-04-01 y 2026-04-30; no describe permanentemente a la persona.",historia_controlada_y_metricas_observadas,train,situacion_critica,si,roadmap_14_mvp_cerrado_v1.1,fincoah_mvp_co_v1.1,97718470dee4b5b20edb671a70923a459010f0c59c9667a0df39080e26cb2a91
VEN_0105_2,PERF_0105,dentro_del_mvp,2026-05-31,2026-04-01,2026-05-31,acumulada_61_dias,61,64,0.9375,3263000,0,958000,0,0,11486000,7173000,1745000,1298000,550000,0,222854,-7042146,5460188,6022188,15707000,-8223000,83.665,8223000,60,0.0,44300.0,0.0659,0.0,0.227,0.1029,situacion_critica,calculado,media,media,inversion_productiva_observada | hobbies_identificados_sin_asumir_que_deban_eliminarse,balance_operativo_negativo | cobertura_esencial_reducida | deuda_creciente | recuperacion_demora_mas_de_20_dias,destino_del_efectivo_fuera_del_banco,La liquidez resulta insuficiente frente a necesidades esenciales y la posición negativa persiste. Evaluación entre 2026-04-01 y 2026-05-31; no describe permanentemente a la persona.,historia_controlada_y_metricas_observadas,train,situacion_critica,si,roadmap_14_mvp_cerrado_v1.1,fincoah_mvp_co_v1.1,cda629982e45e74ddaa93f51d2d84321533cf18f64c3ae6140ba65e66970ebc6
VEN_0105_3,PERF_0105,dentro_del_mvp,2026-06-30,2026-04-01,2026-06-30,acumulada_91_dias,91,96,0.9271,4631000,0,958000,0,0,17896000,10752000,2303000,2584000,1010000,0,222854,-12084146,5460188,5690988,23485000,-13265000,131.1626,13505000,90,0.0178,-1000.0,0.0985,0.0,0.1714,0.0423,situacion_critica,calculado,media,media,inversion_productiva_observada | hobbies_identificados_sin_asumir_que_deban_eliminarse,balance_operativo_negativo | cobertura_esencial_reducida | recuperacion_demora_mas_de_20_dias,destino_del_efectivo_fuera_del_banco,La liquidez resulta insuficiente frente a necesidades esenciales y la posición negativa persiste. Evaluación entre 2026-04-01 y 2026-06-30; no describe permanentemente a la persona.,historia_controlada_y_metricas_observadas,train,situacion_critica,si,roadmap_14_mvp_cerrado_v1.1,fincoah_mvp_co_v1.1,707c4390157347ee61e53a6d5cc85973e5db72ebbe81910f09cde194f8dcff03
VEN_0106_1,PERF_0106,dentro_del_mvp,2026-04-30,2026-04-01,2026-04-30,acumulada_30_dias,30,30,0.9667,10009000,0,0,0,0,6247000,4286000,273000,597000,0,0,4653013,8415013,8092850,8092850,16256000,3762000,0.0,3210000,4,0.6667,210990.4762,0.0,1.9634,0.0,0.0,acumulacion_estable,calculado,alta,baja,balance_operativo_no_negativo | cobertura_esencial_superior_a_un_mes | inversion_productiva_observada | hobbies_identificados_sin_asumir_que_deban_eliminarse,sin_factor_de_atencion_dominante,ninguna_relevante_para_el_periodo,"El periodo conserva balance favorable, liquidez creciente y cobertura suficiente. Evaluación entre 2026-04-01 y 2026-04-30; no describe permanentemente a la persona.",historia_controlada_y_metricas_observadas,train,acumulacion_estable,si,roadmap_14_mvp_cerrado_v1.1,fincoah_mvp_co_v1.1,b2d92557e9410bfbd61714ae1f69f7df0a1000bb900b1b16970cee92614c346d
VEN_0106_2,PERF_0106,dentro_del_mvp,2026-05-31,2026-04-01,2026-05-31,acumulada_61_dias,61,60,0.9667,20920000,0,0,0,0,12494000,8716000,891000,597000,703000,0,4653013,13079013,8092850,7586690,33414000,8426000,0.0,4004000,3,0.8,30066.6667,0.0431,3.0012,0.0,-0.0625,acumulacion_estable,calculado,alta,baja,balance_operativo_no_negativo | cobertura_esencial_superior_a_un_mes | recuperacion_consistente | inversion_productiva_observada | hobbies_identificados_sin_asumir_que_deban_eliminarse,sin_factor_de_atencion_dominante,ninguna_relevante_para_el_periodo,"El periodo conserva balance favorable, liquidez creciente y cobertura suficiente. Evaluación entre 2026-04-01 y 2026-05-31; no describe permanentemente a la persona.",historia_controlada_y_metricas_observadas,train,acumulacion_estable,si,roadmap_14_mvp_cerrado_v1.1,fincoah_mvp_co_v1.1,d71ca2aa17e99ab39768240fb17a92fad92060a7e1a10939ea76355925b74f14
VEN_0106_3,PERF_0106,dentro_del_mvp,2026-06-30,2026-04-01,2026-06-30,acumulada_91_dias,91,90,0.9778,31331000,0,0,0,0,18741000,12544000,1228000,1761000,990000,0,4653013,17243013,8092850,7380050,50072000,12590000,0.0,4004000,0,1.0,191777.7778,0.0353,4.1238,0.0,-0.0881,acumulacion_estable,calculado,alta,baja,balance_operativo_no_negativo | cobertura_esencial_superior_a_un_mes | recuperacion_consistente | inversion_productiva_observada | hobbies_identificados_sin_asumir_que_deban_eliminarse,sin_factor_de_atencion_dominante,ninguna_relevante_para_el_periodo,"El periodo conserva balance favorable, liquidez creciente y cobertura suficiente. Evaluación entre 2026-04-01 y 2026-06-30; no describe permanentemente a la persona.",historia_controlada_y_metricas_observadas,train,acumulacion_estable,si,roadmap_14_mvp_cerrado_v1.1,fincoah_mvp_co_v1.1,c8f6b92e41a3da1fd932db5d277779ed356e89eb229db0e1d2b67681ff8ca775
VEN_0107_1,PERF_0107,dentro_del_mvp,2026-04-30,2026-04-01,2026-04-30,acumulada_30_dias,30,31,1.0000,4874000,0,0,40000,0,4524000,2502000,484000,1269000,370000,0,6116237,6506237,8610757,8344357,9438000,350000,0.0,2032000,27,0.9405,154061.9048,0.0,2.6004,0.0,-0.0309,equilibrio_sostenible,calculado,alta,baja,balance_operativo_no_negativo | cobertura_esencial_superior_a_un_mes | recuperacion_consistente | inversion_productiva_observada | hobbies_identificados_sin_asumir_que_deban_eliminarse,recuperacion_demora_mas_de_20_dias,ninguna_relevante_para_el_periodo,El periodo permanece cerca del equilibrio y mantiene cubiertas las obligaciones observadas. Evaluación entre 2026-04-01 y 2026-04-30; no describe permanentemente a la persona.,historia_controlada_y_metricas_observadas,train,equilibrio_sostenible,si,roadmap_14_mvp_cerrado_v1.1,fincoah_mvp_co_v1.1,5ec2d8c9c5139baffe195b256def8ede9d5d0d657d8b361e50523dba6a0a78e9
VEN_0107_2,PERF_0107,dentro_del_mvp,2026-05-31,2026-04-01,2026-05-31,acumulada_61_dias,61,62,1.0000,9502000,0,0,40000,0,9048000,5747000,862000,1853000,1232000,0,6116237,6610237,8610757,7723717,18590000,454000,0.0,2320000,2,0.5,35066.6667,0.0259,2.3004,0.0,-0.103,equilibrio_sostenible,calculado,alta,baja,balance_operativo_no_negativo | cobertura_esencial_superior_a_un_mes | inversion_productiva_observada | hobbies_identificados_sin_asumir_que_deban_eliminarse,sin_factor_de_atencion_dominante,ninguna_relevante_para_el_periodo,El periodo permanece cerca del equilibrio y mantiene cubiertas las obligaciones observadas. Evaluación entre 2026-04-01 y 2026-05-31; no describe permanentemente a la persona.,historia_controlada_y_metricas_observadas,train,equilibrio_sostenible,si,roadmap_14_mvp_cerrado_v1.1,fincoah_mvp_co_v1.1,38cdf2dd53c8874a395c21b97866568e48f685046e2490ab94e41f0045fbfe18
VEN_0107_3,PERF_0107,dentro_del_mvp,2026-06-30,2026-04-01,2026-06-30,acumulada_91_dias,91,93,1.0000,14566000,0,0,40000,0,13572000,8564000,1197000,2710000,1345000,0,6116237,7150237,8610757,7642357,28178000,994000,0.0,2320000,7,0.75,78933.3333,0.0368,2.5048,0.0,-0.1125,equilibrio_sostenible,calculado,alta,baja,balance_operativo_no_negativo | cobertura_esencial_superior_a_un_mes | recuperacion_consistente | inversion_productiva_observada | hobbies_identificados_sin_asumir_que_deban_eliminarse,sin_factor_de_atencion_dominante,ninguna_relevante_para_el_periodo,El periodo permanece cerca del equilibrio y mantiene cubiertas las obligaciones observadas. Evaluación entre 2026-04-01 y 2026-06-30; no describe permanentemente a la persona.,historia_controlada_y_metricas_observadas,train,equilibrio_sostenible,si,roadmap_14_mvp_cerrado_v1.1,fincoah_mvp_co_v1.1,cbb017329411dffd8f6e7efd17d0ab4330ead7fc867f7b2eed807dafedfc802c
VEN_0108_1,PERF_0108,dentro_del_mvp,2026-04-30,2026-04-01,2026-04-30,acumulada_30_dias,30,32,0.9688,6010000,0,0,0,0,5243000,2637000,553000,1021000,569000,0,7398949,8165949,11146414,10736734,11253000,767000,0.0,2954000,2,0.5,437533.3333,0.0,3.0967,0.0,-0.0368,equilibrio_sostenible,calculado,alta,baja,balance_operativo_no_negativo | cobertura_esencial_superior_a_un_mes | inversion_productiva_observada | hobbies_identificados_sin_asumir_que_deban_eliminarse,sin_factor_de_atencion_dominante,ninguna_relevante_para_el_periodo,El periodo permanece cerca del equilibrio y mantiene cubiertas las obligaciones observadas. Evaluación entre 2026-04-01 y 2026-04-30; no describe permanentemente a la persona.,historia_controlada_y_metricas_observadas,train,variable_resiliente,si,roadmap_14_mvp_cerrado_v1.1,fincoah_mvp_co_v1.1,7ee8f93b82bddeb9fb8a82ff504f13f9f4ae1b89ed19b077ff517c8882adeec7
VEN_0108_2,PERF_0108,dentro_del_mvp,2026-05-31,2026-04-01,2026-05-31,acumulada_61_dias,61,64,0.9688,10361000,0,0,0,0,12266000,6263000,1475000,2784000,882000,0,7398949,5493949,11146414,10511374,22627000,-1905000,0.0,7670000,33,0.7623,-139733.3333,0.1601,1.7544,0.0,-0.057,variable_resiliente,calculado,alta,baja,cobertura_esencial_superior_a_un_mes | recuperacion_consistente | inversion_productiva_observada | hobbies_identificados_sin_asumir_que_deban_eliminarse,balance_operativo_negativo | recuperacion_demora_mas_de_20_dias,destino_del_efectivo_fuera_del_banco,"Los ingresos fluctúan, pero el periodo muestra recuperación y cobertura sin convertir la variabilidad en riesgo. Evaluación entre 2026-04-01 y 2026-05-31; no describe permanentemente a la persona.",historia_controlada_y_metricas_observadas,train,variable_resiliente,si,roadmap_14_mvp_cerrado_v1.1,fincoah_mvp_co_v1.1,c3bd4abb5bc38fc8b91b0ac0aabcb92cbc43b4a08653169d53c42a64e31feb06
VEN_0108_3,PERF_0108,dentro_del_mvp,2026-06-30,2026-04-01,2026-06-30,acumulada_91_dias,91,95,0.9579,19378000,0,0,0,0,15930000,8583000,2020000,2784000,882000,0,7398949,10846949,11146414,10511374,35308000,3448000,0.0,7670000,2,0.6667,202422.2222,0.299,3.7913,0.0,-0.057,variable_resiliente,calculado,alta,baja,balance_operativo_no_negativo | cobertura_esencial_superior_a_un_mes | inversion_productiva_observada | hobbies_identificados_sin_asumir_que_deban_eliminarse,sin_factor_de_atencion_dominante,destino_del_efectivo_fuera_del_banco,"Los ingresos fluctúan, pero el periodo muestra recuperación y cobertura sin convertir la variabilidad en riesgo. Evaluación entre 2026-04-01 y 2026-06-30; no describe permanentemente a la persona.",historia_controlada_y_metricas_observadas,train,variable_resiliente,si,roadmap_14_mvp_cerrado_v1.1,fincoah_mvp_co_v1.1,449049e90bf6fc9c6a06c5da3e77ca3953b6c2feb0620117f766a6269652ffd4
VEN_0109_1,PERF_0109,dentro_del_mvp,2026-04-30,2026-04-01,2026-04-30,acumulada_30_dias,30,32,1.0000,3888000,0,0,70000,0,2288000,1228000,127000,438000,123000,0,8904322,10574322,4208765,4120205,6246000,1600000,0.0,1165000,6,0.6667,-34823.8095,0.0,8.611,0.0,-0.021,acumulacion_estable,calculado,alta,baja,balance_operativo_no_negativo | cobertura_esencial_superior_a_un_mes | inversion_productiva_observada | hobbies_identificados_sin_asumir_que_deban_eliminarse,sin_factor_de_atencion_dominante,ninguna_relevante_para_el_periodo,"El periodo conserva balance favorable, liquidez creciente y cobertura suficiente. Evaluación entre 2026-04-01 y 2026-04-30; no describe permanentemente a la persona.",historia_controlada_y_metricas_observadas,train,uso_planificado_reserva,si,roadmap_14_mvp_cerrado_v1.1,fincoah_mvp_co_v1.1,5ef3c29a1680be86a7265a360331f12ede0e4debb0d02ed72cd8d3ca65fc81e7
VEN_0109_2,PERF_0109,dentro_del_mvp,2026-05-31,2026-04-01,2026-05-31,acumulada_61_dias,61,64,0.9844,6426000,0,0,70000,0,8304000,4539000,329000,1851000,667000,0,8904322,7096322,4208765,3728525,14800000,-1878000,0.0,3878000,37,0.6667,-170700.0,0.2101,3.1268,0.0,-0.1141,uso_planificado_reserva,calculado,alta,baja,cobertura_esencial_superior_a_un_mes | inversion_productiva_observada | hobbies_identificados_sin_asumir_que_deban_eliminarse,balance_operativo_negativo | recuperacion_demora_mas_de_20_dias,destino_del_efectivo_fuera_del_banco,El balance negativo se explica por una salida alineada con una meta y existe reserva para absorberla. Evaluación entre 2026-04-01 y 2026-05-31; no describe permanentemente a la persona.,historia_controlada_y_metricas_observadas,train,uso_planificado_reserva,si,roadmap_14_mvp_cerrado_v1.1,fincoah_mvp_co_v1.1,048960a2018e948ed2867bd4622d91fa80420e33b9e8c78ca8e6bab908cbc0d3
VEN_0109_3,PERF_0109,dentro_del_mvp,2026-06-30,2026-04-01,2026-06-30,acumulada_91_dias,91,95,0.9789,8665000,0,0,70000,0,14320000,8098000,603000,3577000,1229000,0,8904322,3319322,4208765,3323885,23055000,-5655000,0.0,8436000,67,0.6975,-88800.0,0.2484,1.2297,0.0,-0.2102,uso_planificado_reserva,calculado,alta,baja,cobertura_esencial_superior_a_un_mes | inversion_productiva_observada | hobbies_identificados_sin_asumir_que_deban_eliminarse,balance_operativo_negativo | recuperacion_demora_mas_de_20_dias,destino_del_efectivo_fuera_del_banco,El balance negativo se explica por una salida alineada con una meta y existe reserva para absorberla. Evaluación entre 2026-04-01 y 2026-06-30; no describe permanentemente a la persona.,historia_controlada_y_metricas_observadas,train,uso_planificado_reserva,si,roadmap_14_mvp_cerrado_v1.1,fincoah_mvp_co_v1.1,5e523e0d0667409d2e41db9f50654be935ef1fb78d00c8386382a59f54c5ec23
VEN_0110_1,PERF_0110,dentro_del_mvp,2026-04-30,2026-04-01,2026-04-30,acumulada_30_dias,30,31,0.9355,5506000,0,0,0,0,4825000,2313000,557000,1151000,297000,0,13454509,14135509,5528457,5314617,10331000,681000,0.0,2137000,12,0.7604,-106042.8571,0.0,6.1113,0.0,-0.0387,equilibrio_sostenible,calculado,media,media,balance_operativo_no_negativo | cobertura_esencial_superior_a_un_mes | recuperacion_consistente | inversion_productiva_observada | hobbies_identificados_sin_asumir_que_deban_eliminarse,sin_factor_de_atencion_dominante,destino_del_efectivo_fuera_del_banco,El periodo permanece cerca del equilibrio y mantiene cubiertas las obligaciones observadas. Evaluación entre 2026-04-01 y 2026-04-30; no describe permanentemente a la persona.,historia_controlada_y_metricas_observadas,train,deterioro_reciente,si,roadmap_14_mvp_cerrado_v1.1,fincoah_mvp_co_v1.1,ba79e3aa1eb9db008e59b4d0939e64123cf4a492ded097fcfcd8d1679ea64c7f
VEN_0110_2,PERF_0110,dentro_del_mvp,2026-05-31,2026-04-01,2026-05-31,acumulada_61_dias,61,61,0.9508,10707000,0,0,0,0,9650000,4968000,722000,2234000,713000,0,13454509,14511509,5528457,5015097,20357000,1057000,0.0,3011000,43,0.8716,21400.0,0.0285,5.842,0.0,-0.0929,equilibrio_sostenible,calculado,alta,baja,balance_operativo_no_negativo | cobertura_esencial_superior_a_un_mes | recuperacion_consistente | inversion_productiva_observada | hobbies_identificados_sin_asumir_que_deban_eliminarse,recuperacion_demora_mas_de_20_dias,destino_del_efectivo_fuera_del_banco,El periodo permanece cerca del equilibrio y mantiene cubiertas las obligaciones observadas. Evaluación entre 2026-04-01 y 2026-05-31; no describe permanentemente a la persona.,historia_controlada_y_metricas_observadas,train,deterioro_reciente,si,roadmap_14_mvp_cerrado_v1.1,fincoah_mvp_co_v1.1,4cf86939fad3ea10fb526c3652be2132487dd2d25041103302245ab47d1ce9df
VEN_0110_3,PERF_0110,dentro_del_mvp,2026-06-30,2026-04-01,2026-06-30,acumulada_91_dias,91,91,0.9560,14408000,253000,0,0,0,16659000,10268000,1091000,2814000,1609000,0,13454509,11456509,5528457,4369977,31320000,-2251000,0.0,4502000,73,0.6692,-29066.6667,0.1643,3.3472,0.0173,-0.2095,deterioro_reciente,calculado,alta,baja,cobertura_esencial_superior_a_un_mes | inversion_productiva_observada | hobbies_identificados_sin_asumir_que_deban_eliminarse,balance_operativo_negativo | recuperacion_demora_mas_de_20_dias,destino_del_efectivo_fuera_del_banco,El cierre reciente empeora frente al inicio del periodo y la recuperación es parcial. Evaluación entre 2026-04-01 y 2026-06-30; no describe permanentemente a la persona.,historia_controlada_y_metricas_observadas,train,deterioro_reciente,si,roadmap_14_mvp_cerrado_v1.1,fincoah_mvp_co_v1.1,4ef137370330c3946d8cf03acbbba06ed727f11e64bcec9ff0c4225d14b4e4bc
VEN_0111_1,PERF_0111,dentro_del_mvp,2026-04-30,2026-04-01,2026-04-30,acumulada_30_dias,30,34,0.9412,5557000,0,0,0,0,9604000,5306000,337000,2670000,256000,0,1519560,-2527440,28028897,27844577,15161000,-4047000,7.8242,5865000,29,0.31,87928.5714,0.0,0.0,0.0,-0.0066,deterioro_reciente,calculado,alta,baja,inversion_productiva_observada | hobbies_identificados_sin_asumir_que_deban_eliminarse,balance_operativo_negativo | cobertura_esencial_reducida | recuperacion_demora_mas_de_20_dias,destino_del_efectivo_fuera_del_banco,El cierre reciente empeora frente al inicio del periodo y la recuperación es parcial. Evaluación entre 2026-04-01 y 2026-04-30; no describe permanentemente a la persona.,historia_controlada_y_metricas_observadas,train,fragilidad_sostenida,si,roadmap_14_mvp_cerrado_v1.1,fincoah_mvp_co_v1.1,75862d8b43935e1c50e9469d208f912a4ff36471b5f37336972df4ab219418f0
VEN_0111_2,PERF_0111,dentro_del_mvp,2026-05-31,2026-04-01,2026-05-31,acumulada_61_dias,61,67,0.9701,9896000,213000,817000,0,0,21862000,13009000,2356000,3311000,256000,0,1519560,-9416440,28028897,28661577,32788000,-11966000,29.6138,11966000,60,0.0,-129066.6667,0.1231,0.0,0.0943,0.0226,fragilidad_sostenida,calculado,alta,baja,inversion_productiva_observada | hobbies_identificados_sin_asumir_que_deban_eliminarse,balance_operativo_negativo | cobertura_esencial_reducida | recuperacion_demora_mas_de_20_dias,destino_del_efectivo_fuera_del_banco,"El déficit persiste, la cobertura se reduce y la deuda gana peso durante el periodo. Evaluación entre 2026-04-01 y 2026-05-31; no describe permanentemente a la persona.",historia_controlada_y_metricas_observadas,train,fragilidad_sostenida,si,roadmap_14_mvp_cerrado_v1.1,fincoah_mvp_co_v1.1,246bccdf89ba2480e7ad9421c9e1d969d2ccee787f33679831f3bf7729af0565
VEN_0111_3,PERF_0111,dentro_del_mvp,2026-06-30,2026-04-01,2026-06-30,acumulada_91_dias,91,100,0.9700,14453000,213000,1634000,0,0,34120000,18043000,3682000,8120000,256000,0,1519560,-16300440,28028897,29478577,50420000,-19667000,52.435,19667000,90,0.0,83444.4444,0.1101,0.0,0.1133,0.0517,fragilidad_sostenida,calculado,alta,baja,inversion_productiva_observada | hobbies_identificados_sin_asumir_que_deban_eliminarse,balance_operativo_negativo | cobertura_esencial_reducida | deuda_creciente | recuperacion_demora_mas_de_20_dias,destino_del_efectivo_fuera_del_banco,"El déficit persiste, la cobertura se reduce y la deuda gana peso durante el periodo. Evaluación entre 2026-04-01 y 2026-06-30; no describe permanentemente a la persona.",historia_controlada_y_metricas_observadas,train,fragilidad_sostenida,si,roadmap_14_mvp_cerrado_v1.1,fincoah_mvp_co_v1.1,4a80f1cd6e94b5f9f93f770daadeef49cb87c514edd1385d2841524ff3d59b85
VEN_0112_1,PERF_0112,dentro_del_mvp,2026-04-30,2026-04-01,2026-04-30,acumulada_30_dias,30,32,0.9688,4663000,371000,0,0,0,14004000,8919000,1747000,988000,1094000,0,1559422,-7410578,16113973,15326293,19038000,-9341000,24.1435,11024000,26,0.1185,-124361.9048,0.0,0.0,0.0737,-0.0489,fragilidad_sostenida,calculado,alta,baja,inversion_productiva_observada | hobbies_identificados_sin_asumir_que_deban_eliminarse,balance_operativo_negativo | cobertura_esencial_reducida | recuperacion_demora_mas_de_20_dias,destino_del_efectivo_fuera_del_banco,"El déficit persiste, la cobertura se reduce y la deuda gana peso durante el periodo. Evaluación entre 2026-04-01 y 2026-04-30; no describe permanentemente a la persona.",historia_controlada_y_metricas_observadas,train,situacion_critica,si,roadmap_14_mvp_cerrado_v1.1,fincoah_mvp_co_v1.1,533312798da52598e32c19d0c166876d857b5f5a0380275392f6cba0ff6804c7
VEN_0112_2,PERF_0112,dentro_del_mvp,2026-05-31,2026-04-01,2026-05-31,acumulada_61_dias,61,63,0.9841,8164000,371000,0,0,0,31689000,20705000,3546000,4144000,2681000,0,1559422,-21594578,16113973,14183653,40224000,-23525000,81.9188,23902000,57,0.0,-65766.6667,0.1423,0.0,0.0435,-0.1198,situacion_critica,calculado,alta,baja,inversion_productiva_observada | hobbies_identificados_sin_asumir_que_deban_eliminarse,balance_operativo_negativo | cobertura_esencial_reducida | recuperacion_demora_mas_de_20_dias,destino_del_efectivo_fuera_del_banco,La liquidez resulta insuficiente frente a necesidades esenciales y la posición negativa persiste. Evaluación entre 2026-04-01 y 2026-05-31; no describe permanentemente a la persona.,historia_controlada_y_metricas_observadas,train,situacion_critica,si,roadmap_14_mvp_cerrado_v1.1,fincoah_mvp_co_v1.1,dd2b66255ef95e4cbaf979af40887416a98eb7e30e3e4d91fd1051a79b14d5ac
VEN_0112_3,PERF_0112,dentro_del_mvp,2026-06-30,2026-04-01,2026-06-30,acumulada_91_dias,91,94,0.9787,11422000,1108000,1712000,240000,0,49374000,31078000,4417000,5523000,4166000,0,1559422,-33332578,16113973,14826453,63856000,-37952000,141.2921,38329000,87,0.0,55555.5556,0.161,0.0,0.198,-0.0799,situacion_critica,calculado,alta,baja,inversion_productiva_observada | hobbies_identificados_sin_asumir_que_deban_eliminarse,balance_operativo_negativo | cobertura_esencial_reducida | recuperacion_demora_mas_de_20_dias,destino_del_efectivo_fuera_del_banco,La liquidez resulta insuficiente frente a necesidades esenciales y la posición negativa persiste. Evaluación entre 2026-04-01 y 2026-06-30; no describe permanentemente a la persona.,historia_controlada_y_metricas_observadas,train,situacion_critica,si,roadmap_14_mvp_cerrado_v1.1,fincoah_mvp_co_v1.1,0020c031a292bf7de8c910a508bc4f97f17a94ac4a3cb1aa5862920a0f3e596e
VEN_0113_1,PERF_0113,dentro_del_mvp,2026-04-30,2026-04-01,2026-04-30,acumulada_30_dias,30,31,0.9677,7317000,0,0,0,0,4735000,3315000,424000,313000,0,0,17245689,19827689,0,0,12052000,2582000,0.0,1063000,0,1.0,205219.0476,0.0,5.9812,0.0,0.0,acumulacion_estable,calculado,alta,baja,balance_operativo_no_negativo | cobertura_esencial_superior_a_un_mes | recuperacion_consistente | inversion_productiva_observada | hobbies_identificados_sin_asumir_que_deban_eliminarse,sin_factor_de_atencion_dominante,ninguna_relevante_para_el_periodo,"El periodo conserva balance favorable, liquidez creciente y cobertura suficiente. Evaluación entre 2026-04-01 y 2026-04-30; no describe permanentemente a la persona.",historia_controlada_y_metricas_observadas,validation,acumulacion_estable,si,roadmap_14_mvp_cerrado_v1.1,fincoah_mvp_co_v1.1,4e76de4a02399cf3746c2bc9b75aacf067902a7e45d9e9771bf411aedfdd6a75
VEN_0113_2,PERF_0113,dentro_del_mvp,2026-05-31,2026-04-01,2026-05-31,acumulada_61_dias,61,62,0.9839,14074000,0,0,260000,0,9470000,6641000,887000,752000,0,0,17245689,22109689,0,0,23804000,4604000,0.0,1578000,4,0.8,-43400.0,0.0398,6.6585,0.0,0.0,acumulacion_estable,calculado,alta,baja,balance_operativo_no_negativo | cobertura_esencial_superior_a_un_mes | recuperacion_consistente | inversion_productiva_observada | hobbies_identificados_sin_asumir_que_deban_eliminarse,sin_factor_de_atencion_dominante,ninguna_relevante_para_el_periodo,"El periodo conserva balance favorable, liquidez creciente y cobertura suficiente. Evaluación entre 2026-04-01 y 2026-05-31; no describe permanentemente a la persona.",historia_controlada_y_metricas_observadas,validation,acumulacion_estable,si,roadmap_14_mvp_cerrado_v1.1,fincoah_mvp_co_v1.1,5a6cb5c1759ce9c071d2fdbacd6696d3991ddc129eb3ac0e6825713b282925ef
VEN_0113_3,PERF_0113,dentro_del_mvp,2026-06-30,2026-04-01,2026-06-30,acumulada_91_dias,91,93,0.9785,21352000,0,0,260000,0,14205000,9702000,1049000,1888000,0,0,17245689,24652689,0,0,35817000,7147000,0.0,2502000,0,1.0,87711.1111,0.0359,7.623,0.0,0.0,acumulacion_estable,calculado,alta,baja,balance_operativo_no_negativo | cobertura_esencial_superior_a_un_mes | recuperacion_consistente | inversion_productiva_observada | hobbies_identificados_sin_asumir_que_deban_eliminarse,sin_factor_de_atencion_dominante,destino_del_efectivo_fuera_del_banco,"El periodo conserva balance favorable, liquidez creciente y cobertura suficiente. Evaluación entre 2026-04-01 y 2026-06-30; no describe permanentemente a la persona.",historia_controlada_y_metricas_observadas,validation,acumulacion_estable,si,roadmap_14_mvp_cerrado_v1.1,fincoah_mvp_co_v1.1,5b58e6c782a25730d3c51a9889ee8ab0eb5e6d46b8192902441bd6befc89cc65
VEN_0114_1,PERF_0114,dentro_del_mvp,2026-04-30,2026-04-01,2026-04-30,acumulada_30_dias,30,32,0.9688,3342000,0,0,70000,0,3350000,1312000,295000,1368000,0,0,2689020,2751020,0,0,6762000,-8000,0.0,1355000,29,0.6812,67742.8571,0.0,2.0968,0.0,0.0,equilibrio_sostenible,calculado,alta,baja,cobertura_esencial_superior_a_un_mes | inversion_productiva_observada | hobbies_identificados_sin_asumir_que_deban_eliminarse,balance_operativo_negativo | recuperacion_demora_mas_de_20_dias,ninguna_relevante_para_el_periodo,El periodo permanece cerca del equilibrio y mantiene cubiertas las obligaciones observadas. Evaluación entre 2026-04-01 y 2026-04-30; no describe permanentemente a la persona.,historia_controlada_y_metricas_observadas,train,equilibrio_sostenible,si,roadmap_14_mvp_cerrado_v1.1,fincoah_mvp_co_v1.1,78ea2505339afb59f5e2d270155fa0de9de5d25521fd6d64eac1adadd555373c
VEN_0114_2,PERF_0114,dentro_del_mvp,2026-05-31,2026-04-01,2026-05-31,acumulada_61_dias,61,63,0.9841,6624000,0,0,70000,0,6700000,3466000,665000,1813000,0,0,2689020,2683020,0,0,13394000,-76000,0.0,1355000,19,0.5,25266.6667,0.0091,1.5482,0.0,0.0,equilibrio_sostenible,calculado,alta,baja,cobertura_esencial_superior_a_un_mes | inversion_productiva_observada | hobbies_identificados_sin_asumir_que_deban_eliminarse,balance_operativo_negativo,ninguna_relevante_para_el_periodo,El periodo permanece cerca del equilibrio y mantiene cubiertas las obligaciones observadas. Evaluación entre 2026-04-01 y 2026-05-31; no describe permanentemente a la persona.,historia_controlada_y_metricas_observadas,train,equilibrio_sostenible,si,roadmap_14_mvp_cerrado_v1.1,fincoah_mvp_co_v1.1,21e1607ee42314c16147ffed61ae60f0508ee324790d418221a0d3abb0dd90d3
VEN_0114_3,PERF_0114,dentro_del_mvp,2026-06-30,2026-04-01,2026-06-30,acumulada_91_dias,91,94,0.9574,10289000,0,0,220000,0,10050000,5568000,974000,2208000,0,0,2689020,3148020,0,0,20559000,239000,0.0,2136000,28,0.8496,-11622.2222,0.049,1.6961,0.0,0.0,equilibrio_sostenible,calculado,alta,baja,balance_operativo_no_negativo | cobertura_esencial_superior_a_un_mes | recuperacion_consistente | inversion_productiva_observada | hobbies_identificados_sin_asumir_que_deban_eliminarse,recuperacion_demora_mas_de_20_dias,destino_del_efectivo_fuera_del_banco,El periodo permanece cerca del equilibrio y mantiene cubiertas las obligaciones observadas. Evaluación entre 2026-04-01 y 2026-06-30; no describe permanentemente a la persona.,historia_controlada_y_metricas_observadas,train,equilibrio_sostenible,si,roadmap_14_mvp_cerrado_v1.1,fincoah_mvp_co_v1.1,d94edbdf3f49540071006e142a52c76209a419e99fa61c525826fefa656cdba5
VEN_0115_1,PERF_0115,dentro_del_mvp,2026-04-30,2026-04-01,2026-04-30,acumulada_30_dias,30,33,1.0000,4217000,0,0,0,0,4243000,2291000,268000,826000,0,0,2655600,2629600,0,0,8460000,-26000,0.0,2026000,2,0.5,267980.9524,0.0,1.1478,0.0,0.0,equilibrio_sostenible,calculado,alta,baja,cobertura_esencial_superior_a_un_mes | inversion_productiva_observada | hobbies_identificados_sin_asumir_que_deban_eliminarse,balance_operativo_negativo,ninguna_relevante_para_el_periodo,El periodo permanece cerca del equilibrio y mantiene cubiertas las obligaciones observadas. Evaluación entre 2026-04-01 y 2026-04-30; no describe permanentemente a la persona.,historia_controlada_y_metricas_observadas,train,variable_resiliente,si,roadmap_14_mvp_cerrado_v1.1,fincoah_mvp_co_v1.1,52a9f5c77c2c38847c0c5a50e42445169cd2f435f552a2dfea220b7acf387ad0
VEN_0115_2,PERF_0115,dentro_del_mvp,2026-05-31,2026-04-01,2026-05-31,acumulada_61_dias,61,66,1.0000,7874000,0,0,30000,0,9926000,4485000,811000,2867000,0,0,2655600,633600,0,0,17830000,-2052000,0.088,3299000,29,0.7627,-62600.0,0.0711,0.2825,0.0,0.0,variable_resiliente,calculado,alta,baja,recuperacion_consistente | inversion_productiva_observada | hobbies_identificados_sin_asumir_que_deban_eliminarse,balance_operativo_negativo | cobertura_esencial_reducida | recuperacion_demora_mas_de_20_dias,ninguna_relevante_para_el_periodo,"Los ingresos fluctúan, pero el periodo muestra recuperación y cobertura sin convertir la variabilidad en riesgo. Evaluación entre 2026-04-01 y 2026-05-31; no describe permanentemente a la persona.",historia_controlada_y_metricas_observadas,train,variable_resiliente,si,roadmap_14_mvp_cerrado_v1.1,fincoah_mvp_co_v1.1,1cf9203c6105c10a88c540ab9b895d760abd5adb68600e0eb55c92d4227f7b30
VEN_0115_3,PERF_0115,dentro_del_mvp,2026-06-30,2026-04-01,2026-06-30,acumulada_91_dias,91,99,1.0000,11559000,0,0,30000,0,15609000,6612000,1672000,4499000,0,0,2655600,-1364400,0,0,27198000,-4050000,3.9358,5252000,59,0.7241,-28888.8889,0.0669,0.0,0.0,0.0,variable_resiliente,calculado,alta,baja,recuperacion_consistente | inversion_productiva_observada | hobbies_identificados_sin_asumir_que_deban_eliminarse,balance_operativo_negativo | cobertura_esencial_reducida | recuperacion_demora_mas_de_20_dias,ninguna_relevante_para_el_periodo,"Los ingresos fluctúan, pero el periodo muestra recuperación y cobertura sin convertir la variabilidad en riesgo. Evaluación entre 2026-04-01 y 2026-06-30; no describe permanentemente a la persona.",historia_controlada_y_metricas_observadas,train,variable_resiliente,si,roadmap_14_mvp_cerrado_v1.1,fincoah_mvp_co_v1.1,1708912fd02bcda9850d7ad5b42839ab63e2112ee933ce2a908a40dfd5f219ea
VEN_0116_1,PERF_0116,dentro_del_mvp,2026-04-30,2026-04-01,2026-04-30,acumulada_30_dias,30,32,0.9688,5043000,0,429000,0,0,3184000,2005000,119000,651000,293000,0,13157027,15445027,3430566,3648606,8656000,1859000,0.0,850000,3,0.8,-96866.6667,0.0,7.7033,0.0784,0.0636,acumulacion_estable,calculado,alta,baja,balance_operativo_no_negativo | cobertura_esencial_superior_a_un_mes | recuperacion_consistente | inversion_productiva_observada | hobbies_identificados_sin_asumir_que_deban_eliminarse,deuda_creciente,destino_del_efectivo_fuera_del_banco,"El periodo conserva balance favorable, liquidez creciente y cobertura suficiente. Evaluación entre 2026-04-01 y 2026-04-30; no describe permanentemente a la persona.",historia_controlada_y_metricas_observadas,train,uso_planificado_reserva,si,roadmap_14_mvp_cerrado_v1.1,fincoah_mvp_co_v1.1,441d96ebe3d68c504aad2877c82c0f795fd3e5fc4c7eaf0cd3e046a7a5a37c83
VEN_0116_2,PERF_0116,dentro_del_mvp,2026-05-31,2026-04-01,2026-05-31,acumulada_61_dias,61,64,0.9844,8532000,0,429000,0,0,11559000,7831000,660000,1744000,662000,0,13157027,10559027,3430566,3382926,20520000,-3027000,0.0,5997000,34,0.8229,-128300.0,0.1821,2.6967,0.0479,-0.0139,uso_planificado_reserva,calculado,alta,baja,cobertura_esencial_superior_a_un_mes | recuperacion_consistente | inversion_productiva_observada | hobbies_identificados_sin_asumir_que_deban_eliminarse,balance_operativo_negativo | recuperacion_demora_mas_de_20_dias,destino_del_efectivo_fuera_del_banco,El balance negativo se explica por una salida alineada con una meta y existe reserva para absorberla. Evaluación entre 2026-04-01 y 2026-05-31; no describe permanentemente a la persona.,historia_controlada_y_metricas_observadas,train,uso_planificado_reserva,si,roadmap_14_mvp_cerrado_v1.1,fincoah_mvp_co_v1.1,b1a38dc696953bb974804e6b2331e18a121e7a7bc09b5730f447613320c1fff9
VEN_0116_3,PERF_0116,dentro_del_mvp,2026-06-30,2026-04-01,2026-06-30,acumulada_91_dias,91,96,0.9792,11689000,0,1418000,0,0,19934000,13403000,1463000,2753000,1268000,0,13157027,6330027,3430566,3935606,33041000,-8245000,0.0,11086000,64,0.8101,-115488.8889,0.211,1.4169,0.1082,0.1472,uso_planificado_reserva,calculado,alta,baja,cobertura_esencial_superior_a_un_mes | recuperacion_consistente | inversion_productiva_observada | hobbies_identificados_sin_asumir_que_deban_eliminarse,balance_operativo_negativo | deuda_creciente | recuperacion_demora_mas_de_20_dias,destino_del_efectivo_fuera_del_banco,El balance negativo se explica por una salida alineada con una meta y existe reserva para absorberla. Evaluación entre 2026-04-01 y 2026-06-30; no describe permanentemente a la persona.,historia_controlada_y_metricas_observadas,train,uso_planificado_reserva,si,roadmap_14_mvp_cerrado_v1.1,fincoah_mvp_co_v1.1,521b557c58f43d160700d5ed5e4c89faa85e2b349393344f887d2285cae6aff5
VEN_0117_1,PERF_0117,dentro_del_mvp,2026-04-30,2026-04-01,2026-04-30,acumulada_30_dias,30,34,0.9706,7712000,0,0,0,0,7709000,4762000,768000,1238000,0,0,6044612,6047612,0,0,15421000,3000,0.0,1843000,12,0.7304,101438.0952,0.0,1.27,0.0,0.0,equilibrio_sostenible,calculado,alta,baja,balance_operativo_no_negativo | cobertura_esencial_superior_a_un_mes | recuperacion_consistente | inversion_productiva_observada | hobbies_identificados_sin_asumir_que_deban_eliminarse,sin_factor_de_atencion_dominante,destino_del_efectivo_fuera_del_banco,El periodo permanece cerca del equilibrio y mantiene cubiertas las obligaciones observadas. Evaluación entre 2026-04-01 y 2026-04-30; no describe permanentemente a la persona.,historia_controlada_y_metricas_observadas,train,deterioro_reciente,si,roadmap_14_mvp_cerrado_v1.1,fincoah_mvp_co_v1.1,8b7b933cba0a326ff213f3e05cfbe4a94641881628f0c4f965746e3c2f9cc300
VEN_0117_2,PERF_0117,dentro_del_mvp,2026-05-31,2026-04-01,2026-05-31,acumulada_61_dias,61,67,0.9851,15327000,0,1024000,0,0,15418000,10130000,1190000,2104000,0,0,6044612,6977612,0,1024000,31769000,-91000,0.0,2172000,43,0.8636,-3233.3333,0.0063,1.3776,0.0626,0.0668,equilibrio_sostenible,calculado,alta,baja,cobertura_esencial_superior_a_un_mes | recuperacion_consistente | inversion_productiva_observada | hobbies_identificados_sin_asumir_que_deban_eliminarse,balance_operativo_negativo | deuda_creciente | recuperacion_demora_mas_de_20_dias,destino_del_efectivo_fuera_del_banco,El periodo permanece cerca del equilibrio y mantiene cubiertas las obligaciones observadas. Evaluación entre 2026-04-01 y 2026-05-31; no describe permanentemente a la persona.,historia_controlada_y_metricas_observadas,train,deterioro_reciente,si,roadmap_14_mvp_cerrado_v1.1,fincoah_mvp_co_v1.1,e6607c531d1c071d895eecf293632bbd8bb388742792486a97a03804a80e8b52
VEN_0117_3,PERF_0117,dentro_del_mvp,2026-06-30,2026-04-01,2026-06-30,acumulada_91_dias,91,100,0.9800,22015000,0,1024000,0,0,26615000,16418000,2344000,3978000,0,0,6044612,2468612,0,1024000,49654000,-4600000,0.0,6065000,73,0.7033,-89288.8889,0.0629,0.4511,0.0444,0.0465,deterioro_reciente,calculado,alta,baja,recuperacion_consistente | inversion_productiva_observada | hobbies_identificados_sin_asumir_que_deban_eliminarse,balance_operativo_negativo | cobertura_esencial_reducida | recuperacion_demora_mas_de_20_dias,destino_del_efectivo_fuera_del_banco,El cierre reciente empeora frente al inicio del periodo y la recuperación es parcial. Evaluación entre 2026-04-01 y 2026-06-30; no describe permanentemente a la persona.,historia_controlada_y_metricas_observadas,train,deterioro_reciente,si,roadmap_14_mvp_cerrado_v1.1,fincoah_mvp_co_v1.1,02c0038f16ed078e2418328bcdbacea0735540eb01071d83da0f92d70dc5e989
VEN_0118_1,PERF_0118,dentro_del_mvp,2026-04-30,2026-04-01,2026-04-30,acumulada_30_dias,30,30,0.9333,5560000,0,0,0,315000,9844000,7157000,0,1220000,0,0,1880140,-2088860,24662556,24662556,15719000,-4284000,14.8092,6741000,28,0.3645,468300.0,0.0,0.0,0.0,0.0,deterioro_reciente,calculado,media,media,inversion_productiva_observada,balance_operativo_negativo | cobertura_esencial_reducida | recuperacion_demora_mas_de_20_dias,destino_del_efectivo_fuera_del_banco,El cierre reciente empeora frente al inicio del periodo y la recuperación es parcial. Evaluación entre 2026-04-01 y 2026-04-30; no describe permanentemente a la persona.,historia_controlada_y_metricas_observadas,train,fragilidad_sostenida,si,roadmap_14_mvp_cerrado_v1.1,fincoah_mvp_co_v1.1,c3805621aa6a614bf54888a5fda5993131160098de4d3d8ff866e7df575b4d44
VEN_0118_2,PERF_0118,dentro_del_mvp,2026-05-31,2026-04-01,2026-05-31,acumulada_61_dias,61,60,0.9500,9827000,0,838000,0,315000,22408000,14565000,749000,3519000,633000,0,1880140,-9547860,24662556,25044796,33388000,-12581000,37.0172,14852000,59,0.1529,-97966.6667,0.1316,0.0,0.0786,0.0155,fragilidad_sostenida,calculado,alta,baja,inversion_productiva_observada | hobbies_identificados_sin_asumir_que_deban_eliminarse,balance_operativo_negativo | cobertura_esencial_reducida | recuperacion_demora_mas_de_20_dias,destino_del_efectivo_fuera_del_banco,"El déficit persiste, la cobertura se reduce y la deuda gana peso durante el periodo. Evaluación entre 2026-04-01 y 2026-05-31; no describe permanentemente a la persona.",historia_controlada_y_metricas_observadas,train,fragilidad_sostenida,si,roadmap_14_mvp_cerrado_v1.1,fincoah_mvp_co_v1.1,87eb20e9e8bb89210a36f6f66acee1925a14ca5108eca472c62ff6fb99bee9d9
VEN_0118_3,PERF_0118,dentro_del_mvp,2026-06-30,2026-04-01,2026-06-30,acumulada_91_dias,91,90,0.9556,14362000,0,838000,180000,666000,34972000,23580000,1198000,3519000,633000,0,1880140,-17045860,24662556,25044796,51018000,-20610000,63.2986,23892000,89,0.1374,78577.7778,0.1164,0.0,0.0551,0.0155,fragilidad_sostenida,calculado,alta,baja,inversion_productiva_observada | hobbies_identificados_sin_asumir_que_deban_eliminarse,balance_operativo_negativo | cobertura_esencial_reducida | recuperacion_demora_mas_de_20_dias,destino_del_efectivo_fuera_del_banco,"El déficit persiste, la cobertura se reduce y la deuda gana peso durante el periodo. Evaluación entre 2026-04-01 y 2026-06-30; no describe permanentemente a la persona.",historia_controlada_y_metricas_observadas,train,fragilidad_sostenida,si,roadmap_14_mvp_cerrado_v1.1,fincoah_mvp_co_v1.1,d080ceda13dff41a560262f02c3eaa755b2ba3229bc1fc85ddcee90323787641
VEN_0119_1,PERF_0119,dentro_del_mvp,2026-04-30,2026-04-01,2026-04-30,acumulada_30_dias,30,33,0.9697,2898000,0,0,160000,0,8550000,5388000,758000,1568000,957000,0,1588184,-3903816,10577351,9888311,11608000,-5652000,11.1837,7372000,29,0.0144,-26414.2857,0.0,0.0,0.0,-0.0651,fragilidad_sostenida,calculado,alta,baja,inversion_productiva_observada | hobbies_identificados_sin_asumir_que_deban_eliminarse,balance_operativo_negativo | cobertura_esencial_reducida | recuperacion_demora_mas_de_20_dias,destino_del_efectivo_fuera_del_banco,"El déficit persiste, la cobertura se reduce y la deuda gana peso durante el periodo. Evaluación entre 2026-04-01 y 2026-04-30; no describe permanentemente a la persona.",historia_controlada_y_metricas_observadas,train,situacion_critica,si,roadmap_14_mvp_cerrado_v1.1,fincoah_mvp_co_v1.1,658dda7053e77a72d58fc1839704d10065c8e7d78798a10a804911a262aee5c4
VEN_0119_2,PERF_0119,dentro_del_mvp,2026-05-31,2026-04-01,2026-05-31,acumulada_61_dias,61,66,0.9848,5040000,0,1045000,210000,438000,19347000,11445000,2054000,3383000,1652000,0,1588184,-11025816,10577351,10432911,26080000,-14307000,62.3712,15921000,60,0.0,-20500.0,0.15,0.0,0.1717,-0.0137,situacion_critica,calculado,alta,baja,inversion_productiva_observada | hobbies_identificados_sin_asumir_que_deban_eliminarse,balance_operativo_negativo | cobertura_esencial_reducida | recuperacion_demora_mas_de_20_dias,destino_del_efectivo_fuera_del_banco,La liquidez resulta insuficiente frente a necesidades esenciales y la posición negativa persiste. Evaluación entre 2026-04-01 y 2026-05-31; no describe permanentemente a la persona.,historia_controlada_y_metricas_observadas,train,situacion_critica,si,roadmap_14_mvp_cerrado_v1.1,fincoah_mvp_co_v1.1,6bd58895fdffee84917dc04663b3707ed3ebb496c856582955797da2a0e2c6ae
VEN_0119_3,PERF_0119,dentro_del_mvp,2026-06-30,2026-04-01,2026-06-30,acumulada_91_dias,91,99,0.9798,7177000,0,1045000,210000,438000,30144000,19363000,2909000,5054000,2071000,0,1588184,-19685816,10577351,10131231,39014000,-22967000,118.0983,24581000,90,0.0,36866.6667,0.1495,0.0,0.1271,-0.0422,situacion_critica,calculado,alta,baja,inversion_productiva_observada | hobbies_identificados_sin_asumir_que_deban_eliminarse,balance_operativo_negativo | cobertura_esencial_reducida | recuperacion_demora_mas_de_20_dias,destino_del_efectivo_fuera_del_banco,La liquidez resulta insuficiente frente a necesidades esenciales y la posición negativa persiste. Evaluación entre 2026-04-01 y 2026-06-30; no describe permanentemente a la persona.,historia_controlada_y_metricas_observadas,train,situacion_critica,si,roadmap_14_mvp_cerrado_v1.1,fincoah_mvp_co_v1.1,441258f3a4efe6f7ad676e54087d8ff3d66e6b46d1f5f3d84921ea1cb869c87b
VEN_0120_1,PERF_0120,dentro_del_mvp,2026-04-30,2026-04-01,2026-04-30,acumulada_30_dias,30,33,1.0000,6911000,0,0,50000,126000,4043000,2477000,279000,940000,420000,0,14573466,17617466,11989558,11687158,11130000,2868000,0.0,2323000,28,0.4912,-210533.3333,0.0,7.1124,0.0,-0.0252,acumulacion_estable,calculado,alta,baja,balance_operativo_no_negativo | cobertura_esencial_superior_a_un_mes | inversion_productiva_observada | hobbies_identificados_sin_asumir_que_deban_eliminarse,recuperacion_demora_mas_de_20_dias,ninguna_relevante_para_el_periodo,"El periodo conserva balance favorable, liquidez creciente y cobertura suficiente. Evaluación entre 2026-04-01 y 2026-04-30; no describe permanentemente a la persona.",historia_controlada_y_metricas_observadas,train,acumulacion_estable,si,roadmap_14_mvp_cerrado_v1.1,fincoah_mvp_co_v1.1,10fae173ee9a6260128bd72ad3e4e5dd023277576a0c4cc317fdb582482ba429
VEN_0120_2,PERF_0120,dentro_del_mvp,2026-05-31,2026-04-01,2026-05-31,acumulada_61_dias,61,66,1.0000,13340000,0,0,50000,126000,8086000,4617000,957000,1405000,420000,0,14573466,20003466,11989558,11687158,21602000,5254000,0.0,2323000,5,0.5,33000.0,0.0361,8.6651,0.0,-0.0252,acumulacion_estable,calculado,alta,baja,balance_operativo_no_negativo | cobertura_esencial_superior_a_un_mes | inversion_productiva_observada | hobbies_identificados_sin_asumir_que_deban_eliminarse,sin_factor_de_atencion_dominante,ninguna_relevante_para_el_periodo,"El periodo conserva balance favorable, liquidez creciente y cobertura suficiente. Evaluación entre 2026-04-01 y 2026-05-31; no describe permanentemente a la persona.",historia_controlada_y_metricas_observadas,train,acumulacion_estable,si,roadmap_14_mvp_cerrado_v1.1,fincoah_mvp_co_v1.1,57c5088d250dfa6b008ae5b3ae3e81d7caad77675a8b7796c755fa29705d2ad9
VEN_0120_3,PERF_0120,dentro_del_mvp,2026-06-30,2026-04-01,2026-06-30,acumulada_91_dias,91,98,0.9796,20216000,0,0,150000,126000,12129000,7294000,957000,1405000,799000,0,14573466,22936466,11989558,11414278,32621000,8087000,0.0,2323000,9,0.8,70644.4444,0.0326,9.4337,0.0,-0.048,acumulacion_estable,calculado,alta,baja,balance_operativo_no_negativo | cobertura_esencial_superior_a_un_mes | recuperacion_consistente | inversion_productiva_observada | hobbies_identificados_sin_asumir_que_deban_eliminarse,sin_factor_de_atencion_dominante,destino_del_efectivo_fuera_del_banco,"El periodo conserva balance favorable, liquidez creciente y cobertura suficiente. Evaluación entre 2026-04-01 y 2026-06-30; no describe permanentemente a la persona.",historia_controlada_y_metricas_observadas,train,acumulacion_estable,si,roadmap_14_mvp_cerrado_v1.1,fincoah_mvp_co_v1.1,32ae8e233ef6c3c2bacfae354082bc90e384df477a9ed7cfdc41eddf7e5ae322
VEN_0121_1,PERF_0121,dentro_del_mvp,2026-04-30,2026-04-01,2026-04-30,acumulada_30_dias,30,30,0.9667,6897000,0,0,0,0,6398000,4245000,312000,569000,374000,0,3755265,4254265,4494403,4225123,13295000,499000,0.004,3664000,4,0.6667,321990.4762,0.0,1.0022,0.0,-0.0599,equilibrio_sostenible,calculado,alta,baja,balance_operativo_no_negativo | cobertura_esencial_superior_a_un_mes | inversion_productiva_observada | hobbies_identificados_sin_asumir_que_deban_eliminarse,sin_factor_de_atencion_dominante,ninguna_relevante_para_el_periodo,El periodo permanece cerca del equilibrio y mantiene cubiertas las obligaciones observadas. Evaluación entre 2026-04-01 y 2026-04-30; no describe permanentemente a la persona.,historia_controlada_y_metricas_observadas,train,equilibrio_sostenible,si,roadmap_14_mvp_cerrado_v1.1,fincoah_mvp_co_v1.1,f9b0c19f79fdf49fcaa82c9a94c04635b53b0e398b975854970c4f035e2889a1
VEN_0121_2,PERF_0121,dentro_del_mvp,2026-05-31,2026-04-01,2026-05-31,acumulada_61_dias,61,60,0.9500,14438000,0,0,0,0,12796000,8008000,783000,1340000,674000,0,3755265,5397265,4494403,4009123,27234000,1642000,0.0019,3664000,4,0.8,103300.0,0.0446,1.348,0.0,-0.108,equilibrio_sostenible,calculado,alta,baja,balance_operativo_no_negativo | cobertura_esencial_superior_a_un_mes | recuperacion_consistente | inversion_productiva_observada | hobbies_identificados_sin_asumir_que_deban_eliminarse,sin_factor_de_atencion_dominante,destino_del_efectivo_fuera_del_banco,El periodo permanece cerca del equilibrio y mantiene cubiertas las obligaciones observadas. Evaluación entre 2026-04-01 y 2026-05-31; no describe permanentemente a la persona.,historia_controlada_y_metricas_observadas,train,equilibrio_sostenible,si,roadmap_14_mvp_cerrado_v1.1,fincoah_mvp_co_v1.1,6b110b8683c6928c328c0b7eafbd999b7d94045e8d85001a1f537c44b53bb6da
VEN_0121_3,PERF_0121,dentro_del_mvp,2026-06-30,2026-04-01,2026-06-30,acumulada_91_dias,91,90,0.9556,20812000,0,0,0,0,19194000,12183000,1040000,2016000,1265000,0,3755265,5373265,4494403,3583603,40006000,1618000,0.0013,4208000,34,0.9513,16466.6667,0.0688,1.3231,0.0,-0.2027,equilibrio_sostenible,calculado,alta,baja,balance_operativo_no_negativo | cobertura_esencial_superior_a_un_mes | recuperacion_consistente | inversion_productiva_observada | hobbies_identificados_sin_asumir_que_deban_eliminarse,recuperacion_demora_mas_de_20_dias,destino_del_efectivo_fuera_del_banco,El periodo permanece cerca del equilibrio y mantiene cubiertas las obligaciones observadas. Evaluación entre 2026-04-01 y 2026-06-30; no describe permanentemente a la persona.,historia_controlada_y_metricas_observadas,train,equilibrio_sostenible,si,roadmap_14_mvp_cerrado_v1.1,fincoah_mvp_co_v1.1,02c36a8e91f5fbf15ac4d3f6e607e2467ea03dfdc17f377145a29d6ddabfa5a6
VEN_0122_1,PERF_0122,dentro_del_mvp,2026-04-30,2026-04-01,2026-04-30,acumulada_30_dias,30,32,1.0000,7533000,0,0,0,0,6806000,4330000,826000,806000,0,0,7872510,8599510,8088398,8088398,14339000,727000,0.0,2146000,28,0.8551,244861.9048,0.0,1.986,0.0,0.0,equilibrio_sostenible,calculado,alta,baja,balance_operativo_no_negativo | cobertura_esencial_superior_a_un_mes | recuperacion_consistente | inversion_productiva_observada | hobbies_identificados_sin_asumir_que_deban_eliminarse,recuperacion_demora_mas_de_20_dias,ninguna_relevante_para_el_periodo,El periodo permanece cerca del equilibrio y mantiene cubiertas las obligaciones observadas. Evaluación entre 2026-04-01 y 2026-04-30; no describe permanentemente a la persona.,historia_controlada_y_metricas_observadas,train,variable_resiliente,si,roadmap_14_mvp_cerrado_v1.1,fincoah_mvp_co_v1.1,f1115ff570472e68efffb0d6d215597b0fcc41448fb7728ea92e62f7ae0c67f5
VEN_0122_2,PERF_0122,dentro_del_mvp,2026-05-31,2026-04-01,2026-05-31,acumulada_61_dias,61,64,1.0000,13051000,0,0,0,0,15923000,9910000,1687000,1662000,0,0,7872510,5000510,8088398,8088398,28974000,-2872000,0.0,4108000,59,0.0482,5733.3333,0.1544,1.0092,0.0,0.0,variable_resiliente,calculado,alta,baja,cobertura_esencial_superior_a_un_mes | inversion_productiva_observada | hobbies_identificados_sin_asumir_que_deban_eliminarse,balance_operativo_negativo | recuperacion_demora_mas_de_20_dias,ninguna_relevante_para_el_periodo,"Los ingresos fluctúan, pero el periodo muestra recuperación y cobertura sin convertir la variabilidad en riesgo. Evaluación entre 2026-04-01 y 2026-05-31; no describe permanentemente a la persona.",historia_controlada_y_metricas_observadas,train,variable_resiliente,si,roadmap_14_mvp_cerrado_v1.1,fincoah_mvp_co_v1.1,59cfa7a105ee05a27ec966bf38361e0f447b2d18ff11adaff18c2f4a933aed2d
VEN_0122_3,PERF_0122,dentro_del_mvp,2026-06-30,2026-04-01,2026-06-30,acumulada_91_dias,91,95,0.9789,23828000,0,0,0,0,20679000,12107000,2065000,2742000,0,0,7872510,11021510,8088398,8088398,44507000,3149000,0.0,5681000,2,0.6667,207088.8889,0.2728,2.731,0.0,0.0,variable_resiliente,calculado,alta,baja,balance_operativo_no_negativo | cobertura_esencial_superior_a_un_mes | inversion_productiva_observada | hobbies_identificados_sin_asumir_que_deban_eliminarse,sin_factor_de_atencion_dominante,destino_del_efectivo_fuera_del_banco,"Los ingresos fluctúan, pero el periodo muestra recuperación y cobertura sin convertir la variabilidad en riesgo. Evaluación entre 2026-04-01 y 2026-06-30; no describe permanentemente a la persona.",historia_controlada_y_metricas_observadas,train,variable_resiliente,si,roadmap_14_mvp_cerrado_v1.1,fincoah_mvp_co_v1.1,6b6497e92a1e3157f8102a19144b2c247ed525ab2e0677edacadf713a30ac64e
VEN_0123_1,PERF_0123,dentro_del_mvp,2026-04-30,2026-04-01,2026-04-30,acumulada_30_dias,30,30,0.9333,3963000,0,0,0,0,2918000,1537000,616000,324000,0,0,13398357,14443357,0,0,6881000,1045000,0.0,1037000,0,1.0,131957.1429,0.0,9.3971,0.0,0.0,acumulacion_estable,calculado,media,media,balance_operativo_no_negativo | cobertura_esencial_superior_a_un_mes | recuperacion_consistente | inversion_productiva_observada | hobbies_identificados_sin_asumir_que_deban_eliminarse,sin_factor_de_atencion_dominante,destino_del_efectivo_fuera_del_banco,"El periodo conserva balance favorable, liquidez creciente y cobertura suficiente. Evaluación entre 2026-04-01 y 2026-04-30; no describe permanentemente a la persona.",historia_controlada_y_metricas_observadas,train,uso_planificado_reserva,si,roadmap_14_mvp_cerrado_v1.1,fincoah_mvp_co_v1.1,c09db55c5c46222cbef10ae923bbf153f4beb9fff7704194f1711892088ec113
VEN_0123_2,PERF_0123,dentro_del_mvp,2026-05-31,2026-04-01,2026-05-31,acumulada_61_dias,61,60,0.9667,7007000,0,0,110000,0,10593000,6807000,616000,1446000,0,0,13398357,9922357,0,0,17710000,-3586000,0.0,4631000,31,0.8,-42566.6667,0.1312,2.9153,0.0,0.0,uso_planificado_reserva,calculado,alta,baja,cobertura_esencial_superior_a_un_mes | recuperacion_consistente | inversion_productiva_observada | hobbies_identificados_sin_asumir_que_deban_eliminarse,balance_operativo_negativo | recuperacion_demora_mas_de_20_dias,destino_del_efectivo_fuera_del_banco,El balance negativo se explica por una salida alineada con una meta y existe reserva para absorberla. Evaluación entre 2026-04-01 y 2026-05-31; no describe permanentemente a la persona.,historia_controlada_y_metricas_observadas,train,uso_planificado_reserva,si,roadmap_14_mvp_cerrado_v1.1,fincoah_mvp_co_v1.1,c616ee084b64c10397c29fb90c8d38c55e3a2e6feeb39d5daf4138c0a2be29e8
VEN_0123_3,PERF_0123,dentro_del_mvp,2026-06-30,2026-04-01,2026-06-30,acumulada_91_dias,91,90,0.9667,9465000,0,0,110000,0,18268000,11797000,1219000,1446000,0,0,13398357,4705357,0,0,27843000,-8803000,0.0,9963000,61,0.8023,-120800.0,0.1963,1.1966,0.0,0.0,uso_planificado_reserva,calculado,alta,baja,cobertura_esencial_superior_a_un_mes | recuperacion_consistente | inversion_productiva_observada | hobbies_identificados_sin_asumir_que_deban_eliminarse,balance_operativo_negativo | recuperacion_demora_mas_de_20_dias,destino_del_efectivo_fuera_del_banco,El balance negativo se explica por una salida alineada con una meta y existe reserva para absorberla. Evaluación entre 2026-04-01 y 2026-06-30; no describe permanentemente a la persona.,historia_controlada_y_metricas_observadas,train,uso_planificado_reserva,si,roadmap_14_mvp_cerrado_v1.1,fincoah_mvp_co_v1.1,4d103aed88cadfa760b361f931cc3c3058368215393dc2c547e8f1fa89372415
VEN_0124_1,PERF_0124,dentro_del_mvp,2026-04-30,2026-04-01,2026-04-30,acumulada_30_dias,30,32,0.9375,7372000,0,0,0,0,6641000,4092000,812000,227000,0,0,6534973,7265973,3409543,3409543,14013000,731000,0.0,3631000,20,0.9711,114909.5238,0.0,1.7757,0.0,0.0,equilibrio_sostenible,calculado,media,media,balance_operativo_no_negativo | cobertura_esencial_superior_a_un_mes | recuperacion_consistente | inversion_productiva_observada | hobbies_identificados_sin_asumir_que_deban_eliminarse,sin_factor_de_atencion_dominante,destino_del_efectivo_fuera_del_banco,El periodo permanece cerca del equilibrio y mantiene cubiertas las obligaciones observadas. Evaluación entre 2026-04-01 y 2026-04-30; no describe permanentemente a la persona.,historia_controlada_y_metricas_observadas,train,deterioro_reciente,si,roadmap_14_mvp_cerrado_v1.1,fincoah_mvp_co_v1.1,59509ecd5bd0770224e29bef81ac57df85131be65edf9b2d6fd9370eeea660f8
VEN_0124_2,PERF_0124,dentro_del_mvp,2026-05-31,2026-04-01,2026-05-31,acumulada_61_dias,61,64,0.9531,14716000,0,0,0,0,13282000,8695000,1246000,1107000,897000,0,6534973,7968973,3409543,2763703,27998000,1434000,0.0,3631000,12,0.8,27133.3333,0.0019,1.833,0.0,-0.1894,equilibrio_sostenible,calculado,alta,baja,balance_operativo_no_negativo | cobertura_esencial_superior_a_un_mes | recuperacion_consistente | inversion_productiva_observada | hobbies_identificados_sin_asumir_que_deban_eliminarse,sin_factor_de_atencion_dominante,destino_del_efectivo_fuera_del_banco,El periodo permanece cerca del equilibrio y mantiene cubiertas las obligaciones observadas. Evaluación entre 2026-04-01 y 2026-05-31; no describe permanentemente a la persona.,historia_controlada_y_metricas_observadas,train,deterioro_reciente,si,roadmap_14_mvp_cerrado_v1.1,fincoah_mvp_co_v1.1,d869fa6dc4f34965b73b9d21f6ae162186614f19f7217062fe999fbae579a939
VEN_0124_3,PERF_0124,dentro_del_mvp,2026-06-30,2026-04-01,2026-06-30,acumulada_91_dias,91,95,0.9368,20413000,0,0,70000,0,22928000,15044000,1871000,1955000,1476000,0,6534973,4089973,3409543,2346823,43411000,-2515000,0.0,6501000,42,0.8224,-140733.3333,0.1151,0.8156,0.0,-0.3117,deterioro_reciente,calculado,media,media,recuperacion_consistente | inversion_productiva_observada | hobbies_identificados_sin_asumir_que_deban_eliminarse,balance_operativo_negativo | cobertura_esencial_reducida | recuperacion_demora_mas_de_20_dias,destino_del_efectivo_fuera_del_banco,El cierre reciente empeora frente al inicio del periodo y la recuperación es parcial. Evaluación entre 2026-04-01 y 2026-06-30; no describe permanentemente a la persona.,historia_controlada_y_metricas_observadas,train,deterioro_reciente,si,roadmap_14_mvp_cerrado_v1.1,fincoah_mvp_co_v1.1,5b09137aad6854161899c650070a161fecdc91c039792202f30f27c4fc9cd054
VEN_0125_1,PERF_0125,dentro_del_mvp,2026-04-30,2026-04-01,2026-04-30,acumulada_30_dias,30,30,0.9667,4839000,0,0,0,0,8264000,5241000,731000,1239000,0,0,412310,-3012690,23497287,23497287,13103000,-3425000,14.0804,4755000,24,0.5781,262857.1429,0.0,0.0,0.0,0.0,deterioro_reciente,calculado,alta,baja,inversion_productiva_observada | hobbies_identificados_sin_asumir_que_deban_eliminarse,balance_operativo_negativo | cobertura_esencial_reducida | recuperacion_demora_mas_de_20_dias,destino_del_efectivo_fuera_del_banco,El cierre reciente empeora frente al inicio del periodo y la recuperación es parcial. Evaluación entre 2026-04-01 y 2026-04-30; no describe permanentemente a la persona.,historia_controlada_y_metricas_observadas,train,fragilidad_sostenida,si,roadmap_14_mvp_cerrado_v1.1,fincoah_mvp_co_v1.1,1569544d73d1de9ab024eefaa29da2d486f4ea9d6b6df7df60f4192eed0440b6
VEN_0125_2,PERF_0125,dentro_del_mvp,2026-05-31,2026-04-01,2026-05-31,acumulada_61_dias,61,60,0.9667,8001000,0,703000,0,0,18812000,12194000,1974000,2847000,0,0,412310,-9695690,23497287,24200287,27516000,-10811000,37.1888,11398000,55,0.5,-149900.0,0.2096,0.0,0.0808,0.0299,fragilidad_sostenida,calculado,alta,baja,inversion_productiva_observada | hobbies_identificados_sin_asumir_que_deban_eliminarse,balance_operativo_negativo | cobertura_esencial_reducida | recuperacion_demora_mas_de_20_dias,destino_del_efectivo_fuera_del_banco,"El déficit persiste, la cobertura se reduce y la deuda gana peso durante el periodo. Evaluación entre 2026-04-01 y 2026-05-31; no describe permanentemente a la persona.",historia_controlada_y_metricas_observadas,train,fragilidad_sostenida,si,roadmap_14_mvp_cerrado_v1.1,fincoah_mvp_co_v1.1,2df300f30d7344ac71ff358add4c7daa527e05108bbd6a9d1d2838bae70fe277
VEN_0125_3,PERF_0125,dentro_del_mvp,2026-06-30,2026-04-01,2026-06-30,acumulada_91_dias,91,90,0.9778,11473000,0,1406000,0,0,29360000,18027000,2566000,5786000,910000,0,412310,-16068690,23497287,24248087,42239000,-17887000,64.784,18474000,85,0.5,-45533.3333,0.1905,0.0,0.1092,0.032,fragilidad_sostenida,calculado,alta,baja,inversion_productiva_observada | hobbies_identificados_sin_asumir_que_deban_eliminarse,balance_operativo_negativo | cobertura_esencial_reducida | recuperacion_demora_mas_de_20_dias,destino_del_efectivo_fuera_del_banco,"El déficit persiste, la cobertura se reduce y la deuda gana peso durante el periodo. Evaluación entre 2026-04-01 y 2026-06-30; no describe permanentemente a la persona.",historia_controlada_y_metricas_observadas,train,fragilidad_sostenida,si,roadmap_14_mvp_cerrado_v1.1,fincoah_mvp_co_v1.1,069954746a0641bbddd7aafbb19d61dcbccf5f220b1ec99aebca02c2dc582eef
VEN_0126_1,PERF_0126,dentro_del_mvp,2026-04-30,2026-04-01,2026-04-30,acumulada_30_dias,30,32,0.9375,4110000,0,686000,0,0,10296000,6147000,478000,2501000,0,0,612968,-4887032,22401436,23087436,15092000,-6186000,29.2292,7944000,26,0.1536,422342.8571,0.0,0.0,0.143,0.0306,fragilidad_sostenida,calculado,media,media,inversion_productiva_observada | hobbies_identificados_sin_asumir_que_deban_eliminarse,balance_operativo_negativo | cobertura_esencial_reducida | recuperacion_demora_mas_de_20_dias,destino_del_efectivo_fuera_del_banco,"El déficit persiste, la cobertura se reduce y la deuda gana peso durante el periodo. Evaluación entre 2026-04-01 y 2026-04-30; no describe permanentemente a la persona.",historia_controlada_y_metricas_observadas,train,situacion_critica,si,roadmap_14_mvp_cerrado_v1.1,fincoah_mvp_co_v1.1,8e1c4df9e5cd8eef9e14e098423bcf33bc3966ae503848865ddcfe515985ce3a
VEN_0126_2,PERF_0126,dentro_del_mvp,2026-05-31,2026-04-01,2026-05-31,acumulada_61_dias,61,63,0.9683,6690000,0,1944000,240000,0,23298000,15510000,1707000,4237000,650000,0,612968,-13811032,22401436,23877436,32172000,-16608000,71.465,17146000,57,0.0,-1066.6667,0.2287,0.0,0.2252,0.0659,situacion_critica,calculado,alta,baja,inversion_productiva_observada | hobbies_identificados_sin_asumir_que_deban_eliminarse,balance_operativo_negativo | cobertura_esencial_reducida | deuda_creciente | recuperacion_demora_mas_de_20_dias,destino_del_efectivo_fuera_del_banco,La liquidez resulta insuficiente frente a necesidades esenciales y la posición negativa persiste. Evaluación entre 2026-04-01 y 2026-05-31; no describe permanentemente a la persona.,historia_controlada_y_metricas_observadas,train,situacion_critica,si,roadmap_14_mvp_cerrado_v1.1,fincoah_mvp_co_v1.1,ae05da5b624067d5b0570c36d0d1421ab87af0d62c3f5a7be46d9d48a54baa7b
VEN_0126_3,PERF_0126,dentro_del_mvp,2026-06-30,2026-04-01,2026-06-30,acumulada_91_dias,91,94,0.9787,9246000,0,3202000,240000,0,36300000,26177000,2276000,4237000,1221000,0,612968,-22999032,22401436,24724316,48988000,-27054000,128.2497,28002000,87,0.0146,-122622.2222,0.2359,0.0,0.2572,0.1037,situacion_critica,calculado,alta,baja,inversion_productiva_observada | hobbies_identificados_sin_asumir_que_deban_eliminarse,balance_operativo_negativo | cobertura_esencial_reducida | deuda_creciente | recuperacion_demora_mas_de_20_dias,destino_del_efectivo_fuera_del_banco,La liquidez resulta insuficiente frente a necesidades esenciales y la posición negativa persiste. Evaluación entre 2026-04-01 y 2026-06-30; no describe permanentemente a la persona.,historia_controlada_y_metricas_observadas,train,situacion_critica,si,roadmap_14_mvp_cerrado_v1.1,fincoah_mvp_co_v1.1,c85535eda9bde09f8739ce67ca5b48b155e6918966b0c9f18c55678053a092a9
VEN_0127_1,PERF_0127,dentro_del_mvp,2026-04-30,2026-04-01,2026-04-30,acumulada_30_dias,30,32,0.9688,7141000,0,0,0,0,4530000,2283000,718000,194000,0,0,10680870,13291870,0,0,11671000,2611000,0.0,1994000,2,0.8,244171.4286,0.0,5.8221,0.0,0.0,acumulacion_estable,calculado,alta,baja,balance_operativo_no_negativo | cobertura_esencial_superior_a_un_mes | recuperacion_consistente | inversion_productiva_observada | hobbies_identificados_sin_asumir_que_deban_eliminarse,sin_factor_de_atencion_dominante,ninguna_relevante_para_el_periodo,"El periodo conserva balance favorable, liquidez creciente y cobertura suficiente. Evaluación entre 2026-04-01 y 2026-04-30; no describe permanentemente a la persona.",historia_controlada_y_metricas_observadas,train,acumulacion_estable,si,roadmap_14_mvp_cerrado_v1.1,fincoah_mvp_co_v1.1,b27a629130e34356f6e47910ddd855ade587f603f3f26a5fdccbf9397bfe844b
VEN_0127_2,PERF_0127,dentro_del_mvp,2026-05-31,2026-04-01,2026-05-31,acumulada_61_dias,61,64,0.9844,15326000,0,0,220000,0,9060000,5010000,718000,1444000,0,0,10680870,17166870,0,0,24606000,6266000,0.0,1994000,2,0.8889,27800.0,0.0681,6.853,0.0,0.0,acumulacion_estable,calculado,alta,baja,balance_operativo_no_negativo | cobertura_esencial_superior_a_un_mes | recuperacion_consistente | inversion_productiva_observada | hobbies_identificados_sin_asumir_que_deban_eliminarse,sin_factor_de_atencion_dominante,ninguna_relevante_para_el_periodo,"El periodo conserva balance favorable, liquidez creciente y cobertura suficiente. Evaluación entre 2026-04-01 y 2026-05-31; no describe permanentemente a la persona.",historia_controlada_y_metricas_observadas,train,acumulacion_estable,si,roadmap_14_mvp_cerrado_v1.1,fincoah_mvp_co_v1.1,857ad27591965ee9c2a0db43f0b1d38454bdd33c733765f1df2abf34d6031fd7
VEN_0127_3,PERF_0127,dentro_del_mvp,2026-06-30,2026-04-01,2026-06-30,acumulada_91_dias,91,95,0.9789,22326000,0,0,220000,0,13590000,7577000,978000,2486000,0,0,10680870,19636870,0,0,36136000,8736000,0.0,1994000,0,1.0,-12400.0,0.071,7.7749,0.0,0.0,acumulacion_estable,calculado,alta,baja,balance_operativo_no_negativo | cobertura_esencial_superior_a_un_mes | recuperacion_consistente | inversion_productiva_observada | hobbies_identificados_sin_asumir_que_deban_eliminarse,sin_factor_de_atencion_dominante,destino_del_efectivo_fuera_del_banco,"El periodo conserva balance favorable, liquidez creciente y cobertura suficiente. Evaluación entre 2026-04-01 y 2026-06-30; no describe permanentemente a la persona.",historia_controlada_y_metricas_observadas,train,acumulacion_estable,si,roadmap_14_mvp_cerrado_v1.1,fincoah_mvp_co_v1.1,ed1274c52916be01dfada6a6ff507d9b1e4c2e2884008e640054740b59f07c31
VEN_0128_1,PERF_0128,dentro_del_mvp,2026-04-30,2026-04-01,2026-04-30,acumulada_30_dias,30,33,1.0000,8386000,0,0,0,0,7505000,4107000,474000,1957000,1054000,0,16622110,17503110,9148664,8389784,15891000,881000,0.0,3045000,2,0.6667,382580.9524,0.0,4.2618,0.0,-0.0829,equilibrio_sostenible,calculado,alta,baja,balance_operativo_no_negativo | cobertura_esencial_superior_a_un_mes | inversion_productiva_observada | hobbies_identificados_sin_asumir_que_deban_eliminarse,sin_factor_de_atencion_dominante,ninguna_relevante_para_el_periodo,El periodo permanece cerca del equilibrio y mantiene cubiertas las obligaciones observadas. Evaluación entre 2026-04-01 y 2026-04-30; no describe permanentemente a la persona.,historia_controlada_y_metricas_observadas,train,equilibrio_sostenible,si,roadmap_14_mvp_cerrado_v1.1,fincoah_mvp_co_v1.1,d7138b6450374288d105883606e1bdc404ed0b226ca7badbd18a90d0d71628db
VEN_0128_2,PERF_0128,dentro_del_mvp,2026-05-31,2026-04-01,2026-05-31,acumulada_61_dias,61,66,1.0000,16721000,0,0,0,0,15010000,8941000,1473000,2920000,1880000,0,16622110,18333110,9148664,7795064,31731000,1711000,0.0,7068000,3,0.75,-18066.6667,0.0031,4.1009,0.0,-0.148,equilibrio_sostenible,calculado,alta,baja,balance_operativo_no_negativo | cobertura_esencial_superior_a_un_mes | recuperacion_consistente | inversion_productiva_observada | hobbies_identificados_sin_asumir_que_deban_eliminarse,sin_factor_de_atencion_dominante,ninguna_relevante_para_el_periodo,El periodo permanece cerca del equilibrio y mantiene cubiertas las obligaciones observadas. Evaluación entre 2026-04-01 y 2026-05-31; no describe permanentemente a la persona.,historia_controlada_y_metricas_observadas,train,equilibrio_sostenible,si,roadmap_14_mvp_cerrado_v1.1,fincoah_mvp_co_v1.1,0feaa5c8e4419618d5ddccec60cf42612205eedf252183def6a05e1833a88749
VEN_0128_3,PERF_0128,dentro_del_mvp,2026-06-30,2026-04-01,2026-06-30,acumulada_91_dias,91,98,1.0000,24643000,0,0,0,0,22515000,11932000,2802000,3708000,1880000,0,16622110,18750110,9148664,7795064,47158000,2128000,0.0,7068000,1,0.8,167933.3333,0.0253,4.7142,0.0,-0.148,equilibrio_sostenible,calculado,alta,baja,balance_operativo_no_negativo | cobertura_esencial_superior_a_un_mes | recuperacion_consistente | inversion_productiva_observada | hobbies_identificados_sin_asumir_que_deban_eliminarse,sin_factor_de_atencion_dominante,ninguna_relevante_para_el_periodo,El periodo permanece cerca del equilibrio y mantiene cubiertas las obligaciones observadas. Evaluación entre 2026-04-01 y 2026-06-30; no describe permanentemente a la persona.,historia_controlada_y_metricas_observadas,train,equilibrio_sostenible,si,roadmap_14_mvp_cerrado_v1.1,fincoah_mvp_co_v1.1,1b12272ce32c50819b38cd9c693fbfb7593c0378740908a0ae036295395e57e9
VEN_0129_1,PERF_0129,dentro_del_mvp,2026-04-30,2026-04-01,2026-04-30,acumulada_30_dias,30,34,0.9706,4479000,0,0,0,0,3932000,2781000,605000,0,393000,0,9666158,10213158,6275912,5992952,8411000,547000,0.0,1947000,3,0.5,150652.381,0.0,3.6725,0.0,-0.0451,equilibrio_sostenible,calculado,alta,baja,balance_operativo_no_negativo | cobertura_esencial_superior_a_un_mes | hobbies_identificados_sin_asumir_que_deban_eliminarse,sin_factor_de_atencion_dominante,ninguna_relevante_para_el_periodo,El periodo permanece cerca del equilibrio y mantiene cubiertas las obligaciones observadas. Evaluación entre 2026-04-01 y 2026-04-30; no describe permanentemente a la persona.,historia_controlada_y_metricas_observadas,train,variable_resiliente,si,roadmap_14_mvp_cerrado_v1.1,fincoah_mvp_co_v1.1,52f659f4ae91d3f9aa54bcdc9f46b8b75358f6f7d24069e2cda79d80cfe7b1a4
VEN_0129_2,PERF_0129,dentro_del_mvp,2026-05-31,2026-04-01,2026-05-31,acumulada_61_dias,61,67,0.9403,7742000,0,0,0,0,9199000,6110000,829000,247000,393000,0,9666158,8209158,6275912,5992952,16941000,-1457000,0.0,4774000,34,0.7133,-85033.3333,0.1571,2.6871,0.0,-0.0451,variable_resiliente,calculado,alta,baja,cobertura_esencial_superior_a_un_mes | recuperacion_consistente | inversion_productiva_observada | hobbies_identificados_sin_asumir_que_deban_eliminarse,balance_operativo_negativo | recuperacion_demora_mas_de_20_dias,destino_del_efectivo_fuera_del_banco,"Los ingresos fluctúan, pero el periodo muestra recuperación y cobertura sin convertir la variabilidad en riesgo. Evaluación entre 2026-04-01 y 2026-05-31; no describe permanentemente a la persona.",historia_controlada_y_metricas_observadas,train,variable_resiliente,si,roadmap_14_mvp_cerrado_v1.1,fincoah_mvp_co_v1.1,85d117b1712c9c7d981bba98f4c0006bd12fb9a2d89efcead43a1fdca3dcccc3
VEN_0129_3,PERF_0129,dentro_del_mvp,2026-06-30,2026-04-01,2026-06-30,acumulada_91_dias,91,100,0.9500,11146000,0,0,230000,0,14466000,9473000,1094000,882000,672000,0,9666158,6576158,6275912,5792072,25842000,-3320000,0.0,5498000,64,0.5817,-6311.1111,0.1462,2.0826,0.0,-0.0771,variable_resiliente,calculado,alta,baja,cobertura_esencial_superior_a_un_mes | inversion_productiva_observada | hobbies_identificados_sin_asumir_que_deban_eliminarse,balance_operativo_negativo | recuperacion_demora_mas_de_20_dias,destino_del_efectivo_fuera_del_banco,"Los ingresos fluctúan, pero el periodo muestra recuperación y cobertura sin convertir la variabilidad en riesgo. Evaluación entre 2026-04-01 y 2026-06-30; no describe permanentemente a la persona.",historia_controlada_y_metricas_observadas,train,variable_resiliente,si,roadmap_14_mvp_cerrado_v1.1,fincoah_mvp_co_v1.1,456c3e3f7e83ac1416351fb814d2d86cc15f4c5803aec3c63fc45a5d135fd7e4
VEN_0130_1,PERF_0130,dentro_del_mvp,2026-04-30,2026-04-01,2026-04-30,acumulada_30_dias,30,32,0.9375,7533000,0,0,0,0,4058000,2533000,83000,736000,0,0,16494349,19969349,7061417,7061417,11591000,3475000,0.0,1327000,0,1.0,-31566.6667,0.0,7.8837,0.0,0.0,acumulacion_estable,calculado,media,media,balance_operativo_no_negativo | cobertura_esencial_superior_a_un_mes | recuperacion_consistente | inversion_productiva_observada | hobbies_identificados_sin_asumir_que_deban_eliminarse,sin_factor_de_atencion_dominante,ninguna_relevante_para_el_periodo,"El periodo conserva balance favorable, liquidez creciente y cobertura suficiente. Evaluación entre 2026-04-01 y 2026-04-30; no describe permanentemente a la persona.",historia_controlada_y_metricas_observadas,train,uso_planificado_reserva,si,roadmap_14_mvp_cerrado_v1.1,fincoah_mvp_co_v1.1,823f1bc7f18ea57b9aa86d7f3ae89d0a401cf0463ecf0f9f567610406d951baf
VEN_0130_2,PERF_0130,dentro_del_mvp,2026-05-31,2026-04-01,2026-05-31,acumulada_61_dias,61,64,0.9531,11758000,0,0,0,0,14731000,10022000,652000,1519000,1254000,0,16494349,13521349,7061417,6158537,26489000,-2973000,0.0,6448000,31,0.6667,-258233.3333,0.2813,2.6983,0.0,-0.1279,uso_planificado_reserva,calculado,alta,baja,cobertura_esencial_superior_a_un_mes | inversion_productiva_observada | hobbies_identificados_sin_asumir_que_deban_eliminarse,balance_operativo_negativo | recuperacion_demora_mas_de_20_dias,ninguna_relevante_para_el_periodo,El balance negativo se explica por una salida alineada con una meta y existe reserva para absorberla. Evaluación entre 2026-04-01 y 2026-05-31; no describe permanentemente a la persona.,historia_controlada_y_metricas_observadas,train,uso_planificado_reserva,si,roadmap_14_mvp_cerrado_v1.1,fincoah_mvp_co_v1.1,2c3e2f16163a90f2d88754e174d1f58a15dceabce09a2f0477b48a59ae07070d
VEN_0130_3,PERF_0130,dentro_del_mvp,2026-06-30,2026-04-01,2026-06-30,acumulada_91_dias,91,95,0.9684,15960000,464000,0,0,0,25404000,18448000,772000,2822000,2859000,0,16494349,7514349,7061417,5002937,41828000,-9444000,0.0,13059000,61,0.6702,-309333.3333,0.2941,1.222,0.0283,-0.2915,uso_planificado_reserva,calculado,alta,baja,cobertura_esencial_superior_a_un_mes | inversion_productiva_observada | hobbies_identificados_sin_asumir_que_deban_eliminarse,balance_operativo_negativo | recuperacion_demora_mas_de_20_dias,ninguna_relevante_para_el_periodo,El balance negativo se explica por una salida alineada con una meta y existe reserva para absorberla. Evaluación entre 2026-04-01 y 2026-06-30; no describe permanentemente a la persona.,historia_controlada_y_metricas_observadas,train,uso_planificado_reserva,si,roadmap_14_mvp_cerrado_v1.1,fincoah_mvp_co_v1.1,468daddcc0dd58cdd4a71a3dae5c529b2309cdbce9afd13c2a46adab42b37758
VEN_0131_1,PERF_0131,dentro_del_mvp,2026-04-30,2026-04-01,2026-04-30,acumulada_30_dias,30,31,0.9677,9764000,0,0,0,0,9903000,5205000,560000,1261000,0,0,22112305,21973305,4058484,4058484,19667000,-139000,0.0,3743000,4,0.6667,412366.6667,0.0,4.2216,0.0,0.0,equilibrio_sostenible,calculado,alta,baja,cobertura_esencial_superior_a_un_mes | inversion_productiva_observada | hobbies_identificados_sin_asumir_que_deban_eliminarse,balance_operativo_negativo,destino_del_efectivo_fuera_del_banco,El periodo permanece cerca del equilibrio y mantiene cubiertas las obligaciones observadas. Evaluación entre 2026-04-01 y 2026-04-30; no describe permanentemente a la persona.,historia_controlada_y_metricas_observadas,train,deterioro_reciente,si,roadmap_14_mvp_cerrado_v1.1,fincoah_mvp_co_v1.1,253bc9d35ff7adedb58958632eddbd53b3509631865443b0d5453946bb25e237
VEN_0131_2,PERF_0131,dentro_del_mvp,2026-05-31,2026-04-01,2026-05-31,acumulada_61_dias,61,62,0.9355,21057000,665000,0,70000,0,19806000,10564000,763000,2825000,364000,0,22112305,24098305,4058484,3796404,41598000,1251000,0.0,5028000,35,0.9364,96433.3333,0.0726,4.5623,0.0306,-0.0646,equilibrio_sostenible,calculado,media,media,balance_operativo_no_negativo | cobertura_esencial_superior_a_un_mes | recuperacion_consistente | inversion_productiva_observada | hobbies_identificados_sin_asumir_que_deban_eliminarse,recuperacion_demora_mas_de_20_dias,destino_del_efectivo_fuera_del_banco,El periodo permanece cerca del equilibrio y mantiene cubiertas las obligaciones observadas. Evaluación entre 2026-04-01 y 2026-05-31; no describe permanentemente a la persona.,historia_controlada_y_metricas_observadas,train,deterioro_reciente,si,roadmap_14_mvp_cerrado_v1.1,fincoah_mvp_co_v1.1,34df868ab77c92d5275e15731ed6c7f99884516f285c7ce9bf47326f0d692e01
VEN_0131_3,PERF_0131,dentro_del_mvp,2026-06-30,2026-04-01,2026-06-30,acumulada_91_dias,91,93,0.9247,29104000,665000,0,70000,0,34191000,17137000,1891000,7302000,1351000,0,22112305,17760305,4058484,3085764,64030000,-5087000,0.0,10376000,28,0.75,-183355.5556,0.1367,3.1091,0.0223,-0.2397,deterioro_reciente,calculado,media,media,cobertura_esencial_superior_a_un_mes | recuperacion_consistente | inversion_productiva_observada | hobbies_identificados_sin_asumir_que_deban_eliminarse,balance_operativo_negativo | recuperacion_demora_mas_de_20_dias,destino_del_efectivo_fuera_del_banco,El cierre reciente empeora frente al inicio del periodo y la recuperación es parcial. Evaluación entre 2026-04-01 y 2026-06-30; no describe permanentemente a la persona.,historia_controlada_y_metricas_observadas,train,deterioro_reciente,si,roadmap_14_mvp_cerrado_v1.1,fincoah_mvp_co_v1.1,ef754940726fd633dbfe9ff3d6bf37761e4377d5a0893d16067579265d725cf3
VEN_0132_1,PERF_0132,dentro_del_mvp,2026-04-30,2026-04-01,2026-04-30,acumulada_30_dias,30,31,1.0000,4044000,609000,0,40000,0,7192000,5714000,990000,0,634000,0,1441060,-1057940,17329856,16873376,11885000,-3148000,4.0743,3148000,29,0.0,9628.5714,0.0,0.0,0.1309,-0.0263,deterioro_reciente,calculado,alta,baja,hobbies_identificados_sin_asumir_que_deban_eliminarse,balance_operativo_negativo | cobertura_esencial_reducida | recuperacion_demora_mas_de_20_dias,ninguna_relevante_para_el_periodo,El cierre reciente empeora frente al inicio del periodo y la recuperación es parcial. Evaluación entre 2026-04-01 y 2026-04-30; no describe permanentemente a la persona.,historia_controlada_y_metricas_observadas,test,fragilidad_sostenida,si,roadmap_14_mvp_cerrado_v1.1,fincoah_mvp_co_v1.1,3289fa51b8112e4bb269a6723aa6c314fbdcc211d10ddeaa4b2f5a5365f26ec5
VEN_0132_2,PERF_0132,dentro_del_mvp,2026-05-31,2026-04-01,2026-05-31,acumulada_61_dias,61,61,1.0000,7258000,609000,612000,40000,0,16372000,9398000,1920000,3160000,988000,0,1441060,-6411940,17329856,17230496,24891000,-9114000,25.6678,9114000,60,0.0,-70333.3333,0.1144,0.0,0.144,-0.0057,fragilidad_sostenida,calculado,alta,baja,inversion_productiva_observada | hobbies_identificados_sin_asumir_que_deban_eliminarse,balance_operativo_negativo | cobertura_esencial_reducida | recuperacion_demora_mas_de_20_dias,ninguna_relevante_para_el_periodo,"El déficit persiste, la cobertura se reduce y la deuda gana peso durante el periodo. Evaluación entre 2026-04-01 y 2026-05-31; no describe permanentemente a la persona.",historia_controlada_y_metricas_observadas,test,fragilidad_sostenida,si,roadmap_14_mvp_cerrado_v1.1,fincoah_mvp_co_v1.1,6a283029458a203b0c9bf6b5a1495c46e66c84dd3a86f66dcbdadf1bd04515e0
VEN_0132_3,PERF_0132,dentro_del_mvp,2026-06-30,2026-04-01,2026-06-30,acumulada_91_dias,91,91,0.9890,10500000,962000,1224000,40000,0,25552000,14232000,3857000,3779000,988000,0,1441060,-11384940,17329856,17842496,38278000,-15052000,51.4922,15181000,90,0.0085,34000.0,0.11,0.0,0.1723,0.0296,fragilidad_sostenida,calculado,alta,baja,inversion_productiva_observada | hobbies_identificados_sin_asumir_que_deban_eliminarse,balance_operativo_negativo | cobertura_esencial_reducida | recuperacion_demora_mas_de_20_dias,destino_del_efectivo_fuera_del_banco,"El déficit persiste, la cobertura se reduce y la deuda gana peso durante el periodo. Evaluación entre 2026-04-01 y 2026-06-30; no describe permanentemente a la persona.",historia_controlada_y_metricas_observadas,test,fragilidad_sostenida,si,roadmap_14_mvp_cerrado_v1.1,fincoah_mvp_co_v1.1,74e488453f7861217b246c93ddeee3e9a670e9ba04d23fa1e7c136db64dae8cf
VEN_0133_1,PERF_0133,dentro_del_mvp,2026-04-30,2026-04-01,2026-04-30,acumulada_30_dias,30,33,1.0000,3021000,0,714000,0,0,10710000,5266000,1343000,2170000,648000,0,1818755,-5156245,10798753,11046193,14445000,-7689000,32.7657,7444000,29,0.0,265647.619,0.0,0.0,0.1912,0.0229,fragilidad_sostenida,calculado,alta,baja,inversion_productiva_observada | hobbies_identificados_sin_asumir_que_deban_eliminarse,balance_operativo_negativo | cobertura_esencial_reducida | recuperacion_demora_mas_de_20_dias,ninguna_relevante_para_el_periodo,"El déficit persiste, la cobertura se reduce y la deuda gana peso durante el periodo. Evaluación entre 2026-04-01 y 2026-04-30; no describe permanentemente a la persona.",historia_controlada_y_metricas_observadas,test,situacion_critica,si,roadmap_14_mvp_cerrado_v1.1,fincoah_mvp_co_v1.1,f00e7ddb7f197d440b9f0793935bbbf089c95258447415a48228efaf02a8f159
VEN_0133_2,PERF_0133,dentro_del_mvp,2026-05-31,2026-04-01,2026-05-31,acumulada_61_dias,61,65,1.0000,5312000,0,2023000,240000,0,24235000,12883000,3740000,3823000,648000,0,1818755,-14841245,10798753,12355193,31810000,-18923000,100.8862,18935000,60,0.0136,231400.0,0.1374,0.0,0.2758,0.1441,situacion_critica,calculado,alta,baja,inversion_productiva_observada | hobbies_identificados_sin_asumir_que_deban_eliminarse,balance_operativo_negativo | cobertura_esencial_reducida | deuda_creciente | recuperacion_demora_mas_de_20_dias,ninguna_relevante_para_el_periodo,La liquidez resulta insuficiente frente a necesidades esenciales y la posición negativa persiste. Evaluación entre 2026-04-01 y 2026-05-31; no describe permanentemente a la persona.,historia_controlada_y_metricas_observadas,test,situacion_critica,si,roadmap_14_mvp_cerrado_v1.1,fincoah_mvp_co_v1.1,45d1c7647eba173f9e004214b635a5c2844932166e978cf996d1972356cfea35
VEN_0133_3,PERF_0133,dentro_del_mvp,2026-06-30,2026-04-01,2026-06-30,acumulada_91_dias,91,97,1.0000,7988000,0,3332000,240000,0,37760000,23210000,5075000,3823000,648000,0,1818755,-24381245,10798753,13664193,49320000,-29772000,153.8358,29527000,90,0.0,65488.8889,0.112,0.0,0.2943,0.2653,situacion_critica,calculado,alta,baja,inversion_productiva_observada | hobbies_identificados_sin_asumir_que_deban_eliminarse,balance_operativo_negativo | cobertura_esencial_reducida | deuda_creciente | recuperacion_demora_mas_de_20_dias,ninguna_relevante_para_el_periodo,La liquidez resulta insuficiente frente a necesidades esenciales y la posición negativa persiste. Evaluación entre 2026-04-01 y 2026-06-30; no describe permanentemente a la persona.,historia_controlada_y_metricas_observadas,test,situacion_critica,si,roadmap_14_mvp_cerrado_v1.1,fincoah_mvp_co_v1.1,335d269bafabdcc8757a1a630b9f5b0d047f09c1893cb05d78672fa006fe38b3
VEN_0134_1,PERF_0134,dentro_del_mvp,2026-04-30,2026-04-01,2026-04-30,acumulada_30_dias,30,33,0.9697,4529000,0,0,240000,0,2736000,1408000,678000,332000,0,0,1931547,3964547,0,0,7505000,1793000,0.0,1789000,2,0.6667,325980.9524,0.0,2.8157,0.0,0.0,acumulacion_estable,calculado,alta,baja,balance_operativo_no_negativo | cobertura_esencial_superior_a_un_mes | inversion_productiva_observada | hobbies_identificados_sin_asumir_que_deban_eliminarse,sin_factor_de_atencion_dominante,destino_del_efectivo_fuera_del_banco,"El periodo conserva balance favorable, liquidez creciente y cobertura suficiente. Evaluación entre 2026-04-01 y 2026-04-30; no describe permanentemente a la persona.",historia_controlada_y_metricas_observadas,train,acumulacion_estable,si,roadmap_14_mvp_cerrado_v1.1,fincoah_mvp_co_v1.1,a48e4cb142cb240a76e5089f1a7b9a0c618534f799d1cf3e0a7d4335ffd3607f
VEN_0134_2,PERF_0134,dentro_del_mvp,2026-05-31,2026-04-01,2026-05-31,acumulada_61_dias,61,66,0.9848,9276000,0,0,240000,0,5472000,3038000,1114000,501000,0,0,1931547,5975547,0,0,14988000,3804000,0.0,1789000,2,0.8571,-1666.6667,0.0235,3.9339,0.0,0.0,acumulacion_estable,calculado,alta,baja,balance_operativo_no_negativo | cobertura_esencial_superior_a_un_mes | recuperacion_consistente | inversion_productiva_observada | hobbies_identificados_sin_asumir_que_deban_eliminarse,sin_factor_de_atencion_dominante,destino_del_efectivo_fuera_del_banco,"El periodo conserva balance favorable, liquidez creciente y cobertura suficiente. Evaluación entre 2026-04-01 y 2026-05-31; no describe permanentemente a la persona.",historia_controlada_y_metricas_observadas,train,acumulacion_estable,si,roadmap_14_mvp_cerrado_v1.1,fincoah_mvp_co_v1.1,377f1da6cdb833cf546bf0fe4a7b5884a67f0c4c38b49d48b708a48d37a906cf
VEN_0134_3,PERF_0134,dentro_del_mvp,2026-06-30,2026-04-01,2026-06-30,acumulada_91_dias,91,98,0.9898,13823000,0,0,340000,0,8208000,4494000,1404000,886000,0,0,1931547,7886547,0,0,22371000,5615000,0.0,1789000,1,0.9,76555.5556,0.0214,5.2647,0.0,0.0,acumulacion_estable,calculado,alta,baja,balance_operativo_no_negativo | cobertura_esencial_superior_a_un_mes | recuperacion_consistente | inversion_productiva_observada | hobbies_identificados_sin_asumir_que_deban_eliminarse,sin_factor_de_atencion_dominante,destino_del_efectivo_fuera_del_banco,"El periodo conserva balance favorable, liquidez creciente y cobertura suficiente. Evaluación entre 2026-04-01 y 2026-06-30; no describe permanentemente a la persona.",historia_controlada_y_metricas_observadas,train,acumulacion_estable,si,roadmap_14_mvp_cerrado_v1.1,fincoah_mvp_co_v1.1,003daf53f1fcb84001d97ace40a2461ce49d00303d07a7dc56e0c8914f09a69e
VEN_0135_1,PERF_0135,dentro_del_mvp,2026-04-30,2026-04-01,2026-04-30,acumulada_30_dias,30,31,0.9677,2673000,0,0,0,0,2825000,1719000,390000,246000,0,0,6838931,6686931,0,0,5498000,-152000,0.0,1068000,0,1.0,120033.3333,0.0,3.89,0.0,0.0,equilibrio_sostenible,calculado,alta,baja,cobertura_esencial_superior_a_un_mes | recuperacion_consistente | inversion_productiva_observada | hobbies_identificados_sin_asumir_que_deban_eliminarse,balance_operativo_negativo,ninguna_relevante_para_el_periodo,El periodo permanece cerca del equilibrio y mantiene cubiertas las obligaciones observadas. Evaluación entre 2026-04-01 y 2026-04-30; no describe permanentemente a la persona.,historia_controlada_y_metricas_observadas,train,equilibrio_sostenible,si,roadmap_14_mvp_cerrado_v1.1,fincoah_mvp_co_v1.1,3602f62e7fcf0934376b31f268ec051033d9bb381dbdb2ebaf1b62fbdd6418d9
VEN_0135_2,PERF_0135,dentro_del_mvp,2026-05-31,2026-04-01,2026-05-31,acumulada_61_dias,61,62,0.9839,5388000,0,0,230000,0,5650000,3689000,936000,246000,0,0,6838931,6806931,0,0,11268000,-262000,0.0,1235000,29,0.7814,-43866.6667,0.0078,3.6904,0.0,0.0,equilibrio_sostenible,calculado,alta,baja,cobertura_esencial_superior_a_un_mes | recuperacion_consistente | inversion_productiva_observada | hobbies_identificados_sin_asumir_que_deban_eliminarse,balance_operativo_negativo | recuperacion_demora_mas_de_20_dias,ninguna_relevante_para_el_periodo,El periodo permanece cerca del equilibrio y mantiene cubiertas las obligaciones observadas. Evaluación entre 2026-04-01 y 2026-05-31; no describe permanentemente a la persona.,historia_controlada_y_metricas_observadas,train,equilibrio_sostenible,si,roadmap_14_mvp_cerrado_v1.1,fincoah_mvp_co_v1.1,4d8d484444edb874d68b6df30bb1ae9abe9da253a6b9b420b54a009e1fe52497
VEN_0135_3,PERF_0135,dentro_del_mvp,2026-06-30,2026-04-01,2026-06-30,acumulada_91_dias,91,92,0.9891,8437000,0,0,230000,0,8475000,5075000,1234000,726000,0,0,6838931,7030931,0,0,17142000,-38000,0.0,1531000,59,0.8724,-3111.1111,0.0598,4.1562,0.0,0.0,equilibrio_sostenible,calculado,alta,baja,cobertura_esencial_superior_a_un_mes | recuperacion_consistente | inversion_productiva_observada | hobbies_identificados_sin_asumir_que_deban_eliminarse,balance_operativo_negativo | recuperacion_demora_mas_de_20_dias,ninguna_relevante_para_el_periodo,El periodo permanece cerca del equilibrio y mantiene cubiertas las obligaciones observadas. Evaluación entre 2026-04-01 y 2026-06-30; no describe permanentemente a la persona.,historia_controlada_y_metricas_observadas,train,equilibrio_sostenible,si,roadmap_14_mvp_cerrado_v1.1,fincoah_mvp_co_v1.1,64951352d5de8bd4e69261686cd47af024c201eb1a603295d5c945704b5cf1dc
VEN_0136_1,PERF_0136,dentro_del_mvp,2026-04-30,2026-04-01,2026-04-30,acumulada_30_dias,30,33,0.9697,3851000,0,1184000,0,0,3786000,2361000,230000,459000,204000,0,4733757,5982757,9208815,10245935,8821000,65000,0.0,1918000,19,0.6667,-101442.8571,0.0,2.534,0.2352,0.1126,equilibrio_sostenible,calculado,alta,baja,balance_operativo_no_negativo | cobertura_esencial_superior_a_un_mes | inversion_productiva_observada | hobbies_identificados_sin_asumir_que_deban_eliminarse,deuda_creciente,ninguna_relevante_para_el_periodo,El periodo permanece cerca del equilibrio y mantiene cubiertas las obligaciones observadas. Evaluación entre 2026-04-01 y 2026-04-30; no describe permanentemente a la persona.,historia_controlada_y_metricas_observadas,train,variable_resiliente,si,roadmap_14_mvp_cerrado_v1.1,fincoah_mvp_co_v1.1,68b0ab2ea6e27774b232557d1c3dfbc0d65f4e9690609591f77339a979159ec0
VEN_0136_2,PERF_0136,dentro_del_mvp,2026-05-31,2026-04-01,2026-05-31,acumulada_61_dias,61,66,0.9697,9364000,0,1184000,0,0,6432000,3897000,407000,878000,428000,0,4733757,8849757,9208815,10084655,16980000,2932000,0.0,2607000,4,0.75,154633.3333,0.1775,4.5418,0.1122,0.0951,variable_resiliente,calculado,alta,baja,balance_operativo_no_negativo | cobertura_esencial_superior_a_un_mes | recuperacion_consistente | inversion_productiva_observada | hobbies_identificados_sin_asumir_que_deban_eliminarse,deuda_creciente,destino_del_efectivo_fuera_del_banco,"Los ingresos fluctúan, pero el periodo muestra recuperación y cobertura sin convertir la variabilidad en riesgo. Evaluación entre 2026-04-01 y 2026-05-31; no describe permanentemente a la persona.",historia_controlada_y_metricas_observadas,train,variable_resiliente,si,roadmap_14_mvp_cerrado_v1.1,fincoah_mvp_co_v1.1,7fa5f43e3022e98cecd69dd30974883f05095dae788916fa831a7138b5a99ad5
VEN_0136_3,PERF_0136,dentro_del_mvp,2026-06-30,2026-04-01,2026-06-30,acumulada_91_dias,91,99,0.9798,14888000,0,1948000,0,0,9078000,5366000,595000,1220000,517000,0,4733757,12491757,9208815,10784575,25914000,5810000,0.0,2607000,4,0.8571,166155.5556,0.1584,6.9838,0.1157,0.1711,variable_resiliente,calculado,alta,baja,balance_operativo_no_negativo | cobertura_esencial_superior_a_un_mes | recuperacion_consistente | inversion_productiva_observada | hobbies_identificados_sin_asumir_que_deban_eliminarse,deuda_creciente,destino_del_efectivo_fuera_del_banco,"Los ingresos fluctúan, pero el periodo muestra recuperación y cobertura sin convertir la variabilidad en riesgo. Evaluación entre 2026-04-01 y 2026-06-30; no describe permanentemente a la persona.",historia_controlada_y_metricas_observadas,train,variable_resiliente,si,roadmap_14_mvp_cerrado_v1.1,fincoah_mvp_co_v1.1,7659e283503b7b1069ffb430e2ad1bd47a41fbe836b2e4cd95778370233eeb96
VEN_0137_1,PERF_0137,dentro_del_mvp,2026-04-30,2026-04-01,2026-04-30,acumulada_30_dias,30,30,0.9667,3634000,0,0,0,0,2356000,1235000,20000,670000,0,0,10441496,11719496,0,0,5990000,1278000,0.0,557000,13,0.8475,-9609.5238,0.0,9.4895,0.0,0.0,acumulacion_estable,calculado,alta,baja,balance_operativo_no_negativo | cobertura_esencial_superior_a_un_mes | recuperacion_consistente | inversion_productiva_observada | hobbies_identificados_sin_asumir_que_deban_eliminarse,sin_factor_de_atencion_dominante,destino_del_efectivo_fuera_del_banco,"El periodo conserva balance favorable, liquidez creciente y cobertura suficiente. Evaluación entre 2026-04-01 y 2026-04-30; no describe permanentemente a la persona.",historia_controlada_y_metricas_observadas,train,uso_planificado_reserva,si,roadmap_14_mvp_cerrado_v1.1,fincoah_mvp_co_v1.1,2527b4ae7b276335ce33b9c21a9bf8f984d91db4eef64fa51de9808b4549896b
VEN_0137_2,PERF_0137,dentro_del_mvp,2026-05-31,2026-04-01,2026-05-31,acumulada_61_dias,61,60,0.9833,6028000,0,810000,0,0,8552000,5496000,454000,1946000,0,0,10441496,8727496,0,810000,15390000,-2524000,0.0,4524000,44,0.7017,-152666.6667,0.2057,3.1759,0.1185,0.1344,uso_planificado_reserva,calculado,alta,baja,cobertura_esencial_superior_a_un_mes | recuperacion_consistente | inversion_productiva_observada | hobbies_identificados_sin_asumir_que_deban_eliminarse,balance_operativo_negativo | deuda_creciente | recuperacion_demora_mas_de_20_dias,destino_del_efectivo_fuera_del_banco,El balance negativo se explica por una salida alineada con una meta y existe reserva para absorberla. Evaluación entre 2026-04-01 y 2026-05-31; no describe permanentemente a la persona.,historia_controlada_y_metricas_observadas,train,uso_planificado_reserva,si,roadmap_14_mvp_cerrado_v1.1,fincoah_mvp_co_v1.1,dffe9a6ba66068e4bc20085220ca49c7f42c73c4d7bfa150eba06a73c367b679
VEN_0137_3,PERF_0137,dentro_del_mvp,2026-06-30,2026-04-01,2026-06-30,acumulada_91_dias,91,90,0.9889,8618000,0,810000,0,0,14748000,9012000,1429000,2839000,0,0,10441496,5121496,0,810000,24176000,-6130000,0.0,8288000,74,0.6921,-9066.6667,0.1895,1.7049,0.0859,0.094,uso_planificado_reserva,calculado,alta,baja,cobertura_esencial_superior_a_un_mes | inversion_productiva_observada | hobbies_identificados_sin_asumir_que_deban_eliminarse,balance_operativo_negativo | deuda_creciente | recuperacion_demora_mas_de_20_dias,destino_del_efectivo_fuera_del_banco,El balance negativo se explica por una salida alineada con una meta y existe reserva para absorberla. Evaluación entre 2026-04-01 y 2026-06-30; no describe permanentemente a la persona.,historia_controlada_y_metricas_observadas,train,uso_planificado_reserva,si,roadmap_14_mvp_cerrado_v1.1,fincoah_mvp_co_v1.1,7535ec50e5bed2235d728df58a002a868c3068e887b3b603bca2e6e9d18255a5
VEN_0138_1,PERF_0138,dentro_del_mvp,2026-04-30,2026-04-01,2026-04-30,acumulada_30_dias,30,32,0.9688,4186000,0,0,0,125000,3845000,2216000,661000,816000,230000,0,10917570,11383570,4271533,4105933,8156000,341000,0.0,2851000,0,1.0,252423.8095,0.0,5.137,0.0,-0.0388,equilibrio_sostenible,calculado,alta,baja,balance_operativo_no_negativo | cobertura_esencial_superior_a_un_mes | recuperacion_consistente | inversion_productiva_observada | hobbies_identificados_sin_asumir_que_deban_eliminarse,sin_factor_de_atencion_dominante,destino_del_efectivo_fuera_del_banco,El periodo permanece cerca del equilibrio y mantiene cubiertas las obligaciones observadas. Evaluación entre 2026-04-01 y 2026-04-30; no describe permanentemente a la persona.,historia_controlada_y_metricas_observadas,train,deterioro_reciente,si,roadmap_14_mvp_cerrado_v1.1,fincoah_mvp_co_v1.1,24b0fa8d7b7b500a820b74a2adc464564ae4cd5217b09f2d1424e7b7b0725782
VEN_0138_2,PERF_0138,dentro_del_mvp,2026-05-31,2026-04-01,2026-05-31,acumulada_61_dias,61,63,0.9683,8330000,0,0,0,125000,7690000,4503000,957000,1521000,437000,0,10917570,11682570,4271533,3956893,16145000,640000,0.0,2851000,2,0.6667,1466.6667,0.005,5.1888,0.0,-0.0737,equilibrio_sostenible,calculado,alta,baja,balance_operativo_no_negativo | cobertura_esencial_superior_a_un_mes | inversion_productiva_observada | hobbies_identificados_sin_asumir_que_deban_eliminarse,sin_factor_de_atencion_dominante,destino_del_efectivo_fuera_del_banco,El periodo permanece cerca del equilibrio y mantiene cubiertas las obligaciones observadas. Evaluación entre 2026-04-01 y 2026-05-31; no describe permanentemente a la persona.,historia_controlada_y_metricas_observadas,train,deterioro_reciente,si,roadmap_14_mvp_cerrado_v1.1,fincoah_mvp_co_v1.1,e55633c09a96a5dcd49c0fa76f9a48231cfd6de01a9b48abb55fab2d4de7bf12
VEN_0138_3,PERF_0138,dentro_del_mvp,2026-06-30,2026-04-01,2026-06-30,acumulada_91_dias,91,94,0.9787,11528000,0,0,0,586000,13275000,8127000,1856000,1521000,813000,0,10917570,9756570,4271533,3686173,25389000,-1747000,0.0,4919000,32,0.8345,44155.5556,0.1187,3.6015,0.0,-0.137,deterioro_reciente,calculado,alta,baja,cobertura_esencial_superior_a_un_mes | recuperacion_consistente | inversion_productiva_observada | hobbies_identificados_sin_asumir_que_deban_eliminarse,balance_operativo_negativo | recuperacion_demora_mas_de_20_dias,destino_del_efectivo_fuera_del_banco,El cierre reciente empeora frente al inicio del periodo y la recuperación es parcial. Evaluación entre 2026-04-01 y 2026-06-30; no describe permanentemente a la persona.,historia_controlada_y_metricas_observadas,train,deterioro_reciente,si,roadmap_14_mvp_cerrado_v1.1,fincoah_mvp_co_v1.1,dca1d359f8a4d5dbae7ce4545bf5caa21ecf7acc0c80e3264826d64b8a437448
VEN_0139_1,PERF_0139,dentro_del_mvp,2026-04-30,2026-04-01,2026-04-30,acumulada_30_dias,30,33,0.9697,1424000,0,0,0,0,2538000,1184000,283000,843000,81000,0,579032,-534968,3139317,3080997,3962000,-1114000,4.201,1114000,29,0.0,20961.9048,0.0,0.0,0.0,-0.0186,deterioro_reciente,calculado,alta,baja,inversion_productiva_observada | hobbies_identificados_sin_asumir_que_deban_eliminarse,balance_operativo_negativo | cobertura_esencial_reducida | recuperacion_demora_mas_de_20_dias,destino_del_efectivo_fuera_del_banco,El cierre reciente empeora frente al inicio del periodo y la recuperación es parcial. Evaluación entre 2026-04-01 y 2026-04-30; no describe permanentemente a la persona.,historia_controlada_y_metricas_observadas,train,fragilidad_sostenida,si,roadmap_14_mvp_cerrado_v1.1,fincoah_mvp_co_v1.1,1a8701a9da49041c095a121c7e3797512a7414d00ff26723835dd5f95bffabc9
VEN_0139_2,PERF_0139,dentro_del_mvp,2026-05-31,2026-04-01,2026-05-31,acumulada_61_dias,61,66,0.9697,2496000,0,216000,0,53000,5778000,3196000,341000,1515000,256000,0,579032,-2433968,3139317,3170997,8543000,-3282000,27.8234,3958000,60,0.1708,-32733.3333,0.141,0.0,0.0796,0.0101,fragilidad_sostenida,calculado,alta,baja,inversion_productiva_observada | hobbies_identificados_sin_asumir_que_deban_eliminarse,balance_operativo_negativo | cobertura_esencial_reducida | recuperacion_demora_mas_de_20_dias,destino_del_efectivo_fuera_del_banco,"El déficit persiste, la cobertura se reduce y la deuda gana peso durante el periodo. Evaluación entre 2026-04-01 y 2026-05-31; no describe permanentemente a la persona.",historia_controlada_y_metricas_observadas,train,fragilidad_sostenida,si,roadmap_14_mvp_cerrado_v1.1,fincoah_mvp_co_v1.1,ffbf35d5e1df0f3dcb0fb0a598054a37c6270976de27256073c2c666efe1cb6e
VEN_0139_3,PERF_0139,dentro_del_mvp,2026-06-30,2026-04-01,2026-06-30,acumulada_91_dias,91,99,0.9798,3680000,0,432000,0,53000,9018000,4780000,897000,1808000,256000,0,579032,-4273968,3139317,3386997,13183000,-5338000,56.7615,6522000,90,0.1815,1600.0,0.1197,0.0,0.1051,0.0789,fragilidad_sostenida,calculado,alta,baja,inversion_productiva_observada | hobbies_identificados_sin_asumir_que_deban_eliminarse,balance_operativo_negativo | cobertura_esencial_reducida | deuda_creciente | recuperacion_demora_mas_de_20_dias,destino_del_efectivo_fuera_del_banco,"El déficit persiste, la cobertura se reduce y la deuda gana peso durante el periodo. Evaluación entre 2026-04-01 y 2026-06-30; no describe permanentemente a la persona.",historia_controlada_y_metricas_observadas,train,fragilidad_sostenida,si,roadmap_14_mvp_cerrado_v1.1,fincoah_mvp_co_v1.1,48f5cbd2bfaa40abbc9b3182004ee2dd190ab546e919526819588faf224532e6
VEN_0140_1,PERF_0140,dentro_del_mvp,2026-04-30,2026-04-01,2026-04-30,acumulada_30_dias,30,31,1.0000,1481000,0,307000,170000,275000,4608000,2237000,323000,1081000,0,0,171200,-2203800,10194475,10501475,6841000,-3127000,43.4843,3588000,29,0.0348,223823.8095,0.0,0.0,0.1717,0.0301,fragilidad_sostenida,calculado,alta,baja,inversion_productiva_observada | hobbies_identificados_sin_asumir_que_deban_eliminarse,balance_operativo_negativo | cobertura_esencial_reducida | recuperacion_demora_mas_de_20_dias,ninguna_relevante_para_el_periodo,"El déficit persiste, la cobertura se reduce y la deuda gana peso durante el periodo. Evaluación entre 2026-04-01 y 2026-04-30; no describe permanentemente a la persona.",historia_controlada_y_metricas_observadas,test,situacion_critica,si,roadmap_14_mvp_cerrado_v1.1,fincoah_mvp_co_v1.1,b4a782076e4fc43fa1add7d98fcd0af250b811200880b0a73a9e303df13c8517
VEN_0140_2,PERF_0140,dentro_del_mvp,2026-05-31,2026-04-01,2026-05-31,acumulada_61_dias,61,62,0.9839,2630000,0,307000,170000,275000,10427000,5202000,989000,2289000,345000,0,171200,-6873800,10194475,10253075,13809000,-7797000,91.4422,8133000,60,0.0,-36233.3333,0.1262,0.0,0.1045,0.0057,situacion_critica,calculado,alta,baja,inversion_productiva_observada | hobbies_identificados_sin_asumir_que_deban_eliminarse,balance_operativo_negativo | cobertura_esencial_reducida | recuperacion_demora_mas_de_20_dias,destino_del_efectivo_fuera_del_banco,La liquidez resulta insuficiente frente a necesidades esenciales y la posición negativa persiste. Evaluación entre 2026-04-01 y 2026-05-31; no describe permanentemente a la persona.,historia_controlada_y_metricas_observadas,test,situacion_critica,si,roadmap_14_mvp_cerrado_v1.1,fincoah_mvp_co_v1.1,a032798c9635b24f1ab61d6acd32b53be38e89ff277a513693ca111aaa84d416
VEN_0140_3,PERF_0140,dentro_del_mvp,2026-06-30,2026-04-01,2026-06-30,acumulada_91_dias,91,93,0.9570,3809000,0,870000,280000,275000,16246000,8976000,1310000,3246000,1025000,0,171200,-10840800,10194475,10326475,21480000,-12437000,144.7705,12773000,90,0.0,-12688.8889,0.1181,0.0,0.1859,0.0129,situacion_critica,calculado,alta,baja,inversion_productiva_observada | hobbies_identificados_sin_asumir_que_deban_eliminarse,balance_operativo_negativo | cobertura_esencial_reducida | recuperacion_demora_mas_de_20_dias,destino_del_efectivo_fuera_del_banco,La liquidez resulta insuficiente frente a necesidades esenciales y la posición negativa persiste. Evaluación entre 2026-04-01 y 2026-06-30; no describe permanentemente a la persona.,historia_controlada_y_metricas_observadas,test,situacion_critica,si,roadmap_14_mvp_cerrado_v1.1,fincoah_mvp_co_v1.1,f50c26d77c5bb316cb3eae1f3f7b679562241f7dfb698fc0699d18ea77cd2b94
VEN_0141_1,PERF_0141,dentro_del_mvp,2026-04-30,2026-04-01,2026-04-30,acumulada_30_dias,30,31,1.0000,10855000,0,0,0,0,6825000,4313000,315000,1214000,894000,0,16591655,20621655,11888568,11244888,17680000,4030000,0.0,3698000,0,1.0,648042.8571,0.0,4.7813,0.0,-0.0541,acumulacion_estable,calculado,alta,baja,balance_operativo_no_negativo | cobertura_esencial_superior_a_un_mes | recuperacion_consistente | inversion_productiva_observada | hobbies_identificados_sin_asumir_que_deban_eliminarse,sin_factor_de_atencion_dominante,ninguna_relevante_para_el_periodo,"El periodo conserva balance favorable, liquidez creciente y cobertura suficiente. Evaluación entre 2026-04-01 y 2026-04-30; no describe permanentemente a la persona.",historia_controlada_y_metricas_observadas,train,acumulacion_estable,si,roadmap_14_mvp_cerrado_v1.1,fincoah_mvp_co_v1.1,7e6acfb0bb3849afc5a965faa292af0913665540bfac6e4d2d9098030fb30640
VEN_0141_2,PERF_0141,dentro_del_mvp,2026-05-31,2026-04-01,2026-05-31,acumulada_61_dias,61,62,0.9839,22853000,0,0,110000,0,13650000,8833000,625000,2667000,1526000,0,16591655,25904655,11888568,10789848,36613000,9203000,0.0,3698000,6,0.875,129733.3333,0.05,5.8654,0.0,-0.0924,acumulacion_estable,calculado,alta,baja,balance_operativo_no_negativo | cobertura_esencial_superior_a_un_mes | recuperacion_consistente | inversion_productiva_observada | hobbies_identificados_sin_asumir_que_deban_eliminarse,sin_factor_de_atencion_dominante,ninguna_relevante_para_el_periodo,"El periodo conserva balance favorable, liquidez creciente y cobertura suficiente. Evaluación entre 2026-04-01 y 2026-05-31; no describe permanentemente a la persona.",historia_controlada_y_metricas_observadas,train,acumulacion_estable,si,roadmap_14_mvp_cerrado_v1.1,fincoah_mvp_co_v1.1,e96fd202764d82f1184ddc24c4d9b017f997dcfdc1b9a2f2d4afab895b55188e
VEN_0141_3,PERF_0141,dentro_del_mvp,2026-06-30,2026-04-01,2026-06-30,acumulada_91_dias,91,93,0.9785,34370000,0,0,110000,0,20475000,13134000,1033000,4048000,2260000,0,16591655,30596655,11888568,10261368,54955000,13895000,0.0,3698000,0,1.0,16622.2222,0.0409,6.9887,0.0,-0.1369,acumulacion_estable,calculado,alta,baja,balance_operativo_no_negativo | cobertura_esencial_superior_a_un_mes | recuperacion_consistente | inversion_productiva_observada | hobbies_identificados_sin_asumir_que_deban_eliminarse,sin_factor_de_atencion_dominante,ninguna_relevante_para_el_periodo,"El periodo conserva balance favorable, liquidez creciente y cobertura suficiente. Evaluación entre 2026-04-01 y 2026-06-30; no describe permanentemente a la persona.",historia_controlada_y_metricas_observadas,train,acumulacion_estable,si,roadmap_14_mvp_cerrado_v1.1,fincoah_mvp_co_v1.1,4dade36c97bcb13130e5dc8d54886ede7abb5d67b011a29361ed7089e57e91ae
VEN_0142_1,PERF_0142,dentro_del_mvp,2026-04-30,2026-04-01,2026-04-30,acumulada_30_dias,30,33,0.9697,7838000,0,0,0,0,6660000,3743000,717000,779000,0,0,9374467,10552467,0,0,14498000,1178000,0.0,4020000,21,0.8469,-9538.0952,0.0,2.8193,0.0,0.0,equilibrio_sostenible,calculado,alta,baja,balance_operativo_no_negativo | cobertura_esencial_superior_a_un_mes | recuperacion_consistente | inversion_productiva_observada | hobbies_identificados_sin_asumir_que_deban_eliminarse,recuperacion_demora_mas_de_20_dias,destino_del_efectivo_fuera_del_banco,El periodo permanece cerca del equilibrio y mantiene cubiertas las obligaciones observadas. Evaluación entre 2026-04-01 y 2026-04-30; no describe permanentemente a la persona.,historia_controlada_y_metricas_observadas,train,equilibrio_sostenible,si,roadmap_14_mvp_cerrado_v1.1,fincoah_mvp_co_v1.1,de38b70ce9498c33a4cd80823735767867dce90c97d6170f6b4a94cce694ca24
VEN_0142_2,PERF_0142,dentro_del_mvp,2026-05-31,2026-04-01,2026-05-31,acumulada_61_dias,61,66,0.9545,15341000,0,0,0,0,13320000,7736000,895000,2116000,0,0,9374467,11395467,0,0,28661000,2021000,0.0,4520000,52,0.926,20533.3333,0.0218,2.9461,0.0,0.0,equilibrio_sostenible,calculado,alta,baja,balance_operativo_no_negativo | cobertura_esencial_superior_a_un_mes | recuperacion_consistente | inversion_productiva_observada | hobbies_identificados_sin_asumir_que_deban_eliminarse,recuperacion_demora_mas_de_20_dias,destino_del_efectivo_fuera_del_banco,El periodo permanece cerca del equilibrio y mantiene cubiertas las obligaciones observadas. Evaluación entre 2026-04-01 y 2026-05-31; no describe permanentemente a la persona.,historia_controlada_y_metricas_observadas,train,equilibrio_sostenible,si,roadmap_14_mvp_cerrado_v1.1,fincoah_mvp_co_v1.1,d64bc7ba5c909210cdf3d7994301b5521001d7c06221a0d671d8b7983723c43c
VEN_0142_3,PERF_0142,dentro_del_mvp,2026-06-30,2026-04-01,2026-06-30,acumulada_91_dias,91,98,0.9592,22886000,0,0,0,0,19980000,11374000,970000,3023000,0,0,9374467,12280467,0,0,42866000,2906000,0.0,4621000,23,0.9002,61977.7778,0.0195,3.2391,0.0,0.0,equilibrio_sostenible,calculado,alta,baja,balance_operativo_no_negativo | cobertura_esencial_superior_a_un_mes | recuperacion_consistente | inversion_productiva_observada | hobbies_identificados_sin_asumir_que_deban_eliminarse,recuperacion_demora_mas_de_20_dias,destino_del_efectivo_fuera_del_banco,El periodo permanece cerca del equilibrio y mantiene cubiertas las obligaciones observadas. Evaluación entre 2026-04-01 y 2026-06-30; no describe permanentemente a la persona.,historia_controlada_y_metricas_observadas,train,equilibrio_sostenible,si,roadmap_14_mvp_cerrado_v1.1,fincoah_mvp_co_v1.1,2a71a40c59988ee4139c289d714dc83ded577e95a7a1b6e288628ff97b7b7c3b
VEN_0143_1,PERF_0143,dentro_del_mvp,2026-04-30,2026-04-01,2026-04-30,acumulada_30_dias,30,32,1.0000,5558000,0,0,0,0,5010000,2935000,203000,1363000,228000,0,14139321,14687321,9766422,9602262,10568000,548000,0.0,1429000,5,0.8,17238.0952,0.0,5.0042,0.0,-0.0168,equilibrio_sostenible,calculado,alta,baja,balance_operativo_no_negativo | cobertura_esencial_superior_a_un_mes | recuperacion_consistente | inversion_productiva_observada | hobbies_identificados_sin_asumir_que_deban_eliminarse,sin_factor_de_atencion_dominante,ninguna_relevante_para_el_periodo,El periodo permanece cerca del equilibrio y mantiene cubiertas las obligaciones observadas. Evaluación entre 2026-04-01 y 2026-04-30; no describe permanentemente a la persona.,historia_controlada_y_metricas_observadas,validation,variable_resiliente,si,roadmap_14_mvp_cerrado_v1.1,fincoah_mvp_co_v1.1,60423b7bd76e952c0804c5b58b79df68b6e03da1f7d0fc7f1e5d7de3b0b3f589
VEN_0143_2,PERF_0143,dentro_del_mvp,2026-05-31,2026-04-01,2026-05-31,acumulada_61_dias,61,64,0.9844,10174000,0,0,0,0,11721000,6535000,701000,2908000,541000,0,14139321,12592321,9766422,9376902,21895000,-1547000,0.0,3847000,36,0.8649,-62666.6667,0.0926,3.8538,0.0,-0.0399,variable_resiliente,calculado,alta,baja,cobertura_esencial_superior_a_un_mes | recuperacion_consistente | inversion_productiva_observada | hobbies_identificados_sin_asumir_que_deban_eliminarse,balance_operativo_negativo | recuperacion_demora_mas_de_20_dias,ninguna_relevante_para_el_periodo,"Los ingresos fluctúan, pero el periodo muestra recuperación y cobertura sin convertir la variabilidad en riesgo. Evaluación entre 2026-04-01 y 2026-05-31; no describe permanentemente a la persona.",historia_controlada_y_metricas_observadas,validation,variable_resiliente,si,roadmap_14_mvp_cerrado_v1.1,fincoah_mvp_co_v1.1,8ea3bbbb8e3f2883253c60e00cd7a9772d51c7d0bba6ca50a06d67e830db4bde
VEN_0143_3,PERF_0143,dentro_del_mvp,2026-06-30,2026-04-01,2026-06-30,acumulada_91_dias,91,95,0.9684,17468000,0,0,0,0,15222000,8902000,1035000,3090000,977000,0,14139321,16385321,9766422,9062982,32690000,2246000,0.0,3847000,4,0.8571,114777.7778,0.1905,5.5219,0.0,-0.072,variable_resiliente,calculado,alta,baja,balance_operativo_no_negativo | cobertura_esencial_superior_a_un_mes | recuperacion_consistente | inversion_productiva_observada | hobbies_identificados_sin_asumir_que_deban_eliminarse,sin_factor_de_atencion_dominante,destino_del_efectivo_fuera_del_banco,"Los ingresos fluctúan, pero el periodo muestra recuperación y cobertura sin convertir la variabilidad en riesgo. Evaluación entre 2026-04-01 y 2026-06-30; no describe permanentemente a la persona.",historia_controlada_y_metricas_observadas,validation,variable_resiliente,si,roadmap_14_mvp_cerrado_v1.1,fincoah_mvp_co_v1.1,b4ffb922248292f848341857c57b76b837c8b6d863629214bad300615702cef1
VEN_0144_1,PERF_0144,dentro_del_mvp,2026-04-30,2026-04-01,2026-04-30,acumulada_30_dias,30,32,1.0000,5364000,0,0,0,0,3329000,2215000,0,574000,0,0,8833944,10868944,0,0,8693000,2035000,0.0,453000,0,1.0,120238.0952,0.0,4.907,0.0,0.0,acumulacion_estable,calculado,alta,baja,balance_operativo_no_negativo | cobertura_esencial_superior_a_un_mes | recuperacion_consistente | inversion_productiva_observada,sin_factor_de_atencion_dominante,ninguna_relevante_para_el_periodo,"El periodo conserva balance favorable, liquidez creciente y cobertura suficiente. Evaluación entre 2026-04-01 y 2026-04-30; no describe permanentemente a la persona.",historia_controlada_y_metricas_observadas,train,uso_planificado_reserva,si,roadmap_14_mvp_cerrado_v1.1,fincoah_mvp_co_v1.1,94ac57075af20c625a03788f31b727f05859c74b0de1c4d5f6f7d6d8ffadebb8
VEN_0144_2,PERF_0144,dentro_del_mvp,2026-05-31,2026-04-01,2026-05-31,acumulada_61_dias,61,64,0.9844,8999000,0,0,0,0,12083000,8149000,0,1360000,0,0,8833944,5749944,0,0,21082000,-3084000,0.0,5658000,29,0.7693,-238666.6667,0.1921,1.4112,0.0,0.0,uso_planificado_reserva,calculado,alta,baja,cobertura_esencial_superior_a_un_mes | recuperacion_consistente | inversion_productiva_observada,balance_operativo_negativo | recuperacion_demora_mas_de_20_dias,destino_del_efectivo_fuera_del_banco,El balance negativo se explica por una salida alineada con una meta y existe reserva para absorberla. Evaluación entre 2026-04-01 y 2026-05-31; no describe permanentemente a la persona.,historia_controlada_y_metricas_observadas,train,uso_planificado_reserva,si,roadmap_14_mvp_cerrado_v1.1,fincoah_mvp_co_v1.1,1059944f03582581a069b9bd3fb555f3680696a28fc4163112c86b75b5a035db
VEN_0144_3,PERF_0144,dentro_del_mvp,2026-06-30,2026-04-01,2026-06-30,acumulada_91_dias,91,96,0.9896,12851000,0,0,220000,0,20837000,13582000,420000,3719000,0,0,8833944,1067944,0,0,33908000,-7986000,0.0,10667000,59,0.7627,-101866.6667,0.1795,0.2359,0.0,0.0,uso_planificado_reserva,calculado,alta,baja,recuperacion_consistente | inversion_productiva_observada | hobbies_identificados_sin_asumir_que_deban_eliminarse,balance_operativo_negativo | cobertura_esencial_reducida | recuperacion_demora_mas_de_20_dias,destino_del_efectivo_fuera_del_banco,El balance negativo se explica por una salida alineada con una meta y existe reserva para absorberla. Evaluación entre 2026-04-01 y 2026-06-30; no describe permanentemente a la persona.,historia_controlada_y_metricas_observadas,train,uso_planificado_reserva,si,roadmap_14_mvp_cerrado_v1.1,fincoah_mvp_co_v1.1,fd0b1b0a6dee98879b9b91526a81e5ee60f2816d2eec99249d5886942a1a8dc5
VEN_0145_1,PERF_0145,dentro_del_mvp,2026-04-30,2026-04-01,2026-04-30,acumulada_30_dias,30,31,1.0000,1997000,0,0,50000,0,1961000,833000,70000,827000,0,0,1950755,2036755,0,0,4008000,36000,0.0,1037000,20,0.8042,-40052.381,0.0,2.4451,0.0,0.0,equilibrio_sostenible,calculado,alta,baja,balance_operativo_no_negativo | cobertura_esencial_superior_a_un_mes | recuperacion_consistente | inversion_productiva_observada | hobbies_identificados_sin_asumir_que_deban_eliminarse,sin_factor_de_atencion_dominante,ninguna_relevante_para_el_periodo,El periodo permanece cerca del equilibrio y mantiene cubiertas las obligaciones observadas. Evaluación entre 2026-04-01 y 2026-04-30; no describe permanentemente a la persona.,historia_controlada_y_metricas_observadas,test,deterioro_reciente,si,roadmap_14_mvp_cerrado_v1.1,fincoah_mvp_co_v1.1,30b836beaeafb20709120e2d167220a43e72e8cce495f1bf2177b0cdf6d19b54
VEN_0145_2,PERF_0145,dentro_del_mvp,2026-05-31,2026-04-01,2026-05-31,acumulada_61_dias,61,61,0.9672,4192000,0,0,280000,0,3922000,2120000,248000,1023000,0,0,1950755,2500755,0,0,8394000,270000,0.0,1137000,7,0.8,13533.3333,0.0472,2.3592,0.0,0.0,equilibrio_sostenible,calculado,alta,baja,balance_operativo_no_negativo | cobertura_esencial_superior_a_un_mes | recuperacion_consistente | inversion_productiva_observada | hobbies_identificados_sin_asumir_que_deban_eliminarse,sin_factor_de_atencion_dominante,destino_del_efectivo_fuera_del_banco,El periodo permanece cerca del equilibrio y mantiene cubiertas las obligaciones observadas. Evaluación entre 2026-04-01 y 2026-05-31; no describe permanentemente a la persona.,historia_controlada_y_metricas_observadas,test,deterioro_reciente,si,roadmap_14_mvp_cerrado_v1.1,fincoah_mvp_co_v1.1,071553c0f4e93ab57eeccb324815fa5c0d62283b3ade26f6ed22e45c33ff6f38
VEN_0145_3,PERF_0145,dentro_del_mvp,2026-06-30,2026-04-01,2026-06-30,acumulada_91_dias,91,91,0.9670,5710000,0,0,280000,0,6771000,4067000,397000,1188000,0,0,1950755,1169755,0,0,12761000,-1061000,0.0,2224000,37,0.8239,-60111.1111,0.1493,0.8629,0.0,0.0,deterioro_reciente,calculado,alta,baja,recuperacion_consistente | inversion_productiva_observada | hobbies_identificados_sin_asumir_que_deban_eliminarse,balance_operativo_negativo | cobertura_esencial_reducida | recuperacion_demora_mas_de_20_dias,destino_del_efectivo_fuera_del_banco,El cierre reciente empeora frente al inicio del periodo y la recuperación es parcial. Evaluación entre 2026-04-01 y 2026-06-30; no describe permanentemente a la persona.,historia_controlada_y_metricas_observadas,test,deterioro_reciente,si,roadmap_14_mvp_cerrado_v1.1,fincoah_mvp_co_v1.1,ca94b3e072e8191e8a53cf5ee5dec4a21cfa0a32940114946a84527010d1c75c
VEN_0146_1,PERF_0146,dentro_del_mvp,2026-04-30,2026-04-01,2026-04-30,acumulada_30_dias,30,33,0.9091,6803000,0,0,0,0,10323000,6578000,950000,1728000,978000,0,573765,-2946235,14859858,14155698,17126000,-3520000,8.781,3185000,26,0.6104,-48733.3333,0.0,0.0,0.0,-0.0474,deterioro_reciente,calculado,media,media,inversion_productiva_observada | hobbies_identificados_sin_asumir_que_deban_eliminarse,balance_operativo_negativo | cobertura_esencial_reducida | recuperacion_demora_mas_de_20_dias,destino_del_efectivo_fuera_del_banco,El cierre reciente empeora frente al inicio del periodo y la recuperación es parcial. Evaluación entre 2026-04-01 y 2026-04-30; no describe permanentemente a la persona.,historia_controlada_y_metricas_observadas,train,fragilidad_sostenida,si,roadmap_14_mvp_cerrado_v1.1,fincoah_mvp_co_v1.1,1f8f87d43e43cd4a9d2ec317d22367702f33548a1bd7c839141cf2fe51cc2ae2
VEN_0146_2,PERF_0146,dentro_del_mvp,2026-05-31,2026-04-01,2026-05-31,acumulada_61_dias,61,66,0.9394,11005000,0,878000,0,0,23499000,14266000,2949000,4374000,1445000,0,573765,-11042235,14859858,14697458,35382000,-12494000,33.1181,11831000,57,0.5158,-215366.6667,0.2363,0.0,0.0739,-0.0109,fragilidad_sostenida,calculado,media,media,inversion_productiva_observada | hobbies_identificados_sin_asumir_que_deban_eliminarse,balance_operativo_negativo | cobertura_esencial_reducida | recuperacion_demora_mas_de_20_dias,destino_del_efectivo_fuera_del_banco,"El déficit persiste, la cobertura se reduce y la deuda gana peso durante el periodo. Evaluación entre 2026-04-01 y 2026-05-31; no describe permanentemente a la persona.",historia_controlada_y_metricas_observadas,train,fragilidad_sostenida,si,roadmap_14_mvp_cerrado_v1.1,fincoah_mvp_co_v1.1,eb2b9221ffe6fd823d45ca404d04569652a42dbea2ced2bb11994df73146f629
VEN_0146_3,PERF_0146,dentro_del_mvp,2026-06-30,2026-04-01,2026-06-30,acumulada_91_dias,91,98,0.9388,15734000,0,878000,0,0,36675000,21953000,4320000,5449000,1782000,0,573765,-19489235,14859858,14454818,53287000,-20941000,56.3944,19903000,87,0.5,13066.6667,0.2141,0.0,0.0529,-0.0273,fragilidad_sostenida,calculado,media,media,inversion_productiva_observada | hobbies_identificados_sin_asumir_que_deban_eliminarse,balance_operativo_negativo | cobertura_esencial_reducida | recuperacion_demora_mas_de_20_dias,destino_del_efectivo_fuera_del_banco,"El déficit persiste, la cobertura se reduce y la deuda gana peso durante el periodo. Evaluación entre 2026-04-01 y 2026-06-30; no describe permanentemente a la persona.",historia_controlada_y_metricas_observadas,train,fragilidad_sostenida,si,roadmap_14_mvp_cerrado_v1.1,fincoah_mvp_co_v1.1,5082d0fa8b691b90e4c4113fd9a2db2a4126f01bc001903430641038e78bbc3b
VEN_0147_1,PERF_0147,dentro_del_mvp,2026-04-30,2026-04-01,2026-04-30,acumulada_30_dias,30,33,0.8788,3742000,0,0,0,0,11358000,4948000,658000,3703000,0,0,2192159,-5423841,12579836,12579836,15100000,-7616000,13.1544,7616000,29,0.0,-152361.9048,0.0,0.0,0.0,0.0,fragilidad_sostenida,calculado,media,media,inversion_productiva_observada | hobbies_identificados_sin_asumir_que_deban_eliminarse,balance_operativo_negativo | cobertura_esencial_reducida | recuperacion_demora_mas_de_20_dias,destino_del_efectivo_fuera_del_banco,"El déficit persiste, la cobertura se reduce y la deuda gana peso durante el periodo. Evaluación entre 2026-04-01 y 2026-04-30; no describe permanentemente a la persona.",historia_controlada_y_metricas_observadas,train,situacion_critica,si,roadmap_14_mvp_cerrado_v1.1,fincoah_mvp_co_v1.1,6b7979d431255396e214e6d915056a90af08200429107a8b158cc3ca0965885c
VEN_0147_2,PERF_0147,dentro_del_mvp,2026-05-31,2026-04-01,2026-05-31,acumulada_61_dias,61,66,0.9394,7097000,0,1388000,90000,0,25701000,14990000,1292000,5115000,691000,0,2192159,-14933841,12579836,13470316,34276000,-18604000,63.8722,19004000,60,0.021,67200.0,0.0545,0.0,0.1636,0.0708,situacion_critica,calculado,media,media,inversion_productiva_observada | hobbies_identificados_sin_asumir_que_deban_eliminarse,balance_operativo_negativo | cobertura_esencial_reducida | deuda_creciente | recuperacion_demora_mas_de_20_dias,destino_del_efectivo_fuera_del_banco,La liquidez resulta insuficiente frente a necesidades esenciales y la posición negativa persiste. Evaluación entre 2026-04-01 y 2026-05-31; no describe permanentemente a la persona.,historia_controlada_y_metricas_observadas,train,situacion_critica,si,roadmap_14_mvp_cerrado_v1.1,fincoah_mvp_co_v1.1,089d9422735b359f376060be34581b0619eeabbdd6cbdf21356dec26fe937531
VEN_0147_3,PERF_0147,dentro_del_mvp,2026-06-30,2026-04-01,2026-06-30,acumulada_91_dias,91,99,0.9394,10045000,0,2776000,90000,0,40044000,24801000,2099000,7472000,2166000,0,2192159,-24940841,12579836,13796316,52955000,-29999000,117.1143,29999000,90,0.0,46733.3333,0.0968,0.0,0.2165,0.0967,situacion_critica,calculado,media,media,inversion_productiva_observada | hobbies_identificados_sin_asumir_que_deban_eliminarse,balance_operativo_negativo | cobertura_esencial_reducida | deuda_creciente | recuperacion_demora_mas_de_20_dias,destino_del_efectivo_fuera_del_banco,La liquidez resulta insuficiente frente a necesidades esenciales y la posición negativa persiste. Evaluación entre 2026-04-01 y 2026-06-30; no describe permanentemente a la persona.,historia_controlada_y_metricas_observadas,train,situacion_critica,si,roadmap_14_mvp_cerrado_v1.1,fincoah_mvp_co_v1.1,5e4ec006669e9e76a70600844d887d74da3342fe0004d5cb3122bc4c28009117
VEN_0148_1,PERF_0148,dentro_del_mvp,2026-04-30,2026-04-01,2026-04-30,acumulada_30_dias,30,31,0.9355,4130000,0,0,0,0,2455000,1642000,204000,148000,0,0,4319284,5994284,0,0,6585000,1675000,0.0,2093000,0,1.0,376319.0476,0.0,3.6506,0.0,0.0,acumulacion_estable,calculado,media,media,balance_operativo_no_negativo | cobertura_esencial_superior_a_un_mes | recuperacion_consistente | inversion_productiva_observada | hobbies_identificados_sin_asumir_que_deban_eliminarse,sin_factor_de_atencion_dominante,destino_del_efectivo_fuera_del_banco,"El periodo conserva balance favorable, liquidez creciente y cobertura suficiente. Evaluación entre 2026-04-01 y 2026-04-30; no describe permanentemente a la persona.",historia_controlada_y_metricas_observadas,train,acumulacion_estable,si,roadmap_14_mvp_cerrado_v1.1,fincoah_mvp_co_v1.1,5a5cd3882befdb737a27c630f9559e1d7db12670e073cfec72a0d85b93dc2c84
VEN_0148_2,PERF_0148,dentro_del_mvp,2026-05-31,2026-04-01,2026-05-31,acumulada_61_dias,61,62,0.9516,8208000,0,0,0,0,4910000,2986000,452000,609000,0,0,4319284,7617284,0,0,13118000,3298000,0.0,2182000,3,0.6667,-1800.0,0.0063,5.102,0.0,0.0,acumulacion_estable,calculado,alta,baja,balance_operativo_no_negativo | cobertura_esencial_superior_a_un_mes | inversion_productiva_observada | hobbies_identificados_sin_asumir_que_deban_eliminarse,sin_factor_de_atencion_dominante,destino_del_efectivo_fuera_del_banco,"El periodo conserva balance favorable, liquidez creciente y cobertura suficiente. Evaluación entre 2026-04-01 y 2026-05-31; no describe permanentemente a la persona.",historia_controlada_y_metricas_observadas,train,acumulacion_estable,si,roadmap_14_mvp_cerrado_v1.1,fincoah_mvp_co_v1.1,78c7363265b7f7fab5c62168d9e8a47f7ea17b2627d81f548b8f33c679e01ccc
VEN_0148_3,PERF_0148,dentro_del_mvp,2026-06-30,2026-04-01,2026-06-30,acumulada_91_dias,91,92,0.9565,12166000,0,0,0,0,7365000,4368000,753000,1026000,0,0,4319284,9120284,0,0,19531000,4801000,0.0,2619000,2,0.75,68733.3333,0.0178,6.2639,0.0,0.0,acumulacion_estable,calculado,alta,baja,balance_operativo_no_negativo | cobertura_esencial_superior_a_un_mes | recuperacion_consistente | inversion_productiva_observada | hobbies_identificados_sin_asumir_que_deban_eliminarse,sin_factor_de_atencion_dominante,destino_del_efectivo_fuera_del_banco,"El periodo conserva balance favorable, liquidez creciente y cobertura suficiente. Evaluación entre 2026-04-01 y 2026-06-30; no describe permanentemente a la persona.",historia_controlada_y_metricas_observadas,train,acumulacion_estable,si,roadmap_14_mvp_cerrado_v1.1,fincoah_mvp_co_v1.1,5dbebb21ef2786b28a248b977519b3261ef87e4a132847a619d1565a54f63aac
VEN_0149_1,PERF_0149,dentro_del_mvp,2026-04-30,2026-04-01,2026-04-30,acumulada_30_dias,30,33,0.9697,3988000,0,0,0,0,3602000,2202000,454000,445000,189000,0,7128327,7514327,5182903,5046823,7590000,386000,0.0,2224000,26,0.7981,5057.1429,0.0,3.4125,0.0,-0.0263,equilibrio_sostenible,calculado,alta,baja,balance_operativo_no_negativo | cobertura_esencial_superior_a_un_mes | recuperacion_consistente | inversion_productiva_observada | hobbies_identificados_sin_asumir_que_deban_eliminarse,recuperacion_demora_mas_de_20_dias,destino_del_efectivo_fuera_del_banco,El periodo permanece cerca del equilibrio y mantiene cubiertas las obligaciones observadas. Evaluación entre 2026-04-01 y 2026-04-30; no describe permanentemente a la persona.,historia_controlada_y_metricas_observadas,train,equilibrio_sostenible,si,roadmap_14_mvp_cerrado_v1.1,fincoah_mvp_co_v1.1,06beae8493eca27abb8c2cf02a8174b1430ba05bb30fecfc1f710cfacc7abf8e
VEN_0149_2,PERF_0149,dentro_del_mvp,2026-05-31,2026-04-01,2026-05-31,acumulada_61_dias,61,66,0.9697,8091000,0,0,0,0,7204000,3711000,755000,1699000,434000,0,7128327,8015327,5182903,4870423,15295000,887000,0.0,2224000,5,0.6667,-1900.0,0.0142,4.3198,0.0,-0.0603,equilibrio_sostenible,calculado,alta,baja,balance_operativo_no_negativo | cobertura_esencial_superior_a_un_mes | inversion_productiva_observada | hobbies_identificados_sin_asumir_que_deban_eliminarse,sin_factor_de_atencion_dominante,destino_del_efectivo_fuera_del_banco,El periodo permanece cerca del equilibrio y mantiene cubiertas las obligaciones observadas. Evaluación entre 2026-04-01 y 2026-05-31; no describe permanentemente a la persona.,historia_controlada_y_metricas_observadas,train,equilibrio_sostenible,si,roadmap_14_mvp_cerrado_v1.1,fincoah_mvp_co_v1.1,f9732364f289c39cbba8064a69b68cfaddee9ef6ff5b7e35ebfb87fb7cbdd8f7
VEN_0149_3,PERF_0149,dentro_del_mvp,2026-06-30,2026-04-01,2026-06-30,acumulada_91_dias,91,99,0.9596,11857000,0,0,0,0,10806000,5806000,1047000,2290000,812000,0,7128327,8179327,5182903,4598263,22663000,1051000,0.0,2224000,27,0.7752,40511.1111,0.0354,4.2263,0.0,-0.1128,equilibrio_sostenible,calculado,alta,baja,balance_operativo_no_negativo | cobertura_esencial_superior_a_un_mes | recuperacion_consistente | inversion_productiva_observada | hobbies_identificados_sin_asumir_que_deban_eliminarse,recuperacion_demora_mas_de_20_dias,destino_del_efectivo_fuera_del_banco,El periodo permanece cerca del equilibrio y mantiene cubiertas las obligaciones observadas. Evaluación entre 2026-04-01 y 2026-06-30; no describe permanentemente a la persona.,historia_controlada_y_metricas_observadas,train,equilibrio_sostenible,si,roadmap_14_mvp_cerrado_v1.1,fincoah_mvp_co_v1.1,4642a770d18cd6b0765b5ba506f1fffc6d28247d03f9aa391ec3930b3b491465
VEN_0150_1,PERF_0150,dentro_del_mvp,2026-04-30,2026-04-01,2026-04-30,acumulada_30_dias,30,34,0.9706,3931000,0,0,190000,0,3117000,1705000,86000,913000,434000,0,2007940,3011940,7924293,7611813,7238000,814000,0.0,1289000,14,0.8,-215271.4286,0.0,1.7665,0.0,-0.0394,equilibrio_sostenible,calculado,alta,baja,balance_operativo_no_negativo | cobertura_esencial_superior_a_un_mes | recuperacion_consistente | inversion_productiva_observada | hobbies_identificados_sin_asumir_que_deban_eliminarse,sin_factor_de_atencion_dominante,ninguna_relevante_para_el_periodo,El periodo permanece cerca del equilibrio y mantiene cubiertas las obligaciones observadas. Evaluación entre 2026-04-01 y 2026-04-30; no describe permanentemente a la persona.,historia_controlada_y_metricas_observadas,train,variable_resiliente,si,roadmap_14_mvp_cerrado_v1.1,fincoah_mvp_co_v1.1,098df70dec9869b9437ce2dc2b0c8a24351f0715d7f74ff8fe6bb785fd3eff48
VEN_0150_2,PERF_0150,dentro_del_mvp,2026-05-31,2026-04-01,2026-05-31,acumulada_61_dias,61,67,0.9701,6539000,0,0,420000,0,7292000,3596000,659000,1816000,434000,0,2007940,1674940,7924293,7611813,14251000,-753000,0.0,3118000,45,0.8168,-61400.0,0.2023,0.9316,0.0,-0.0394,variable_resiliente,calculado,alta,baja,recuperacion_consistente | inversion_productiva_observada | hobbies_identificados_sin_asumir_que_deban_eliminarse,balance_operativo_negativo | cobertura_esencial_reducida | recuperacion_demora_mas_de_20_dias,destino_del_efectivo_fuera_del_banco,"Los ingresos fluctúan, pero el periodo muestra recuperación y cobertura sin convertir la variabilidad en riesgo. Evaluación entre 2026-04-01 y 2026-05-31; no describe permanentemente a la persona.",historia_controlada_y_metricas_observadas,train,variable_resiliente,si,roadmap_14_mvp_cerrado_v1.1,fincoah_mvp_co_v1.1,da3151b7b91d884e8a519416c2d07e45c2d23b8e7200b832e689eb15ce684f3a
VEN_0150_3,PERF_0150,dentro_del_mvp,2026-06-30,2026-04-01,2026-06-30,acumulada_91_dias,91,100,0.9800,9111000,279000,0,420000,0,11467000,5633000,1071000,3002000,728000,0,2007940,350940,7924293,7400133,21277000,-2356000,0.126,4459000,75,0.8,-6822.2222,0.2082,0.1869,0.0297,-0.0661,variable_resiliente,calculado,alta,baja,recuperacion_consistente | inversion_productiva_observada | hobbies_identificados_sin_asumir_que_deban_eliminarse,balance_operativo_negativo | cobertura_esencial_reducida | recuperacion_demora_mas_de_20_dias,destino_del_efectivo_fuera_del_banco,"Los ingresos fluctúan, pero el periodo muestra recuperación y cobertura sin convertir la variabilidad en riesgo. Evaluación entre 2026-04-01 y 2026-06-30; no describe permanentemente a la persona.",historia_controlada_y_metricas_observadas,train,variable_resiliente,si,roadmap_14_mvp_cerrado_v1.1,fincoah_mvp_co_v1.1,889ba7be0a8e6c6f868a3a4fb51855cc9ee024affe93acc97c60d5d256119f71
VEN_0151_1,PERF_0151,dentro_del_mvp,2026-04-30,2026-04-01,2026-04-30,acumulada_30_dias,30,32,0.9688,12267000,0,0,0,0,7357000,3551000,1305000,928000,0,0,21473008,26383008,0,0,19624000,4910000,0.0,3684000,0,1.0,787500.0,0.0,7.4297,0.0,0.0,acumulacion_estable,calculado,alta,baja,balance_operativo_no_negativo | cobertura_esencial_superior_a_un_mes | recuperacion_consistente | inversion_productiva_observada | hobbies_identificados_sin_asumir_que_deban_eliminarse,sin_factor_de_atencion_dominante,destino_del_efectivo_fuera_del_banco,"El periodo conserva balance favorable, liquidez creciente y cobertura suficiente. Evaluación entre 2026-04-01 y 2026-04-30; no describe permanentemente a la persona.",historia_controlada_y_metricas_observadas,train,uso_planificado_reserva,si,roadmap_14_mvp_cerrado_v1.1,fincoah_mvp_co_v1.1,46c6dfab270acfeb0bc9223367ca58d067cdbd92457ebea4e8cb3b8ab4279d82
VEN_0151_2,PERF_0151,dentro_del_mvp,2026-05-31,2026-04-01,2026-05-31,acumulada_61_dias,61,63,0.9524,19781000,1100000,0,0,0,26705000,15607000,3530000,4625000,0,0,21473008,15649008,0,0,47586000,-6924000,0.0,12386000,30,0.75,-600600.0,0.2403,2.0054,0.0527,0.0,uso_planificado_reserva,calculado,alta,baja,cobertura_esencial_superior_a_un_mes | recuperacion_consistente | inversion_productiva_observada | hobbies_identificados_sin_asumir_que_deban_eliminarse,balance_operativo_negativo | recuperacion_demora_mas_de_20_dias,destino_del_efectivo_fuera_del_banco,El balance negativo se explica por una salida alineada con una meta y existe reserva para absorberla. Evaluación entre 2026-04-01 y 2026-05-31; no describe permanentemente a la persona.,historia_controlada_y_metricas_observadas,train,uso_planificado_reserva,si,roadmap_14_mvp_cerrado_v1.1,fincoah_mvp_co_v1.1,f209b045fce61d09453b2bb3ce93a1c5ae719cbf99b8af3f2b7f341362137bdb
VEN_0151_3,PERF_0151,dentro_del_mvp,2026-06-30,2026-04-01,2026-06-30,acumulada_91_dias,91,94,0.9574,27846000,1100000,0,80000,0,46053000,26032000,6237000,8763000,0,0,21473008,4446008,0,0,75079000,-18207000,0.0,24197000,60,0.7555,-357666.6667,0.2287,0.5124,0.038,0.0,uso_planificado_reserva,calculado,alta,baja,recuperacion_consistente | inversion_productiva_observada | hobbies_identificados_sin_asumir_que_deban_eliminarse,balance_operativo_negativo | cobertura_esencial_reducida | recuperacion_demora_mas_de_20_dias,destino_del_efectivo_fuera_del_banco,El balance negativo se explica por una salida alineada con una meta y existe reserva para absorberla. Evaluación entre 2026-04-01 y 2026-06-30; no describe permanentemente a la persona.,historia_controlada_y_metricas_observadas,train,uso_planificado_reserva,si,roadmap_14_mvp_cerrado_v1.1,fincoah_mvp_co_v1.1,832204893f66fd998aa638d4123773328f4657c1b19e998599c756e1461da09d
VEN_0152_1,PERF_0152,dentro_del_mvp,2026-04-30,2026-04-01,2026-04-30,acumulada_30_dias,30,34,1.0000,5333000,242000,0,0,0,5087000,3719000,566000,385000,308000,0,9999621,10487621,3100170,2878410,10662000,246000,0.0,2289000,2,0.6667,87309.5238,0.0,2.82,0.0434,-0.0715,equilibrio_sostenible,calculado,alta,baja,balance_operativo_no_negativo | cobertura_esencial_superior_a_un_mes | inversion_productiva_observada | hobbies_identificados_sin_asumir_que_deban_eliminarse,sin_factor_de_atencion_dominante,ninguna_relevante_para_el_periodo,El periodo permanece cerca del equilibrio y mantiene cubiertas las obligaciones observadas. Evaluación entre 2026-04-01 y 2026-04-30; no describe permanentemente a la persona.,historia_controlada_y_metricas_observadas,train,deterioro_reciente,si,roadmap_14_mvp_cerrado_v1.1,fincoah_mvp_co_v1.1,ca77cbca2aa5e4622aedeaa1896468a5d97030a0409db26b2c1231af6c57909e
VEN_0152_2,PERF_0152,dentro_del_mvp,2026-05-31,2026-04-01,2026-05-31,acumulada_61_dias,61,67,0.9851,10447000,242000,0,0,0,10174000,7305000,1086000,1051000,308000,0,9999621,10514621,3100170,2878410,20863000,273000,0.0,3707000,28,0.9314,-7300.0,0.021,2.8787,0.0226,-0.0715,equilibrio_sostenible,calculado,alta,baja,balance_operativo_no_negativo | cobertura_esencial_superior_a_un_mes | recuperacion_consistente | inversion_productiva_observada | hobbies_identificados_sin_asumir_que_deban_eliminarse,recuperacion_demora_mas_de_20_dias,ninguna_relevante_para_el_periodo,El periodo permanece cerca del equilibrio y mantiene cubiertas las obligaciones observadas. Evaluación entre 2026-04-01 y 2026-05-31; no describe permanentemente a la persona.,historia_controlada_y_metricas_observadas,train,deterioro_reciente,si,roadmap_14_mvp_cerrado_v1.1,fincoah_mvp_co_v1.1,d74b0cd6930f84b70220ec285d1d077e83b1b2fe7a7bea4ea86346b678f8e280
VEN_0152_3,PERF_0152,dentro_del_mvp,2026-06-30,2026-04-01,2026-06-30,acumulada_91_dias,91,100,0.9700,14380000,550000,0,0,0,17564000,12417000,1491000,2280000,842000,0,9999621,7365621,3100170,2493930,32494000,-3184000,0.0,6340000,58,0.8236,13600.0,0.1283,1.7796,0.0368,-0.1956,deterioro_reciente,calculado,alta,baja,cobertura_esencial_superior_a_un_mes | recuperacion_consistente | inversion_productiva_observada | hobbies_identificados_sin_asumir_que_deban_eliminarse,balance_operativo_negativo | recuperacion_demora_mas_de_20_dias,ninguna_relevante_para_el_periodo,El cierre reciente empeora frente al inicio del periodo y la recuperación es parcial. Evaluación entre 2026-04-01 y 2026-06-30; no describe permanentemente a la persona.,historia_controlada_y_metricas_observadas,train,deterioro_reciente,si,roadmap_14_mvp_cerrado_v1.1,fincoah_mvp_co_v1.1,086e1d09d890803a42b5bec593610c1f6a41232c829c08bda253edc1ff7ff101
VEN_0153_1,PERF_0153,dentro_del_mvp,2026-04-30,2026-04-01,2026-04-30,acumulada_30_dias,30,32,1.0000,4006000,0,0,0,0,6938000,5139000,253000,1018000,673000,0,676283,-2255717,11732518,11247958,10944000,-2932000,15.6006,4641000,28,0.2368,255052.381,0.0,0.0,0.0,-0.0413,deterioro_reciente,calculado,alta,baja,inversion_productiva_observada | hobbies_identificados_sin_asumir_que_deban_eliminarse,balance_operativo_negativo | cobertura_esencial_reducida | recuperacion_demora_mas_de_20_dias,ninguna_relevante_para_el_periodo,El cierre reciente empeora frente al inicio del periodo y la recuperación es parcial. Evaluación entre 2026-04-01 y 2026-04-30; no describe permanentemente a la persona.,historia_controlada_y_metricas_observadas,validation,fragilidad_sostenida,si,roadmap_14_mvp_cerrado_v1.1,fincoah_mvp_co_v1.1,d6cbaac780ae770c54de951a5f9dbac5599eb9f3c29737f1479b708307dcc4b8
VEN_0153_2,PERF_0153,dentro_del_mvp,2026-05-31,2026-04-01,2026-05-31,acumulada_61_dias,61,63,1.0000,7125000,0,590000,130000,0,15794000,10512000,743000,3316000,673000,0,676283,-7272717,11732518,11837958,23639000,-8669000,39.2539,10552000,59,0.1206,75633.3333,0.1245,0.0,0.0765,0.009,fragilidad_sostenida,calculado,alta,baja,inversion_productiva_observada | hobbies_identificados_sin_asumir_que_deban_eliminarse,balance_operativo_negativo | cobertura_esencial_reducida | recuperacion_demora_mas_de_20_dias,ninguna_relevante_para_el_periodo,"El déficit persiste, la cobertura se reduce y la deuda gana peso durante el periodo. Evaluación entre 2026-04-01 y 2026-05-31; no describe permanentemente a la persona.",historia_controlada_y_metricas_observadas,validation,fragilidad_sostenida,si,roadmap_14_mvp_cerrado_v1.1,fincoah_mvp_co_v1.1,eaa317e0da38e7ea86e0deb3993cfa6c2862c9ecc918c9b1d3a5c751c191f1bf
VEN_0153_3,PERF_0153,dentro_del_mvp,2026-06-30,2026-04-01,2026-06-30,acumulada_91_dias,91,94,0.9894,9987000,0,1180000,130000,0,24650000,16922000,1455000,3876000,673000,0,676283,-12676717,11732518,12427958,35947000,-14663000,64.816,15359000,89,0.0056,55222.2222,0.1472,0.0,0.1057,0.0593,fragilidad_sostenida,calculado,alta,baja,inversion_productiva_observada | hobbies_identificados_sin_asumir_que_deban_eliminarse,balance_operativo_negativo | cobertura_esencial_reducida | deuda_creciente | recuperacion_demora_mas_de_20_dias,destino_del_efectivo_fuera_del_banco,"El déficit persiste, la cobertura se reduce y la deuda gana peso durante el periodo. Evaluación entre 2026-04-01 y 2026-06-30; no describe permanentemente a la persona.",historia_controlada_y_metricas_observadas,validation,fragilidad_sostenida,si,roadmap_14_mvp_cerrado_v1.1,fincoah_mvp_co_v1.1,b86b7a8ba68d3a0ce694c3689672af9296761e623d48459142be584425331b1a
VEN_0154_1,PERF_0154,dentro_del_mvp,2026-04-30,2026-04-01,2026-04-30,acumulada_30_dias,30,32,1.0000,5133000,0,994000,140000,0,14904000,8717000,1204000,4079000,818000,0,1783725,-6853275,33372333,33777373,21171000,-9771000,28.5699,10842000,28,0.1812,219909.5238,0.0,0.0,0.1622,0.0121,fragilidad_sostenida,calculado,alta,baja,inversion_productiva_observada | hobbies_identificados_sin_asumir_que_deban_eliminarse,balance_operativo_negativo | cobertura_esencial_reducida | recuperacion_demora_mas_de_20_dias,ninguna_relevante_para_el_periodo,"El déficit persiste, la cobertura se reduce y la deuda gana peso durante el periodo. Evaluación entre 2026-04-01 y 2026-04-30; no describe permanentemente a la persona.",historia_controlada_y_metricas_observadas,train,situacion_critica,si,roadmap_14_mvp_cerrado_v1.1,fincoah_mvp_co_v1.1,df2d84014a4ccb9c39df3e154efb9188f1d2319a3dfb73f2d243b66ac8fc7a71
VEN_0154_2,PERF_0154,dentro_del_mvp,2026-05-31,2026-04-01,2026-05-31,acumulada_61_dias,61,64,1.0000,8719000,0,2816000,140000,0,33725000,20158000,3419000,6740000,1972000,0,1783725,-20266275,33372333,34768493,45400000,-25006000,79.3188,24112000,59,0.0,71866.6667,0.1774,0.0,0.2441,0.0418,situacion_critica,calculado,alta,baja,inversion_productiva_observada | hobbies_identificados_sin_asumir_que_deban_eliminarse,balance_operativo_negativo | cobertura_esencial_reducida | recuperacion_demora_mas_de_20_dias,ninguna_relevante_para_el_periodo,La liquidez resulta insuficiente frente a necesidades esenciales y la posición negativa persiste. Evaluación entre 2026-04-01 y 2026-05-31; no describe permanentemente a la persona.,historia_controlada_y_metricas_observadas,train,situacion_critica,si,roadmap_14_mvp_cerrado_v1.1,fincoah_mvp_co_v1.1,432f3834eb11cfcb94ac2f93e8c3f446b72350c02b30793e348c76024fd44bf2
VEN_0154_3,PERF_0154,dentro_del_mvp,2026-06-30,2026-04-01,2026-06-30,acumulada_91_dias,91,96,0.9896,12577000,0,4638000,350000,0,52546000,31129000,4400000,10459000,1972000,0,1783725,-33197275,33372333,36590493,70111000,-39969000,132.3581,39075000,89,0.0,-41222.2222,0.1609,0.0,0.2694,0.0964,situacion_critica,calculado,alta,baja,inversion_productiva_observada | hobbies_identificados_sin_asumir_que_deban_eliminarse,balance_operativo_negativo | cobertura_esencial_reducida | deuda_creciente | recuperacion_demora_mas_de_20_dias,ninguna_relevante_para_el_periodo,La liquidez resulta insuficiente frente a necesidades esenciales y la posición negativa persiste. Evaluación entre 2026-04-01 y 2026-06-30; no describe permanentemente a la persona.,historia_controlada_y_metricas_observadas,train,situacion_critica,si,roadmap_14_mvp_cerrado_v1.1,fincoah_mvp_co_v1.1,d73c78aa2c1a08f56cea26c4cd12992e4ec19250bcc534f24033bf5561599bda
VEN_0155_1,PERF_0155,dentro_del_mvp,2026-04-30,2026-04-01,2026-04-30,acumulada_30_dias,30,31,1.0000,5221000,0,0,0,0,3382000,2083000,99000,856000,0,0,4555262,6394262,8977181,8977181,8603000,1839000,0.0,1059000,0,1.0,30271.4286,0.0,3.0697,0.0,0.0,acumulacion_estable,calculado,alta,baja,balance_operativo_no_negativo | cobertura_esencial_superior_a_un_mes | recuperacion_consistente | inversion_productiva_observada | hobbies_identificados_sin_asumir_que_deban_eliminarse,sin_factor_de_atencion_dominante,ninguna_relevante_para_el_periodo,"El periodo conserva balance favorable, liquidez creciente y cobertura suficiente. Evaluación entre 2026-04-01 y 2026-04-30; no describe permanentemente a la persona.",historia_controlada_y_metricas_observadas,train,acumulacion_estable,si,roadmap_14_mvp_cerrado_v1.1,fincoah_mvp_co_v1.1,057685102cbc760747625402d76e5471b81fa00bdba1caae821387d761978007
VEN_0155_2,PERF_0155,dentro_del_mvp,2026-05-31,2026-04-01,2026-05-31,acumulada_61_dias,61,62,1.0000,10464000,0,0,210000,0,6764000,4597000,99000,1280000,0,0,4555262,8465262,8977181,8977181,17438000,3700000,0.0,1413000,6,0.8571,-34200.0,0.0021,3.683,0.0,0.0,acumulacion_estable,calculado,alta,baja,balance_operativo_no_negativo | cobertura_esencial_superior_a_un_mes | recuperacion_consistente | inversion_productiva_observada | hobbies_identificados_sin_asumir_que_deban_eliminarse,sin_factor_de_atencion_dominante,ninguna_relevante_para_el_periodo,"El periodo conserva balance favorable, liquidez creciente y cobertura suficiente. Evaluación entre 2026-04-01 y 2026-05-31; no describe permanentemente a la persona.",historia_controlada_y_metricas_observadas,train,acumulacion_estable,si,roadmap_14_mvp_cerrado_v1.1,fincoah_mvp_co_v1.1,89a2016aa4a4e7e6bbffd263bcf0f7848648aa385472de92aad9b53045a7a870
VEN_0155_3,PERF_0155,dentro_del_mvp,2026-06-30,2026-04-01,2026-06-30,acumulada_91_dias,91,92,0.9783,16011000,0,0,210000,0,10146000,7407000,432000,1280000,227000,0,4555262,10630262,8977181,8813741,26367000,5865000,0.0,1413000,0,1.0,38155.5556,0.0279,4.3055,0.0,-0.0182,acumulacion_estable,calculado,alta,baja,balance_operativo_no_negativo | cobertura_esencial_superior_a_un_mes | recuperacion_consistente | inversion_productiva_observada | hobbies_identificados_sin_asumir_que_deban_eliminarse,sin_factor_de_atencion_dominante,destino_del_efectivo_fuera_del_banco,"El periodo conserva balance favorable, liquidez creciente y cobertura suficiente. Evaluación entre 2026-04-01 y 2026-06-30; no describe permanentemente a la persona.",historia_controlada_y_metricas_observadas,train,acumulacion_estable,si,roadmap_14_mvp_cerrado_v1.1,fincoah_mvp_co_v1.1,9ac9c3c276d33615e26db5aeef35565e8408764bd956dad151a513c33430aefe
VEN_0156_1,PERF_0156,dentro_del_mvp,2026-04-30,2026-04-01,2026-04-30,acumulada_30_dias,30,32,1.0000,5324000,0,1367000,0,0,4709000,3050000,197000,1212000,410000,0,1750100,3732100,9256613,10328413,11400000,615000,0.0,1640000,10,0.75,-204452.381,0.0,1.2236,0.2043,0.1158,equilibrio_sostenible,calculado,alta,baja,balance_operativo_no_negativo | cobertura_esencial_superior_a_un_mes | recuperacion_consistente | inversion_productiva_observada | hobbies_identificados_sin_asumir_que_deban_eliminarse,deuda_creciente,ninguna_relevante_para_el_periodo,El periodo permanece cerca del equilibrio y mantiene cubiertas las obligaciones observadas. Evaluación entre 2026-04-01 y 2026-04-30; no describe permanentemente a la persona.,historia_controlada_y_metricas_observadas,train,equilibrio_sostenible,si,roadmap_14_mvp_cerrado_v1.1,fincoah_mvp_co_v1.1,b09017bf1b559be0d4a5da1af1a271ae2d6d75c9fddd10286eb4293d7890cb95
VEN_0156_2,PERF_0156,dentro_del_mvp,2026-05-31,2026-04-01,2026-05-31,acumulada_61_dias,61,64,0.9844,10198000,0,1367000,0,0,9418000,5888000,528000,2306000,822000,0,1750100,3897100,9256613,10031773,20983000,780000,0.0,1640000,41,0.7752,-26366.6667,0.0441,1.3237,0.1182,0.0837,equilibrio_sostenible,calculado,alta,baja,balance_operativo_no_negativo | cobertura_esencial_superior_a_un_mes | recuperacion_consistente | inversion_productiva_observada | hobbies_identificados_sin_asumir_que_deban_eliminarse,deuda_creciente | recuperacion_demora_mas_de_20_dias,ninguna_relevante_para_el_periodo,El periodo permanece cerca del equilibrio y mantiene cubiertas las obligaciones observadas. Evaluación entre 2026-04-01 y 2026-05-31; no describe permanentemente a la persona.,historia_controlada_y_metricas_observadas,train,equilibrio_sostenible,si,roadmap_14_mvp_cerrado_v1.1,fincoah_mvp_co_v1.1,f6bf490c1694eae9dde68b62a5710b98b8b3181e6e22b19635247e11a6140733
VEN_0156_3,PERF_0156,dentro_del_mvp,2026-06-30,2026-04-01,2026-06-30,acumulada_91_dias,91,96,0.9896,15366000,0,2117000,0,0,14127000,8796000,745000,3199000,1140000,0,1750100,5106100,9256613,10552813,31610000,1239000,0.0,3195000,71,0.9205,-55555.5556,0.0364,1.7415,0.1211,0.14,equilibrio_sostenible,calculado,alta,baja,balance_operativo_no_negativo | cobertura_esencial_superior_a_un_mes | recuperacion_consistente | inversion_productiva_observada | hobbies_identificados_sin_asumir_que_deban_eliminarse,deuda_creciente | recuperacion_demora_mas_de_20_dias,ninguna_relevante_para_el_periodo,El periodo permanece cerca del equilibrio y mantiene cubiertas las obligaciones observadas. Evaluación entre 2026-04-01 y 2026-06-30; no describe permanentemente a la persona.,historia_controlada_y_metricas_observadas,train,equilibrio_sostenible,si,roadmap_14_mvp_cerrado_v1.1,fincoah_mvp_co_v1.1,a291a2de0ce64a1273f2f9d0c14000c4d3fd46fe33b74ef5cd419734f95e54ef
VEN_0157_1,PERF_0157,dentro_del_mvp,2026-04-30,2026-04-01,2026-04-30,acumulada_30_dias,30,31,0.9355,5049000,0,0,0,0,4786000,2875000,488000,907000,0,0,11548496,11811496,7006001,7006001,9835000,263000,0.0,2260000,0,1.0,260585.7143,0.0,4.1083,0.0,0.0,equilibrio_sostenible,calculado,media,media,balance_operativo_no_negativo | cobertura_esencial_superior_a_un_mes | recuperacion_consistente | inversion_productiva_observada | hobbies_identificados_sin_asumir_que_deban_eliminarse,sin_factor_de_atencion_dominante,destino_del_efectivo_fuera_del_banco,El periodo permanece cerca del equilibrio y mantiene cubiertas las obligaciones observadas. Evaluación entre 2026-04-01 y 2026-04-30; no describe permanentemente a la persona.,historia_controlada_y_metricas_observadas,train,variable_resiliente,si,roadmap_14_mvp_cerrado_v1.1,fincoah_mvp_co_v1.1,7261704bdaf437538a2073629ab28db269b7ec4a35a270a514c712ab384f804a
VEN_0157_2,PERF_0157,dentro_del_mvp,2026-05-31,2026-04-01,2026-05-31,acumulada_61_dias,61,62,0.9516,12772000,0,1567000,0,0,8131000,5192000,642000,1395000,102000,0,11548496,17756496,7006001,8499561,22470000,4641000,0.0,2260000,1,0.6667,104466.6667,0.2094,6.8399,0.1093,0.2132,variable_resiliente,calculado,alta,baja,balance_operativo_no_negativo | cobertura_esencial_superior_a_un_mes | inversion_productiva_observada | hobbies_identificados_sin_asumir_que_deban_eliminarse,deuda_creciente,destino_del_efectivo_fuera_del_banco,"Los ingresos fluctúan, pero el periodo muestra recuperación y cobertura sin convertir la variabilidad en riesgo. Evaluación entre 2026-04-01 y 2026-05-31; no describe permanentemente a la persona.",historia_controlada_y_metricas_observadas,train,variable_resiliente,si,roadmap_14_mvp_cerrado_v1.1,fincoah_mvp_co_v1.1,ce90d728bffd107602186a1bc922f534d70a25afe13b2b8b409d922c816d6976
VEN_0157_3,PERF_0157,dentro_del_mvp,2026-06-30,2026-04-01,2026-06-30,acumulada_91_dias,91,93,0.9570,16290000,0,1567000,0,0,14542000,9001000,1829000,2490000,363000,0,11548496,14863496,7006001,8311641,32399000,1748000,0.0,4340000,31,0.7693,-20511.1111,0.32,4.9539,0.0878,0.1864,variable_resiliente,calculado,alta,baja,balance_operativo_no_negativo | cobertura_esencial_superior_a_un_mes | recuperacion_consistente | inversion_productiva_observada | hobbies_identificados_sin_asumir_que_deban_eliminarse,deuda_creciente | recuperacion_demora_mas_de_20_dias,destino_del_efectivo_fuera_del_banco,"Los ingresos fluctúan, pero el periodo muestra recuperación y cobertura sin convertir la variabilidad en riesgo. Evaluación entre 2026-04-01 y 2026-06-30; no describe permanentemente a la persona.",historia_controlada_y_metricas_observadas,train,variable_resiliente,si,roadmap_14_mvp_cerrado_v1.1,fincoah_mvp_co_v1.1,804558bca6c09d8a549fc1b964494649b988a256d69b52e4f5ffbe60f48889f9
VEN_0158_1,PERF_0158,dentro_del_mvp,2026-04-30,2026-04-01,2026-04-30,acumulada_30_dias,30,32,1.0000,7704000,0,0,0,174000,4545000,2805000,285000,861000,196000,0,14357617,17690617,12482533,12341413,12423000,3159000,0.0,3876000,2,0.5,558857.1429,0.0,6.3068,0.0,-0.0113,acumulacion_estable,calculado,alta,baja,balance_operativo_no_negativo | cobertura_esencial_superior_a_un_mes | inversion_productiva_observada | hobbies_identificados_sin_asumir_que_deban_eliminarse,sin_factor_de_atencion_dominante,ninguna_relevante_para_el_periodo,"El periodo conserva balance favorable, liquidez creciente y cobertura suficiente. Evaluación entre 2026-04-01 y 2026-04-30; no describe permanentemente a la persona.",historia_controlada_y_metricas_observadas,train,uso_planificado_reserva,si,roadmap_14_mvp_cerrado_v1.1,fincoah_mvp_co_v1.1,7f05af1b8804a69edbb045386873d7e9fcfe6ec45fdebb9e3116b350e551edc6
VEN_0158_2,PERF_0158,dentro_del_mvp,2026-05-31,2026-04-01,2026-05-31,acumulada_61_dias,61,64,0.9844,12724000,0,0,0,174000,16497000,9949000,2046000,1920000,515000,0,14357617,10758617,12482533,12111733,29395000,-3773000,0.0,11460000,33,0.6848,-339133.3333,0.2109,2.1628,0.0,-0.0297,uso_planificado_reserva,calculado,alta,baja,cobertura_esencial_superior_a_un_mes | inversion_productiva_observada | hobbies_identificados_sin_asumir_que_deban_eliminarse,balance_operativo_negativo | recuperacion_demora_mas_de_20_dias,destino_del_efectivo_fuera_del_banco,El balance negativo se explica por una salida alineada con una meta y existe reserva para absorberla. Evaluación entre 2026-04-01 y 2026-05-31; no describe permanentemente a la persona.,historia_controlada_y_metricas_observadas,train,uso_planificado_reserva,si,roadmap_14_mvp_cerrado_v1.1,fincoah_mvp_co_v1.1,4c7db7dd09edbab562e56274494aeac4d03611b373ce282ff177b77b96afa183
VEN_0158_3,PERF_0158,dentro_del_mvp,2026-06-30,2026-04-01,2026-06-30,acumulada_91_dias,91,95,0.9789,17380000,0,0,0,830000,28449000,17856000,3346000,3209000,1255000,0,14357617,4118617,12482533,11578933,46659000,-11069000,0.4066,19177000,63,0.6214,-130977.7778,0.2346,0.692,0.0,-0.0724,uso_planificado_reserva,calculado,alta,baja,inversion_productiva_observada | hobbies_identificados_sin_asumir_que_deban_eliminarse,balance_operativo_negativo | cobertura_esencial_reducida | recuperacion_demora_mas_de_20_dias,destino_del_efectivo_fuera_del_banco,El balance negativo se explica por una salida alineada con una meta y existe reserva para absorberla. Evaluación entre 2026-04-01 y 2026-06-30; no describe permanentemente a la persona.,historia_controlada_y_metricas_observadas,train,uso_planificado_reserva,si,roadmap_14_mvp_cerrado_v1.1,fincoah_mvp_co_v1.1,c4ec1ce85cbbbaea93da5e12ef8c18c1e6d2b4b4524d1cc12427c6f074098d4c
VEN_0159_1,PERF_0159,dentro_del_mvp,2026-04-30,2026-04-01,2026-04-30,acumulada_30_dias,30,32,0.9063,4749000,0,0,0,0,4243000,2084000,709000,790000,0,0,5488610,5994610,0,0,8992000,506000,0.0,1309000,0,1.0,219766.6667,0.0,2.8765,0.0,0.0,equilibrio_sostenible,calculado,media,media,balance_operativo_no_negativo | cobertura_esencial_superior_a_un_mes | recuperacion_consistente | inversion_productiva_observada | hobbies_identificados_sin_asumir_que_deban_eliminarse,sin_factor_de_atencion_dominante,destino_del_efectivo_fuera_del_banco,El periodo permanece cerca del equilibrio y mantiene cubiertas las obligaciones observadas. Evaluación entre 2026-04-01 y 2026-04-30; no describe permanentemente a la persona.,historia_controlada_y_metricas_observadas,train,deterioro_reciente,si,roadmap_14_mvp_cerrado_v1.1,fincoah_mvp_co_v1.1,bc4d6aea881145242e99161922dd493954e7024446bf2b79153bb97e2df37ae8
VEN_0159_2,PERF_0159,dentro_del_mvp,2026-05-31,2026-04-01,2026-05-31,acumulada_61_dias,61,64,0.9375,8907000,0,0,0,463000,8486000,4172000,867000,2274000,0,0,5488610,6372610,0,0,17856000,421000,0.0,1333000,27,0.8969,-40366.6667,0.0664,3.0549,0.0,0.0,equilibrio_sostenible,calculado,media,media,balance_operativo_no_negativo | cobertura_esencial_superior_a_un_mes | recuperacion_consistente | inversion_productiva_observada | hobbies_identificados_sin_asumir_que_deban_eliminarse,recuperacion_demora_mas_de_20_dias,destino_del_efectivo_fuera_del_banco,El periodo permanece cerca del equilibrio y mantiene cubiertas las obligaciones observadas. Evaluación entre 2026-04-01 y 2026-05-31; no describe permanentemente a la persona.,historia_controlada_y_metricas_observadas,train,deterioro_reciente,si,roadmap_14_mvp_cerrado_v1.1,fincoah_mvp_co_v1.1,9da9f230d665bcd9558fdf59e0f41f94fb8773c0b06cf966f18ec0ad0331bb97
VEN_0159_3,PERF_0159,dentro_del_mvp,2026-06-30,2026-04-01,2026-06-30,acumulada_91_dias,91,95,0.9579,12204000,0,0,0,463000,14649000,7987000,1536000,3018000,0,0,5488610,3506610,0,0,27316000,-2445000,0.0,5899000,57,0.8795,-101000.0,0.1466,1.3171,0.0,0.0,deterioro_reciente,calculado,alta,baja,cobertura_esencial_superior_a_un_mes | recuperacion_consistente | inversion_productiva_observada | hobbies_identificados_sin_asumir_que_deban_eliminarse,balance_operativo_negativo | recuperacion_demora_mas_de_20_dias,destino_del_efectivo_fuera_del_banco,El cierre reciente empeora frente al inicio del periodo y la recuperación es parcial. Evaluación entre 2026-04-01 y 2026-06-30; no describe permanentemente a la persona.,historia_controlada_y_metricas_observadas,train,deterioro_reciente,si,roadmap_14_mvp_cerrado_v1.1,fincoah_mvp_co_v1.1,ac081be5c6557238190efda437408ddf8e85d8291b3b159e583fd45db57dc35f
VEN_0160_1,PERF_0160,dentro_del_mvp,2026-04-30,2026-04-01,2026-04-30,acumulada_30_dias,30,32,0.9688,3093000,0,0,120000,373000,5359000,3228000,699000,677000,123000,0,891846,-881154,15223895,15135335,8945000,-2266000,5.3482,2266000,27,0.0,819.0476,0.0,0.0,0.0,-0.0058,deterioro_reciente,calculado,alta,baja,inversion_productiva_observada | hobbies_identificados_sin_asumir_que_deban_eliminarse,balance_operativo_negativo | cobertura_esencial_reducida | recuperacion_demora_mas_de_20_dias,ninguna_relevante_para_el_periodo,El cierre reciente empeora frente al inicio del periodo y la recuperación es parcial. Evaluación entre 2026-04-01 y 2026-04-30; no describe permanentemente a la persona.,historia_controlada_y_metricas_observadas,test,fragilidad_sostenida,si,roadmap_14_mvp_cerrado_v1.1,fincoah_mvp_co_v1.1,cbac0ffa623d8c4fa454a5d4e2740d5c675540c54d7d22651c8463b003e78582
VEN_0160_2,PERF_0160,dentro_del_mvp,2026-05-31,2026-04-01,2026-05-31,acumulada_61_dias,61,64,0.9844,5568000,0,0,120000,373000,12199000,8183000,1107000,1208000,936000,0,891846,-5246154,15223895,14549975,18260000,-6631000,27.9522,6869000,58,0.0346,-69966.6667,0.111,0.0,0.0,-0.0443,fragilidad_sostenida,calculado,alta,baja,inversion_productiva_observada | hobbies_identificados_sin_asumir_que_deban_eliminarse,balance_operativo_negativo | cobertura_esencial_reducida | recuperacion_demora_mas_de_20_dias,ninguna_relevante_para_el_periodo,"El déficit persiste, la cobertura se reduce y la deuda gana peso durante el periodo. Evaluación entre 2026-04-01 y 2026-05-31; no describe permanentemente a la persona.",historia_controlada_y_metricas_observadas,test,fragilidad_sostenida,si,roadmap_14_mvp_cerrado_v1.1,fincoah_mvp_co_v1.1,e3db65107328fcb52183c6e6262451ad8e2604239395eaece68e63f161f22499
VEN_0160_3,PERF_0160,dentro_del_mvp,2026-06-30,2026-04-01,2026-06-30,acumulada_91_dias,91,96,0.9792,7936000,0,456000,390000,373000,19039000,12880000,1678000,2135000,1206000,0,891846,-8992154,15223895,14811575,28194000,-11103000,53.0428,11696000,88,0.0507,24422.2222,0.1208,0.0,0.0543,-0.0271,fragilidad_sostenida,calculado,alta,baja,inversion_productiva_observada | hobbies_identificados_sin_asumir_que_deban_eliminarse,balance_operativo_negativo | cobertura_esencial_reducida | recuperacion_demora_mas_de_20_dias,destino_del_efectivo_fuera_del_banco,"El déficit persiste, la cobertura se reduce y la deuda gana peso durante el periodo. Evaluación entre 2026-04-01 y 2026-06-30; no describe permanentemente a la persona.",historia_controlada_y_metricas_observadas,test,fragilidad_sostenida,si,roadmap_14_mvp_cerrado_v1.1,fincoah_mvp_co_v1.1,f9a174d53f43457c54751ac5cfe1180cdd2b6ec261c9a10c566709c3a2df01ee
VEN_0161_1,PERF_0161,dentro_del_mvp,2026-04-30,2026-04-01,2026-04-30,acumulada_30_dias,30,33,1.0000,3520000,0,0,220000,0,9504000,5253000,553000,2015000,1030000,0,1696174,-4067826,8827064,8085464,13244000,-5984000,12.9272,7401000,29,0.0,54671.4286,0.0,0.0,0.0,-0.084,fragilidad_sostenida,calculado,alta,baja,inversion_productiva_observada | hobbies_identificados_sin_asumir_que_deban_eliminarse,balance_operativo_negativo | cobertura_esencial_reducida | recuperacion_demora_mas_de_20_dias,ninguna_relevante_para_el_periodo,"El déficit persiste, la cobertura se reduce y la deuda gana peso durante el periodo. Evaluación entre 2026-04-01 y 2026-04-30; no describe permanentemente a la persona.",historia_controlada_y_metricas_observadas,train,situacion_critica,si,roadmap_14_mvp_cerrado_v1.1,fincoah_mvp_co_v1.1,8609a69ca4813e356e728c3c3afa3d3105ff5fa576f26d42dab0bbb0b9e327d7
VEN_0161_2,PERF_0161,dentro_del_mvp,2026-05-31,2026-04-01,2026-05-31,acumulada_61_dias,61,66,1.0000,6212000,0,1162000,300000,0,21506000,13953000,992000,3832000,1030000,0,1696174,-12135826,8827064,9247464,29180000,-15294000,56.2893,16711000,60,0.0,-63633.3333,0.1333,0.0,0.1576,0.0476,situacion_critica,calculado,alta,baja,inversion_productiva_observada | hobbies_identificados_sin_asumir_que_deban_eliminarse,balance_operativo_negativo | cobertura_esencial_reducida | recuperacion_demora_mas_de_20_dias,ninguna_relevante_para_el_periodo,La liquidez resulta insuficiente frente a necesidades esenciales y la posición negativa persiste. Evaluación entre 2026-04-01 y 2026-05-31; no describe permanentemente a la persona.,historia_controlada_y_metricas_observadas,train,situacion_critica,si,roadmap_14_mvp_cerrado_v1.1,fincoah_mvp_co_v1.1,601447591fa5eacc5e942e88c8779208f761446b85be53418843440f7b747a05
VEN_0161_3,PERF_0161,dentro_del_mvp,2026-06-30,2026-04-01,2026-06-30,acumulada_91_dias,91,98,0.9898,8410000,0,2324000,300000,0,33508000,23313000,2418000,3832000,2272000,0,1696174,-20777826,8827064,9515224,44542000,-25098000,116.1764,26515000,90,0.0,-7711.1111,0.1946,0.0,0.2165,0.078,situacion_critica,calculado,alta,baja,inversion_productiva_observada | hobbies_identificados_sin_asumir_que_deban_eliminarse,balance_operativo_negativo | cobertura_esencial_reducida | deuda_creciente | recuperacion_demora_mas_de_20_dias,ninguna_relevante_para_el_periodo,La liquidez resulta insuficiente frente a necesidades esenciales y la posición negativa persiste. Evaluación entre 2026-04-01 y 2026-06-30; no describe permanentemente a la persona.,historia_controlada_y_metricas_observadas,train,situacion_critica,si,roadmap_14_mvp_cerrado_v1.1,fincoah_mvp_co_v1.1,7ae07e1effd385c241af06f0cde9602e5365a7670cdda9d1afa01c773eed0813
VEN_0162_1,PERF_0162,dentro_del_mvp,2026-04-30,2026-04-01,2026-04-30,acumulada_30_dias,30,34,0.9706,6334000,0,0,0,0,3580000,2172000,408000,430000,156000,0,3343337,6097337,8798054,8685734,9914000,2754000,0.0,891000,0,1.0,122419.0476,0.0,2.8072,0.0,-0.0128,acumulacion_estable,calculado,alta,baja,balance_operativo_no_negativo | cobertura_esencial_superior_a_un_mes | recuperacion_consistente | inversion_productiva_observada | hobbies_identificados_sin_asumir_que_deban_eliminarse,sin_factor_de_atencion_dominante,ninguna_relevante_para_el_periodo,"El periodo conserva balance favorable, liquidez creciente y cobertura suficiente. Evaluación entre 2026-04-01 y 2026-04-30; no describe permanentemente a la persona.",historia_controlada_y_metricas_observadas,validation,acumulacion_estable,si,roadmap_14_mvp_cerrado_v1.1,fincoah_mvp_co_v1.1,406da3014c0d67ab3de3dcf68be2d3c23e797c37706f300ea630dcc32cc831cf
VEN_0162_2,PERF_0162,dentro_del_mvp,2026-05-31,2026-04-01,2026-05-31,acumulada_61_dias,61,67,0.9851,12421000,0,0,0,0,7160000,4463000,733000,430000,406000,0,3343337,8604337,8798054,8505734,19581000,5261000,0.0,1120000,8,0.9,-8233.3333,0.0199,3.8559,0.0,-0.0332,acumulacion_estable,calculado,alta,baja,balance_operativo_no_negativo | cobertura_esencial_superior_a_un_mes | recuperacion_consistente | inversion_productiva_observada | hobbies_identificados_sin_asumir_que_deban_eliminarse,sin_factor_de_atencion_dominante,ninguna_relevante_para_el_periodo,"El periodo conserva balance favorable, liquidez creciente y cobertura suficiente. Evaluación entre 2026-04-01 y 2026-05-31; no describe permanentemente a la persona.",historia_controlada_y_metricas_observadas,validation,acumulacion_estable,si,roadmap_14_mvp_cerrado_v1.1,fincoah_mvp_co_v1.1,f60f9eafe9dcd25bfa687c2a3311debcc09881c83da2bac98672e9119ef8bd3d
VEN_0162_3,PERF_0162,dentro_del_mvp,2026-06-30,2026-04-01,2026-06-30,acumulada_91_dias,91,100,0.9900,18451000,0,0,0,0,10740000,6538000,847000,1107000,562000,0,3343337,11054337,8798054,8393414,29191000,7711000,0.0,1120000,7,0.9286,-63577.7778,0.0215,5.0723,0.0,-0.046,acumulacion_estable,calculado,alta,baja,balance_operativo_no_negativo | cobertura_esencial_superior_a_un_mes | recuperacion_consistente | inversion_productiva_observada | hobbies_identificados_sin_asumir_que_deban_eliminarse,sin_factor_de_atencion_dominante,ninguna_relevante_para_el_periodo,"El periodo conserva balance favorable, liquidez creciente y cobertura suficiente. Evaluación entre 2026-04-01 y 2026-06-30; no describe permanentemente a la persona.",historia_controlada_y_metricas_observadas,validation,acumulacion_estable,si,roadmap_14_mvp_cerrado_v1.1,fincoah_mvp_co_v1.1,b71bb2266f6ce8cb1d6c8bd7a05f6988b5698a685754b67c138f0e33e9a04785
VEN_0163_1,PERF_0163,dentro_del_mvp,2026-04-30,2026-04-01,2026-04-30,acumulada_30_dias,30,31,0.9677,3840000,0,0,0,0,3466000,1783000,206000,753000,285000,0,1014829,1388829,809471,604271,7306000,374000,0.1057,609000,1,0.75,-20495.2381,0.0,0.7789,0.0,-0.2535,equilibrio_sostenible,calculado,alta,baja,balance_operativo_no_negativo | recuperacion_consistente | inversion_productiva_observada | hobbies_identificados_sin_asumir_que_deban_eliminarse,cobertura_esencial_reducida,destino_del_efectivo_fuera_del_banco,El periodo permanece cerca del equilibrio y mantiene cubiertas las obligaciones observadas. Evaluación entre 2026-04-01 y 2026-04-30; no describe permanentemente a la persona.,historia_controlada_y_metricas_observadas,test,equilibrio_sostenible,si,roadmap_14_mvp_cerrado_v1.1,fincoah_mvp_co_v1.1,e69d0acd402b429ea56a634236ef9ff9b2a849e9563ffa61c7837c1510ee2d4a
VEN_0163_2,PERF_0163,dentro_del_mvp,2026-05-31,2026-04-01,2026-05-31,acumulada_61_dias,61,61,0.9672,7833000,0,0,0,0,6932000,4400000,679000,928000,451000,0,1014829,1915829,809471,484751,14765000,901000,0.0518,1325000,5,0.8224,-14500.0,0.0195,0.8708,0.0,-0.4012,equilibrio_sostenible,calculado,alta,baja,balance_operativo_no_negativo | recuperacion_consistente | inversion_productiva_observada | hobbies_identificados_sin_asumir_que_deban_eliminarse,cobertura_esencial_reducida,destino_del_efectivo_fuera_del_banco,El periodo permanece cerca del equilibrio y mantiene cubiertas las obligaciones observadas. Evaluación entre 2026-04-01 y 2026-05-31; no describe permanentemente a la persona.,historia_controlada_y_metricas_observadas,test,equilibrio_sostenible,si,roadmap_14_mvp_cerrado_v1.1,fincoah_mvp_co_v1.1,ef89bb5bc2bd2da59d57096ba5c141b51632d8a761d4649d2d8fd92d4743bf84
VEN_0163_3,PERF_0163,dentro_del_mvp,2026-06-30,2026-04-01,2026-06-30,acumulada_91_dias,91,91,0.9780,11368000,0,0,0,0,10398000,6367000,998000,1674000,451000,0,1014829,1984829,809471,484751,21766000,970000,0.0357,1586000,35,0.9487,27155.5556,0.0502,0.9352,0.0,-0.4012,equilibrio_sostenible,calculado,alta,baja,balance_operativo_no_negativo | recuperacion_consistente | inversion_productiva_observada | hobbies_identificados_sin_asumir_que_deban_eliminarse,cobertura_esencial_reducida | recuperacion_demora_mas_de_20_dias,destino_del_efectivo_fuera_del_banco,El periodo permanece cerca del equilibrio y mantiene cubiertas las obligaciones observadas. Evaluación entre 2026-04-01 y 2026-06-30; no describe permanentemente a la persona.,historia_controlada_y_metricas_observadas,test,equilibrio_sostenible,si,roadmap_14_mvp_cerrado_v1.1,fincoah_mvp_co_v1.1,32bdef1cd538850c093060972cce240f820db0dc9f3e1912cb1701a89004fb5f
VEN_0164_1,PERF_0164,dentro_del_mvp,2026-04-30,2026-04-01,2026-04-30,acumulada_30_dias,30,33,1.0000,9137000,0,0,250000,0,7350000,4841000,558000,750000,616000,0,2012502,4049502,3897117,3453597,16737000,1787000,0.0,4090000,16,0.5392,-284847.619,0.0,0.8365,0.0,-0.1138,equilibrio_sostenible,calculado,alta,baja,balance_operativo_no_negativo | inversion_productiva_observada | hobbies_identificados_sin_asumir_que_deban_eliminarse,cobertura_esencial_reducida,ninguna_relevante_para_el_periodo,El periodo permanece cerca del equilibrio y mantiene cubiertas las obligaciones observadas. Evaluación entre 2026-04-01 y 2026-04-30; no describe permanentemente a la persona.,historia_controlada_y_metricas_observadas,test,variable_resiliente,si,roadmap_14_mvp_cerrado_v1.1,fincoah_mvp_co_v1.1,c2a018621b1aedf723c479710c11c61c25d4046d6cfeeb18e651f8d1168f2165
VEN_0164_2,PERF_0164,dentro_del_mvp,2026-05-31,2026-04-01,2026-05-31,acumulada_61_dias,61,66,0.9697,14968000,0,0,250000,0,17195000,12717000,1207000,750000,1812000,0,2012502,35502,3897117,2592477,32413000,-2227000,0.6634,8170000,47,0.6149,-38633.3333,0.2209,0.0056,0.0,-0.3348,variable_resiliente,calculado,alta,baja,inversion_productiva_observada | hobbies_identificados_sin_asumir_que_deban_eliminarse,balance_operativo_negativo | cobertura_esencial_reducida | recuperacion_demora_mas_de_20_dias,ninguna_relevante_para_el_periodo,"Los ingresos fluctúan, pero el periodo muestra recuperación y cobertura sin convertir la variabilidad en riesgo. Evaluación entre 2026-04-01 y 2026-05-31; no describe permanentemente a la persona.",historia_controlada_y_metricas_observadas,test,variable_resiliente,si,roadmap_14_mvp_cerrado_v1.1,fincoah_mvp_co_v1.1,0fb614af1a2d8f368600d5a019ffe9ea83005cb50e05cdfc42c722a339a95d95
VEN_0164_3,PERF_0164,dentro_del_mvp,2026-06-30,2026-04-01,2026-06-30,acumulada_91_dias,91,98,0.9694,22125000,0,0,250000,0,27040000,19503000,2026000,1786000,2311000,0,2012502,-2652498,3897117,2233197,49415000,-4915000,2.9562,9171000,77,0.5104,-24644.4444,0.1842,0.0,0.0,-0.427,variable_resiliente,calculado,alta,baja,inversion_productiva_observada | hobbies_identificados_sin_asumir_que_deban_eliminarse,balance_operativo_negativo | cobertura_esencial_reducida | recuperacion_demora_mas_de_20_dias,destino_del_efectivo_fuera_del_banco,"Los ingresos fluctúan, pero el periodo muestra recuperación y cobertura sin convertir la variabilidad en riesgo. Evaluación entre 2026-04-01 y 2026-06-30; no describe permanentemente a la persona.",historia_controlada_y_metricas_observadas,test,variable_resiliente,si,roadmap_14_mvp_cerrado_v1.1,fincoah_mvp_co_v1.1,e77c78af4c87c49d1dd6f14e31e2660fda4d83d03f9b8386e103fb0308a01084
VEN_0165_1,PERF_0165,dentro_del_mvp,2026-04-30,2026-04-01,2026-04-30,acumulada_30_dias,30,33,0.9394,4841000,0,0,0,0,2918000,1505000,236000,904000,106000,0,15088421,17011421,9565093,9488773,7759000,1923000,0.0,892000,7,0.75,-172814.2857,0.0,11.3033,0.0,-0.008,acumulacion_estable,calculado,media,media,balance_operativo_no_negativo | cobertura_esencial_superior_a_un_mes | recuperacion_consistente | inversion_productiva_observada | hobbies_identificados_sin_asumir_que_deban_eliminarse,sin_factor_de_atencion_dominante,destino_del_efectivo_fuera_del_banco,"El periodo conserva balance favorable, liquidez creciente y cobertura suficiente. Evaluación entre 2026-04-01 y 2026-04-30; no describe permanentemente a la persona.",historia_controlada_y_metricas_observadas,train,uso_planificado_reserva,si,roadmap_14_mvp_cerrado_v1.1,fincoah_mvp_co_v1.1,e9115c73079f660ce1028fd33d1eca7592fe6355ae9f507f1c8d8e020aed3398
VEN_0165_2,PERF_0165,dentro_del_mvp,2026-05-31,2026-04-01,2026-05-31,acumulada_61_dias,61,66,0.9394,8077000,0,0,0,0,10593000,6399000,826000,1517000,769000,0,15088421,12572421,9565093,9011413,18670000,-2516000,0.0,4993000,38,0.75,-196233.3333,0.1987,3.9295,0.0,-0.0579,uso_planificado_reserva,calculado,media,media,cobertura_esencial_superior_a_un_mes | recuperacion_consistente | inversion_productiva_observada | hobbies_identificados_sin_asumir_que_deban_eliminarse,balance_operativo_negativo | recuperacion_demora_mas_de_20_dias,destino_del_efectivo_fuera_del_banco,El balance negativo se explica por una salida alineada con una meta y existe reserva para absorberla. Evaluación entre 2026-04-01 y 2026-05-31; no describe permanentemente a la persona.,historia_controlada_y_metricas_observadas,train,uso_planificado_reserva,si,roadmap_14_mvp_cerrado_v1.1,fincoah_mvp_co_v1.1,8f05d6e5e74cc9fb3ab1497e77039ed9dac4bfbb4a4c32577afccfeac2c116cd
VEN_0165_3,PERF_0165,dentro_del_mvp,2026-06-30,2026-04-01,2026-06-30,acumulada_91_dias,91,99,0.9495,11084000,0,0,0,0,18268000,11458000,1703000,2600000,1076000,0,15088421,7904421,9565093,8790373,29352000,-7184000,0.0,9661000,68,0.75,-61800.0,0.2208,2.0696,0.0,-0.081,uso_planificado_reserva,calculado,alta,baja,cobertura_esencial_superior_a_un_mes | recuperacion_consistente | inversion_productiva_observada | hobbies_identificados_sin_asumir_que_deban_eliminarse,balance_operativo_negativo | recuperacion_demora_mas_de_20_dias,destino_del_efectivo_fuera_del_banco,El balance negativo se explica por una salida alineada con una meta y existe reserva para absorberla. Evaluación entre 2026-04-01 y 2026-06-30; no describe permanentemente a la persona.,historia_controlada_y_metricas_observadas,train,uso_planificado_reserva,si,roadmap_14_mvp_cerrado_v1.1,fincoah_mvp_co_v1.1,c02c5e1cce879007c6580ca201c0414445de99bb7242a5292eb3c6257983d3f2
VEN_0166_1,PERF_0166,dentro_del_mvp,2026-04-30,2026-04-01,2026-04-30,acumulada_30_dias,30,33,0.9697,6046000,0,0,0,0,5165000,2708000,317000,1223000,0,0,3229547,4110547,0,0,11211000,881000,0.0,2599000,6,0.6888,164842.8571,0.0,1.5179,0.0,0.0,equilibrio_sostenible,calculado,alta,baja,balance_operativo_no_negativo | cobertura_esencial_superior_a_un_mes | inversion_productiva_observada | hobbies_identificados_sin_asumir_que_deban_eliminarse,sin_factor_de_atencion_dominante,ninguna_relevante_para_el_periodo,El periodo permanece cerca del equilibrio y mantiene cubiertas las obligaciones observadas. Evaluación entre 2026-04-01 y 2026-04-30; no describe permanentemente a la persona.,historia_controlada_y_metricas_observadas,train,deterioro_reciente,si,roadmap_14_mvp_cerrado_v1.1,fincoah_mvp_co_v1.1,de20091349bb300097755c56197a21bf5af5f4859b65d58f49c24aaa50c4a4a9
VEN_0166_2,PERF_0166,dentro_del_mvp,2026-05-31,2026-04-01,2026-05-31,acumulada_61_dias,61,66,0.9697,11237000,0,0,0,0,10330000,5475000,1034000,2095000,0,0,3229547,4136547,0,0,21567000,907000,0.0,2602000,30,0.9081,-94033.3333,0.0761,1.5111,0.0,0.0,equilibrio_sostenible,calculado,alta,baja,balance_operativo_no_negativo | cobertura_esencial_superior_a_un_mes | recuperacion_consistente | inversion_productiva_observada | hobbies_identificados_sin_asumir_que_deban_eliminarse,recuperacion_demora_mas_de_20_dias,ninguna_relevante_para_el_periodo,El periodo permanece cerca del equilibrio y mantiene cubiertas las obligaciones observadas. Evaluación entre 2026-04-01 y 2026-05-31; no describe permanentemente a la persona.,historia_controlada_y_metricas_observadas,train,deterioro_reciente,si,roadmap_14_mvp_cerrado_v1.1,fincoah_mvp_co_v1.1,8dbcdb51d2c791a234bc59cb6e07a7d361a221a54501945eaab93f4ac5d88628
VEN_0166_3,PERF_0166,dentro_del_mvp,2026-06-30,2026-04-01,2026-06-30,acumulada_91_dias,91,99,0.9798,15623000,0,0,110000,0,17833000,9995000,2286000,2758000,0,0,3229547,1129547,0,0,33566000,-2210000,0.0,4074000,60,0.75,-44755.5556,0.1302,0.339,0.0,0.0,deterioro_reciente,calculado,alta,baja,recuperacion_consistente | inversion_productiva_observada | hobbies_identificados_sin_asumir_que_deban_eliminarse,balance_operativo_negativo | cobertura_esencial_reducida | recuperacion_demora_mas_de_20_dias,ninguna_relevante_para_el_periodo,El cierre reciente empeora frente al inicio del periodo y la recuperación es parcial. Evaluación entre 2026-04-01 y 2026-06-30; no describe permanentemente a la persona.,historia_controlada_y_metricas_observadas,train,deterioro_reciente,si,roadmap_14_mvp_cerrado_v1.1,fincoah_mvp_co_v1.1,d0ff60f848b7805b3bdad5a284c93e294427a7a72318fe096cf67dd790177cfb
VEN_0167_1,PERF_0167,dentro_del_mvp,2026-04-30,2026-04-01,2026-04-30,acumulada_30_dias,30,33,0.9697,2541000,0,0,0,0,4273000,2741000,402000,373000,432000,0,807223,-924777,11976320,11665280,6814000,-1732000,4.6916,1471000,19,0.5,-12266.6667,0.0,0.0,0.0,-0.026,deterioro_reciente,calculado,alta,baja,inversion_productiva_observada | hobbies_identificados_sin_asumir_que_deban_eliminarse,balance_operativo_negativo | cobertura_esencial_reducida,destino_del_efectivo_fuera_del_banco,El cierre reciente empeora frente al inicio del periodo y la recuperación es parcial. Evaluación entre 2026-04-01 y 2026-04-30; no describe permanentemente a la persona.,historia_controlada_y_metricas_observadas,train,fragilidad_sostenida,si,roadmap_14_mvp_cerrado_v1.1,fincoah_mvp_co_v1.1,e699909d3444a6ae69b1ce012ff3f5e307b8efd09b60f86829634ccb5618fec0
VEN_0167_2,PERF_0167,dentro_del_mvp,2026-05-31,2026-04-01,2026-05-31,acumulada_61_dias,61,66,0.9848,4791000,0,364000,0,0,9727000,5232000,679000,2150000,571000,0,807223,-3764777,11976320,11929200,14882000,-4936000,22.8146,5386000,50,0.566,-25200.0,0.0607,0.0,0.0706,-0.0039,fragilidad_sostenida,calculado,alta,baja,inversion_productiva_observada | hobbies_identificados_sin_asumir_que_deban_eliminarse,balance_operativo_negativo | cobertura_esencial_reducida | recuperacion_demora_mas_de_20_dias,destino_del_efectivo_fuera_del_banco,"El déficit persiste, la cobertura se reduce y la deuda gana peso durante el periodo. Evaluación entre 2026-04-01 y 2026-05-31; no describe permanentemente a la persona.",historia_controlada_y_metricas_observadas,train,fragilidad_sostenida,si,roadmap_14_mvp_cerrado_v1.1,fincoah_mvp_co_v1.1,6376e811a2bc892914e19ffa57e1e3ebec1a2166dcc1417629c8a6c54a9f3abc
VEN_0167_3,PERF_0167,dentro_del_mvp,2026-06-30,2026-04-01,2026-06-30,acumulada_91_dias,91,98,0.9898,6659000,0,728000,0,0,15181000,8626000,1177000,3181000,851000,0,807223,-6986777,11976320,12091600,22568000,-8522000,45.9639,8602000,80,0.5198,-35688.8889,0.1242,0.0,0.0986,0.0096,fragilidad_sostenida,calculado,alta,baja,inversion_productiva_observada | hobbies_identificados_sin_asumir_que_deban_eliminarse,balance_operativo_negativo | cobertura_esencial_reducida | recuperacion_demora_mas_de_20_dias,destino_del_efectivo_fuera_del_banco,"El déficit persiste, la cobertura se reduce y la deuda gana peso durante el periodo. Evaluación entre 2026-04-01 y 2026-06-30; no describe permanentemente a la persona.",historia_controlada_y_metricas_observadas,train,fragilidad_sostenida,si,roadmap_14_mvp_cerrado_v1.1,fincoah_mvp_co_v1.1,8ef0031d1d4975ef905d7e5f032bb858a0b3eb75b05f40012c3eb9378076ad21
VEN_0168_1,PERF_0168,dentro_del_mvp,2026-04-30,2026-04-01,2026-04-30,acumulada_30_dias,30,33,1.0000,2357000,0,443000,0,0,6642000,3559000,806000,1170000,989000,0,1248760,-2593240,6630040,6360960,9442000,-4285000,30.8194,5793000,29,0.2947,242157.1429,0.0,0.0,0.1582,-0.0406,fragilidad_sostenida,calculado,alta,baja,inversion_productiva_observada | hobbies_identificados_sin_asumir_que_deban_eliminarse,balance_operativo_negativo | cobertura_esencial_reducida | recuperacion_demora_mas_de_20_dias,ninguna_relevante_para_el_periodo,"El déficit persiste, la cobertura se reduce y la deuda gana peso durante el periodo. Evaluación entre 2026-04-01 y 2026-04-30; no describe permanentemente a la persona.",historia_controlada_y_metricas_observadas,train,situacion_critica,si,roadmap_14_mvp_cerrado_v1.1,fincoah_mvp_co_v1.1,ee712b8492e6b353721ce9b41b381602018085c9c2e748668f10a0740625f2e9
VEN_0168_2,PERF_0168,dentro_del_mvp,2026-05-31,2026-04-01,2026-05-31,acumulada_61_dias,61,66,0.9848,4103000,0,1255000,0,0,15030000,8931000,1710000,2155000,1582000,0,1248760,-8423240,6630040,6746000,20388000,-10927000,76.9214,10816000,60,0.0081,18600.0,0.1489,0.0,0.2342,0.0175,situacion_critica,calculado,alta,baja,inversion_productiva_observada | hobbies_identificados_sin_asumir_que_deban_eliminarse,balance_operativo_negativo | cobertura_esencial_reducida | recuperacion_demora_mas_de_20_dias,ninguna_relevante_para_el_periodo,La liquidez resulta insuficiente frente a necesidades esenciales y la posición negativa persiste. Evaluación entre 2026-04-01 y 2026-05-31; no describe permanentemente a la persona.,historia_controlada_y_metricas_observadas,train,situacion_critica,si,roadmap_14_mvp_cerrado_v1.1,fincoah_mvp_co_v1.1,0521679d60ad4e419f026733834f858d895137f02125c823758ad2f84ab001bf
VEN_0168_3,PERF_0168,dentro_del_mvp,2026-06-30,2026-04-01,2026-06-30,acumulada_91_dias,91,99,0.9697,6135000,0,2067000,0,0,23418000,13124000,2589000,4172000,1781000,0,1248760,-13967240,6630040,7414720,31620000,-17283000,121.7439,18787000,90,0.0906,28844.4444,0.1221,0.0,0.252,0.1184,situacion_critica,calculado,alta,baja,inversion_productiva_observada | hobbies_identificados_sin_asumir_que_deban_eliminarse,balance_operativo_negativo | cobertura_esencial_reducida | deuda_creciente | recuperacion_demora_mas_de_20_dias,ninguna_relevante_para_el_periodo,La liquidez resulta insuficiente frente a necesidades esenciales y la posición negativa persiste. Evaluación entre 2026-04-01 y 2026-06-30; no describe permanentemente a la persona.,historia_controlada_y_metricas_observadas,train,situacion_critica,si,roadmap_14_mvp_cerrado_v1.1,fincoah_mvp_co_v1.1,096863c66a2861ff7d9ff5037dbf9c3ba465794d88c58d3763a03dffaebaa4fc
VEN_0169_1,PERF_0169,dentro_del_mvp,2026-04-30,2026-04-01,2026-04-30,acumulada_30_dias,30,32,0.9688,4129000,0,0,0,0,2561000,1607000,162000,487000,138000,0,5065916,6633916,1028770,929410,6690000,1568000,0.0,882000,4,0.75,144495.2381,0.0,4.1281,0.0,-0.0966,acumulacion_estable,calculado,alta,baja,balance_operativo_no_negativo | cobertura_esencial_superior_a_un_mes | recuperacion_consistente | inversion_productiva_observada | hobbies_identificados_sin_asumir_que_deban_eliminarse,sin_factor_de_atencion_dominante,ninguna_relevante_para_el_periodo,"El periodo conserva balance favorable, liquidez creciente y cobertura suficiente. Evaluación entre 2026-04-01 y 2026-04-30; no describe permanentemente a la persona.",historia_controlada_y_metricas_observadas,train,acumulacion_estable,si,roadmap_14_mvp_cerrado_v1.1,fincoah_mvp_co_v1.1,1d17220816ee2e47bd32484b040a41706156bb9c8e72006bc03846ffe8c922bc
VEN_0169_2,PERF_0169,dentro_del_mvp,2026-05-31,2026-04-01,2026-05-31,acumulada_61_dias,61,64,0.9844,8311000,0,0,0,0,5122000,3440000,413000,671000,594000,0,5065916,8254916,1028770,601090,13433000,3189000,0.0,1977000,14,0.8,10400.0,0.0064,4.7994,0.0,-0.4157,acumulacion_estable,calculado,alta,baja,balance_operativo_no_negativo | cobertura_esencial_superior_a_un_mes | recuperacion_consistente | inversion_productiva_observada | hobbies_identificados_sin_asumir_que_deban_eliminarse,sin_factor_de_atencion_dominante,ninguna_relevante_para_el_periodo,"El periodo conserva balance favorable, liquidez creciente y cobertura suficiente. Evaluación entre 2026-04-01 y 2026-05-31; no describe permanentemente a la persona.",historia_controlada_y_metricas_observadas,train,acumulacion_estable,si,roadmap_14_mvp_cerrado_v1.1,fincoah_mvp_co_v1.1,37d286c2903336e54e5a0441bf80c8888bc888e34dce2b56851208d270047711
VEN_0169_3,PERF_0169,dentro_del_mvp,2026-06-30,2026-04-01,2026-06-30,acumulada_91_dias,91,96,0.9896,12313000,0,0,0,0,7683000,5398000,654000,919000,1272000,0,5065916,9695916,1028770,112930,19996000,4630000,0.0,2027000,27,0.9766,97844.4444,0.0184,5.3886,0.0,-0.8902,acumulacion_estable,calculado,alta,baja,balance_operativo_no_negativo | cobertura_esencial_superior_a_un_mes | recuperacion_consistente | inversion_productiva_observada | hobbies_identificados_sin_asumir_que_deban_eliminarse,recuperacion_demora_mas_de_20_dias,ninguna_relevante_para_el_periodo,"El periodo conserva balance favorable, liquidez creciente y cobertura suficiente. Evaluación entre 2026-04-01 y 2026-06-30; no describe permanentemente a la persona.",historia_controlada_y_metricas_observadas,train,acumulacion_estable,si,roadmap_14_mvp_cerrado_v1.1,fincoah_mvp_co_v1.1,bae5271987dd0c23f46d787309e8aecc358b298e9d85989ca7af1ecca30e1727
VEN_0170_1,PERF_0170,dentro_del_mvp,2026-04-30,2026-04-01,2026-04-30,acumulada_30_dias,30,32,0.9688,7213000,0,0,190000,0,5874000,3386000,204000,1454000,0,0,3271559,4800559,0,0,13277000,1339000,0.0,1159000,2,0.6667,115357.1429,0.0,1.4178,0.0,0.0,equilibrio_sostenible,calculado,alta,baja,balance_operativo_no_negativo | cobertura_esencial_superior_a_un_mes | inversion_productiva_observada | hobbies_identificados_sin_asumir_que_deban_eliminarse,sin_factor_de_atencion_dominante,ninguna_relevante_para_el_periodo,El periodo permanece cerca del equilibrio y mantiene cubiertas las obligaciones observadas. Evaluación entre 2026-04-01 y 2026-04-30; no describe permanentemente a la persona.,historia_controlada_y_metricas_observadas,validation,equilibrio_sostenible,si,roadmap_14_mvp_cerrado_v1.1,fincoah_mvp_co_v1.1,270781814d69b1601eec3a5d460773185fbe1e506c9c8566988f28ea3740eaeb
VEN_0170_2,PERF_0170,dentro_del_mvp,2026-05-31,2026-04-01,2026-05-31,acumulada_61_dias,61,64,0.9844,13351000,0,0,330000,0,11748000,7599000,405000,2498000,0,0,3271559,5204559,0,0,25429000,1603000,0.0,3320000,30,0.9722,-54366.6667,0.0805,1.3698,0.0,0.0,equilibrio_sostenible,calculado,alta,baja,balance_operativo_no_negativo | cobertura_esencial_superior_a_un_mes | recuperacion_consistente | inversion_productiva_observada | hobbies_identificados_sin_asumir_que_deban_eliminarse,recuperacion_demora_mas_de_20_dias,ninguna_relevante_para_el_periodo,El periodo permanece cerca del equilibrio y mantiene cubiertas las obligaciones observadas. Evaluación entre 2026-04-01 y 2026-05-31; no describe permanentemente a la persona.,historia_controlada_y_metricas_observadas,validation,equilibrio_sostenible,si,roadmap_14_mvp_cerrado_v1.1,fincoah_mvp_co_v1.1,a68a4c9a14247583d25e9b09a0358c29bfc825ebbd6f70c4a9a909bca7d5fddf
VEN_0170_3,PERF_0170,dentro_del_mvp,2026-06-30,2026-04-01,2026-06-30,acumulada_91_dias,91,95,0.9789,19592000,379000,0,330000,0,17622000,10875000,641000,4138000,0,0,3271559,5950559,0,0,37923000,1970000,0.0,3320000,18,0.9254,40533.3333,0.0742,1.6415,0.019,0.0,equilibrio_sostenible,calculado,alta,baja,balance_operativo_no_negativo | cobertura_esencial_superior_a_un_mes | recuperacion_consistente | inversion_productiva_observada | hobbies_identificados_sin_asumir_que_deban_eliminarse,sin_factor_de_atencion_dominante,ninguna_relevante_para_el_periodo,El periodo permanece cerca del equilibrio y mantiene cubiertas las obligaciones observadas. Evaluación entre 2026-04-01 y 2026-06-30; no describe permanentemente a la persona.,historia_controlada_y_metricas_observadas,validation,equilibrio_sostenible,si,roadmap_14_mvp_cerrado_v1.1,fincoah_mvp_co_v1.1,8b3667386cb00645ccafaab598a58e611997fd274b6e3b11940979e673811955
VEN_0171_1,PERF_0171,dentro_del_mvp,2026-04-30,2026-04-01,2026-04-30,acumulada_30_dias,30,31,0.9355,8455000,0,0,0,0,7612000,4274000,579000,1088000,0,0,3548499,4391499,0,0,16067000,843000,0.1797,4225000,3,0.5,442585.7143,0.0,1.0275,0.0,0.0,equilibrio_sostenible,calculado,media,media,balance_operativo_no_negativo | cobertura_esencial_superior_a_un_mes | inversion_productiva_observada | hobbies_identificados_sin_asumir_que_deban_eliminarse,sin_factor_de_atencion_dominante,destino_del_efectivo_fuera_del_banco,El periodo permanece cerca del equilibrio y mantiene cubiertas las obligaciones observadas. Evaluación entre 2026-04-01 y 2026-04-30; no describe permanentemente a la persona.,historia_controlada_y_metricas_observadas,test,variable_resiliente,si,roadmap_14_mvp_cerrado_v1.1,fincoah_mvp_co_v1.1,ab0bf5efdc5fe755fa6966cfa065da929c6dbc5ef5e83c1a4afca9cf571c3fc2
VEN_0171_2,PERF_0171,dentro_del_mvp,2026-05-31,2026-04-01,2026-05-31,acumulada_61_dias,61,62,0.9516,14352000,716000,0,0,0,17808000,9657000,1743000,3552000,0,0,3548499,808499,0,0,32876000,-3456000,0.1059,4880000,34,0.5042,-58800.0,0.1782,0.1674,0.0475,0.0,variable_resiliente,calculado,alta,baja,inversion_productiva_observada | hobbies_identificados_sin_asumir_que_deban_eliminarse,balance_operativo_negativo | cobertura_esencial_reducida | recuperacion_demora_mas_de_20_dias,destino_del_efectivo_fuera_del_banco,"Los ingresos fluctúan, pero el periodo muestra recuperación y cobertura sin convertir la variabilidad en riesgo. Evaluación entre 2026-04-01 y 2026-05-31; no describe permanentemente a la persona.",historia_controlada_y_metricas_observadas,test,variable_resiliente,si,roadmap_14_mvp_cerrado_v1.1,fincoah_mvp_co_v1.1,10d271930c73dce05abf122c42b6e72f362ec4c11a3b982fc647644fe5db8a33
VEN_0171_3,PERF_0171,dentro_del_mvp,2026-06-30,2026-04-01,2026-06-30,acumulada_91_dias,91,93,0.9570,26660000,716000,0,0,0,23128000,12437000,2542000,4785000,0,0,3548499,7796499,0,0,50504000,3532000,0.3306,6597000,0,1.0,116977.7778,0.2965,1.8806,0.0262,0.0,variable_resiliente,calculado,alta,baja,balance_operativo_no_negativo | cobertura_esencial_superior_a_un_mes | recuperacion_consistente | inversion_productiva_observada | hobbies_identificados_sin_asumir_que_deban_eliminarse,sin_factor_de_atencion_dominante,destino_del_efectivo_fuera_del_banco,"Los ingresos fluctúan, pero el periodo muestra recuperación y cobertura sin convertir la variabilidad en riesgo. Evaluación entre 2026-04-01 y 2026-06-30; no describe permanentemente a la persona.",historia_controlada_y_metricas_observadas,test,variable_resiliente,si,roadmap_14_mvp_cerrado_v1.1,fincoah_mvp_co_v1.1,6b7a6dbb1ac9cd73684a66d6569a545c9b5f07f4e0541124076b1154530f48d9
VEN_0172_1,PERF_0172,dentro_del_mvp,2026-04-30,2026-04-01,2026-04-30,acumulada_30_dias,30,33,0.9697,7052000,334000,0,0,0,4332000,2381000,276000,870000,0,0,20297008,23351008,0,0,11718000,2720000,0.0,1838000,6,0.75,173014.2857,0.0,9.8072,0.0452,0.0,acumulacion_estable,calculado,alta,baja,balance_operativo_no_negativo | cobertura_esencial_superior_a_un_mes | recuperacion_consistente | inversion_productiva_observada | hobbies_identificados_sin_asumir_que_deban_eliminarse,sin_factor_de_atencion_dominante,ninguna_relevante_para_el_periodo,"El periodo conserva balance favorable, liquidez creciente y cobertura suficiente. Evaluación entre 2026-04-01 y 2026-04-30; no describe permanentemente a la persona.",historia_controlada_y_metricas_observadas,train,uso_planificado_reserva,si,roadmap_14_mvp_cerrado_v1.1,fincoah_mvp_co_v1.1,43406f06477d2d3e73e28fb86bb7dc28dded0ea7d7a5c3dcab4a0662320c16e3
VEN_0172_2,PERF_0172,dentro_del_mvp,2026-05-31,2026-04-01,2026-05-31,acumulada_61_dias,61,66,0.9697,11533000,334000,0,0,0,15725000,9765000,937000,3030000,0,0,20297008,16439008,0,0,27592000,-4192000,0.0,8667000,37,0.7982,-234966.6667,0.2229,3.3669,0.0281,0.0,uso_planificado_reserva,calculado,alta,baja,cobertura_esencial_superior_a_un_mes | recuperacion_consistente | inversion_productiva_observada | hobbies_identificados_sin_asumir_que_deban_eliminarse,balance_operativo_negativo | recuperacion_demora_mas_de_20_dias,destino_del_efectivo_fuera_del_banco,El balance negativo se explica por una salida alineada con una meta y existe reserva para absorberla. Evaluación entre 2026-04-01 y 2026-05-31; no describe permanentemente a la persona.,historia_controlada_y_metricas_observadas,train,uso_planificado_reserva,si,roadmap_14_mvp_cerrado_v1.1,fincoah_mvp_co_v1.1,83483f3502a290ebfb88ac9806393b00923b68dd4c2b1a9c9a90e70e9787919d
VEN_0172_3,PERF_0172,dentro_del_mvp,2026-06-30,2026-04-01,2026-06-30,acumulada_91_dias,91,98,0.9796,16110000,929000,0,0,0,27118000,16742000,2247000,4650000,0,0,20297008,10218008,0,0,44157000,-11008000,0.0,14189000,67,0.7566,18333.3333,0.2216,1.831,0.0545,0.0,uso_planificado_reserva,calculado,alta,baja,cobertura_esencial_superior_a_un_mes | recuperacion_consistente | inversion_productiva_observada | hobbies_identificados_sin_asumir_que_deban_eliminarse,balance_operativo_negativo | recuperacion_demora_mas_de_20_dias,destino_del_efectivo_fuera_del_banco,El balance negativo se explica por una salida alineada con una meta y existe reserva para absorberla. Evaluación entre 2026-04-01 y 2026-06-30; no describe permanentemente a la persona.,historia_controlada_y_metricas_observadas,train,uso_planificado_reserva,si,roadmap_14_mvp_cerrado_v1.1,fincoah_mvp_co_v1.1,33d2be7c3625c6c42170ca8fc784a8fe19473012ad14c0f7d3e9b85fc1384ec7
VEN_0173_1,PERF_0173,dentro_del_mvp,2026-04-30,2026-04-01,2026-04-30,acumulada_30_dias,30,33,0.9091,4023000,0,0,0,0,4000000,2373000,204000,771000,0,0,4950230,4973230,5746444,5746444,8023000,23000,0.0,793000,18,0.7079,-14666.6667,0.0,2.0958,0.0,0.0,equilibrio_sostenible,calculado,media,media,balance_operativo_no_negativo | cobertura_esencial_superior_a_un_mes | recuperacion_consistente | inversion_productiva_observada | hobbies_identificados_sin_asumir_que_deban_eliminarse,sin_factor_de_atencion_dominante,destino_del_efectivo_fuera_del_banco,El periodo permanece cerca del equilibrio y mantiene cubiertas las obligaciones observadas. Evaluación entre 2026-04-01 y 2026-04-30; no describe permanentemente a la persona.,historia_controlada_y_metricas_observadas,train,deterioro_reciente,si,roadmap_14_mvp_cerrado_v1.1,fincoah_mvp_co_v1.1,a92c38ffc3dd7f3d8d19029f6767e9ec665c34c295023bae50c6d98a1116bc7d
VEN_0173_2,PERF_0173,dentro_del_mvp,2026-05-31,2026-04-01,2026-05-31,acumulada_61_dias,61,65,0.9538,8190000,0,0,200000,0,8000000,5259000,297000,946000,0,0,4950230,5340230,5746444,5746444,16390000,190000,0.0,2152000,49,0.9182,46200.0,0.0176,2.0309,0.0,0.0,equilibrio_sostenible,calculado,alta,baja,balance_operativo_no_negativo | cobertura_esencial_superior_a_un_mes | recuperacion_consistente | inversion_productiva_observada | hobbies_identificados_sin_asumir_que_deban_eliminarse,recuperacion_demora_mas_de_20_dias,destino_del_efectivo_fuera_del_banco,El periodo permanece cerca del equilibrio y mantiene cubiertas las obligaciones observadas. Evaluación entre 2026-04-01 y 2026-05-31; no describe permanentemente a la persona.,historia_controlada_y_metricas_observadas,train,deterioro_reciente,si,roadmap_14_mvp_cerrado_v1.1,fincoah_mvp_co_v1.1,ef4a3c878b9787e7a8dc1c762d6adf397cb424a8e722f8cf704f0c5c62544914
VEN_0173_3,PERF_0173,dentro_del_mvp,2026-06-30,2026-04-01,2026-06-30,acumulada_91_dias,91,97,0.9691,11430000,0,0,200000,0,13810000,9051000,670000,1886000,163000,0,4950230,2770230,5746444,5629084,25440000,-2380000,0.0,3453000,79,0.7009,-16444.4444,0.1069,0.9182,0.0,-0.0204,deterioro_reciente,calculado,alta,baja,recuperacion_consistente | inversion_productiva_observada | hobbies_identificados_sin_asumir_que_deban_eliminarse,balance_operativo_negativo | cobertura_esencial_reducida | recuperacion_demora_mas_de_20_dias,destino_del_efectivo_fuera_del_banco,El cierre reciente empeora frente al inicio del periodo y la recuperación es parcial. Evaluación entre 2026-04-01 y 2026-06-30; no describe permanentemente a la persona.,historia_controlada_y_metricas_observadas,train,deterioro_reciente,si,roadmap_14_mvp_cerrado_v1.1,fincoah_mvp_co_v1.1,7b7dc5e2dba532958457708c551058fc57c040081986fe466923e112a91c1468
VEN_0174_1,PERF_0174,dentro_del_mvp,2026-04-30,2026-04-01,2026-04-30,acumulada_30_dias,30,33,0.9697,6978000,0,0,120000,0,12565000,8151000,532000,1543000,1833000,0,2915408,-2551592,29626467,28306707,19663000,-5587000,9.6653,10560000,26,0.3619,454495.2381,0.0,0.0,0.0,-0.0445,deterioro_reciente,calculado,alta,baja,inversion_productiva_observada | hobbies_identificados_sin_asumir_que_deban_eliminarse,balance_operativo_negativo | cobertura_esencial_reducida | recuperacion_demora_mas_de_20_dias,ninguna_relevante_para_el_periodo,El cierre reciente empeora frente al inicio del periodo y la recuperación es parcial. Evaluación entre 2026-04-01 y 2026-04-30; no describe permanentemente a la persona.,historia_controlada_y_metricas_observadas,train,fragilidad_sostenida,si,roadmap_14_mvp_cerrado_v1.1,fincoah_mvp_co_v1.1,e07335dda4e2bfe45286b57a73671968d0421f2af80879198ac03c36b22b079e
VEN_0174_2,PERF_0174,dentro_del_mvp,2026-05-31,2026-04-01,2026-05-31,acumulada_61_dias,61,65,0.9692,12157000,0,1069000,120000,0,28603000,17359000,1399000,4896000,3152000,0,2915408,-12341592,29626467,28426027,41949000,-16446000,29.3288,17597000,57,0.0,-118333.3333,0.148,0.0,0.0808,-0.0405,fragilidad_sostenida,calculado,alta,baja,inversion_productiva_observada | hobbies_identificados_sin_asumir_que_deban_eliminarse,balance_operativo_negativo | cobertura_esencial_reducida | recuperacion_demora_mas_de_20_dias,ninguna_relevante_para_el_periodo,"El déficit persiste, la cobertura se reduce y la deuda gana peso durante el periodo. Evaluación entre 2026-04-01 y 2026-05-31; no describe permanentemente a la persona.",historia_controlada_y_metricas_observadas,train,fragilidad_sostenida,si,roadmap_14_mvp_cerrado_v1.1,fincoah_mvp_co_v1.1,f46fc827712a5c7f164d535b916dc69cf8ed8827481d55732dd14a7bcc8d2b90
VEN_0174_3,PERF_0174,dentro_del_mvp,2026-06-30,2026-04-01,2026-06-30,acumulada_91_dias,91,97,0.9794,18010000,0,2138000,180000,0,44641000,27742000,1585000,8944000,4561000,0,2915408,-21397592,29626467,28480547,64969000,-26631000,54.4937,27782000,87,0.0,-51488.8889,0.1236,0.0,0.1061,-0.0387,fragilidad_sostenida,calculado,alta,baja,inversion_productiva_observada | hobbies_identificados_sin_asumir_que_deban_eliminarse,balance_operativo_negativo | cobertura_esencial_reducida | recuperacion_demora_mas_de_20_dias,ninguna_relevante_para_el_periodo,"El déficit persiste, la cobertura se reduce y la deuda gana peso durante el periodo. Evaluación entre 2026-04-01 y 2026-06-30; no describe permanentemente a la persona.",historia_controlada_y_metricas_observadas,train,fragilidad_sostenida,si,roadmap_14_mvp_cerrado_v1.1,fincoah_mvp_co_v1.1,068da67cd6a692b75d0201eb955f97691e3f72071a9779807f016bcec46e7a17
VEN_0175_1,PERF_0175,dentro_del_mvp,2026-04-30,2026-04-01,2026-04-30,acumulada_30_dias,30,32,1.0000,2172000,0,443000,0,0,6642000,3674000,686000,1183000,1148000,0,786875,-3240125,9635935,9252375,9257000,-4470000,21.5153,4918000,28,0.0,68661.9048,0.0,0.0,0.1694,-0.0398,fragilidad_sostenida,calculado,alta,baja,inversion_productiva_observada | hobbies_identificados_sin_asumir_que_deban_eliminarse,balance_operativo_negativo | cobertura_esencial_reducida | recuperacion_demora_mas_de_20_dias,ninguna_relevante_para_el_periodo,"El déficit persiste, la cobertura se reduce y la deuda gana peso durante el periodo. Evaluación entre 2026-04-01 y 2026-04-30; no describe permanentemente a la persona.",historia_controlada_y_metricas_observadas,validation,situacion_critica,si,roadmap_14_mvp_cerrado_v1.1,fincoah_mvp_co_v1.1,7b52c81637075969ceccf5c564e285e489242aeeacaa5bdafff321d387d4cb0d
VEN_0175_2,PERF_0175,dentro_del_mvp,2026-05-31,2026-04-01,2026-05-31,acumulada_61_dias,61,63,0.9683,3808000,0,1255000,250000,0,15030000,9830000,1438000,1634000,2025000,0,786875,-8930125,9635935,9432935,20343000,-11222000,77.4611,11670000,59,0.0,-61133.3333,0.1408,0.0,0.2479,-0.0211,situacion_critica,calculado,alta,baja,inversion_productiva_observada | hobbies_identificados_sin_asumir_que_deban_eliminarse,balance_operativo_negativo | cobertura_esencial_reducida | recuperacion_demora_mas_de_20_dias,destino_del_efectivo_fuera_del_banco,La liquidez resulta insuficiente frente a necesidades esenciales y la posición negativa persiste. Evaluación entre 2026-04-01 y 2026-05-31; no describe permanentemente a la persona.,historia_controlada_y_metricas_observadas,validation,situacion_critica,si,roadmap_14_mvp_cerrado_v1.1,fincoah_mvp_co_v1.1,a13fee762f3c1d0de08155c39f6e78d9f7bc22043ebd15e91da7597080021ef2
VEN_0175_3,PERF_0175,dentro_del_mvp,2026-06-30,2026-04-01,2026-06-30,acumulada_91_dias,91,94,0.9787,5405000,0,2067000,250000,0,23418000,14753000,1917000,3847000,2488000,0,786875,-14909125,9635935,9911575,31140000,-18013000,136.167,18461000,89,0.0,25355.5556,0.1456,0.0,0.2766,0.0286,situacion_critica,calculado,alta,baja,inversion_productiva_observada | hobbies_identificados_sin_asumir_que_deban_eliminarse,balance_operativo_negativo | cobertura_esencial_reducida | recuperacion_demora_mas_de_20_dias,destino_del_efectivo_fuera_del_banco,La liquidez resulta insuficiente frente a necesidades esenciales y la posición negativa persiste. Evaluación entre 2026-04-01 y 2026-06-30; no describe permanentemente a la persona.,historia_controlada_y_metricas_observadas,validation,situacion_critica,si,roadmap_14_mvp_cerrado_v1.1,fincoah_mvp_co_v1.1,0446c90535ca78499a0f9df04efdd1f08c3e5b05921e467e65d04771c43ee18b
VEN_0176_1,PERF_0176,dentro_del_mvp,2026-04-30,2026-04-01,2026-04-30,acumulada_30_dias,30,33,0.9697,8087000,0,1493000,0,0,4834000,3654000,446000,0,0,0,8445451,13191451,10695517,12188517,14414000,3253000,0.0,1603000,11,0.75,-188547.619,0.0,3.6101,0.1558,0.1396,acumulacion_estable,calculado,alta,baja,balance_operativo_no_negativo | cobertura_esencial_superior_a_un_mes | recuperacion_consistente | hobbies_identificados_sin_asumir_que_deban_eliminarse,deuda_creciente,destino_del_efectivo_fuera_del_banco,"El periodo conserva balance favorable, liquidez creciente y cobertura suficiente. Evaluación entre 2026-04-01 y 2026-04-30; no describe permanentemente a la persona.",historia_controlada_y_metricas_observadas,train,acumulacion_estable,si,roadmap_14_mvp_cerrado_v1.1,fincoah_mvp_co_v1.1,ca83b13d9bf7f13d22dd539bc9889eee5e11eff131d8a88dcb25f7359365d7db
VEN_0176_2,PERF_0176,dentro_del_mvp,2026-05-31,2026-04-01,2026-05-31,acumulada_61_dias,61,65,0.9538,15818000,0,1493000,0,0,9668000,6498000,750000,497000,0,0,8445451,16088451,10695517,12188517,26979000,6150000,0.0,1603000,12,0.9895,-12500.0,0.0225,4.9518,0.0862,0.1396,acumulacion_estable,calculado,alta,baja,balance_operativo_no_negativo | cobertura_esencial_superior_a_un_mes | recuperacion_consistente | inversion_productiva_observada | hobbies_identificados_sin_asumir_que_deban_eliminarse,deuda_creciente,destino_del_efectivo_fuera_del_banco,"El periodo conserva balance favorable, liquidez creciente y cobertura suficiente. Evaluación entre 2026-04-01 y 2026-05-31; no describe permanentemente a la persona.",historia_controlada_y_metricas_observadas,train,acumulacion_estable,si,roadmap_14_mvp_cerrado_v1.1,fincoah_mvp_co_v1.1,d2a6066d9c8a85309dc861433fdcf369f590012abf6510411c60e57a309c1e0b
VEN_0176_3,PERF_0176,dentro_del_mvp,2026-06-30,2026-04-01,2026-06-30,acumulada_91_dias,91,97,0.9588,23265000,0,2498000,0,0,14502000,10368000,997000,497000,220000,0,8445451,19706451,10695517,13035117,40265000,8763000,0.0,1603000,8,0.967,-17377.7778,0.0338,5.7021,0.097,0.2187,acumulacion_estable,calculado,alta,baja,balance_operativo_no_negativo | cobertura_esencial_superior_a_un_mes | recuperacion_consistente | inversion_productiva_observada | hobbies_identificados_sin_asumir_que_deban_eliminarse,deuda_creciente,destino_del_efectivo_fuera_del_banco,"El periodo conserva balance favorable, liquidez creciente y cobertura suficiente. Evaluación entre 2026-04-01 y 2026-06-30; no describe permanentemente a la persona.",historia_controlada_y_metricas_observadas,train,acumulacion_estable,si,roadmap_14_mvp_cerrado_v1.1,fincoah_mvp_co_v1.1,d54ff6d93c2e430843ad596c3d90cb3438765400aedfc8176f491a3fed2dc59f
VEN_0177_1,PERF_0177,dentro_del_mvp,2026-04-30,2026-04-01,2026-04-30,acumulada_30_dias,30,31,0.9355,2981000,0,0,0,0,2874000,1797000,276000,389000,141000,0,4263924,4370924,2918370,2816850,5855000,107000,0.0,1621000,0,1.0,159157.1429,0.0,2.4323,0.0,-0.0348,equilibrio_sostenible,calculado,media,media,balance_operativo_no_negativo | cobertura_esencial_superior_a_un_mes | recuperacion_consistente | inversion_productiva_observada | hobbies_identificados_sin_asumir_que_deban_eliminarse,sin_factor_de_atencion_dominante,destino_del_efectivo_fuera_del_banco,El periodo permanece cerca del equilibrio y mantiene cubiertas las obligaciones observadas. Evaluación entre 2026-04-01 y 2026-04-30; no describe permanentemente a la persona.,historia_controlada_y_metricas_observadas,validation,equilibrio_sostenible,si,roadmap_14_mvp_cerrado_v1.1,fincoah_mvp_co_v1.1,57cf713c6ae7b3172549afebe9df439de5e64b9c506268da474e6e769f027ca7
VEN_0177_2,PERF_0177,dentro_del_mvp,2026-05-31,2026-04-01,2026-05-31,acumulada_61_dias,61,62,0.9194,6219000,0,403000,0,0,5748000,3514000,370000,999000,338000,0,4263924,5137924,2918370,3078010,12370000,471000,0.0,1621000,10,0.6667,-32400.0,0.0413,2.9243,0.0609,0.0547,equilibrio_sostenible,calculado,media,media,balance_operativo_no_negativo | cobertura_esencial_superior_a_un_mes | inversion_productiva_observada | hobbies_identificados_sin_asumir_que_deban_eliminarse,deuda_creciente,destino_del_efectivo_fuera_del_banco,El periodo permanece cerca del equilibrio y mantiene cubiertas las obligaciones observadas. Evaluación entre 2026-04-01 y 2026-05-31; no describe permanentemente a la persona.,historia_controlada_y_metricas_observadas,validation,equilibrio_sostenible,si,roadmap_14_mvp_cerrado_v1.1,fincoah_mvp_co_v1.1,fd93745520abd31dfe30a3a0d78909708e44f989eba7585253f62f1b7a4a51fb
VEN_0177_3,PERF_0177,dentro_del_mvp,2026-06-30,2026-04-01,2026-06-30,acumulada_91_dias,91,92,0.9348,9040000,0,403000,0,0,8622000,5568000,550000,1550000,822000,0,4263924,5084924,2918370,2729530,18065000,418000,0.0,1621000,40,0.9122,38377.7778,0.057,2.7397,0.0427,-0.0647,equilibrio_sostenible,calculado,media,media,balance_operativo_no_negativo | cobertura_esencial_superior_a_un_mes | recuperacion_consistente | inversion_productiva_observada | hobbies_identificados_sin_asumir_que_deban_eliminarse,recuperacion_demora_mas_de_20_dias,destino_del_efectivo_fuera_del_banco,El periodo permanece cerca del equilibrio y mantiene cubiertas las obligaciones observadas. Evaluación entre 2026-04-01 y 2026-06-30; no describe permanentemente a la persona.,historia_controlada_y_metricas_observadas,validation,equilibrio_sostenible,si,roadmap_14_mvp_cerrado_v1.1,fincoah_mvp_co_v1.1,b08176fcd884cc1247dcc4274c2f7c72f2d478c5be280087aca40a1ce0651dc9
VEN_0178_1,PERF_0178,dentro_del_mvp,2026-04-30,2026-04-01,2026-04-30,acumulada_30_dias,30,33,0.9697,7671000,0,0,0,159000,6864000,4349000,373000,1017000,840000,0,3989327,4955327,6535887,5931087,14694000,807000,0.8879,5165000,1,0.5,464885.7143,0.0,1.1394,0.0,-0.0925,equilibrio_sostenible,calculado,alta,baja,balance_operativo_no_negativo | cobertura_esencial_superior_a_un_mes | inversion_productiva_observada | hobbies_identificados_sin_asumir_que_deban_eliminarse,sin_factor_de_atencion_dominante,destino_del_efectivo_fuera_del_banco,El periodo permanece cerca del equilibrio y mantiene cubiertas las obligaciones observadas. Evaluación entre 2026-04-01 y 2026-04-30; no describe permanentemente a la persona.,historia_controlada_y_metricas_observadas,validation,variable_resiliente,si,roadmap_14_mvp_cerrado_v1.1,fincoah_mvp_co_v1.1,fa548e225fdb02905d79c1868374e8c7c51ecaf719c728fbaa59f7db0cea554f
VEN_0178_2,PERF_0178,dentro_del_mvp,2026-05-31,2026-04-01,2026-05-31,acumulada_61_dias,61,66,0.9848,13488000,0,0,0,159000,16059000,8582000,1186000,2778000,1389000,0,3989327,1577327,6535887,5535807,29706000,-2571000,2.4007,7304000,32,0.7605,49100.0,0.1375,0.3676,0.0,-0.153,variable_resiliente,calculado,alta,baja,recuperacion_consistente | inversion_productiva_observada | hobbies_identificados_sin_asumir_que_deban_eliminarse,balance_operativo_negativo | cobertura_esencial_reducida | recuperacion_demora_mas_de_20_dias,destino_del_efectivo_fuera_del_banco,"Los ingresos fluctúan, pero el periodo muestra recuperación y cobertura sin convertir la variabilidad en riesgo. Evaluación entre 2026-04-01 y 2026-05-31; no describe permanentemente a la persona.",historia_controlada_y_metricas_observadas,validation,variable_resiliente,si,roadmap_14_mvp_cerrado_v1.1,fincoah_mvp_co_v1.1,eb498be005493389e026e4544a3ff702ef007d3e458f2cf24d5c9fb0603e10e0
VEN_0178_3,PERF_0178,dentro_del_mvp,2026-06-30,2026-04-01,2026-06-30,acumulada_91_dias,91,98,0.9796,18677000,0,0,0,878000,25254000,15009000,2212000,2778000,1389000,0,3989327,-1709673,6535887,5535807,44809000,-6577000,4.8226,11240000,62,0.6662,71444.4444,0.1692,0.0,0.0,-0.153,variable_resiliente,calculado,alta,baja,inversion_productiva_observada | hobbies_identificados_sin_asumir_que_deban_eliminarse,balance_operativo_negativo | cobertura_esencial_reducida | recuperacion_demora_mas_de_20_dias,destino_del_efectivo_fuera_del_banco,"Los ingresos fluctúan, pero el periodo muestra recuperación y cobertura sin convertir la variabilidad en riesgo. Evaluación entre 2026-04-01 y 2026-06-30; no describe permanentemente a la persona.",historia_controlada_y_metricas_observadas,validation,variable_resiliente,si,roadmap_14_mvp_cerrado_v1.1,fincoah_mvp_co_v1.1,f8b9bd6ce689b8e7488baaf648835c5a33cbaeddc436c06245b649910224e062
VEN_0179_1,PERF_0179,dentro_del_mvp,2026-04-30,2026-04-01,2026-04-30,acumulada_30_dias,30,33,0.9697,4571000,0,0,0,0,2683000,1820000,273000,270000,186000,0,9278805,11166805,7412685,7278765,7254000,1888000,0.0,1521000,24,0.8997,-50433.3333,0.0,6.1356,0.0,-0.0181,acumulacion_estable,calculado,alta,baja,balance_operativo_no_negativo | cobertura_esencial_superior_a_un_mes | recuperacion_consistente | inversion_productiva_observada | hobbies_identificados_sin_asumir_que_deban_eliminarse,recuperacion_demora_mas_de_20_dias,ninguna_relevante_para_el_periodo,"El periodo conserva balance favorable, liquidez creciente y cobertura suficiente. Evaluación entre 2026-04-01 y 2026-04-30; no describe permanentemente a la persona.",historia_controlada_y_metricas_observadas,train,uso_planificado_reserva,si,roadmap_14_mvp_cerrado_v1.1,fincoah_mvp_co_v1.1,b29aec38652a1d3e9f0ae06620d6ac455881cd30990f5d0b1260a61efc2c7d23
VEN_0179_2,PERF_0179,dentro_del_mvp,2026-05-31,2026-04-01,2026-05-31,acumulada_61_dias,61,65,0.9692,7166000,0,0,0,411000,9738000,6336000,1412000,631000,539000,0,9278805,7117805,7412685,7024605,17315000,-2572000,0.0,4765000,55,0.5,-208866.6667,0.2757,2.2468,0.0,-0.0524,uso_planificado_reserva,calculado,alta,baja,cobertura_esencial_superior_a_un_mes | inversion_productiva_observada | hobbies_identificados_sin_asumir_que_deban_eliminarse,balance_operativo_negativo | recuperacion_demora_mas_de_20_dias,ninguna_relevante_para_el_periodo,El balance negativo se explica por una salida alineada con una meta y existe reserva para absorberla. Evaluación entre 2026-04-01 y 2026-05-31; no describe permanentemente a la persona.,historia_controlada_y_metricas_observadas,train,uso_planificado_reserva,si,roadmap_14_mvp_cerrado_v1.1,fincoah_mvp_co_v1.1,31f59977c8fabe80ef8b7d4b567102dc976adec7dcd596d64088559de262c857
VEN_0179_3,PERF_0179,dentro_del_mvp,2026-06-30,2026-04-01,2026-06-30,acumulada_91_dias,91,97,0.9588,9775000,0,0,60000,411000,16793000,10451000,2304000,2124000,539000,0,9278805,2731805,7412685,7024605,27039000,-7018000,0.0,9364000,85,0.5082,-125200.0,0.2849,0.7842,0.0,-0.0524,uso_planificado_reserva,calculado,alta,baja,inversion_productiva_observada | hobbies_identificados_sin_asumir_que_deban_eliminarse,balance_operativo_negativo | cobertura_esencial_reducida | recuperacion_demora_mas_de_20_dias,destino_del_efectivo_fuera_del_banco,El balance negativo se explica por una salida alineada con una meta y existe reserva para absorberla. Evaluación entre 2026-04-01 y 2026-06-30; no describe permanentemente a la persona.,historia_controlada_y_metricas_observadas,train,uso_planificado_reserva,si,roadmap_14_mvp_cerrado_v1.1,fincoah_mvp_co_v1.1,f9cf74a180bbcfbab3341c3e53612b4bb082c6161d9db4979552bcf4e4513e2d
VEN_0180_1,PERF_0180,dentro_del_mvp,2026-04-30,2026-04-01,2026-04-30,acumulada_30_dias,30,33,0.9697,5346000,0,0,210000,232000,5398000,3763000,351000,0,0,0,4585472,4975472,3006740,3006740,11186000,-52000,0.0,1716000,23,0.6435,-36314.2857,0.0,1.3222,0.0,0.0,equilibrio_sostenible,calculado,alta,baja,cobertura_esencial_superior_a_un_mes | hobbies_identificados_sin_asumir_que_deban_eliminarse,balance_operativo_negativo | recuperacion_demora_mas_de_20_dias,ninguna_relevante_para_el_periodo,El periodo permanece cerca del equilibrio y mantiene cubiertas las obligaciones observadas. Evaluación entre 2026-04-01 y 2026-04-30; no describe permanentemente a la persona.,historia_controlada_y_metricas_observadas,train,deterioro_reciente,si,roadmap_14_mvp_cerrado_v1.1,fincoah_mvp_co_v1.1,44cce61eb412f4eedda832056fd17b6563f31c9f72b8f7fbcdf2056a357c4f66
VEN_0180_2,PERF_0180,dentro_del_mvp,2026-05-31,2026-04-01,2026-05-31,acumulada_61_dias,61,66,0.9545,10868000,0,0,430000,232000,10796000,7271000,930000,1072000,225000,0,4585472,5319472,3006740,2844740,22326000,72000,0.0,2351000,54,0.8188,28233.3333,0.0162,1.4632,0.0,-0.0539,equilibrio_sostenible,calculado,alta,baja,balance_operativo_no_negativo | cobertura_esencial_superior_a_un_mes | recuperacion_consistente | inversion_productiva_observada | hobbies_identificados_sin_asumir_que_deban_eliminarse,recuperacion_demora_mas_de_20_dias,destino_del_efectivo_fuera_del_banco,El periodo permanece cerca del equilibrio y mantiene cubiertas las obligaciones observadas. Evaluación entre 2026-04-01 y 2026-05-31; no describe permanentemente a la persona.,historia_controlada_y_metricas_observadas,train,deterioro_reciente,si,roadmap_14_mvp_cerrado_v1.1,fincoah_mvp_co_v1.1,1bc47b0abfa003109f91ab7a474913d3e3e88b9680112e647af466ee91201d78
VEN_0180_3,PERF_0180,dentro_del_mvp,2026-06-30,2026-04-01,2026-06-30,acumulada_91_dias,91,99,0.9596,15343000,0,0,700000,232000,18637000,12660000,1372000,1819000,741000,0,4585472,2223472,3006740,2473220,34912000,-3294000,0.0,5169000,84,0.592,5133.3333,0.0895,0.5269,0.0,-0.1774,deterioro_reciente,calculado,alta,baja,inversion_productiva_observada | hobbies_identificados_sin_asumir_que_deban_eliminarse,balance_operativo_negativo | cobertura_esencial_reducida | recuperacion_demora_mas_de_20_dias,destino_del_efectivo_fuera_del_banco,El cierre reciente empeora frente al inicio del periodo y la recuperación es parcial. Evaluación entre 2026-04-01 y 2026-06-30; no describe permanentemente a la persona.,historia_controlada_y_metricas_observadas,train,deterioro_reciente,si,roadmap_14_mvp_cerrado_v1.1,fincoah_mvp_co_v1.1,81a40cd62d0bd714009378a88fb5b8c1e708d0bcf974a43fba92589f5a0b5623
VEN_0181_1,PERF_0181,dentro_del_mvp,2026-04-30,2026-04-01,2026-04-30,acumulada_30_dias,30,31,1.0000,7292000,0,0,0,0,13736000,8555000,1510000,1345000,697000,0,2639675,-3804325,22436601,21934761,21028000,-6444000,3.0003,5085000,27,0.0,-193323.8095,0.0,0.0,0.0,-0.0224,deterioro_reciente,calculado,alta,baja,inversion_productiva_observada | hobbies_identificados_sin_asumir_que_deban_eliminarse,balance_operativo_negativo | cobertura_esencial_reducida | recuperacion_demora_mas_de_20_dias,ninguna_relevante_para_el_periodo,El cierre reciente empeora frente al inicio del periodo y la recuperación es parcial. Evaluación entre 2026-04-01 y 2026-04-30; no describe permanentemente a la persona.,historia_controlada_y_metricas_observadas,train,fragilidad_sostenida,si,roadmap_14_mvp_cerrado_v1.1,fincoah_mvp_co_v1.1,62df9ec477d8d974ec1d0d2fcea0c2a89dcc14146d2cf3ed27fe97b0baed79c0
VEN_0181_2,PERF_0181,dentro_del_mvp,2026-05-31,2026-04-01,2026-05-31,acumulada_61_dias,61,62,0.9677,13521000,0,1169000,0,0,31268000,20457000,1510000,5095000,2311000,0,2639675,-13938325,22436601,21941681,45958000,-17747000,25.2299,16388000,58,0.0,-247366.6667,0.0786,0.0,0.0796,-0.0221,fragilidad_sostenida,calculado,alta,baja,inversion_productiva_observada | hobbies_identificados_sin_asumir_que_deban_eliminarse,balance_operativo_negativo | cobertura_esencial_reducida | recuperacion_demora_mas_de_20_dias,destino_del_efectivo_fuera_del_banco,"El déficit persiste, la cobertura se reduce y la deuda gana peso durante el periodo. Evaluación entre 2026-04-01 y 2026-05-31; no describe permanentemente a la persona.",historia_controlada_y_metricas_observadas,train,fragilidad_sostenida,si,roadmap_14_mvp_cerrado_v1.1,fincoah_mvp_co_v1.1,9cd85db0d5ea0b1c98c470e7bbb357cbf0d085f49b28cfca78d148bc667b8b96
VEN_0181_3,PERF_0181,dentro_del_mvp,2026-06-30,2026-04-01,2026-06-30,acumulada_91_dias,91,93,0.9785,19485000,0,1169000,0,0,48800000,27376000,3239000,10389000,3130000,0,2639675,-25506325,22436601,21352001,69454000,-29315000,47.4469,27956000,88,0.0,-131311.1111,0.0884,0.0,0.0566,-0.0483,fragilidad_sostenida,calculado,alta,baja,inversion_productiva_observada | hobbies_identificados_sin_asumir_que_deban_eliminarse,balance_operativo_negativo | cobertura_esencial_reducida | recuperacion_demora_mas_de_20_dias,destino_del_efectivo_fuera_del_banco,"El déficit persiste, la cobertura se reduce y la deuda gana peso durante el periodo. Evaluación entre 2026-04-01 y 2026-06-30; no describe permanentemente a la persona.",historia_controlada_y_metricas_observadas,train,fragilidad_sostenida,si,roadmap_14_mvp_cerrado_v1.1,fincoah_mvp_co_v1.1,3c336ddb30f07286533870a2c924544c69b8e5286367609923e4f9a448e42118
VEN_0182_1,PERF_0182,dentro_del_mvp,2026-04-30,2026-04-01,2026-04-30,acumulada_30_dias,30,31,1.0000,2865000,0,515000,170000,0,7722000,5290000,763000,994000,436000,0,724022,-3447978,8909140,9110220,11272000,-4857000,23.4584,4431000,29,0.0,3742.8571,0.0,0.0,0.1524,0.0226,fragilidad_sostenida,calculado,alta,baja,inversion_productiva_observada | hobbies_identificados_sin_asumir_que_deban_eliminarse,balance_operativo_negativo | cobertura_esencial_reducida | recuperacion_demora_mas_de_20_dias,ninguna_relevante_para_el_periodo,"El déficit persiste, la cobertura se reduce y la deuda gana peso durante el periodo. Evaluación entre 2026-04-01 y 2026-04-30; no describe permanentemente a la persona.",historia_controlada_y_metricas_observadas,train,situacion_critica,si,roadmap_14_mvp_cerrado_v1.1,fincoah_mvp_co_v1.1,9f6496e7dbe88eedb85769021105c9f3915b398448bb0bc2aafbd4a053536665
VEN_0182_2,PERF_0182,dentro_del_mvp,2026-05-31,2026-04-01,2026-05-31,acumulada_61_dias,61,62,1.0000,4915000,0,1459000,170000,0,17473000,12066000,1720000,994000,436000,0,724022,-10204978,8909140,10054220,24017000,-12558000,70.23,12132000,60,0.0,25666.6667,0.1658,0.0,0.2289,0.1285,situacion_critica,calculado,alta,baja,inversion_productiva_observada | hobbies_identificados_sin_asumir_que_deban_eliminarse,balance_operativo_negativo | cobertura_esencial_reducida | deuda_creciente | recuperacion_demora_mas_de_20_dias,ninguna_relevante_para_el_periodo,La liquidez resulta insuficiente frente a necesidades esenciales y la posición negativa persiste. Evaluación entre 2026-04-01 y 2026-05-31; no describe permanentemente a la persona.,historia_controlada_y_metricas_observadas,train,situacion_critica,si,roadmap_14_mvp_cerrado_v1.1,fincoah_mvp_co_v1.1,aaadcdf9a4b30a3595ac9a6ca324fb3993750688f8ae11ef0ec61b2febafb128
VEN_0182_3,PERF_0182,dentro_del_mvp,2026-06-30,2026-04-01,2026-06-30,acumulada_91_dias,91,92,1.0000,7220000,0,2403000,390000,0,27224000,18755000,2301000,1469000,436000,0,724022,-16486978,8909140,10998220,37237000,-20004000,120.6947,19686000,90,0.0055,14044.4444,0.1414,0.0,0.2497,0.2345,situacion_critica,calculado,alta,baja,inversion_productiva_observada | hobbies_identificados_sin_asumir_que_deban_eliminarse,balance_operativo_negativo | cobertura_esencial_reducida | deuda_creciente | recuperacion_demora_mas_de_20_dias,ninguna_relevante_para_el_periodo,La liquidez resulta insuficiente frente a necesidades esenciales y la posición negativa persiste. Evaluación entre 2026-04-01 y 2026-06-30; no describe permanentemente a la persona.,historia_controlada_y_metricas_observadas,train,situacion_critica,si,roadmap_14_mvp_cerrado_v1.1,fincoah_mvp_co_v1.1,2bdbd9171cc01f0141854eaa4c1e40f0def29b54df2185e3cabf8a01123c9581
VEN_0183_1,PERF_0183,dentro_del_mvp,2026-04-30,2026-04-01,2026-04-30,acumulada_30_dias,30,33,1.0000,4014000,0,0,0,0,2599000,1823000,24000,373000,0,0,7353611,8768611,0,0,6613000,1415000,0.0,486000,7,0.6667,-28947.619,0.0,4.81,0.0,0.0,acumulacion_estable,calculado,alta,baja,balance_operativo_no_negativo | cobertura_esencial_superior_a_un_mes | inversion_productiva_observada | hobbies_identificados_sin_asumir_que_deban_eliminarse,sin_factor_de_atencion_dominante,ninguna_relevante_para_el_periodo,"El periodo conserva balance favorable, liquidez creciente y cobertura suficiente. Evaluación entre 2026-04-01 y 2026-04-30; no describe permanentemente a la persona.",historia_controlada_y_metricas_observadas,train,acumulacion_estable,si,roadmap_14_mvp_cerrado_v1.1,fincoah_mvp_co_v1.1,eb966e1cc7deedb8f7e3f2ab7f3fb180d8131998f7822fb82daacb597d37d3f8
VEN_0183_2,PERF_0183,dentro_del_mvp,2026-05-31,2026-04-01,2026-05-31,acumulada_61_dias,61,66,0.9848,8424000,0,0,100000,0,5198000,3509000,167000,733000,0,0,7353611,10679611,0,0,13722000,3226000,0.0,752000,5,0.8333,27200.0,0.047,6.087,0.0,0.0,acumulacion_estable,calculado,alta,baja,balance_operativo_no_negativo | cobertura_esencial_superior_a_un_mes | recuperacion_consistente | inversion_productiva_observada | hobbies_identificados_sin_asumir_que_deban_eliminarse,sin_factor_de_atencion_dominante,destino_del_efectivo_fuera_del_banco,"El periodo conserva balance favorable, liquidez creciente y cobertura suficiente. Evaluación entre 2026-04-01 y 2026-05-31; no describe permanentemente a la persona.",historia_controlada_y_metricas_observadas,train,acumulacion_estable,si,roadmap_14_mvp_cerrado_v1.1,fincoah_mvp_co_v1.1,add4cbb0839770082c2247704d1891afd1f2c38eade56bc271eacb816233f965
VEN_0183_3,PERF_0183,dentro_del_mvp,2026-06-30,2026-04-01,2026-06-30,acumulada_91_dias,91,98,0.9694,12951000,0,0,190000,0,7797000,5292000,540000,733000,0,0,7353611,12697611,0,0,20938000,5154000,0.0,1038000,7,0.9,54933.3333,0.0508,7.1982,0.0,0.0,acumulacion_estable,calculado,alta,baja,balance_operativo_no_negativo | cobertura_esencial_superior_a_un_mes | recuperacion_consistente | inversion_productiva_observada | hobbies_identificados_sin_asumir_que_deban_eliminarse,sin_factor_de_atencion_dominante,destino_del_efectivo_fuera_del_banco,"El periodo conserva balance favorable, liquidez creciente y cobertura suficiente. Evaluación entre 2026-04-01 y 2026-06-30; no describe permanentemente a la persona.",historia_controlada_y_metricas_observadas,train,acumulacion_estable,si,roadmap_14_mvp_cerrado_v1.1,fincoah_mvp_co_v1.1,0b3d8ebc69de378ba9646d86a00ec44994032c98ec0e4a7346689ad26a066bed
VEN_0184_1,PERF_0184,dentro_del_mvp,2026-04-30,2026-04-01,2026-04-30,acumulada_30_dias,30,33,0.9697,7179000,0,0,0,0,6272000,3561000,783000,0,304000,0,2396570,3303570,10861862,10642982,13451000,907000,0.0,3881000,29,0.0,42890.4762,0.0,0.9277,0.0,-0.0202,equilibrio_sostenible,calculado,alta,baja,balance_operativo_no_negativo | hobbies_identificados_sin_asumir_que_deban_eliminarse,cobertura_esencial_reducida | recuperacion_demora_mas_de_20_dias,destino_del_efectivo_fuera_del_banco,El periodo permanece cerca del equilibrio y mantiene cubiertas las obligaciones observadas. Evaluación entre 2026-04-01 y 2026-04-30; no describe permanentemente a la persona.,historia_controlada_y_metricas_observadas,test,equilibrio_sostenible,si,roadmap_14_mvp_cerrado_v1.1,fincoah_mvp_co_v1.1,75a383fdff66c0c34b249a101df873c7fefba5ea8a28693567674b1bd31cfda6
VEN_0184_2,PERF_0184,dentro_del_mvp,2026-05-31,2026-04-01,2026-05-31,acumulada_61_dias,61,66,0.9848,14187000,0,0,0,0,12544000,6543000,1055000,2154000,1017000,0,2396570,4039570,10861862,10129622,26731000,1643000,0.0,6131000,60,0.487,180233.3333,0.0121,1.2348,0.0,-0.0674,equilibrio_sostenible,calculado,alta,baja,balance_operativo_no_negativo | cobertura_esencial_superior_a_un_mes | inversion_productiva_observada | hobbies_identificados_sin_asumir_que_deban_eliminarse,recuperacion_demora_mas_de_20_dias,destino_del_efectivo_fuera_del_banco,El periodo permanece cerca del equilibrio y mantiene cubiertas las obligaciones observadas. Evaluación entre 2026-04-01 y 2026-05-31; no describe permanentemente a la persona.,historia_controlada_y_metricas_observadas,test,equilibrio_sostenible,si,roadmap_14_mvp_cerrado_v1.1,fincoah_mvp_co_v1.1,380ef45919f2eb97a642017434a0c29724d7675960b73c77caf380cfadac80d7
VEN_0184_3,PERF_0184,dentro_del_mvp,2026-06-30,2026-04-01,2026-06-30,acumulada_91_dias,91,98,0.9694,21085000,0,0,0,0,18816000,10874000,1242000,3076000,1245000,0,2396570,4665570,10861862,9965462,39901000,2269000,0.0,6131000,90,0.5891,144688.8889,0.0164,1.2872,0.0,-0.0825,equilibrio_sostenible,calculado,alta,baja,balance_operativo_no_negativo | cobertura_esencial_superior_a_un_mes | inversion_productiva_observada | hobbies_identificados_sin_asumir_que_deban_eliminarse,recuperacion_demora_mas_de_20_dias,destino_del_efectivo_fuera_del_banco,El periodo permanece cerca del equilibrio y mantiene cubiertas las obligaciones observadas. Evaluación entre 2026-04-01 y 2026-06-30; no describe permanentemente a la persona.,historia_controlada_y_metricas_observadas,test,equilibrio_sostenible,si,roadmap_14_mvp_cerrado_v1.1,fincoah_mvp_co_v1.1,ff82c4b0d7d5cd1871be78b52a9b9911e23f54924feed0c433d5da53e015616a
VEN_0185_1,PERF_0185,dentro_del_mvp,2026-04-30,2026-04-01,2026-04-30,acumulada_30_dias,30,31,1.0000,4438000,0,0,110000,0,3990000,2517000,686000,266000,195000,0,2726997,3284997,9349751,9209351,8538000,448000,0.0,1317000,24,0.7699,-32433.3333,0.0,1.3051,0.0,-0.015,equilibrio_sostenible,calculado,alta,baja,balance_operativo_no_negativo | cobertura_esencial_superior_a_un_mes | recuperacion_consistente | inversion_productiva_observada | hobbies_identificados_sin_asumir_que_deban_eliminarse,recuperacion_demora_mas_de_20_dias,ninguna_relevante_para_el_periodo,El periodo permanece cerca del equilibrio y mantiene cubiertas las obligaciones observadas. Evaluación entre 2026-04-01 y 2026-04-30; no describe permanentemente a la persona.,historia_controlada_y_metricas_observadas,test,variable_resiliente,si,roadmap_14_mvp_cerrado_v1.1,fincoah_mvp_co_v1.1,757ed7300f8e1e1a4045b2c65a2c9d1a2d5a4470d7348fd999bb937f65dca716
VEN_0185_2,PERF_0185,dentro_del_mvp,2026-05-31,2026-04-01,2026-05-31,acumulada_61_dias,61,62,1.0000,7682000,0,0,110000,0,9335000,5386000,949000,1336000,604000,0,2726997,1183997,9349751,8914871,17127000,-1653000,0.0,3069000,55,0.559,-86733.3333,0.1554,0.4397,0.0,-0.0465,variable_resiliente,calculado,alta,baja,inversion_productiva_observada | hobbies_identificados_sin_asumir_que_deban_eliminarse,balance_operativo_negativo | cobertura_esencial_reducida | recuperacion_demora_mas_de_20_dias,ninguna_relevante_para_el_periodo,"Los ingresos fluctúan, pero el periodo muestra recuperación y cobertura sin convertir la variabilidad en riesgo. Evaluación entre 2026-04-01 y 2026-05-31; no describe permanentemente a la persona.",historia_controlada_y_metricas_observadas,test,variable_resiliente,si,roadmap_14_mvp_cerrado_v1.1,fincoah_mvp_co_v1.1,56d31e34300e2534532129767b80416adcff0b2afcd61b1423d07d1eec1a24f8
VEN_0185_3,PERF_0185,dentro_del_mvp,2026-06-30,2026-04-01,2026-06-30,acumulada_91_dias,91,92,1.0000,10954000,0,0,110000,0,14680000,8898000,1210000,2248000,1347000,0,2726997,-889003,9349751,8379911,25744000,-3726000,1.4075,5024000,85,0.5243,-26066.6667,0.1524,0.0,0.0,-0.1037,variable_resiliente,calculado,alta,baja,inversion_productiva_observada | hobbies_identificados_sin_asumir_que_deban_eliminarse,balance_operativo_negativo | cobertura_esencial_reducida | recuperacion_demora_mas_de_20_dias,ninguna_relevante_para_el_periodo,"Los ingresos fluctúan, pero el periodo muestra recuperación y cobertura sin convertir la variabilidad en riesgo. Evaluación entre 2026-04-01 y 2026-06-30; no describe permanentemente a la persona.",historia_controlada_y_metricas_observadas,test,variable_resiliente,si,roadmap_14_mvp_cerrado_v1.1,fincoah_mvp_co_v1.1,c2ebd85af3fab252de3ed0640d135266de00b68776959452dc3aaddf67658436
VEN_0186_1,PERF_0186,dentro_del_mvp,2026-04-30,2026-04-01,2026-04-30,acumulada_30_dias,30,34,1.0000,6781000,0,0,110000,0,4180000,2753000,310000,631000,519000,0,21390420,24101420,1999584,1625904,11071000,2601000,0.0,1226000,3,0.8,117704.7619,0.0,8.7546,0.0,-0.1869,acumulacion_estable,calculado,alta,baja,balance_operativo_no_negativo | cobertura_esencial_superior_a_un_mes | recuperacion_consistente | inversion_productiva_observada | hobbies_identificados_sin_asumir_que_deban_eliminarse,sin_factor_de_atencion_dominante,ninguna_relevante_para_el_periodo,"El periodo conserva balance favorable, liquidez creciente y cobertura suficiente. Evaluación entre 2026-04-01 y 2026-04-30; no describe permanentemente a la persona.",historia_controlada_y_metricas_observadas,test,uso_planificado_reserva,si,roadmap_14_mvp_cerrado_v1.1,fincoah_mvp_co_v1.1,dd5c974c445d29d39c3f7ec764a5a8679f2ad7ac6b50cf3518c46c148b5f1164
VEN_0186_2,PERF_0186,dentro_del_mvp,2026-05-31,2026-04-01,2026-05-31,acumulada_61_dias,61,67,0.9701,10801000,0,0,110000,0,15173000,8957000,540000,4061000,519000,0,21390420,17128420,1999584,1625904,26084000,-4372000,0.0,8130000,34,0.8231,-153200.0,0.2556,3.8246,0.0,-0.1869,uso_planificado_reserva,calculado,alta,baja,cobertura_esencial_superior_a_un_mes | recuperacion_consistente | inversion_productiva_observada | hobbies_identificados_sin_asumir_que_deban_eliminarse,balance_operativo_negativo | recuperacion_demora_mas_de_20_dias,destino_del_efectivo_fuera_del_banco,El balance negativo se explica por una salida alineada con una meta y existe reserva para absorberla. Evaluación entre 2026-04-01 y 2026-05-31; no describe permanentemente a la persona.,historia_controlada_y_metricas_observadas,test,uso_planificado_reserva,si,roadmap_14_mvp_cerrado_v1.1,fincoah_mvp_co_v1.1,400fcc42b9fe7c5c6ad1f8f183c833b3acf7974aee9a74ffc6fefb52c232db5e
VEN_0186_3,PERF_0186,dentro_del_mvp,2026-06-30,2026-04-01,2026-06-30,acumulada_91_dias,91,100,0.9700,15456000,0,0,110000,0,26166000,15539000,1349000,6165000,1508000,0,21390420,10790420,1999584,913824,41732000,-10710000,0.0,13702000,64,0.8025,-86622.2222,0.2292,2.0832,0.0,-0.543,uso_planificado_reserva,calculado,alta,baja,cobertura_esencial_superior_a_un_mes | recuperacion_consistente | inversion_productiva_observada | hobbies_identificados_sin_asumir_que_deban_eliminarse,balance_operativo_negativo | recuperacion_demora_mas_de_20_dias,destino_del_efectivo_fuera_del_banco,El balance negativo se explica por una salida alineada con una meta y existe reserva para absorberla. Evaluación entre 2026-04-01 y 2026-06-30; no describe permanentemente a la persona.,historia_controlada_y_metricas_observadas,test,uso_planificado_reserva,si,roadmap_14_mvp_cerrado_v1.1,fincoah_mvp_co_v1.1,2d3783631e48fb5dcf32413a0da0449a04f45c6166ed05bdc592467088c644f2
VEN_0187_1,PERF_0187,dentro_del_mvp,2026-04-30,2026-04-01,2026-04-30,acumulada_30_dias,30,32,0.9375,4842000,0,0,40000,0,4447000,3222000,126000,325000,0,0,12634952,13069952,0,0,9329000,395000,0.0,2107000,16,0.75,-194119.0476,0.0,4.0565,0.0,0.0,equilibrio_sostenible,calculado,media,media,balance_operativo_no_negativo | cobertura_esencial_superior_a_un_mes | recuperacion_consistente | inversion_productiva_observada | hobbies_identificados_sin_asumir_que_deban_eliminarse,sin_factor_de_atencion_dominante,destino_del_efectivo_fuera_del_banco,El periodo permanece cerca del equilibrio y mantiene cubiertas las obligaciones observadas. Evaluación entre 2026-04-01 y 2026-04-30; no describe permanentemente a la persona.,historia_controlada_y_metricas_observadas,test,deterioro_reciente,si,roadmap_14_mvp_cerrado_v1.1,fincoah_mvp_co_v1.1,518abe9f8ff6adbd54785c25e75bd50f4a345e254809f5458a768780220c1d6d
VEN_0187_2,PERF_0187,dentro_del_mvp,2026-05-31,2026-04-01,2026-05-31,acumulada_61_dias,61,63,0.9683,9960000,0,0,280000,0,8894000,6140000,708000,898000,0,0,12634952,13980952,0,0,19134000,1066000,0.0,2884000,47,0.8755,-22333.3333,0.0277,4.5541,0.0,0.0,equilibrio_sostenible,calculado,alta,baja,balance_operativo_no_negativo | cobertura_esencial_superior_a_un_mes | recuperacion_consistente | inversion_productiva_observada | hobbies_identificados_sin_asumir_que_deban_eliminarse,recuperacion_demora_mas_de_20_dias,destino_del_efectivo_fuera_del_banco,El periodo permanece cerca del equilibrio y mantiene cubiertas las obligaciones observadas. Evaluación entre 2026-04-01 y 2026-05-31; no describe permanentemente a la persona.,historia_controlada_y_metricas_observadas,test,deterioro_reciente,si,roadmap_14_mvp_cerrado_v1.1,fincoah_mvp_co_v1.1,209319528d5c4b9fd2a53de04e45c5aab247de1e51fce25d4d9af87132d2aec8
VEN_0187_3,PERF_0187,dentro_del_mvp,2026-06-30,2026-04-01,2026-06-30,acumulada_91_dias,91,94,0.9787,13489000,0,0,380000,0,15353000,10317000,1160000,2275000,0,0,12634952,11150952,0,0,29222000,-1864000,0.0,4534000,77,0.7593,-42355.5556,0.1542,3.2425,0.0,0.0,deterioro_reciente,calculado,alta,baja,cobertura_esencial_superior_a_un_mes | recuperacion_consistente | inversion_productiva_observada | hobbies_identificados_sin_asumir_que_deban_eliminarse,balance_operativo_negativo | recuperacion_demora_mas_de_20_dias,destino_del_efectivo_fuera_del_banco,El cierre reciente empeora frente al inicio del periodo y la recuperación es parcial. Evaluación entre 2026-04-01 y 2026-06-30; no describe permanentemente a la persona.,historia_controlada_y_metricas_observadas,test,deterioro_reciente,si,roadmap_14_mvp_cerrado_v1.1,fincoah_mvp_co_v1.1,d9980e94fdf02fd7a62c514e55bfee2dd3924e79028d415f2bb9b4d5ea445806
VEN_0188_1,PERF_0188,dentro_del_mvp,2026-04-30,2026-04-01,2026-04-30,acumulada_30_dias,30,31,0.9677,4693000,0,0,0,0,8335000,5611000,882000,1325000,502000,0,1374468,-2267532,17152613,16791173,13028000,-3642000,13.6659,7154000,29,0.4456,227666.6667,0.0,0.0,0.0,-0.0211,deterioro_reciente,calculado,alta,baja,inversion_productiva_observada | hobbies_identificados_sin_asumir_que_deban_eliminarse,balance_operativo_negativo | cobertura_esencial_reducida | recuperacion_demora_mas_de_20_dias,ninguna_relevante_para_el_periodo,El cierre reciente empeora frente al inicio del periodo y la recuperación es parcial. Evaluación entre 2026-04-01 y 2026-04-30; no describe permanentemente a la persona.,historia_controlada_y_metricas_observadas,validation,fragilidad_sostenida,si,roadmap_14_mvp_cerrado_v1.1,fincoah_mvp_co_v1.1,8a76feddf16eb884a86c69833efadb8a3c5df30c42880fb83d84537755b09d0b
VEN_0188_2,PERF_0188,dentro_del_mvp,2026-05-31,2026-04-01,2026-05-31,acumulada_61_dias,61,62,0.9516,8525000,0,709000,0,0,18973000,9723000,1169000,5125000,502000,0,1374468,-8364532,17152613,17500173,28207000,-10448000,33.8665,12190000,60,0.1163,-75266.6667,0.101,0.0,0.0768,0.0203,fragilidad_sostenida,calculado,alta,baja,inversion_productiva_observada | hobbies_identificados_sin_asumir_que_deban_eliminarse,balance_operativo_negativo | cobertura_esencial_reducida | recuperacion_demora_mas_de_20_dias,destino_del_efectivo_fuera_del_banco,"El déficit persiste, la cobertura se reduce y la deuda gana peso durante el periodo. Evaluación entre 2026-04-01 y 2026-05-31; no describe permanentemente a la persona.",historia_controlada_y_metricas_observadas,validation,fragilidad_sostenida,si,roadmap_14_mvp_cerrado_v1.1,fincoah_mvp_co_v1.1,bd5deba71943425bb188f1a0b83285fa47245ad5a29a27911c9c89a15de41a7a
VEN_0188_3,PERF_0188,dentro_del_mvp,2026-06-30,2026-04-01,2026-06-30,acumulada_91_dias,91,93,0.9677,12887000,0,1418000,0,0,29611000,16798000,1869000,7134000,1251000,0,1374468,-13931532,17152613,17669893,43916000,-16724000,56.1534,19421000,90,0.1222,52444.4444,0.0826,0.0,0.0991,0.0302,fragilidad_sostenida,calculado,alta,baja,inversion_productiva_observada | hobbies_identificados_sin_asumir_que_deban_eliminarse,balance_operativo_negativo | cobertura_esencial_reducida | recuperacion_demora_mas_de_20_dias,destino_del_efectivo_fuera_del_banco,"El déficit persiste, la cobertura se reduce y la deuda gana peso durante el periodo. Evaluación entre 2026-04-01 y 2026-06-30; no describe permanentemente a la persona.",historia_controlada_y_metricas_observadas,validation,fragilidad_sostenida,si,roadmap_14_mvp_cerrado_v1.1,fincoah_mvp_co_v1.1,748c8a1fd712b1b6b45db44a810e68cb139a3094ec434c4c29d00ced7e888209
VEN_0189_1,PERF_0189,dentro_del_mvp,2026-04-30,2026-04-01,2026-04-30,acumulada_30_dias,30,30,0.9667,2151000,0,401000,0,0,6012000,3761000,81000,1198000,887000,0,670062,-2789938,13035604,12797964,8564000,-3861000,26.2581,3601000,29,0.0,26295.2381,0.0,0.0,0.1571,-0.0182,fragilidad_sostenida,calculado,alta,baja,inversion_productiva_observada | hobbies_identificados_sin_asumir_que_deban_eliminarse,balance_operativo_negativo | cobertura_esencial_reducida | recuperacion_demora_mas_de_20_dias,ninguna_relevante_para_el_periodo,"El déficit persiste, la cobertura se reduce y la deuda gana peso durante el periodo. Evaluación entre 2026-04-01 y 2026-04-30; no describe permanentemente a la persona.",historia_controlada_y_metricas_observadas,validation,situacion_critica,si,roadmap_14_mvp_cerrado_v1.1,fincoah_mvp_co_v1.1,aaa314455545f1a05cda5f465aebc738539d893f56d6da8e044f7e2531274318
VEN_0189_2,PERF_0189,dentro_del_mvp,2026-05-31,2026-04-01,2026-05-31,acumulada_61_dias,61,60,0.9667,3761000,0,1136000,0,0,13604000,8633000,921000,2737000,1204000,0,670062,-8036938,13035604,13304724,18501000,-9843000,69.5616,9583000,60,0.0,-51966.6667,0.1438,0.0,0.232,0.0206,situacion_critica,calculado,alta,baja,inversion_productiva_observada | hobbies_identificados_sin_asumir_que_deban_eliminarse,balance_operativo_negativo | cobertura_esencial_reducida | recuperacion_demora_mas_de_20_dias,destino_del_efectivo_fuera_del_banco,La liquidez resulta insuficiente frente a necesidades esenciales y la posición negativa persiste. Evaluación entre 2026-04-01 y 2026-05-31; no describe permanentemente a la persona.,historia_controlada_y_metricas_observadas,validation,situacion_critica,si,roadmap_14_mvp_cerrado_v1.1,fincoah_mvp_co_v1.1,0f25588d853ccb8f38c99364509394c8dd67ca14c9ec7c417630761b001a2846
VEN_0189_3,PERF_0189,dentro_del_mvp,2026-06-30,2026-04-01,2026-06-30,acumulada_91_dias,91,90,0.9556,5253000,0,1871000,170000,0,21196000,13856000,1438000,3715000,1978000,0,670062,-13231938,13035604,13482444,28490000,-15943000,120.0077,15683000,90,0.0,11755.5556,0.1639,0.0,0.2626,0.0343,situacion_critica,calculado,alta,baja,inversion_productiva_observada | hobbies_identificados_sin_asumir_que_deban_eliminarse,balance_operativo_negativo | cobertura_esencial_reducida | recuperacion_demora_mas_de_20_dias,destino_del_efectivo_fuera_del_banco,La liquidez resulta insuficiente frente a necesidades esenciales y la posición negativa persiste. Evaluación entre 2026-04-01 y 2026-06-30; no describe permanentemente a la persona.,historia_controlada_y_metricas_observadas,validation,situacion_critica,si,roadmap_14_mvp_cerrado_v1.1,fincoah_mvp_co_v1.1,36de86f0f143ff8cf94ea4130356a9755adc8685a8574761f705218af118db6b
VEN_0190_1,PERF_0190,dentro_del_mvp,2026-04-30,2026-04-01,2026-04-30,acumulada_30_dias,30,32,1.0000,6726000,0,0,0,0,3808000,1984000,632000,294000,168000,0,4246608,7164608,6835957,6714997,10534000,2918000,0.0,559000,2,0.8571,43247.619,0.0,3.6112,0.0,-0.0177,acumulacion_estable,calculado,alta,baja,balance_operativo_no_negativo | cobertura_esencial_superior_a_un_mes | recuperacion_consistente | inversion_productiva_observada | hobbies_identificados_sin_asumir_que_deban_eliminarse,sin_factor_de_atencion_dominante,ninguna_relevante_para_el_periodo,"El periodo conserva balance favorable, liquidez creciente y cobertura suficiente. Evaluación entre 2026-04-01 y 2026-04-30; no describe permanentemente a la persona.",historia_controlada_y_metricas_observadas,train,acumulacion_estable,si,roadmap_14_mvp_cerrado_v1.1,fincoah_mvp_co_v1.1,d890eb1263610518b8aac7d0b83e5733141140347822e14403aaaadb5150445f
VEN_0190_2,PERF_0190,dentro_del_mvp,2026-05-31,2026-04-01,2026-05-31,acumulada_61_dias,61,64,0.9844,12895000,0,0,240000,0,7616000,3859000,710000,1439000,168000,0,4246608,9765608,6835957,6714997,20751000,5279000,0.0,2735000,0,1.0,-38433.3333,0.0432,5.0612,0.0,-0.0177,acumulacion_estable,calculado,alta,baja,balance_operativo_no_negativo | cobertura_esencial_superior_a_un_mes | recuperacion_consistente | inversion_productiva_observada | hobbies_identificados_sin_asumir_que_deban_eliminarse,sin_factor_de_atencion_dominante,ninguna_relevante_para_el_periodo,"El periodo conserva balance favorable, liquidez creciente y cobertura suficiente. Evaluación entre 2026-04-01 y 2026-05-31; no describe permanentemente a la persona.",historia_controlada_y_metricas_observadas,train,acumulacion_estable,si,roadmap_14_mvp_cerrado_v1.1,fincoah_mvp_co_v1.1,4a1f41bbcfc8877862586e19045026dfe76b4af966c49fa6780e1faa9f553c5a
VEN_0190_3,PERF_0190,dentro_del_mvp,2026-06-30,2026-04-01,2026-06-30,acumulada_91_dias,91,96,0.9896,19025000,543000,0,480000,0,11424000,6317000,1333000,1964000,391000,0,4246608,12870608,6835957,6554437,31472000,7601000,0.0,2735000,0,1.0,22600.0,0.0429,6.1124,0.0277,-0.0412,acumulacion_estable,calculado,alta,baja,balance_operativo_no_negativo | cobertura_esencial_superior_a_un_mes | recuperacion_consistente | inversion_productiva_observada | hobbies_identificados_sin_asumir_que_deban_eliminarse,sin_factor_de_atencion_dominante,ninguna_relevante_para_el_periodo,"El periodo conserva balance favorable, liquidez creciente y cobertura suficiente. Evaluación entre 2026-04-01 y 2026-06-30; no describe permanentemente a la persona.",historia_controlada_y_metricas_observadas,train,acumulacion_estable,si,roadmap_14_mvp_cerrado_v1.1,fincoah_mvp_co_v1.1,5b72b64c4d7b6bd27a185138c1eacde0ae69487284f04c31cc33eea69256c3a9
VEN_0191_1,PERF_0191,dentro_del_mvp,2026-04-30,2026-04-01,2026-04-30,acumulada_30_dias,30,31,1.0000,7759000,0,0,0,0,7049000,3794000,567000,2250000,651000,0,4069497,4779497,1796184,1327464,14808000,710000,0.0,3397000,16,0.8447,-168147.619,0.0,1.2598,0.0,-0.261,equilibrio_sostenible,calculado,alta,baja,balance_operativo_no_negativo | cobertura_esencial_superior_a_un_mes | recuperacion_consistente | inversion_productiva_observada | hobbies_identificados_sin_asumir_que_deban_eliminarse,sin_factor_de_atencion_dominante,ninguna_relevante_para_el_periodo,El periodo permanece cerca del equilibrio y mantiene cubiertas las obligaciones observadas. Evaluación entre 2026-04-01 y 2026-04-30; no describe permanentemente a la persona.,historia_controlada_y_metricas_observadas,validation,equilibrio_sostenible,si,roadmap_14_mvp_cerrado_v1.1,fincoah_mvp_co_v1.1,68f0230905c862fa78739977004b260bacc0b5b3c2cb8f3e299d3632fa1d6b4a
VEN_0191_2,PERF_0191,dentro_del_mvp,2026-05-31,2026-04-01,2026-05-31,acumulada_61_dias,61,62,0.9516,15800000,549000,0,0,0,14098000,7748000,937000,4520000,896000,0,4069497,6320497,1796184,1151064,30447000,1702000,0.0,3659000,21,0.8841,-3900.0,0.0178,1.6315,0.0336,-0.3592,equilibrio_sostenible,calculado,alta,baja,balance_operativo_no_negativo | cobertura_esencial_superior_a_un_mes | recuperacion_consistente | inversion_productiva_observada | hobbies_identificados_sin_asumir_que_deban_eliminarse,recuperacion_demora_mas_de_20_dias,destino_del_efectivo_fuera_del_banco,El periodo permanece cerca del equilibrio y mantiene cubiertas las obligaciones observadas. Evaluación entre 2026-04-01 y 2026-05-31; no describe permanentemente a la persona.,historia_controlada_y_metricas_observadas,validation,equilibrio_sostenible,si,roadmap_14_mvp_cerrado_v1.1,fincoah_mvp_co_v1.1,f81f21b5ba80f0caa3845241772ceb8a1d956461d8b511e4b748292a5876db6f
VEN_0191_3,PERF_0191,dentro_del_mvp,2026-06-30,2026-04-01,2026-06-30,acumulada_91_dias,91,92,0.9457,23401000,549000,0,0,0,21147000,12101000,1365000,5111000,1432000,0,4069497,6872497,1796184,765144,45097000,2254000,0.0,6207000,51,0.979,-42155.5556,0.0233,1.7038,0.0229,-0.574,equilibrio_sostenible,calculado,alta,baja,balance_operativo_no_negativo | cobertura_esencial_superior_a_un_mes | recuperacion_consistente | inversion_productiva_observada | hobbies_identificados_sin_asumir_que_deban_eliminarse,recuperacion_demora_mas_de_20_dias,destino_del_efectivo_fuera_del_banco,El periodo permanece cerca del equilibrio y mantiene cubiertas las obligaciones observadas. Evaluación entre 2026-04-01 y 2026-06-30; no describe permanentemente a la persona.,historia_controlada_y_metricas_observadas,validation,equilibrio_sostenible,si,roadmap_14_mvp_cerrado_v1.1,fincoah_mvp_co_v1.1,082a224b1bb722d6ffae751d4aff6ae2b59f6745865b2b5edf5698e73573928d
VEN_0192_1,PERF_0192,dentro_del_mvp,2026-04-30,2026-04-01,2026-04-30,acumulada_30_dias,30,33,1.0000,5679000,396000,0,0,0,5631000,3960000,116000,1006000,455000,0,13100343,13544343,11919121,11591521,11706000,48000,0.0,2801000,9,0.5,353000.0,0.0,3.4203,0.0652,-0.0275,equilibrio_sostenible,calculado,alta,baja,balance_operativo_no_negativo | cobertura_esencial_superior_a_un_mes | inversion_productiva_observada | hobbies_identificados_sin_asumir_que_deban_eliminarse,sin_factor_de_atencion_dominante,ninguna_relevante_para_el_periodo,El periodo permanece cerca del equilibrio y mantiene cubiertas las obligaciones observadas. Evaluación entre 2026-04-01 y 2026-04-30; no describe permanentemente a la persona.,historia_controlada_y_metricas_observadas,train,variable_resiliente,si,roadmap_14_mvp_cerrado_v1.1,fincoah_mvp_co_v1.1,5f3bb4807f18a1a05ef3c7e4b7222f11ef35db0bd843446b1ae62b748fd8cdb1
VEN_0192_2,PERF_0192,dentro_del_mvp,2026-05-31,2026-04-01,2026-05-31,acumulada_61_dias,61,66,1.0000,10251000,396000,0,0,0,13174000,9065000,654000,1625000,864000,0,13100343,10573343,11919121,11297041,23821000,-2923000,0.0,4592000,40,0.5636,-117800.0,0.108,2.3328,0.0372,-0.0522,variable_resiliente,calculado,alta,baja,cobertura_esencial_superior_a_un_mes | inversion_productiva_observada | hobbies_identificados_sin_asumir_que_deban_eliminarse,balance_operativo_negativo | recuperacion_demora_mas_de_20_dias,ninguna_relevante_para_el_periodo,"Los ingresos fluctúan, pero el periodo muestra recuperación y cobertura sin convertir la variabilidad en riesgo. Evaluación entre 2026-04-01 y 2026-05-31; no describe permanentemente a la persona.",historia_controlada_y_metricas_observadas,train,variable_resiliente,si,roadmap_14_mvp_cerrado_v1.1,fincoah_mvp_co_v1.1,72d225c9ac0085fef9c286849fcdec21d669ea1604b03ebe48eb9d86fdd13eac
VEN_0192_3,PERF_0192,dentro_del_mvp,2026-06-30,2026-04-01,2026-06-30,acumulada_91_dias,91,98,0.9898,14556000,887000,0,0,0,20717000,12914000,1358000,2834000,864000,0,13100343,7826343,11919121,11297041,36160000,-6161000,0.0,8640000,70,0.5807,-42533.3333,0.1226,1.8181,0.0574,-0.0522,variable_resiliente,calculado,alta,baja,cobertura_esencial_superior_a_un_mes | inversion_productiva_observada | hobbies_identificados_sin_asumir_que_deban_eliminarse,balance_operativo_negativo | recuperacion_demora_mas_de_20_dias,ninguna_relevante_para_el_periodo,"Los ingresos fluctúan, pero el periodo muestra recuperación y cobertura sin convertir la variabilidad en riesgo. Evaluación entre 2026-04-01 y 2026-06-30; no describe permanentemente a la persona.",historia_controlada_y_metricas_observadas,train,variable_resiliente,si,roadmap_14_mvp_cerrado_v1.1,fincoah_mvp_co_v1.1,9130a29c99a3008b9c7ff2bb92536b2c4f51212549c5e554a2e5da26f39ea309
VEN_0193_1,PERF_0193,dentro_del_mvp,2026-04-30,2026-04-01,2026-04-30,acumulada_30_dias,30,31,0.9677,4881000,0,0,0,0,3116000,1819000,279000,627000,174000,0,11409675,13174675,5373079,5247799,7997000,1765000,0.0,1047000,0,1.0,174266.6667,0.0,7.2428,0.0,-0.0233,acumulacion_estable,calculado,alta,baja,balance_operativo_no_negativo | cobertura_esencial_superior_a_un_mes | recuperacion_consistente | inversion_productiva_observada | hobbies_identificados_sin_asumir_que_deban_eliminarse,sin_factor_de_atencion_dominante,destino_del_efectivo_fuera_del_banco,"El periodo conserva balance favorable, liquidez creciente y cobertura suficiente. Evaluación entre 2026-04-01 y 2026-04-30; no describe permanentemente a la persona.",historia_controlada_y_metricas_observadas,train,uso_planificado_reserva,si,roadmap_14_mvp_cerrado_v1.1,fincoah_mvp_co_v1.1,185f761dba703ebf05c02b27e63471c3e4e01df635a573d1b835d63e3c3b6b83
VEN_0193_2,PERF_0193,dentro_del_mvp,2026-05-31,2026-04-01,2026-05-31,acumulada_61_dias,61,61,0.9672,8224000,0,0,170000,0,11311000,7161000,279000,2623000,578000,0,11409675,8492675,5373079,4956919,19705000,-3087000,0.0,5686000,30,0.7867,-220566.6667,0.187,2.3719,0.0,-0.0775,uso_planificado_reserva,calculado,alta,baja,cobertura_esencial_superior_a_un_mes | recuperacion_consistente | inversion_productiva_observada | hobbies_identificados_sin_asumir_que_deban_eliminarse,balance_operativo_negativo | recuperacion_demora_mas_de_20_dias,destino_del_efectivo_fuera_del_banco,El balance negativo se explica por una salida alineada con una meta y existe reserva para absorberla. Evaluación entre 2026-04-01 y 2026-05-31; no describe permanentemente a la persona.,historia_controlada_y_metricas_observadas,train,uso_planificado_reserva,si,roadmap_14_mvp_cerrado_v1.1,fincoah_mvp_co_v1.1,460fa38944e629737f2be8b0499023d5900b8c647e859243e06fe79dcc64329d
VEN_0193_3,PERF_0193,dentro_del_mvp,2026-06-30,2026-04-01,2026-06-30,acumulada_91_dias,91,91,0.9780,11673000,0,0,170000,0,19506000,13412000,1192000,2623000,877000,0,11409675,3746675,5373079,4741639,31349000,-7833000,0.0,9598000,60,0.75,-165400.0,0.1803,0.8381,0.0,-0.1175,uso_planificado_reserva,calculado,alta,baja,recuperacion_consistente | inversion_productiva_observada | hobbies_identificados_sin_asumir_que_deban_eliminarse,balance_operativo_negativo | cobertura_esencial_reducida | recuperacion_demora_mas_de_20_dias,destino_del_efectivo_fuera_del_banco,El balance negativo se explica por una salida alineada con una meta y existe reserva para absorberla. Evaluación entre 2026-04-01 y 2026-06-30; no describe permanentemente a la persona.,historia_controlada_y_metricas_observadas,train,uso_planificado_reserva,si,roadmap_14_mvp_cerrado_v1.1,fincoah_mvp_co_v1.1,922151c2e06053dc8d50866e59a3b1bfe3293a461523da0ab433fb91dff11fb0
VEN_0194_1,PERF_0194,dentro_del_mvp,2026-04-30,2026-04-01,2026-04-30,acumulada_30_dias,30,34,0.9412,7682000,0,0,30000,0,6718000,3469000,567000,2009000,1091000,0,3654389,4648389,6784325,5998805,14430000,964000,0.0,1535000,8,0.8,-4757.1429,0.0,1.34,0.0,-0.1158,equilibrio_sostenible,calculado,alta,baja,balance_operativo_no_negativo | cobertura_esencial_superior_a_un_mes | recuperacion_consistente | inversion_productiva_observada | hobbies_identificados_sin_asumir_que_deban_eliminarse,sin_factor_de_atencion_dominante,destino_del_efectivo_fuera_del_banco,El periodo permanece cerca del equilibrio y mantiene cubiertas las obligaciones observadas. Evaluación entre 2026-04-01 y 2026-04-30; no describe permanentemente a la persona.,historia_controlada_y_metricas_observadas,validation,deterioro_reciente,si,roadmap_14_mvp_cerrado_v1.1,fincoah_mvp_co_v1.1,00b44cc502b82334d7e52b7788ffd65c80148c3be80aec60561074824546c164
VEN_0194_2,PERF_0194,dentro_del_mvp,2026-05-31,2026-04-01,2026-05-31,acumulada_61_dias,61,67,0.9701,14895000,0,0,30000,0,13436000,7941000,1194000,2856000,2036000,0,3654389,5143389,6784325,5318405,28361000,1459000,0.0,5125000,39,0.9594,-8600.0,0.0315,1.2954,0.0,-0.2161,equilibrio_sostenible,calculado,alta,baja,balance_operativo_no_negativo | cobertura_esencial_superior_a_un_mes | recuperacion_consistente | inversion_productiva_observada | hobbies_identificados_sin_asumir_que_deban_eliminarse,recuperacion_demora_mas_de_20_dias,destino_del_efectivo_fuera_del_banco,El periodo permanece cerca del equilibrio y mantiene cubiertas las obligaciones observadas. Evaluación entre 2026-04-01 y 2026-05-31; no describe permanentemente a la persona.,historia_controlada_y_metricas_observadas,validation,deterioro_reciente,si,roadmap_14_mvp_cerrado_v1.1,fincoah_mvp_co_v1.1,68bba8093dbece1f81793e7ae780b570ef43d079f4a09856eb77a3dd0972642b
VEN_0194_3,PERF_0194,dentro_del_mvp,2026-06-30,2026-04-01,2026-06-30,acumulada_91_dias,91,100,0.9600,20431000,0,0,250000,0,23195000,13197000,1278000,5143000,3156000,0,3654389,1140389,6784325,4512005,43876000,-2764000,0.0,5263000,69,0.8,-25177.7778,0.1353,0.2592,0.0,-0.3349,deterioro_reciente,calculado,alta,baja,recuperacion_consistente | inversion_productiva_observada | hobbies_identificados_sin_asumir_que_deban_eliminarse,balance_operativo_negativo | cobertura_esencial_reducida | recuperacion_demora_mas_de_20_dias,destino_del_efectivo_fuera_del_banco,El cierre reciente empeora frente al inicio del periodo y la recuperación es parcial. Evaluación entre 2026-04-01 y 2026-06-30; no describe permanentemente a la persona.,historia_controlada_y_metricas_observadas,validation,deterioro_reciente,si,roadmap_14_mvp_cerrado_v1.1,fincoah_mvp_co_v1.1,ec41ae5bda5367d22804272aa7ffdec9d9430df80bf4bca006cbeb1c117ac2e6
VEN_0195_1,PERF_0195,dentro_del_mvp,2026-04-30,2026-04-01,2026-04-30,acumulada_30_dias,30,31,0.9355,2808000,0,0,0,0,4837000,3453000,232000,195000,342000,0,148716,-1880284,11110135,10863895,7645000,-2029000,9.668,2558000,29,0.0,145538.0952,0.0,0.0,0.0,-0.0222,deterioro_reciente,calculado,media,media,inversion_productiva_observada | hobbies_identificados_sin_asumir_que_deban_eliminarse,balance_operativo_negativo | cobertura_esencial_reducida | recuperacion_demora_mas_de_20_dias,ninguna_relevante_para_el_periodo,El cierre reciente empeora frente al inicio del periodo y la recuperación es parcial. Evaluación entre 2026-04-01 y 2026-04-30; no describe permanentemente a la persona.,historia_controlada_y_metricas_observadas,validation,fragilidad_sostenida,si,roadmap_14_mvp_cerrado_v1.1,fincoah_mvp_co_v1.1,47fd7f00c9e7d4e06f702ad6223a5ccdba49549122f901973b0a01e860e9b0cb
VEN_0195_2,PERF_0195,dentro_del_mvp,2026-05-31,2026-04-01,2026-05-31,acumulada_61_dias,61,61,0.9672,4909000,0,412000,220000,0,11011000,7966000,895000,853000,774000,0,148716,-5321284,11110135,10964855,16552000,-6102000,36.7398,7142000,60,0.0715,-50500.0,0.144,0.0,0.0774,-0.0131,fragilidad_sostenida,calculado,alta,baja,inversion_productiva_observada | hobbies_identificados_sin_asumir_que_deban_eliminarse,balance_operativo_negativo | cobertura_esencial_reducida | recuperacion_demora_mas_de_20_dias,ninguna_relevante_para_el_periodo,"El déficit persiste, la cobertura se reduce y la deuda gana peso durante el periodo. Evaluación entre 2026-04-01 y 2026-05-31; no describe permanentemente a la persona.",historia_controlada_y_metricas_observadas,validation,fragilidad_sostenida,si,roadmap_14_mvp_cerrado_v1.1,fincoah_mvp_co_v1.1,beb9ed83c187a0386983955c734667d3d4ab039303f85647c84a455b58168e0f
VEN_0195_3,PERF_0195,dentro_del_mvp,2026-06-30,2026-04-01,2026-06-30,acumulada_91_dias,91,91,0.9780,7051000,0,824000,220000,0,17185000,11586000,1505000,1786000,1128000,0,148716,-8941284,11110135,11121975,25280000,-10134000,61.7328,10668000,90,0.0005,29000.0,0.1379,0.0,0.1046,0.0011,fragilidad_sostenida,calculado,alta,baja,inversion_productiva_observada | hobbies_identificados_sin_asumir_que_deban_eliminarse,balance_operativo_negativo | cobertura_esencial_reducida | recuperacion_demora_mas_de_20_dias,ninguna_relevante_para_el_periodo,"El déficit persiste, la cobertura se reduce y la deuda gana peso durante el periodo. Evaluación entre 2026-04-01 y 2026-06-30; no describe permanentemente a la persona.",historia_controlada_y_metricas_observadas,validation,fragilidad_sostenida,si,roadmap_14_mvp_cerrado_v1.1,fincoah_mvp_co_v1.1,81f33841e3271cd663f40680b2e1c297613d39c15ec30b6e80dd2ef20500d981
VEN_0196_1,PERF_0196,dentro_del_mvp,2026-04-30,2026-04-01,2026-04-30,acumulada_30_dias,30,34,0.9706,4184000,0,1480000,90000,0,11304000,6362000,1111000,1463000,0,0,232889,-5317111,16228171,17708171,17058000,-7120000,28.8698,4739000,29,0.0,-153590.4762,0.0,0.0,0.2613,0.0912,fragilidad_sostenida,calculado,alta,baja,inversion_productiva_observada | hobbies_identificados_sin_asumir_que_deban_eliminarse,balance_operativo_negativo | cobertura_esencial_reducida | deuda_creciente | recuperacion_demora_mas_de_20_dias,ninguna_relevante_para_el_periodo,"El déficit persiste, la cobertura se reduce y la deuda gana peso durante el periodo. Evaluación entre 2026-04-01 y 2026-04-30; no describe permanentemente a la persona.",historia_controlada_y_metricas_observadas,validation,situacion_critica,si,roadmap_14_mvp_cerrado_v1.1,fincoah_mvp_co_v1.1,580634d23037a347611c5ca5118ed7f4409ca7bb52a936ebad1343364eb74d2a
VEN_0196_2,PERF_0196,dentro_del_mvp,2026-05-31,2026-04-01,2026-05-31,acumulada_61_dias,61,67,0.9851,7044000,0,2862000,90000,0,25579000,14819000,1610000,5577000,1246000,0,232889,-15350111,16228171,18193051,35575000,-18535000,77.4846,16154000,60,0.0,-222533.3333,0.188,0.0,0.2889,0.1211,situacion_critica,calculado,alta,baja,inversion_productiva_observada | hobbies_identificados_sin_asumir_que_deban_eliminarse,balance_operativo_negativo | cobertura_esencial_reducida | deuda_creciente | recuperacion_demora_mas_de_20_dias,ninguna_relevante_para_el_periodo,La liquidez resulta insuficiente frente a necesidades esenciales y la posición negativa persiste. Evaluación entre 2026-04-01 y 2026-05-31; no describe permanentemente a la persona.,historia_controlada_y_metricas_observadas,validation,situacion_critica,si,roadmap_14_mvp_cerrado_v1.1,fincoah_mvp_co_v1.1,1e60637bf533c21444f72cd51f3c3d3a3b9df363320a8aa37f8accd5c73520d3
VEN_0196_3,PERF_0196,dentro_del_mvp,2026-06-30,2026-04-01,2026-06-30,acumulada_91_dias,91,100,0.9800,9900000,0,3634000,310000,0,39854000,21764000,3074000,9948000,2220000,0,232889,-25777111,16228171,18263771,53698000,-29954000,132.0605,28092000,90,0.0185,-49844.4444,0.1894,0.0,0.2685,0.1254,situacion_critica,calculado,alta,baja,inversion_productiva_observada | hobbies_identificados_sin_asumir_que_deban_eliminarse,balance_operativo_negativo | cobertura_esencial_reducida | deuda_creciente | recuperacion_demora_mas_de_20_dias,ninguna_relevante_para_el_periodo,La liquidez resulta insuficiente frente a necesidades esenciales y la posición negativa persiste. Evaluación entre 2026-04-01 y 2026-06-30; no describe permanentemente a la persona.,historia_controlada_y_metricas_observadas,validation,situacion_critica,si,roadmap_14_mvp_cerrado_v1.1,fincoah_mvp_co_v1.1,cc81cefae7a919b3b397da9232694a5c60b1e2b1f62f9406edd9bb5c0a1bd54c
VEN_0197_1,PERF_0197,dentro_del_mvp,2026-04-30,2026-04-01,2026-04-30,acumulada_30_dias,30,32,1.0000,10647000,0,0,0,0,6544000,4352000,690000,926000,200000,0,15958779,20061779,11657711,11513711,17191000,4103000,0.0,3129000,7,0.8165,516009.5238,0.0,4.6098,0.0,-0.0124,acumulacion_estable,calculado,alta,baja,balance_operativo_no_negativo | cobertura_esencial_superior_a_un_mes | recuperacion_consistente | inversion_productiva_observada | hobbies_identificados_sin_asumir_que_deban_eliminarse,sin_factor_de_atencion_dominante,ninguna_relevante_para_el_periodo,"El periodo conserva balance favorable, liquidez creciente y cobertura suficiente. Evaluación entre 2026-04-01 y 2026-04-30; no describe permanentemente a la persona.",historia_controlada_y_metricas_observadas,validation,acumulacion_estable,si,roadmap_14_mvp_cerrado_v1.1,fincoah_mvp_co_v1.1,e735a97a84adc204334ff75ddc77f9303d311b778eeb9b33b599b622e69f442b
VEN_0197_2,PERF_0197,dentro_del_mvp,2026-05-31,2026-04-01,2026-05-31,acumulada_61_dias,61,64,0.9688,20772000,0,2556000,0,0,13088000,8069000,1260000,2156000,682000,0,15958779,26198779,11657711,13722671,36416000,7684000,0.0,3129000,0,1.0,42333.3333,0.0251,6.4937,0.1096,0.1771,acumulacion_estable,calculado,alta,baja,balance_operativo_no_negativo | cobertura_esencial_superior_a_un_mes | recuperacion_consistente | inversion_productiva_observada | hobbies_identificados_sin_asumir_que_deban_eliminarse,deuda_creciente,destino_del_efectivo_fuera_del_banco,"El periodo conserva balance favorable, liquidez creciente y cobertura suficiente. Evaluación entre 2026-04-01 y 2026-05-31; no describe permanentemente a la persona.",historia_controlada_y_metricas_observadas,validation,acumulacion_estable,si,roadmap_14_mvp_cerrado_v1.1,fincoah_mvp_co_v1.1,c0a4b5aef5cc4464d1998e3294da6cdc78e7084adaab1aa94a1dc9c15b3ebbf8
VEN_0197_3,PERF_0197,dentro_del_mvp,2026-06-30,2026-04-01,2026-06-30,acumulada_91_dias,91,96,0.9792,30857000,0,2556000,0,0,19632000,12911000,1491000,3374000,988000,0,15958779,29739779,11657711,13502351,53045000,11225000,0.0,3129000,0,1.0,56244.4444,0.0249,6.9103,0.0765,0.1582,acumulacion_estable,calculado,alta,baja,balance_operativo_no_negativo | cobertura_esencial_superior_a_un_mes | recuperacion_consistente | inversion_productiva_observada | hobbies_identificados_sin_asumir_que_deban_eliminarse,deuda_creciente,destino_del_efectivo_fuera_del_banco,"El periodo conserva balance favorable, liquidez creciente y cobertura suficiente. Evaluación entre 2026-04-01 y 2026-06-30; no describe permanentemente a la persona.",historia_controlada_y_metricas_observadas,validation,acumulacion_estable,si,roadmap_14_mvp_cerrado_v1.1,fincoah_mvp_co_v1.1,f3e969273f579e1f7c582ca3bc02295292c1782ad0ab2147f6690bbd7bd99b58
VEN_0198_1,PERF_0198,dentro_del_mvp,2026-04-30,2026-04-01,2026-04-30,acumulada_30_dias,30,32,0.9063,6390000,0,0,0,151000,6049000,3475000,1087000,0,0,0,1955574,2447574,0,0,12590000,341000,5.6069,4161000,2,0.5,450547.619,0.0,0.7043,0.0,0.0,equilibrio_sostenible,calculado,media,media,balance_operativo_no_negativo | hobbies_identificados_sin_asumir_que_deban_eliminarse,cobertura_esencial_reducida,destino_del_efectivo_fuera_del_banco,El periodo permanece cerca del equilibrio y mantiene cubiertas las obligaciones observadas. Evaluación entre 2026-04-01 y 2026-04-30; no describe permanentemente a la persona.,historia_controlada_y_metricas_observadas,train,equilibrio_sostenible,si,roadmap_14_mvp_cerrado_v1.1,fincoah_mvp_co_v1.1,3a0d9cbd1501e26462289f0e4f8b40f82721a0b2dc7ca9e6b61185d4091e25e6
VEN_0198_2,PERF_0198,dentro_del_mvp,2026-05-31,2026-04-01,2026-05-31,acumulada_61_dias,61,64,0.8906,12790000,0,0,0,151000,12098000,7210000,1311000,891000,0,0,1955574,2798574,0,0,25039000,692000,5.439,6522000,33,0.9809,17733.3333,0.0008,0.7763,0.0,0.0,equilibrio_sostenible,calculado,media,media,balance_operativo_no_negativo | recuperacion_consistente | inversion_productiva_observada | hobbies_identificados_sin_asumir_que_deban_eliminarse,cobertura_esencial_reducida | recuperacion_demora_mas_de_20_dias,destino_del_efectivo_fuera_del_banco,El periodo permanece cerca del equilibrio y mantiene cubiertas las obligaciones observadas. Evaluación entre 2026-04-01 y 2026-05-31; no describe permanentemente a la persona.,historia_controlada_y_metricas_observadas,train,equilibrio_sostenible,si,roadmap_14_mvp_cerrado_v1.1,fincoah_mvp_co_v1.1,a4a1065e365600c204024d2f3e6a8a6e1133ed067282f834ef7c6505b0b3ed90
VEN_0198_3,PERF_0198,dentro_del_mvp,2026-06-30,2026-04-01,2026-06-30,acumulada_91_dias,91,96,0.9271,19418000,0,0,0,790000,18147000,10444000,2106000,2399000,0,0,1955574,4016574,0,0,38355000,1271000,5.2044,6522000,1,0.6667,139000.0,0.017,1.1537,0.0,0.0,equilibrio_sostenible,calculado,media,media,balance_operativo_no_negativo | cobertura_esencial_superior_a_un_mes | inversion_productiva_observada | hobbies_identificados_sin_asumir_que_deban_eliminarse,sin_factor_de_atencion_dominante,destino_del_efectivo_fuera_del_banco,El periodo permanece cerca del equilibrio y mantiene cubiertas las obligaciones observadas. Evaluación entre 2026-04-01 y 2026-06-30; no describe permanentemente a la persona.,historia_controlada_y_metricas_observadas,train,equilibrio_sostenible,si,roadmap_14_mvp_cerrado_v1.1,fincoah_mvp_co_v1.1,48b90320ec8657e13059d98f5c939583b72af7bc229174c578c3fbe313010d41
VEN_0199_1,PERF_0199,dentro_del_mvp,2026-04-30,2026-04-01,2026-04-30,acumulada_30_dias,30,31,0.9032,3946000,0,0,0,0,3660000,2172000,148000,575000,474000,0,6824982,7110982,3122861,2781581,7606000,286000,0.0,2122000,2,0.6667,350609.5238,0.0,3.2739,0.0,-0.1093,equilibrio_sostenible,calculado,media,media,balance_operativo_no_negativo | cobertura_esencial_superior_a_un_mes | inversion_productiva_observada | hobbies_identificados_sin_asumir_que_deban_eliminarse,sin_factor_de_atencion_dominante,destino_del_efectivo_fuera_del_banco,El periodo permanece cerca del equilibrio y mantiene cubiertas las obligaciones observadas. Evaluación entre 2026-04-01 y 2026-04-30; no describe permanentemente a la persona.,historia_controlada_y_metricas_observadas,validation,variable_resiliente,si,roadmap_14_mvp_cerrado_v1.1,fincoah_mvp_co_v1.1,c05a2d6a0e3da1e4071836d977e471bd1eae9044f3401538d12dd8791e796d16
VEN_0199_2,PERF_0199,dentro_del_mvp,2026-05-31,2026-04-01,2026-05-31,acumulada_61_dias,61,62,0.9355,9790000,0,0,0,102000,6218000,3734000,303000,1114000,588000,0,6824982,10498982,3122861,2699501,16110000,3572000,0.0,2122000,2,0.8,82666.6667,0.1939,5.6235,0.0,-0.1356,variable_resiliente,calculado,media,media,balance_operativo_no_negativo | cobertura_esencial_superior_a_un_mes | recuperacion_consistente | inversion_productiva_observada | hobbies_identificados_sin_asumir_que_deban_eliminarse,sin_factor_de_atencion_dominante,destino_del_efectivo_fuera_del_banco,"Los ingresos fluctúan, pero el periodo muestra recuperación y cobertura sin convertir la variabilidad en riesgo. Evaluación entre 2026-04-01 y 2026-05-31; no describe permanentemente a la persona.",historia_controlada_y_metricas_observadas,validation,variable_resiliente,si,roadmap_14_mvp_cerrado_v1.1,fincoah_mvp_co_v1.1,b3b108e1029692e77b1af55071fc17618f3ba6b0339b28270c3f7321bdfc95e2
VEN_0199_3,PERF_0199,dentro_del_mvp,2026-06-30,2026-04-01,2026-06-30,acumulada_91_dias,91,92,0.9565,15614000,0,0,0,102000,8776000,5234000,369000,1702000,688000,0,6824982,13764982,3122861,2627501,24492000,6838000,0.0,2122000,1,0.8889,139866.6667,0.171,7.8897,0.0,-0.1586,variable_resiliente,calculado,alta,baja,balance_operativo_no_negativo | cobertura_esencial_superior_a_un_mes | recuperacion_consistente | inversion_productiva_observada | hobbies_identificados_sin_asumir_que_deban_eliminarse,sin_factor_de_atencion_dominante,destino_del_efectivo_fuera_del_banco,"Los ingresos fluctúan, pero el periodo muestra recuperación y cobertura sin convertir la variabilidad en riesgo. Evaluación entre 2026-04-01 y 2026-06-30; no describe permanentemente a la persona.",historia_controlada_y_metricas_observadas,validation,variable_resiliente,si,roadmap_14_mvp_cerrado_v1.1,fincoah_mvp_co_v1.1,aefbc3b572071248a9ae5f90454c63d0179c3318cdb59973cf227754d84d35ac
VEN_0200_1,PERF_0200,dentro_del_mvp,2026-04-30,2026-04-01,2026-04-30,acumulada_30_dias,30,31,1.0000,4235000,0,0,0,420000,2949000,2143000,191000,318000,0,0,11241419,12947419,0,0,7604000,1286000,0.0,797000,0,1.0,98571.4286,0.0,6.0417,0.0,0.0,acumulacion_estable,calculado,alta,baja,balance_operativo_no_negativo | cobertura_esencial_superior_a_un_mes | recuperacion_consistente | inversion_productiva_observada | hobbies_identificados_sin_asumir_que_deban_eliminarse,sin_factor_de_atencion_dominante,ninguna_relevante_para_el_periodo,"El periodo conserva balance favorable, liquidez creciente y cobertura suficiente. Evaluación entre 2026-04-01 y 2026-04-30; no describe permanentemente a la persona.",historia_controlada_y_metricas_observadas,train,uso_planificado_reserva,si,roadmap_14_mvp_cerrado_v1.1,fincoah_mvp_co_v1.1,3ddd1c38b40cdc3b6450aaa7ce1636b479f2acc8467860e7959682974261e40c
VEN_0200_2,PERF_0200,dentro_del_mvp,2026-05-31,2026-04-01,2026-05-31,acumulada_61_dias,61,62,0.9677,7200000,0,0,130000,420000,10704000,8905000,330000,318000,0,0,11241419,8287419,0,0,18454000,-3504000,0.0,4790000,31,0.8,-161900.0,0.1764,1.8613,0.0,0.0,uso_planificado_reserva,calculado,alta,baja,cobertura_esencial_superior_a_un_mes | recuperacion_consistente | inversion_productiva_observada | hobbies_identificados_sin_asumir_que_deban_eliminarse,balance_operativo_negativo | recuperacion_demora_mas_de_20_dias,ninguna_relevante_para_el_periodo,El balance negativo se explica por una salida alineada con una meta y existe reserva para absorberla. Evaluación entre 2026-04-01 y 2026-05-31; no describe permanentemente a la persona.,historia_controlada_y_metricas_observadas,train,uso_planificado_reserva,si,roadmap_14_mvp_cerrado_v1.1,fincoah_mvp_co_v1.1,e1bd96fe3e6f8bfa073b906846a8d62c40f5b7c251e8baf109816ab2f1707850
VEN_0200_3,PERF_0200,dentro_del_mvp,2026-06-30,2026-04-01,2026-06-30,acumulada_91_dias,91,92,0.9783,9985000,0,0,300000,420000,18459000,13364000,1192000,1507000,0,0,11241419,3487419,0,0,29164000,-8474000,0.0,9769000,61,0.8002,-67755.5556,0.1939,0.7829,0.0,0.0,uso_planificado_reserva,calculado,alta,baja,recuperacion_consistente | inversion_productiva_observada | hobbies_identificados_sin_asumir_que_deban_eliminarse,balance_operativo_negativo | cobertura_esencial_reducida | recuperacion_demora_mas_de_20_dias,ninguna_relevante_para_el_periodo,El balance negativo se explica por una salida alineada con una meta y existe reserva para absorberla. Evaluación entre 2026-04-01 y 2026-06-30; no describe permanentemente a la persona.,historia_controlada_y_metricas_observadas,train,uso_planificado_reserva,si,roadmap_14_mvp_cerrado_v1.1,fincoah_mvp_co_v1.1,c712e36f929c430daac8cd7e58c462461f7e3ddaf941bd6cc9e83120d53dccdd
