perfil_id,descripcion_visible,actividad_principal_declarada,actividad_1_familia,estado_ingreso_actual,objetivo_proximo,alcance_perfil,particion_perfil,es_sintetico,ventana_id,periodo_desde,periodo_hasta,estado_modelo,estado_reto,estado_calculo_modelo,confianza_pct,particion_estado,ventana_recomendacion,periodo_desde_recomendacion,periodo_hasta_recomendacion,estado_trayectoria,estado_motor,recomendacion_id,decision,fuente_seleccion,requiere_confirmacion,revision_humana,razon_decision,motivos,guardas_aplicadas,transacciones_disponibles,regularidades_observadas,eventos_inusuales_observados,estado_coherente,ventana_coherente,periodo_coherente,particion_coherente,salida_motor_valida,salida_recomendacion_coherente,recorrido_completo
PERF_0001,Actividad principal declarada: Ingeniero de software / Ingeniera de software. Estado de ingreso actual: mixto. Ingreso mensual neto declarado: 4476667 COP. Ingreso adicional: actividad independiente adicional. Hobbies declarados: pintura | turismo_y_viajes. Objetivo: crear fondo emergencia.,Ingeniero de software / Ingeniera de software,ingenieria_y_desarrollo_de_software,mixto,crear fondo emergencia,dentro_del_mvp,train,si,VEN_0001_3,2026-04-01,2026-06-30,variable_resiliente,saludable,calculado,94.03,train,VEN_0001_3,2026-04-01,2026-06-30,variable_resiliente,recomendacion_disponible,REC_GUARDAR_EN_MESES_ALTOS,aplicar,modelo_validado_por_guardas,no,no_requerida,Entre 2026-04-01 00:00:00 y 2026-06-30 00:00:00 se observó el estado variable_resiliente con 94.03 % de confianza y 1.98 meses de cobertura esencial. La selección REC_GUARDAR_EN_MESES_ALTOS considera la meta crear fondo emergencia y las restricciones disponibles.,,variabilidad_no_tratada_como_riesgo | hobbies_no_eliminados_automaticamente,96,3,5,True,True,True,True,True,True,True
PERF_0002,Actividad principal declarada: Nutricionista dietista. Estado de ingreso actual: fijo. Ingreso mensual neto declarado: 1060000 COP. Hobbies declarados: cocina_y_reposteria | fotografia_y_video. Objetivo: ampliar actividad economica.,Nutricionista dietista,nutricion_y_dietetica,fijo,ampliar actividad economica,dentro_del_mvp,train,si,VEN_0002_3,2026-04-01,2026-06-30,fragilidad_sostenida,en_riesgo,calculado,94.34,train,VEN_0002_3,2026-04-01,2026-06-30,fragilidad_sostenida,recomendacion_disponible,REC_PROTEGER_ESENCIALES_Y_DEUDA,priorizar,modelo_validado_por_guardas,si,recomendada,Entre 2026-04-01 00:00:00 y 2026-06-30 00:00:00 se observó el estado fragilidad_sostenida con 94.34 % de confianza y 1.35 meses de cobertura esencial. La selección REC_PROTEGER_ESENCIALES_Y_DEUDA considera la meta ampliar actividad economica y las restricciones disponibles.,,esenciales_y_deuda_protegidas | hobbies_no_eliminados_automaticamente,89,2,0,True,True,True,True,True,True,True
PERF_0003,Actividad principal declarada: Disc jockey. Estado de ingreso actual: mixto. Ingreso mensual neto declarado: 8749000 COP. Ingreso adicional: Editor de video / Editora de video. Hobbies declarados: manualidades_y_artesanias | impresion_3d.,Disc jockey,musica_y_entretenimiento_dj,mixto,no declarado,dentro_del_mvp,train,si,VEN_0003_3,2026-04-01,2026-06-30,variable_resiliente,saludable,calculado,98.67,train,VEN_0003_3,2026-04-01,2026-06-30,variable_resiliente,recomendacion_disponible,REC_GUARDAR_EN_MESES_ALTOS,aplicar,modelo_validado_por_guardas,no,no_requerida,Entre 2026-04-01 00:00:00 y 2026-06-30 00:00:00 se observó el estado variable_resiliente con 98.67 % de confianza y 5.25 meses de cobertura esencial. La selección REC_GUARDAR_EN_MESES_ALTOS considera la meta no declarado y las restricciones disponibles.,,variabilidad_no_tratada_como_riesgo | hobbies_no_eliminados_automaticamente,99,2,1,True,True,True,True,True,True,True
PERF_0004,Actividad principal declarada: Ciclista. Estado de ingreso actual: variable. Ingreso mensual neto declarado: 7895333 COP. Hobbies declarados: musica | fotografia_y_video.,Ciclista,deporte_competitivo_ciclismo,variable,no declarado,dentro_del_mvp,train,si,VEN_0004_3,2026-04-01,2026-06-30,deterioro_reciente,en_observacion,calculado,72.79,train,VEN_0004_3,2026-04-01,2026-06-30,deterioro_reciente,recomendacion_disponible,REC_ENTENDER_CAMBIO_RECIENTE,revisar,modelo_validado_por_guardas,si,recomendada,Entre 2026-04-01 00:00:00 y 2026-06-30 00:00:00 se observó el estado deterioro_reciente con 72.79 % de confianza y 1.39 meses de cobertura esencial. La selección REC_ENTENDER_CAMBIO_RECIENTE considera la meta no declarado y las restricciones disponibles.,,cambio_reciente_requiere_revision | hobbies_no_eliminados_automaticamente,98,1,8,True,True,True,True,True,True,True
PERF_0005,Actividad principal declarada: Repartidor de domicilios / Repartidora de domicilios. Estado de ingreso actual: fijo. Ingreso mensual neto declarado: 500000 COP. Hobbies declarados: fotografia_y_video | ciclismo.,Repartidor de domicilios / Repartidora de domicilios,domicilios_mensajeria_y_reparto,fijo,no declarado,dentro_del_mvp,train,si,VEN_0005_3,2026-04-01,2026-06-30,situacion_critica,en_riesgo,calculado,99.53,train,VEN_0005_3,2026-04-01,2026-06-30,situacion_critica,recomendacion_disponible,REC_BUSCAR_APOYO_Y_CONTENER,revisar,modelo_validado_por_guardas,si,requerida,Entre 2026-04-01 00:00:00 y 2026-06-30 00:00:00 se observó el estado situacion_critica con 99.53 % de confianza y 0.00 meses de cobertura esencial. La selección REC_BUSCAR_APOYO_Y_CONTENER considera la meta no declarado y las restricciones disponibles.,,situacion_critica_con_revision_humana | hobbies_no_eliminados_automaticamente,65,2,3,True,True,True,True,True,True,True
PERF_0006,Actividad principal declarada: Vendedor de tienda / Vendedora de tienda. Estado de ingreso actual: apoyo. Ingreso mensual neto declarado: 500000 COP. Hobbies declarados: videojuegos_y_streaming | musica.,Vendedor de tienda / Vendedora de tienda,ventas_al_por_menor,apoyo,no declarado,dentro_del_mvp,train,si,VEN_0006_3,2026-04-01,2026-06-30,situacion_critica,en_riesgo,calculado,100.0,train,VEN_0006_3,2026-04-01,2026-06-30,situacion_critica,recomendacion_disponible,REC_BUSCAR_APOYO_Y_CONTENER,revisar,modelo_validado_por_guardas,si,requerida,Entre 2026-04-01 00:00:00 y 2026-06-30 00:00:00 se observó el estado situacion_critica con 100.00 % de confianza y 0.00 meses de cobertura esencial. La selección REC_BUSCAR_APOYO_Y_CONTENER considera la meta no declarado y las restricciones disponibles.,,situacion_critica_con_revision_humana | hobbies_no_eliminados_automaticamente,70,3,5,True,True,True,True,True,True,True
PERF_0007,Actividad principal declarada: Editor de video / Editora de video. Estado de ingreso actual: apoyo. Ingreso mensual neto declarado: 500000 COP. Hobbies declarados: turismo_y_viajes | impresion_3d.,Editor de video / Editora de video,diseno_audiovisual_y_edicion_de_video,apoyo,no declarado,dentro_del_mvp,train,si,VEN_0007_3,2026-04-01,2026-06-30,situacion_critica,en_riesgo,calculado,100.0,train,VEN_0007_3,2026-04-01,2026-06-30,situacion_critica,recomendacion_disponible,REC_BUSCAR_APOYO_Y_CONTENER,revisar,modelo_validado_por_guardas,si,requerida,Entre 2026-04-01 00:00:00 y 2026-06-30 00:00:00 se observó el estado situacion_critica con 100.00 % de confianza y 0.00 meses de cobertura esencial. La selección REC_BUSCAR_APOYO_Y_CONTENER considera la meta no declarado y las restricciones disponibles.,,situacion_critica_con_revision_humana | hobbies_no_eliminados_automaticamente,64,4,2,True,True,True,True,True,True,True
PERF_0008,Actividad principal declarada: Docente de educación básica secundaria. Estado de ingreso actual: fijo. Ingreso mensual neto declarado: 510000 COP. Hobbies declarados: impresion_3d | videojuegos_y_streaming. Objetivo: hacer viaje.,Docente de educación básica secundaria,docencia_y_formacion,fijo,hacer viaje,dentro_del_mvp,train,si,VEN_0008_3,2026-04-01,2026-06-30,fragilidad_sostenida,en_riesgo,calculado,97.41,train,VEN_0008_3,2026-04-01,2026-06-30,fragilidad_sostenida,recomendacion_disponible,REC_PROTEGER_ESENCIALES_Y_DEUDA,priorizar,modelo_validado_por_guardas,si,recomendada,Entre 2026-04-01 00:00:00 y 2026-06-30 00:00:00 se observó el estado fragilidad_sostenida con 97.41 % de confianza y 0.60 meses de cobertura esencial. La selección REC_PROTEGER_ESENCIALES_Y_DEUDA considera la meta hacer viaje y las restricciones disponibles.,,esenciales_y_deuda_protegidas | hobbies_no_eliminados_automaticamente,77,2,0,True,True,True,True,True,True,True
PERF_0009,Actividad principal declarada: Horticultor / Horticultora. Estado de ingreso actual: variable. Ingreso mensual neto declarado: 4231667 COP. Hobbies declarados: jardineria_y_agricultura_urbana. Objetivo: hacer viaje.,Horticultor / Horticultora,agricultura,variable,hacer viaje,dentro_del_mvp,train,si,VEN_0009_3,2026-04-01,2026-06-30,equilibrio_sostenible,saludable,calculado,89.44,train,VEN_0009_3,2026-04-01,2026-06-30,equilibrio_sostenible,recomendacion_disponible,REC_CUIDAR_MARGEN_CON_DEUDA,mantener,modelo_validado_por_guardas,no,no_requerida,Entre 2026-04-01 00:00:00 y 2026-06-30 00:00:00 se observó el estado equilibrio_sostenible con 89.44 % de confianza y 2.33 meses de cobertura esencial. La selección REC_CUIDAR_MARGEN_CON_DEUDA considera la meta hacer viaje y las restricciones disponibles.,,deuda_activa_considerada | hobbies_no_eliminados_automaticamente,97,2,5,True,True,True,True,True,True,True
PERF_0010,Actividad principal declarada: Barbero / Barbera. Estado de ingreso actual: variable. Ingreso mensual neto declarado: 4574000 COP. Hobbies declarados: ciclismo. Objetivo: mejorar vivienda.,Barbero / Barbera,peluqueria_y_barberia,variable,mejorar vivienda,dentro_del_mvp,train,si,VEN_0010_3,2026-04-01,2026-06-30,variable_resiliente,saludable,calculado,95.91,train,VEN_0010_3,2026-04-01,2026-06-30,variable_resiliente,recomendacion_disponible,REC_GUARDAR_EN_MESES_ALTOS,aplicar,modelo_validado_por_guardas,no,no_requerida,Entre 2026-04-01 00:00:00 y 2026-06-30 00:00:00 se observó el estado variable_resiliente con 95.91 % de confianza y 4.07 meses de cobertura esencial. La selección REC_GUARDAR_EN_MESES_ALTOS considera la meta mejorar vivienda y las restricciones disponibles.,,variabilidad_no_tratada_como_riesgo | hobbies_no_eliminados_automaticamente,95,2,3,True,True,True,True,True,True,True
PERF_0011,Actividad principal declarada: Ingeniero de software / Ingeniera de software. Estado de ingreso actual: variable. Ingreso mensual neto declarado: 9371000 COP. Hobbies declarados: pintura | jardineria_y_agricultura_urbana.,Ingeniero de software / Ingeniera de software,ingenieria_y_desarrollo_de_software,variable,no declarado,dentro_del_mvp,train,si,VEN_0011_3,2026-04-01,2026-06-30,deterioro_reciente,en_observacion,calculado,61.68,train,VEN_0011_3,2026-04-01,2026-06-30,deterioro_reciente,recomendacion_disponible,REC_PROTEGER_ESENCIALES,priorizar,guarda_etica,no,no_requerida,Entre 2026-04-01 00:00:00 y 2026-06-30 00:00:00 se observó el estado deterioro_reciente con 61.68 % de confianza y 0.82 meses de cobertura esencial. La selección REC_PROTEGER_ESENCIALES considera la meta no declarado y las restricciones disponibles.,,necesidades_esenciales_protegidas | hobbies_no_eliminados_automaticamente,90,2,6,True,True,True,True,True,True,True
PERF_0012,Actividad principal declarada: Nutricionista dietista. Estado de ingreso actual: mixto. Ingreso mensual neto declarado: 3599667 COP. Ingreso adicional: Docente de educación básica secundaria. Hobbies declarados: cocina_y_reposteria | fotografia_y_video.,Nutricionista dietista,nutricion_y_dietetica,mixto,no declarado,dentro_del_mvp,validation,si,VEN_0012_3,2026-04-01,2026-06-30,estado_incierto,no_disponible,requiere_confirmacion,82.49,validation,VEN_0012_3,2026-04-01,2026-06-30,estado_incierto,abstencion,no_disponible,abstener,abstencion_por_evidencia,no_aplica,no_aplica,Falta evidencia suficiente para seleccionar una acción segura.,estado_financiero_sin_evidencia_suficiente | estado_fuera_del_catalogo,,93,3,4,True,True,True,True,True,True,True
PERF_0013,Actividad principal declarada: Disc jockey. Estado de ingreso actual: variable. Ingreso mensual neto declarado: 3251667 COP. Hobbies declarados: manualidades_y_artesanias | cocina_y_reposteria.,Disc jockey,musica_y_entretenimiento_dj,variable,no declarado,dentro_del_mvp,train,si,VEN_0013_3,2026-04-01,2026-06-30,situacion_critica,en_riesgo,calculado,100.0,train,VEN_0013_3,2026-04-01,2026-06-30,situacion_critica,recomendacion_disponible,REC_BUSCAR_APOYO_Y_CONTENER,revisar,modelo_validado_por_guardas,si,requerida,Entre 2026-04-01 00:00:00 y 2026-06-30 00:00:00 se observó el estado situacion_critica con 100.00 % de confianza y 0.00 meses de cobertura esencial. La selección REC_BUSCAR_APOYO_Y_CONTENER considera la meta no declarado y las restricciones disponibles.,,situacion_critica_con_revision_humana | hobbies_no_eliminados_automaticamente,100,1,0,True,True,True,True,True,True,True
PERF_0014,Actividad principal declarada: Ciclista. Estado de ingreso actual: mixto. Ingreso mensual neto declarado: 2827667 COP. Ingreso adicional: actividad independiente adicional. Hobbies declarados: musica.,Ciclista,deporte_competitivo_ciclismo,mixto,no declarado,dentro_del_mvp,train,si,VEN_0014_3,2026-04-01,2026-06-30,situacion_critica,en_riesgo,calculado,100.0,train,VEN_0014_3,2026-04-01,2026-06-30,situacion_critica,recomendacion_disponible,REC_BUSCAR_APOYO_Y_CONTENER,revisar,modelo_validado_por_guardas,si,requerida,Entre 2026-04-01 00:00:00 y 2026-06-30 00:00:00 se observó el estado situacion_critica con 100.00 % de confianza y 0.00 meses de cobertura esencial. La selección REC_BUSCAR_APOYO_Y_CONTENER considera la meta no declarado y las restricciones disponibles.,,situacion_critica_con_revision_humana | hobbies_no_eliminados_automaticamente,95,3,5,True,True,True,True,True,True,True
PERF_0015,Actividad principal declarada: Repartidor de domicilios / Repartidora de domicilios. Estado de ingreso actual: mixto. Ingreso mensual neto declarado: 5225000 COP. Ingreso adicional: actividad independiente adicional. Hobbies declarados: fotografia_y_video | pintura.,Repartidor de domicilios / Repartidora de domicilios,domicilios_mensajeria_y_reparto,mixto,no declarado,dentro_del_mvp,train,si,VEN_0015_3,2026-04-01,2026-06-30,variable_resiliente,saludable,calculado,98.5,train,VEN_0015_3,2026-04-01,2026-06-30,variable_resiliente,recomendacion_disponible,REC_GUARDAR_EN_MESES_ALTOS,aplicar,modelo_validado_por_guardas,no,no_requerida,Entre 2026-04-01 00:00:00 y 2026-06-30 00:00:00 se observó el estado variable_resiliente con 98.50 % de confianza y 5.23 meses de cobertura esencial. La selección REC_GUARDAR_EN_MESES_ALTOS considera la meta no declarado y las restricciones disponibles.,,variabilidad_no_tratada_como_riesgo | hobbies_no_eliminados_automaticamente,96,4,3,True,True,True,True,True,True,True
PERF_0016,Actividad principal declarada: Vendedor de tienda / Vendedora de tienda. Estado de ingreso actual: apoyo. Ingreso mensual neto declarado: 1240000 COP. Hobbies declarados: videojuegos_y_streaming.,Vendedor de tienda / Vendedora de tienda,ventas_al_por_menor,apoyo,no declarado,dentro_del_mvp,test,si,VEN_0016_3,2026-04-01,2026-06-30,fragilidad_sostenida,en_riesgo,calculado,89.83,test,VEN_0016_3,2026-04-01,2026-06-30,fragilidad_sostenida,recomendacion_disponible,REC_PROTEGER_ESENCIALES_Y_DEUDA,priorizar,modelo_validado_por_guardas,si,recomendada,Entre 2026-04-01 00:00:00 y 2026-06-30 00:00:00 se observó el estado fragilidad_sostenida con 89.83 % de confianza y 0.48 meses de cobertura esencial. La selección REC_PROTEGER_ESENCIALES_Y_DEUDA considera la meta no declarado y las restricciones disponibles.,,esenciales_y_deuda_protegidas | hobbies_no_eliminados_automaticamente,88,3,1,True,True,True,True,True,True,True
PERF_0017,Actividad principal declarada: Editor de video / Editora de video. Estado de ingreso actual: fijo. Ingreso mensual neto declarado: 580000 COP. Hobbies declarados: turismo_y_viajes | cocina_y_reposteria. Objetivo: mejorar vivienda.,Editor de video / Editora de video,diseno_audiovisual_y_edicion_de_video,fijo,mejorar vivienda,dentro_del_mvp,train,si,VEN_0017_3,2026-04-01,2026-06-30,situacion_critica,en_riesgo,calculado,99.83,train,VEN_0017_3,2026-04-01,2026-06-30,situacion_critica,recomendacion_disponible,REC_BUSCAR_APOYO_Y_CONTENER,revisar,modelo_validado_por_guardas,si,requerida,Entre 2026-04-01 00:00:00 y 2026-06-30 00:00:00 se observó el estado situacion_critica con 99.83 % de confianza y 0.00 meses de cobertura esencial. La selección REC_BUSCAR_APOYO_Y_CONTENER considera la meta mejorar vivienda y las restricciones disponibles.,,situacion_critica_con_revision_humana | hobbies_no_eliminados_automaticamente,73,3,2,True,True,True,True,True,True,True
PERF_0018,Actividad principal declarada: Docente de educación básica secundaria. Estado de ingreso actual: fijo. Ingreso mensual neto declarado: 1201000 COP. Hobbies declarados: impresion_3d | fotografia_y_video. Objetivo: comprar bicicleta.,Docente de educación básica secundaria,docencia_y_formacion,fijo,comprar bicicleta,dentro_del_mvp,test,si,VEN_0018_3,2026-04-01,2026-06-30,situacion_critica,en_riesgo,calculado,100.0,test,VEN_0018_3,2026-04-01,2026-06-30,situacion_critica,recomendacion_disponible,REC_BUSCAR_APOYO_Y_CONTENER,revisar,modelo_validado_por_guardas,si,requerida,Entre 2026-04-01 00:00:00 y 2026-06-30 00:00:00 se observó el estado situacion_critica con 100.00 % de confianza y 0.00 meses de cobertura esencial. La selección REC_BUSCAR_APOYO_Y_CONTENER considera la meta comprar bicicleta y las restricciones disponibles.,,situacion_critica_con_revision_humana | hobbies_no_eliminados_automaticamente,85,3,11,True,True,True,True,True,True,True
PERF_0019,Actividad principal declarada: Horticultor / Horticultora. Estado de ingreso actual: variable. Ingreso mensual neto declarado: 1766667 COP. Hobbies declarados: jardineria_y_agricultura_urbana | videojuegos_y_streaming.,Horticultor / Horticultora,agricultura,variable,no declarado,dentro_del_mvp,test,si,VEN_0019_3,2026-04-01,2026-06-30,situacion_critica,en_riesgo,calculado,84.3,test,VEN_0019_3,2026-04-01,2026-06-30,situacion_critica,recomendacion_disponible,REC_BUSCAR_APOYO_Y_CONTENER,revisar,modelo_validado_por_guardas,si,requerida,Entre 2026-04-01 00:00:00 y 2026-06-30 00:00:00 se observó el estado situacion_critica con 84.30 % de confianza y 0.00 meses de cobertura esencial. La selección REC_BUSCAR_APOYO_Y_CONTENER considera la meta no declarado y las restricciones disponibles.,,situacion_critica_con_revision_humana | hobbies_no_eliminados_automaticamente,100,3,5,True,True,True,True,True,True,True
PERF_0020,Actividad principal declarada: Barbero / Barbera. Estado de ingreso actual: mixto. Ingreso mensual neto declarado: 2170000 COP. Ingreso adicional: actividad independiente adicional. Hobbies declarados: ciclismo | fotografia_y_video. Objetivo: hacer certificacion profesional.,Barbero / Barbera,peluqueria_y_barberia,mixto,hacer certificacion profesional,dentro_del_mvp,train,si,VEN_0020_3,2026-04-01,2026-06-30,situacion_critica,en_riesgo,calculado,99.84,train,VEN_0020_3,2026-04-01,2026-06-30,situacion_critica,recomendacion_disponible,REC_BUSCAR_APOYO_Y_CONTENER,revisar,modelo_validado_por_guardas,si,requerida,Entre 2026-04-01 00:00:00 y 2026-06-30 00:00:00 se observó el estado situacion_critica con 99.84 % de confianza y 0.00 meses de cobertura esencial. La selección REC_BUSCAR_APOYO_Y_CONTENER considera la meta hacer certificacion profesional y las restricciones disponibles.,,situacion_critica_con_revision_humana | hobbies_no_eliminados_automaticamente,97,3,0,True,True,True,True,True,True,True
PERF_0021,Actividad principal declarada: Ingeniero de software / Ingeniera de software. Estado de ingreso actual: mixto. Ingreso mensual neto declarado: 6405667 COP. Ingreso adicional: Editor de video / Editora de video. Hobbies declarados: pintura. Objetivo: mejorar vivienda.,Ingeniero de software / Ingeniera de software,ingenieria_y_desarrollo_de_software,mixto,mejorar vivienda,dentro_del_mvp,train,si,VEN_0021_3,2026-04-01,2026-06-30,situacion_critica,en_riesgo,calculado,100.0,train,VEN_0021_3,2026-04-01,2026-06-30,situacion_critica,recomendacion_disponible,REC_BUSCAR_APOYO_Y_CONTENER,revisar,modelo_validado_por_guardas,si,requerida,Entre 2026-04-01 00:00:00 y 2026-06-30 00:00:00 se observó el estado situacion_critica con 100.00 % de confianza y 0.00 meses de cobertura esencial. La selección REC_BUSCAR_APOYO_Y_CONTENER considera la meta mejorar vivienda y las restricciones disponibles.,,situacion_critica_con_revision_humana | hobbies_no_eliminados_automaticamente,91,2,6,True,True,True,True,True,True,True
PERF_0022,Actividad principal declarada: Nutricionista dietista. Estado de ingreso actual: variable. Ingreso mensual neto declarado: 7090667 COP. Hobbies declarados: cocina_y_reposteria. Objetivo: mejorar vivienda.,Nutricionista dietista,nutricion_y_dietetica,variable,mejorar vivienda,dentro_del_mvp,train,si,VEN_0022_3,2026-04-01,2026-06-30,acumulacion_estable,saludable,calculado,96.53,train,VEN_0022_3,2026-04-01,2026-06-30,acumulacion_estable,recomendacion_disponible,REC_APARTAR_PARA_META,aplicar,modelo_validado_por_guardas,no,no_requerida,Entre 2026-04-01 00:00:00 y 2026-06-30 00:00:00 se observó el estado acumulacion_estable con 96.53 % de confianza y 4.93 meses de cobertura esencial. La selección REC_APARTAR_PARA_META considera la meta mejorar vivienda y las restricciones disponibles.,,meta_confirmada | hobbies_no_eliminados_automaticamente,95,1,2,True,True,True,True,True,True,True
PERF_0023,Actividad principal declarada: Disc jockey. Estado de ingreso actual: mixto. Ingreso mensual neto declarado: 5906333 COP. Ingreso adicional: actividad independiente adicional. Hobbies declarados: manualidades_y_artesanias.,Disc jockey,musica_y_entretenimiento_dj,mixto,no declarado,dentro_del_mvp,train,si,VEN_0023_3,2026-04-01,2026-06-30,variable_resiliente,saludable,calculado,92.55,train,VEN_0023_3,2026-04-01,2026-06-30,variable_resiliente,recomendacion_disponible,REC_GUARDAR_EN_MESES_ALTOS,aplicar,modelo_validado_por_guardas,no,no_requerida,Entre 2026-04-01 00:00:00 y 2026-06-30 00:00:00 se observó el estado variable_resiliente con 92.55 % de confianza y 3.60 meses de cobertura esencial. La selección REC_GUARDAR_EN_MESES_ALTOS considera la meta no declarado y las restricciones disponibles.,,variabilidad_no_tratada_como_riesgo | hobbies_no_eliminados_automaticamente,94,2,1,True,True,True,True,True,True,True
PERF_0024,Actividad principal declarada: Ciclista. Estado de ingreso actual: variable. Ingreso mensual neto declarado: 3631667 COP. Hobbies declarados: musica | cocina_y_reposteria.,Ciclista,deporte_competitivo_ciclismo,variable,no declarado,dentro_del_mvp,train,si,VEN_0024_3,2026-04-01,2026-06-30,situacion_critica,en_riesgo,calculado,89.72,train,VEN_0024_3,2026-04-01,2026-06-30,situacion_critica,recomendacion_disponible,REC_BUSCAR_APOYO_Y_CONTENER,revisar,modelo_validado_por_guardas,si,requerida,Entre 2026-04-01 00:00:00 y 2026-06-30 00:00:00 se observó el estado situacion_critica con 89.72 % de confianza y 0.00 meses de cobertura esencial. La selección REC_BUSCAR_APOYO_Y_CONTENER considera la meta no declarado y las restricciones disponibles.,,situacion_critica_con_revision_humana | hobbies_no_eliminados_automaticamente,94,1,3,True,True,True,True,True,True,True
PERF_0025,Actividad principal declarada: Repartidor de domicilios / Repartidora de domicilios. Estado de ingreso actual: fijo. Ingreso mensual neto declarado: 500000 COP. Hobbies declarados: fotografia_y_video | pintura. Objetivo: comprar bicicleta.,Repartidor de domicilios / Repartidora de domicilios,domicilios_mensajeria_y_reparto,fijo,comprar bicicleta,dentro_del_mvp,validation,si,VEN_0025_3,2026-04-01,2026-06-30,situacion_critica,en_riesgo,calculado,99.76,validation,VEN_0025_3,2026-04-01,2026-06-30,situacion_critica,recomendacion_disponible,REC_BUSCAR_APOYO_Y_CONTENER,revisar,modelo_validado_por_guardas,si,requerida,Entre 2026-04-01 00:00:00 y 2026-06-30 00:00:00 se observó el estado situacion_critica con 99.76 % de confianza y 0.00 meses de cobertura esencial. La selección REC_BUSCAR_APOYO_Y_CONTENER considera la meta comprar bicicleta y las restricciones disponibles.,,situacion_critica_con_revision_humana | hobbies_no_eliminados_automaticamente,68,4,4,True,True,True,True,True,True,True
PERF_0026,Actividad principal declarada: Vendedor de tienda / Vendedora de tienda. Estado de ingreso actual: apoyo. Ingreso mensual neto declarado: 830000 COP. Hobbies declarados: videojuegos_y_streaming. Objetivo: ampliar actividad economica.,Vendedor de tienda / Vendedora de tienda,ventas_al_por_menor,apoyo,ampliar actividad economica,dentro_del_mvp,test,si,VEN_0026_3,2026-04-01,2026-06-30,situacion_critica,en_riesgo,calculado,99.86,test,VEN_0026_3,2026-04-01,2026-06-30,situacion_critica,recomendacion_disponible,REC_BUSCAR_APOYO_Y_CONTENER,revisar,modelo_validado_por_guardas,si,requerida,Entre 2026-04-01 00:00:00 y 2026-06-30 00:00:00 se observó el estado situacion_critica con 99.86 % de confianza y 0.00 meses de cobertura esencial. La selección REC_BUSCAR_APOYO_Y_CONTENER considera la meta ampliar actividad economica y las restricciones disponibles.,,situacion_critica_con_revision_humana | hobbies_no_eliminados_automaticamente,83,2,6,True,True,True,True,True,True,True
PERF_0027,Actividad principal declarada: Editor de video / Editora de video. Estado de ingreso actual: apoyo. Ingreso mensual neto declarado: 640000 COP. Hobbies declarados: turismo_y_viajes | ciclismo. Objetivo: hacer certificacion profesional.,Editor de video / Editora de video,diseno_audiovisual_y_edicion_de_video,apoyo,hacer certificacion profesional,dentro_del_mvp,train,si,VEN_0027_3,2026-04-01,2026-06-30,situacion_critica,en_riesgo,calculado,99.84,train,VEN_0027_3,2026-04-01,2026-06-30,situacion_critica,recomendacion_disponible,REC_BUSCAR_APOYO_Y_CONTENER,revisar,modelo_validado_por_guardas,si,requerida,Entre 2026-04-01 00:00:00 y 2026-06-30 00:00:00 se observó el estado situacion_critica con 99.84 % de confianza y 0.00 meses de cobertura esencial. La selección REC_BUSCAR_APOYO_Y_CONTENER considera la meta hacer certificacion profesional y las restricciones disponibles.,,situacion_critica_con_revision_humana | hobbies_no_eliminados_automaticamente,73,2,1,True,True,True,True,True,True,True
PERF_0028,Actividad principal declarada: Docente de educación básica secundaria. Estado de ingreso actual: fijo. Ingreso mensual neto declarado: 500000 COP. Hobbies declarados: impresion_3d.,Docente de educación básica secundaria,docencia_y_formacion,fijo,no declarado,dentro_del_mvp,train,si,VEN_0028_3,2026-04-01,2026-06-30,situacion_critica,en_riesgo,calculado,100.0,train,VEN_0028_3,2026-04-01,2026-06-30,situacion_critica,recomendacion_disponible,REC_BUSCAR_APOYO_Y_CONTENER,revisar,modelo_validado_por_guardas,si,requerida,Entre 2026-04-01 00:00:00 y 2026-06-30 00:00:00 se observó el estado situacion_critica con 100.00 % de confianza y 0.00 meses de cobertura esencial. La selección REC_BUSCAR_APOYO_Y_CONTENER considera la meta no declarado y las restricciones disponibles.,,situacion_critica_con_revision_humana | hobbies_no_eliminados_automaticamente,78,3,4,True,True,True,True,True,True,True
PERF_0029,Actividad principal declarada: Horticultor / Horticultora. Estado de ingreso actual: sin_ingresos. Hobbies declarados: jardineria_y_agricultura_urbana | ciclismo.,Horticultor / Horticultora,agricultura,sin_ingresos,no declarado,dentro_del_mvp,train,si,VEN_0029_3,2026-04-01,2026-06-30,situacion_critica,en_riesgo,calculado,99.96,train,VEN_0029_3,2026-04-01,2026-06-30,situacion_critica,recomendacion_disponible,REC_CUIDAR_RECURSOS_SIN_INGRESO,priorizar,modelo_validado_por_guardas,si,recomendada,Entre 2026-04-01 00:00:00 y 2026-06-30 00:00:00 se observó el estado situacion_critica con 99.96 % de confianza y 0.00 meses de cobertura esencial. La selección REC_CUIDAR_RECURSOS_SIN_INGRESO considera la meta no declarado y las restricciones disponibles.,,recursos_protegidos_sin_ingresos | hobbies_no_eliminados_automaticamente,73,2,3,True,True,True,True,True,True,True
PERF_0030,Actividad principal declarada: Barbero / Barbera. Estado de ingreso actual: sin_ingresos. Hobbies declarados: ciclismo | pintura.,Barbero / Barbera,peluqueria_y_barberia,sin_ingresos,no declarado,dentro_del_mvp,train,si,VEN_0030_3,2026-04-01,2026-06-30,situacion_critica,en_riesgo,calculado,99.57,train,VEN_0030_3,2026-04-01,2026-06-30,situacion_critica,recomendacion_disponible,REC_CUIDAR_RECURSOS_SIN_INGRESO,priorizar,modelo_validado_por_guardas,si,recomendada,Entre 2026-04-01 00:00:00 y 2026-06-30 00:00:00 se observó el estado situacion_critica con 99.57 % de confianza y 0.00 meses de cobertura esencial. La selección REC_CUIDAR_RECURSOS_SIN_INGRESO considera la meta no declarado y las restricciones disponibles.,,recursos_protegidos_sin_ingresos | hobbies_no_eliminados_automaticamente,72,2,3,True,True,True,True,True,True,True
PERF_0031,Actividad principal declarada: Ingeniero de software / Ingeniera de software. Estado de ingreso actual: mixto. Ingreso mensual neto declarado: 4758667 COP. Ingreso adicional: actividad independiente adicional. Hobbies declarados: pintura | impresion_3d. Objetivo: mejorar vivienda.,Ingeniero de software / Ingeniera de software,ingenieria_y_desarrollo_de_software,mixto,mejorar vivienda,dentro_del_mvp,train,si,VEN_0031_3,2026-04-01,2026-06-30,uso_planificado_reserva,en_observacion,calculado,88.53,train,VEN_0031_3,2026-04-01,2026-06-30,uso_planificado_reserva,recomendacion_disponible,REC_MEDIR_USO_DE_RESERVA,vigilar,modelo_validado_por_guardas,no,no_requerida,Entre 2026-04-01 00:00:00 y 2026-06-30 00:00:00 se observó el estado uso_planificado_reserva con 88.53 % de confianza y 2.18 meses de cobertura esencial. La selección REC_MEDIR_USO_DE_RESERVA considera la meta mejorar vivienda y las restricciones disponibles.,,duracion_de_reserva_considerada | hobbies_no_eliminados_automaticamente,99,4,3,True,True,True,True,True,True,True
PERF_0032,Actividad principal declarada: Nutricionista dietista. Estado de ingreso actual: fijo. Ingreso mensual neto declarado: 1278333 COP. Hobbies declarados: cocina_y_reposteria. Objetivo: hacer viaje.,Nutricionista dietista,nutricion_y_dietetica,fijo,hacer viaje,dentro_del_mvp,test,si,VEN_0032_3,2026-04-01,2026-06-30,situacion_critica,en_riesgo,calculado,99.91,test,VEN_0032_3,2026-04-01,2026-06-30,situacion_critica,recomendacion_disponible,REC_BUSCAR_APOYO_Y_CONTENER,revisar,modelo_validado_por_guardas,si,requerida,Entre 2026-04-01 00:00:00 y 2026-06-30 00:00:00 se observó el estado situacion_critica con 99.91 % de confianza y 0.00 meses de cobertura esencial. La selección REC_BUSCAR_APOYO_Y_CONTENER considera la meta hacer viaje y las restricciones disponibles.,,situacion_critica_con_revision_humana | hobbies_no_eliminados_automaticamente,86,2,7,True,True,True,True,True,True,True
PERF_0033,Actividad principal declarada: Disc jockey. Estado de ingreso actual: variable. Ingreso mensual neto declarado: 2723000 COP. Hobbies declarados: manualidades_y_artesanias. Objetivo: crear fondo emergencia.,Disc jockey,musica_y_entretenimiento_dj,variable,crear fondo emergencia,dentro_del_mvp,train,si,VEN_0033_3,2026-04-01,2026-06-30,uso_planificado_reserva,en_observacion,calculado,73.49,train,VEN_0033_3,2026-04-01,2026-06-30,uso_planificado_reserva,recomendacion_disponible,REC_MEDIR_USO_DE_RESERVA,vigilar,modelo_validado_por_guardas,no,no_requerida,Entre 2026-04-01 00:00:00 y 2026-06-30 00:00:00 se observó el estado uso_planificado_reserva con 73.49 % de confianza y 3.45 meses de cobertura esencial. La selección REC_MEDIR_USO_DE_RESERVA considera la meta crear fondo emergencia y las restricciones disponibles.,,duracion_de_reserva_considerada | hobbies_no_eliminados_automaticamente,98,2,7,True,True,True,True,True,True,True
PERF_0034,Actividad principal declarada: Ciclista. Estado de ingreso actual: estacional. Ingreso mensual neto declarado: 4036000 COP. Hobbies declarados: musica | ciclismo. Objetivo: pagar deuda.,Ciclista,deporte_competitivo_ciclismo,estacional,pagar deuda,dentro_del_mvp,train,si,VEN_0034_3,2026-04-01,2026-06-30,situacion_critica,en_riesgo,calculado,99.52,train,VEN_0034_3,2026-04-01,2026-06-30,situacion_critica,recomendacion_disponible,REC_BUSCAR_APOYO_Y_CONTENER,revisar,modelo_validado_por_guardas,si,requerida,Entre 2026-04-01 00:00:00 y 2026-06-30 00:00:00 se observó el estado situacion_critica con 99.52 % de confianza y 0.00 meses de cobertura esencial. La selección REC_BUSCAR_APOYO_Y_CONTENER considera la meta pagar deuda y las restricciones disponibles.,,situacion_critica_con_revision_humana | hobbies_no_eliminados_automaticamente,80,1,1,True,True,True,True,True,True,True
PERF_0035,Actividad principal declarada: Repartidor de domicilios / Repartidora de domicilios. Estado de ingreso actual: mixto. Ingreso mensual neto declarado: 1077667 COP. Ingreso adicional: actividad independiente adicional. Hobbies declarados: fotografia_y_video | turismo_y_viajes. Objetivo: hacer certificacion profesional.,Repartidor de domicilios / Repartidora de domicilios,domicilios_mensajeria_y_reparto,mixto,hacer certificacion profesional,dentro_del_mvp,train,si,VEN_0035_3,2026-04-01,2026-06-30,situacion_critica,en_riesgo,calculado,100.0,train,VEN_0035_3,2026-04-01,2026-06-30,situacion_critica,recomendacion_disponible,REC_BUSCAR_APOYO_Y_CONTENER,revisar,modelo_validado_por_guardas,si,requerida,Entre 2026-04-01 00:00:00 y 2026-06-30 00:00:00 se observó el estado situacion_critica con 100.00 % de confianza y 0.00 meses de cobertura esencial. La selección REC_BUSCAR_APOYO_Y_CONTENER considera la meta hacer certificacion profesional y las restricciones disponibles.,,situacion_critica_con_revision_humana | hobbies_no_eliminados_automaticamente,96,2,2,True,True,True,True,True,True,True
PERF_0036,Actividad principal declarada: Vendedor de tienda / Vendedora de tienda. Estado de ingreso actual: estacional. Ingreso mensual neto declarado: 7528500 COP. Hobbies declarados: videojuegos_y_streaming | fotografia_y_video. Objetivo: comprar equipo de trabajo.,Vendedor de tienda / Vendedora de tienda,ventas_al_por_menor,estacional,comprar equipo de trabajo,dentro_del_mvp,train,si,VEN_0036_3,2026-04-01,2026-06-30,variable_resiliente,saludable,calculado,87.45,train,VEN_0036_3,2026-04-01,2026-06-30,variable_resiliente,recomendacion_disponible,REC_GUARDAR_EN_MESES_ALTOS,aplicar,modelo_validado_por_guardas,no,no_requerida,Entre 2026-04-01 00:00:00 y 2026-06-30 00:00:00 se observó el estado variable_resiliente con 87.45 % de confianza y 6.54 meses de cobertura esencial. La selección REC_GUARDAR_EN_MESES_ALTOS considera la meta comprar equipo de trabajo y las restricciones disponibles.,,variabilidad_no_tratada_como_riesgo | hobbies_no_eliminados_automaticamente,92,3,2,True,True,True,True,True,True,True
PERF_0037,Actividad principal declarada: Editor de video / Editora de video. Estado de ingreso actual: mixto. Ingreso mensual neto declarado: 7970667 COP. Ingreso adicional: Ciclista. Hobbies declarados: turismo_y_viajes. Objetivo: mejorar vivienda.,Editor de video / Editora de video,diseno_audiovisual_y_edicion_de_video,mixto,mejorar vivienda,dentro_del_mvp,train,si,VEN_0037_3,2026-04-01,2026-06-30,variable_resiliente,saludable,calculado,85.67,train,VEN_0037_3,2026-04-01,2026-06-30,variable_resiliente,recomendacion_disponible,REC_GUARDAR_EN_MESES_ALTOS,aplicar,modelo_validado_por_guardas,no,no_requerida,Entre 2026-04-01 00:00:00 y 2026-06-30 00:00:00 se observó el estado variable_resiliente con 85.67 % de confianza y 1.27 meses de cobertura esencial. La selección REC_GUARDAR_EN_MESES_ALTOS considera la meta mejorar vivienda y las restricciones disponibles.,,variabilidad_no_tratada_como_riesgo | hobbies_no_eliminados_automaticamente,93,2,1,True,True,True,True,True,True,True
PERF_0038,Actividad principal declarada: Docente de educación básica secundaria. Estado de ingreso actual: fijo. Ingreso mensual neto declarado: 5489667 COP. Hobbies declarados: impresion_3d | manualidades_y_artesanias.,Docente de educación básica secundaria,docencia_y_formacion,fijo,no declarado,dentro_del_mvp,train,si,VEN_0038_3,2026-04-01,2026-06-30,estado_incierto,no_disponible,requiere_confirmacion,75.77,train,VEN_0038_3,2026-04-01,2026-06-30,estado_incierto,abstencion,no_disponible,abstener,abstencion_por_evidencia,no_aplica,no_aplica,Falta evidencia suficiente para seleccionar una acción segura.,estado_financiero_sin_evidencia_suficiente | estado_fuera_del_catalogo,,100,4,4,True,True,True,True,True,True,True
PERF_0039,Actividad principal declarada: Horticultor / Horticultora. Estado de ingreso actual: variable. Ingreso mensual neto declarado: 4653667 COP. Hobbies declarados: jardineria_y_agricultura_urbana. Objetivo: mejorar vivienda.,Horticultor / Horticultora,agricultura,variable,mejorar vivienda,dentro_del_mvp,test,si,VEN_0039_3,2026-04-01,2026-06-30,fragilidad_sostenida,en_riesgo,calculado,71.33,test,VEN_0039_3,2026-04-01,2026-06-30,fragilidad_sostenida,recomendacion_disponible,REC_PROTEGER_ESENCIALES_Y_DEUDA,priorizar,modelo_validado_por_guardas,si,recomendada,Entre 2026-04-01 00:00:00 y 2026-06-30 00:00:00 se observó el estado fragilidad_sostenida con 71.33 % de confianza y 1.40 meses de cobertura esencial. La selección REC_PROTEGER_ESENCIALES_Y_DEUDA considera la meta mejorar vivienda y las restricciones disponibles.,,esenciales_y_deuda_protegidas | hobbies_no_eliminados_automaticamente,99,2,6,True,True,True,True,True,True,True
PERF_0040,Actividad principal declarada: Barbero / Barbera. Estado de ingreso actual: estacional. Ingreso mensual neto declarado: 2537500 COP. Hobbies declarados: ciclismo.,Barbero / Barbera,peluqueria_y_barberia,estacional,no declarado,dentro_del_mvp,validation,si,VEN_0040_3,2026-04-01,2026-06-30,situacion_critica,en_riesgo,calculado,98.38,validation,VEN_0040_3,2026-04-01,2026-06-30,situacion_critica,recomendacion_disponible,REC_BUSCAR_APOYO_Y_CONTENER,revisar,modelo_validado_por_guardas,si,requerida,Entre 2026-04-01 00:00:00 y 2026-06-30 00:00:00 se observó el estado situacion_critica con 98.38 % de confianza y 0.00 meses de cobertura esencial. La selección REC_BUSCAR_APOYO_Y_CONTENER considera la meta no declarado y las restricciones disponibles.,,situacion_critica_con_revision_humana | hobbies_no_eliminados_automaticamente,87,1,4,True,True,True,True,True,True,True
PERF_0041,Actividad principal declarada: Ingeniero de software / Ingeniera de software. Estado de ingreso actual: mixto. Ingreso mensual neto declarado: 5184667 COP. Ingreso adicional: actividad independiente adicional. Hobbies declarados: pintura | fotografia_y_video.,Ingeniero de software / Ingeniera de software,ingenieria_y_desarrollo_de_software,mixto,no declarado,dentro_del_mvp,test,si,VEN_0041_3,2026-04-01,2026-06-30,situacion_critica,en_riesgo,calculado,99.37,test,VEN_0041_3,2026-04-01,2026-06-30,situacion_critica,recomendacion_disponible,REC_BUSCAR_APOYO_Y_CONTENER,revisar,modelo_validado_por_guardas,si,requerida,Entre 2026-04-01 00:00:00 y 2026-06-30 00:00:00 se observó el estado situacion_critica con 99.37 % de confianza y 0.00 meses de cobertura esencial. La selección REC_BUSCAR_APOYO_Y_CONTENER considera la meta no declarado y las restricciones disponibles.,,situacion_critica_con_revision_humana | hobbies_no_eliminados_automaticamente,100,3,1,True,True,True,True,True,True,True
PERF_0042,Actividad principal declarada: Nutricionista dietista. Estado de ingreso actual: mixto. Ingreso mensual neto declarado: 4719000 COP. Ingreso adicional: Barbero / Barbera. Hobbies declarados: cocina_y_reposteria | fotografia_y_video.,Nutricionista dietista,nutricion_y_dietetica,mixto,no declarado,dentro_del_mvp,train,si,VEN_0042_3,2026-04-01,2026-06-30,situacion_critica,en_riesgo,calculado,100.0,train,VEN_0042_3,2026-04-01,2026-06-30,situacion_critica,recomendacion_disponible,REC_BUSCAR_APOYO_Y_CONTENER,revisar,modelo_validado_por_guardas,si,requerida,Entre 2026-04-01 00:00:00 y 2026-06-30 00:00:00 se observó el estado situacion_critica con 100.00 % de confianza y 0.00 meses de cobertura esencial. La selección REC_BUSCAR_APOYO_Y_CONTENER considera la meta no declarado y las restricciones disponibles.,,situacion_critica_con_revision_humana | hobbies_no_eliminados_automaticamente,98,6,7,True,True,True,True,True,True,True
PERF_0043,Actividad principal declarada: Disc jockey. Estado de ingreso actual: fijo. Ingreso mensual neto declarado: 560000 COP. Hobbies declarados: manualidades_y_artesanias | jardineria_y_agricultura_urbana. Objetivo: hacer certificacion profesional.,Disc jockey,musica_y_entretenimiento_dj,fijo,hacer certificacion profesional,dentro_del_mvp,test,si,VEN_0043_3,2026-04-01,2026-06-30,situacion_critica,en_riesgo,calculado,99.47,test,VEN_0043_3,2026-04-01,2026-06-30,situacion_critica,recomendacion_disponible,REC_BUSCAR_APOYO_Y_CONTENER,revisar,modelo_validado_por_guardas,si,requerida,Entre 2026-04-01 00:00:00 y 2026-06-30 00:00:00 se observó el estado situacion_critica con 99.47 % de confianza y 0.00 meses de cobertura esencial. La selección REC_BUSCAR_APOYO_Y_CONTENER considera la meta hacer certificacion profesional y las restricciones disponibles.,,situacion_critica_con_revision_humana | hobbies_no_eliminados_automaticamente,75,3,0,True,True,True,True,True,True,True
PERF_0044,Actividad principal declarada: Ciclista. Estado de ingreso actual: fijo. Ingreso mensual neto declarado: 660000 COP. Hobbies declarados: musica | cocina_y_reposteria. Objetivo: pagar deuda.,Ciclista,deporte_competitivo_ciclismo,fijo,pagar deuda,dentro_del_mvp,test,si,VEN_0044_3,2026-04-01,2026-06-30,situacion_critica,en_riesgo,calculado,99.8,test,VEN_0044_3,2026-04-01,2026-06-30,situacion_critica,recomendacion_disponible,REC_BUSCAR_APOYO_Y_CONTENER,revisar,modelo_validado_por_guardas,si,requerida,Entre 2026-04-01 00:00:00 y 2026-06-30 00:00:00 se observó el estado situacion_critica con 99.80 % de confianza y 0.00 meses de cobertura esencial. La selección REC_BUSCAR_APOYO_Y_CONTENER considera la meta pagar deuda y las restricciones disponibles.,,situacion_critica_con_revision_humana | hobbies_no_eliminados_automaticamente,68,3,2,True,True,True,True,True,True,True
PERF_0045,Actividad principal declarada: Repartidor de domicilios / Repartidora de domicilios. Estado de ingreso actual: apoyo. Ingreso mensual neto declarado: 500000 COP. Hobbies declarados: fotografia_y_video. Objetivo: pagar deuda.,Repartidor de domicilios / Repartidora de domicilios,domicilios_mensajeria_y_reparto,apoyo,pagar deuda,dentro_del_mvp,train,si,VEN_0045_3,2026-04-01,2026-06-30,situacion_critica,en_riesgo,calculado,99.86,train,VEN_0045_3,2026-04-01,2026-06-30,situacion_critica,recomendacion_disponible,REC_BUSCAR_APOYO_Y_CONTENER,revisar,modelo_validado_por_guardas,si,requerida,Entre 2026-04-01 00:00:00 y 2026-06-30 00:00:00 se observó el estado situacion_critica con 99.86 % de confianza y 0.00 meses de cobertura esencial. La selección REC_BUSCAR_APOYO_Y_CONTENER considera la meta pagar deuda y las restricciones disponibles.,,situacion_critica_con_revision_humana | hobbies_no_eliminados_automaticamente,73,3,3,True,True,True,True,True,True,True
PERF_0046,Actividad principal declarada: Vendedor de tienda / Vendedora de tienda. Estado de ingreso actual: fijo. Ingreso mensual neto declarado: 570000 COP. Hobbies declarados: videojuegos_y_streaming | jardineria_y_agricultura_urbana. Objetivo: hacer certificacion profesional.,Vendedor de tienda / Vendedora de tienda,ventas_al_por_menor,fijo,hacer certificacion profesional,dentro_del_mvp,train,si,VEN_0046_3,2026-04-01,2026-06-30,situacion_critica,en_riesgo,calculado,100.0,train,VEN_0046_3,2026-04-01,2026-06-30,situacion_critica,recomendacion_disponible,REC_BUSCAR_APOYO_Y_CONTENER,revisar,modelo_validado_por_guardas,si,requerida,Entre 2026-04-01 00:00:00 y 2026-06-30 00:00:00 se observó el estado situacion_critica con 100.00 % de confianza y 0.00 meses de cobertura esencial. La selección REC_BUSCAR_APOYO_Y_CONTENER considera la meta hacer certificacion profesional y las restricciones disponibles.,,situacion_critica_con_revision_humana | hobbies_no_eliminados_automaticamente,89,2,9,True,True,True,True,True,True,True
PERF_0047,Actividad principal declarada: Editor de video / Editora de video. Estado de ingreso actual: fijo. Ingreso mensual neto declarado: 890000 COP. Hobbies declarados: turismo_y_viajes | cocina_y_reposteria. Objetivo: ampliar actividad economica.,Editor de video / Editora de video,diseno_audiovisual_y_edicion_de_video,fijo,ampliar actividad economica,dentro_del_mvp,train,si,VEN_0047_3,2026-04-01,2026-06-30,situacion_critica,en_riesgo,calculado,99.85,train,VEN_0047_3,2026-04-01,2026-06-30,situacion_critica,recomendacion_disponible,REC_BUSCAR_APOYO_Y_CONTENER,revisar,modelo_validado_por_guardas,si,requerida,Entre 2026-04-01 00:00:00 y 2026-06-30 00:00:00 se observó el estado situacion_critica con 99.85 % de confianza y 0.00 meses de cobertura esencial. La selección REC_BUSCAR_APOYO_Y_CONTENER considera la meta ampliar actividad economica y las restricciones disponibles.,,situacion_critica_con_revision_humana | hobbies_no_eliminados_automaticamente,82,2,5,True,True,True,True,True,True,True
PERF_0048,Actividad principal declarada: Docente de educación básica secundaria. Estado de ingreso actual: variable. Ingreso mensual neto declarado: 4025000 COP. Hobbies declarados: impresion_3d | turismo_y_viajes. Objetivo: comprar equipo de trabajo.,Docente de educación básica secundaria,docencia_y_formacion,variable,comprar equipo de trabajo,dentro_del_mvp,train,si,VEN_0048_3,2026-04-01,2026-06-30,situacion_critica,en_riesgo,calculado,100.0,train,VEN_0048_3,2026-04-01,2026-06-30,situacion_critica,recomendacion_disponible,REC_BUSCAR_APOYO_Y_CONTENER,revisar,modelo_validado_por_guardas,si,requerida,Entre 2026-04-01 00:00:00 y 2026-06-30 00:00:00 se observó el estado situacion_critica con 100.00 % de confianza y 0.00 meses de cobertura esencial. La selección REC_BUSCAR_APOYO_Y_CONTENER considera la meta comprar equipo de trabajo y las restricciones disponibles.,,situacion_critica_con_revision_humana | hobbies_no_eliminados_automaticamente,95,2,5,True,True,True,True,True,True,True
PERF_0049,Actividad principal declarada: Horticultor / Horticultora. Estado de ingreso actual: variable. Ingreso mensual neto declarado: 2954333 COP. Hobbies declarados: jardineria_y_agricultura_urbana. Objetivo: comprar bicicleta.,Horticultor / Horticultora,agricultura,variable,comprar bicicleta,dentro_del_mvp,train,si,VEN_0049_3,2026-04-01,2026-06-30,situacion_critica,en_riesgo,calculado,100.0,train,VEN_0049_3,2026-04-01,2026-06-30,situacion_critica,recomendacion_disponible,REC_BUSCAR_APOYO_Y_CONTENER,revisar,modelo_validado_por_guardas,si,requerida,Entre 2026-04-01 00:00:00 y 2026-06-30 00:00:00 se observó el estado situacion_critica con 100.00 % de confianza y 0.00 meses de cobertura esencial. La selección REC_BUSCAR_APOYO_Y_CONTENER considera la meta comprar bicicleta y las restricciones disponibles.,,situacion_critica_con_revision_humana | hobbies_no_eliminados_automaticamente,97,2,3,True,True,True,True,True,True,True
PERF_0050,Actividad principal declarada: Barbero / Barbera. Estado de ingreso actual: estacional. Ingreso mensual neto declarado: 6399000 COP. Hobbies declarados: ciclismo | jardineria_y_agricultura_urbana. Objetivo: hacer viaje.,Barbero / Barbera,peluqueria_y_barberia,estacional,hacer viaje,dentro_del_mvp,test,si,VEN_0050_3,2026-04-01,2026-06-30,variable_resiliente,saludable,calculado,68.92,test,VEN_0050_3,2026-04-01,2026-06-30,variable_resiliente,recomendacion_disponible,REC_GUARDAR_EN_MESES_ALTOS,aplicar,modelo_validado_por_guardas,no,no_requerida,Entre 2026-04-01 00:00:00 y 2026-06-30 00:00:00 se observó el estado variable_resiliente con 68.92 % de confianza y 5.54 meses de cobertura esencial. La selección REC_GUARDAR_EN_MESES_ALTOS considera la meta hacer viaje y las restricciones disponibles.,,variabilidad_no_tratada_como_riesgo | hobbies_no_eliminados_automaticamente,85,2,3,True,True,True,True,True,True,True
PERF_0051,Actividad principal declarada: Ingeniero de software / Ingeniera de software. Estado de ingreso actual: variable. Ingreso mensual neto declarado: 11181000 COP. Hobbies declarados: pintura. Objetivo: mejorar vivienda.,Ingeniero de software / Ingeniera de software,ingenieria_y_desarrollo_de_software,variable,mejorar vivienda,dentro_del_mvp,test,si,VEN_0051_3,2026-04-01,2026-06-30,acumulacion_estable,saludable,calculado,69.82,test,VEN_0051_3,2026-04-01,2026-06-30,acumulacion_estable,recomendacion_disponible,REC_APARTAR_PARA_META,aplicar,modelo_validado_por_guardas,no,no_requerida,Entre 2026-04-01 00:00:00 y 2026-06-30 00:00:00 se observó el estado acumulacion_estable con 69.82 % de confianza y 5.27 meses de cobertura esencial. La selección REC_APARTAR_PARA_META considera la meta mejorar vivienda y las restricciones disponibles.,,meta_confirmada | hobbies_no_eliminados_automaticamente,91,3,2,True,True,True,True,True,True,True
PERF_0052,Actividad principal declarada: Nutricionista dietista. Estado de ingreso actual: estacional. Ingreso mensual neto declarado: 6929500 COP. Hobbies declarados: cocina_y_reposteria.,Nutricionista dietista,nutricion_y_dietetica,estacional,no declarado,dentro_del_mvp,train,si,VEN_0052_3,2026-04-01,2026-06-30,fragilidad_sostenida,en_riesgo,calculado,89.0,train,VEN_0052_3,2026-04-01,2026-06-30,fragilidad_sostenida,recomendacion_disponible,REC_PROTEGER_ESENCIALES_Y_DEUDA,priorizar,modelo_validado_por_guardas,si,recomendada,Entre 2026-04-01 00:00:00 y 2026-06-30 00:00:00 se observó el estado fragilidad_sostenida con 89.00 % de confianza y 0.35 meses de cobertura esencial. La selección REC_PROTEGER_ESENCIALES_Y_DEUDA considera la meta no declarado y las restricciones disponibles.,,esenciales_y_deuda_protegidas | hobbies_no_eliminados_automaticamente,96,3,3,True,True,True,True,True,True,True
PERF_0053,Actividad principal declarada: Disc jockey. Estado de ingreso actual: estacional. Ingreso mensual neto declarado: 4489500 COP. Hobbies declarados: manualidades_y_artesanias. Objetivo: crear fondo emergencia.,Disc jockey,musica_y_entretenimiento_dj,estacional,crear fondo emergencia,dentro_del_mvp,train,si,VEN_0053_3,2026-04-01,2026-06-30,fragilidad_sostenida,en_riesgo,calculado,89.58,train,VEN_0053_3,2026-04-01,2026-06-30,fragilidad_sostenida,recomendacion_disponible,REC_PROTEGER_ESENCIALES,priorizar,modelo_validado_por_guardas,no,no_requerida,Entre 2026-04-01 00:00:00 y 2026-06-30 00:00:00 se observó el estado fragilidad_sostenida con 89.58 % de confianza y 0.72 meses de cobertura esencial. La selección REC_PROTEGER_ESENCIALES considera la meta crear fondo emergencia y las restricciones disponibles.,,necesidades_esenciales_protegidas | hobbies_no_eliminados_automaticamente,92,1,9,True,True,True,True,True,True,True
PERF_0054,Actividad principal declarada: Ciclista. Estado de ingreso actual: apoyo. Ingreso mensual neto declarado: 500000 COP. Hobbies declarados: musica. Objetivo: comprar equipo de trabajo.,Ciclista,deporte_competitivo_ciclismo,apoyo,comprar equipo de trabajo,dentro_del_mvp,train,si,VEN_0054_3,2026-04-01,2026-06-30,situacion_critica,en_riesgo,calculado,100.0,train,VEN_0054_3,2026-04-01,2026-06-30,situacion_critica,recomendacion_disponible,REC_BUSCAR_APOYO_Y_CONTENER,revisar,modelo_validado_por_guardas,si,requerida,Entre 2026-04-01 00:00:00 y 2026-06-30 00:00:00 se observó el estado situacion_critica con 100.00 % de confianza y 0.00 meses de cobertura esencial. La selección REC_BUSCAR_APOYO_Y_CONTENER considera la meta comprar equipo de trabajo y las restricciones disponibles.,,situacion_critica_con_revision_humana | hobbies_no_eliminados_automaticamente,72,3,1,True,True,True,True,True,True,True
PERF_0055,Actividad principal declarada: Repartidor de domicilios / Repartidora de domicilios. Estado de ingreso actual: fijo. Ingreso mensual neto declarado: 500000 COP. Hobbies declarados: fotografia_y_video. Objetivo: ampliar actividad economica.,Repartidor de domicilios / Repartidora de domicilios,domicilios_mensajeria_y_reparto,fijo,ampliar actividad economica,dentro_del_mvp,train,si,VEN_0055_3,2026-04-01,2026-06-30,situacion_critica,en_riesgo,calculado,99.96,train,VEN_0055_3,2026-04-01,2026-06-30,situacion_critica,recomendacion_disponible,REC_BUSCAR_APOYO_Y_CONTENER,revisar,modelo_validado_por_guardas,si,requerida,Entre 2026-04-01 00:00:00 y 2026-06-30 00:00:00 se observó el estado situacion_critica con 99.96 % de confianza y 0.00 meses de cobertura esencial. La selección REC_BUSCAR_APOYO_Y_CONTENER considera la meta ampliar actividad economica y las restricciones disponibles.,,situacion_critica_con_revision_humana | hobbies_no_eliminados_automaticamente,80,3,2,True,True,True,True,True,True,True
PERF_0056,Actividad principal declarada: Vendedor de tienda / Vendedora de tienda. Estado de ingreso actual: fijo. Ingreso mensual neto declarado: 500000 COP. Hobbies declarados: videojuegos_y_streaming | turismo_y_viajes. Objetivo: pagar deuda.,Vendedor de tienda / Vendedora de tienda,ventas_al_por_menor,fijo,pagar deuda,dentro_del_mvp,train,si,VEN_0056_3,2026-04-01,2026-06-30,situacion_critica,en_riesgo,calculado,99.77,train,VEN_0056_3,2026-04-01,2026-06-30,situacion_critica,recomendacion_disponible,REC_BUSCAR_APOYO_Y_CONTENER,revisar,modelo_validado_por_guardas,si,requerida,Entre 2026-04-01 00:00:00 y 2026-06-30 00:00:00 se observó el estado situacion_critica con 99.77 % de confianza y 0.00 meses de cobertura esencial. La selección REC_BUSCAR_APOYO_Y_CONTENER considera la meta pagar deuda y las restricciones disponibles.,,situacion_critica_con_revision_humana | hobbies_no_eliminados_automaticamente,80,3,1,True,True,True,True,True,True,True
PERF_0057,Actividad principal declarada: Editor de video / Editora de video. Estado de ingreso actual: variable. Ingreso mensual neto declarado: 9872000 COP. Hobbies declarados: turismo_y_viajes | cocina_y_reposteria. Objetivo: ampliar actividad economica.,Editor de video / Editora de video,diseno_audiovisual_y_edicion_de_video,variable,ampliar actividad economica,dentro_del_mvp,train,si,VEN_0057_3,2026-04-01,2026-06-30,acumulacion_estable,saludable,calculado,93.72,train,VEN_0057_3,2026-04-01,2026-06-30,acumulacion_estable,recomendacion_disponible,REC_APARTAR_PARA_META,aplicar,modelo_validado_por_guardas,no,no_requerida,Entre 2026-04-01 00:00:00 y 2026-06-30 00:00:00 se observó el estado acumulacion_estable con 93.72 % de confianza y 6.34 meses de cobertura esencial. La selección REC_APARTAR_PARA_META considera la meta ampliar actividad economica y las restricciones disponibles.,,meta_confirmada | hobbies_no_eliminados_automaticamente,92,2,2,True,True,True,True,True,True,True
PERF_0058,Actividad principal declarada: Docente de educación básica secundaria. Estado de ingreso actual: fijo. Ingreso mensual neto declarado: 4374667 COP. Hobbies declarados: impresion_3d | videojuegos_y_streaming. Objetivo: hacer certificacion profesional.,Docente de educación básica secundaria,docencia_y_formacion,fijo,hacer certificacion profesional,dentro_del_mvp,validation,si,VEN_0058_3,2026-04-01,2026-06-30,equilibrio_sostenible,saludable,calculado,96.23,validation,VEN_0058_3,2026-04-01,2026-06-30,equilibrio_sostenible,recomendacion_disponible,REC_CUIDAR_MARGEN_CON_DEUDA,mantener,modelo_validado_por_guardas,no,no_requerida,Entre 2026-04-01 00:00:00 y 2026-06-30 00:00:00 se observó el estado equilibrio_sostenible con 96.23 % de confianza y 2.04 meses de cobertura esencial. La selección REC_CUIDAR_MARGEN_CON_DEUDA considera la meta hacer certificacion profesional y las restricciones disponibles.,,deuda_activa_considerada | hobbies_no_eliminados_automaticamente,92,3,0,True,True,True,True,True,True,True
PERF_0059,Actividad principal declarada: Horticultor / Horticultora. Estado de ingreso actual: fijo. Ingreso mensual neto declarado: 920000 COP. Hobbies declarados: jardineria_y_agricultura_urbana.,Horticultor / Horticultora,agricultura,fijo,no declarado,dentro_del_mvp,test,si,VEN_0059_3,2026-04-01,2026-06-30,situacion_critica,en_riesgo,calculado,98.05,test,VEN_0059_3,2026-04-01,2026-06-30,situacion_critica,recomendacion_disponible,REC_BUSCAR_APOYO_Y_CONTENER,revisar,modelo_validado_por_guardas,si,requerida,Entre 2026-04-01 00:00:00 y 2026-06-30 00:00:00 se observó el estado situacion_critica con 98.05 % de confianza y 0.00 meses de cobertura esencial. La selección REC_BUSCAR_APOYO_Y_CONTENER considera la meta no declarado y las restricciones disponibles.,,situacion_critica_con_revision_humana | hobbies_no_eliminados_automaticamente,95,4,4,True,True,True,True,True,True,True
PERF_0060,Actividad principal declarada: Barbero / Barbera. Estado de ingreso actual: apoyo. Ingreso mensual neto declarado: 593667 COP. Hobbies declarados: ciclismo | videojuegos_y_streaming. Objetivo: comprar equipo de trabajo.,Barbero / Barbera,peluqueria_y_barberia,apoyo,comprar equipo de trabajo,dentro_del_mvp,validation,si,VEN_0060_3,2026-04-01,2026-06-30,situacion_critica,en_riesgo,calculado,100.0,validation,VEN_0060_3,2026-04-01,2026-06-30,situacion_critica,recomendacion_disponible,REC_BUSCAR_APOYO_Y_CONTENER,revisar,modelo_validado_por_guardas,si,requerida,Entre 2026-04-01 00:00:00 y 2026-06-30 00:00:00 se observó el estado situacion_critica con 100.00 % de confianza y 0.00 meses de cobertura esencial. La selección REC_BUSCAR_APOYO_Y_CONTENER considera la meta comprar equipo de trabajo y las restricciones disponibles.,,situacion_critica_con_revision_humana | hobbies_no_eliminados_automaticamente,78,2,2,True,True,True,True,True,True,True
PERF_0061,Actividad principal declarada: Ingeniero de software / Ingeniera de software. Estado de ingreso actual: estacional. Ingreso mensual neto declarado: 9334000 COP. Hobbies declarados: pintura | jardineria_y_agricultura_urbana. Objetivo: comprar equipo de trabajo.,Ingeniero de software / Ingeniera de software,ingenieria_y_desarrollo_de_software,estacional,comprar equipo de trabajo,dentro_del_mvp,train,si,VEN_0061_3,2026-04-01,2026-06-30,situacion_critica,en_riesgo,calculado,97.87,train,VEN_0061_3,2026-04-01,2026-06-30,situacion_critica,recomendacion_disponible,REC_BUSCAR_APOYO_Y_CONTENER,revisar,modelo_validado_por_guardas,si,requerida,Entre 2026-04-01 00:00:00 y 2026-06-30 00:00:00 se observó el estado situacion_critica con 97.87 % de confianza y 0.00 meses de cobertura esencial. La selección REC_BUSCAR_APOYO_Y_CONTENER considera la meta comprar equipo de trabajo y las restricciones disponibles.,,situacion_critica_con_revision_humana | hobbies_no_eliminados_automaticamente,84,2,3,True,True,True,True,True,True,True
PERF_0062,Actividad principal declarada: Nutricionista dietista. Estado de ingreso actual: fijo. Ingreso mensual neto declarado: 740000 COP. Hobbies declarados: cocina_y_reposteria | ciclismo. Objetivo: mejorar vivienda.,Nutricionista dietista,nutricion_y_dietetica,fijo,mejorar vivienda,dentro_del_mvp,train,si,VEN_0062_3,2026-04-01,2026-06-30,situacion_critica,en_riesgo,calculado,99.8,train,VEN_0062_3,2026-04-01,2026-06-30,situacion_critica,recomendacion_disponible,REC_BUSCAR_APOYO_Y_CONTENER,revisar,modelo_validado_por_guardas,si,requerida,Entre 2026-04-01 00:00:00 y 2026-06-30 00:00:00 se observó el estado situacion_critica con 99.80 % de confianza y 0.00 meses de cobertura esencial. La selección REC_BUSCAR_APOYO_Y_CONTENER considera la meta mejorar vivienda y las restricciones disponibles.,,situacion_critica_con_revision_humana | hobbies_no_eliminados_automaticamente,89,2,3,True,True,True,True,True,True,True
PERF_0063,Actividad principal declarada: Disc jockey. Estado de ingreso actual: mixto. Ingreso mensual neto declarado: 3156000 COP. Ingreso adicional: actividad independiente adicional. Hobbies declarados: manualidades_y_artesanias | fotografia_y_video. Objetivo: comprar bicicleta.,Disc jockey,musica_y_entretenimiento_dj,mixto,comprar bicicleta,dentro_del_mvp,train,si,VEN_0063_3,2026-04-01,2026-06-30,situacion_critica,en_riesgo,calculado,100.0,train,VEN_0063_3,2026-04-01,2026-06-30,situacion_critica,recomendacion_disponible,REC_BUSCAR_APOYO_Y_CONTENER,revisar,modelo_validado_por_guardas,si,requerida,Entre 2026-04-01 00:00:00 y 2026-06-30 00:00:00 se observó el estado situacion_critica con 100.00 % de confianza y 0.00 meses de cobertura esencial. La selección REC_BUSCAR_APOYO_Y_CONTENER considera la meta comprar bicicleta y las restricciones disponibles.,,situacion_critica_con_revision_humana | hobbies_no_eliminados_automaticamente,90,5,1,True,True,True,True,True,True,True
PERF_0064,Actividad principal declarada: Ciclista. Estado de ingreso actual: mixto. Ingreso mensual neto declarado: 5606333 COP. Ingreso adicional: actividad independiente adicional. Hobbies declarados: musica | videojuegos_y_streaming. Objetivo: hacer certificacion profesional.,Ciclista,deporte_competitivo_ciclismo,mixto,hacer certificacion profesional,dentro_del_mvp,validation,si,VEN_0064_3,2026-04-01,2026-06-30,variable_resiliente,saludable,calculado,96.3,validation,VEN_0064_3,2026-04-01,2026-06-30,variable_resiliente,recomendacion_disponible,REC_GUARDAR_EN_MESES_ALTOS,aplicar,modelo_validado_por_guardas,no,no_requerida,Entre 2026-04-01 00:00:00 y 2026-06-30 00:00:00 se observó el estado variable_resiliente con 96.30 % de confianza y 5.91 meses de cobertura esencial. La selección REC_GUARDAR_EN_MESES_ALTOS considera la meta hacer certificacion profesional y las restricciones disponibles.,,variabilidad_no_tratada_como_riesgo | hobbies_no_eliminados_automaticamente,100,2,3,True,True,True,True,True,True,True
PERF_0065,Actividad principal declarada: Repartidor de domicilios / Repartidora de domicilios. Estado de ingreso actual: fijo. Ingreso mensual neto declarado: 500000 COP. Hobbies declarados: fotografia_y_video.,Repartidor de domicilios / Repartidora de domicilios,domicilios_mensajeria_y_reparto,fijo,no declarado,dentro_del_mvp,train,si,VEN_0065_3,2026-04-01,2026-06-30,situacion_critica,en_riesgo,calculado,99.86,train,VEN_0065_3,2026-04-01,2026-06-30,situacion_critica,recomendacion_disponible,REC_BUSCAR_APOYO_Y_CONTENER,revisar,modelo_validado_por_guardas,si,requerida,Entre 2026-04-01 00:00:00 y 2026-06-30 00:00:00 se observó el estado situacion_critica con 99.86 % de confianza y 0.00 meses de cobertura esencial. La selección REC_BUSCAR_APOYO_Y_CONTENER considera la meta no declarado y las restricciones disponibles.,,situacion_critica_con_revision_humana | hobbies_no_eliminados_automaticamente,61,4,0,True,True,True,True,True,True,True
PERF_0066,Actividad principal declarada: Vendedor de tienda / Vendedora de tienda. Estado de ingreso actual: sin_ingresos. Hobbies declarados: videojuegos_y_streaming | jardineria_y_agricultura_urbana. Objetivo: pagar deuda.,Vendedor de tienda / Vendedora de tienda,ventas_al_por_menor,sin_ingresos,pagar deuda,dentro_del_mvp,validation,si,VEN_0066_3,2026-04-01,2026-06-30,situacion_critica,en_riesgo,calculado,99.83,validation,VEN_0066_3,2026-04-01,2026-06-30,situacion_critica,recomendacion_disponible,REC_CUIDAR_RECURSOS_SIN_INGRESO,priorizar,modelo_validado_por_guardas,si,recomendada,Entre 2026-04-01 00:00:00 y 2026-06-30 00:00:00 se observó el estado situacion_critica con 99.83 % de confianza y 0.00 meses de cobertura esencial. La selección REC_CUIDAR_RECURSOS_SIN_INGRESO considera la meta pagar deuda y las restricciones disponibles.,,recursos_protegidos_sin_ingresos | hobbies_no_eliminados_automaticamente,61,1,2,True,True,True,True,True,True,True
PERF_0067,Actividad principal declarada: Editor de video / Editora de video. Estado de ingreso actual: fijo. Ingreso mensual neto declarado: 820000 COP. Hobbies declarados: turismo_y_viajes | jardineria_y_agricultura_urbana. Objetivo: comprar bicicleta.,Editor de video / Editora de video,diseno_audiovisual_y_edicion_de_video,fijo,comprar bicicleta,dentro_del_mvp,validation,si,VEN_0067_3,2026-04-01,2026-06-30,situacion_critica,en_riesgo,calculado,100.0,validation,VEN_0067_3,2026-04-01,2026-06-30,situacion_critica,recomendacion_disponible,REC_BUSCAR_APOYO_Y_CONTENER,revisar,modelo_validado_por_guardas,si,requerida,Entre 2026-04-01 00:00:00 y 2026-06-30 00:00:00 se observó el estado situacion_critica con 100.00 % de confianza y 0.00 meses de cobertura esencial. La selección REC_BUSCAR_APOYO_Y_CONTENER considera la meta comprar bicicleta y las restricciones disponibles.,,situacion_critica_con_revision_humana | hobbies_no_eliminados_automaticamente,72,2,3,True,True,True,True,True,True,True
PERF_0068,Actividad principal declarada: Docente de educación básica secundaria. Estado de ingreso actual: variable. Ingreso mensual neto declarado: 5950000 COP. Hobbies declarados: impresion_3d. Objetivo: comprar bicicleta.,Docente de educación básica secundaria,docencia_y_formacion,variable,comprar bicicleta,dentro_del_mvp,train,si,VEN_0068_3,2026-04-01,2026-06-30,fragilidad_sostenida,en_riesgo,calculado,67.28,train,VEN_0068_3,2026-04-01,2026-06-30,fragilidad_sostenida,recomendacion_disponible,REC_PROTEGER_ESENCIALES_Y_DEUDA,priorizar,modelo_validado_por_guardas,si,recomendada,Entre 2026-04-01 00:00:00 y 2026-06-30 00:00:00 se observó el estado fragilidad_sostenida con 67.28 % de confianza y 0.80 meses de cobertura esencial. La selección REC_PROTEGER_ESENCIALES_Y_DEUDA considera la meta comprar bicicleta y las restricciones disponibles.,,esenciales_y_deuda_protegidas | hobbies_no_eliminados_automaticamente,95,2,6,True,True,True,True,True,True,True
PERF_0069,Actividad principal declarada: Horticultor / Horticultora. Estado de ingreso actual: variable. Ingreso mensual neto declarado: 3738667 COP. Hobbies declarados: jardineria_y_agricultura_urbana | cocina_y_reposteria.,Horticultor / Horticultora,agricultura,variable,no declarado,dentro_del_mvp,validation,si,VEN_0069_3,2026-04-01,2026-06-30,situacion_critica,en_riesgo,calculado,99.65,validation,VEN_0069_3,2026-04-01,2026-06-30,situacion_critica,recomendacion_disponible,REC_BUSCAR_APOYO_Y_CONTENER,revisar,modelo_validado_por_guardas,si,requerida,Entre 2026-04-01 00:00:00 y 2026-06-30 00:00:00 se observó el estado situacion_critica con 99.65 % de confianza y 0.00 meses de cobertura esencial. La selección REC_BUSCAR_APOYO_Y_CONTENER considera la meta no declarado y las restricciones disponibles.,,situacion_critica_con_revision_humana | hobbies_no_eliminados_automaticamente,99,2,6,True,True,True,True,True,True,True
PERF_0070,Actividad principal declarada: Barbero / Barbera. Estado de ingreso actual: variable. Ingreso mensual neto declarado: 3270333 COP. Hobbies declarados: ciclismo.,Barbero / Barbera,peluqueria_y_barberia,variable,no declarado,dentro_del_mvp,train,si,VEN_0070_3,2026-04-01,2026-06-30,situacion_critica,en_riesgo,calculado,100.0,train,VEN_0070_3,2026-04-01,2026-06-30,situacion_critica,recomendacion_disponible,REC_BUSCAR_APOYO_Y_CONTENER,revisar,modelo_validado_por_guardas,si,requerida,Entre 2026-04-01 00:00:00 y 2026-06-30 00:00:00 se observó el estado situacion_critica con 100.00 % de confianza y 0.00 meses de cobertura esencial. La selección REC_BUSCAR_APOYO_Y_CONTENER considera la meta no declarado y las restricciones disponibles.,,situacion_critica_con_revision_humana | hobbies_no_eliminados_automaticamente,97,3,1,True,True,True,True,True,True,True
PERF_0071,Actividad principal declarada: Ingeniero de software / Ingeniera de software. Estado de ingreso actual: sin_ingresos. Hobbies declarados: pintura. Objetivo: mejorar vivienda.,Ingeniero de software / Ingeniera de software,ingenieria_y_desarrollo_de_software,sin_ingresos,mejorar vivienda,dentro_del_mvp,validation,si,VEN_0071_3,2026-04-01,2026-06-30,situacion_critica,en_riesgo,calculado,99.46,validation,VEN_0071_3,2026-04-01,2026-06-30,situacion_critica,recomendacion_disponible,REC_CUIDAR_RECURSOS_SIN_INGRESO,priorizar,modelo_validado_por_guardas,si,recomendada,Entre 2026-04-01 00:00:00 y 2026-06-30 00:00:00 se observó el estado situacion_critica con 99.46 % de confianza y 0.00 meses de cobertura esencial. La selección REC_CUIDAR_RECURSOS_SIN_INGRESO considera la meta mejorar vivienda y las restricciones disponibles.,,recursos_protegidos_sin_ingresos | hobbies_no_eliminados_automaticamente,82,1,5,True,True,True,True,True,True,True
PERF_0072,Actividad principal declarada: Nutricionista dietista. Estado de ingreso actual: sin_ingresos. Hobbies declarados: cocina_y_reposteria. Objetivo: hacer certificacion profesional.,Nutricionista dietista,nutricion_y_dietetica,sin_ingresos,hacer certificacion profesional,dentro_del_mvp,train,si,VEN_0072_3,2026-04-01,2026-06-30,situacion_critica,en_riesgo,calculado,99.69,train,VEN_0072_3,2026-04-01,2026-06-30,situacion_critica,recomendacion_disponible,REC_CUIDAR_RECURSOS_SIN_INGRESO,priorizar,modelo_validado_por_guardas,si,recomendada,Entre 2026-04-01 00:00:00 y 2026-06-30 00:00:00 se observó el estado situacion_critica con 99.69 % de confianza y 0.00 meses de cobertura esencial. La selección REC_CUIDAR_RECURSOS_SIN_INGRESO considera la meta hacer certificacion profesional y las restricciones disponibles.,,recursos_protegidos_sin_ingresos | hobbies_no_eliminados_automaticamente,65,3,2,True,True,True,True,True,True,True
PERF_0073,Actividad principal declarada: Disc jockey. Estado de ingreso actual: variable. Ingreso mensual neto declarado: 4244667 COP. Hobbies declarados: manualidades_y_artesanias | musica. Objetivo: comprar bicicleta.,Disc jockey,musica_y_entretenimiento_dj,variable,comprar bicicleta,dentro_del_mvp,train,si,VEN_0073_3,2026-04-01,2026-06-30,situacion_critica,en_riesgo,calculado,88.57,train,VEN_0073_3,2026-04-01,2026-06-30,situacion_critica,recomendacion_disponible,REC_BUSCAR_APOYO_Y_CONTENER,revisar,modelo_validado_por_guardas,si,requerida,Entre 2026-04-01 00:00:00 y 2026-06-30 00:00:00 se observó el estado situacion_critica con 88.57 % de confianza y 0.00 meses de cobertura esencial. La selección REC_BUSCAR_APOYO_Y_CONTENER considera la meta comprar bicicleta y las restricciones disponibles.,,situacion_critica_con_revision_humana | hobbies_no_eliminados_automaticamente,97,1,2,True,True,True,True,True,True,True
PERF_0074,Actividad principal declarada: Ciclista. Estado de ingreso actual: fijo. Ingreso mensual neto declarado: 1040000 COP. Hobbies declarados: musica | jardineria_y_agricultura_urbana.,Ciclista,deporte_competitivo_ciclismo,fijo,no declarado,dentro_del_mvp,train,si,VEN_0074_3,2026-04-01,2026-06-30,situacion_critica,en_riesgo,calculado,99.32,train,VEN_0074_3,2026-04-01,2026-06-30,situacion_critica,recomendacion_disponible,REC_BUSCAR_APOYO_Y_CONTENER,revisar,modelo_validado_por_guardas,si,requerida,Entre 2026-04-01 00:00:00 y 2026-06-30 00:00:00 se observó el estado situacion_critica con 99.32 % de confianza y 0.00 meses de cobertura esencial. La selección REC_BUSCAR_APOYO_Y_CONTENER considera la meta no declarado y las restricciones disponibles.,,situacion_critica_con_revision_humana | hobbies_no_eliminados_automaticamente,87,2,7,True,True,True,True,True,True,True
PERF_0075,Actividad principal declarada: Repartidor de domicilios / Repartidora de domicilios. Estado de ingreso actual: variable. Ingreso mensual neto declarado: 2147000 COP. Hobbies declarados: fotografia_y_video | pintura. Objetivo: comprar equipo de trabajo.,Repartidor de domicilios / Repartidora de domicilios,domicilios_mensajeria_y_reparto,variable,comprar equipo de trabajo,dentro_del_mvp,train,si,VEN_0075_3,2026-04-01,2026-06-30,fragilidad_sostenida,en_riesgo,calculado,88.09,train,VEN_0075_3,2026-04-01,2026-06-30,fragilidad_sostenida,recomendacion_disponible,REC_PROTEGER_ESENCIALES,priorizar,modelo_validado_por_guardas,no,no_requerida,Entre 2026-04-01 00:00:00 y 2026-06-30 00:00:00 se observó el estado fragilidad_sostenida con 88.09 % de confianza y 0.27 meses de cobertura esencial. La selección REC_PROTEGER_ESENCIALES considera la meta comprar equipo de trabajo y las restricciones disponibles.,,necesidades_esenciales_protegidas | hobbies_no_eliminados_automaticamente,91,2,5,True,True,True,True,True,True,True
PERF_0076,Actividad principal declarada: Vendedor de tienda / Vendedora de tienda. Estado de ingreso actual: sin_ingresos. Hobbies declarados: videojuegos_y_streaming | musica. Objetivo: mejorar vivienda.,Vendedor de tienda / Vendedora de tienda,ventas_al_por_menor,sin_ingresos,mejorar vivienda,dentro_del_mvp,train,si,VEN_0076_3,2026-04-01,2026-06-30,situacion_critica,en_riesgo,calculado,99.83,train,VEN_0076_3,2026-04-01,2026-06-30,situacion_critica,recomendacion_disponible,REC_CUIDAR_RECURSOS_SIN_INGRESO,priorizar,modelo_validado_por_guardas,si,recomendada,Entre 2026-04-01 00:00:00 y 2026-06-30 00:00:00 se observó el estado situacion_critica con 99.83 % de confianza y 0.00 meses de cobertura esencial. La selección REC_CUIDAR_RECURSOS_SIN_INGRESO considera la meta mejorar vivienda y las restricciones disponibles.,,recursos_protegidos_sin_ingresos | hobbies_no_eliminados_automaticamente,83,3,5,True,True,True,True,True,True,True
PERF_0077,Actividad principal declarada: Editor de video / Editora de video. Estado de ingreso actual: mixto. Ingreso mensual neto declarado: 3785000 COP. Ingreso adicional: Docente de educación básica secundaria. Hobbies declarados: turismo_y_viajes | impresion_3d. Objetivo: hacer viaje.,Editor de video / Editora de video,diseno_audiovisual_y_edicion_de_video,mixto,hacer viaje,dentro_del_mvp,test,si,VEN_0077_3,2026-04-01,2026-06-30,situacion_critica,en_riesgo,calculado,99.8,test,VEN_0077_3,2026-04-01,2026-06-30,situacion_critica,recomendacion_disponible,REC_BUSCAR_APOYO_Y_CONTENER,revisar,modelo_validado_por_guardas,si,requerida,Entre 2026-04-01 00:00:00 y 2026-06-30 00:00:00 se observó el estado situacion_critica con 99.80 % de confianza y 0.00 meses de cobertura esencial. La selección REC_BUSCAR_APOYO_Y_CONTENER considera la meta hacer viaje y las restricciones disponibles.,,situacion_critica_con_revision_humana | hobbies_no_eliminados_automaticamente,91,2,3,True,True,True,True,True,True,True
PERF_0078,Actividad principal declarada: Docente de educación básica secundaria. Estado de ingreso actual: mixto. Ingreso mensual neto declarado: 7029000 COP. Ingreso adicional: actividad independiente adicional. Hobbies declarados: impresion_3d | manualidades_y_artesanias.,Docente de educación básica secundaria,docencia_y_formacion,mixto,no declarado,dentro_del_mvp,test,si,VEN_0078_3,2026-04-01,2026-06-30,acumulacion_estable,saludable,calculado,78.07,test,VEN_0078_3,2026-04-01,2026-06-30,acumulacion_estable,recomendacion_disponible,REC_CREAR_RESPALDO,aplicar,modelo_validado_por_guardas,no,no_requerida,Entre 2026-04-01 00:00:00 y 2026-06-30 00:00:00 se observó el estado acumulacion_estable con 78.07 % de confianza y 9.81 meses de cobertura esencial. La selección REC_CREAR_RESPALDO considera la meta no declarado y las restricciones disponibles.,,meta_no_supuesta | hobbies_no_eliminados_automaticamente,94,3,4,True,True,True,True,True,True,True
PERF_0079,Actividad principal declarada: Horticultor / Horticultora. Estado de ingreso actual: variable. Ingreso mensual neto declarado: 6342333 COP. Hobbies declarados: jardineria_y_agricultura_urbana | manualidades_y_artesanias. Objetivo: comprar bicicleta.,Horticultor / Horticultora,agricultura,variable,comprar bicicleta,dentro_del_mvp,train,si,VEN_0079_3,2026-04-01,2026-06-30,equilibrio_sostenible,saludable,calculado,95.8,train,VEN_0079_3,2026-04-01,2026-06-30,equilibrio_sostenible,recomendacion_disponible,REC_CUIDAR_MARGEN,mantener,modelo_validado_por_guardas,no,no_requerida,Entre 2026-04-01 00:00:00 y 2026-06-30 00:00:00 se observó el estado equilibrio_sostenible con 95.80 % de confianza y 1.13 meses de cobertura esencial. La selección REC_CUIDAR_MARGEN considera la meta comprar bicicleta y las restricciones disponibles.,,margen_sin_deuda_considerado | hobbies_no_eliminados_automaticamente,99,2,4,True,True,True,True,True,True,True
PERF_0080,Actividad principal declarada: Barbero / Barbera. Estado de ingreso actual: variable. Ingreso mensual neto declarado: 5382667 COP. Hobbies declarados: ciclismo. Objetivo: crear fondo emergencia.,Barbero / Barbera,peluqueria_y_barberia,variable,crear fondo emergencia,dentro_del_mvp,train,si,VEN_0080_3,2026-04-01,2026-06-30,variable_resiliente,saludable,calculado,94.53,train,VEN_0080_3,2026-04-01,2026-06-30,variable_resiliente,recomendacion_disponible,REC_GUARDAR_EN_MESES_ALTOS,aplicar,modelo_validado_por_guardas,no,no_requerida,Entre 2026-04-01 00:00:00 y 2026-06-30 00:00:00 se observó el estado variable_resiliente con 94.53 % de confianza y 7.00 meses de cobertura esencial. La selección REC_GUARDAR_EN_MESES_ALTOS considera la meta crear fondo emergencia y las restricciones disponibles.,,variabilidad_no_tratada_como_riesgo | hobbies_no_eliminados_automaticamente,97,1,4,True,True,True,True,True,True,True
PERF_0081,Actividad principal declarada: Ingeniero de software / Ingeniera de software. Estado de ingreso actual: fijo. Ingreso mensual neto declarado: 1750000 COP. Hobbies declarados: pintura | jardineria_y_agricultura_urbana. Objetivo: hacer viaje.,Ingeniero de software / Ingeniera de software,ingenieria_y_desarrollo_de_software,fijo,hacer viaje,dentro_del_mvp,train,si,VEN_0081_3,2026-04-01,2026-06-30,situacion_critica,en_riesgo,calculado,99.49,train,VEN_0081_3,2026-04-01,2026-06-30,situacion_critica,recomendacion_disponible,REC_BUSCAR_APOYO_Y_CONTENER,revisar,modelo_validado_por_guardas,si,requerida,Entre 2026-04-01 00:00:00 y 2026-06-30 00:00:00 se observó el estado situacion_critica con 99.49 % de confianza y 0.00 meses de cobertura esencial. La selección REC_BUSCAR_APOYO_Y_CONTENER considera la meta hacer viaje y las restricciones disponibles.,,situacion_critica_con_revision_humana | hobbies_no_eliminados_automaticamente,95,4,8,True,True,True,True,True,True,True
PERF_0082,Actividad principal declarada: Nutricionista dietista. Estado de ingreso actual: apoyo. Ingreso mensual neto declarado: 1420000 COP. Hobbies declarados: cocina_y_reposteria. Objetivo: pagar deuda.,Nutricionista dietista,nutricion_y_dietetica,apoyo,pagar deuda,dentro_del_mvp,train,si,VEN_0082_3,2026-04-01,2026-06-30,situacion_critica,en_riesgo,calculado,99.86,train,VEN_0082_3,2026-04-01,2026-06-30,situacion_critica,recomendacion_disponible,REC_BUSCAR_APOYO_Y_CONTENER,revisar,modelo_validado_por_guardas,si,requerida,Entre 2026-04-01 00:00:00 y 2026-06-30 00:00:00 se observó el estado situacion_critica con 99.86 % de confianza y 0.00 meses de cobertura esencial. La selección REC_BUSCAR_APOYO_Y_CONTENER considera la meta pagar deuda y las restricciones disponibles.,,situacion_critica_con_revision_humana | hobbies_no_eliminados_automaticamente,86,2,2,True,True,True,True,True,True,True
PERF_0083,Actividad principal declarada: Disc jockey. Estado de ingreso actual: mixto. Ingreso mensual neto declarado: 2903333 COP. Ingreso adicional: actividad independiente adicional. Hobbies declarados: manualidades_y_artesanias.,Disc jockey,musica_y_entretenimiento_dj,mixto,no declarado,dentro_del_mvp,train,si,VEN_0083_3,2026-04-01,2026-06-30,situacion_critica,en_riesgo,calculado,99.85,train,VEN_0083_3,2026-04-01,2026-06-30,situacion_critica,recomendacion_disponible,REC_BUSCAR_APOYO_Y_CONTENER,revisar,modelo_validado_por_guardas,si,requerida,Entre 2026-04-01 00:00:00 y 2026-06-30 00:00:00 se observó el estado situacion_critica con 99.85 % de confianza y 0.00 meses de cobertura esencial. La selección REC_BUSCAR_APOYO_Y_CONTENER considera la meta no declarado y las restricciones disponibles.,,situacion_critica_con_revision_humana | hobbies_no_eliminados_automaticamente,95,2,3,True,True,True,True,True,True,True
PERF_0084,Actividad principal declarada: Ciclista. Estado de ingreso actual: fijo. Ingreso mensual neto declarado: 500000 COP. Hobbies declarados: musica. Objetivo: ampliar actividad economica.,Ciclista,deporte_competitivo_ciclismo,fijo,ampliar actividad economica,dentro_del_mvp,validation,si,VEN_0084_3,2026-04-01,2026-06-30,situacion_critica,en_riesgo,calculado,99.71,validation,VEN_0084_3,2026-04-01,2026-06-30,situacion_critica,recomendacion_disponible,REC_BUSCAR_APOYO_Y_CONTENER,revisar,modelo_validado_por_guardas,si,requerida,Entre 2026-04-01 00:00:00 y 2026-06-30 00:00:00 se observó el estado situacion_critica con 99.71 % de confianza y 0.00 meses de cobertura esencial. La selección REC_BUSCAR_APOYO_Y_CONTENER considera la meta ampliar actividad economica y las restricciones disponibles.,,situacion_critica_con_revision_humana | hobbies_no_eliminados_automaticamente,76,3,1,True,True,True,True,True,True,True
PERF_0085,Actividad principal declarada: Repartidor de domicilios / Repartidora de domicilios. Estado de ingreso actual: fijo. Ingreso mensual neto declarado: 500000 COP. Hobbies declarados: fotografia_y_video. Objetivo: hacer certificacion profesional.,Repartidor de domicilios / Repartidora de domicilios,domicilios_mensajeria_y_reparto,fijo,hacer certificacion profesional,dentro_del_mvp,train,si,VEN_0085_3,2026-04-01,2026-06-30,fragilidad_sostenida,en_riesgo,calculado,76.12,train,VEN_0085_3,2026-04-01,2026-06-30,fragilidad_sostenida,recomendacion_disponible,REC_PROTEGER_ESENCIALES_Y_DEUDA,priorizar,modelo_validado_por_guardas,si,recomendada,Entre 2026-04-01 00:00:00 y 2026-06-30 00:00:00 se observó el estado fragilidad_sostenida con 76.12 % de confianza y 2.38 meses de cobertura esencial. La selección REC_PROTEGER_ESENCIALES_Y_DEUDA considera la meta hacer certificacion profesional y las restricciones disponibles.,,esenciales_y_deuda_protegidas | hobbies_no_eliminados_automaticamente,71,3,3,True,True,True,True,True,True,True
PERF_0086,Actividad principal declarada: Vendedor de tienda / Vendedora de tienda. Estado de ingreso actual: fijo. Ingreso mensual neto declarado: 2120000 COP. Hobbies declarados: videojuegos_y_streaming | manualidades_y_artesanias. Objetivo: mejorar vivienda.,Vendedor de tienda / Vendedora de tienda,ventas_al_por_menor,fijo,mejorar vivienda,dentro_del_mvp,validation,si,VEN_0086_3,2026-04-01,2026-06-30,fragilidad_sostenida,en_riesgo,calculado,96.4,validation,VEN_0086_3,2026-04-01,2026-06-30,fragilidad_sostenida,recomendacion_disponible,REC_PROTEGER_ESENCIALES,priorizar,modelo_validado_por_guardas,no,no_requerida,Entre 2026-04-01 00:00:00 y 2026-06-30 00:00:00 se observó el estado fragilidad_sostenida con 96.40 % de confianza y 0.73 meses de cobertura esencial. La selección REC_PROTEGER_ESENCIALES considera la meta mejorar vivienda y las restricciones disponibles.,,necesidades_esenciales_protegidas | hobbies_no_eliminados_automaticamente,89,3,3,True,True,True,True,True,True,True
PERF_0087,Actividad principal declarada: Editor de video / Editora de video. Estado de ingreso actual: estacional. Ingreso mensual neto declarado: 4885500 COP. Hobbies declarados: turismo_y_viajes.,Editor de video / Editora de video,diseno_audiovisual_y_edicion_de_video,estacional,no declarado,dentro_del_mvp,train,si,VEN_0087_3,2026-04-01,2026-06-30,estado_incierto,no_disponible,requiere_confirmacion,78.12,train,VEN_0087_3,2026-04-01,2026-06-30,estado_incierto,abstencion,no_disponible,abstener,abstencion_por_evidencia,no_aplica,no_aplica,Falta evidencia suficiente para seleccionar una acción segura.,estado_financiero_sin_evidencia_suficiente | estado_fuera_del_catalogo,,88,3,4,True,True,True,True,True,True,True
PERF_0088,Actividad principal declarada: Docente de educación básica secundaria. Estado de ingreso actual: mixto. Ingreso mensual neto declarado: 6272000 COP. Ingreso adicional: actividad independiente adicional. Hobbies declarados: impresion_3d | turismo_y_viajes. Objetivo: crear fondo emergencia.,Docente de educación básica secundaria,docencia_y_formacion,mixto,crear fondo emergencia,dentro_del_mvp,train,si,VEN_0088_3,2026-04-01,2026-06-30,fragilidad_sostenida,en_riesgo,calculado,78.97,train,VEN_0088_3,2026-04-01,2026-06-30,fragilidad_sostenida,recomendacion_disponible,REC_PROTEGER_ESENCIALES,priorizar,modelo_validado_por_guardas,no,no_requerida,Entre 2026-04-01 00:00:00 y 2026-06-30 00:00:00 se observó el estado fragilidad_sostenida con 78.97 % de confianza y 1.24 meses de cobertura esencial. La selección REC_PROTEGER_ESENCIALES considera la meta crear fondo emergencia y las restricciones disponibles.,,necesidades_esenciales_protegidas | hobbies_no_eliminados_automaticamente,93,2,12,True,True,True,True,True,True,True
PERF_0089,Actividad principal declarada: Horticultor / Horticultora. Estado de ingreso actual: fijo. Ingreso mensual neto declarado: 500000 COP. Hobbies declarados: jardineria_y_agricultura_urbana. Objetivo: hacer certificacion profesional.,Horticultor / Horticultora,agricultura,fijo,hacer certificacion profesional,dentro_del_mvp,train,si,VEN_0089_3,2026-04-01,2026-06-30,situacion_critica,en_riesgo,calculado,99.84,train,VEN_0089_3,2026-04-01,2026-06-30,situacion_critica,recomendacion_disponible,REC_BUSCAR_APOYO_Y_CONTENER,revisar,modelo_validado_por_guardas,si,requerida,Entre 2026-04-01 00:00:00 y 2026-06-30 00:00:00 se observó el estado situacion_critica con 99.84 % de confianza y 0.00 meses de cobertura esencial. La selección REC_BUSCAR_APOYO_Y_CONTENER considera la meta hacer certificacion profesional y las restricciones disponibles.,,situacion_critica_con_revision_humana | hobbies_no_eliminados_automaticamente,85,5,3,True,True,True,True,True,True,True
PERF_0090,Actividad principal declarada: Barbero / Barbera. Estado de ingreso actual: estacional. Ingreso mensual neto declarado: 3884000 COP. Hobbies declarados: ciclismo | musica.,Barbero / Barbera,peluqueria_y_barberia,estacional,no declarado,dentro_del_mvp,train,si,VEN_0090_3,2026-04-01,2026-06-30,situacion_critica,en_riesgo,calculado,98.91,train,VEN_0090_3,2026-04-01,2026-06-30,situacion_critica,recomendacion_disponible,REC_BUSCAR_APOYO_Y_CONTENER,revisar,modelo_validado_por_guardas,si,requerida,Entre 2026-04-01 00:00:00 y 2026-06-30 00:00:00 se observó el estado situacion_critica con 98.91 % de confianza y 0.00 meses de cobertura esencial. La selección REC_BUSCAR_APOYO_Y_CONTENER considera la meta no declarado y las restricciones disponibles.,,situacion_critica_con_revision_humana | hobbies_no_eliminados_automaticamente,82,1,2,True,True,True,True,True,True,True
PERF_0091,Actividad principal declarada: Ingeniero de software / Ingeniera de software. Estado de ingreso actual: variable. Ingreso mensual neto declarado: 4811667 COP. Hobbies declarados: pintura | fotografia_y_video.,Ingeniero de software / Ingeniera de software,ingenieria_y_desarrollo_de_software,variable,no declarado,dentro_del_mvp,validation,si,VEN_0091_3,2026-04-01,2026-06-30,situacion_critica,en_riesgo,calculado,99.81,validation,VEN_0091_3,2026-04-01,2026-06-30,situacion_critica,recomendacion_disponible,REC_BUSCAR_APOYO_Y_CONTENER,revisar,modelo_validado_por_guardas,si,requerida,Entre 2026-04-01 00:00:00 y 2026-06-30 00:00:00 se observó el estado situacion_critica con 99.81 % de confianza y 0.00 meses de cobertura esencial. La selección REC_BUSCAR_APOYO_Y_CONTENER considera la meta no declarado y las restricciones disponibles.,,situacion_critica_con_revision_humana | hobbies_no_eliminados_automaticamente,93,2,2,True,True,True,True,True,True,True
PERF_0092,Actividad principal declarada: Nutricionista dietista. Estado de ingreso actual: variable. Ingreso mensual neto declarado: 5117000 COP. Hobbies declarados: cocina_y_reposteria.,Nutricionista dietista,nutricion_y_dietetica,variable,no declarado,dentro_del_mvp,test,si,VEN_0092_3,2026-04-01,2026-06-30,acumulacion_estable,saludable,calculado,94.68,test,VEN_0092_3,2026-04-01,2026-06-30,acumulacion_estable,recomendacion_disponible,REC_CREAR_RESPALDO,aplicar,modelo_validado_por_guardas,no,no_requerida,Entre 2026-04-01 00:00:00 y 2026-06-30 00:00:00 se observó el estado acumulacion_estable con 94.68 % de confianza y 8.76 meses de cobertura esencial. La selección REC_CREAR_RESPALDO considera la meta no declarado y las restricciones disponibles.,,meta_no_supuesta | hobbies_no_eliminados_automaticamente,100,1,4,True,True,True,True,True,True,True
PERF_0093,Actividad principal declarada: Disc jockey. Estado de ingreso actual: fijo. Ingreso mensual neto declarado: 500000 COP. Hobbies declarados: manualidades_y_artesanias | pintura. Objetivo: comprar equipo de trabajo.,Disc jockey,musica_y_entretenimiento_dj,fijo,comprar equipo de trabajo,dentro_del_mvp,train,si,VEN_0093_3,2026-04-01,2026-06-30,situacion_critica,en_riesgo,calculado,99.52,train,VEN_0093_3,2026-04-01,2026-06-30,situacion_critica,recomendacion_disponible,REC_BUSCAR_APOYO_Y_CONTENER,revisar,modelo_validado_por_guardas,si,requerida,Entre 2026-04-01 00:00:00 y 2026-06-30 00:00:00 se observó el estado situacion_critica con 99.52 % de confianza y 0.00 meses de cobertura esencial. La selección REC_BUSCAR_APOYO_Y_CONTENER considera la meta comprar equipo de trabajo y las restricciones disponibles.,,situacion_critica_con_revision_humana | hobbies_no_eliminados_automaticamente,62,3,1,True,True,True,True,True,True,True
PERF_0094,Actividad principal declarada: Ciclista. Estado de ingreso actual: apoyo. Ingreso mensual neto declarado: 500000 COP. Hobbies declarados: musica | turismo_y_viajes.,Ciclista,deporte_competitivo_ciclismo,apoyo,no declarado,dentro_del_mvp,train,si,VEN_0094_3,2026-04-01,2026-06-30,situacion_critica,en_riesgo,calculado,99.7,train,VEN_0094_3,2026-04-01,2026-06-30,situacion_critica,recomendacion_disponible,REC_BUSCAR_APOYO_Y_CONTENER,revisar,modelo_validado_por_guardas,si,requerida,Entre 2026-04-01 00:00:00 y 2026-06-30 00:00:00 se observó el estado situacion_critica con 99.70 % de confianza y 0.00 meses de cobertura esencial. La selección REC_BUSCAR_APOYO_Y_CONTENER considera la meta no declarado y las restricciones disponibles.,,situacion_critica_con_revision_humana | hobbies_no_eliminados_automaticamente,63,4,2,True,True,True,True,True,True,True
PERF_0095,Actividad principal declarada: Repartidor de domicilios / Repartidora de domicilios. Estado de ingreso actual: sin_ingresos. Hobbies declarados: fotografia_y_video. Objetivo: ampliar actividad economica.,Repartidor de domicilios / Repartidora de domicilios,domicilios_mensajeria_y_reparto,sin_ingresos,ampliar actividad economica,dentro_del_mvp,test,si,VEN_0095_3,2026-04-01,2026-06-30,situacion_critica,en_riesgo,calculado,99.7,test,VEN_0095_3,2026-04-01,2026-06-30,situacion_critica,recomendacion_disponible,REC_CUIDAR_RECURSOS_SIN_INGRESO,priorizar,modelo_validado_por_guardas,si,recomendada,Entre 2026-04-01 00:00:00 y 2026-06-30 00:00:00 se observó el estado situacion_critica con 99.70 % de confianza y 0.00 meses de cobertura esencial. La selección REC_CUIDAR_RECURSOS_SIN_INGRESO considera la meta ampliar actividad economica y las restricciones disponibles.,,recursos_protegidos_sin_ingresos | hobbies_no_eliminados_automaticamente,75,1,6,True,True,True,True,True,True,True
PERF_0096,Actividad principal declarada: Vendedor de tienda / Vendedora de tienda. Estado de ingreso actual: mixto. Ingreso mensual neto declarado: 2210000 COP. Ingreso adicional: actividad independiente adicional. Hobbies declarados: videojuegos_y_streaming. Objetivo: ampliar actividad economica.,Vendedor de tienda / Vendedora de tienda,ventas_al_por_menor,mixto,ampliar actividad economica,dentro_del_mvp,train,si,VEN_0096_3,2026-04-01,2026-06-30,situacion_critica,en_riesgo,calculado,92.13,train,VEN_0096_3,2026-04-01,2026-06-30,situacion_critica,recomendacion_disponible,REC_BUSCAR_APOYO_Y_CONTENER,revisar,modelo_validado_por_guardas,si,requerida,Entre 2026-04-01 00:00:00 y 2026-06-30 00:00:00 se observó el estado situacion_critica con 92.13 % de confianza y 0.00 meses de cobertura esencial. La selección REC_BUSCAR_APOYO_Y_CONTENER considera la meta ampliar actividad economica y las restricciones disponibles.,,situacion_critica_con_revision_humana | hobbies_no_eliminados_automaticamente,97,4,4,True,True,True,True,True,True,True
PERF_0097,Actividad principal declarada: Editor de video / Editora de video. Estado de ingreso actual: estacional. Ingreso mensual neto declarado: 5602000 COP. Hobbies declarados: turismo_y_viajes. Objetivo: mejorar vivienda.,Editor de video / Editora de video,diseno_audiovisual_y_edicion_de_video,estacional,mejorar vivienda,dentro_del_mvp,test,si,VEN_0097_3,2026-04-01,2026-06-30,situacion_critica,en_riesgo,calculado,99.24,test,VEN_0097_3,2026-04-01,2026-06-30,situacion_critica,recomendacion_disponible,REC_BUSCAR_APOYO_Y_CONTENER,revisar,modelo_validado_por_guardas,si,requerida,Entre 2026-04-01 00:00:00 y 2026-06-30 00:00:00 se observó el estado situacion_critica con 99.24 % de confianza y 0.00 meses de cobertura esencial. La selección REC_BUSCAR_APOYO_Y_CONTENER considera la meta mejorar vivienda y las restricciones disponibles.,,situacion_critica_con_revision_humana | hobbies_no_eliminados_automaticamente,85,2,1,True,True,True,True,True,True,True
PERF_0098,Actividad principal declarada: Docente de educación básica secundaria. Estado de ingreso actual: mixto. Ingreso mensual neto declarado: 2347667 COP. Ingreso adicional: actividad independiente adicional. Hobbies declarados: impresion_3d | cocina_y_reposteria. Objetivo: comprar equipo de trabajo.,Docente de educación básica secundaria,docencia_y_formacion,mixto,comprar equipo de trabajo,dentro_del_mvp,test,si,VEN_0098_3,2026-04-01,2026-06-30,situacion_critica,en_riesgo,calculado,99.8,test,VEN_0098_3,2026-04-01,2026-06-30,situacion_critica,recomendacion_disponible,REC_BUSCAR_APOYO_Y_CONTENER,revisar,modelo_validado_por_guardas,si,requerida,Entre 2026-04-01 00:00:00 y 2026-06-30 00:00:00 se observó el estado situacion_critica con 99.80 % de confianza y 0.00 meses de cobertura esencial. La selección REC_BUSCAR_APOYO_Y_CONTENER considera la meta comprar equipo de trabajo y las restricciones disponibles.,,situacion_critica_con_revision_humana | hobbies_no_eliminados_automaticamente,95,4,2,True,True,True,True,True,True,True
PERF_0099,Actividad principal declarada: Horticultor / Horticultora. Estado de ingreso actual: variable. Ingreso mensual neto declarado: 4739667 COP. Hobbies declarados: jardineria_y_agricultura_urbana | impresion_3d. Objetivo: comprar equipo de trabajo.,Horticultor / Horticultora,agricultura,variable,comprar equipo de trabajo,dentro_del_mvp,train,si,VEN_0099_3,2026-04-01,2026-06-30,acumulacion_estable,saludable,calculado,97.14,train,VEN_0099_3,2026-04-01,2026-06-30,acumulacion_estable,recomendacion_disponible,REC_APARTAR_PARA_META,aplicar,modelo_validado_por_guardas,no,no_requerida,Entre 2026-04-01 00:00:00 y 2026-06-30 00:00:00 se observó el estado acumulacion_estable con 97.14 % de confianza y 5.32 meses de cobertura esencial. La selección REC_APARTAR_PARA_META considera la meta comprar equipo de trabajo y las restricciones disponibles.,,meta_confirmada | hobbies_no_eliminados_automaticamente,96,2,1,True,True,True,True,True,True,True
PERF_0100,Actividad principal declarada: Barbero / Barbera. Estado de ingreso actual: fijo. Ingreso mensual neto declarado: 586000 COP. Hobbies declarados: ciclismo. Objetivo: comprar bicicleta.,Barbero / Barbera,peluqueria_y_barberia,fijo,comprar bicicleta,dentro_del_mvp,train,si,VEN_0100_3,2026-04-01,2026-06-30,situacion_critica,en_riesgo,calculado,99.2,train,VEN_0100_3,2026-04-01,2026-06-30,situacion_critica,recomendacion_disponible,REC_BUSCAR_APOYO_Y_CONTENER,revisar,modelo_validado_por_guardas,si,requerida,Entre 2026-04-01 00:00:00 y 2026-06-30 00:00:00 se observó el estado situacion_critica con 99.20 % de confianza y 0.00 meses de cobertura esencial. La selección REC_BUSCAR_APOYO_Y_CONTENER considera la meta comprar bicicleta y las restricciones disponibles.,,situacion_critica_con_revision_humana | hobbies_no_eliminados_automaticamente,84,2,4,True,True,True,True,True,True,True
PERF_0101,Actividad principal declarada: Ingeniero de software / Ingeniera de software. Estado de ingreso actual: sin_ingresos. Hobbies declarados: pintura | videojuegos_y_streaming. Objetivo: pagar deuda.,Ingeniero de software / Ingeniera de software,ingenieria_y_desarrollo_de_software,sin_ingresos,pagar deuda,dentro_del_mvp,train,si,VEN_0101_3,2026-04-01,2026-06-30,situacion_critica,en_riesgo,calculado,99.2,train,VEN_0101_3,2026-04-01,2026-06-30,situacion_critica,recomendacion_disponible,REC_CUIDAR_RECURSOS_SIN_INGRESO,priorizar,modelo_validado_por_guardas,si,recomendada,Entre 2026-04-01 00:00:00 y 2026-06-30 00:00:00 se observó el estado situacion_critica con 99.20 % de confianza y 0.00 meses de cobertura esencial. La selección REC_CUIDAR_RECURSOS_SIN_INGRESO considera la meta pagar deuda y las restricciones disponibles.,,recursos_protegidos_sin_ingresos | hobbies_no_eliminados_automaticamente,67,1,2,True,True,True,True,True,True,True
PERF_0102,Actividad principal declarada: Nutricionista dietista. Estado de ingreso actual: variable. Ingreso mensual neto declarado: 6081000 COP. Hobbies declarados: cocina_y_reposteria | turismo_y_viajes. Objetivo: hacer viaje.,Nutricionista dietista,nutricion_y_dietetica,variable,hacer viaje,dentro_del_mvp,validation,si,VEN_0102_3,2026-04-01,2026-06-30,deterioro_reciente,en_observacion,calculado,72.68,validation,VEN_0102_3,2026-04-01,2026-06-30,deterioro_reciente,recomendacion_disponible,REC_ENTENDER_CAMBIO_RECIENTE,revisar,modelo_validado_por_guardas,si,recomendada,Entre 2026-04-01 00:00:00 y 2026-06-30 00:00:00 se observó el estado deterioro_reciente con 72.68 % de confianza y 1.76 meses de cobertura esencial. La selección REC_ENTENDER_CAMBIO_RECIENTE considera la meta hacer viaje y las restricciones disponibles.,,cambio_reciente_requiere_revision | hobbies_no_eliminados_automaticamente,99,2,7,True,True,True,True,True,True,True
PERF_0103,Actividad principal declarada: Disc jockey. Estado de ingreso actual: mixto. Ingreso mensual neto declarado: 6489000 COP. Ingreso adicional: Docente de educación básica secundaria. Hobbies declarados: manualidades_y_artesanias | ciclismo.,Disc jockey,musica_y_entretenimiento_dj,mixto,no declarado,dentro_del_mvp,train,si,VEN_0103_3,2026-04-01,2026-06-30,estado_incierto,no_disponible,requiere_confirmacion,68.25,train,VEN_0103_3,2026-04-01,2026-06-30,estado_incierto,abstencion,no_disponible,abstener,abstencion_por_evidencia,no_aplica,no_aplica,Falta evidencia suficiente para seleccionar una acción segura.,estado_financiero_sin_evidencia_suficiente | estado_fuera_del_catalogo,,98,4,7,True,True,True,True,True,True,True
PERF_0104,Actividad principal declarada: Ciclista. Estado de ingreso actual: mixto. Ingreso mensual neto declarado: 3290333 COP. Ingreso adicional: Disc jockey. Hobbies declarados: musica | turismo_y_viajes. Objetivo: mejorar vivienda.,Ciclista,deporte_competitivo_ciclismo,mixto,mejorar vivienda,dentro_del_mvp,train,si,VEN_0104_3,2026-04-01,2026-06-30,situacion_critica,en_riesgo,calculado,99.33,train,VEN_0104_3,2026-04-01,2026-06-30,situacion_critica,recomendacion_disponible,REC_BUSCAR_APOYO_Y_CONTENER,revisar,modelo_validado_por_guardas,si,requerida,Entre 2026-04-01 00:00:00 y 2026-06-30 00:00:00 se observó el estado situacion_critica con 99.33 % de confianza y 0.00 meses de cobertura esencial. La selección REC_BUSCAR_APOYO_Y_CONTENER considera la meta mejorar vivienda y las restricciones disponibles.,,situacion_critica_con_revision_humana | hobbies_no_eliminados_automaticamente,90,5,3,True,True,True,True,True,True,True
PERF_0105,Actividad principal declarada: Repartidor de domicilios / Repartidora de domicilios. Estado de ingreso actual: estacional. Ingreso mensual neto declarado: 1553500 COP. Hobbies declarados: fotografia_y_video. Objetivo: hacer certificacion profesional.,Repartidor de domicilios / Repartidora de domicilios,domicilios_mensajeria_y_reparto,estacional,hacer certificacion profesional,dentro_del_mvp,train,si,VEN_0105_3,2026-04-01,2026-06-30,situacion_critica,en_riesgo,calculado,99.35,train,VEN_0105_3,2026-04-01,2026-06-30,situacion_critica,recomendacion_disponible,REC_BUSCAR_APOYO_Y_CONTENER,revisar,modelo_validado_por_guardas,si,requerida,Entre 2026-04-01 00:00:00 y 2026-06-30 00:00:00 se observó el estado situacion_critica con 99.35 % de confianza y 0.00 meses de cobertura esencial. La selección REC_BUSCAR_APOYO_Y_CONTENER considera la meta hacer certificacion profesional y las restricciones disponibles.,,situacion_critica_con_revision_humana | hobbies_no_eliminados_automaticamente,90,3,2,True,True,True,True,True,True,True
PERF_0106,Actividad principal declarada: Vendedor de tienda / Vendedora de tienda. Estado de ingreso actual: mixto. Ingreso mensual neto declarado: 10297333 COP. Ingreso adicional: Disc jockey. Hobbies declarados: videojuegos_y_streaming | turismo_y_viajes. Objetivo: mejorar vivienda.,Vendedor de tienda / Vendedora de tienda,ventas_al_por_menor,mixto,mejorar vivienda,dentro_del_mvp,train,si,VEN_0106_3,2026-04-01,2026-06-30,acumulacion_estable,saludable,calculado,59.78,train,VEN_0106_3,2026-04-01,2026-06-30,acumulacion_estable,recomendacion_disponible,REC_APARTAR_PARA_META,aplicar,modelo_validado_por_guardas,no,no_requerida,Entre 2026-04-01 00:00:00 y 2026-06-30 00:00:00 se observó el estado acumulacion_estable con 59.78 % de confianza y 3.94 meses de cobertura esencial. La selección REC_APARTAR_PARA_META considera la meta mejorar vivienda y las restricciones disponibles.,,meta_confirmada | hobbies_no_eliminados_automaticamente,90,5,5,True,True,True,True,True,True,True
PERF_0107,Actividad principal declarada: Editor de video / Editora de video. Estado de ingreso actual: variable. Ingreso mensual neto declarado: 4855333 COP. Hobbies declarados: turismo_y_viajes.,Editor de video / Editora de video,diseno_audiovisual_y_edicion_de_video,variable,no declarado,dentro_del_mvp,train,si,VEN_0107_3,2026-04-01,2026-06-30,acumulacion_estable,saludable,calculado,71.68,train,VEN_0107_3,2026-04-01,2026-06-30,acumulacion_estable,recomendacion_disponible,REC_CREAR_RESPALDO,aplicar,modelo_validado_por_guardas,no,no_requerida,Entre 2026-04-01 00:00:00 y 2026-06-30 00:00:00 se observó el estado acumulacion_estable con 71.68 % de confianza y 3.09 meses de cobertura esencial. La selección REC_CREAR_RESPALDO considera la meta no declarado y las restricciones disponibles.,,meta_no_supuesta | hobbies_no_eliminados_automaticamente,93,1,2,True,True,True,True,True,True,True
PERF_0108,Actividad principal declarada: Docente de educación básica secundaria. Estado de ingreso actual: apoyo. Ingreso mensual neto declarado: 4350000 COP. Hobbies declarados: impresion_3d | cocina_y_reposteria. Objetivo: crear fondo emergencia.,Docente de educación básica secundaria,docencia_y_formacion,apoyo,crear fondo emergencia,dentro_del_mvp,train,si,VEN_0108_3,2026-04-01,2026-06-30,fragilidad_sostenida,en_riesgo,calculado,84.42,train,VEN_0108_3,2026-04-01,2026-06-30,fragilidad_sostenida,recomendacion_disponible,REC_PROTEGER_ESENCIALES_Y_DEUDA,priorizar,modelo_validado_por_guardas,si,recomendada,Entre 2026-04-01 00:00:00 y 2026-06-30 00:00:00 se observó el estado fragilidad_sostenida con 84.42 % de confianza y 1.54 meses de cobertura esencial. La selección REC_PROTEGER_ESENCIALES_Y_DEUDA considera la meta crear fondo emergencia y las restricciones disponibles.,,esenciales_y_deuda_protegidas | hobbies_no_eliminados_automaticamente,93,4,1,True,True,True,True,True,True,True
PERF_0109,Actividad principal declarada: Horticultor / Horticultora. Estado de ingreso actual: variable. Ingreso mensual neto declarado: 2888333 COP. Hobbies declarados: jardineria_y_agricultura_urbana. Objetivo: ampliar actividad economica.,Horticultor / Horticultora,agricultura,variable,ampliar actividad economica,dentro_del_mvp,train,si,VEN_0109_3,2026-04-01,2026-06-30,fragilidad_sostenida,en_riesgo,calculado,60.18,train,VEN_0109_3,2026-04-01,2026-06-30,fragilidad_sostenida,recomendacion_disponible,REC_PROTEGER_ESENCIALES_Y_DEUDA,priorizar,modelo_validado_por_guardas,si,recomendada,Entre 2026-04-01 00:00:00 y 2026-06-30 00:00:00 se observó el estado fragilidad_sostenida con 60.18 % de confianza y 1.48 meses de cobertura esencial. La selección REC_PROTEGER_ESENCIALES_Y_DEUDA considera la meta ampliar actividad economica y las restricciones disponibles.,,esenciales_y_deuda_protegidas | hobbies_no_eliminados_automaticamente,95,3,8,True,True,True,True,True,True,True
PERF_0110,Actividad principal declarada: Barbero / Barbera. Estado de ingreso actual: sin_ingresos. Hobbies declarados: ciclismo.,Barbero / Barbera,peluqueria_y_barberia,sin_ingresos,no declarado,dentro_del_mvp,train,si,VEN_0110_3,2026-04-01,2026-06-30,situacion_critica,en_riesgo,calculado,99.81,train,VEN_0110_3,2026-04-01,2026-06-30,situacion_critica,recomendacion_disponible,REC_CUIDAR_RECURSOS_SIN_INGRESO,priorizar,modelo_validado_por_guardas,si,recomendada,Entre 2026-04-01 00:00:00 y 2026-06-30 00:00:00 se observó el estado situacion_critica con 99.81 % de confianza y 0.00 meses de cobertura esencial. La selección REC_CUIDAR_RECURSOS_SIN_INGRESO considera la meta no declarado y las restricciones disponibles.,,recursos_protegidos_sin_ingresos | hobbies_no_eliminados_automaticamente,66,2,3,True,True,True,True,True,True,True
PERF_0111,Actividad principal declarada: Ingeniero de software / Ingeniera de software. Estado de ingreso actual: mixto. Ingreso mensual neto declarado: 4116333 COP. Ingreso adicional: actividad independiente adicional. Hobbies declarados: pintura | cocina_y_reposteria.,Ingeniero de software / Ingeniera de software,ingenieria_y_desarrollo_de_software,mixto,no declarado,dentro_del_mvp,train,si,VEN_0111_3,2026-04-01,2026-06-30,situacion_critica,en_riesgo,calculado,99.93,train,VEN_0111_3,2026-04-01,2026-06-30,situacion_critica,recomendacion_disponible,REC_BUSCAR_APOYO_Y_CONTENER,revisar,modelo_validado_por_guardas,si,requerida,Entre 2026-04-01 00:00:00 y 2026-06-30 00:00:00 se observó el estado situacion_critica con 99.93 % de confianza y 0.00 meses de cobertura esencial. La selección REC_BUSCAR_APOYO_Y_CONTENER considera la meta no declarado y las restricciones disponibles.,,situacion_critica_con_revision_humana | hobbies_no_eliminados_automaticamente,100,4,3,True,True,True,True,True,True,True
PERF_0112,Actividad principal declarada: Nutricionista dietista. Estado de ingreso actual: mixto. Ingreso mensual neto declarado: 4417667 COP. Ingreso adicional: Docente de educación básica secundaria. Hobbies declarados: cocina_y_reposteria | fotografia_y_video. Objetivo: comprar bicicleta.,Nutricionista dietista,nutricion_y_dietetica,mixto,comprar bicicleta,dentro_del_mvp,train,si,VEN_0112_3,2026-04-01,2026-06-30,situacion_critica,en_riesgo,calculado,99.77,train,VEN_0112_3,2026-04-01,2026-06-30,situacion_critica,recomendacion_disponible,REC_BUSCAR_APOYO_Y_CONTENER,revisar,modelo_validado_por_guardas,si,requerida,Entre 2026-04-01 00:00:00 y 2026-06-30 00:00:00 se observó el estado situacion_critica con 99.77 % de confianza y 0.00 meses de cobertura esencial. La selección REC_BUSCAR_APOYO_Y_CONTENER considera la meta comprar bicicleta y las restricciones disponibles.,,situacion_critica_con_revision_humana | hobbies_no_eliminados_automaticamente,94,3,3,True,True,True,True,True,True,True
PERF_0113,Actividad principal declarada: Disc jockey. Estado de ingreso actual: apoyo. Ingreso mensual neto declarado: 550000 COP. Hobbies declarados: manualidades_y_artesanias | impresion_3d.,Disc jockey,musica_y_entretenimiento_dj,apoyo,no declarado,dentro_del_mvp,validation,si,VEN_0113_3,2026-04-01,2026-06-30,fragilidad_sostenida,en_riesgo,calculado,89.69,validation,VEN_0113_3,2026-04-01,2026-06-30,fragilidad_sostenida,recomendacion_disponible,REC_PROTEGER_ESENCIALES,priorizar,modelo_validado_por_guardas,no,no_requerida,Entre 2026-04-01 00:00:00 y 2026-06-30 00:00:00 se observó el estado fragilidad_sostenida con 89.69 % de confianza y 1.42 meses de cobertura esencial. La selección REC_PROTEGER_ESENCIALES considera la meta no declarado y las restricciones disponibles.,,necesidades_esenciales_protegidas | hobbies_no_eliminados_automaticamente,59,2,1,True,True,True,True,True,True,True
PERF_0114,Actividad principal declarada: Ciclista. Estado de ingreso actual: apoyo. Ingreso mensual neto declarado: 500000 COP. Hobbies declarados: musica. Objetivo: comprar equipo de trabajo.,Ciclista,deporte_competitivo_ciclismo,apoyo,comprar equipo de trabajo,dentro_del_mvp,train,si,VEN_0114_3,2026-04-01,2026-06-30,situacion_critica,en_riesgo,calculado,99.78,train,VEN_0114_3,2026-04-01,2026-06-30,situacion_critica,recomendacion_disponible,REC_BUSCAR_APOYO_Y_CONTENER,revisar,modelo_validado_por_guardas,si,requerida,Entre 2026-04-01 00:00:00 y 2026-06-30 00:00:00 se observó el estado situacion_critica con 99.78 % de confianza y 0.00 meses de cobertura esencial. La selección REC_BUSCAR_APOYO_Y_CONTENER considera la meta comprar equipo de trabajo y las restricciones disponibles.,,situacion_critica_con_revision_humana | hobbies_no_eliminados_automaticamente,80,3,5,True,True,True,True,True,True,True
PERF_0115,Actividad principal declarada: Repartidor de domicilios / Repartidora de domicilios. Estado de ingreso actual: fijo. Ingreso mensual neto declarado: 500000 COP. Hobbies declarados: fotografia_y_video | manualidades_y_artesanias.,Repartidor de domicilios / Repartidora de domicilios,domicilios_mensajeria_y_reparto,fijo,no declarado,dentro_del_mvp,train,si,VEN_0115_3,2026-04-01,2026-06-30,situacion_critica,en_riesgo,calculado,99.7,train,VEN_0115_3,2026-04-01,2026-06-30,situacion_critica,recomendacion_disponible,REC_BUSCAR_APOYO_Y_CONTENER,revisar,modelo_validado_por_guardas,si,requerida,Entre 2026-04-01 00:00:00 y 2026-06-30 00:00:00 se observó el estado situacion_critica con 99.70 % de confianza y 0.00 meses de cobertura esencial. La selección REC_BUSCAR_APOYO_Y_CONTENER considera la meta no declarado y las restricciones disponibles.,,situacion_critica_con_revision_humana | hobbies_no_eliminados_automaticamente,79,4,3,True,True,True,True,True,True,True
PERF_0116,Actividad principal declarada: Vendedor de tienda / Vendedora de tienda. Estado de ingreso actual: fijo. Ingreso mensual neto declarado: 500000 COP. Hobbies declarados: videojuegos_y_streaming. Objetivo: hacer certificacion profesional.,Vendedor de tienda / Vendedora de tienda,ventas_al_por_menor,fijo,hacer certificacion profesional,dentro_del_mvp,train,si,VEN_0116_3,2026-04-01,2026-06-30,situacion_critica,en_riesgo,calculado,99.96,train,VEN_0116_3,2026-04-01,2026-06-30,situacion_critica,recomendacion_disponible,REC_BUSCAR_APOYO_Y_CONTENER,revisar,modelo_validado_por_guardas,si,requerida,Entre 2026-04-01 00:00:00 y 2026-06-30 00:00:00 se observó el estado situacion_critica con 99.96 % de confianza y 0.00 meses de cobertura esencial. La selección REC_BUSCAR_APOYO_Y_CONTENER considera la meta hacer certificacion profesional y las restricciones disponibles.,,situacion_critica_con_revision_humana | hobbies_no_eliminados_automaticamente,68,2,1,True,True,True,True,True,True,True
PERF_0117,Actividad principal declarada: Editor de video / Editora de video. Estado de ingreso actual: sin_ingresos. Hobbies declarados: turismo_y_viajes.,Editor de video / Editora de video,diseno_audiovisual_y_edicion_de_video,sin_ingresos,no declarado,dentro_del_mvp,train,si,VEN_0117_3,2026-04-01,2026-06-30,situacion_critica,en_riesgo,calculado,100.0,train,VEN_0117_3,2026-04-01,2026-06-30,situacion_critica,recomendacion_disponible,REC_CUIDAR_RECURSOS_SIN_INGRESO,priorizar,modelo_validado_por_guardas,si,recomendada,Entre 2026-04-01 00:00:00 y 2026-06-30 00:00:00 se observó el estado situacion_critica con 100.00 % de confianza y 0.00 meses de cobertura esencial. La selección REC_CUIDAR_RECURSOS_SIN_INGRESO considera la meta no declarado y las restricciones disponibles.,,recursos_protegidos_sin_ingresos | hobbies_no_eliminados_automaticamente,61,2,4,True,True,True,True,True,True,True
PERF_0118,Actividad principal declarada: Docente de educación básica secundaria. Estado de ingreso actual: variable. Ingreso mensual neto declarado: 5009333 COP. Hobbies declarados: impresion_3d | videojuegos_y_streaming. Objetivo: mejorar vivienda.,Docente de educación básica secundaria,docencia_y_formacion,variable,mejorar vivienda,dentro_del_mvp,train,si,VEN_0118_3,2026-04-01,2026-06-30,situacion_critica,en_riesgo,calculado,99.85,train,VEN_0118_3,2026-04-01,2026-06-30,situacion_critica,recomendacion_disponible,REC_BUSCAR_APOYO_Y_CONTENER,revisar,modelo_validado_por_guardas,si,requerida,Entre 2026-04-01 00:00:00 y 2026-06-30 00:00:00 se observó el estado situacion_critica con 99.85 % de confianza y 0.00 meses de cobertura esencial. La selección REC_BUSCAR_APOYO_Y_CONTENER considera la meta mejorar vivienda y las restricciones disponibles.,,situacion_critica_con_revision_humana | hobbies_no_eliminados_automaticamente,90,3,5,True,True,True,True,True,True,True
PERF_0119,Actividad principal declarada: Horticultor / Horticultora. Estado de ingreso actual: sin_ingresos. Hobbies declarados: jardineria_y_agricultura_urbana | manualidades_y_artesanias. Objetivo: mejorar vivienda.,Horticultor / Horticultora,agricultura,sin_ingresos,mejorar vivienda,dentro_del_mvp,train,si,VEN_0119_3,2026-04-01,2026-06-30,situacion_critica,en_riesgo,calculado,100.0,train,VEN_0119_3,2026-04-01,2026-06-30,situacion_critica,recomendacion_disponible,REC_CUIDAR_RECURSOS_SIN_INGRESO,priorizar,modelo_validado_por_guardas,si,recomendada,Entre 2026-04-01 00:00:00 y 2026-06-30 00:00:00 se observó el estado situacion_critica con 100.00 % de confianza y 0.00 meses de cobertura esencial. La selección REC_CUIDAR_RECURSOS_SIN_INGRESO considera la meta mejorar vivienda y las restricciones disponibles.,,recursos_protegidos_sin_ingresos | hobbies_no_eliminados_automaticamente,72,2,3,True,True,True,True,True,True,True
PERF_0120,Actividad principal declarada: Barbero / Barbera. Estado de ingreso actual: variable. Ingreso mensual neto declarado: 6780667 COP. Hobbies declarados: ciclismo | videojuegos_y_streaming.,Barbero / Barbera,peluqueria_y_barberia,variable,no declarado,dentro_del_mvp,train,si,VEN_0120_3,2026-04-01,2026-06-30,acumulacion_estable,saludable,calculado,97.23,train,VEN_0120_3,2026-04-01,2026-06-30,acumulacion_estable,recomendacion_disponible,REC_CREAR_RESPALDO,aplicar,modelo_validado_por_guardas,no,no_requerida,Entre 2026-04-01 00:00:00 y 2026-06-30 00:00:00 se observó el estado acumulacion_estable con 97.23 % de confianza y 10.25 meses de cobertura esencial. La selección REC_CREAR_RESPALDO considera la meta no declarado y las restricciones disponibles.,,meta_no_supuesta | hobbies_no_eliminados_automaticamente,98,2,1,True,True,True,True,True,True,True
PERF_0121,Actividad principal declarada: Ingeniero de software / Ingeniera de software. Estado de ingreso actual: mixto. Ingreso mensual neto declarado: 7071000 COP. Ingreso adicional: actividad independiente adicional. Hobbies declarados: pintura.,Ingeniero de software / Ingeniera de software,ingenieria_y_desarrollo_de_software,mixto,no declarado,dentro_del_mvp,train,si,VEN_0121_3,2026-04-01,2026-06-30,variable_resiliente,saludable,calculado,91.56,train,VEN_0121_3,2026-04-01,2026-06-30,variable_resiliente,recomendacion_disponible,REC_GUARDAR_EN_MESES_ALTOS,aplicar,modelo_validado_por_guardas,no,no_requerida,Entre 2026-04-01 00:00:00 y 2026-06-30 00:00:00 se observó el estado variable_resiliente con 91.56 % de confianza y 1.43 meses de cobertura esencial. La selección REC_GUARDAR_EN_MESES_ALTOS considera la meta no declarado y las restricciones disponibles.,,variabilidad_no_tratada_como_riesgo | hobbies_no_eliminados_automaticamente,90,3,3,True,True,True,True,True,True,True
PERF_0122,Actividad principal declarada: Nutricionista dietista. Estado de ingreso actual: fijo. Ingreso mensual neto declarado: 500000 COP. Hobbies declarados: cocina_y_reposteria. Objetivo: hacer certificacion profesional.,Nutricionista dietista,nutricion_y_dietetica,fijo,hacer certificacion profesional,dentro_del_mvp,train,si,VEN_0122_3,2026-04-01,2026-06-30,situacion_critica,en_riesgo,calculado,98.25,train,VEN_0122_3,2026-04-01,2026-06-30,situacion_critica,recomendacion_disponible,REC_BUSCAR_APOYO_Y_CONTENER,revisar,modelo_validado_por_guardas,si,requerida,Entre 2026-04-01 00:00:00 y 2026-06-30 00:00:00 se observó el estado situacion_critica con 98.25 % de confianza y 0.00 meses de cobertura esencial. La selección REC_BUSCAR_APOYO_Y_CONTENER considera la meta hacer certificacion profesional y las restricciones disponibles.,,situacion_critica_con_revision_humana | hobbies_no_eliminados_automaticamente,62,3,1,True,True,True,True,True,True,True
PERF_0123,Actividad principal declarada: Disc jockey. Estado de ingreso actual: variable. Ingreso mensual neto declarado: 3155000 COP. Hobbies declarados: manualidades_y_artesanias. Objetivo: hacer viaje.,Disc jockey,musica_y_entretenimiento_dj,variable,hacer viaje,dentro_del_mvp,train,si,VEN_0123_3,2026-04-01,2026-06-30,fragilidad_sostenida,en_riesgo,calculado,68.29,train,VEN_0123_3,2026-04-01,2026-06-30,fragilidad_sostenida,recomendacion_disponible,REC_PROTEGER_ESENCIALES,priorizar,modelo_validado_por_guardas,no,no_requerida,Entre 2026-04-01 00:00:00 y 2026-06-30 00:00:00 se observó el estado fragilidad_sostenida con 68.29 % de confianza y 1.10 meses de cobertura esencial. La selección REC_PROTEGER_ESENCIALES considera la meta hacer viaje y las restricciones disponibles.,,necesidades_esenciales_protegidas | hobbies_no_eliminados_automaticamente,90,2,2,True,True,True,True,True,True,True
PERF_0124,Actividad principal declarada: Ciclista. Estado de ingreso actual: mixto. Ingreso mensual neto declarado: 6917333 COP. Ingreso adicional: actividad independiente adicional. Hobbies declarados: musica. Objetivo: comprar equipo de trabajo.,Ciclista,deporte_competitivo_ciclismo,mixto,comprar equipo de trabajo,dentro_del_mvp,train,si,VEN_0124_3,2026-04-01,2026-06-30,fragilidad_sostenida,en_riesgo,calculado,71.29,train,VEN_0124_3,2026-04-01,2026-06-30,fragilidad_sostenida,recomendacion_disponible,REC_PROTEGER_ESENCIALES_Y_DEUDA,priorizar,modelo_validado_por_guardas,si,recomendada,Entre 2026-04-01 00:00:00 y 2026-06-30 00:00:00 se observó el estado fragilidad_sostenida con 71.29 % de confianza y 0.97 meses de cobertura esencial. La selección REC_PROTEGER_ESENCIALES_Y_DEUDA considera la meta comprar equipo de trabajo y las restricciones disponibles.,,esenciales_y_deuda_protegidas | hobbies_no_eliminados_automaticamente,95,2,5,True,True,True,True,True,True,True
PERF_0125,Actividad principal declarada: Repartidor de domicilios / Repartidora de domicilios. Estado de ingreso actual: variable. Ingreso mensual neto declarado: 3824333 COP. Hobbies declarados: fotografia_y_video | manualidades_y_artesanias.,Repartidor de domicilios / Repartidora de domicilios,domicilios_mensajeria_y_reparto,variable,no declarado,dentro_del_mvp,train,si,VEN_0125_3,2026-04-01,2026-06-30,situacion_critica,en_riesgo,calculado,100.0,train,VEN_0125_3,2026-04-01,2026-06-30,situacion_critica,recomendacion_disponible,REC_BUSCAR_APOYO_Y_CONTENER,revisar,modelo_validado_por_guardas,si,requerida,Entre 2026-04-01 00:00:00 y 2026-06-30 00:00:00 se observó el estado situacion_critica con 100.00 % de confianza y 0.00 meses de cobertura esencial. La selección REC_BUSCAR_APOYO_Y_CONTENER considera la meta no declarado y las restricciones disponibles.,,situacion_critica_con_revision_humana | hobbies_no_eliminados_automaticamente,90,2,1,True,True,True,True,True,True,True
PERF_0126,Actividad principal declarada: Vendedor de tienda / Vendedora de tienda. Estado de ingreso actual: mixto. Ingreso mensual neto declarado: 3169000 COP. Ingreso adicional: Barbero / Barbera. Hobbies declarados: videojuegos_y_streaming | impresion_3d.,Vendedor de tienda / Vendedora de tienda,ventas_al_por_menor,mixto,no declarado,dentro_del_mvp,train,si,VEN_0126_3,2026-04-01,2026-06-30,situacion_critica,en_riesgo,calculado,100.0,train,VEN_0126_3,2026-04-01,2026-06-30,situacion_critica,recomendacion_disponible,REC_BUSCAR_APOYO_Y_CONTENER,revisar,modelo_validado_por_guardas,si,requerida,Entre 2026-04-01 00:00:00 y 2026-06-30 00:00:00 se observó el estado situacion_critica con 100.00 % de confianza y 0.00 meses de cobertura esencial. La selección REC_BUSCAR_APOYO_Y_CONTENER considera la meta no declarado y las restricciones disponibles.,,situacion_critica_con_revision_humana | hobbies_no_eliminados_automaticamente,94,5,2,True,True,True,True,True,True,True
PERF_0127,Actividad principal declarada: Editor de video / Editora de video. Estado de ingreso actual: mixto. Ingreso mensual neto declarado: 7422667 COP. Ingreso adicional: actividad independiente adicional. Hobbies declarados: turismo_y_viajes | impresion_3d. Objetivo: hacer certificacion profesional.,Editor de video / Editora de video,diseno_audiovisual_y_edicion_de_video,mixto,hacer certificacion profesional,dentro_del_mvp,train,si,VEN_0127_3,2026-04-01,2026-06-30,variable_resiliente,saludable,calculado,83.62,train,VEN_0127_3,2026-04-01,2026-06-30,variable_resiliente,recomendacion_disponible,REC_GUARDAR_EN_MESES_ALTOS,aplicar,modelo_validado_por_guardas,no,no_requerida,Entre 2026-04-01 00:00:00 y 2026-06-30 00:00:00 se observó el estado variable_resiliente con 83.62 % de confianza y 7.45 meses de cobertura esencial. La selección REC_GUARDAR_EN_MESES_ALTOS considera la meta hacer certificacion profesional y las restricciones disponibles.,,variabilidad_no_tratada_como_riesgo | hobbies_no_eliminados_automaticamente,95,3,4,True,True,True,True,True,True,True
PERF_0128,Actividad principal declarada: Docente de educación básica secundaria. Estado de ingreso actual: fijo. Ingreso mensual neto declarado: 560000 COP. Hobbies declarados: impresion_3d | cocina_y_reposteria.,Docente de educación básica secundaria,docencia_y_formacion,fijo,no declarado,dentro_del_mvp,train,si,VEN_0128_3,2026-04-01,2026-06-30,situacion_critica,en_riesgo,calculado,99.31,train,VEN_0128_3,2026-04-01,2026-06-30,situacion_critica,recomendacion_disponible,REC_BUSCAR_APOYO_Y_CONTENER,revisar,modelo_validado_por_guardas,si,requerida,Entre 2026-04-01 00:00:00 y 2026-06-30 00:00:00 se observó el estado situacion_critica con 99.31 % de confianza y 0.00 meses de cobertura esencial. La selección REC_BUSCAR_APOYO_Y_CONTENER considera la meta no declarado y las restricciones disponibles.,,situacion_critica_con_revision_humana | hobbies_no_eliminados_automaticamente,84,3,1,True,True,True,True,True,True,True
PERF_0129,Actividad principal declarada: Horticultor / Horticultora. Estado de ingreso actual: variable. Ingreso mensual neto declarado: 3715333 COP. Hobbies declarados: jardineria_y_agricultura_urbana. Objetivo: ampliar actividad economica.,Horticultor / Horticultora,agricultura,variable,ampliar actividad economica,dentro_del_mvp,train,si,VEN_0129_3,2026-04-01,2026-06-30,uso_planificado_reserva,en_observacion,calculado,84.1,train,VEN_0129_3,2026-04-01,2026-06-30,uso_planificado_reserva,recomendacion_disponible,REC_MEDIR_USO_DE_RESERVA,vigilar,modelo_validado_por_guardas,no,no_requerida,Entre 2026-04-01 00:00:00 y 2026-06-30 00:00:00 se observó el estado uso_planificado_reserva con 84.10 % de confianza y 2.10 meses de cobertura esencial. La selección REC_MEDIR_USO_DE_RESERVA considera la meta ampliar actividad economica y las restricciones disponibles.,,duracion_de_reserva_considerada | hobbies_no_eliminados_automaticamente,100,2,6,True,True,True,True,True,True,True
PERF_0130,Actividad principal declarada: Barbero / Barbera. Estado de ingreso actual: fijo. Ingreso mensual neto declarado: 854667 COP. Hobbies declarados: ciclismo | pintura. Objetivo: mejorar vivienda.,Barbero / Barbera,peluqueria_y_barberia,fijo,mejorar vivienda,dentro_del_mvp,train,si,VEN_0130_3,2026-04-01,2026-06-30,situacion_critica,en_riesgo,calculado,100.0,train,VEN_0130_3,2026-04-01,2026-06-30,situacion_critica,recomendacion_disponible,REC_BUSCAR_APOYO_Y_CONTENER,revisar,modelo_validado_por_guardas,si,requerida,Entre 2026-04-01 00:00:00 y 2026-06-30 00:00:00 se observó el estado situacion_critica con 100.00 % de confianza y 0.00 meses de cobertura esencial. La selección REC_BUSCAR_APOYO_Y_CONTENER considera la meta mejorar vivienda y las restricciones disponibles.,,situacion_critica_con_revision_humana | hobbies_no_eliminados_automaticamente,77,2,2,True,True,True,True,True,True,True
PERF_0131,Actividad principal declarada: Ingeniero de software / Ingeniera de software. Estado de ingreso actual: fijo. Ingreso mensual neto declarado: 2221667 COP. Hobbies declarados: pintura. Objetivo: crear fondo emergencia.,Ingeniero de software / Ingeniera de software,ingenieria_y_desarrollo_de_software,fijo,crear fondo emergencia,dentro_del_mvp,train,si,VEN_0131_3,2026-04-01,2026-06-30,situacion_critica,en_riesgo,calculado,99.87,train,VEN_0131_3,2026-04-01,2026-06-30,situacion_critica,recomendacion_disponible,REC_BUSCAR_APOYO_Y_CONTENER,revisar,modelo_validado_por_guardas,si,requerida,Entre 2026-04-01 00:00:00 y 2026-06-30 00:00:00 se observó el estado situacion_critica con 99.87 % de confianza y 0.00 meses de cobertura esencial. La selección REC_BUSCAR_APOYO_Y_CONTENER considera la meta crear fondo emergencia y las restricciones disponibles.,,situacion_critica_con_revision_humana | hobbies_no_eliminados_automaticamente,84,3,3,True,True,True,True,True,True,True
PERF_0132,Actividad principal declarada: Nutricionista dietista. Estado de ingreso actual: sin_ingresos. Hobbies declarados: cocina_y_reposteria. Objetivo: pagar deuda.,Nutricionista dietista,nutricion_y_dietetica,sin_ingresos,pagar deuda,dentro_del_mvp,test,si,VEN_0132_3,2026-04-01,2026-06-30,situacion_critica,en_riesgo,calculado,99.85,test,VEN_0132_3,2026-04-01,2026-06-30,situacion_critica,recomendacion_disponible,REC_CUIDAR_RECURSOS_SIN_INGRESO,priorizar,modelo_validado_por_guardas,si,recomendada,Entre 2026-04-01 00:00:00 y 2026-06-30 00:00:00 se observó el estado situacion_critica con 99.85 % de confianza y 0.00 meses de cobertura esencial. La selección REC_CUIDAR_RECURSOS_SIN_INGRESO considera la meta pagar deuda y las restricciones disponibles.,,recursos_protegidos_sin_ingresos | hobbies_no_eliminados_automaticamente,78,2,3,True,True,True,True,True,True,True
PERF_0133,Actividad principal declarada: Disc jockey. Estado de ingreso actual: estacional. Ingreso mensual neto declarado: 2848500 COP. Hobbies declarados: manualidades_y_artesanias.,Disc jockey,musica_y_entretenimiento_dj,estacional,no declarado,dentro_del_mvp,test,si,VEN_0133_3,2026-04-01,2026-06-30,situacion_critica,en_riesgo,calculado,99.83,test,VEN_0133_3,2026-04-01,2026-06-30,situacion_critica,recomendacion_disponible,REC_BUSCAR_APOYO_Y_CONTENER,revisar,modelo_validado_por_guardas,si,requerida,Entre 2026-04-01 00:00:00 y 2026-06-30 00:00:00 se observó el estado situacion_critica con 99.83 % de confianza y 0.00 meses de cobertura esencial. La selección REC_BUSCAR_APOYO_Y_CONTENER considera la meta no declarado y las restricciones disponibles.,,situacion_critica_con_revision_humana | hobbies_no_eliminados_automaticamente,85,2,2,True,True,True,True,True,True,True
PERF_0134,Actividad principal declarada: Ciclista. Estado de ingreso actual: variable. Ingreso mensual neto declarado: 4607667 COP. Hobbies declarados: musica | cocina_y_reposteria. Objetivo: comprar equipo de trabajo.,Ciclista,deporte_competitivo_ciclismo,variable,comprar equipo de trabajo,dentro_del_mvp,train,si,VEN_0134_3,2026-04-01,2026-06-30,acumulacion_estable,saludable,calculado,99.12,train,VEN_0134_3,2026-04-01,2026-06-30,acumulacion_estable,recomendacion_disponible,REC_APARTAR_PARA_META,aplicar,modelo_validado_por_guardas,no,no_requerida,Entre 2026-04-01 00:00:00 y 2026-06-30 00:00:00 se observó el estado acumulacion_estable con 99.12 % de confianza y 5.24 meses de cobertura esencial. La selección REC_APARTAR_PARA_META considera la meta comprar equipo de trabajo y las restricciones disponibles.,,meta_confirmada | hobbies_no_eliminados_automaticamente,98,2,5,True,True,True,True,True,True,True
PERF_0135,Actividad principal declarada: Repartidor de domicilios / Repartidora de domicilios. Estado de ingreso actual: sin_ingresos. Hobbies declarados: fotografia_y_video. Objetivo: pagar deuda.,Repartidor de domicilios / Repartidora de domicilios,domicilios_mensajeria_y_reparto,sin_ingresos,pagar deuda,dentro_del_mvp,train,si,VEN_0135_3,2026-04-01,2026-06-30,situacion_critica,en_riesgo,calculado,100.0,train,VEN_0135_3,2026-04-01,2026-06-30,situacion_critica,recomendacion_disponible,REC_CUIDAR_RECURSOS_SIN_INGRESO,priorizar,modelo_validado_por_guardas,si,recomendada,Entre 2026-04-01 00:00:00 y 2026-06-30 00:00:00 se observó el estado situacion_critica con 100.00 % de confianza y 0.00 meses de cobertura esencial. La selección REC_CUIDAR_RECURSOS_SIN_INGRESO considera la meta pagar deuda y las restricciones disponibles.,,recursos_protegidos_sin_ingresos | hobbies_no_eliminados_automaticamente,55,2,0,True,True,True,True,True,True,True
PERF_0136,Actividad principal declarada: Vendedor de tienda / Vendedora de tienda. Estado de ingreso actual: variable. Ingreso mensual neto declarado: 4962667 COP. Hobbies declarados: videojuegos_y_streaming | turismo_y_viajes.,Vendedor de tienda / Vendedora de tienda,ventas_al_por_menor,variable,no declarado,dentro_del_mvp,train,si,VEN_0136_3,2026-04-01,2026-06-30,variable_resiliente,saludable,calculado,94.52,train,VEN_0136_3,2026-04-01,2026-06-30,variable_resiliente,recomendacion_disponible,REC_GUARDAR_EN_MESES_ALTOS,aplicar,modelo_validado_por_guardas,no,no_requerida,Entre 2026-04-01 00:00:00 y 2026-06-30 00:00:00 se observó el estado variable_resiliente con 94.52 % de confianza y 7.26 meses de cobertura esencial. La selección REC_GUARDAR_EN_MESES_ALTOS considera la meta no declarado y las restricciones disponibles.,,variabilidad_no_tratada_como_riesgo | hobbies_no_eliminados_automaticamente,99,1,6,True,True,True,True,True,True,True
PERF_0137,Actividad principal declarada: Editor de video / Editora de video. Estado de ingreso actual: fijo. Ingreso mensual neto declarado: 500000 COP. Hobbies declarados: turismo_y_viajes | fotografia_y_video.,Editor de video / Editora de video,diseno_audiovisual_y_edicion_de_video,fijo,no declarado,dentro_del_mvp,train,si,VEN_0137_3,2026-04-01,2026-06-30,situacion_critica,en_riesgo,calculado,99.63,train,VEN_0137_3,2026-04-01,2026-06-30,situacion_critica,recomendacion_disponible,REC_BUSCAR_APOYO_Y_CONTENER,revisar,modelo_validado_por_guardas,si,requerida,Entre 2026-04-01 00:00:00 y 2026-06-30 00:00:00 se observó el estado situacion_critica con 99.63 % de confianza y 0.00 meses de cobertura esencial. La selección REC_BUSCAR_APOYO_Y_CONTENER considera la meta no declarado y las restricciones disponibles.,,situacion_critica_con_revision_humana | hobbies_no_eliminados_automaticamente,71,4,4,True,True,True,True,True,True,True
PERF_0138,Actividad principal declarada: Docente de educación básica secundaria. Estado de ingreso actual: sin_ingresos. Hobbies declarados: impresion_3d | cocina_y_reposteria. Objetivo: comprar equipo de trabajo.,Docente de educación básica secundaria,docencia_y_formacion,sin_ingresos,comprar equipo de trabajo,dentro_del_mvp,train,si,VEN_0138_3,2026-04-01,2026-06-30,situacion_critica,en_riesgo,calculado,100.0,train,VEN_0138_3,2026-04-01,2026-06-30,situacion_critica,recomendacion_disponible,REC_CUIDAR_RECURSOS_SIN_INGRESO,priorizar,modelo_validado_por_guardas,si,recomendada,Entre 2026-04-01 00:00:00 y 2026-06-30 00:00:00 se observó el estado situacion_critica con 100.00 % de confianza y 0.00 meses de cobertura esencial. La selección REC_CUIDAR_RECURSOS_SIN_INGRESO considera la meta comprar equipo de trabajo y las restricciones disponibles.,,recursos_protegidos_sin_ingresos | hobbies_no_eliminados_automaticamente,80,3,3,True,True,True,True,True,True,True
PERF_0139,Actividad principal declarada: Horticultor / Horticultora. Estado de ingreso actual: apoyo. Ingreso mensual neto declarado: 517667 COP. Hobbies declarados: jardineria_y_agricultura_urbana.,Horticultor / Horticultora,agricultura,apoyo,no declarado,dentro_del_mvp,train,si,VEN_0139_3,2026-04-01,2026-06-30,situacion_critica,en_riesgo,calculado,99.96,train,VEN_0139_3,2026-04-01,2026-06-30,situacion_critica,recomendacion_disponible,REC_BUSCAR_APOYO_Y_CONTENER,revisar,modelo_validado_por_guardas,si,requerida,Entre 2026-04-01 00:00:00 y 2026-06-30 00:00:00 se observó el estado situacion_critica con 99.96 % de confianza y 0.00 meses de cobertura esencial. La selección REC_BUSCAR_APOYO_Y_CONTENER considera la meta no declarado y las restricciones disponibles.,,situacion_critica_con_revision_humana | hobbies_no_eliminados_automaticamente,95,3,5,True,True,True,True,True,True,True
PERF_0140,Actividad principal declarada: Barbero / Barbera. Estado de ingreso actual: fijo. Ingreso mensual neto declarado: 591667 COP. Hobbies declarados: ciclismo | manualidades_y_artesanias.,Barbero / Barbera,peluqueria_y_barberia,fijo,no declarado,dentro_del_mvp,test,si,VEN_0140_3,2026-04-01,2026-06-30,situacion_critica,en_riesgo,calculado,99.47,test,VEN_0140_3,2026-04-01,2026-06-30,situacion_critica,recomendacion_disponible,REC_BUSCAR_APOYO_Y_CONTENER,revisar,modelo_validado_por_guardas,si,requerida,Entre 2026-04-01 00:00:00 y 2026-06-30 00:00:00 se observó el estado situacion_critica con 99.47 % de confianza y 0.00 meses de cobertura esencial. La selección REC_BUSCAR_APOYO_Y_CONTENER considera la meta no declarado y las restricciones disponibles.,,situacion_critica_con_revision_humana | hobbies_no_eliminados_automaticamente,78,2,2,True,True,True,True,True,True,True
PERF_0141,Actividad principal declarada: Ingeniero de software / Ingeniera de software. Estado de ingreso actual: mixto. Ingreso mensual neto declarado: 10495667 COP. Ingreso adicional: Nutricionista dietista. Hobbies declarados: pintura. Objetivo: pagar deuda.,Ingeniero de software / Ingeniera de software,ingenieria_y_desarrollo_de_software,mixto,pagar deuda,dentro_del_mvp,train,si,VEN_0141_3,2026-04-01,2026-06-30,variable_resiliente,saludable,calculado,99.28,train,VEN_0141_3,2026-04-01,2026-06-30,variable_resiliente,recomendacion_disponible,REC_GUARDAR_EN_MESES_ALTOS,aplicar,modelo_validado_por_guardas,no,no_requerida,Entre 2026-04-01 00:00:00 y 2026-06-30 00:00:00 se observó el estado variable_resiliente con 99.28 % de confianza y 7.38 meses de cobertura esencial. La selección REC_GUARDAR_EN_MESES_ALTOS considera la meta pagar deuda y las restricciones disponibles.,,variabilidad_no_tratada_como_riesgo | hobbies_no_eliminados_automaticamente,93,4,1,True,True,True,True,True,True,True
PERF_0142,Actividad principal declarada: Nutricionista dietista. Estado de ingreso actual: sin_ingresos. Hobbies declarados: cocina_y_reposteria. Objetivo: hacer viaje.,Nutricionista dietista,nutricion_y_dietetica,sin_ingresos,hacer viaje,dentro_del_mvp,train,si,VEN_0142_3,2026-04-01,2026-06-30,situacion_critica,en_riesgo,calculado,100.0,train,VEN_0142_3,2026-04-01,2026-06-30,situacion_critica,recomendacion_disponible,REC_CUIDAR_RECURSOS_SIN_INGRESO,priorizar,modelo_validado_por_guardas,si,recomendada,Entre 2026-04-01 00:00:00 y 2026-06-30 00:00:00 se observó el estado situacion_critica con 100.00 % de confianza y 0.00 meses de cobertura esencial. La selección REC_CUIDAR_RECURSOS_SIN_INGRESO considera la meta hacer viaje y las restricciones disponibles.,,recursos_protegidos_sin_ingresos | hobbies_no_eliminados_automaticamente,85,2,4,True,True,True,True,True,True,True
PERF_0143,Actividad principal declarada: Disc jockey. Estado de ingreso actual: variable. Ingreso mensual neto declarado: 5822667 COP. Hobbies declarados: manualidades_y_artesanias. Objetivo: comprar bicicleta.,Disc jockey,musica_y_entretenimiento_dj,variable,comprar bicicleta,dentro_del_mvp,validation,si,VEN_0143_3,2026-04-01,2026-06-30,variable_resiliente,saludable,calculado,94.4,validation,VEN_0143_3,2026-04-01,2026-06-30,variable_resiliente,recomendacion_disponible,REC_GUARDAR_EN_MESES_ALTOS,aplicar,modelo_validado_por_guardas,no,no_requerida,Entre 2026-04-01 00:00:00 y 2026-06-30 00:00:00 se observó el estado variable_resiliente con 94.40 % de confianza y 5.96 meses de cobertura esencial. La selección REC_GUARDAR_EN_MESES_ALTOS considera la meta comprar bicicleta y las restricciones disponibles.,,variabilidad_no_tratada_como_riesgo | hobbies_no_eliminados_automaticamente,95,1,6,True,True,True,True,True,True,True
PERF_0144,Actividad principal declarada: Ciclista. Estado de ingreso actual: fijo. Ingreso mensual neto declarado: 500000 COP. Hobbies declarados: musica. Objetivo: pagar deuda.,Ciclista,deporte_competitivo_ciclismo,fijo,pagar deuda,dentro_del_mvp,train,si,VEN_0144_3,2026-04-01,2026-06-30,situacion_critica,en_riesgo,calculado,99.52,train,VEN_0144_3,2026-04-01,2026-06-30,situacion_critica,recomendacion_disponible,REC_BUSCAR_APOYO_Y_CONTENER,revisar,modelo_validado_por_guardas,si,requerida,Entre 2026-04-01 00:00:00 y 2026-06-30 00:00:00 se observó el estado situacion_critica con 99.52 % de confianza y 0.00 meses de cobertura esencial. La selección REC_BUSCAR_APOYO_Y_CONTENER considera la meta pagar deuda y las restricciones disponibles.,,situacion_critica_con_revision_humana | hobbies_no_eliminados_automaticamente,65,3,5,True,True,True,True,True,True,True
PERF_0145,Actividad principal declarada: Repartidor de domicilios / Repartidora de domicilios. Estado de ingreso actual: apoyo. Ingreso mensual neto declarado: 500000 COP. Hobbies declarados: fotografia_y_video | manualidades_y_artesanias. Objetivo: pagar deuda.,Repartidor de domicilios / Repartidora de domicilios,domicilios_mensajeria_y_reparto,apoyo,pagar deuda,dentro_del_mvp,test,si,VEN_0145_3,2026-04-01,2026-06-30,situacion_critica,en_riesgo,calculado,99.7,test,VEN_0145_3,2026-04-01,2026-06-30,situacion_critica,recomendacion_disponible,REC_BUSCAR_APOYO_Y_CONTENER,revisar,modelo_validado_por_guardas,si,requerida,Entre 2026-04-01 00:00:00 y 2026-06-30 00:00:00 se observó el estado situacion_critica con 99.70 % de confianza y 0.00 meses de cobertura esencial. La selección REC_BUSCAR_APOYO_Y_CONTENER considera la meta pagar deuda y las restricciones disponibles.,,situacion_critica_con_revision_humana | hobbies_no_eliminados_automaticamente,77,2,2,True,True,True,True,True,True,True
PERF_0146,Actividad principal declarada: Vendedor de tienda / Vendedora de tienda. Estado de ingreso actual: fijo. Ingreso mensual neto declarado: 910000 COP. Hobbies declarados: videojuegos_y_streaming | pintura. Objetivo: comprar equipo de trabajo.,Vendedor de tienda / Vendedora de tienda,ventas_al_por_menor,fijo,comprar equipo de trabajo,dentro_del_mvp,train,si,VEN_0146_3,2026-04-01,2026-06-30,situacion_critica,en_riesgo,calculado,99.37,train,VEN_0146_3,2026-04-01,2026-06-30,situacion_critica,recomendacion_disponible,REC_BUSCAR_APOYO_Y_CONTENER,revisar,modelo_validado_por_guardas,si,requerida,Entre 2026-04-01 00:00:00 y 2026-06-30 00:00:00 se observó el estado situacion_critica con 99.37 % de confianza y 0.00 meses de cobertura esencial. La selección REC_BUSCAR_APOYO_Y_CONTENER considera la meta comprar equipo de trabajo y las restricciones disponibles.,,situacion_critica_con_revision_humana | hobbies_no_eliminados_automaticamente,84,5,0,True,True,True,True,True,True,True
PERF_0147,Actividad principal declarada: Editor de video / Editora de video. Estado de ingreso actual: apoyo. Ingreso mensual neto declarado: 500000 COP. Hobbies declarados: turismo_y_viajes.,Editor de video / Editora de video,diseno_audiovisual_y_edicion_de_video,apoyo,no declarado,dentro_del_mvp,train,si,VEN_0147_3,2026-04-01,2026-06-30,situacion_critica,en_riesgo,calculado,100.0,train,VEN_0147_3,2026-04-01,2026-06-30,situacion_critica,recomendacion_disponible,REC_BUSCAR_APOYO_Y_CONTENER,revisar,modelo_validado_por_guardas,si,requerida,Entre 2026-04-01 00:00:00 y 2026-06-30 00:00:00 se observó el estado situacion_critica con 100.00 % de confianza y 0.00 meses de cobertura esencial. La selección REC_BUSCAR_APOYO_Y_CONTENER considera la meta no declarado y las restricciones disponibles.,,situacion_critica_con_revision_humana | hobbies_no_eliminados_automaticamente,84,4,0,True,True,True,True,True,True,True
PERF_0148,Actividad principal declarada: Docente de educación básica secundaria. Estado de ingreso actual: apoyo. Ingreso mensual neto declarado: 3810000 COP. Hobbies declarados: impresion_3d. Objetivo: mejorar vivienda.,Docente de educación básica secundaria,docencia_y_formacion,apoyo,mejorar vivienda,dentro_del_mvp,train,si,VEN_0148_3,2026-04-01,2026-06-30,acumulacion_estable,saludable,calculado,91.87,train,VEN_0148_3,2026-04-01,2026-06-30,acumulacion_estable,recomendacion_disponible,REC_APARTAR_PARA_META,aplicar,modelo_validado_por_guardas,no,no_requerida,Entre 2026-04-01 00:00:00 y 2026-06-30 00:00:00 se observó el estado acumulacion_estable con 91.87 % de confianza y 5.78 meses de cobertura esencial. La selección REC_APARTAR_PARA_META considera la meta mejorar vivienda y las restricciones disponibles.,,meta_confirmada | hobbies_no_eliminados_automaticamente,90,2,3,True,True,True,True,True,True,True
PERF_0149,Actividad principal declarada: Horticultor / Horticultora. Estado de ingreso actual: fijo. Ingreso mensual neto declarado: 1340000 COP. Hobbies declarados: jardineria_y_agricultura_urbana | fotografia_y_video. Objetivo: comprar bicicleta.,Horticultor / Horticultora,agricultura,fijo,comprar bicicleta,dentro_del_mvp,train,si,VEN_0149_3,2026-04-01,2026-06-30,fragilidad_sostenida,en_riesgo,calculado,96.83,train,VEN_0149_3,2026-04-01,2026-06-30,fragilidad_sostenida,recomendacion_disponible,REC_PROTEGER_ESENCIALES_Y_DEUDA,priorizar,modelo_validado_por_guardas,si,recomendada,Entre 2026-04-01 00:00:00 y 2026-06-30 00:00:00 se observó el estado fragilidad_sostenida con 96.83 % de confianza y 0.20 meses de cobertura esencial. La selección REC_PROTEGER_ESENCIALES_Y_DEUDA considera la meta comprar bicicleta y las restricciones disponibles.,,esenciales_y_deuda_protegidas | hobbies_no_eliminados_automaticamente,93,3,3,True,True,True,True,True,True,True
PERF_0150,Actividad principal declarada: Barbero / Barbera. Estado de ingreso actual: mixto. Ingreso mensual neto declarado: 3039000 COP. Ingreso adicional: actividad independiente adicional. Hobbies declarados: ciclismo.,Barbero / Barbera,peluqueria_y_barberia,mixto,no declarado,dentro_del_mvp,train,si,VEN_0150_3,2026-04-01,2026-06-30,fragilidad_sostenida,en_riesgo,calculado,89.37,train,VEN_0150_3,2026-04-01,2026-06-30,fragilidad_sostenida,recomendacion_disponible,REC_PROTEGER_ESENCIALES_Y_DEUDA,priorizar,modelo_validado_por_guardas,si,recomendada,Entre 2026-04-01 00:00:00 y 2026-06-30 00:00:00 se observó el estado fragilidad_sostenida con 89.37 % de confianza y 0.05 meses de cobertura esencial. La selección REC_PROTEGER_ESENCIALES_Y_DEUDA considera la meta no declarado y las restricciones disponibles.,,esenciales_y_deuda_protegidas | hobbies_no_eliminados_automaticamente,100,2,2,True,True,True,True,True,True,True
PERF_0151,Actividad principal declarada: Ingeniero de software / Ingeniera de software. Estado de ingreso actual: estacional. Ingreso mensual neto declarado: 7144000 COP. Hobbies declarados: pintura | videojuegos_y_streaming.,Ingeniero de software / Ingeniera de software,ingenieria_y_desarrollo_de_software,estacional,no declarado,dentro_del_mvp,train,si,VEN_0151_3,2026-04-01,2026-06-30,situacion_critica,en_riesgo,calculado,96.49,train,VEN_0151_3,2026-04-01,2026-06-30,situacion_critica,recomendacion_disponible,REC_BUSCAR_APOYO_Y_CONTENER,revisar,modelo_validado_por_guardas,si,requerida,Entre 2026-04-01 00:00:00 y 2026-06-30 00:00:00 se observó el estado situacion_critica con 96.49 % de confianza y 0.00 meses de cobertura esencial. La selección REC_BUSCAR_APOYO_Y_CONTENER considera la meta no declarado y las restricciones disponibles.,,situacion_critica_con_revision_humana | hobbies_no_eliminados_automaticamente,87,2,7,True,True,True,True,True,True,True
PERF_0152,Actividad principal declarada: Nutricionista dietista. Estado de ingreso actual: estacional. Ingreso mensual neto declarado: 4908000 COP. Hobbies declarados: cocina_y_reposteria | impresion_3d. Objetivo: hacer viaje.,Nutricionista dietista,nutricion_y_dietetica,estacional,hacer viaje,dentro_del_mvp,train,si,VEN_0152_3,2026-04-01,2026-06-30,fragilidad_sostenida,en_riesgo,calculado,88.79,train,VEN_0152_3,2026-04-01,2026-06-30,fragilidad_sostenida,recomendacion_disponible,REC_PROTEGER_ESENCIALES_Y_DEUDA,priorizar,modelo_validado_por_guardas,si,recomendada,Entre 2026-04-01 00:00:00 y 2026-06-30 00:00:00 se observó el estado fragilidad_sostenida con 88.79 % de confianza y 0.62 meses de cobertura esencial. La selección REC_PROTEGER_ESENCIALES_Y_DEUDA considera la meta hacer viaje y las restricciones disponibles.,,esenciales_y_deuda_protegidas | hobbies_no_eliminados_automaticamente,95,2,5,True,True,True,True,True,True,True
PERF_0153,Actividad principal declarada: Disc jockey. Estado de ingreso actual: apoyo. Ingreso mensual neto declarado: 500000 COP. Hobbies declarados: manualidades_y_artesanias | pintura.,Disc jockey,musica_y_entretenimiento_dj,apoyo,no declarado,dentro_del_mvp,validation,si,VEN_0153_3,2026-04-01,2026-06-30,situacion_critica,en_riesgo,calculado,100.0,validation,VEN_0153_3,2026-04-01,2026-06-30,situacion_critica,recomendacion_disponible,REC_BUSCAR_APOYO_Y_CONTENER,revisar,modelo_validado_por_guardas,si,requerida,Entre 2026-04-01 00:00:00 y 2026-06-30 00:00:00 se observó el estado situacion_critica con 100.00 % de confianza y 0.00 meses de cobertura esencial. La selección REC_BUSCAR_APOYO_Y_CONTENER considera la meta no declarado y las restricciones disponibles.,,situacion_critica_con_revision_humana | hobbies_no_eliminados_automaticamente,60,3,3,True,True,True,True,True,True,True
PERF_0154,Actividad principal declarada: Ciclista. Estado de ingreso actual: estacional. Ingreso mensual neto declarado: 4495500 COP. Hobbies declarados: musica | cocina_y_reposteria. Objetivo: ampliar actividad economica.,Ciclista,deporte_competitivo_ciclismo,estacional,ampliar actividad economica,dentro_del_mvp,train,si,VEN_0154_3,2026-04-01,2026-06-30,situacion_critica,en_riesgo,calculado,99.67,train,VEN_0154_3,2026-04-01,2026-06-30,situacion_critica,recomendacion_disponible,REC_BUSCAR_APOYO_Y_CONTENER,revisar,modelo_validado_por_guardas,si,requerida,Entre 2026-04-01 00:00:00 y 2026-06-30 00:00:00 se observó el estado situacion_critica con 99.67 % de confianza y 0.00 meses de cobertura esencial. La selección REC_BUSCAR_APOYO_Y_CONTENER considera la meta ampliar actividad economica y las restricciones disponibles.,,situacion_critica_con_revision_humana | hobbies_no_eliminados_automaticamente,85,3,3,True,True,True,True,True,True,True
PERF_0155,Actividad principal declarada: Repartidor de domicilios / Repartidora de domicilios. Estado de ingreso actual: apoyo. Ingreso mensual neto declarado: 500000 COP. Hobbies declarados: fotografia_y_video | impresion_3d.,Repartidor de domicilios / Repartidora de domicilios,domicilios_mensajeria_y_reparto,apoyo,no declarado,dentro_del_mvp,train,si,VEN_0155_3,2026-04-01,2026-06-30,situacion_critica,en_riesgo,calculado,99.63,train,VEN_0155_3,2026-04-01,2026-06-30,situacion_critica,recomendacion_disponible,REC_BUSCAR_APOYO_Y_CONTENER,revisar,modelo_validado_por_guardas,si,requerida,Entre 2026-04-01 00:00:00 y 2026-06-30 00:00:00 se observó el estado situacion_critica con 99.63 % de confianza y 0.00 meses de cobertura esencial. La selección REC_BUSCAR_APOYO_Y_CONTENER considera la meta no declarado y las restricciones disponibles.,,situacion_critica_con_revision_humana | hobbies_no_eliminados_automaticamente,59,2,1,True,True,True,True,True,True,True
PERF_0156,Actividad principal declarada: Vendedor de tienda / Vendedora de tienda. Estado de ingreso actual: variable. Ingreso mensual neto declarado: 5122000 COP. Hobbies declarados: videojuegos_y_streaming. Objetivo: crear fondo emergencia.,Vendedor de tienda / Vendedora de tienda,ventas_al_por_menor,variable,crear fondo emergencia,dentro_del_mvp,train,si,VEN_0156_3,2026-04-01,2026-06-30,equilibrio_sostenible,saludable,calculado,84.73,train,VEN_0156_3,2026-04-01,2026-06-30,equilibrio_sostenible,recomendacion_disponible,REC_CUIDAR_MARGEN_CON_DEUDA,mantener,modelo_validado_por_guardas,no,no_requerida,Entre 2026-04-01 00:00:00 y 2026-06-30 00:00:00 se observó el estado equilibrio_sostenible con 84.73 % de confianza y 1.89 meses de cobertura esencial. La selección REC_CUIDAR_MARGEN_CON_DEUDA considera la meta crear fondo emergencia y las restricciones disponibles.,,deuda_activa_considerada | hobbies_no_eliminados_automaticamente,96,3,3,True,True,True,True,True,True,True
PERF_0157,Actividad principal declarada: Editor de video / Editora de video. Estado de ingreso actual: variable. Ingreso mensual neto declarado: 5430000 COP. Hobbies declarados: turismo_y_viajes | pintura.,Editor de video / Editora de video,diseno_audiovisual_y_edicion_de_video,variable,no declarado,dentro_del_mvp,train,si,VEN_0157_3,2026-04-01,2026-06-30,variable_resiliente,saludable,calculado,62.61,train,VEN_0157_3,2026-04-01,2026-06-30,variable_resiliente,recomendacion_disponible,REC_GUARDAR_EN_MESES_ALTOS,aplicar,modelo_validado_por_guardas,no,no_requerida,Entre 2026-04-01 00:00:00 y 2026-06-30 00:00:00 se observó el estado variable_resiliente con 62.61 % de confianza y 5.15 meses de cobertura esencial. La selección REC_GUARDAR_EN_MESES_ALTOS considera la meta no declarado y las restricciones disponibles.,,variabilidad_no_tratada_como_riesgo | hobbies_no_eliminados_automaticamente,93,2,2,True,True,True,True,True,True,True
PERF_0158,Actividad principal declarada: Docente de educación básica secundaria. Estado de ingreso actual: sin_ingresos. Hobbies declarados: impresion_3d | videojuegos_y_streaming.,Docente de educación básica secundaria,docencia_y_formacion,sin_ingresos,no declarado,dentro_del_mvp,train,si,VEN_0158_3,2026-04-01,2026-06-30,situacion_critica,en_riesgo,calculado,99.85,train,VEN_0158_3,2026-04-01,2026-06-30,situacion_critica,recomendacion_disponible,REC_CUIDAR_RECURSOS_SIN_INGRESO,priorizar,modelo_validado_por_guardas,si,recomendada,Entre 2026-04-01 00:00:00 y 2026-06-30 00:00:00 se observó el estado situacion_critica con 99.85 % de confianza y 0.00 meses de cobertura esencial. La selección REC_CUIDAR_RECURSOS_SIN_INGRESO considera la meta no declarado y las restricciones disponibles.,,recursos_protegidos_sin_ingresos | hobbies_no_eliminados_automaticamente,92,2,8,True,True,True,True,True,True,True
PERF_0159,Actividad principal declarada: Horticultor / Horticultora. Estado de ingreso actual: fijo. Ingreso mensual neto declarado: 1454333 COP. Hobbies declarados: jardineria_y_agricultura_urbana | pintura. Objetivo: mejorar vivienda.,Horticultor / Horticultora,agricultura,fijo,mejorar vivienda,dentro_del_mvp,train,si,VEN_0159_3,2026-04-01,2026-06-30,situacion_critica,en_riesgo,calculado,99.75,train,VEN_0159_3,2026-04-01,2026-06-30,situacion_critica,recomendacion_disponible,REC_BUSCAR_APOYO_Y_CONTENER,revisar,modelo_validado_por_guardas,si,requerida,Entre 2026-04-01 00:00:00 y 2026-06-30 00:00:00 se observó el estado situacion_critica con 99.75 % de confianza y 0.00 meses de cobertura esencial. La selección REC_BUSCAR_APOYO_Y_CONTENER considera la meta mejorar vivienda y las restricciones disponibles.,,situacion_critica_con_revision_humana | hobbies_no_eliminados_automaticamente,89,2,5,True,True,True,True,True,True,True
PERF_0160,Actividad principal declarada: Barbero / Barbera. Estado de ingreso actual: variable. Ingreso mensual neto declarado: 2769667 COP. Hobbies declarados: ciclismo | turismo_y_viajes. Objetivo: mejorar vivienda.,Barbero / Barbera,peluqueria_y_barberia,variable,mejorar vivienda,dentro_del_mvp,test,si,VEN_0160_3,2026-04-01,2026-06-30,situacion_critica,en_riesgo,calculado,99.65,test,VEN_0160_3,2026-04-01,2026-06-30,situacion_critica,recomendacion_disponible,REC_BUSCAR_APOYO_Y_CONTENER,revisar,modelo_validado_por_guardas,si,requerida,Entre 2026-04-01 00:00:00 y 2026-06-30 00:00:00 se observó el estado situacion_critica con 99.65 % de confianza y 0.00 meses de cobertura esencial. La selección REC_BUSCAR_APOYO_Y_CONTENER considera la meta mejorar vivienda y las restricciones disponibles.,,situacion_critica_con_revision_humana | hobbies_no_eliminados_automaticamente,96,2,2,True,True,True,True,True,True,True
PERF_0161,Actividad principal declarada: Ingeniero de software / Ingeniera de software. Estado de ingreso actual: fijo. Ingreso mensual neto declarado: 580000 COP. Hobbies declarados: pintura. Objetivo: hacer certificacion profesional.,Ingeniero de software / Ingeniera de software,ingenieria_y_desarrollo_de_software,fijo,hacer certificacion profesional,dentro_del_mvp,train,si,VEN_0161_3,2026-04-01,2026-06-30,situacion_critica,en_riesgo,calculado,100.0,train,VEN_0161_3,2026-04-01,2026-06-30,situacion_critica,recomendacion_disponible,REC_BUSCAR_APOYO_Y_CONTENER,revisar,modelo_validado_por_guardas,si,requerida,Entre 2026-04-01 00:00:00 y 2026-06-30 00:00:00 se observó el estado situacion_critica con 100.00 % de confianza y 0.00 meses de cobertura esencial. La selección REC_BUSCAR_APOYO_Y_CONTENER considera la meta hacer certificacion profesional y las restricciones disponibles.,,situacion_critica_con_revision_humana | hobbies_no_eliminados_automaticamente,90,3,2,True,True,True,True,True,True,True
PERF_0162,Actividad principal declarada: Nutricionista dietista. Estado de ingreso actual: sin_ingresos. Hobbies declarados: cocina_y_reposteria | pintura. Objetivo: ampliar actividad economica.,Nutricionista dietista,nutricion_y_dietetica,sin_ingresos,ampliar actividad economica,dentro_del_mvp,validation,si,VEN_0162_3,2026-04-01,2026-06-30,situacion_critica,en_riesgo,calculado,99.82,validation,VEN_0162_3,2026-04-01,2026-06-30,situacion_critica,recomendacion_disponible,REC_CUIDAR_RECURSOS_SIN_INGRESO,priorizar,modelo_validado_por_guardas,si,recomendada,Entre 2026-04-01 00:00:00 y 2026-06-30 00:00:00 se observó el estado situacion_critica con 99.82 % de confianza y 0.00 meses de cobertura esencial. La selección REC_CUIDAR_RECURSOS_SIN_INGRESO considera la meta ampliar actividad economica y las restricciones disponibles.,,recursos_protegidos_sin_ingresos | hobbies_no_eliminados_automaticamente,73,1,0,True,True,True,True,True,True,True
PERF_0163,Actividad principal declarada: Disc jockey. Estado de ingreso actual: variable. Ingreso mensual neto declarado: 3789333 COP. Hobbies declarados: manualidades_y_artesanias | cocina_y_reposteria.,Disc jockey,musica_y_entretenimiento_dj,variable,no declarado,dentro_del_mvp,test,si,VEN_0163_3,2026-04-01,2026-06-30,equilibrio_sostenible,saludable,calculado,86.09,test,VEN_0163_3,2026-04-01,2026-06-30,equilibrio_sostenible,recomendacion_disponible,REC_PROTEGER_ESENCIALES_Y_DEUDA,priorizar,guarda_etica,si,recomendada,Entre 2026-04-01 00:00:00 y 2026-06-30 00:00:00 se observó el estado equilibrio_sostenible con 86.09 % de confianza y 0.99 meses de cobertura esencial. La selección REC_PROTEGER_ESENCIALES_Y_DEUDA considera la meta no declarado y las restricciones disponibles.,,esenciales_y_deuda_protegidas | hobbies_no_eliminados_automaticamente,91,2,1,True,True,True,True,True,True,True
PERF_0164,Actividad principal declarada: Ciclista. Estado de ingreso actual: variable. Ingreso mensual neto declarado: 7375000 COP. Hobbies declarados: musica.,Ciclista,deporte_competitivo_ciclismo,variable,no declarado,dentro_del_mvp,test,si,VEN_0164_3,2026-04-01,2026-06-30,situacion_critica,en_riesgo,calculado,83.87,test,VEN_0164_3,2026-04-01,2026-06-30,situacion_critica,recomendacion_disponible,REC_BUSCAR_APOYO_Y_CONTENER,revisar,modelo_validado_por_guardas,si,requerida,Entre 2026-04-01 00:00:00 y 2026-06-30 00:00:00 se observó el estado situacion_critica con 83.87 % de confianza y 0.00 meses de cobertura esencial. La selección REC_BUSCAR_APOYO_Y_CONTENER considera la meta no declarado y las restricciones disponibles.,,situacion_critica_con_revision_humana | hobbies_no_eliminados_automaticamente,98,2,4,True,True,True,True,True,True,True
PERF_0165,Actividad principal declarada: Repartidor de domicilios / Repartidora de domicilios. Estado de ingreso actual: variable. Ingreso mensual neto declarado: 3694667 COP. Hobbies declarados: fotografia_y_video | musica. Objetivo: mejorar vivienda.,Repartidor de domicilios / Repartidora de domicilios,domicilios_mensajeria_y_reparto,variable,mejorar vivienda,dentro_del_mvp,train,si,VEN_0165_3,2026-04-01,2026-06-30,estado_incierto,no_disponible,requiere_confirmacion,48.49,train,VEN_0165_3,2026-04-01,2026-06-30,estado_incierto,abstencion,no_disponible,abstener,abstencion_por_evidencia,no_aplica,no_aplica,Falta evidencia suficiente para seleccionar una acción segura.,estado_financiero_sin_evidencia_suficiente | estado_fuera_del_catalogo | confianza_del_estado_insuficiente,,99,1,11,True,True,True,True,True,True,True
PERF_0166,Actividad principal declarada: Vendedor de tienda / Vendedora de tienda. Estado de ingreso actual: estacional. Ingreso mensual neto declarado: 5216000 COP. Hobbies declarados: videojuegos_y_streaming | jardineria_y_agricultura_urbana.,Vendedor de tienda / Vendedora de tienda,ventas_al_por_menor,estacional,no declarado,dentro_del_mvp,train,si,VEN_0166_3,2026-04-01,2026-06-30,situacion_critica,en_riesgo,calculado,96.04,train,VEN_0166_3,2026-04-01,2026-06-30,situacion_critica,recomendacion_disponible,REC_BUSCAR_APOYO_Y_CONTENER,revisar,modelo_validado_por_guardas,si,requerida,Entre 2026-04-01 00:00:00 y 2026-06-30 00:00:00 se observó el estado situacion_critica con 96.04 % de confianza y 0.00 meses de cobertura esencial. La selección REC_BUSCAR_APOYO_Y_CONTENER considera la meta no declarado y las restricciones disponibles.,,situacion_critica_con_revision_humana | hobbies_no_eliminados_automaticamente,94,2,6,True,True,True,True,True,True,True
PERF_0167,Actividad principal declarada: Editor de video / Editora de video. Estado de ingreso actual: variable. Ingreso mensual neto declarado: 2219667 COP. Hobbies declarados: turismo_y_viajes. Objetivo: comprar equipo de trabajo.,Editor de video / Editora de video,diseno_audiovisual_y_edicion_de_video,variable,comprar equipo de trabajo,dentro_del_mvp,train,si,VEN_0167_3,2026-04-01,2026-06-30,situacion_critica,en_riesgo,calculado,99.8,train,VEN_0167_3,2026-04-01,2026-06-30,situacion_critica,recomendacion_disponible,REC_BUSCAR_APOYO_Y_CONTENER,revisar,modelo_validado_por_guardas,si,requerida,Entre 2026-04-01 00:00:00 y 2026-06-30 00:00:00 se observó el estado situacion_critica con 99.80 % de confianza y 0.00 meses de cobertura esencial. La selección REC_BUSCAR_APOYO_Y_CONTENER considera la meta comprar equipo de trabajo y las restricciones disponibles.,,situacion_critica_con_revision_humana | hobbies_no_eliminados_automaticamente,98,3,2,True,True,True,True,True,True,True
PERF_0168,Actividad principal declarada: Docente de educación básica secundaria. Estado de ingreso actual: fijo. Ingreso mensual neto declarado: 1750000 COP. Hobbies declarados: impresion_3d | musica. Objetivo: comprar bicicleta.,Docente de educación básica secundaria,docencia_y_formacion,fijo,comprar bicicleta,dentro_del_mvp,train,si,VEN_0168_3,2026-04-01,2026-06-30,situacion_critica,en_riesgo,calculado,100.0,train,VEN_0168_3,2026-04-01,2026-06-30,situacion_critica,recomendacion_disponible,REC_BUSCAR_APOYO_Y_CONTENER,revisar,modelo_validado_por_guardas,si,requerida,Entre 2026-04-01 00:00:00 y 2026-06-30 00:00:00 se observó el estado situacion_critica con 100.00 % de confianza y 0.00 meses de cobertura esencial. La selección REC_BUSCAR_APOYO_Y_CONTENER considera la meta comprar bicicleta y las restricciones disponibles.,,situacion_critica_con_revision_humana | hobbies_no_eliminados_automaticamente,97,2,3,True,True,True,True,True,True,True
PERF_0169,Actividad principal declarada: Horticultor / Horticultora. Estado de ingreso actual: fijo. Ingreso mensual neto declarado: 1740000 COP. Hobbies declarados: jardineria_y_agricultura_urbana | videojuegos_y_streaming. Objetivo: comprar bicicleta.,Horticultor / Horticultora,agricultura,fijo,comprar bicicleta,dentro_del_mvp,train,si,VEN_0169_3,2026-04-01,2026-06-30,fragilidad_sostenida,en_riesgo,calculado,80.64,train,VEN_0169_3,2026-04-01,2026-06-30,fragilidad_sostenida,recomendacion_disponible,REC_PROTEGER_ESENCIALES_Y_DEUDA,priorizar,modelo_validado_por_guardas,si,recomendada,Entre 2026-04-01 00:00:00 y 2026-06-30 00:00:00 se observó el estado fragilidad_sostenida con 80.64 % de confianza y 1.86 meses de cobertura esencial. La selección REC_PROTEGER_ESENCIALES_Y_DEUDA considera la meta comprar bicicleta y las restricciones disponibles.,,esenciales_y_deuda_protegidas | hobbies_no_eliminados_automaticamente,92,2,1,True,True,True,True,True,True,True
PERF_0170,Actividad principal declarada: Barbero / Barbera. Estado de ingreso actual: mixto. Ingreso mensual neto declarado: 6725667 COP. Ingreso adicional: Editor de video / Editora de video. Hobbies declarados: ciclismo | fotografia_y_video.,Barbero / Barbera,peluqueria_y_barberia,mixto,no declarado,dentro_del_mvp,validation,si,VEN_0170_3,2026-04-01,2026-06-30,equilibrio_sostenible,saludable,calculado,84.72,validation,VEN_0170_3,2026-04-01,2026-06-30,equilibrio_sostenible,recomendacion_disponible,REC_CUIDAR_MARGEN,mantener,modelo_validado_por_guardas,no,no_requerida,Entre 2026-04-01 00:00:00 y 2026-06-30 00:00:00 se observó el estado equilibrio_sostenible con 84.72 % de confianza y 1.70 meses de cobertura esencial. La selección REC_CUIDAR_MARGEN considera la meta no declarado y las restricciones disponibles.,,margen_sin_deuda_considerado | hobbies_no_eliminados_automaticamente,95,2,1,True,True,True,True,True,True,True
PERF_0171,Actividad principal declarada: Ingeniero de software / Ingeniera de software. Estado de ingreso actual: mixto. Ingreso mensual neto declarado: 9243333 COP. Ingreso adicional: actividad independiente adicional. Hobbies declarados: pintura.,Ingeniero de software / Ingeniera de software,ingenieria_y_desarrollo_de_software,mixto,no declarado,dentro_del_mvp,test,si,VEN_0171_3,2026-04-01,2026-06-30,variable_resiliente,saludable,calculado,92.07,test,VEN_0171_3,2026-04-01,2026-06-30,variable_resiliente,recomendacion_disponible,REC_GUARDAR_EN_MESES_ALTOS,aplicar,modelo_validado_por_guardas,no,no_requerida,Entre 2026-04-01 00:00:00 y 2026-06-30 00:00:00 se observó el estado variable_resiliente con 92.07 % de confianza y 2.07 meses de cobertura esencial. La selección REC_GUARDAR_EN_MESES_ALTOS considera la meta no declarado y las restricciones disponibles.,,variabilidad_no_tratada_como_riesgo | hobbies_no_eliminados_automaticamente,93,3,3,True,True,True,True,True,True,True
PERF_0172,Actividad principal declarada: Nutricionista dietista. Estado de ingreso actual: sin_ingresos. Hobbies declarados: cocina_y_reposteria | videojuegos_y_streaming.,Nutricionista dietista,nutricion_y_dietetica,sin_ingresos,no declarado,dentro_del_mvp,train,si,VEN_0172_3,2026-04-01,2026-06-30,situacion_critica,en_riesgo,calculado,99.85,train,VEN_0172_3,2026-04-01,2026-06-30,situacion_critica,recomendacion_disponible,REC_CUIDAR_RECURSOS_SIN_INGRESO,priorizar,modelo_validado_por_guardas,si,recomendada,Entre 2026-04-01 00:00:00 y 2026-06-30 00:00:00 se observó el estado situacion_critica con 99.85 % de confianza y 0.00 meses de cobertura esencial. La selección REC_CUIDAR_RECURSOS_SIN_INGRESO considera la meta no declarado y las restricciones disponibles.,,recursos_protegidos_sin_ingresos | hobbies_no_eliminados_automaticamente,80,1,4,True,True,True,True,True,True,True
PERF_0173,Actividad principal declarada: Disc jockey. Estado de ingreso actual: apoyo. Ingreso mensual neto declarado: 500000 COP. Hobbies declarados: manualidades_y_artesanias | pintura. Objetivo: hacer certificacion profesional.,Disc jockey,musica_y_entretenimiento_dj,apoyo,hacer certificacion profesional,dentro_del_mvp,train,si,VEN_0173_3,2026-04-01,2026-06-30,situacion_critica,en_riesgo,calculado,99.86,train,VEN_0173_3,2026-04-01,2026-06-30,situacion_critica,recomendacion_disponible,REC_BUSCAR_APOYO_Y_CONTENER,revisar,modelo_validado_por_guardas,si,requerida,Entre 2026-04-01 00:00:00 y 2026-06-30 00:00:00 se observó el estado situacion_critica con 99.86 % de confianza y 0.00 meses de cobertura esencial. La selección REC_BUSCAR_APOYO_Y_CONTENER considera la meta hacer certificacion profesional y las restricciones disponibles.,,situacion_critica_con_revision_humana | hobbies_no_eliminados_automaticamente,71,2,1,True,True,True,True,True,True,True
PERF_0174,Actividad principal declarada: Ciclista. Estado de ingreso actual: estacional. Ingreso mensual neto declarado: 6415500 COP. Hobbies declarados: musica.,Ciclista,deporte_competitivo_ciclismo,estacional,no declarado,dentro_del_mvp,train,si,VEN_0174_3,2026-04-01,2026-06-30,situacion_critica,en_riesgo,calculado,98.83,train,VEN_0174_3,2026-04-01,2026-06-30,situacion_critica,recomendacion_disponible,REC_BUSCAR_APOYO_Y_CONTENER,revisar,modelo_validado_por_guardas,si,requerida,Entre 2026-04-01 00:00:00 y 2026-06-30 00:00:00 se observó el estado situacion_critica con 98.83 % de confianza y 0.00 meses de cobertura esencial. La selección REC_BUSCAR_APOYO_Y_CONTENER considera la meta no declarado y las restricciones disponibles.,,situacion_critica_con_revision_humana | hobbies_no_eliminados_automaticamente,89,2,2,True,True,True,True,True,True,True
PERF_0175,Actividad principal declarada: Repartidor de domicilios / Repartidora de domicilios. Estado de ingreso actual: fijo. Ingreso mensual neto declarado: 500000 COP. Hobbies declarados: fotografia_y_video. Objetivo: hacer viaje.,Repartidor de domicilios / Repartidora de domicilios,domicilios_mensajeria_y_reparto,fijo,hacer viaje,dentro_del_mvp,validation,si,VEN_0175_3,2026-04-01,2026-06-30,situacion_critica,en_riesgo,calculado,99.96,validation,VEN_0175_3,2026-04-01,2026-06-30,situacion_critica,recomendacion_disponible,REC_BUSCAR_APOYO_Y_CONTENER,revisar,modelo_validado_por_guardas,si,requerida,Entre 2026-04-01 00:00:00 y 2026-06-30 00:00:00 se observó el estado situacion_critica con 99.96 % de confianza y 0.00 meses de cobertura esencial. La selección REC_BUSCAR_APOYO_Y_CONTENER considera la meta hacer viaje y las restricciones disponibles.,,situacion_critica_con_revision_humana | hobbies_no_eliminados_automaticamente,80,3,1,True,True,True,True,True,True,True
PERF_0176,Actividad principal declarada: Vendedor de tienda / Vendedora de tienda. Estado de ingreso actual: fijo. Ingreso mensual neto declarado: 780000 COP. Hobbies declarados: videojuegos_y_streaming. Objetivo: mejorar vivienda.,Vendedor de tienda / Vendedora de tienda,ventas_al_por_menor,fijo,mejorar vivienda,dentro_del_mvp,train,si,VEN_0176_3,2026-04-01,2026-06-30,situacion_critica,en_riesgo,calculado,97.76,train,VEN_0176_3,2026-04-01,2026-06-30,situacion_critica,recomendacion_disponible,REC_BUSCAR_APOYO_Y_CONTENER,revisar,modelo_validado_por_guardas,si,requerida,Entre 2026-04-01 00:00:00 y 2026-06-30 00:00:00 se observó el estado situacion_critica con 97.76 % de confianza y 0.00 meses de cobertura esencial. La selección REC_BUSCAR_APOYO_Y_CONTENER considera la meta mejorar vivienda y las restricciones disponibles.,,situacion_critica_con_revision_humana | hobbies_no_eliminados_automaticamente,76,3,3,True,True,True,True,True,True,True
PERF_0177,Actividad principal declarada: Editor de video / Editora de video. Estado de ingreso actual: fijo. Ingreso mensual neto declarado: 500000 COP. Hobbies declarados: turismo_y_viajes | jardineria_y_agricultura_urbana. Objetivo: crear fondo emergencia.,Editor de video / Editora de video,diseno_audiovisual_y_edicion_de_video,fijo,crear fondo emergencia,dentro_del_mvp,validation,si,VEN_0177_3,2026-04-01,2026-06-30,situacion_critica,en_riesgo,calculado,99.83,validation,VEN_0177_3,2026-04-01,2026-06-30,situacion_critica,recomendacion_disponible,REC_BUSCAR_APOYO_Y_CONTENER,revisar,modelo_validado_por_guardas,si,requerida,Entre 2026-04-01 00:00:00 y 2026-06-30 00:00:00 se observó el estado situacion_critica con 99.83 % de confianza y 0.00 meses de cobertura esencial. La selección REC_BUSCAR_APOYO_Y_CONTENER considera la meta crear fondo emergencia y las restricciones disponibles.,,situacion_critica_con_revision_humana | hobbies_no_eliminados_automaticamente,73,2,1,True,True,True,True,True,True,True
PERF_0178,Actividad principal declarada: Docente de educación básica secundaria. Estado de ingreso actual: estacional. Ingreso mensual neto declarado: 6869000 COP. Hobbies declarados: impresion_3d.,Docente de educación básica secundaria,docencia_y_formacion,estacional,no declarado,dentro_del_mvp,validation,si,VEN_0178_3,2026-04-01,2026-06-30,situacion_critica,en_riesgo,calculado,97.99,validation,VEN_0178_3,2026-04-01,2026-06-30,situacion_critica,recomendacion_disponible,REC_BUSCAR_APOYO_Y_CONTENER,revisar,modelo_validado_por_guardas,si,requerida,Entre 2026-04-01 00:00:00 y 2026-06-30 00:00:00 se observó el estado situacion_critica con 97.99 % de confianza y 0.00 meses de cobertura esencial. La selección REC_BUSCAR_APOYO_Y_CONTENER considera la meta no declarado y las restricciones disponibles.,,situacion_critica_con_revision_humana | hobbies_no_eliminados_automaticamente,92,2,3,True,True,True,True,True,True,True
PERF_0179,Actividad principal declarada: Horticultor / Horticultora. Estado de ingreso actual: estacional. Ingreso mensual neto declarado: 2530333 COP. Hobbies declarados: jardineria_y_agricultura_urbana. Objetivo: ampliar actividad economica.,Horticultor / Horticultora,agricultura,estacional,ampliar actividad economica,dentro_del_mvp,train,si,VEN_0179_3,2026-04-01,2026-06-30,fragilidad_sostenida,en_riesgo,calculado,84.9,train,VEN_0179_3,2026-04-01,2026-06-30,fragilidad_sostenida,recomendacion_disponible,REC_PROTEGER_ESENCIALES_Y_DEUDA,priorizar,modelo_validado_por_guardas,si,recomendada,Entre 2026-04-01 00:00:00 y 2026-06-30 00:00:00 se observó el estado fragilidad_sostenida con 84.90 % de confianza y 0.04 meses de cobertura esencial. La selección REC_PROTEGER_ESENCIALES_Y_DEUDA considera la meta ampliar actividad economica y las restricciones disponibles.,,esenciales_y_deuda_protegidas | hobbies_no_eliminados_automaticamente,94,3,6,True,True,True,True,True,True,True
PERF_0180,Actividad principal declarada: Barbero / Barbera. Estado de ingreso actual: fijo. Ingreso mensual neto declarado: 577333 COP. Hobbies declarados: ciclismo | pintura.,Barbero / Barbera,peluqueria_y_barberia,fijo,no declarado,dentro_del_mvp,train,si,VEN_0180_3,2026-04-01,2026-06-30,situacion_critica,en_riesgo,calculado,100.0,train,VEN_0180_3,2026-04-01,2026-06-30,situacion_critica,recomendacion_disponible,REC_BUSCAR_APOYO_Y_CONTENER,revisar,modelo_validado_por_guardas,si,requerida,Entre 2026-04-01 00:00:00 y 2026-06-30 00:00:00 se observó el estado situacion_critica con 100.00 % de confianza y 0.00 meses de cobertura esencial. La selección REC_BUSCAR_APOYO_Y_CONTENER considera la meta no declarado y las restricciones disponibles.,,situacion_critica_con_revision_humana | hobbies_no_eliminados_automaticamente,63,4,1,True,True,True,True,True,True,True
PERF_0181,Actividad principal declarada: Ingeniero de software / Ingeniera de software. Estado de ingreso actual: sin_ingresos. Hobbies declarados: pintura | turismo_y_viajes. Objetivo: hacer viaje.,Ingeniero de software / Ingeniera de software,ingenieria_y_desarrollo_de_software,sin_ingresos,hacer viaje,dentro_del_mvp,train,si,VEN_0181_3,2026-04-01,2026-06-30,situacion_critica,en_riesgo,calculado,99.87,train,VEN_0181_3,2026-04-01,2026-06-30,situacion_critica,recomendacion_disponible,REC_CUIDAR_RECURSOS_SIN_INGRESO,priorizar,modelo_validado_por_guardas,si,recomendada,Entre 2026-04-01 00:00:00 y 2026-06-30 00:00:00 se observó el estado situacion_critica con 99.87 % de confianza y 0.00 meses de cobertura esencial. La selección REC_CUIDAR_RECURSOS_SIN_INGRESO considera la meta hacer viaje y las restricciones disponibles.,,recursos_protegidos_sin_ingresos | hobbies_no_eliminados_automaticamente,77,2,2,True,True,True,True,True,True,True
PERF_0182,Actividad principal declarada: Nutricionista dietista. Estado de ingreso actual: variable. Ingreso mensual neto declarado: 2406667 COP. Hobbies declarados: cocina_y_reposteria. Objetivo: comprar equipo de trabajo.,Nutricionista dietista,nutricion_y_dietetica,variable,comprar equipo de trabajo,dentro_del_mvp,train,si,VEN_0182_3,2026-04-01,2026-06-30,situacion_critica,en_riesgo,calculado,100.0,train,VEN_0182_3,2026-04-01,2026-06-30,situacion_critica,recomendacion_disponible,REC_BUSCAR_APOYO_Y_CONTENER,revisar,modelo_validado_por_guardas,si,requerida,Entre 2026-04-01 00:00:00 y 2026-06-30 00:00:00 se observó el estado situacion_critica con 100.00 % de confianza y 0.00 meses de cobertura esencial. La selección REC_BUSCAR_APOYO_Y_CONTENER considera la meta comprar equipo de trabajo y las restricciones disponibles.,,situacion_critica_con_revision_humana | hobbies_no_eliminados_automaticamente,92,4,5,True,True,True,True,True,True,True
PERF_0183,Actividad principal declarada: Disc jockey. Estado de ingreso actual: mixto. Ingreso mensual neto declarado: 4422000 COP. Ingreso adicional: Horticultor / Horticultora. Hobbies declarados: manualidades_y_artesanias | turismo_y_viajes. Objetivo: crear fondo emergencia.,Disc jockey,musica_y_entretenimiento_dj,mixto,crear fondo emergencia,dentro_del_mvp,train,si,VEN_0183_3,2026-04-01,2026-06-30,variable_resiliente,saludable,calculado,96.76,train,VEN_0183_3,2026-04-01,2026-06-30,variable_resiliente,recomendacion_disponible,REC_GUARDAR_EN_MESES_ALTOS,aplicar,modelo_validado_por_guardas,no,no_requerida,Entre 2026-04-01 00:00:00 y 2026-06-30 00:00:00 se observó el estado variable_resiliente con 96.76 % de confianza y 8.38 meses de cobertura esencial. La selección REC_GUARDAR_EN_MESES_ALTOS considera la meta crear fondo emergencia y las restricciones disponibles.,,variabilidad_no_tratada_como_riesgo | hobbies_no_eliminados_automaticamente,98,3,3,True,True,True,True,True,True,True
PERF_0184,Actividad principal declarada: Ciclista. Estado de ingreso actual: variable. Ingreso mensual neto declarado: 7028333 COP. Hobbies declarados: musica. Objetivo: ampliar actividad economica.,Ciclista,deporte_competitivo_ciclismo,variable,ampliar actividad economica,dentro_del_mvp,test,si,VEN_0184_3,2026-04-01,2026-06-30,equilibrio_sostenible,saludable,calculado,92.02,test,VEN_0184_3,2026-04-01,2026-06-30,equilibrio_sostenible,recomendacion_disponible,REC_CUIDAR_MARGEN_CON_DEUDA,mantener,modelo_validado_por_guardas,no,no_requerida,Entre 2026-04-01 00:00:00 y 2026-06-30 00:00:00 se observó el estado equilibrio_sostenible con 92.02 % de confianza y 1.40 meses de cobertura esencial. La selección REC_CUIDAR_MARGEN_CON_DEUDA considera la meta ampliar actividad economica y las restricciones disponibles.,,deuda_activa_considerada | hobbies_no_eliminados_automaticamente,98,2,4,True,True,True,True,True,True,True
PERF_0185,Actividad principal declarada: Repartidor de domicilios / Repartidora de domicilios. Estado de ingreso actual: fijo. Ingreso mensual neto declarado: 500000 COP. Hobbies declarados: fotografia_y_video | ciclismo. Objetivo: ampliar actividad economica.,Repartidor de domicilios / Repartidora de domicilios,domicilios_mensajeria_y_reparto,fijo,ampliar actividad economica,dentro_del_mvp,test,si,VEN_0185_3,2026-04-01,2026-06-30,situacion_critica,en_riesgo,calculado,99.83,test,VEN_0185_3,2026-04-01,2026-06-30,situacion_critica,recomendacion_disponible,REC_BUSCAR_APOYO_Y_CONTENER,revisar,modelo_validado_por_guardas,si,requerida,Entre 2026-04-01 00:00:00 y 2026-06-30 00:00:00 se observó el estado situacion_critica con 99.83 % de confianza y 0.00 meses de cobertura esencial. La selección REC_BUSCAR_APOYO_Y_CONTENER considera la meta ampliar actividad economica y las restricciones disponibles.,,situacion_critica_con_revision_humana | hobbies_no_eliminados_automaticamente,73,5,0,True,True,True,True,True,True,True
PERF_0186,Actividad principal declarada: Vendedor de tienda / Vendedora de tienda. Estado de ingreso actual: mixto. Ingreso mensual neto declarado: 5128333 COP. Ingreso adicional: actividad independiente adicional. Hobbies declarados: videojuegos_y_streaming.,Vendedor de tienda / Vendedora de tienda,ventas_al_por_menor,mixto,no declarado,dentro_del_mvp,test,si,VEN_0186_3,2026-04-01,2026-06-30,estado_incierto,no_disponible,requiere_confirmacion,65.4,test,VEN_0186_3,2026-04-01,2026-06-30,estado_incierto,abstencion,no_disponible,abstener,abstencion_por_evidencia,no_aplica,no_aplica,Falta evidencia suficiente para seleccionar una acción segura.,estado_financiero_sin_evidencia_suficiente | estado_fuera_del_catalogo,,100,4,6,True,True,True,True,True,True,True
PERF_0187,Actividad principal declarada: Editor de video / Editora de video. Estado de ingreso actual: sin_ingresos. Hobbies declarados: turismo_y_viajes.,Editor de video / Editora de video,diseno_audiovisual_y_edicion_de_video,sin_ingresos,no declarado,dentro_del_mvp,test,si,VEN_0187_3,2026-04-01,2026-06-30,situacion_critica,en_riesgo,calculado,100.0,test,VEN_0187_3,2026-04-01,2026-06-30,situacion_critica,recomendacion_disponible,REC_CUIDAR_RECURSOS_SIN_INGRESO,priorizar,modelo_validado_por_guardas,si,recomendada,Entre 2026-04-01 00:00:00 y 2026-06-30 00:00:00 se observó el estado situacion_critica con 100.00 % de confianza y 0.00 meses de cobertura esencial. La selección REC_CUIDAR_RECURSOS_SIN_INGRESO considera la meta no declarado y las restricciones disponibles.,,recursos_protegidos_sin_ingresos | hobbies_no_eliminados_automaticamente,62,1,1,True,True,True,True,True,True,True
PERF_0188,Actividad principal declarada: Docente de educación básica secundaria. Estado de ingreso actual: mixto. Ingreso mensual neto declarado: 5224000 COP. Ingreso adicional: actividad independiente adicional. Hobbies declarados: impresion_3d | cocina_y_reposteria. Objetivo: mejorar vivienda.,Docente de educación básica secundaria,docencia_y_formacion,mixto,mejorar vivienda,dentro_del_mvp,validation,si,VEN_0188_3,2026-04-01,2026-06-30,situacion_critica,en_riesgo,calculado,97.96,validation,VEN_0188_3,2026-04-01,2026-06-30,situacion_critica,recomendacion_disponible,REC_BUSCAR_APOYO_Y_CONTENER,revisar,modelo_validado_por_guardas,si,requerida,Entre 2026-04-01 00:00:00 y 2026-06-30 00:00:00 se observó el estado situacion_critica con 97.96 % de confianza y 0.00 meses de cobertura esencial. La selección REC_BUSCAR_APOYO_Y_CONTENER considera la meta mejorar vivienda y las restricciones disponibles.,,situacion_critica_con_revision_humana | hobbies_no_eliminados_automaticamente,93,2,4,True,True,True,True,True,True,True
PERF_0189,Actividad principal declarada: Horticultor / Horticultora. Estado de ingreso actual: mixto. Ingreso mensual neto declarado: 1804000 COP. Ingreso adicional: actividad independiente adicional. Hobbies declarados: jardineria_y_agricultura_urbana | cocina_y_reposteria. Objetivo: mejorar vivienda.,Horticultor / Horticultora,agricultura,mixto,mejorar vivienda,dentro_del_mvp,validation,si,VEN_0189_3,2026-04-01,2026-06-30,situacion_critica,en_riesgo,calculado,99.84,validation,VEN_0189_3,2026-04-01,2026-06-30,situacion_critica,recomendacion_disponible,REC_BUSCAR_APOYO_Y_CONTENER,revisar,modelo_validado_por_guardas,si,requerida,Entre 2026-04-01 00:00:00 y 2026-06-30 00:00:00 se observó el estado situacion_critica con 99.84 % de confianza y 0.00 meses de cobertura esencial. La selección REC_BUSCAR_APOYO_Y_CONTENER considera la meta mejorar vivienda y las restricciones disponibles.,,situacion_critica_con_revision_humana | hobbies_no_eliminados_automaticamente,90,3,3,True,True,True,True,True,True,True
PERF_0190,Actividad principal declarada: Barbero / Barbera. Estado de ingreso actual: mixto. Ingreso mensual neto declarado: 6420333 COP. Ingreso adicional: actividad independiente adicional. Hobbies declarados: ciclismo | pintura. Objetivo: comprar equipo de trabajo.,Barbero / Barbera,peluqueria_y_barberia,mixto,comprar equipo de trabajo,dentro_del_mvp,train,si,VEN_0190_3,2026-04-01,2026-06-30,variable_resiliente,saludable,calculado,97.76,train,VEN_0190_3,2026-04-01,2026-06-30,variable_resiliente,recomendacion_disponible,REC_GUARDAR_EN_MESES_ALTOS,aplicar,modelo_validado_por_guardas,no,no_requerida,Entre 2026-04-01 00:00:00 y 2026-06-30 00:00:00 se observó el estado variable_resiliente con 97.76 % de confianza y 6.05 meses de cobertura esencial. La selección REC_GUARDAR_EN_MESES_ALTOS considera la meta comprar equipo de trabajo y las restricciones disponibles.,,variabilidad_no_tratada_como_riesgo | hobbies_no_eliminados_automaticamente,96,3,4,True,True,True,True,True,True,True
PERF_0191,Actividad principal declarada: Ingeniero de software / Ingeniera de software. Estado de ingreso actual: variable. Ingreso mensual neto declarado: 7983333 COP. Hobbies declarados: pintura | manualidades_y_artesanias.,Ingeniero de software / Ingeniera de software,ingenieria_y_desarrollo_de_software,variable,no declarado,dentro_del_mvp,validation,si,VEN_0191_3,2026-04-01,2026-06-30,equilibrio_sostenible,saludable,calculado,93.67,validation,VEN_0191_3,2026-04-01,2026-06-30,equilibrio_sostenible,recomendacion_disponible,REC_CUIDAR_MARGEN_CON_DEUDA,mantener,modelo_validado_por_guardas,no,no_requerida,Entre 2026-04-01 00:00:00 y 2026-06-30 00:00:00 se observó el estado equilibrio_sostenible con 93.67 % de confianza y 1.77 meses de cobertura esencial. La selección REC_CUIDAR_MARGEN_CON_DEUDA considera la meta no declarado y las restricciones disponibles.,,deuda_activa_considerada | hobbies_no_eliminados_automaticamente,92,1,2,True,True,True,True,True,True,True
PERF_0192,Actividad principal declarada: Nutricionista dietista. Estado de ingreso actual: variable. Ingreso mensual neto declarado: 5147667 COP. Hobbies declarados: cocina_y_reposteria.,Nutricionista dietista,nutricion_y_dietetica,variable,no declarado,dentro_del_mvp,train,si,VEN_0192_3,2026-04-01,2026-06-30,estado_incierto,no_disponible,requiere_confirmacion,83.67,train,VEN_0192_3,2026-04-01,2026-06-30,estado_incierto,abstencion,no_disponible,abstener,abstencion_por_evidencia,no_aplica,no_aplica,Falta evidencia suficiente para seleccionar una acción segura.,estado_financiero_sin_evidencia_suficiente | estado_fuera_del_catalogo,,98,2,1,True,True,True,True,True,True,True
PERF_0193,Actividad principal declarada: Disc jockey. Estado de ingreso actual: variable. Ingreso mensual neto declarado: 3891000 COP. Hobbies declarados: manualidades_y_artesanias | turismo_y_viajes.,Disc jockey,musica_y_entretenimiento_dj,variable,no declarado,dentro_del_mvp,train,si,VEN_0193_3,2026-04-01,2026-06-30,fragilidad_sostenida,en_riesgo,calculado,75.6,train,VEN_0193_3,2026-04-01,2026-06-30,fragilidad_sostenida,recomendacion_disponible,REC_PROTEGER_ESENCIALES_Y_DEUDA,priorizar,modelo_validado_por_guardas,si,recomendada,Entre 2026-04-01 00:00:00 y 2026-06-30 00:00:00 se observó el estado fragilidad_sostenida con 75.60 % de confianza y 0.98 meses de cobertura esencial. La selección REC_PROTEGER_ESENCIALES_Y_DEUDA considera la meta no declarado y las restricciones disponibles.,,esenciales_y_deuda_protegidas | hobbies_no_eliminados_automaticamente,91,2,1,True,True,True,True,True,True,True
PERF_0194,Actividad principal declarada: Ciclista. Estado de ingreso actual: variable. Ingreso mensual neto declarado: 6810333 COP. Hobbies declarados: musica | manualidades_y_artesanias. Objetivo: ampliar actividad economica.,Ciclista,deporte_competitivo_ciclismo,variable,ampliar actividad economica,dentro_del_mvp,validation,si,VEN_0194_3,2026-04-01,2026-06-30,fragilidad_sostenida,en_riesgo,calculado,89.72,validation,VEN_0194_3,2026-04-01,2026-06-30,fragilidad_sostenida,recomendacion_disponible,REC_PROTEGER_ESENCIALES_Y_DEUDA,priorizar,modelo_validado_por_guardas,si,recomendada,Entre 2026-04-01 00:00:00 y 2026-06-30 00:00:00 se observó el estado fragilidad_sostenida con 89.72 % de confianza y 0.33 meses de cobertura esencial. La selección REC_PROTEGER_ESENCIALES_Y_DEUDA considera la meta ampliar actividad economica y las restricciones disponibles.,,esenciales_y_deuda_protegidas | hobbies_no_eliminados_automaticamente,100,3,6,True,True,True,True,True,True,True
PERF_0195,Actividad principal declarada: Repartidor de domicilios / Repartidora de domicilios. Estado de ingreso actual: estacional. Ingreso mensual neto declarado: 2475000 COP. Hobbies declarados: fotografia_y_video | impresion_3d.,Repartidor de domicilios / Repartidora de domicilios,domicilios_mensajeria_y_reparto,estacional,no declarado,dentro_del_mvp,validation,si,VEN_0195_3,2026-04-01,2026-06-30,situacion_critica,en_riesgo,calculado,99.51,validation,VEN_0195_3,2026-04-01,2026-06-30,situacion_critica,recomendacion_disponible,REC_BUSCAR_APOYO_Y_CONTENER,revisar,modelo_validado_por_guardas,si,requerida,Entre 2026-04-01 00:00:00 y 2026-06-30 00:00:00 se observó el estado situacion_critica con 99.51 % de confianza y 0.00 meses de cobertura esencial. La selección REC_BUSCAR_APOYO_Y_CONTENER considera la meta no declarado y las restricciones disponibles.,,situacion_critica_con_revision_humana | hobbies_no_eliminados_automaticamente,83,2,0,True,True,True,True,True,True,True
PERF_0196,Actividad principal declarada: Vendedor de tienda / Vendedora de tienda. Estado de ingreso actual: mixto. Ingreso mensual neto declarado: 3296667 COP. Ingreso adicional: actividad independiente adicional. Hobbies declarados: videojuegos_y_streaming.,Vendedor de tienda / Vendedora de tienda,ventas_al_por_menor,mixto,no declarado,dentro_del_mvp,validation,si,VEN_0196_3,2026-04-01,2026-06-30,situacion_critica,en_riesgo,calculado,100.0,validation,VEN_0196_3,2026-04-01,2026-06-30,situacion_critica,recomendacion_disponible,REC_BUSCAR_APOYO_Y_CONTENER,revisar,modelo_validado_por_guardas,si,requerida,Entre 2026-04-01 00:00:00 y 2026-06-30 00:00:00 se observó el estado situacion_critica con 100.00 % de confianza y 0.00 meses de cobertura esencial. La selección REC_BUSCAR_APOYO_Y_CONTENER considera la meta no declarado y las restricciones disponibles.,,situacion_critica_con_revision_humana | hobbies_no_eliminados_automaticamente,100,3,1,True,True,True,True,True,True,True
PERF_0197,Actividad principal declarada: Editor de video / Editora de video. Estado de ingreso actual: fijo. Ingreso mensual neto declarado: 860000 COP. Hobbies declarados: turismo_y_viajes. Objetivo: comprar equipo de trabajo.,Editor de video / Editora de video,diseno_audiovisual_y_edicion_de_video,fijo,comprar equipo de trabajo,dentro_del_mvp,validation,si,VEN_0197_3,2026-04-01,2026-06-30,fragilidad_sostenida,en_riesgo,calculado,93.48,validation,VEN_0197_3,2026-04-01,2026-06-30,fragilidad_sostenida,recomendacion_disponible,REC_PROTEGER_ESENCIALES_Y_DEUDA,priorizar,modelo_validado_por_guardas,si,recomendada,Entre 2026-04-01 00:00:00 y 2026-06-30 00:00:00 se observó el estado fragilidad_sostenida con 93.48 % de confianza y 0.37 meses de cobertura esencial. La selección REC_PROTEGER_ESENCIALES_Y_DEUDA considera la meta comprar equipo de trabajo y las restricciones disponibles.,,esenciales_y_deuda_protegidas | hobbies_no_eliminados_automaticamente,63,2,1,True,True,True,True,True,True,True
PERF_0198,Actividad principal declarada: Docente de educación básica secundaria. Estado de ingreso actual: variable. Ingreso mensual neto declarado: 6736000 COP. Hobbies declarados: impresion_3d | turismo_y_viajes.,Docente de educación básica secundaria,docencia_y_formacion,variable,no declarado,dentro_del_mvp,train,si,VEN_0198_3,2026-04-01,2026-06-30,equilibrio_sostenible,saludable,calculado,93.4,train,VEN_0198_3,2026-04-01,2026-06-30,equilibrio_sostenible,recomendacion_disponible,REC_CUIDAR_MARGEN,mantener,modelo_validado_por_guardas,no,no_requerida,Entre 2026-04-01 00:00:00 y 2026-06-30 00:00:00 se observó el estado equilibrio_sostenible con 93.40 % de confianza y 1.09 meses de cobertura esencial. La selección REC_CUIDAR_MARGEN considera la meta no declarado y las restricciones disponibles.,,margen_sin_deuda_considerado | hobbies_no_eliminados_automaticamente,96,1,4,True,True,True,True,True,True,True
PERF_0199,Actividad principal declarada: Horticultor / Horticultora. Estado de ingreso actual: variable. Ingreso mensual neto declarado: 5238667 COP. Hobbies declarados: jardineria_y_agricultura_urbana | ciclismo. Objetivo: comprar bicicleta.,Horticultor / Horticultora,agricultura,variable,comprar bicicleta,dentro_del_mvp,validation,si,VEN_0199_3,2026-04-01,2026-06-30,variable_resiliente,saludable,calculado,94.38,validation,VEN_0199_3,2026-04-01,2026-06-30,variable_resiliente,recomendacion_disponible,REC_GUARDAR_EN_MESES_ALTOS,aplicar,modelo_validado_por_guardas,no,no_requerida,Entre 2026-04-01 00:00:00 y 2026-06-30 00:00:00 se observó el estado variable_resiliente con 94.38 % de confianza y 8.71 meses de cobertura esencial. La selección REC_GUARDAR_EN_MESES_ALTOS considera la meta comprar bicicleta y las restricciones disponibles.,,variabilidad_no_tratada_como_riesgo | hobbies_no_eliminados_automaticamente,92,2,6,True,True,True,True,True,True,True
PERF_0200,Actividad principal declarada: Barbero / Barbera. Estado de ingreso actual: fijo. Ingreso mensual neto declarado: 640000 COP. Hobbies declarados: ciclismo. Objetivo: hacer viaje.,Barbero / Barbera,peluqueria_y_barberia,fijo,hacer viaje,dentro_del_mvp,train,si,VEN_0200_3,2026-04-01,2026-06-30,situacion_critica,en_riesgo,calculado,99.82,train,VEN_0200_3,2026-04-01,2026-06-30,situacion_critica,recomendacion_disponible,REC_BUSCAR_APOYO_Y_CONTENER,revisar,modelo_validado_por_guardas,si,requerida,Entre 2026-04-01 00:00:00 y 2026-06-30 00:00:00 se observó el estado situacion_critica con 99.82 % de confianza y 0.00 meses de cobertura esencial. La selección REC_BUSCAR_APOYO_Y_CONTENER considera la meta hacer viaje y las restricciones disponibles.,,situacion_critica_con_revision_humana | hobbies_no_eliminados_automaticamente,60,3,2,True,True,True,True,True,True,True
