ventana_id,perfil_id,fecha_corte,periodo_desde,periodo_hasta,estado_esperado,estado_modelo,estado_reto,estado_calculo_modelo,confianza_pct,nivel_incertidumbre_modelo,estado_ingreso_actual,objetivo_declarado,calidad_datos,factores_positivos,factores_atencion,informacion_faltante,explicacion_periodo,particion,prob_situacion_critica_pct,prob_fragilidad_sostenida_pct,prob_uso_planificado_reserva_pct,prob_acumulacion_estable_pct,prob_deterioro_reciente_pct,prob_equilibrio_sostenible_pct,prob_variable_resiliente_pct
VEN_0001_1,PERF_0001,2026-04-30,2026-04-01,2026-04-30,situacion_critica,situacion_critica,en_riesgo,calculado,98.82,baja,mixto,True,alta,evidencia_temporal_disponible,balance_negativo,ninguna_relevante_para_el_periodo,La ventana entre 2026-04-01 y 2026-04-30 muestra un balance de -2184000 COP y una cobertura estimada de 0.00 meses. Este resultado describe el periodo y no a la persona.,train,98.82,0.61,0.58,0.0,0.0,0.0,0.0
VEN_0001_2,PERF_0001,2026-05-31,2026-04-01,2026-05-31,fragilidad_sostenida,fragilidad_sostenida,en_riesgo,calculado,85.73,baja,mixto,True,alta,evidencia_temporal_disponible,balance_negativo,ninguna_relevante_para_el_periodo,La ventana entre 2026-04-01 y 2026-05-31 muestra un balance de -785000 COP y una cobertura estimada de 0.40 meses. Este resultado describe el periodo y no a la persona.,train,0.84,85.73,9.19,0.0,3.78,0.47,0.0
VEN_0001_3,PERF_0001,2026-06-30,2026-04-01,2026-06-30,variable_resiliente,variable_resiliente,saludable,calculado,94.03,baja,mixto,True,alta,balance_no_negativo,sin_factor_dominante,ninguna_relevante_para_el_periodo,La ventana entre 2026-04-01 y 2026-06-30 muestra un balance de 2828000 COP y una cobertura estimada de 1.98 meses. Este resultado describe el periodo y no a la persona.,train,0.0,0.39,0.04,0.49,0.0,5.05,94.03
VEN_0002_1,PERF_0002,2026-04-30,2026-04-01,2026-04-30,uso_planificado_reserva,uso_planificado_reserva,en_observacion,calculado,99.83,baja,fijo,True,alta,evidencia_temporal_disponible,balance_negativo,ninguna_relevante_para_el_periodo,La ventana entre 2026-04-01 y 2026-04-30 muestra un balance de -2523000 COP y una cobertura estimada de 3.44 meses. Este resultado describe el periodo y no a la persona.,train,0.02,0.15,99.83,0.0,0.0,0.0,0.0
VEN_0002_2,PERF_0002,2026-05-31,2026-04-01,2026-05-31,uso_planificado_reserva,uso_planificado_reserva,en_observacion,calculado,86.54,baja,fijo,True,alta,evidencia_temporal_disponible,balance_negativo,ninguna_relevante_para_el_periodo,La ventana entre 2026-04-01 y 2026-05-31 muestra un balance de -5046000 COP y una cobertura estimada de 2.41 meses. Este resultado describe el periodo y no a la persona.,train,0.06,13.04,86.54,0.0,0.21,0.15,0.0
VEN_0002_3,PERF_0002,2026-06-30,2026-04-01,2026-06-30,fragilidad_sostenida,fragilidad_sostenida,en_riesgo,calculado,94.34,baja,fijo,True,alta,evidencia_temporal_disponible,balance_negativo,ninguna_relevante_para_el_periodo,La ventana entre 2026-04-01 y 2026-06-30 muestra un balance de -7569000 COP y una cobertura estimada de 1.35 meses. Este resultado describe el periodo y no a la persona.,train,0.6,94.34,3.68,0.0,1.39,0.0,0.0
VEN_0003_1,PERF_0003,2026-04-30,2026-04-01,2026-04-30,equilibrio_sostenible,equilibrio_sostenible,saludable,calculado,85.83,baja,mixto,False,alta,balance_no_negativo,sin_factor_dominante,ninguna_relevante_para_el_periodo,La ventana entre 2026-04-01 y 2026-04-30 muestra un balance de 120000 COP y una cobertura estimada de 1.11 meses. Este resultado describe el periodo y no a la persona.,train,0.1,0.79,0.97,7.83,0.0,85.83,4.48
VEN_0003_2,PERF_0003,2026-05-31,2026-04-01,2026-05-31,variable_resiliente,variable_resiliente,saludable,calculado,98.46,baja,mixto,False,alta,balance_no_negativo,sin_factor_dominante,ninguna_relevante_para_el_periodo,La ventana entre 2026-04-01 y 2026-05-31 muestra un balance de 5812000 COP y una cobertura estimada de 3.06 meses. Este resultado describe el periodo y no a la persona.,train,0.0,0.11,0.0,0.96,0.0,0.48,98.46
VEN_0003_3,PERF_0003,2026-06-30,2026-04-01,2026-06-30,variable_resiliente,variable_resiliente,saludable,calculado,98.67,baja,mixto,False,alta,balance_no_negativo,sin_factor_dominante,ninguna_relevante_para_el_periodo,La ventana entre 2026-04-01 y 2026-06-30 muestra un balance de 11930000 COP y una cobertura estimada de 5.25 meses. Este resultado describe el periodo y no a la persona.,train,0.0,0.04,0.0,1.29,0.0,0.0,98.67
VEN_0004_1,PERF_0004,2026-04-30,2026-04-01,2026-04-30,acumulacion_estable,acumulacion_estable,saludable,calculado,96.14,baja,variable,False,alta,balance_no_negativo,sin_factor_dominante,ninguna_relevante_para_el_periodo,La ventana entre 2026-04-01 y 2026-04-30 muestra un balance de 5115000 COP y una cobertura estimada de 8.00 meses. Este resultado describe el periodo y no a la persona.,train,0.0,0.0,0.0,96.14,0.0,3.16,0.7
VEN_0004_2,PERF_0004,2026-05-31,2026-04-01,2026-05-31,deterioro_reciente,deterioro_reciente,en_observacion,calculado,96.85,baja,variable,False,alta,evidencia_temporal_disponible,balance_negativo,ninguna_relevante_para_el_periodo,La ventana entre 2026-04-01 y 2026-05-31 muestra un balance de -4513000 COP y una cobertura estimada de 2.94 meses. Este resultado describe el periodo y no a la persona.,train,0.01,0.48,2.52,0.09,96.85,0.06,0.0
VEN_0004_3,PERF_0004,2026-06-30,2026-04-01,2026-06-30,deterioro_reciente,deterioro_reciente,en_observacion,calculado,72.79,media,variable,False,alta,evidencia_temporal_disponible,balance_negativo,ninguna_relevante_para_el_periodo,La ventana entre 2026-04-01 y 2026-06-30 muestra un balance de -12994000 COP y una cobertura estimada de 1.39 meses. Este resultado describe el periodo y no a la persona.,train,0.19,21.28,5.68,0.0,72.79,0.0,0.06
VEN_0005_1,PERF_0005,2026-04-30,2026-04-01,2026-04-30,uso_planificado_reserva,estado_incierto,no_disponible,requiere_confirmacion,97.88,alta,fijo,False,alta,evidencia_temporal_disponible,balance_negativo,ninguna_relevante_para_el_periodo,La ventana entre 2026-04-01 y 2026-04-30 muestra un balance de -2675000 COP y una cobertura estimada de 2.27 meses. Este resultado describe el periodo y no a la persona.,train,0.0,1.86,97.88,0.0,0.15,0.11,0.0
VEN_0005_2,PERF_0005,2026-05-31,2026-04-01,2026-05-31,fragilidad_sostenida,fragilidad_sostenida,en_riesgo,calculado,99.12,baja,fijo,False,alta,evidencia_temporal_disponible,balance_negativo,ninguna_relevante_para_el_periodo,La ventana entre 2026-04-01 y 2026-05-31 muestra un balance de -5350000 COP y una cobertura estimada de 0.72 meses. Este resultado describe el periodo y no a la persona.,train,0.2,99.12,0.03,0.0,0.65,0.0,0.0
VEN_0005_3,PERF_0005,2026-06-30,2026-04-01,2026-06-30,situacion_critica,situacion_critica,en_riesgo,calculado,99.53,baja,fijo,False,alta,evidencia_temporal_disponible,balance_negativo,ninguna_relevante_para_el_periodo,La ventana entre 2026-04-01 y 2026-06-30 muestra un balance de -9462000 COP y una cobertura estimada de 0.00 meses. Este resultado describe el periodo y no a la persona.,train,99.53,0.32,0.15,0.0,0.0,0.0,0.0
VEN_0006_1,PERF_0006,2026-04-30,2026-04-01,2026-04-30,situacion_critica,situacion_critica,en_riesgo,calculado,99.23,baja,apoyo,False,alta,evidencia_temporal_disponible,balance_negativo,motivo_de_periodos_sin_ingreso,La ventana entre 2026-04-01 y 2026-04-30 muestra un balance de -7496000 COP y una cobertura estimada de 0.00 meses. Este resultado describe el periodo y no a la persona.,train,99.23,0.58,0.0,0.0,0.19,0.0,0.0
VEN_0006_2,PERF_0006,2026-05-31,2026-04-01,2026-05-31,situacion_critica,situacion_critica,en_riesgo,calculado,100.0,baja,apoyo,False,alta,evidencia_temporal_disponible,balance_negativo,motivo_de_periodos_sin_ingreso,La ventana entre 2026-04-01 y 2026-05-31 muestra un balance de -17202000 COP y una cobertura estimada de 0.00 meses. Este resultado describe el periodo y no a la persona.,train,100.0,0.0,0.0,0.0,0.0,0.0,0.0
VEN_0006_3,PERF_0006,2026-06-30,2026-04-01,2026-06-30,situacion_critica,situacion_critica,en_riesgo,calculado,100.0,baja,apoyo,False,alta,evidencia_temporal_disponible,balance_negativo,motivo_de_periodos_sin_ingreso,La ventana entre 2026-04-01 y 2026-06-30 muestra un balance de -26908000 COP y una cobertura estimada de 0.00 meses. Este resultado describe el periodo y no a la persona.,train,100.0,0.0,0.0,0.0,0.0,0.0,0.0
VEN_0007_1,PERF_0007,2026-04-30,2026-04-01,2026-04-30,situacion_critica,situacion_critica,en_riesgo,calculado,100.0,baja,apoyo,False,alta,evidencia_temporal_disponible,balance_negativo,motivo_de_periodos_sin_ingreso,La ventana entre 2026-04-01 y 2026-04-30 muestra un balance de -9616000 COP y una cobertura estimada de 0.00 meses. Este resultado describe el periodo y no a la persona.,train,100.0,0.0,0.0,0.0,0.0,0.0,0.0
VEN_0007_2,PERF_0007,2026-05-31,2026-04-01,2026-05-31,situacion_critica,situacion_critica,en_riesgo,calculado,100.0,baja,apoyo,False,alta,evidencia_temporal_disponible,balance_negativo,motivo_de_periodos_sin_ingreso,La ventana entre 2026-04-01 y 2026-05-31 muestra un balance de -21891000 COP y una cobertura estimada de 0.00 meses. Este resultado describe el periodo y no a la persona.,train,100.0,0.0,0.0,0.0,0.0,0.0,0.0
VEN_0007_3,PERF_0007,2026-06-30,2026-04-01,2026-06-30,situacion_critica,situacion_critica,en_riesgo,calculado,100.0,baja,apoyo,False,alta,evidencia_temporal_disponible,balance_negativo,motivo_de_periodos_sin_ingreso,La ventana entre 2026-04-01 y 2026-06-30 muestra un balance de -34166000 COP y una cobertura estimada de 0.00 meses. Este resultado describe el periodo y no a la persona.,train,100.0,0.0,0.0,0.0,0.0,0.0,0.0
VEN_0008_1,PERF_0008,2026-04-30,2026-04-01,2026-04-30,uso_planificado_reserva,uso_planificado_reserva,en_observacion,calculado,98.74,baja,fijo,True,alta,evidencia_temporal_disponible,balance_negativo,ninguna_relevante_para_el_periodo,La ventana entre 2026-04-01 y 2026-04-30 muestra un balance de -3746000 COP y una cobertura estimada de 3.93 meses. Este resultado describe el periodo y no a la persona.,train,0.0,0.95,98.74,0.15,0.17,0.0,0.0
VEN_0008_2,PERF_0008,2026-05-31,2026-04-01,2026-05-31,fragilidad_sostenida,fragilidad_sostenida,en_riesgo,calculado,83.02,baja,fijo,True,alta,evidencia_temporal_disponible,balance_negativo,ninguna_relevante_para_el_periodo,La ventana entre 2026-04-01 y 2026-05-31 muestra un balance de -7492000 COP y una cobertura estimada de 2.12 meses. Este resultado describe el periodo y no a la persona.,train,1.03,83.02,11.05,0.0,4.9,0.0,0.0
VEN_0008_3,PERF_0008,2026-06-30,2026-04-01,2026-06-30,fragilidad_sostenida,fragilidad_sostenida,en_riesgo,calculado,97.41,baja,fijo,True,alta,evidencia_temporal_disponible,balance_negativo,ninguna_relevante_para_el_periodo,La ventana entre 2026-04-01 y 2026-06-30 muestra un balance de -11238000 COP y una cobertura estimada de 0.60 meses. Este resultado describe el periodo y no a la persona.,train,1.31,97.41,0.28,0.0,1.0,0.0,0.0
VEN_0009_1,PERF_0009,2026-04-30,2026-04-01,2026-04-30,equilibrio_sostenible,equilibrio_sostenible,saludable,calculado,93.66,baja,variable,True,alta,balance_no_negativo,sin_factor_dominante,ninguna_relevante_para_el_periodo,La ventana entre 2026-04-01 y 2026-04-30 muestra un balance de 73000 COP y una cobertura estimada de 1.90 meses. Este resultado describe el periodo y no a la persona.,train,0.0,0.33,0.6,4.47,0.0,93.66,0.94
VEN_0009_2,PERF_0009,2026-05-31,2026-04-01,2026-05-31,equilibrio_sostenible,equilibrio_sostenible,saludable,calculado,97.2,baja,variable,True,alta,balance_no_negativo,sin_factor_dominante,ninguna_relevante_para_el_periodo,La ventana entre 2026-04-01 y 2026-05-31 muestra un balance de 315000 COP y una cobertura estimada de 2.31 meses. Este resultado describe el periodo y no a la persona.,train,0.0,0.11,0.42,1.94,0.0,97.2,0.35
VEN_0009_3,PERF_0009,2026-06-30,2026-04-01,2026-06-30,equilibrio_sostenible,equilibrio_sostenible,saludable,calculado,89.44,baja,variable,True,alta,balance_no_negativo,sin_factor_dominante,ninguna_relevante_para_el_periodo,La ventana entre 2026-04-01 y 2026-06-30 muestra un balance de 869000 COP y una cobertura estimada de 2.33 meses. Este resultado describe el periodo y no a la persona.,train,0.0,0.41,0.09,8.33,0.16,89.44,1.58
VEN_0010_1,PERF_0010,2026-04-30,2026-04-01,2026-04-30,acumulacion_estable,acumulacion_estable,saludable,calculado,80.84,baja,variable,True,alta,balance_no_negativo,sin_factor_dominante,ninguna_relevante_para_el_periodo,La ventana entre 2026-04-01 y 2026-04-30 muestra un balance de 632000 COP y una cobertura estimada de 4.00 meses. Este resultado describe el periodo y no a la persona.,train,0.0,0.2,0.47,80.84,0.0,15.86,2.64
VEN_0010_2,PERF_0010,2026-05-31,2026-04-01,2026-05-31,uso_planificado_reserva,uso_planificado_reserva,en_observacion,calculado,65.5,media,variable,True,alta,evidencia_temporal_disponible,balance_negativo,ninguna_relevante_para_el_periodo,La ventana entre 2026-04-01 y 2026-05-31 muestra un balance de -1640000 COP y una cobertura estimada de 2.20 meses. Este resultado describe el periodo y no a la persona.,train,0.24,4.81,65.5,0.0,29.1,0.13,0.22
VEN_0010_3,PERF_0010,2026-06-30,2026-04-01,2026-06-30,variable_resiliente,variable_resiliente,saludable,calculado,95.91,baja,variable,True,alta,balance_no_negativo,sin_factor_dominante,ninguna_relevante_para_el_periodo,La ventana entre 2026-04-01 y 2026-06-30 muestra un balance de 1893000 COP y una cobertura estimada de 4.07 meses. Este resultado describe el periodo y no a la persona.,train,0.0,0.08,0.19,3.15,0.0,0.67,95.91
VEN_0011_1,PERF_0011,2026-04-30,2026-04-01,2026-04-30,acumulacion_estable,acumulacion_estable,saludable,calculado,97.7,baja,variable,False,alta,balance_no_negativo,sin_factor_dominante,ninguna_relevante_para_el_periodo,La ventana entre 2026-04-01 y 2026-04-30 muestra un balance de 5053000 COP y una cobertura estimada de 6.01 meses. Este resultado describe el periodo y no a la persona.,train,0.0,0.0,0.17,97.7,0.0,2.03,0.1
VEN_0011_2,PERF_0011,2026-05-31,2026-04-01,2026-05-31,deterioro_reciente,deterioro_reciente,en_observacion,calculado,92.56,baja,variable,False,alta,evidencia_temporal_disponible,balance_negativo,ninguna_relevante_para_el_periodo,La ventana entre 2026-04-01 y 2026-05-31 muestra un balance de -5802000 COP y una cobertura estimada de 2.58 meses. Este resultado describe el periodo y no a la persona.,train,0.11,1.08,5.99,0.0,92.56,0.26,0.0
VEN_0011_3,PERF_0011,2026-06-30,2026-04-01,2026-06-30,deterioro_reciente,deterioro_reciente,en_observacion,calculado,61.68,media,variable,False,alta,evidencia_temporal_disponible,balance_negativo,ninguna_relevante_para_el_periodo,La ventana entre 2026-04-01 y 2026-06-30 muestra un balance de -17035000 COP y una cobertura estimada de 0.82 meses. Este resultado describe el periodo y no a la persona.,train,0.49,33.86,3.98,0.0,61.68,0.0,0.0
VEN_0012_1,PERF_0012,2026-04-30,2026-04-01,2026-04-30,uso_planificado_reserva,estado_incierto,no_disponible,requiere_confirmacion,95.59,alta,mixto,False,alta,evidencia_temporal_disponible,balance_negativo,ninguna_relevante_para_el_periodo,La ventana entre 2026-04-01 y 2026-04-30 muestra un balance de -2588000 COP y una cobertura estimada de 3.88 meses. Este resultado describe el periodo y no a la persona.,validation,1.88,1.4,95.59,0.46,0.54,0.13,0.0
VEN_0012_2,PERF_0012,2026-05-31,2026-04-01,2026-05-31,uso_planificado_reserva,estado_incierto,no_disponible,requiere_confirmacion,82.57,alta,mixto,False,alta,evidencia_temporal_disponible,balance_negativo,ninguna_relevante_para_el_periodo,La ventana entre 2026-04-01 y 2026-05-31 muestra un balance de -1600000 COP y una cobertura estimada de 4.08 meses. Este resultado describe el periodo y no a la persona.,validation,0.85,8.07,82.57,0.7,2.93,0.7,4.16
VEN_0012_3,PERF_0012,2026-06-30,2026-04-01,2026-06-30,uso_planificado_reserva,estado_incierto,no_disponible,requiere_confirmacion,82.49,alta,mixto,False,alta,evidencia_temporal_disponible,balance_negativo,ninguna_relevante_para_el_periodo,La ventana entre 2026-04-01 y 2026-06-30 muestra un balance de -3112000 COP y una cobertura estimada de 3.16 meses. Este resultado describe el periodo y no a la persona.,validation,2.06,8.77,82.49,0.34,4.46,0.37,1.51
VEN_0013_1,PERF_0013,2026-04-30,2026-04-01,2026-04-30,situacion_critica,situacion_critica,en_riesgo,calculado,99.68,baja,variable,False,alta,evidencia_temporal_disponible,balance_negativo,ninguna_relevante_para_el_periodo,La ventana entre 2026-04-01 y 2026-04-30 muestra un balance de -3337000 COP y una cobertura estimada de 0.00 meses. Este resultado describe el periodo y no a la persona.,train,99.68,0.32,0.0,0.0,0.0,0.0,0.0
VEN_0013_2,PERF_0013,2026-05-31,2026-04-01,2026-05-31,situacion_critica,situacion_critica,en_riesgo,calculado,99.53,baja,variable,False,alta,evidencia_temporal_disponible,balance_negativo,ninguna_relevante_para_el_periodo,La ventana entre 2026-04-01 y 2026-05-31 muestra un balance de -8992000 COP y una cobertura estimada de 0.00 meses. Este resultado describe el periodo y no a la persona.,train,99.53,0.47,0.0,0.0,0.0,0.0,0.0
VEN_0013_3,PERF_0013,2026-06-30,2026-04-01,2026-06-30,situacion_critica,situacion_critica,en_riesgo,calculado,100.0,baja,variable,False,alta,evidencia_temporal_disponible,balance_negativo,ninguna_relevante_para_el_periodo,La ventana entre 2026-04-01 y 2026-06-30 muestra un balance de -14595000 COP y una cobertura estimada de 0.00 meses. Este resultado describe el periodo y no a la persona.,train,100.0,0.0,0.0,0.0,0.0,0.0,0.0
VEN_0014_1,PERF_0014,2026-04-30,2026-04-01,2026-04-30,situacion_critica,situacion_critica,en_riesgo,calculado,99.93,baja,mixto,False,alta,evidencia_temporal_disponible,balance_negativo,ninguna_relevante_para_el_periodo,La ventana entre 2026-04-01 y 2026-04-30 muestra un balance de -7359000 COP y una cobertura estimada de 0.00 meses. Este resultado describe el periodo y no a la persona.,train,99.93,0.0,0.07,0.0,0.0,0.0,0.0
VEN_0014_2,PERF_0014,2026-05-31,2026-04-01,2026-05-31,situacion_critica,situacion_critica,en_riesgo,calculado,100.0,baja,mixto,False,alta,evidencia_temporal_disponible,balance_negativo,ninguna_relevante_para_el_periodo,La ventana entre 2026-04-01 y 2026-05-31 muestra un balance de -16250000 COP y una cobertura estimada de 0.00 meses. Este resultado describe el periodo y no a la persona.,train,100.0,0.0,0.0,0.0,0.0,0.0,0.0
VEN_0014_3,PERF_0014,2026-06-30,2026-04-01,2026-06-30,situacion_critica,situacion_critica,en_riesgo,calculado,100.0,baja,mixto,False,alta,evidencia_temporal_disponible,balance_negativo,ninguna_relevante_para_el_periodo,La ventana entre 2026-04-01 y 2026-06-30 muestra un balance de -25025000 COP y una cobertura estimada de 0.00 meses. Este resultado describe el periodo y no a la persona.,train,100.0,0.0,0.0,0.0,0.0,0.0,0.0
VEN_0015_1,PERF_0015,2026-04-30,2026-04-01,2026-04-30,equilibrio_sostenible,equilibrio_sostenible,saludable,calculado,82.61,baja,mixto,False,alta,balance_no_negativo,sin_factor_dominante,ninguna_relevante_para_el_periodo,La ventana entre 2026-04-01 y 2026-04-30 muestra un balance de 589000 COP y una cobertura estimada de 2.17 meses. Este resultado describe el periodo y no a la persona.,train,0.01,0.11,0.72,13.72,0.14,82.61,2.69
VEN_0015_2,PERF_0015,2026-05-31,2026-04-01,2026-05-31,variable_resiliente,variable_resiliente,saludable,calculado,98.47,baja,mixto,False,alta,balance_no_negativo,sin_factor_dominante,ninguna_relevante_para_el_periodo,La ventana entre 2026-04-01 y 2026-05-31 muestra un balance de 3451000 COP y una cobertura estimada de 3.27 meses. Este resultado describe el periodo y no a la persona.,train,0.0,0.0,0.0,0.97,0.0,0.56,98.47
VEN_0015_3,PERF_0015,2026-06-30,2026-04-01,2026-06-30,variable_resiliente,variable_resiliente,saludable,calculado,98.5,baja,mixto,False,alta,balance_no_negativo,sin_factor_dominante,ninguna_relevante_para_el_periodo,La ventana entre 2026-04-01 y 2026-06-30 muestra un balance de 6531000 COP y una cobertura estimada de 5.23 meses. Este resultado describe el periodo y no a la persona.,train,0.0,0.17,0.0,1.26,0.0,0.07,98.5
VEN_0016_1,PERF_0016,2026-04-30,2026-04-01,2026-04-30,uso_planificado_reserva,estado_incierto,no_disponible,requiere_confirmacion,89.02,alta,apoyo,False,alta,evidencia_temporal_disponible,balance_negativo,motivo_de_periodos_sin_ingreso,La ventana entre 2026-04-01 y 2026-04-30 muestra un balance de -3420000 COP y una cobertura estimada de 2.59 meses. Este resultado describe el periodo y no a la persona.,test,3.98,5.15,89.02,0.26,1.6,0.0,0.0
VEN_0016_2,PERF_0016,2026-05-31,2026-04-01,2026-05-31,fragilidad_sostenida,fragilidad_sostenida,en_riesgo,calculado,87.33,baja,apoyo,False,alta,evidencia_temporal_disponible,balance_negativo,motivo_de_periodos_sin_ingreso,La ventana entre 2026-04-01 y 2026-05-31 muestra un balance de -6840000 COP y una cobertura estimada de 1.23 meses. Este resultado describe el periodo y no a la persona.,test,4.73,87.33,5.15,0.0,2.67,0.0,0.13
VEN_0016_3,PERF_0016,2026-06-30,2026-04-01,2026-06-30,fragilidad_sostenida,fragilidad_sostenida,en_riesgo,calculado,89.83,baja,apoyo,False,alta,evidencia_temporal_disponible,balance_negativo,motivo_de_periodos_sin_ingreso,La ventana entre 2026-04-01 y 2026-06-30 muestra un balance de -10260000 COP y una cobertura estimada de 0.48 meses. Este resultado describe el periodo y no a la persona.,test,5.55,89.83,3.24,0.0,1.38,0.0,0.0
VEN_0017_1,PERF_0017,2026-04-30,2026-04-01,2026-04-30,fragilidad_sostenida,fragilidad_sostenida,en_riesgo,calculado,95.89,baja,fijo,True,alta,evidencia_temporal_disponible,balance_negativo,ninguna_relevante_para_el_periodo,La ventana entre 2026-04-01 y 2026-04-30 muestra un balance de -3187000 COP y una cobertura estimada de 0.93 meses. Este resultado describe el periodo y no a la persona.,train,1.0,95.89,1.92,0.0,1.06,0.14,0.0
VEN_0017_2,PERF_0017,2026-05-31,2026-04-01,2026-05-31,fragilidad_sostenida,fragilidad_sostenida,en_riesgo,calculado,94.56,baja,fijo,True,alta,evidencia_temporal_disponible,balance_negativo,ninguna_relevante_para_el_periodo,La ventana entre 2026-04-01 y 2026-05-31 muestra un balance de -5240000 COP y una cobertura estimada de 0.27 meses. Este resultado describe el periodo y no a la persona.,train,2.38,94.56,1.24,0.0,1.7,0.0,0.13
VEN_0017_3,PERF_0017,2026-06-30,2026-04-01,2026-06-30,situacion_critica,situacion_critica,en_riesgo,calculado,99.83,baja,fijo,True,alta,evidencia_temporal_disponible,balance_negativo,ninguna_relevante_para_el_periodo,La ventana entre 2026-04-01 y 2026-06-30 muestra un balance de -9706000 COP y una cobertura estimada de 0.00 meses. Este resultado describe el periodo y no a la persona.,train,99.83,0.04,0.0,0.0,0.14,0.0,0.0
VEN_0018_1,PERF_0018,2026-04-30,2026-04-01,2026-04-30,uso_planificado_reserva,uso_planificado_reserva,en_observacion,calculado,97.81,baja,fijo,True,alta,evidencia_temporal_disponible,balance_negativo,ninguna_relevante_para_el_periodo,La ventana entre 2026-04-01 y 2026-04-30 muestra un balance de -4704000 COP y una cobertura estimada de 7.26 meses. Este resultado describe el periodo y no a la persona.,test,0.0,1.87,97.81,0.2,0.0,0.12,0.0
VEN_0018_2,PERF_0018,2026-05-31,2026-04-01,2026-05-31,deterioro_reciente,deterioro_reciente,en_observacion,calculado,81.99,baja,fijo,True,alta,evidencia_temporal_disponible,balance_negativo,ninguna_relevante_para_el_periodo,La ventana entre 2026-04-01 y 2026-05-31 muestra un balance de -18575000 COP y una cobertura estimada de 1.56 meses. Este resultado describe el periodo y no a la persona.,test,2.57,15.24,0.2,0.0,81.99,0.0,0.0
VEN_0018_3,PERF_0018,2026-06-30,2026-04-01,2026-06-30,situacion_critica,situacion_critica,en_riesgo,calculado,100.0,baja,fijo,True,alta,evidencia_temporal_disponible,balance_negativo,ninguna_relevante_para_el_periodo,La ventana entre 2026-04-01 y 2026-06-30 muestra un balance de -32446000 COP y una cobertura estimada de 0.00 meses. Este resultado describe el periodo y no a la persona.,test,100.0,0.0,0.0,0.0,0.0,0.0,0.0
VEN_0019_1,PERF_0019,2026-04-30,2026-04-01,2026-04-30,fragilidad_sostenida,equilibrio_sostenible,saludable,calculado,57.81,media,variable,False,alta,evidencia_temporal_disponible,balance_negativo,ninguna_relevante_para_el_periodo,La ventana entre 2026-04-01 y 2026-04-30 muestra un balance de -20000 COP y una cobertura estimada de 0.68 meses. Este resultado describe el periodo y no a la persona.,test,0.1,29.48,2.86,6.49,2.62,57.81,0.64
VEN_0019_2,PERF_0019,2026-05-31,2026-04-01,2026-05-31,equilibrio_sostenible,equilibrio_sostenible,saludable,calculado,73.66,media,variable,False,alta,balance_no_negativo,sin_factor_dominante,ninguna_relevante_para_el_periodo,La ventana entre 2026-04-01 y 2026-05-31 muestra un balance de 105000 COP y una cobertura estimada de 0.85 meses. Este resultado describe el periodo y no a la persona.,test,0.07,2.46,2.49,3.62,0.12,73.66,17.59
VEN_0019_3,PERF_0019,2026-06-30,2026-04-01,2026-06-30,situacion_critica,situacion_critica,en_riesgo,calculado,84.3,baja,variable,False,alta,evidencia_temporal_disponible,balance_negativo,ninguna_relevante_para_el_periodo,La ventana entre 2026-04-01 y 2026-06-30 muestra un balance de -1083000 COP y una cobertura estimada de 0.00 meses. Este resultado describe el periodo y no a la persona.,test,84.3,12.23,2.41,0.0,0.97,0.0,0.09
VEN_0020_1,PERF_0020,2026-04-30,2026-04-01,2026-04-30,situacion_critica,situacion_critica,en_riesgo,calculado,99.23,baja,mixto,True,alta,evidencia_temporal_disponible,balance_negativo,ninguna_relevante_para_el_periodo,La ventana entre 2026-04-01 y 2026-04-30 muestra un balance de -3076000 COP y una cobertura estimada de 0.00 meses. Este resultado describe el periodo y no a la persona.,train,99.23,0.62,0.15,0.0,0.0,0.0,0.0
VEN_0020_2,PERF_0020,2026-05-31,2026-04-01,2026-05-31,situacion_critica,situacion_critica,en_riesgo,calculado,100.0,baja,mixto,True,alta,evidencia_temporal_disponible,balance_negativo,ninguna_relevante_para_el_periodo,La ventana entre 2026-04-01 y 2026-05-31 muestra un balance de -6600000 COP y una cobertura estimada de 0.00 meses. Este resultado describe el periodo y no a la persona.,train,100.0,0.0,0.0,0.0,0.0,0.0,0.0
VEN_0020_3,PERF_0020,2026-06-30,2026-04-01,2026-06-30,situacion_critica,situacion_critica,en_riesgo,calculado,99.84,baja,mixto,True,alta,evidencia_temporal_disponible,balance_negativo,ninguna_relevante_para_el_periodo,La ventana entre 2026-04-01 y 2026-06-30 muestra un balance de -10035000 COP y una cobertura estimada de 0.00 meses. Este resultado describe el periodo y no a la persona.,train,99.84,0.16,0.0,0.0,0.0,0.0,0.0
VEN_0021_1,PERF_0021,2026-04-30,2026-04-01,2026-04-30,situacion_critica,situacion_critica,en_riesgo,calculado,99.93,baja,mixto,True,alta,evidencia_temporal_disponible,balance_negativo,ninguna_relevante_para_el_periodo,La ventana entre 2026-04-01 y 2026-04-30 muestra un balance de -14213000 COP y una cobertura estimada de 0.00 meses. Este resultado describe el periodo y no a la persona.,train,99.93,0.0,0.07,0.0,0.0,0.0,0.0
VEN_0021_2,PERF_0021,2026-05-31,2026-04-01,2026-05-31,situacion_critica,situacion_critica,en_riesgo,calculado,100.0,baja,mixto,True,alta,evidencia_temporal_disponible,balance_negativo,ninguna_relevante_para_el_periodo,La ventana entre 2026-04-01 y 2026-05-31 muestra un balance de -34457000 COP y una cobertura estimada de 0.00 meses. Este resultado describe el periodo y no a la persona.,train,100.0,0.0,0.0,0.0,0.0,0.0,0.0
VEN_0021_3,PERF_0021,2026-06-30,2026-04-01,2026-06-30,situacion_critica,situacion_critica,en_riesgo,calculado,100.0,baja,mixto,True,alta,evidencia_temporal_disponible,balance_negativo,ninguna_relevante_para_el_periodo,La ventana entre 2026-04-01 y 2026-06-30 muestra un balance de -55605000 COP y una cobertura estimada de 0.00 meses. Este resultado describe el periodo y no a la persona.,train,100.0,0.0,0.0,0.0,0.0,0.0,0.0
VEN_0022_1,PERF_0022,2026-04-30,2026-04-01,2026-04-30,equilibrio_sostenible,equilibrio_sostenible,saludable,calculado,80.12,baja,variable,True,alta,balance_no_negativo,sin_factor_dominante,ninguna_relevante_para_el_periodo,La ventana entre 2026-04-01 y 2026-04-30 muestra un balance de 3628000 COP y una cobertura estimada de 2.81 meses. Este resultado describe el periodo y no a la persona.,train,0.0,0.0,0.12,18.84,0.0,80.12,0.92
VEN_0022_2,PERF_0022,2026-05-31,2026-04-01,2026-05-31,acumulacion_estable,acumulacion_estable,saludable,calculado,88.68,baja,variable,True,alta,balance_no_negativo,sin_factor_dominante,ninguna_relevante_para_el_periodo,La ventana entre 2026-04-01 y 2026-05-31 muestra un balance de 6058000 COP y una cobertura estimada de 4.17 meses. Este resultado describe el periodo y no a la persona.,train,0.0,0.2,1.25,88.68,0.0,6.3,3.57
VEN_0022_3,PERF_0022,2026-06-30,2026-04-01,2026-06-30,acumulacion_estable,acumulacion_estable,saludable,calculado,96.53,baja,variable,True,alta,balance_no_negativo,sin_factor_dominante,ninguna_relevante_para_el_periodo,La ventana entre 2026-04-01 y 2026-06-30 muestra un balance de 8777000 COP y una cobertura estimada de 4.93 meses. Este resultado describe el periodo y no a la persona.,train,0.0,0.2,0.22,96.53,0.0,0.89,2.16
VEN_0023_1,PERF_0023,2026-04-30,2026-04-01,2026-04-30,uso_planificado_reserva,estado_incierto,no_disponible,requiere_confirmacion,92.32,alta,mixto,False,alta,evidencia_temporal_disponible,balance_negativo,ninguna_relevante_para_el_periodo,La ventana entre 2026-04-01 y 2026-04-30 muestra un balance de -973000 COP y una cobertura estimada de 2.61 meses. Este resultado describe el periodo y no a la persona.,train,0.32,3.38,92.32,0.5,2.2,1.29,0.0
VEN_0023_2,PERF_0023,2026-05-31,2026-04-01,2026-05-31,variable_resiliente,variable_resiliente,saludable,calculado,96.34,baja,mixto,False,alta,balance_no_negativo,sin_factor_dominante,ninguna_relevante_para_el_periodo,La ventana entre 2026-04-01 y 2026-05-31 muestra un balance de 225000 COP y una cobertura estimada de 3.12 meses. Este resultado describe el periodo y no a la persona.,train,0.0,0.89,0.15,1.88,0.0,0.73,96.34
VEN_0023_3,PERF_0023,2026-06-30,2026-04-01,2026-06-30,variable_resiliente,variable_resiliente,saludable,calculado,92.55,baja,mixto,False,alta,balance_no_negativo,sin_factor_dominante,ninguna_relevante_para_el_periodo,La ventana entre 2026-04-01 y 2026-06-30 muestra un balance de 1234000 COP y una cobertura estimada de 3.60 meses. Este resultado describe el periodo y no a la persona.,train,0.0,0.12,0.41,5.58,0.0,1.34,92.55
VEN_0024_1,PERF_0024,2026-04-30,2026-04-01,2026-04-30,equilibrio_sostenible,equilibrio_sostenible,saludable,calculado,92.7,baja,variable,False,alta,balance_no_negativo,sin_factor_dominante,ninguna_relevante_para_el_periodo,La ventana entre 2026-04-01 y 2026-04-30 muestra un balance de 184000 COP y una cobertura estimada de 1.11 meses. Este resultado describe el periodo y no a la persona.,train,0.01,0.24,0.35,6.38,0.12,92.7,0.2
VEN_0024_2,PERF_0024,2026-05-31,2026-04-01,2026-05-31,fragilidad_sostenida,fragilidad_sostenida,en_riesgo,calculado,87.56,baja,variable,False,alta,evidencia_temporal_disponible,balance_negativo,ninguna_relevante_para_el_periodo,La ventana entre 2026-04-01 y 2026-05-31 muestra un balance de -1767000 COP y una cobertura estimada de 0.39 meses. Este resultado describe el periodo y no a la persona.,train,1.13,87.56,2.98,0.0,8.24,0.0,0.1
VEN_0024_3,PERF_0024,2026-06-30,2026-04-01,2026-06-30,situacion_critica,situacion_critica,en_riesgo,calculado,89.72,baja,variable,False,alta,evidencia_temporal_disponible,balance_negativo,ninguna_relevante_para_el_periodo,La ventana entre 2026-04-01 y 2026-06-30 muestra un balance de -3392000 COP y una cobertura estimada de 0.00 meses. Este resultado describe el periodo y no a la persona.,train,89.72,7.39,1.68,0.0,0.94,0.27,0.0
VEN_0025_1,PERF_0025,2026-04-30,2026-04-01,2026-04-30,uso_planificado_reserva,uso_planificado_reserva,en_observacion,calculado,99.57,baja,fijo,True,alta,evidencia_temporal_disponible,balance_negativo,ninguna_relevante_para_el_periodo,La ventana entre 2026-04-01 y 2026-04-30 muestra un balance de -3338000 COP y una cobertura estimada de 4.31 meses. Este resultado describe el periodo y no a la persona.,validation,0.0,0.43,99.57,0.0,0.0,0.0,0.0
VEN_0025_2,PERF_0025,2026-05-31,2026-04-01,2026-05-31,situacion_critica,situacion_critica,en_riesgo,calculado,94.94,baja,fijo,True,alta,evidencia_temporal_disponible,balance_negativo,ninguna_relevante_para_el_periodo,La ventana entre 2026-04-01 y 2026-05-31 muestra un balance de -12932000 COP y una cobertura estimada de 0.00 meses. Este resultado describe el periodo y no a la persona.,validation,94.94,2.16,0.0,0.0,2.9,0.0,0.0
VEN_0025_3,PERF_0025,2026-06-30,2026-04-01,2026-06-30,situacion_critica,situacion_critica,en_riesgo,calculado,99.76,baja,fijo,True,alta,evidencia_temporal_disponible,balance_negativo,ninguna_relevante_para_el_periodo,La ventana entre 2026-04-01 y 2026-06-30 muestra un balance de -22526000 COP y una cobertura estimada de 0.00 meses. Este resultado describe el periodo y no a la persona.,validation,99.76,0.24,0.0,0.0,0.0,0.0,0.0
VEN_0026_1,PERF_0026,2026-04-30,2026-04-01,2026-04-30,fragilidad_sostenida,fragilidad_sostenida,en_riesgo,calculado,93.73,baja,apoyo,True,alta,evidencia_temporal_disponible,balance_negativo,motivo_de_periodos_sin_ingreso,La ventana entre 2026-04-01 y 2026-04-30 muestra un balance de -4510000 COP y una cobertura estimada de 0.28 meses. Este resultado describe el periodo y no a la persona.,test,3.11,93.73,2.54,0.07,0.42,0.13,0.0
VEN_0026_2,PERF_0026,2026-05-31,2026-04-01,2026-05-31,situacion_critica,situacion_critica,en_riesgo,calculado,99.26,baja,apoyo,True,alta,evidencia_temporal_disponible,balance_negativo,motivo_de_periodos_sin_ingreso,La ventana entre 2026-04-01 y 2026-05-31 muestra un balance de -9020000 COP y una cobertura estimada de 0.00 meses. Este resultado describe el periodo y no a la persona.,test,99.26,0.74,0.0,0.0,0.0,0.0,0.0
VEN_0026_3,PERF_0026,2026-06-30,2026-04-01,2026-06-30,situacion_critica,situacion_critica,en_riesgo,calculado,99.86,baja,apoyo,True,alta,evidencia_temporal_disponible,balance_negativo,motivo_de_periodos_sin_ingreso,La ventana entre 2026-04-01 y 2026-06-30 muestra un balance de -15946000 COP y una cobertura estimada de 0.00 meses. Este resultado describe el periodo y no a la persona.,test,99.86,0.14,0.0,0.0,0.0,0.0,0.0
VEN_0027_1,PERF_0027,2026-04-30,2026-04-01,2026-04-30,situacion_critica,situacion_critica,en_riesgo,calculado,99.31,baja,apoyo,True,alta,evidencia_temporal_disponible,balance_negativo,motivo_de_periodos_sin_ingreso,La ventana entre 2026-04-01 y 2026-04-30 muestra un balance de -9782000 COP y una cobertura estimada de 0.00 meses. Este resultado describe el periodo y no a la persona.,train,99.31,0.5,0.0,0.0,0.19,0.0,0.0
VEN_0027_2,PERF_0027,2026-05-31,2026-04-01,2026-05-31,situacion_critica,situacion_critica,en_riesgo,calculado,100.0,baja,apoyo,True,alta,evidencia_temporal_disponible,balance_negativo,motivo_de_periodos_sin_ingreso,La ventana entre 2026-04-01 y 2026-05-31 muestra un balance de -22444000 COP y una cobertura estimada de 0.00 meses. Este resultado describe el periodo y no a la persona.,train,100.0,0.0,0.0,0.0,0.0,0.0,0.0
VEN_0027_3,PERF_0027,2026-06-30,2026-04-01,2026-06-30,situacion_critica,situacion_critica,en_riesgo,calculado,99.84,baja,apoyo,True,alta,evidencia_temporal_disponible,balance_negativo,motivo_de_periodos_sin_ingreso,La ventana entre 2026-04-01 y 2026-06-30 muestra un balance de -35106000 COP y una cobertura estimada de 0.00 meses. Este resultado describe el periodo y no a la persona.,train,99.84,0.16,0.0,0.0,0.0,0.0,0.0
VEN_0028_1,PERF_0028,2026-04-30,2026-04-01,2026-04-30,situacion_critica,situacion_critica,en_riesgo,calculado,99.87,baja,fijo,False,alta,evidencia_temporal_disponible,balance_negativo,ninguna_relevante_para_el_periodo,La ventana entre 2026-04-01 y 2026-04-30 muestra un balance de -10552000 COP y una cobertura estimada de 0.00 meses. Este resultado describe el periodo y no a la persona.,train,99.87,0.13,0.0,0.0,0.0,0.0,0.0
VEN_0028_2,PERF_0028,2026-05-31,2026-04-01,2026-05-31,situacion_critica,situacion_critica,en_riesgo,calculado,100.0,baja,fijo,False,alta,evidencia_temporal_disponible,balance_negativo,ninguna_relevante_para_el_periodo,La ventana entre 2026-04-01 y 2026-05-31 muestra un balance de -24009000 COP y una cobertura estimada de 0.00 meses. Este resultado describe el periodo y no a la persona.,train,100.0,0.0,0.0,0.0,0.0,0.0,0.0
VEN_0028_3,PERF_0028,2026-06-30,2026-04-01,2026-06-30,situacion_critica,situacion_critica,en_riesgo,calculado,100.0,baja,fijo,False,alta,evidencia_temporal_disponible,balance_negativo,ninguna_relevante_para_el_periodo,La ventana entre 2026-04-01 y 2026-06-30 muestra un balance de -37466000 COP y una cobertura estimada de 0.00 meses. Este resultado describe el periodo y no a la persona.,train,100.0,0.0,0.0,0.0,0.0,0.0,0.0
VEN_0029_1,PERF_0029,2026-04-30,2026-04-01,2026-04-30,situacion_critica,situacion_critica,en_riesgo,calculado,98.74,baja,sin_ingresos,False,alta,evidencia_temporal_disponible,balance_negativo,motivo_de_periodos_sin_ingreso,La ventana entre 2026-04-01 y 2026-04-30 muestra un balance de -5176000 COP y una cobertura estimada de 0.00 meses. Este resultado describe el periodo y no a la persona.,train,98.74,1.14,0.12,0.0,0.0,0.0,0.0
VEN_0029_2,PERF_0029,2026-05-31,2026-04-01,2026-05-31,situacion_critica,situacion_critica,en_riesgo,calculado,99.71,baja,sin_ingresos,False,alta,evidencia_temporal_disponible,balance_negativo,motivo_de_periodos_sin_ingreso,La ventana entre 2026-04-01 y 2026-05-31 muestra un balance de -10352000 COP y una cobertura estimada de 0.00 meses. Este resultado describe el periodo y no a la persona.,train,99.71,0.24,0.04,0.0,0.0,0.0,0.0
VEN_0029_3,PERF_0029,2026-06-30,2026-04-01,2026-06-30,situacion_critica,situacion_critica,en_riesgo,calculado,99.96,baja,sin_ingresos,False,alta,evidencia_temporal_disponible,balance_negativo,motivo_de_periodos_sin_ingreso,La ventana entre 2026-04-01 y 2026-06-30 muestra un balance de -15528000 COP y una cobertura estimada de 0.00 meses. Este resultado describe el periodo y no a la persona.,train,99.96,0.0,0.04,0.0,0.0,0.0,0.0
VEN_0030_1,PERF_0030,2026-04-30,2026-04-01,2026-04-30,uso_planificado_reserva,estado_incierto,no_disponible,requiere_confirmacion,97.11,alta,sin_ingresos,False,alta,evidencia_temporal_disponible,balance_negativo,motivo_de_periodos_sin_ingreso,La ventana entre 2026-04-01 y 2026-04-30 muestra un balance de -2398000 COP y una cobertura estimada de 2.27 meses. Este resultado describe el periodo y no a la persona.,train,0.08,2.81,97.11,0.0,0.0,0.0,0.0
VEN_0030_2,PERF_0030,2026-05-31,2026-04-01,2026-05-31,fragilidad_sostenida,fragilidad_sostenida,en_riesgo,calculado,95.52,baja,sin_ingresos,False,alta,evidencia_temporal_disponible,balance_negativo,motivo_de_periodos_sin_ingreso,La ventana entre 2026-04-01 y 2026-05-31 muestra un balance de -4796000 COP y una cobertura estimada de 0.34 meses. Este resultado describe el periodo y no a la persona.,train,1.96,95.52,1.17,0.0,1.35,0.0,0.0
VEN_0030_3,PERF_0030,2026-06-30,2026-04-01,2026-06-30,situacion_critica,situacion_critica,en_riesgo,calculado,99.57,baja,sin_ingresos,False,alta,evidencia_temporal_disponible,balance_negativo,motivo_de_periodos_sin_ingreso,La ventana entre 2026-04-01 y 2026-06-30 muestra un balance de -6958000 COP y una cobertura estimada de 0.00 meses. Este resultado describe el periodo y no a la persona.,train,99.57,0.27,0.16,0.0,0.0,0.0,0.0
VEN_0031_1,PERF_0031,2026-04-30,2026-04-01,2026-04-30,uso_planificado_reserva,uso_planificado_reserva,en_observacion,calculado,97.64,baja,mixto,True,alta,evidencia_temporal_disponible,balance_negativo,ninguna_relevante_para_el_periodo,La ventana entre 2026-04-01 y 2026-04-30 muestra un balance de -4041000 COP y una cobertura estimada de 3.73 meses. Este resultado describe el periodo y no a la persona.,train,0.45,0.91,97.64,0.17,0.83,0.0,0.0
VEN_0031_2,PERF_0031,2026-05-31,2026-04-01,2026-05-31,uso_planificado_reserva,uso_planificado_reserva,en_observacion,calculado,86.94,baja,mixto,True,alta,evidencia_temporal_disponible,balance_negativo,ninguna_relevante_para_el_periodo,La ventana entre 2026-04-01 y 2026-05-31 muestra un balance de -6562000 COP y una cobertura estimada de 2.93 meses. Este resultado describe el periodo y no a la persona.,train,0.58,7.43,86.94,0.0,4.21,0.21,0.63
VEN_0031_3,PERF_0031,2026-06-30,2026-04-01,2026-06-30,uso_planificado_reserva,uso_planificado_reserva,en_observacion,calculado,88.53,baja,mixto,True,alta,evidencia_temporal_disponible,balance_negativo,ninguna_relevante_para_el_periodo,La ventana entre 2026-04-01 y 2026-06-30 muestra un balance de -7655000 COP y una cobertura estimada de 2.18 meses. Este resultado describe el periodo y no a la persona.,train,0.35,6.59,88.53,0.0,3.58,0.34,0.63
VEN_0032_1,PERF_0032,2026-04-30,2026-04-01,2026-04-30,uso_planificado_reserva,uso_planificado_reserva,en_observacion,calculado,92.85,baja,fijo,True,alta,evidencia_temporal_disponible,balance_negativo,ninguna_relevante_para_el_periodo,La ventana entre 2026-04-01 y 2026-04-30 muestra un balance de -998000 COP y una cobertura estimada de 4.56 meses. Este resultado describe el periodo y no a la persona.,test,1.11,2.71,92.85,0.83,2.22,0.28,0.0
VEN_0032_2,PERF_0032,2026-05-31,2026-04-01,2026-05-31,deterioro_reciente,deterioro_reciente,en_observacion,calculado,70.48,media,fijo,True,alta,evidencia_temporal_disponible,balance_negativo,ninguna_relevante_para_el_periodo,La ventana entre 2026-04-01 y 2026-05-31 muestra un balance de -5894000 COP y una cobertura estimada de 0.78 meses. Este resultado describe el periodo y no a la persona.,test,1.28,27.13,1.11,0.0,70.48,0.0,0.0
VEN_0032_3,PERF_0032,2026-06-30,2026-04-01,2026-06-30,situacion_critica,situacion_critica,en_riesgo,calculado,99.91,baja,fijo,True,alta,evidencia_temporal_disponible,balance_negativo,ninguna_relevante_para_el_periodo,La ventana entre 2026-04-01 y 2026-06-30 muestra un balance de -10627000 COP y una cobertura estimada de 0.00 meses. Este resultado describe el periodo y no a la persona.,test,99.91,0.0,0.09,0.0,0.0,0.0,0.0
VEN_0033_1,PERF_0033,2026-04-30,2026-04-01,2026-04-30,acumulacion_estable,acumulacion_estable,saludable,calculado,87.38,baja,variable,True,alta,balance_no_negativo,sin_factor_dominante,ninguna_relevante_para_el_periodo,La ventana entre 2026-04-01 y 2026-04-30 muestra un balance de 303000 COP y una cobertura estimada de 4.46 meses. Este resultado describe el periodo y no a la persona.,train,0.0,0.03,0.34,87.38,0.0,10.94,1.31
VEN_0033_2,PERF_0033,2026-05-31,2026-04-01,2026-05-31,acumulacion_estable,acumulacion_estable,saludable,calculado,87.54,baja,variable,True,alta,balance_no_negativo,sin_factor_dominante,ninguna_relevante_para_el_periodo,La ventana entre 2026-04-01 y 2026-05-31 muestra un balance de 356000 COP y una cobertura estimada de 4.87 meses. Este resultado describe el periodo y no a la persona.,train,0.0,0.0,0.33,87.54,0.0,10.34,1.79
VEN_0033_3,PERF_0033,2026-06-30,2026-04-01,2026-06-30,uso_planificado_reserva,uso_planificado_reserva,en_observacion,calculado,73.49,media,variable,True,alta,evidencia_temporal_disponible,balance_negativo,ninguna_relevante_para_el_periodo,La ventana entre 2026-04-01 y 2026-06-30 muestra un balance de -1284000 COP y una cobertura estimada de 3.45 meses. Este resultado describe el periodo y no a la persona.,train,0.01,7.89,73.49,4.95,9.92,0.89,2.85
VEN_0034_1,PERF_0034,2026-04-30,2026-04-01,2026-04-30,situacion_critica,situacion_critica,en_riesgo,calculado,99.29,baja,estacional,True,alta,evidencia_temporal_disponible,balance_negativo,ninguna_relevante_para_el_periodo,La ventana entre 2026-04-01 y 2026-04-30 muestra un balance de -3222000 COP y una cobertura estimada de 0.00 meses. Este resultado describe el periodo y no a la persona.,train,99.29,0.48,0.06,0.0,0.17,0.0,0.0
VEN_0034_2,PERF_0034,2026-05-31,2026-04-01,2026-05-31,situacion_critica,situacion_critica,en_riesgo,calculado,97.44,baja,estacional,True,alta,evidencia_temporal_disponible,balance_negativo,motivo_de_periodos_sin_ingreso,La ventana entre 2026-04-01 y 2026-05-31 muestra un balance de -13374000 COP y una cobertura estimada de 0.00 meses. Este resultado describe el periodo y no a la persona.,train,97.44,1.13,0.18,0.0,1.26,0.0,0.0
VEN_0034_3,PERF_0034,2026-06-30,2026-04-01,2026-06-30,situacion_critica,situacion_critica,en_riesgo,calculado,99.52,baja,estacional,True,alta,evidencia_temporal_disponible,balance_negativo,motivo_de_periodos_sin_ingreso,La ventana entre 2026-04-01 y 2026-06-30 muestra un balance de -20186000 COP y una cobertura estimada de 0.00 meses. Este resultado describe el periodo y no a la persona.,train,99.52,0.19,0.13,0.0,0.16,0.0,0.0
VEN_0035_1,PERF_0035,2026-04-30,2026-04-01,2026-04-30,situacion_critica,situacion_critica,en_riesgo,calculado,99.68,baja,mixto,True,alta,evidencia_temporal_disponible,balance_negativo,ninguna_relevante_para_el_periodo,La ventana entre 2026-04-01 y 2026-04-30 muestra un balance de -2522000 COP y una cobertura estimada de 0.00 meses. Este resultado describe el periodo y no a la persona.,train,99.68,0.26,0.07,0.0,0.0,0.0,0.0
VEN_0035_2,PERF_0035,2026-05-31,2026-04-01,2026-05-31,situacion_critica,situacion_critica,en_riesgo,calculado,99.82,baja,mixto,True,alta,evidencia_temporal_disponible,balance_negativo,ninguna_relevante_para_el_periodo,La ventana entre 2026-04-01 y 2026-05-31 muestra un balance de -5360000 COP y una cobertura estimada de 0.00 meses. Este resultado describe el periodo y no a la persona.,train,99.82,0.18,0.0,0.0,0.0,0.0,0.0
VEN_0035_3,PERF_0035,2026-06-30,2026-04-01,2026-06-30,situacion_critica,situacion_critica,en_riesgo,calculado,100.0,baja,mixto,True,alta,evidencia_temporal_disponible,balance_negativo,ninguna_relevante_para_el_periodo,La ventana entre 2026-04-01 y 2026-06-30 muestra un balance de -8191000 COP y una cobertura estimada de 0.00 meses. Este resultado describe el periodo y no a la persona.,train,100.0,0.0,0.0,0.0,0.0,0.0,0.0
VEN_0036_1,PERF_0036,2026-04-30,2026-04-01,2026-04-30,acumulacion_estable,acumulacion_estable,saludable,calculado,90.99,baja,estacional,True,alta,balance_no_negativo,sin_factor_dominante,ninguna_relevante_para_el_periodo,La ventana entre 2026-04-01 y 2026-04-30 muestra un balance de 3234000 COP y una cobertura estimada de 6.44 meses. Este resultado describe el periodo y no a la persona.,train,0.0,0.0,0.11,90.99,0.0,4.59,4.3
VEN_0036_2,PERF_0036,2026-05-31,2026-04-01,2026-05-31,deterioro_reciente,deterioro_reciente,en_observacion,calculado,80.69,baja,estacional,True,alta,evidencia_temporal_disponible,balance_negativo,motivo_de_periodos_sin_ingreso,La ventana entre 2026-04-01 y 2026-05-31 muestra un balance de -1128000 COP y una cobertura estimada de 4.82 meses. Este resultado describe el periodo y no a la persona.,train,1.05,3.16,14.07,0.17,80.69,0.41,0.47
VEN_0036_3,PERF_0036,2026-06-30,2026-04-01,2026-06-30,variable_resiliente,variable_resiliente,saludable,calculado,87.45,baja,estacional,True,alta,balance_no_negativo,sin_factor_dominante,motivo_de_periodos_sin_ingreso,La ventana entre 2026-04-01 y 2026-06-30 muestra un balance de 1971000 COP y una cobertura estimada de 6.54 meses. Este resultado describe el periodo y no a la persona.,train,0.0,1.12,0.74,8.6,0.4,1.69,87.45
VEN_0037_1,PERF_0037,2026-04-30,2026-04-01,2026-04-30,fragilidad_sostenida,fragilidad_sostenida,en_riesgo,calculado,94.71,baja,mixto,True,alta,evidencia_temporal_disponible,balance_negativo,ninguna_relevante_para_el_periodo,La ventana entre 2026-04-01 y 2026-04-30 muestra un balance de -1526000 COP y una cobertura estimada de 0.25 meses. Este resultado describe el periodo y no a la persona.,train,0.96,94.71,3.39,0.0,0.68,0.26,0.0
VEN_0037_2,PERF_0037,2026-05-31,2026-04-01,2026-05-31,fragilidad_sostenida,estado_incierto,no_disponible,requiere_confirmacion,44.8,alta,mixto,True,alta,evidencia_temporal_disponible,balance_negativo,ninguna_relevante_para_el_periodo,La ventana entre 2026-04-01 y 2026-05-31 muestra un balance de -393000 COP y una cobertura estimada de 0.94 meses. Este resultado describe el periodo y no a la persona.,train,0.55,44.8,10.43,0.72,2.24,3.66,37.61
VEN_0037_3,PERF_0037,2026-06-30,2026-04-01,2026-06-30,variable_resiliente,variable_resiliente,saludable,calculado,85.67,baja,mixto,True,alta,balance_no_negativo,sin_factor_dominante,ninguna_relevante_para_el_periodo,La ventana entre 2026-04-01 y 2026-06-30 muestra un balance de 611000 COP y una cobertura estimada de 1.27 meses. Este resultado describe el periodo y no a la persona.,train,0.0,1.57,0.25,1.7,0.0,10.81,85.67
VEN_0038_1,PERF_0038,2026-04-30,2026-04-01,2026-04-30,uso_planificado_reserva,estado_incierto,no_disponible,requiere_confirmacion,96.95,alta,fijo,False,alta,evidencia_temporal_disponible,balance_negativo,ninguna_relevante_para_el_periodo,La ventana entre 2026-04-01 y 2026-04-30 muestra un balance de -1443000 COP y una cobertura estimada de 3.87 meses. Este resultado describe el periodo y no a la persona.,train,0.03,0.44,96.95,1.32,0.65,0.61,0.0
VEN_0038_2,PERF_0038,2026-05-31,2026-04-01,2026-05-31,uso_planificado_reserva,estado_incierto,no_disponible,requiere_confirmacion,87.23,alta,fijo,False,alta,evidencia_temporal_disponible,balance_negativo,ninguna_relevante_para_el_periodo,La ventana entre 2026-04-01 y 2026-05-31 muestra un balance de -5114000 COP y una cobertura estimada de 2.96 meses. Este resultado describe el periodo y no a la persona.,train,0.05,3.55,87.23,0.32,8.54,0.32,0.0
VEN_0038_3,PERF_0038,2026-06-30,2026-04-01,2026-06-30,uso_planificado_reserva,estado_incierto,no_disponible,requiere_confirmacion,75.77,alta,fijo,False,alta,evidencia_temporal_disponible,balance_negativo,ninguna_relevante_para_el_periodo,La ventana entre 2026-04-01 y 2026-06-30 muestra un balance de -8785000 COP y una cobertura estimada de 2.25 meses. Este resultado describe el periodo y no a la persona.,train,0.21,18.68,75.77,0.16,4.27,0.83,0.07
VEN_0039_1,PERF_0039,2026-04-30,2026-04-01,2026-04-30,acumulacion_estable,acumulacion_estable,saludable,calculado,78.04,baja,variable,True,alta,balance_no_negativo,sin_factor_dominante,ninguna_relevante_para_el_periodo,La ventana entre 2026-04-01 y 2026-04-30 muestra un balance de 1912000 COP y una cobertura estimada de 8.73 meses. Este resultado describe el periodo y no a la persona.,test,0.0,0.05,2.85,78.04,0.0,17.61,1.45
VEN_0039_2,PERF_0039,2026-05-31,2026-04-01,2026-05-31,deterioro_reciente,deterioro_reciente,en_observacion,calculado,66.24,media,variable,True,alta,evidencia_temporal_disponible,balance_negativo,ninguna_relevante_para_el_periodo,La ventana entre 2026-04-01 y 2026-05-31 muestra un balance de -4160000 COP y una cobertura estimada de 3.05 meses. Este resultado describe el periodo y no a la persona.,test,2.35,4.23,27.01,0.0,66.24,0.08,0.09
VEN_0039_3,PERF_0039,2026-06-30,2026-04-01,2026-06-30,fragilidad_sostenida,fragilidad_sostenida,en_riesgo,calculado,71.33,media,variable,True,alta,evidencia_temporal_disponible,balance_negativo,ninguna_relevante_para_el_periodo,La ventana entre 2026-04-01 y 2026-06-30 muestra un balance de -9874000 COP y una cobertura estimada de 1.40 meses. Este resultado describe el periodo y no a la persona.,test,3.13,71.33,6.89,0.0,18.46,0.0,0.2
VEN_0040_1,PERF_0040,2026-04-30,2026-04-01,2026-04-30,equilibrio_sostenible,equilibrio_sostenible,saludable,calculado,96.02,baja,estacional,False,alta,balance_no_negativo,sin_factor_dominante,ninguna_relevante_para_el_periodo,La ventana entre 2026-04-01 y 2026-04-30 muestra un balance de 117000 COP y una cobertura estimada de 2.22 meses. Este resultado describe el periodo y no a la persona.,validation,0.0,0.11,0.05,2.67,0.0,96.02,1.14
VEN_0040_2,PERF_0040,2026-05-31,2026-04-01,2026-05-31,fragilidad_sostenida,fragilidad_sostenida,en_riesgo,calculado,59.11,media,estacional,False,alta,evidencia_temporal_disponible,balance_negativo,motivo_de_periodos_sin_ingreso,La ventana entre 2026-04-01 y 2026-05-31 muestra un balance de -2553000 COP y una cobertura estimada de 0.26 meses. Este resultado describe el periodo y no a la persona.,validation,9.44,59.11,0.09,0.0,31.36,0.0,0.0
VEN_0040_3,PERF_0040,2026-06-30,2026-04-01,2026-06-30,situacion_critica,situacion_critica,en_riesgo,calculado,98.38,baja,estacional,False,alta,evidencia_temporal_disponible,balance_negativo,motivo_de_periodos_sin_ingreso,La ventana entre 2026-04-01 y 2026-06-30 muestra un balance de -4208000 COP y una cobertura estimada de 0.00 meses. Este resultado describe el periodo y no a la persona.,validation,98.38,1.25,0.02,0.0,0.35,0.0,0.0
VEN_0041_1,PERF_0041,2026-04-30,2026-04-01,2026-04-30,situacion_critica,situacion_critica,en_riesgo,calculado,99.09,baja,mixto,False,alta,evidencia_temporal_disponible,balance_negativo,ninguna_relevante_para_el_periodo,La ventana entre 2026-04-01 y 2026-04-30 muestra un balance de -7137000 COP y una cobertura estimada de 0.00 meses. Este resultado describe el periodo y no a la persona.,test,99.09,0.56,0.35,0.0,0.0,0.0,0.0
VEN_0041_2,PERF_0041,2026-05-31,2026-04-01,2026-05-31,situacion_critica,situacion_critica,en_riesgo,calculado,98.65,baja,mixto,False,alta,evidencia_temporal_disponible,balance_negativo,ninguna_relevante_para_el_periodo,La ventana entre 2026-04-01 y 2026-05-31 muestra un balance de -13771000 COP y una cobertura estimada de 0.00 meses. Este resultado describe el periodo y no a la persona.,test,98.65,1.28,0.07,0.0,0.0,0.0,0.0
VEN_0041_3,PERF_0041,2026-06-30,2026-04-01,2026-06-30,situacion_critica,situacion_critica,en_riesgo,calculado,99.37,baja,mixto,False,alta,evidencia_temporal_disponible,balance_negativo,ninguna_relevante_para_el_periodo,La ventana entre 2026-04-01 y 2026-06-30 muestra un balance de -20871000 COP y una cobertura estimada de 0.00 meses. Este resultado describe el periodo y no a la persona.,test,99.37,0.63,0.0,0.0,0.0,0.0,0.0
VEN_0042_1,PERF_0042,2026-04-30,2026-04-01,2026-04-30,situacion_critica,situacion_critica,en_riesgo,calculado,99.6,baja,mixto,False,alta,evidencia_temporal_disponible,balance_negativo,ninguna_relevante_para_el_periodo,La ventana entre 2026-04-01 y 2026-04-30 muestra un balance de -8942000 COP y una cobertura estimada de 0.00 meses. Este resultado describe el periodo y no a la persona.,train,99.6,0.18,0.22,0.0,0.0,0.0,0.0
VEN_0042_2,PERF_0042,2026-05-31,2026-04-01,2026-05-31,situacion_critica,situacion_critica,en_riesgo,calculado,99.64,baja,mixto,False,alta,evidencia_temporal_disponible,balance_negativo,ninguna_relevante_para_el_periodo,La ventana entre 2026-04-01 y 2026-05-31 muestra un balance de -23273000 COP y una cobertura estimada de 0.00 meses. Este resultado describe el periodo y no a la persona.,train,99.64,0.18,0.0,0.0,0.18,0.0,0.0
VEN_0042_3,PERF_0042,2026-06-30,2026-04-01,2026-06-30,situacion_critica,situacion_critica,en_riesgo,calculado,100.0,baja,mixto,False,alta,evidencia_temporal_disponible,balance_negativo,ninguna_relevante_para_el_periodo,La ventana entre 2026-04-01 y 2026-06-30 muestra un balance de -36993000 COP y una cobertura estimada de 0.00 meses. Este resultado describe el periodo y no a la persona.,train,100.0,0.0,0.0,0.0,0.0,0.0,0.0
VEN_0043_1,PERF_0043,2026-04-30,2026-04-01,2026-04-30,uso_planificado_reserva,uso_planificado_reserva,en_observacion,calculado,87.01,baja,fijo,True,alta,evidencia_temporal_disponible,balance_negativo,ninguna_relevante_para_el_periodo,La ventana entre 2026-04-01 y 2026-04-30 muestra un balance de -2678000 COP y una cobertura estimada de 1.86 meses. Este resultado describe el periodo y no a la persona.,test,0.2,11.29,87.01,0.0,0.96,0.54,0.0
VEN_0043_2,PERF_0043,2026-05-31,2026-04-01,2026-05-31,fragilidad_sostenida,fragilidad_sostenida,en_riesgo,calculado,97.91,baja,fijo,True,alta,evidencia_temporal_disponible,balance_negativo,ninguna_relevante_para_el_periodo,La ventana entre 2026-04-01 y 2026-05-31 muestra un balance de -5356000 COP y una cobertura estimada de 0.50 meses. Este resultado describe el periodo y no a la persona.,test,0.71,97.91,0.61,0.0,0.77,0.0,0.0
VEN_0043_3,PERF_0043,2026-06-30,2026-04-01,2026-06-30,situacion_critica,situacion_critica,en_riesgo,calculado,99.47,baja,fijo,True,alta,evidencia_temporal_disponible,balance_negativo,ninguna_relevante_para_el_periodo,La ventana entre 2026-04-01 y 2026-06-30 muestra un balance de -8034000 COP y una cobertura estimada de 0.00 meses. Este resultado describe el periodo y no a la persona.,test,99.47,0.36,0.17,0.0,0.0,0.0,0.0
VEN_0044_1,PERF_0044,2026-04-30,2026-04-01,2026-04-30,situacion_critica,situacion_critica,en_riesgo,calculado,99.32,baja,fijo,True,alta,evidencia_temporal_disponible,balance_negativo,ninguna_relevante_para_el_periodo,La ventana entre 2026-04-01 y 2026-04-30 muestra un balance de -6660000 COP y una cobertura estimada de 0.00 meses. Este resultado describe el periodo y no a la persona.,test,99.32,0.68,0.0,0.0,0.0,0.0,0.0
VEN_0044_2,PERF_0044,2026-05-31,2026-04-01,2026-05-31,situacion_critica,situacion_critica,en_riesgo,calculado,99.2,baja,fijo,True,alta,evidencia_temporal_disponible,balance_negativo,ninguna_relevante_para_el_periodo,La ventana entre 2026-04-01 y 2026-05-31 muestra un balance de -13320000 COP y una cobertura estimada de 0.00 meses. Este resultado describe el periodo y no a la persona.,test,99.2,0.8,0.0,0.0,0.0,0.0,0.0
VEN_0044_3,PERF_0044,2026-06-30,2026-04-01,2026-06-30,situacion_critica,situacion_critica,en_riesgo,calculado,99.8,baja,fijo,True,alta,evidencia_temporal_disponible,balance_negativo,ninguna_relevante_para_el_periodo,La ventana entre 2026-04-01 y 2026-06-30 muestra un balance de -19980000 COP y una cobertura estimada de 0.00 meses. Este resultado describe el periodo y no a la persona.,test,99.8,0.2,0.0,0.0,0.0,0.0,0.0
VEN_0045_1,PERF_0045,2026-04-30,2026-04-01,2026-04-30,uso_planificado_reserva,uso_planificado_reserva,en_observacion,calculado,83.4,baja,apoyo,True,alta,evidencia_temporal_disponible,balance_negativo,motivo_de_periodos_sin_ingreso,La ventana entre 2026-04-01 y 2026-04-30 muestra un balance de -2160000 COP y una cobertura estimada de 1.47 meses. Este resultado describe el periodo y no a la persona.,train,0.57,14.09,83.4,0.06,1.25,0.63,0.0
VEN_0045_2,PERF_0045,2026-05-31,2026-04-01,2026-05-31,fragilidad_sostenida,fragilidad_sostenida,en_riesgo,calculado,96.43,baja,apoyo,True,alta,evidencia_temporal_disponible,balance_negativo,motivo_de_periodos_sin_ingreso,La ventana entre 2026-04-01 y 2026-05-31 muestra un balance de -3519000 COP y una cobertura estimada de 0.78 meses. Este resultado describe el periodo y no a la persona.,train,0.86,96.43,1.56,0.0,1.15,0.0,0.0
VEN_0045_3,PERF_0045,2026-06-30,2026-04-01,2026-06-30,situacion_critica,situacion_critica,en_riesgo,calculado,99.86,baja,apoyo,True,alta,evidencia_temporal_disponible,balance_negativo,motivo_de_periodos_sin_ingreso,La ventana entre 2026-04-01 y 2026-06-30 muestra un balance de -6582000 COP y una cobertura estimada de 0.00 meses. Este resultado describe el periodo y no a la persona.,train,99.86,0.14,0.0,0.0,0.0,0.0,0.0
VEN_0046_1,PERF_0046,2026-04-30,2026-04-01,2026-04-30,uso_planificado_reserva,uso_planificado_reserva,en_observacion,calculado,99.76,baja,fijo,True,alta,evidencia_temporal_disponible,balance_negativo,ninguna_relevante_para_el_periodo,La ventana entre 2026-04-01 y 2026-04-30 muestra un balance de -1961000 COP y una cobertura estimada de 3.90 meses. Este resultado describe el periodo y no a la persona.,train,0.0,0.1,99.76,0.15,0.0,0.0,0.0
VEN_0046_2,PERF_0046,2026-05-31,2026-04-01,2026-05-31,situacion_critica,situacion_critica,en_riesgo,calculado,93.71,baja,fijo,True,alta,evidencia_temporal_disponible,balance_negativo,ninguna_relevante_para_el_periodo,La ventana entre 2026-04-01 y 2026-05-31 muestra un balance de -8047000 COP y una cobertura estimada de 0.00 meses. Este resultado describe el periodo y no a la persona.,train,93.71,2.57,0.0,0.0,3.72,0.0,0.0
VEN_0046_3,PERF_0046,2026-06-30,2026-04-01,2026-06-30,situacion_critica,situacion_critica,en_riesgo,calculado,100.0,baja,fijo,True,alta,evidencia_temporal_disponible,balance_negativo,ninguna_relevante_para_el_periodo,La ventana entre 2026-04-01 y 2026-06-30 muestra un balance de -14133000 COP y una cobertura estimada de 0.00 meses. Este resultado describe el periodo y no a la persona.,train,100.0,0.0,0.0,0.0,0.0,0.0,0.0
VEN_0047_1,PERF_0047,2026-04-30,2026-04-01,2026-04-30,uso_planificado_reserva,uso_planificado_reserva,en_observacion,calculado,99.81,baja,fijo,True,alta,evidencia_temporal_disponible,balance_negativo,ninguna_relevante_para_el_periodo,La ventana entre 2026-04-01 y 2026-04-30 muestra un balance de -4702000 COP y una cobertura estimada de 2.81 meses. Este resultado describe el periodo y no a la persona.,train,0.0,0.02,99.81,0.0,0.17,0.0,0.0
VEN_0047_2,PERF_0047,2026-05-31,2026-04-01,2026-05-31,fragilidad_sostenida,fragilidad_sostenida,en_riesgo,calculado,97.26,baja,fijo,True,alta,evidencia_temporal_disponible,balance_negativo,ninguna_relevante_para_el_periodo,La ventana entre 2026-04-01 y 2026-05-31 muestra un balance de -9404000 COP y una cobertura estimada de 1.12 meses. Este resultado describe el periodo y no a la persona.,train,0.25,97.26,0.89,0.0,1.6,0.0,0.0
VEN_0047_3,PERF_0047,2026-06-30,2026-04-01,2026-06-30,situacion_critica,situacion_critica,en_riesgo,calculado,99.85,baja,fijo,True,alta,evidencia_temporal_disponible,balance_negativo,ninguna_relevante_para_el_periodo,La ventana entre 2026-04-01 y 2026-06-30 muestra un balance de -16637000 COP y una cobertura estimada de 0.00 meses. Este resultado describe el periodo y no a la persona.,train,99.85,0.0,0.15,0.0,0.0,0.0,0.0
VEN_0048_1,PERF_0048,2026-04-30,2026-04-01,2026-04-30,situacion_critica,situacion_critica,en_riesgo,calculado,95.45,baja,variable,True,alta,evidencia_temporal_disponible,balance_negativo,ninguna_relevante_para_el_periodo,La ventana entre 2026-04-01 y 2026-04-30 muestra un balance de -3021000 COP y una cobertura estimada de 0.00 meses. Este resultado describe el periodo y no a la persona.,train,95.45,2.65,0.73,0.0,1.16,0.0,0.0
VEN_0048_2,PERF_0048,2026-05-31,2026-04-01,2026-05-31,situacion_critica,situacion_critica,en_riesgo,calculado,98.93,baja,variable,True,alta,evidencia_temporal_disponible,balance_negativo,ninguna_relevante_para_el_periodo,La ventana entre 2026-04-01 y 2026-05-31 muestra un balance de -9777000 COP y una cobertura estimada de 0.00 meses. Este resultado describe el periodo y no a la persona.,train,98.93,0.61,0.17,0.0,0.29,0.0,0.0
VEN_0048_3,PERF_0048,2026-06-30,2026-04-01,2026-06-30,situacion_critica,situacion_critica,en_riesgo,calculado,100.0,baja,variable,True,alta,evidencia_temporal_disponible,balance_negativo,ninguna_relevante_para_el_periodo,La ventana entre 2026-04-01 y 2026-06-30 muestra un balance de -15982000 COP y una cobertura estimada de 0.00 meses. Este resultado describe el periodo y no a la persona.,train,100.0,0.0,0.0,0.0,0.0,0.0,0.0
VEN_0049_1,PERF_0049,2026-04-30,2026-04-01,2026-04-30,situacion_critica,situacion_critica,en_riesgo,calculado,99.92,baja,variable,True,alta,evidencia_temporal_disponible,balance_negativo,ninguna_relevante_para_el_periodo,La ventana entre 2026-04-01 y 2026-04-30 muestra un balance de -6851000 COP y una cobertura estimada de 0.00 meses. Este resultado describe el periodo y no a la persona.,train,99.92,0.0,0.08,0.0,0.0,0.0,0.0
VEN_0049_2,PERF_0049,2026-05-31,2026-04-01,2026-05-31,situacion_critica,situacion_critica,en_riesgo,calculado,100.0,baja,variable,True,alta,evidencia_temporal_disponible,balance_negativo,ninguna_relevante_para_el_periodo,La ventana entre 2026-04-01 y 2026-05-31 muestra un balance de -17018000 COP y una cobertura estimada de 0.00 meses. Este resultado describe el periodo y no a la persona.,train,100.0,0.0,0.0,0.0,0.0,0.0,0.0
VEN_0049_3,PERF_0049,2026-06-30,2026-04-01,2026-06-30,situacion_critica,situacion_critica,en_riesgo,calculado,100.0,baja,variable,True,alta,evidencia_temporal_disponible,balance_negativo,ninguna_relevante_para_el_periodo,La ventana entre 2026-04-01 y 2026-06-30 muestra un balance de -27311000 COP y una cobertura estimada de 0.00 meses. Este resultado describe el periodo y no a la persona.,train,100.0,0.0,0.0,0.0,0.0,0.0,0.0
VEN_0050_1,PERF_0050,2026-04-30,2026-04-01,2026-04-30,acumulacion_estable,acumulacion_estable,saludable,calculado,96.39,baja,estacional,True,alta,balance_no_negativo,sin_factor_dominante,ninguna_relevante_para_el_periodo,La ventana entre 2026-04-01 y 2026-04-30 muestra un balance de 2643000 COP y una cobertura estimada de 5.98 meses. Este resultado describe el periodo y no a la persona.,test,0.0,0.0,0.0,96.39,0.0,1.86,1.75
VEN_0050_2,PERF_0050,2026-05-31,2026-04-01,2026-05-31,deterioro_reciente,deterioro_reciente,en_observacion,calculado,78.67,baja,estacional,True,alta,evidencia_temporal_disponible,balance_negativo,motivo_de_periodos_sin_ingreso,La ventana entre 2026-04-01 y 2026-05-31 muestra un balance de -1104000 COP y una cobertura estimada de 4.34 meses. Este resultado describe el periodo y no a la persona.,test,0.32,1.77,18.14,0.31,78.67,0.11,0.68
VEN_0050_3,PERF_0050,2026-06-30,2026-04-01,2026-06-30,variable_resiliente,variable_resiliente,saludable,calculado,68.92,media,estacional,True,alta,balance_no_negativo,sin_factor_dominante,motivo_de_periodos_sin_ingreso,La ventana entre 2026-04-01 y 2026-06-30 muestra un balance de 1557000 COP y una cobertura estimada de 5.54 meses. Este resultado describe el periodo y no a la persona.,test,0.0,0.8,4.03,18.88,1.25,6.12,68.92
VEN_0051_1,PERF_0051,2026-04-30,2026-04-01,2026-04-30,acumulacion_estable,acumulacion_estable,saludable,calculado,85.01,baja,variable,True,alta,balance_no_negativo,sin_factor_dominante,ninguna_relevante_para_el_periodo,La ventana entre 2026-04-01 y 2026-04-30 muestra un balance de 1291000 COP y una cobertura estimada de 4.89 meses. Este resultado describe el periodo y no a la persona.,test,0.0,0.0,0.35,85.01,0.0,12.29,2.35
VEN_0051_2,PERF_0051,2026-05-31,2026-04-01,2026-05-31,acumulacion_estable,acumulacion_estable,saludable,calculado,70.79,media,variable,True,alta,balance_no_negativo,sin_factor_dominante,ninguna_relevante_para_el_periodo,La ventana entre 2026-04-01 y 2026-05-31 muestra un balance de 2101000 COP y una cobertura estimada de 4.86 meses. Este resultado describe el periodo y no a la persona.,test,0.0,0.45,1.29,70.79,0.0,20.91,6.55
VEN_0051_3,PERF_0051,2026-06-30,2026-04-01,2026-06-30,acumulacion_estable,acumulacion_estable,saludable,calculado,69.82,media,variable,True,alta,balance_no_negativo,sin_factor_dominante,ninguna_relevante_para_el_periodo,La ventana entre 2026-04-01 y 2026-06-30 muestra un balance de 3078000 COP y una cobertura estimada de 5.27 meses. Este resultado describe el periodo y no a la persona.,test,0.0,0.11,0.61,69.82,0.15,24.97,4.34
VEN_0052_1,PERF_0052,2026-04-30,2026-04-01,2026-04-30,acumulacion_estable,acumulacion_estable,saludable,calculado,81.89,baja,estacional,False,alta,balance_no_negativo,sin_factor_dominante,ninguna_relevante_para_el_periodo,La ventana entre 2026-04-01 y 2026-04-30 muestra un balance de 1437000 COP y una cobertura estimada de 3.70 meses. Este resultado describe el periodo y no a la persona.,train,0.0,0.42,3.12,81.89,0.31,11.95,2.31
VEN_0052_2,PERF_0052,2026-05-31,2026-04-01,2026-05-31,deterioro_reciente,deterioro_reciente,en_observacion,calculado,83.75,baja,estacional,False,alta,evidencia_temporal_disponible,balance_negativo,motivo_de_periodos_sin_ingreso,La ventana entre 2026-04-01 y 2026-05-31 muestra un balance de -7120000 COP y una cobertura estimada de 0.98 meses. Este resultado describe el periodo y no a la persona.,train,2.51,12.39,1.35,0.0,83.75,0.0,0.0
VEN_0052_3,PERF_0052,2026-06-30,2026-04-01,2026-06-30,fragilidad_sostenida,fragilidad_sostenida,en_riesgo,calculado,89.0,baja,estacional,False,alta,evidencia_temporal_disponible,balance_negativo,motivo_de_periodos_sin_ingreso,La ventana entre 2026-04-01 y 2026-06-30 muestra un balance de -9643000 COP y una cobertura estimada de 0.35 meses. Este resultado describe el periodo y no a la persona.,train,2.78,89.0,5.16,0.11,2.9,0.06,0.0
VEN_0053_1,PERF_0053,2026-04-30,2026-04-01,2026-04-30,acumulacion_estable,acumulacion_estable,saludable,calculado,96.28,baja,estacional,True,alta,balance_no_negativo,sin_factor_dominante,ninguna_relevante_para_el_periodo,La ventana entre 2026-04-01 y 2026-04-30 muestra un balance de 2278000 COP y una cobertura estimada de 8.01 meses. Este resultado describe el periodo y no a la persona.,train,0.0,0.0,0.0,96.28,0.0,2.43,1.29
VEN_0053_2,PERF_0053,2026-05-31,2026-04-01,2026-05-31,deterioro_reciente,deterioro_reciente,en_observacion,calculado,92.3,baja,estacional,True,alta,evidencia_temporal_disponible,balance_negativo,motivo_de_periodos_sin_ingreso,La ventana entre 2026-04-01 y 2026-05-31 muestra un balance de -6596000 COP y una cobertura estimada de 2.22 meses. Este resultado describe el periodo y no a la persona.,train,0.93,2.76,4.01,0.0,92.3,0.0,0.0
VEN_0053_3,PERF_0053,2026-06-30,2026-04-01,2026-06-30,fragilidad_sostenida,fragilidad_sostenida,en_riesgo,calculado,89.58,baja,estacional,True,alta,evidencia_temporal_disponible,balance_negativo,motivo_de_periodos_sin_ingreso,La ventana entre 2026-04-01 y 2026-06-30 muestra un balance de -12143000 COP y una cobertura estimada de 0.72 meses. Este resultado describe el periodo y no a la persona.,train,2.36,89.58,2.21,0.0,5.85,0.0,0.0
VEN_0054_1,PERF_0054,2026-04-30,2026-04-01,2026-04-30,fragilidad_sostenida,fragilidad_sostenida,en_riesgo,calculado,93.48,baja,apoyo,True,alta,evidencia_temporal_disponible,balance_negativo,motivo_de_periodos_sin_ingreso,La ventana entre 2026-04-01 y 2026-04-30 muestra un balance de -6442000 COP y una cobertura estimada de 0.17 meses. Este resultado describe el periodo y no a la persona.,train,3.1,93.48,0.67,0.0,2.75,0.0,0.0
VEN_0054_2,PERF_0054,2026-05-31,2026-04-01,2026-05-31,situacion_critica,situacion_critica,en_riesgo,calculado,99.52,baja,apoyo,True,alta,evidencia_temporal_disponible,balance_negativo,motivo_de_periodos_sin_ingreso,La ventana entre 2026-04-01 y 2026-05-31 muestra un balance de -12884000 COP y una cobertura estimada de 0.00 meses. Este resultado describe el periodo y no a la persona.,train,99.52,0.14,0.35,0.0,0.0,0.0,0.0
VEN_0054_3,PERF_0054,2026-06-30,2026-04-01,2026-06-30,situacion_critica,situacion_critica,en_riesgo,calculado,100.0,baja,apoyo,True,alta,evidencia_temporal_disponible,balance_negativo,motivo_de_periodos_sin_ingreso,La ventana entre 2026-04-01 y 2026-06-30 muestra un balance de -22467000 COP y una cobertura estimada de 0.00 meses. Este resultado describe el periodo y no a la persona.,train,100.0,0.0,0.0,0.0,0.0,0.0,0.0
VEN_0055_1,PERF_0055,2026-04-30,2026-04-01,2026-04-30,situacion_critica,situacion_critica,en_riesgo,calculado,99.47,baja,fijo,True,alta,evidencia_temporal_disponible,balance_negativo,ninguna_relevante_para_el_periodo,La ventana entre 2026-04-01 y 2026-04-30 muestra un balance de -5028000 COP y una cobertura estimada de 0.00 meses. Este resultado describe el periodo y no a la persona.,train,99.47,0.53,0.0,0.0,0.0,0.0,0.0
VEN_0055_2,PERF_0055,2026-05-31,2026-04-01,2026-05-31,situacion_critica,situacion_critica,en_riesgo,calculado,99.82,baja,fijo,True,alta,evidencia_temporal_disponible,balance_negativo,ninguna_relevante_para_el_periodo,La ventana entre 2026-04-01 y 2026-05-31 muestra un balance de -11584000 COP y una cobertura estimada de 0.00 meses. Este resultado describe el periodo y no a la persona.,train,99.82,0.04,0.0,0.0,0.14,0.0,0.0
VEN_0055_3,PERF_0055,2026-06-30,2026-04-01,2026-06-30,situacion_critica,situacion_critica,en_riesgo,calculado,99.96,baja,fijo,True,alta,evidencia_temporal_disponible,balance_negativo,ninguna_relevante_para_el_periodo,La ventana entre 2026-04-01 y 2026-06-30 muestra un balance de -18140000 COP y una cobertura estimada de 0.00 meses. Este resultado describe el periodo y no a la persona.,train,99.96,0.04,0.0,0.0,0.0,0.0,0.0
VEN_0056_1,PERF_0056,2026-04-30,2026-04-01,2026-04-30,situacion_critica,situacion_critica,en_riesgo,calculado,99.27,baja,fijo,True,alta,evidencia_temporal_disponible,balance_negativo,ninguna_relevante_para_el_periodo,La ventana entre 2026-04-01 y 2026-04-30 muestra un balance de -7510000 COP y una cobertura estimada de 0.00 meses. Este resultado describe el periodo y no a la persona.,train,99.27,0.56,0.17,0.0,0.0,0.0,0.0
VEN_0056_2,PERF_0056,2026-05-31,2026-04-01,2026-05-31,situacion_critica,situacion_critica,en_riesgo,calculado,99.77,baja,fijo,True,alta,evidencia_temporal_disponible,balance_negativo,ninguna_relevante_para_el_periodo,La ventana entre 2026-04-01 y 2026-05-31 muestra un balance de -17125000 COP y una cobertura estimada de 0.00 meses. Este resultado describe el periodo y no a la persona.,train,99.77,0.04,0.0,0.0,0.19,0.0,0.0
VEN_0056_3,PERF_0056,2026-06-30,2026-04-01,2026-06-30,situacion_critica,situacion_critica,en_riesgo,calculado,99.77,baja,fijo,True,alta,evidencia_temporal_disponible,balance_negativo,ninguna_relevante_para_el_periodo,La ventana entre 2026-04-01 y 2026-06-30 muestra un balance de -26740000 COP y una cobertura estimada de 0.00 meses. Este resultado describe el periodo y no a la persona.,train,99.77,0.23,0.0,0.0,0.0,0.0,0.0
VEN_0057_1,PERF_0057,2026-04-30,2026-04-01,2026-04-30,acumulacion_estable,acumulacion_estable,saludable,calculado,93.96,baja,variable,True,alta,balance_no_negativo,sin_factor_dominante,ninguna_relevante_para_el_periodo,La ventana entre 2026-04-01 y 2026-04-30 muestra un balance de 3903000 COP y una cobertura estimada de 3.38 meses. Este resultado describe el periodo y no a la persona.,train,0.0,0.0,0.22,93.96,0.0,5.31,0.51
VEN_0057_2,PERF_0057,2026-05-31,2026-04-01,2026-05-31,acumulacion_estable,acumulacion_estable,saludable,calculado,92.33,baja,variable,True,alta,balance_no_negativo,sin_factor_dominante,ninguna_relevante_para_el_periodo,La ventana entre 2026-04-01 y 2026-05-31 muestra un balance de 7873000 COP y una cobertura estimada de 5.15 meses. Este resultado describe el periodo y no a la persona.,train,0.0,0.0,0.15,92.33,0.0,3.21,4.31
VEN_0057_3,PERF_0057,2026-06-30,2026-04-01,2026-06-30,acumulacion_estable,acumulacion_estable,saludable,calculado,93.72,baja,variable,True,alta,balance_no_negativo,sin_factor_dominante,ninguna_relevante_para_el_periodo,La ventana entre 2026-04-01 y 2026-06-30 muestra un balance de 11262000 COP y una cobertura estimada de 6.34 meses. Este resultado describe el periodo y no a la persona.,train,0.0,0.0,0.19,93.72,0.0,1.79,4.29
VEN_0058_1,PERF_0058,2026-04-30,2026-04-01,2026-04-30,equilibrio_sostenible,equilibrio_sostenible,saludable,calculado,88.06,baja,fijo,True,alta,balance_no_negativo,sin_factor_dominante,ninguna_relevante_para_el_periodo,La ventana entre 2026-04-01 y 2026-04-30 muestra un balance de 434000 COP y una cobertura estimada de 1.22 meses. Este resultado describe el periodo y no a la persona.,validation,0.0,0.83,3.0,7.22,0.48,88.06,0.4
VEN_0058_2,PERF_0058,2026-05-31,2026-04-01,2026-05-31,equilibrio_sostenible,equilibrio_sostenible,saludable,calculado,96.13,baja,fijo,True,alta,balance_no_negativo,sin_factor_dominante,ninguna_relevante_para_el_periodo,La ventana entre 2026-04-01 y 2026-05-31 muestra un balance de 868000 COP y una cobertura estimada de 1.54 meses. Este resultado describe el periodo y no a la persona.,validation,0.0,0.25,1.17,2.02,0.14,96.13,0.3
VEN_0058_3,PERF_0058,2026-06-30,2026-04-01,2026-06-30,equilibrio_sostenible,equilibrio_sostenible,saludable,calculado,96.23,baja,fijo,True,alta,balance_no_negativo,sin_factor_dominante,ninguna_relevante_para_el_periodo,La ventana entre 2026-04-01 y 2026-06-30 muestra un balance de 1302000 COP y una cobertura estimada de 2.04 meses. Este resultado describe el periodo y no a la persona.,validation,0.0,0.06,1.21,1.87,0.0,96.23,0.63
VEN_0059_1,PERF_0059,2026-04-30,2026-04-01,2026-04-30,fragilidad_sostenida,situacion_critica,en_riesgo,calculado,64.31,media,fijo,False,alta,evidencia_temporal_disponible,balance_negativo,ninguna_relevante_para_el_periodo,La ventana entre 2026-04-01 y 2026-04-30 muestra un balance de -1606000 COP y una cobertura estimada de 0.01 meses. Este resultado describe el periodo y no a la persona.,test,64.31,32.39,2.47,0.0,0.79,0.04,0.0
VEN_0059_2,PERF_0059,2026-05-31,2026-04-01,2026-05-31,situacion_critica,situacion_critica,en_riesgo,calculado,99.53,baja,fijo,False,alta,evidencia_temporal_disponible,balance_negativo,ninguna_relevante_para_el_periodo,La ventana entre 2026-04-01 y 2026-05-31 muestra un balance de -4046000 COP y una cobertura estimada de 0.00 meses. Este resultado describe el periodo y no a la persona.,test,99.53,0.47,0.0,0.0,0.0,0.0,0.0
VEN_0059_3,PERF_0059,2026-06-30,2026-04-01,2026-06-30,situacion_critica,situacion_critica,en_riesgo,calculado,98.05,baja,fijo,False,alta,evidencia_temporal_disponible,balance_negativo,ninguna_relevante_para_el_periodo,La ventana entre 2026-04-01 y 2026-06-30 muestra un balance de -4913000 COP y una cobertura estimada de 0.00 meses. Este resultado describe el periodo y no a la persona.,test,98.05,1.95,0.0,0.0,0.0,0.0,0.0
VEN_0060_1,PERF_0060,2026-04-30,2026-04-01,2026-04-30,uso_planificado_reserva,uso_planificado_reserva,en_observacion,calculado,98.37,baja,apoyo,True,alta,evidencia_temporal_disponible,balance_negativo,motivo_de_periodos_sin_ingreso,La ventana entre 2026-04-01 y 2026-04-30 muestra un balance de -2426000 COP y una cobertura estimada de 7.62 meses. Este resultado describe el periodo y no a la persona.,validation,0.1,0.64,98.37,0.76,0.0,0.13,0.0
VEN_0060_2,PERF_0060,2026-05-31,2026-04-01,2026-05-31,deterioro_reciente,deterioro_reciente,en_observacion,calculado,84.75,baja,apoyo,True,alta,evidencia_temporal_disponible,balance_negativo,motivo_de_periodos_sin_ingreso,La ventana entre 2026-04-01 y 2026-05-31 muestra un balance de -9621000 COP y una cobertura estimada de 1.06 meses. Este resultado describe el periodo y no a la persona.,validation,1.68,12.86,0.7,0.0,84.75,0.0,0.0
VEN_0060_3,PERF_0060,2026-06-30,2026-04-01,2026-06-30,situacion_critica,situacion_critica,en_riesgo,calculado,100.0,baja,apoyo,True,alta,evidencia_temporal_disponible,balance_negativo,motivo_de_periodos_sin_ingreso,La ventana entre 2026-04-01 y 2026-06-30 muestra un balance de -16816000 COP y una cobertura estimada de 0.00 meses. Este resultado describe el periodo y no a la persona.,validation,100.0,0.0,0.0,0.0,0.0,0.0,0.0
VEN_0061_1,PERF_0061,2026-04-30,2026-04-01,2026-04-30,equilibrio_sostenible,equilibrio_sostenible,saludable,calculado,96.24,baja,estacional,True,alta,balance_no_negativo,sin_factor_dominante,ninguna_relevante_para_el_periodo,La ventana entre 2026-04-01 y 2026-04-30 muestra un balance de 1060000 COP y una cobertura estimada de 1.11 meses. Este resultado describe el periodo y no a la persona.,train,0.0,0.06,0.33,2.76,0.0,96.24,0.61
VEN_0061_2,PERF_0061,2026-05-31,2026-04-01,2026-05-31,situacion_critica,situacion_critica,en_riesgo,calculado,89.26,baja,estacional,True,alta,evidencia_temporal_disponible,balance_negativo,motivo_de_periodos_sin_ingreso,La ventana entre 2026-04-01 y 2026-05-31 muestra un balance de -9018000 COP y una cobertura estimada de 0.00 meses. Este resultado describe el periodo y no a la persona.,train,89.26,6.21,0.19,0.0,4.33,0.0,0.0
VEN_0061_3,PERF_0061,2026-06-30,2026-04-01,2026-06-30,situacion_critica,situacion_critica,en_riesgo,calculado,97.87,baja,estacional,True,alta,evidencia_temporal_disponible,balance_negativo,motivo_de_periodos_sin_ingreso,La ventana entre 2026-04-01 y 2026-06-30 muestra un balance de -16126000 COP y una cobertura estimada de 0.00 meses. Este resultado describe el periodo y no a la persona.,train,97.87,1.63,0.15,0.0,0.35,0.0,0.0
VEN_0062_1,PERF_0062,2026-04-30,2026-04-01,2026-04-30,situacion_critica,situacion_critica,en_riesgo,calculado,97.91,baja,fijo,True,alta,evidencia_temporal_disponible,balance_negativo,ninguna_relevante_para_el_periodo,La ventana entre 2026-04-01 y 2026-04-30 muestra un balance de -5352000 COP y una cobertura estimada de 0.00 meses. Este resultado describe el periodo y no a la persona.,train,97.91,2.09,0.0,0.0,0.0,0.0,0.0
VEN_0062_2,PERF_0062,2026-05-31,2026-04-01,2026-05-31,situacion_critica,situacion_critica,en_riesgo,calculado,99.72,baja,fijo,True,alta,evidencia_temporal_disponible,balance_negativo,ninguna_relevante_para_el_periodo,La ventana entre 2026-04-01 y 2026-05-31 muestra un balance de -12388000 COP y una cobertura estimada de 0.00 meses. Este resultado describe el periodo y no a la persona.,train,99.72,0.12,0.0,0.0,0.16,0.0,0.0
VEN_0062_3,PERF_0062,2026-06-30,2026-04-01,2026-06-30,situacion_critica,situacion_critica,en_riesgo,calculado,99.8,baja,fijo,True,alta,evidencia_temporal_disponible,balance_negativo,ninguna_relevante_para_el_periodo,La ventana entre 2026-04-01 y 2026-06-30 muestra un balance de -19424000 COP y una cobertura estimada de 0.00 meses. Este resultado describe el periodo y no a la persona.,train,99.8,0.2,0.0,0.0,0.0,0.0,0.0
VEN_0063_1,PERF_0063,2026-04-30,2026-04-01,2026-04-30,situacion_critica,situacion_critica,en_riesgo,calculado,99.77,baja,mixto,True,alta,evidencia_temporal_disponible,balance_negativo,ninguna_relevante_para_el_periodo,La ventana entre 2026-04-01 y 2026-04-30 muestra un balance de -7657000 COP y una cobertura estimada de 0.00 meses. Este resultado describe el periodo y no a la persona.,train,99.77,0.17,0.07,0.0,0.0,0.0,0.0
VEN_0063_2,PERF_0063,2026-05-31,2026-04-01,2026-05-31,situacion_critica,situacion_critica,en_riesgo,calculado,100.0,baja,mixto,True,alta,evidencia_temporal_disponible,balance_negativo,ninguna_relevante_para_el_periodo,La ventana entre 2026-04-01 y 2026-05-31 muestra un balance de -17888000 COP y una cobertura estimada de 0.00 meses. Este resultado describe el periodo y no a la persona.,train,100.0,0.0,0.0,0.0,0.0,0.0,0.0
VEN_0063_3,PERF_0063,2026-06-30,2026-04-01,2026-06-30,situacion_critica,situacion_critica,en_riesgo,calculado,100.0,baja,mixto,True,alta,evidencia_temporal_disponible,balance_negativo,ninguna_relevante_para_el_periodo,La ventana entre 2026-04-01 y 2026-06-30 muestra un balance de -28228000 COP y una cobertura estimada de 0.00 meses. Este resultado describe el periodo y no a la persona.,train,100.0,0.0,0.0,0.0,0.0,0.0,0.0
VEN_0064_1,PERF_0064,2026-04-30,2026-04-01,2026-04-30,uso_planificado_reserva,uso_planificado_reserva,en_observacion,calculado,98.29,baja,mixto,True,alta,evidencia_temporal_disponible,balance_negativo,ninguna_relevante_para_el_periodo,La ventana entre 2026-04-01 y 2026-04-30 muestra un balance de -843000 COP y una cobertura estimada de 2.85 meses. Este resultado describe el periodo y no a la persona.,validation,0.03,0.29,98.29,0.24,0.52,0.63,0.0
VEN_0064_2,PERF_0064,2026-05-31,2026-04-01,2026-05-31,variable_resiliente,variable_resiliente,saludable,calculado,92.24,baja,mixto,True,alta,balance_no_negativo,sin_factor_dominante,ninguna_relevante_para_el_periodo,La ventana entre 2026-04-01 y 2026-05-31 muestra un balance de 2436000 COP y una cobertura estimada de 4.20 meses. Este resultado describe el periodo y no a la persona.,validation,0.0,0.18,0.97,4.92,0.2,1.49,92.24
VEN_0064_3,PERF_0064,2026-06-30,2026-04-01,2026-06-30,variable_resiliente,variable_resiliente,saludable,calculado,96.3,baja,mixto,True,alta,balance_no_negativo,sin_factor_dominante,ninguna_relevante_para_el_periodo,La ventana entre 2026-04-01 y 2026-06-30 muestra un balance de 6193000 COP y una cobertura estimada de 5.91 meses. Este resultado describe el periodo y no a la persona.,validation,0.0,0.0,0.0,2.25,0.0,1.45,96.3
VEN_0065_1,PERF_0065,2026-04-30,2026-04-01,2026-04-30,situacion_critica,situacion_critica,en_riesgo,calculado,99.31,baja,fijo,False,alta,evidencia_temporal_disponible,balance_negativo,ninguna_relevante_para_el_periodo,La ventana entre 2026-04-01 y 2026-04-30 muestra un balance de -4568000 COP y una cobertura estimada de 0.00 meses. Este resultado describe el periodo y no a la persona.,train,99.31,0.55,0.0,0.0,0.14,0.0,0.0
VEN_0065_2,PERF_0065,2026-05-31,2026-04-01,2026-05-31,situacion_critica,situacion_critica,en_riesgo,calculado,99.49,baja,fijo,False,alta,evidencia_temporal_disponible,balance_negativo,ninguna_relevante_para_el_periodo,La ventana entre 2026-04-01 y 2026-05-31 muestra un balance de -9136000 COP y una cobertura estimada de 0.00 meses. Este resultado describe el periodo y no a la persona.,train,99.49,0.51,0.0,0.0,0.0,0.0,0.0
VEN_0065_3,PERF_0065,2026-06-30,2026-04-01,2026-06-30,situacion_critica,situacion_critica,en_riesgo,calculado,99.86,baja,fijo,False,alta,evidencia_temporal_disponible,balance_negativo,ninguna_relevante_para_el_periodo,La ventana entre 2026-04-01 y 2026-06-30 muestra un balance de -13704000 COP y una cobertura estimada de 0.00 meses. Este resultado describe el periodo y no a la persona.,train,99.86,0.14,0.0,0.0,0.0,0.0,0.0
VEN_0066_1,PERF_0066,2026-04-30,2026-04-01,2026-04-30,situacion_critica,situacion_critica,en_riesgo,calculado,99.22,baja,sin_ingresos,True,alta,evidencia_temporal_disponible,balance_negativo,motivo_de_periodos_sin_ingreso,La ventana entre 2026-04-01 y 2026-04-30 muestra un balance de -6272000 COP y una cobertura estimada de 0.00 meses. Este resultado describe el periodo y no a la persona.,validation,99.22,0.65,0.12,0.0,0.0,0.0,0.0
VEN_0066_2,PERF_0066,2026-05-31,2026-04-01,2026-05-31,situacion_critica,situacion_critica,en_riesgo,calculado,99.08,baja,sin_ingresos,True,alta,evidencia_temporal_disponible,balance_negativo,motivo_de_periodos_sin_ingreso,La ventana entre 2026-04-01 y 2026-05-31 muestra un balance de -10655000 COP y una cobertura estimada de 0.00 meses. Este resultado describe el periodo y no a la persona.,validation,99.08,0.72,0.2,0.0,0.0,0.0,0.0
VEN_0066_3,PERF_0066,2026-06-30,2026-04-01,2026-06-30,situacion_critica,situacion_critica,en_riesgo,calculado,99.83,baja,sin_ingresos,True,alta,evidencia_temporal_disponible,balance_negativo,motivo_de_periodos_sin_ingreso,La ventana entre 2026-04-01 y 2026-06-30 muestra un balance de -19056000 COP y una cobertura estimada de 0.00 meses. Este resultado describe el periodo y no a la persona.,validation,99.83,0.12,0.04,0.0,0.0,0.0,0.0
VEN_0067_1,PERF_0067,2026-04-30,2026-04-01,2026-04-30,uso_planificado_reserva,uso_planificado_reserva,en_observacion,calculado,99.02,baja,fijo,True,alta,evidencia_temporal_disponible,balance_negativo,ninguna_relevante_para_el_periodo,La ventana entre 2026-04-01 y 2026-04-30 muestra un balance de -4044000 COP y una cobertura estimada de 8.12 meses. Este resultado describe el periodo y no a la persona.,validation,0.04,0.4,99.02,0.37,0.17,0.0,0.0
VEN_0067_2,PERF_0067,2026-05-31,2026-04-01,2026-05-31,deterioro_reciente,deterioro_reciente,en_observacion,calculado,88.31,baja,fijo,True,alta,evidencia_temporal_disponible,balance_negativo,ninguna_relevante_para_el_periodo,La ventana entre 2026-04-01 y 2026-05-31 muestra un balance de -16016000 COP y una cobertura estimada de 1.92 meses. Este resultado describe el periodo y no a la persona.,validation,0.92,9.44,1.33,0.0,88.31,0.0,0.0
VEN_0067_3,PERF_0067,2026-06-30,2026-04-01,2026-06-30,situacion_critica,situacion_critica,en_riesgo,calculado,100.0,baja,fijo,True,alta,evidencia_temporal_disponible,balance_negativo,ninguna_relevante_para_el_periodo,La ventana entre 2026-04-01 y 2026-06-30 muestra un balance de -27988000 COP y una cobertura estimada de 0.00 meses. Este resultado describe el periodo y no a la persona.,validation,100.0,0.0,0.0,0.0,0.0,0.0,0.0
VEN_0068_1,PERF_0068,2026-04-30,2026-04-01,2026-04-30,equilibrio_sostenible,equilibrio_sostenible,saludable,calculado,86.72,baja,variable,True,alta,balance_no_negativo,sin_factor_dominante,ninguna_relevante_para_el_periodo,La ventana entre 2026-04-01 y 2026-04-30 muestra un balance de 555000 COP y una cobertura estimada de 1.89 meses. Este resultado describe el periodo y no a la persona.,train,0.0,0.31,1.56,11.08,0.16,86.72,0.17
VEN_0068_2,PERF_0068,2026-05-31,2026-04-01,2026-05-31,equilibrio_sostenible,equilibrio_sostenible,saludable,calculado,88.45,baja,variable,True,alta,balance_no_negativo,sin_factor_dominante,ninguna_relevante_para_el_periodo,La ventana entre 2026-04-01 y 2026-05-31 muestra un balance de 844000 COP y una cobertura estimada de 2.02 meses. Este resultado describe el periodo y no a la persona.,train,0.0,0.0,0.0,10.39,0.0,88.45,1.16
VEN_0068_3,PERF_0068,2026-06-30,2026-04-01,2026-06-30,fragilidad_sostenida,fragilidad_sostenida,en_riesgo,calculado,67.28,media,variable,True,alta,evidencia_temporal_disponible,balance_negativo,ninguna_relevante_para_el_periodo,La ventana entre 2026-04-01 y 2026-06-30 muestra un balance de -2396000 COP y una cobertura estimada de 0.80 meses. Este resultado describe el periodo y no a la persona.,train,0.34,67.28,21.46,0.0,3.8,6.18,0.94
VEN_0069_1,PERF_0069,2026-04-30,2026-04-01,2026-04-30,situacion_critica,situacion_critica,en_riesgo,calculado,95.86,baja,variable,False,alta,evidencia_temporal_disponible,balance_negativo,ninguna_relevante_para_el_periodo,La ventana entre 2026-04-01 y 2026-04-30 muestra un balance de -3371000 COP y una cobertura estimada de 0.00 meses. Este resultado describe el periodo y no a la persona.,validation,95.86,2.72,0.54,0.21,0.32,0.36,0.0
VEN_0069_2,PERF_0069,2026-05-31,2026-04-01,2026-05-31,situacion_critica,situacion_critica,en_riesgo,calculado,98.69,baja,variable,False,alta,evidencia_temporal_disponible,balance_negativo,ninguna_relevante_para_el_periodo,La ventana entre 2026-04-01 y 2026-05-31 muestra un balance de -10046000 COP y una cobertura estimada de 0.00 meses. Este resultado describe el periodo y no a la persona.,validation,98.69,1.31,0.0,0.0,0.0,0.0,0.0
VEN_0069_3,PERF_0069,2026-06-30,2026-04-01,2026-06-30,situacion_critica,situacion_critica,en_riesgo,calculado,99.65,baja,variable,False,alta,evidencia_temporal_disponible,balance_negativo,ninguna_relevante_para_el_periodo,La ventana entre 2026-04-01 y 2026-06-30 muestra un balance de -16942000 COP y una cobertura estimada de 0.00 meses. Este resultado describe el periodo y no a la persona.,validation,99.65,0.17,0.0,0.0,0.18,0.0,0.0
VEN_0070_1,PERF_0070,2026-04-30,2026-04-01,2026-04-30,situacion_critica,situacion_critica,en_riesgo,calculado,99.65,baja,variable,False,alta,evidencia_temporal_disponible,balance_negativo,ninguna_relevante_para_el_periodo,La ventana entre 2026-04-01 y 2026-04-30 muestra un balance de -6871000 COP y una cobertura estimada de 0.00 meses. Este resultado describe el periodo y no a la persona.,train,99.65,0.17,0.0,0.0,0.0,0.18,0.0
VEN_0070_2,PERF_0070,2026-05-31,2026-04-01,2026-05-31,situacion_critica,situacion_critica,en_riesgo,calculado,100.0,baja,variable,False,alta,evidencia_temporal_disponible,balance_negativo,ninguna_relevante_para_el_periodo,La ventana entre 2026-04-01 y 2026-05-31 muestra un balance de -17459000 COP y una cobertura estimada de 0.00 meses. Este resultado describe el periodo y no a la persona.,train,100.0,0.0,0.0,0.0,0.0,0.0,0.0
VEN_0070_3,PERF_0070,2026-06-30,2026-04-01,2026-06-30,situacion_critica,situacion_critica,en_riesgo,calculado,100.0,baja,variable,False,alta,evidencia_temporal_disponible,balance_negativo,ninguna_relevante_para_el_periodo,La ventana entre 2026-04-01 y 2026-06-30 muestra un balance de -27759000 COP y una cobertura estimada de 0.00 meses. Este resultado describe el periodo y no a la persona.,train,100.0,0.0,0.0,0.0,0.0,0.0,0.0
VEN_0071_1,PERF_0071,2026-04-30,2026-04-01,2026-04-30,situacion_critica,situacion_critica,en_riesgo,calculado,98.87,baja,sin_ingresos,True,alta,evidencia_temporal_disponible,balance_negativo,motivo_de_periodos_sin_ingreso,La ventana entre 2026-04-01 y 2026-04-30 muestra un balance de -7106000 COP y una cobertura estimada de 0.00 meses. Este resultado describe el periodo y no a la persona.,validation,98.87,0.9,0.23,0.0,0.0,0.0,0.0
VEN_0071_2,PERF_0071,2026-05-31,2026-04-01,2026-05-31,situacion_critica,situacion_critica,en_riesgo,calculado,98.56,baja,sin_ingresos,True,alta,evidencia_temporal_disponible,balance_negativo,motivo_de_periodos_sin_ingreso,La ventana entre 2026-04-01 y 2026-05-31 muestra un balance de -13680000 COP y una cobertura estimada de 0.00 meses. Este resultado describe el periodo y no a la persona.,validation,98.56,1.16,0.29,0.0,0.0,0.0,0.0
VEN_0071_3,PERF_0071,2026-06-30,2026-04-01,2026-06-30,situacion_critica,situacion_critica,en_riesgo,calculado,99.46,baja,sin_ingresos,True,alta,evidencia_temporal_disponible,balance_negativo,motivo_de_periodos_sin_ingreso,La ventana entre 2026-04-01 y 2026-06-30 muestra un balance de -20786000 COP y una cobertura estimada de 0.00 meses. Este resultado describe el periodo y no a la persona.,validation,99.46,0.42,0.13,0.0,0.0,0.0,0.0
VEN_0072_1,PERF_0072,2026-04-30,2026-04-01,2026-04-30,uso_planificado_reserva,uso_planificado_reserva,en_observacion,calculado,98.15,baja,sin_ingresos,True,alta,evidencia_temporal_disponible,balance_negativo,motivo_de_periodos_sin_ingreso,La ventana entre 2026-04-01 y 2026-04-30 muestra un balance de -5116000 COP y una cobertura estimada de 2.86 meses. Este resultado describe el periodo y no a la persona.,train,0.2,0.92,98.15,0.04,0.69,0.0,0.0
VEN_0072_2,PERF_0072,2026-05-31,2026-04-01,2026-05-31,fragilidad_sostenida,fragilidad_sostenida,en_riesgo,calculado,84.82,baja,sin_ingresos,True,alta,evidencia_temporal_disponible,balance_negativo,motivo_de_periodos_sin_ingreso,La ventana entre 2026-04-01 y 2026-05-31 muestra un balance de -10660000 COP y una cobertura estimada de 1.18 meses. Este resultado describe el periodo y no a la persona.,train,2.77,84.82,1.9,0.0,10.52,0.0,0.0
VEN_0072_3,PERF_0072,2026-06-30,2026-04-01,2026-06-30,situacion_critica,situacion_critica,en_riesgo,calculado,99.69,baja,sin_ingresos,True,alta,evidencia_temporal_disponible,balance_negativo,motivo_de_periodos_sin_ingreso,La ventana entre 2026-04-01 y 2026-06-30 muestra un balance de -15865000 COP y una cobertura estimada de 0.00 meses. Este resultado describe el periodo y no a la persona.,train,99.69,0.31,0.0,0.0,0.0,0.0,0.0
VEN_0073_1,PERF_0073,2026-04-30,2026-04-01,2026-04-30,equilibrio_sostenible,equilibrio_sostenible,saludable,calculado,93.61,baja,variable,True,alta,balance_no_negativo,sin_factor_dominante,ninguna_relevante_para_el_periodo,La ventana entre 2026-04-01 y 2026-04-30 muestra un balance de 440000 COP y una cobertura estimada de 0.95 meses. Este resultado describe el periodo y no a la persona.,train,0.0,0.33,0.07,5.54,0.0,93.61,0.44
VEN_0073_2,PERF_0073,2026-05-31,2026-04-01,2026-05-31,fragilidad_sostenida,fragilidad_sostenida,en_riesgo,calculado,79.29,baja,variable,True,alta,evidencia_temporal_disponible,balance_negativo,ninguna_relevante_para_el_periodo,La ventana entre 2026-04-01 y 2026-05-31 muestra un balance de -2273000 COP y una cobertura estimada de 0.05 meses. Este resultado describe el periodo y no a la persona.,train,5.47,79.29,3.06,0.0,11.94,0.0,0.24
VEN_0073_3,PERF_0073,2026-06-30,2026-04-01,2026-06-30,situacion_critica,situacion_critica,en_riesgo,calculado,88.57,baja,variable,True,alta,evidencia_temporal_disponible,balance_negativo,ninguna_relevante_para_el_periodo,La ventana entre 2026-04-01 y 2026-06-30 muestra un balance de -4553000 COP y una cobertura estimada de 0.00 meses. Este resultado describe el periodo y no a la persona.,train,88.57,8.68,1.35,0.0,1.26,0.15,0.0
VEN_0074_1,PERF_0074,2026-04-30,2026-04-01,2026-04-30,uso_planificado_reserva,estado_incierto,no_disponible,requiere_confirmacion,99.06,alta,fijo,False,alta,evidencia_temporal_disponible,balance_negativo,ninguna_relevante_para_el_periodo,La ventana entre 2026-04-01 y 2026-04-30 muestra un balance de -2099000 COP y una cobertura estimada de 7.40 meses. Este resultado describe el periodo y no a la persona.,train,0.0,0.17,99.06,0.53,0.19,0.05,0.0
VEN_0074_2,PERF_0074,2026-05-31,2026-04-01,2026-05-31,deterioro_reciente,deterioro_reciente,en_observacion,calculado,89.44,baja,fijo,False,alta,evidencia_temporal_disponible,balance_negativo,ninguna_relevante_para_el_periodo,La ventana entre 2026-04-01 y 2026-05-31 muestra un balance de -9314000 COP y una cobertura estimada de 1.88 meses. Este resultado describe el periodo y no a la persona.,train,0.33,8.42,1.81,0.0,89.44,0.0,0.0
VEN_0074_3,PERF_0074,2026-06-30,2026-04-01,2026-06-30,situacion_critica,situacion_critica,en_riesgo,calculado,99.32,baja,fijo,False,alta,evidencia_temporal_disponible,balance_negativo,ninguna_relevante_para_el_periodo,La ventana entre 2026-04-01 y 2026-06-30 muestra un balance de -16529000 COP y una cobertura estimada de 0.00 meses. Este resultado describe el periodo y no a la persona.,train,99.32,0.54,0.0,0.0,0.14,0.0,0.0
VEN_0075_1,PERF_0075,2026-04-30,2026-04-01,2026-04-30,equilibrio_sostenible,equilibrio_sostenible,saludable,calculado,94.81,baja,variable,True,alta,balance_no_negativo,sin_factor_dominante,ninguna_relevante_para_el_periodo,La ventana entre 2026-04-01 y 2026-04-30 muestra un balance de 142000 COP y una cobertura estimada de 1.26 meses. Este resultado describe el periodo y no a la persona.,train,0.0,0.0,0.2,4.72,0.0,94.81,0.26
VEN_0075_2,PERF_0075,2026-05-31,2026-04-01,2026-05-31,equilibrio_sostenible,equilibrio_sostenible,saludable,calculado,96.46,baja,variable,True,alta,balance_no_negativo,sin_factor_dominante,ninguna_relevante_para_el_periodo,La ventana entre 2026-04-01 y 2026-05-31 muestra un balance de 283000 COP y una cobertura estimada de 1.75 meses. Este resultado describe el periodo y no a la persona.,train,0.0,0.0,0.12,3.42,0.0,96.46,0.0
VEN_0075_3,PERF_0075,2026-06-30,2026-04-01,2026-06-30,fragilidad_sostenida,fragilidad_sostenida,en_riesgo,calculado,88.09,baja,variable,True,alta,evidencia_temporal_disponible,balance_negativo,ninguna_relevante_para_el_periodo,La ventana entre 2026-04-01 y 2026-06-30 muestra un balance de -1134000 COP y una cobertura estimada de 0.27 meses. Este resultado describe el periodo y no a la persona.,train,0.51,88.09,5.56,0.17,5.17,0.24,0.26
VEN_0076_1,PERF_0076,2026-04-30,2026-04-01,2026-04-30,situacion_critica,situacion_critica,en_riesgo,calculado,99.63,baja,sin_ingresos,True,alta,evidencia_temporal_disponible,balance_negativo,motivo_de_periodos_sin_ingreso,La ventana entre 2026-04-01 y 2026-04-30 muestra un balance de -8631000 COP y una cobertura estimada de 0.00 meses. Este resultado describe el periodo y no a la persona.,train,99.63,0.0,0.37,0.0,0.0,0.0,0.0
VEN_0076_2,PERF_0076,2026-05-31,2026-04-01,2026-05-31,situacion_critica,situacion_critica,en_riesgo,calculado,100.0,baja,sin_ingresos,True,alta,evidencia_temporal_disponible,balance_negativo,motivo_de_periodos_sin_ingreso,La ventana entre 2026-04-01 y 2026-05-31 muestra un balance de -19647000 COP y una cobertura estimada de 0.00 meses. Este resultado describe el periodo y no a la persona.,train,100.0,0.0,0.0,0.0,0.0,0.0,0.0
VEN_0076_3,PERF_0076,2026-06-30,2026-04-01,2026-06-30,situacion_critica,situacion_critica,en_riesgo,calculado,99.83,baja,sin_ingresos,True,alta,evidencia_temporal_disponible,balance_negativo,motivo_de_periodos_sin_ingreso,La ventana entre 2026-04-01 y 2026-06-30 muestra un balance de -30663000 COP y una cobertura estimada de 0.00 meses. Este resultado describe el periodo y no a la persona.,train,99.83,0.0,0.17,0.0,0.0,0.0,0.0
VEN_0077_1,PERF_0077,2026-04-30,2026-04-01,2026-04-30,situacion_critica,situacion_critica,en_riesgo,calculado,99.67,baja,mixto,True,alta,evidencia_temporal_disponible,balance_negativo,ninguna_relevante_para_el_periodo,La ventana entre 2026-04-01 y 2026-04-30 muestra un balance de -8517000 COP y una cobertura estimada de 0.00 meses. Este resultado describe el periodo y no a la persona.,test,99.67,0.18,0.15,0.0,0.0,0.0,0.0
VEN_0077_2,PERF_0077,2026-05-31,2026-04-01,2026-05-31,situacion_critica,situacion_critica,en_riesgo,calculado,99.8,baja,mixto,True,alta,evidencia_temporal_disponible,balance_negativo,ninguna_relevante_para_el_periodo,La ventana entre 2026-04-01 y 2026-05-31 muestra un balance de -20456000 COP y una cobertura estimada de 0.00 meses. Este resultado describe el periodo y no a la persona.,test,99.8,0.06,0.14,0.0,0.0,0.0,0.0
VEN_0077_3,PERF_0077,2026-06-30,2026-04-01,2026-06-30,situacion_critica,situacion_critica,en_riesgo,calculado,99.8,baja,mixto,True,alta,evidencia_temporal_disponible,balance_negativo,ninguna_relevante_para_el_periodo,La ventana entre 2026-04-01 y 2026-06-30 muestra un balance de -32433000 COP y una cobertura estimada de 0.00 meses. Este resultado describe el periodo y no a la persona.,test,99.8,0.06,0.14,0.0,0.0,0.0,0.0
VEN_0078_1,PERF_0078,2026-04-30,2026-04-01,2026-04-30,acumulacion_estable,acumulacion_estable,saludable,calculado,80.36,baja,mixto,False,alta,balance_no_negativo,sin_factor_dominante,ninguna_relevante_para_el_periodo,La ventana entre 2026-04-01 y 2026-04-30 muestra un balance de 2713000 COP y una cobertura estimada de 6.42 meses. Este resultado describe el periodo y no a la persona.,test,0.0,0.11,1.26,80.36,0.0,13.12,5.15
VEN_0078_2,PERF_0078,2026-05-31,2026-04-01,2026-05-31,acumulacion_estable,acumulacion_estable,saludable,calculado,76.12,baja,mixto,False,alta,balance_no_negativo,sin_factor_dominante,ninguna_relevante_para_el_periodo,La ventana entre 2026-04-01 y 2026-05-31 muestra un balance de 5426000 COP y una cobertura estimada de 7.71 meses. Este resultado describe el periodo y no a la persona.,test,0.0,0.0,0.79,76.12,0.0,15.34,7.74
VEN_0078_3,PERF_0078,2026-06-30,2026-04-01,2026-06-30,acumulacion_estable,acumulacion_estable,saludable,calculado,78.07,baja,mixto,False,alta,balance_no_negativo,sin_factor_dominante,ninguna_relevante_para_el_periodo,La ventana entre 2026-04-01 y 2026-06-30 muestra un balance de 8139000 COP y una cobertura estimada de 9.81 meses. Este resultado describe el periodo y no a la persona.,test,0.0,0.0,0.24,78.07,0.0,13.49,8.2
VEN_0079_1,PERF_0079,2026-04-30,2026-04-01,2026-04-30,equilibrio_sostenible,equilibrio_sostenible,saludable,calculado,95.05,baja,variable,True,alta,balance_no_negativo,sin_factor_dominante,ninguna_relevante_para_el_periodo,La ventana entre 2026-04-01 y 2026-04-30 muestra un balance de 499000 COP y una cobertura estimada de 1.04 meses. Este resultado describe el periodo y no a la persona.,train,0.0,0.84,1.49,2.32,0.17,95.05,0.13
VEN_0079_2,PERF_0079,2026-05-31,2026-04-01,2026-05-31,equilibrio_sostenible,equilibrio_sostenible,saludable,calculado,94.9,baja,variable,True,alta,balance_no_negativo,sin_factor_dominante,ninguna_relevante_para_el_periodo,La ventana entre 2026-04-01 y 2026-05-31 muestra un balance de 474000 COP y una cobertura estimada de 1.19 meses. Este resultado describe el periodo y no a la persona.,train,0.0,1.04,0.53,2.08,0.0,94.9,1.46
VEN_0079_3,PERF_0079,2026-06-30,2026-04-01,2026-06-30,equilibrio_sostenible,equilibrio_sostenible,saludable,calculado,95.8,baja,variable,True,alta,balance_no_negativo,sin_factor_dominante,ninguna_relevante_para_el_periodo,La ventana entre 2026-04-01 y 2026-06-30 muestra un balance de 575000 COP y una cobertura estimada de 1.13 meses. Este resultado describe el periodo y no a la persona.,train,0.0,0.75,1.03,1.32,0.0,95.8,1.1
VEN_0080_1,PERF_0080,2026-04-30,2026-04-01,2026-04-30,uso_planificado_reserva,uso_planificado_reserva,en_observacion,calculado,83.86,baja,variable,True,alta,evidencia_temporal_disponible,balance_negativo,ninguna_relevante_para_el_periodo,La ventana entre 2026-04-01 y 2026-04-30 muestra un balance de -316000 COP y una cobertura estimada de 2.71 meses. Este resultado describe el periodo y no a la persona.,train,0.19,6.03,83.86,2.3,2.52,5.1,0.0
VEN_0080_2,PERF_0080,2026-05-31,2026-04-01,2026-05-31,variable_resiliente,variable_resiliente,saludable,calculado,97.39,baja,variable,True,alta,balance_no_negativo,sin_factor_dominante,ninguna_relevante_para_el_periodo,La ventana entre 2026-04-01 y 2026-05-31 muestra un balance de 3469000 COP y una cobertura estimada de 5.16 meses. Este resultado describe el periodo y no a la persona.,train,0.0,0.16,0.18,2.03,0.0,0.25,97.39
VEN_0080_3,PERF_0080,2026-06-30,2026-04-01,2026-06-30,variable_resiliente,variable_resiliente,saludable,calculado,94.53,baja,variable,True,alta,balance_no_negativo,sin_factor_dominante,ninguna_relevante_para_el_periodo,La ventana entre 2026-04-01 y 2026-06-30 muestra un balance de 6264000 COP y una cobertura estimada de 7.00 meses. Este resultado describe el periodo y no a la persona.,train,0.0,0.04,0.14,4.59,0.0,0.71,94.53
VEN_0081_1,PERF_0081,2026-04-30,2026-04-01,2026-04-30,uso_planificado_reserva,uso_planificado_reserva,en_observacion,calculado,98.5,baja,fijo,True,alta,evidencia_temporal_disponible,balance_negativo,ninguna_relevante_para_el_periodo,La ventana entre 2026-04-01 y 2026-04-30 muestra un balance de -2825000 COP y una cobertura estimada de 10.82 meses. Este resultado describe el periodo y no a la persona.,train,0.0,0.8,98.5,0.67,0.03,0.0,0.0
VEN_0081_2,PERF_0081,2026-05-31,2026-04-01,2026-05-31,deterioro_reciente,deterioro_reciente,en_observacion,calculado,88.11,baja,fijo,True,alta,evidencia_temporal_disponible,balance_negativo,ninguna_relevante_para_el_periodo,La ventana entre 2026-04-01 y 2026-05-31 muestra un balance de -13107000 COP y una cobertura estimada de 1.74 meses. Este resultado describe el periodo y no a la persona.,train,0.36,10.66,0.88,0.0,88.11,0.0,0.0
VEN_0081_3,PERF_0081,2026-06-30,2026-04-01,2026-06-30,situacion_critica,situacion_critica,en_riesgo,calculado,99.49,baja,fijo,True,alta,evidencia_temporal_disponible,balance_negativo,ninguna_relevante_para_el_periodo,La ventana entre 2026-04-01 y 2026-06-30 muestra un balance de -23389000 COP y una cobertura estimada de 0.00 meses. Este resultado describe el periodo y no a la persona.,train,99.49,0.35,0.16,0.0,0.0,0.0,0.0
VEN_0082_1,PERF_0082,2026-04-30,2026-04-01,2026-04-30,uso_planificado_reserva,uso_planificado_reserva,en_observacion,calculado,98.71,baja,apoyo,True,alta,evidencia_temporal_disponible,balance_negativo,motivo_de_periodos_sin_ingreso,La ventana entre 2026-04-01 y 2026-04-30 muestra un balance de -4871000 COP y una cobertura estimada de 2.77 meses. Este resultado describe el periodo y no a la persona.,train,0.47,0.61,98.71,0.22,0.0,0.0,0.0
VEN_0082_2,PERF_0082,2026-05-31,2026-04-01,2026-05-31,fragilidad_sostenida,fragilidad_sostenida,en_riesgo,calculado,94.66,baja,apoyo,True,alta,evidencia_temporal_disponible,balance_negativo,motivo_de_periodos_sin_ingreso,La ventana entre 2026-04-01 y 2026-05-31 muestra un balance de -9742000 COP y una cobertura estimada de 1.34 meses. Este resultado describe el periodo y no a la persona.,train,1.11,94.66,3.13,0.0,1.1,0.0,0.0
VEN_0082_3,PERF_0082,2026-06-30,2026-04-01,2026-06-30,situacion_critica,situacion_critica,en_riesgo,calculado,99.86,baja,apoyo,True,alta,evidencia_temporal_disponible,balance_negativo,motivo_de_periodos_sin_ingreso,La ventana entre 2026-04-01 y 2026-06-30 muestra un balance de -17460000 COP y una cobertura estimada de 0.00 meses. Este resultado describe el periodo y no a la persona.,train,99.86,0.14,0.0,0.0,0.0,0.0,0.0
VEN_0083_1,PERF_0083,2026-04-30,2026-04-01,2026-04-30,situacion_critica,situacion_critica,en_riesgo,calculado,99.0,baja,mixto,False,alta,evidencia_temporal_disponible,balance_negativo,ninguna_relevante_para_el_periodo,La ventana entre 2026-04-01 y 2026-04-30 muestra un balance de -3182000 COP y una cobertura estimada de 0.00 meses. Este resultado describe el periodo y no a la persona.,train,99.0,0.63,0.37,0.0,0.0,0.0,0.0
VEN_0083_2,PERF_0083,2026-05-31,2026-04-01,2026-05-31,situacion_critica,situacion_critica,en_riesgo,calculado,99.8,baja,mixto,False,alta,evidencia_temporal_disponible,balance_negativo,ninguna_relevante_para_el_periodo,La ventana entre 2026-04-01 y 2026-05-31 muestra un balance de -7478000 COP y una cobertura estimada de 0.00 meses. Este resultado describe el periodo y no a la persona.,train,99.8,0.2,0.0,0.0,0.0,0.0,0.0
VEN_0083_3,PERF_0083,2026-06-30,2026-04-01,2026-06-30,situacion_critica,situacion_critica,en_riesgo,calculado,99.85,baja,mixto,False,alta,evidencia_temporal_disponible,balance_negativo,ninguna_relevante_para_el_periodo,La ventana entre 2026-04-01 y 2026-06-30 muestra un balance de -11832000 COP y una cobertura estimada de 0.00 meses. Este resultado describe el periodo y no a la persona.,train,99.85,0.15,0.0,0.0,0.0,0.0,0.0
VEN_0084_1,PERF_0084,2026-04-30,2026-04-01,2026-04-30,situacion_critica,situacion_critica,en_riesgo,calculado,99.87,baja,fijo,True,alta,evidencia_temporal_disponible,balance_negativo,ninguna_relevante_para_el_periodo,La ventana entre 2026-04-01 y 2026-04-30 muestra un balance de -13288000 COP y una cobertura estimada de 0.00 meses. Este resultado describe el periodo y no a la persona.,validation,99.87,0.13,0.0,0.0,0.0,0.0,0.0
VEN_0084_2,PERF_0084,2026-05-31,2026-04-01,2026-05-31,situacion_critica,situacion_critica,en_riesgo,calculado,99.91,baja,fijo,True,alta,evidencia_temporal_disponible,balance_negativo,ninguna_relevante_para_el_periodo,La ventana entre 2026-04-01 y 2026-05-31 muestra un balance de -30200000 COP y una cobertura estimada de 0.00 meses. Este resultado describe el periodo y no a la persona.,validation,99.91,0.09,0.0,0.0,0.0,0.0,0.0
VEN_0084_3,PERF_0084,2026-06-30,2026-04-01,2026-06-30,situacion_critica,situacion_critica,en_riesgo,calculado,99.71,baja,fijo,True,alta,evidencia_temporal_disponible,balance_negativo,ninguna_relevante_para_el_periodo,La ventana entre 2026-04-01 y 2026-06-30 muestra un balance de -47112000 COP y una cobertura estimada de 0.00 meses. Este resultado describe el periodo y no a la persona.,validation,99.71,0.29,0.0,0.0,0.0,0.0,0.0
VEN_0085_1,PERF_0085,2026-04-30,2026-04-01,2026-04-30,uso_planificado_reserva,uso_planificado_reserva,en_observacion,calculado,99.25,baja,fijo,True,alta,evidencia_temporal_disponible,balance_negativo,ninguna_relevante_para_el_periodo,La ventana entre 2026-04-01 y 2026-04-30 muestra un balance de -1582000 COP y una cobertura estimada de 5.29 meses. Este resultado describe el periodo y no a la persona.,train,0.2,0.55,99.25,0.0,0.0,0.0,0.0
VEN_0085_2,PERF_0085,2026-05-31,2026-04-01,2026-05-31,uso_planificado_reserva,uso_planificado_reserva,en_observacion,calculado,88.83,baja,fijo,True,alta,evidencia_temporal_disponible,balance_negativo,ninguna_relevante_para_el_periodo,La ventana entre 2026-04-01 y 2026-05-31 muestra un balance de -3164000 COP y una cobertura estimada de 3.82 meses. Este resultado describe el periodo y no a la persona.,train,0.03,10.89,88.83,0.0,0.25,0.0,0.0
VEN_0085_3,PERF_0085,2026-06-30,2026-04-01,2026-06-30,fragilidad_sostenida,fragilidad_sostenida,en_riesgo,calculado,76.12,baja,fijo,True,alta,evidencia_temporal_disponible,balance_negativo,ninguna_relevante_para_el_periodo,La ventana entre 2026-04-01 y 2026-06-30 muestra un balance de -4746000 COP y una cobertura estimada de 2.38 meses. Este resultado describe el periodo y no a la persona.,train,0.3,76.12,19.37,0.0,4.22,0.0,0.0
VEN_0086_1,PERF_0086,2026-04-30,2026-04-01,2026-04-30,uso_planificado_reserva,uso_planificado_reserva,en_observacion,calculado,98.82,baja,fijo,True,alta,evidencia_temporal_disponible,balance_negativo,ninguna_relevante_para_el_periodo,La ventana entre 2026-04-01 y 2026-04-30 muestra un balance de -4356000 COP y una cobertura estimada de 3.96 meses. Este resultado describe el periodo y no a la persona.,validation,0.02,0.86,98.82,0.15,0.15,0.0,0.0
VEN_0086_2,PERF_0086,2026-05-31,2026-04-01,2026-05-31,fragilidad_sostenida,fragilidad_sostenida,en_riesgo,calculado,83.34,baja,fijo,True,alta,evidencia_temporal_disponible,balance_negativo,ninguna_relevante_para_el_periodo,La ventana entre 2026-04-01 y 2026-05-31 muestra un balance de -8712000 COP y una cobertura estimada de 2.05 meses. Este resultado describe el periodo y no a la persona.,validation,0.04,83.34,12.98,0.0,3.64,0.0,0.0
VEN_0086_3,PERF_0086,2026-06-30,2026-04-01,2026-06-30,fragilidad_sostenida,fragilidad_sostenida,en_riesgo,calculado,96.4,baja,fijo,True,alta,evidencia_temporal_disponible,balance_negativo,ninguna_relevante_para_el_periodo,La ventana entre 2026-04-01 y 2026-06-30 muestra un balance de -13068000 COP y una cobertura estimada de 0.73 meses. Este resultado describe el periodo y no a la persona.,validation,0.48,96.4,2.23,0.0,0.89,0.0,0.0
VEN_0087_1,PERF_0087,2026-04-30,2026-04-01,2026-04-30,acumulacion_estable,acumulacion_estable,saludable,calculado,82.39,baja,estacional,False,alta,balance_no_negativo,sin_factor_dominante,ninguna_relevante_para_el_periodo,La ventana entre 2026-04-01 y 2026-04-30 muestra un balance de 133000 COP y una cobertura estimada de 5.41 meses. Este resultado describe el periodo y no a la persona.,train,0.01,0.0,1.05,82.39,0.46,14.58,1.52
VEN_0087_2,PERF_0087,2026-05-31,2026-04-01,2026-05-31,deterioro_reciente,deterioro_reciente,en_observacion,calculado,77.97,baja,estacional,False,alta,evidencia_temporal_disponible,balance_negativo,motivo_de_periodos_sin_ingreso,La ventana entre 2026-04-01 y 2026-05-31 muestra un balance de -3490000 COP y una cobertura estimada de 4.36 meses. Este resultado describe el periodo y no a la persona.,train,0.13,3.76,17.89,0.24,77.97,0.0,0.0
VEN_0087_3,PERF_0087,2026-06-30,2026-04-01,2026-06-30,uso_planificado_reserva,estado_incierto,no_disponible,requiere_confirmacion,78.12,alta,estacional,False,alta,evidencia_temporal_disponible,balance_negativo,motivo_de_periodos_sin_ingreso,La ventana entre 2026-04-01 y 2026-06-30 muestra un balance de -5981000 COP y una cobertura estimada de 2.96 meses. Este resultado describe el periodo y no a la persona.,train,0.14,7.23,78.12,0.44,13.86,0.0,0.2
VEN_0088_1,PERF_0088,2026-04-30,2026-04-01,2026-04-30,acumulacion_estable,acumulacion_estable,saludable,calculado,75.37,baja,mixto,True,alta,balance_no_negativo,sin_factor_dominante,ninguna_relevante_para_el_periodo,La ventana entre 2026-04-01 y 2026-04-30 muestra un balance de 28000 COP y una cobertura estimada de 7.14 meses. Este resultado describe el periodo y no a la persona.,train,0.0,0.0,2.79,75.37,0.03,18.37,3.43
VEN_0088_2,PERF_0088,2026-05-31,2026-04-01,2026-05-31,deterioro_reciente,deterioro_reciente,en_observacion,calculado,78.77,baja,mixto,True,alta,evidencia_temporal_disponible,balance_negativo,ninguna_relevante_para_el_periodo,La ventana entre 2026-04-01 y 2026-05-31 muestra un balance de -7364000 COP y una cobertura estimada de 2.08 meses. Este resultado describe el periodo y no a la persona.,train,0.38,7.68,13.18,0.0,78.77,0.0,0.0
VEN_0088_3,PERF_0088,2026-06-30,2026-04-01,2026-06-30,fragilidad_sostenida,fragilidad_sostenida,en_riesgo,calculado,78.97,baja,mixto,True,alta,evidencia_temporal_disponible,balance_negativo,ninguna_relevante_para_el_periodo,La ventana entre 2026-04-01 y 2026-06-30 muestra un balance de -9680000 COP y una cobertura estimada de 1.24 meses. Este resultado describe el periodo y no a la persona.,train,1.31,78.97,9.99,0.0,9.68,0.06,0.0
VEN_0089_1,PERF_0089,2026-04-30,2026-04-01,2026-04-30,fragilidad_sostenida,fragilidad_sostenida,en_riesgo,calculado,95.74,baja,fijo,True,alta,evidencia_temporal_disponible,balance_negativo,ninguna_relevante_para_el_periodo,La ventana entre 2026-04-01 y 2026-04-30 muestra un balance de -3626000 COP y una cobertura estimada de 0.96 meses. Este resultado describe el periodo y no a la persona.,train,0.39,95.74,0.8,0.0,2.93,0.14,0.0
VEN_0089_2,PERF_0089,2026-05-31,2026-04-01,2026-05-31,situacion_critica,situacion_critica,en_riesgo,calculado,98.46,baja,fijo,True,alta,evidencia_temporal_disponible,balance_negativo,ninguna_relevante_para_el_periodo,La ventana entre 2026-04-01 y 2026-05-31 muestra un balance de -7252000 COP y una cobertura estimada de 0.00 meses. Este resultado describe el periodo y no a la persona.,train,98.46,1.39,0.15,0.0,0.0,0.0,0.0
VEN_0089_3,PERF_0089,2026-06-30,2026-04-01,2026-06-30,situacion_critica,situacion_critica,en_riesgo,calculado,99.84,baja,fijo,True,alta,evidencia_temporal_disponible,balance_negativo,ninguna_relevante_para_el_periodo,La ventana entre 2026-04-01 y 2026-06-30 muestra un balance de -12746000 COP y una cobertura estimada de 0.00 meses. Este resultado describe el periodo y no a la persona.,train,99.84,0.0,0.0,0.0,0.16,0.0,0.0
VEN_0090_1,PERF_0090,2026-04-30,2026-04-01,2026-04-30,situacion_critica,situacion_critica,en_riesgo,calculado,98.04,baja,estacional,False,alta,evidencia_temporal_disponible,balance_negativo,ninguna_relevante_para_el_periodo,La ventana entre 2026-04-01 y 2026-04-30 muestra un balance de -3069000 COP y una cobertura estimada de 0.00 meses. Este resultado describe el periodo y no a la persona.,train,98.04,0.88,0.36,0.03,0.53,0.17,0.0
VEN_0090_2,PERF_0090,2026-05-31,2026-04-01,2026-05-31,situacion_critica,situacion_critica,en_riesgo,calculado,94.93,baja,estacional,False,alta,evidencia_temporal_disponible,balance_negativo,motivo_de_periodos_sin_ingreso,La ventana entre 2026-04-01 y 2026-05-31 muestra un balance de -12465000 COP y una cobertura estimada de 0.00 meses. Este resultado describe el periodo y no a la persona.,train,94.93,2.54,0.33,0.0,2.2,0.0,0.0
VEN_0090_3,PERF_0090,2026-06-30,2026-04-01,2026-06-30,situacion_critica,situacion_critica,en_riesgo,calculado,98.91,baja,estacional,False,alta,evidencia_temporal_disponible,balance_negativo,motivo_de_periodos_sin_ingreso,La ventana entre 2026-04-01 y 2026-06-30 muestra un balance de -18386000 COP y una cobertura estimada de 0.00 meses. Este resultado describe el periodo y no a la persona.,train,98.91,0.67,0.42,0.0,0.0,0.0,0.0
VEN_0091_1,PERF_0091,2026-04-30,2026-04-01,2026-04-30,situacion_critica,situacion_critica,en_riesgo,calculado,99.76,baja,variable,False,alta,evidencia_temporal_disponible,balance_negativo,ninguna_relevante_para_el_periodo,La ventana entre 2026-04-01 y 2026-04-30 muestra un balance de -10225000 COP y una cobertura estimada de 0.00 meses. Este resultado describe el periodo y no a la persona.,validation,99.76,0.0,0.24,0.0,0.0,0.0,0.0
VEN_0091_2,PERF_0091,2026-05-31,2026-04-01,2026-05-31,situacion_critica,situacion_critica,en_riesgo,calculado,99.63,baja,variable,False,alta,evidencia_temporal_disponible,balance_negativo,ninguna_relevante_para_el_periodo,La ventana entre 2026-04-01 y 2026-05-31 muestra un balance de -25121000 COP y una cobertura estimada de 0.00 meses. Este resultado describe el periodo y no a la persona.,validation,99.63,0.03,0.0,0.0,0.34,0.0,0.0
VEN_0091_3,PERF_0091,2026-06-30,2026-04-01,2026-06-30,situacion_critica,situacion_critica,en_riesgo,calculado,99.81,baja,variable,False,alta,evidencia_temporal_disponible,balance_negativo,ninguna_relevante_para_el_periodo,La ventana entre 2026-04-01 y 2026-06-30 muestra un balance de -41347000 COP y una cobertura estimada de 0.00 meses. Este resultado describe el periodo y no a la persona.,validation,99.81,0.03,0.0,0.0,0.17,0.0,0.0
VEN_0092_1,PERF_0092,2026-04-30,2026-04-01,2026-04-30,acumulacion_estable,acumulacion_estable,saludable,calculado,95.8,baja,variable,False,alta,balance_no_negativo,sin_factor_dominante,ninguna_relevante_para_el_periodo,La ventana entre 2026-04-01 y 2026-04-30 muestra un balance de 2041000 COP y una cobertura estimada de 5.28 meses. Este resultado describe el periodo y no a la persona.,test,0.0,0.0,0.15,95.8,0.0,2.79,1.25
VEN_0092_2,PERF_0092,2026-05-31,2026-04-01,2026-05-31,acumulacion_estable,acumulacion_estable,saludable,calculado,91.9,baja,variable,False,alta,balance_no_negativo,sin_factor_dominante,ninguna_relevante_para_el_periodo,La ventana entre 2026-04-01 y 2026-05-31 muestra un balance de 4313000 COP y una cobertura estimada de 7.91 meses. Este resultado describe el periodo y no a la persona.,test,0.0,0.0,0.09,91.9,0.0,2.91,5.1
VEN_0092_3,PERF_0092,2026-06-30,2026-04-01,2026-06-30,acumulacion_estable,acumulacion_estable,saludable,calculado,94.68,baja,variable,False,alta,balance_no_negativo,sin_factor_dominante,ninguna_relevante_para_el_periodo,La ventana entre 2026-04-01 y 2026-06-30 muestra un balance de 6300000 COP y una cobertura estimada de 8.76 meses. Este resultado describe el periodo y no a la persona.,test,0.0,0.0,0.23,94.68,0.0,1.23,3.86
VEN_0093_1,PERF_0093,2026-04-30,2026-04-01,2026-04-30,uso_planificado_reserva,uso_planificado_reserva,en_observacion,calculado,92.29,baja,fijo,True,alta,evidencia_temporal_disponible,balance_negativo,ninguna_relevante_para_el_periodo,La ventana entre 2026-04-01 y 2026-04-30 muestra un balance de -2888000 COP y una cobertura estimada de 1.94 meses. Este resultado describe el periodo y no a la persona.,train,0.0,6.57,92.29,0.0,0.91,0.24,0.0
VEN_0093_2,PERF_0093,2026-05-31,2026-04-01,2026-05-31,fragilidad_sostenida,fragilidad_sostenida,en_riesgo,calculado,99.55,baja,fijo,True,alta,evidencia_temporal_disponible,balance_negativo,ninguna_relevante_para_el_periodo,La ventana entre 2026-04-01 y 2026-05-31 muestra un balance de -5776000 COP y una cobertura estimada de 0.44 meses. Este resultado describe el periodo y no a la persona.,train,0.32,99.55,0.03,0.0,0.1,0.0,0.0
VEN_0093_3,PERF_0093,2026-06-30,2026-04-01,2026-06-30,situacion_critica,situacion_critica,en_riesgo,calculado,99.52,baja,fijo,True,alta,evidencia_temporal_disponible,balance_negativo,ninguna_relevante_para_el_periodo,La ventana entre 2026-04-01 y 2026-06-30 muestra un balance de -8664000 COP y una cobertura estimada de 0.00 meses. Este resultado describe el periodo y no a la persona.,train,99.52,0.48,0.0,0.0,0.0,0.0,0.0
VEN_0094_1,PERF_0094,2026-04-30,2026-04-01,2026-04-30,uso_planificado_reserva,estado_incierto,no_disponible,requiere_confirmacion,93.59,alta,apoyo,False,alta,evidencia_temporal_disponible,balance_negativo,motivo_de_periodos_sin_ingreso,La ventana entre 2026-04-01 y 2026-04-30 muestra un balance de -4345000 COP y una cobertura estimada de 2.01 meses. Este resultado describe el periodo y no a la persona.,train,0.23,4.28,93.59,0.06,1.59,0.25,0.0
VEN_0094_2,PERF_0094,2026-05-31,2026-04-01,2026-05-31,fragilidad_sostenida,fragilidad_sostenida,en_riesgo,calculado,95.82,baja,apoyo,False,alta,evidencia_temporal_disponible,balance_negativo,motivo_de_periodos_sin_ingreso,La ventana entre 2026-04-01 y 2026-05-31 muestra un balance de -7231000 COP y una cobertura estimada de 1.26 meses. Este resultado describe el periodo y no a la persona.,train,0.84,95.82,1.89,0.0,1.45,0.0,0.0
VEN_0094_3,PERF_0094,2026-06-30,2026-04-01,2026-06-30,situacion_critica,situacion_critica,en_riesgo,calculado,99.7,baja,apoyo,False,alta,evidencia_temporal_disponible,balance_negativo,motivo_de_periodos_sin_ingreso,La ventana entre 2026-04-01 y 2026-06-30 muestra un balance de -13221000 COP y una cobertura estimada de 0.00 meses. Este resultado describe el periodo y no a la persona.,train,99.7,0.14,0.0,0.0,0.16,0.0,0.0
VEN_0095_1,PERF_0095,2026-04-30,2026-04-01,2026-04-30,uso_planificado_reserva,uso_planificado_reserva,en_observacion,calculado,96.44,baja,sin_ingresos,True,alta,evidencia_temporal_disponible,balance_negativo,motivo_de_periodos_sin_ingreso,La ventana entre 2026-04-01 y 2026-04-30 muestra un balance de -1467000 COP y una cobertura estimada de 8.62 meses. Este resultado describe el periodo y no a la persona.,test,0.22,2.08,96.44,1.01,0.19,0.05,0.0
VEN_0095_2,PERF_0095,2026-05-31,2026-04-01,2026-05-31,fragilidad_sostenida,deterioro_reciente,en_observacion,calculado,74.69,media,sin_ingresos,True,alta,evidencia_temporal_disponible,balance_negativo,motivo_de_periodos_sin_ingreso,La ventana entre 2026-04-01 y 2026-05-31 muestra un balance de -5325000 COP y una cobertura estimada de 1.02 meses. Este resultado describe el periodo y no a la persona.,test,3.23,21.15,0.93,0.0,74.69,0.0,0.0
VEN_0095_3,PERF_0095,2026-06-30,2026-04-01,2026-06-30,situacion_critica,situacion_critica,en_riesgo,calculado,99.7,baja,sin_ingresos,True,alta,evidencia_temporal_disponible,balance_negativo,motivo_de_periodos_sin_ingreso,La ventana entre 2026-04-01 y 2026-06-30 muestra un balance de -9183000 COP y una cobertura estimada de 0.00 meses. Este resultado describe el periodo y no a la persona.,test,99.7,0.3,0.0,0.0,0.0,0.0,0.0
VEN_0096_1,PERF_0096,2026-04-30,2026-04-01,2026-04-30,situacion_critica,estado_incierto,no_disponible,requiere_confirmacion,49.47,alta,mixto,True,alta,evidencia_temporal_disponible,balance_negativo,ninguna_relevante_para_el_periodo,La ventana entre 2026-04-01 y 2026-04-30 muestra un balance de -2105000 COP y una cobertura estimada de 0.03 meses. Este resultado describe el periodo y no a la persona.,train,49.47,47.28,2.68,0.0,0.57,0.0,0.0
VEN_0096_2,PERF_0096,2026-05-31,2026-04-01,2026-05-31,situacion_critica,situacion_critica,en_riesgo,calculado,96.37,baja,mixto,True,alta,evidencia_temporal_disponible,balance_negativo,ninguna_relevante_para_el_periodo,La ventana entre 2026-04-01 y 2026-05-31 muestra un balance de -2196000 COP y una cobertura estimada de 0.00 meses. Este resultado describe el periodo y no a la persona.,train,96.37,2.04,0.82,0.0,0.52,0.11,0.14
VEN_0096_3,PERF_0096,2026-06-30,2026-04-01,2026-06-30,situacion_critica,situacion_critica,en_riesgo,calculado,92.13,baja,mixto,True,alta,evidencia_temporal_disponible,balance_negativo,ninguna_relevante_para_el_periodo,La ventana entre 2026-04-01 y 2026-06-30 muestra un balance de -3158000 COP y una cobertura estimada de 0.00 meses. Este resultado describe el periodo y no a la persona.,train,92.13,4.63,2.69,0.0,0.18,0.2,0.17
VEN_0097_1,PERF_0097,2026-04-30,2026-04-01,2026-04-30,situacion_critica,situacion_critica,en_riesgo,calculado,98.75,baja,estacional,True,alta,evidencia_temporal_disponible,balance_negativo,ninguna_relevante_para_el_periodo,La ventana entre 2026-04-01 y 2026-04-30 muestra un balance de -5408000 COP y una cobertura estimada de 0.00 meses. Este resultado describe el periodo y no a la persona.,test,98.75,0.9,0.0,0.0,0.35,0.0,0.0
VEN_0097_2,PERF_0097,2026-05-31,2026-04-01,2026-05-31,situacion_critica,situacion_critica,en_riesgo,calculado,96.75,baja,estacional,True,alta,evidencia_temporal_disponible,balance_negativo,motivo_de_periodos_sin_ingreso,La ventana entre 2026-04-01 y 2026-05-31 muestra un balance de -19952000 COP y una cobertura estimada de 0.00 meses. Este resultado describe el periodo y no a la persona.,test,96.75,1.99,0.0,0.0,1.26,0.0,0.0
VEN_0097_3,PERF_0097,2026-06-30,2026-04-01,2026-06-30,situacion_critica,situacion_critica,en_riesgo,calculado,99.24,baja,estacional,True,alta,evidencia_temporal_disponible,balance_negativo,motivo_de_periodos_sin_ingreso,La ventana entre 2026-04-01 y 2026-06-30 muestra un balance de -29279000 COP y una cobertura estimada de 0.00 meses. Este resultado describe el periodo y no a la persona.,test,99.24,0.22,0.54,0.0,0.0,0.0,0.0
VEN_0098_1,PERF_0098,2026-04-30,2026-04-01,2026-04-30,situacion_critica,situacion_critica,en_riesgo,calculado,99.93,baja,mixto,True,alta,evidencia_temporal_disponible,balance_negativo,ninguna_relevante_para_el_periodo,La ventana entre 2026-04-01 y 2026-04-30 muestra un balance de -6646000 COP y una cobertura estimada de 0.00 meses. Este resultado describe el periodo y no a la persona.,test,99.93,0.0,0.07,0.0,0.0,0.0,0.0
VEN_0098_2,PERF_0098,2026-05-31,2026-04-01,2026-05-31,situacion_critica,situacion_critica,en_riesgo,calculado,99.61,baja,mixto,True,alta,evidencia_temporal_disponible,balance_negativo,ninguna_relevante_para_el_periodo,La ventana entre 2026-04-01 y 2026-05-31 muestra un balance de -15620000 COP y una cobertura estimada de 0.00 meses. Este resultado describe el periodo y no a la persona.,test,99.61,0.09,0.14,0.0,0.17,0.0,0.0
VEN_0098_3,PERF_0098,2026-06-30,2026-04-01,2026-06-30,situacion_critica,situacion_critica,en_riesgo,calculado,99.8,baja,mixto,True,alta,evidencia_temporal_disponible,balance_negativo,ninguna_relevante_para_el_periodo,La ventana entre 2026-04-01 y 2026-06-30 muestra un balance de -24594000 COP y una cobertura estimada de 0.00 meses. Este resultado describe el periodo y no a la persona.,test,99.8,0.06,0.14,0.0,0.0,0.0,0.0
VEN_0099_1,PERF_0099,2026-04-30,2026-04-01,2026-04-30,equilibrio_sostenible,equilibrio_sostenible,saludable,calculado,82.53,baja,variable,True,alta,balance_no_negativo,sin_factor_dominante,ninguna_relevante_para_el_periodo,La ventana entre 2026-04-01 y 2026-04-30 muestra un balance de 2101000 COP y una cobertura estimada de 2.84 meses. Este resultado describe el periodo y no a la persona.,train,0.0,0.0,0.18,16.99,0.0,82.53,0.3
VEN_0099_2,PERF_0099,2026-05-31,2026-04-01,2026-05-31,acumulacion_estable,acumulacion_estable,saludable,calculado,90.67,baja,variable,True,alta,balance_no_negativo,sin_factor_dominante,ninguna_relevante_para_el_periodo,La ventana entre 2026-04-01 y 2026-05-31 muestra un balance de 3591000 COP y una cobertura estimada de 4.23 meses. Este resultado describe el periodo y no a la persona.,train,0.0,0.1,0.55,90.67,0.1,5.6,2.99
VEN_0099_3,PERF_0099,2026-06-30,2026-04-01,2026-06-30,acumulacion_estable,acumulacion_estable,saludable,calculado,97.14,baja,variable,True,alta,balance_no_negativo,sin_factor_dominante,ninguna_relevante_para_el_periodo,La ventana entre 2026-04-01 y 2026-06-30 muestra un balance de 5269000 COP y una cobertura estimada de 5.32 meses. Este resultado describe el periodo y no a la persona.,train,0.0,0.0,0.09,97.14,0.0,0.65,2.11
VEN_0100_1,PERF_0100,2026-04-30,2026-04-01,2026-04-30,situacion_critica,situacion_critica,en_riesgo,calculado,99.25,baja,fijo,True,alta,evidencia_temporal_disponible,balance_negativo,ninguna_relevante_para_el_periodo,La ventana entre 2026-04-01 y 2026-04-30 muestra un balance de -1850000 COP y una cobertura estimada de 0.00 meses. Este resultado describe el periodo y no a la persona.,train,99.25,0.45,0.3,0.0,0.0,0.0,0.0
VEN_0100_2,PERF_0100,2026-05-31,2026-04-01,2026-05-31,situacion_critica,situacion_critica,en_riesgo,calculado,99.48,baja,fijo,True,alta,evidencia_temporal_disponible,balance_negativo,ninguna_relevante_para_el_periodo,La ventana entre 2026-04-01 y 2026-05-31 muestra un balance de -3700000 COP y una cobertura estimada de 0.00 meses. Este resultado describe el periodo y no a la persona.,train,99.48,0.52,0.0,0.0,0.0,0.0,0.0
VEN_0100_3,PERF_0100,2026-06-30,2026-04-01,2026-06-30,situacion_critica,situacion_critica,en_riesgo,calculado,99.2,baja,fijo,True,alta,evidencia_temporal_disponible,balance_negativo,ninguna_relevante_para_el_periodo,La ventana entre 2026-04-01 y 2026-06-30 muestra un balance de -5550000 COP y una cobertura estimada de 0.00 meses. Este resultado describe el periodo y no a la persona.,train,99.2,0.66,0.14,0.0,0.0,0.0,0.0
VEN_0101_1,PERF_0101,2026-04-30,2026-04-01,2026-04-30,situacion_critica,situacion_critica,en_riesgo,calculado,99.12,baja,sin_ingresos,True,alta,evidencia_temporal_disponible,balance_negativo,motivo_de_periodos_sin_ingreso,La ventana entre 2026-04-01 y 2026-04-30 muestra un balance de -7942000 COP y una cobertura estimada de 0.00 meses. Este resultado describe el periodo y no a la persona.,train,99.12,0.7,0.18,0.0,0.0,0.0,0.0
VEN_0101_2,PERF_0101,2026-05-31,2026-04-01,2026-05-31,situacion_critica,situacion_critica,en_riesgo,calculado,99.7,baja,sin_ingresos,True,alta,evidencia_temporal_disponible,balance_negativo,motivo_de_periodos_sin_ingreso,La ventana entre 2026-04-01 y 2026-05-31 muestra un balance de -18580000 COP y una cobertura estimada de 0.00 meses. Este resultado describe el periodo y no a la persona.,train,99.7,0.3,0.0,0.0,0.0,0.0,0.0
VEN_0101_3,PERF_0101,2026-06-30,2026-04-01,2026-06-30,situacion_critica,situacion_critica,en_riesgo,calculado,99.2,baja,sin_ingresos,True,alta,evidencia_temporal_disponible,balance_negativo,motivo_de_periodos_sin_ingreso,La ventana entre 2026-04-01 y 2026-06-30 muestra un balance de -24130000 COP y una cobertura estimada de 0.00 meses. Este resultado describe el periodo y no a la persona.,train,99.2,0.72,0.08,0.0,0.0,0.0,0.0
VEN_0102_1,PERF_0102,2026-04-30,2026-04-01,2026-04-30,acumulacion_estable,acumulacion_estable,saludable,calculado,96.18,baja,variable,True,alta,balance_no_negativo,sin_factor_dominante,ninguna_relevante_para_el_periodo,La ventana entre 2026-04-01 y 2026-04-30 muestra un balance de 3839000 COP y una cobertura estimada de 7.16 meses. Este resultado describe el periodo y no a la persona.,validation,0.0,0.0,0.0,96.18,0.0,2.03,1.79
VEN_0102_2,PERF_0102,2026-05-31,2026-04-01,2026-05-31,deterioro_reciente,deterioro_reciente,en_observacion,calculado,95.58,baja,variable,True,alta,evidencia_temporal_disponible,balance_negativo,ninguna_relevante_para_el_periodo,La ventana entre 2026-04-01 y 2026-05-31 muestra un balance de -3409000 COP y una cobertura estimada de 3.04 meses. Este resultado describe el periodo y no a la persona.,validation,0.01,0.43,3.59,0.09,95.58,0.0,0.3
VEN_0102_3,PERF_0102,2026-06-30,2026-04-01,2026-06-30,deterioro_reciente,deterioro_reciente,en_observacion,calculado,72.68,media,variable,True,alta,evidencia_temporal_disponible,balance_negativo,ninguna_relevante_para_el_periodo,La ventana entre 2026-04-01 y 2026-06-30 muestra un balance de -9873000 COP y una cobertura estimada de 1.76 meses. Este resultado describe el periodo y no a la persona.,validation,0.15,17.73,9.31,0.0,72.68,0.13,0.0
VEN_0103_1,PERF_0103,2026-04-30,2026-04-01,2026-04-30,uso_planificado_reserva,estado_incierto,no_disponible,requiere_confirmacion,98.67,alta,mixto,False,alta,evidencia_temporal_disponible,balance_negativo,ninguna_relevante_para_el_periodo,La ventana entre 2026-04-01 y 2026-04-30 muestra un balance de -1585000 COP y una cobertura estimada de 2.28 meses. Este resultado describe el periodo y no a la persona.,train,0.03,0.73,98.67,0.0,0.2,0.36,0.0
VEN_0103_2,PERF_0103,2026-05-31,2026-04-01,2026-05-31,variable_resiliente,variable_resiliente,saludable,calculado,95.78,baja,mixto,False,alta,balance_no_negativo,sin_factor_dominante,ninguna_relevante_para_el_periodo,La ventana entre 2026-04-01 y 2026-05-31 muestra un balance de 475000 COP y una cobertura estimada de 2.60 meses. Este resultado describe el periodo y no a la persona.,train,0.0,0.34,0.0,0.38,0.0,3.51,95.78
VEN_0103_3,PERF_0103,2026-06-30,2026-04-01,2026-06-30,uso_planificado_reserva,estado_incierto,no_disponible,requiere_confirmacion,68.25,alta,mixto,False,alta,evidencia_temporal_disponible,balance_negativo,ninguna_relevante_para_el_periodo,La ventana entre 2026-04-01 y 2026-06-30 muestra un balance de -3026000 COP y una cobertura estimada de 1.61 meses. Este resultado describe el periodo y no a la persona.,train,0.13,17.48,68.25,0.39,8.84,1.13,3.79
VEN_0104_1,PERF_0104,2026-04-30,2026-04-01,2026-04-30,situacion_critica,situacion_critica,en_riesgo,calculado,98.6,baja,mixto,True,alta,evidencia_temporal_disponible,balance_negativo,ninguna_relevante_para_el_periodo,La ventana entre 2026-04-01 y 2026-04-30 muestra un balance de -2584000 COP y una cobertura estimada de 0.00 meses. Este resultado describe el periodo y no a la persona.,train,98.6,0.99,0.23,0.0,0.18,0.0,0.0
VEN_0104_2,PERF_0104,2026-05-31,2026-04-01,2026-05-31,situacion_critica,situacion_critica,en_riesgo,calculado,98.27,baja,mixto,True,alta,evidencia_temporal_disponible,balance_negativo,ninguna_relevante_para_el_periodo,La ventana entre 2026-04-01 y 2026-05-31 muestra un balance de -7542000 COP y una cobertura estimada de 0.00 meses. Este resultado describe el periodo y no a la persona.,train,98.27,0.91,0.65,0.0,0.16,0.0,0.0
VEN_0104_3,PERF_0104,2026-06-30,2026-04-01,2026-06-30,situacion_critica,situacion_critica,en_riesgo,calculado,99.33,baja,mixto,True,alta,evidencia_temporal_disponible,balance_negativo,ninguna_relevante_para_el_periodo,La ventana entre 2026-04-01 y 2026-06-30 muestra un balance de -12074000 COP y una cobertura estimada de 0.00 meses. Este resultado describe el periodo y no a la persona.,train,99.33,0.19,0.48,0.0,0.0,0.0,0.0
VEN_0105_1,PERF_0105,2026-04-30,2026-04-01,2026-04-30,situacion_critica,situacion_critica,en_riesgo,calculado,99.58,baja,estacional,True,alta,evidencia_temporal_disponible,balance_negativo,ninguna_relevante_para_el_periodo,La ventana entre 2026-04-01 y 2026-04-30 muestra un balance de -3337000 COP y una cobertura estimada de 0.00 meses. Este resultado describe el periodo y no a la persona.,train,99.58,0.33,0.09,0.0,0.0,0.0,0.0
VEN_0105_2,PERF_0105,2026-05-31,2026-04-01,2026-05-31,situacion_critica,situacion_critica,en_riesgo,calculado,97.69,baja,estacional,True,alta,evidencia_temporal_disponible,balance_negativo,motivo_de_periodos_sin_ingreso,La ventana entre 2026-04-01 y 2026-05-31 muestra un balance de -9747000 COP y una cobertura estimada de 0.00 meses. Este resultado describe el periodo y no a la persona.,train,97.69,1.65,0.14,0.0,0.52,0.0,0.0
VEN_0105_3,PERF_0105,2026-06-30,2026-04-01,2026-06-30,situacion_critica,situacion_critica,en_riesgo,calculado,99.35,baja,estacional,True,alta,evidencia_temporal_disponible,balance_negativo,motivo_de_periodos_sin_ingreso,La ventana entre 2026-04-01 y 2026-06-30 muestra un balance de -14789000 COP y una cobertura estimada de 0.00 meses. Este resultado describe el periodo y no a la persona.,train,99.35,0.32,0.32,0.0,0.0,0.0,0.0
VEN_0106_1,PERF_0106,2026-04-30,2026-04-01,2026-04-30,equilibrio_sostenible,equilibrio_sostenible,saludable,calculado,86.32,baja,mixto,True,alta,balance_no_negativo,sin_factor_dominante,ninguna_relevante_para_el_periodo,La ventana entre 2026-04-01 y 2026-04-30 muestra un balance de 2103000 COP y una cobertura estimada de 1.31 meses. Este resultado describe el periodo y no a la persona.,train,0.0,0.0,0.16,10.7,0.0,86.32,2.82
VEN_0106_2,PERF_0106,2026-05-31,2026-04-01,2026-05-31,variable_resiliente,variable_resiliente,saludable,calculado,96.74,baja,mixto,True,alta,balance_no_negativo,sin_factor_dominante,ninguna_relevante_para_el_periodo,La ventana entre 2026-04-01 y 2026-05-31 muestra un balance de 7377000 COP y una cobertura estimada de 2.63 meses. Este resultado describe el periodo y no a la persona.,train,0.0,0.24,0.0,0.4,0.0,2.63,96.74
VEN_0106_3,PERF_0106,2026-06-30,2026-04-01,2026-06-30,acumulacion_estable,acumulacion_estable,saludable,calculado,59.78,media,mixto,True,alta,balance_no_negativo,sin_factor_dominante,ninguna_relevante_para_el_periodo,La ventana entre 2026-04-01 y 2026-06-30 muestra un balance de 12151000 COP y una cobertura estimada de 3.94 meses. Este resultado describe el periodo y no a la persona.,train,0.0,0.38,0.9,59.78,0.0,6.09,32.84
VEN_0107_1,PERF_0107,2026-04-30,2026-04-01,2026-04-30,equilibrio_sostenible,equilibrio_sostenible,saludable,calculado,85.26,baja,variable,False,alta,balance_no_negativo,sin_factor_dominante,ninguna_relevante_para_el_periodo,La ventana entre 2026-04-01 y 2026-04-30 muestra un balance de 350000 COP y una cobertura estimada de 2.86 meses. Este resultado describe el periodo y no a la persona.,train,0.0,0.2,0.99,12.99,0.23,85.26,0.34
VEN_0107_2,PERF_0107,2026-05-31,2026-04-01,2026-05-31,equilibrio_sostenible,equilibrio_sostenible,saludable,calculado,88.11,baja,variable,False,alta,balance_no_negativo,sin_factor_dominante,ninguna_relevante_para_el_periodo,La ventana entre 2026-04-01 y 2026-05-31 muestra un balance de 454000 COP y una cobertura estimada de 2.84 meses. Este resultado describe el periodo y no a la persona.,train,0.0,0.2,0.12,10.0,0.0,88.11,1.57
VEN_0107_3,PERF_0107,2026-06-30,2026-04-01,2026-06-30,acumulacion_estable,acumulacion_estable,saludable,calculado,71.68,media,variable,False,alta,balance_no_negativo,sin_factor_dominante,ninguna_relevante_para_el_periodo,La ventana entre 2026-04-01 y 2026-06-30 muestra un balance de 994000 COP y una cobertura estimada de 3.09 meses. Este resultado describe el periodo y no a la persona.,train,0.0,0.0,0.33,71.68,0.0,24.6,3.4
VEN_0108_1,PERF_0108,2026-04-30,2026-04-01,2026-04-30,uso_planificado_reserva,uso_planificado_reserva,en_observacion,calculado,92.33,baja,apoyo,True,alta,evidencia_temporal_disponible,balance_negativo,motivo_de_periodos_sin_ingreso,La ventana entre 2026-04-01 y 2026-04-30 muestra un balance de -893000 COP y una cobertura estimada de 2.33 meses. Este resultado describe el periodo y no a la persona.,train,0.67,3.17,92.33,0.97,1.89,0.97,0.0
VEN_0108_2,PERF_0108,2026-05-31,2026-04-01,2026-05-31,fragilidad_sostenida,fragilidad_sostenida,en_riesgo,calculado,77.98,baja,apoyo,True,alta,evidencia_temporal_disponible,balance_negativo,motivo_de_periodos_sin_ingreso,La ventana entre 2026-04-01 y 2026-05-31 muestra un balance de -3566000 COP y una cobertura estimada de 1.20 meses. Este resultado describe el periodo y no a la persona.,train,1.26,77.98,6.21,0.07,14.09,0.38,0.0
VEN_0108_3,PERF_0108,2026-06-30,2026-04-01,2026-06-30,fragilidad_sostenida,fragilidad_sostenida,en_riesgo,calculado,84.42,baja,apoyo,True,alta,evidencia_temporal_disponible,balance_negativo,motivo_de_periodos_sin_ingreso,La ventana entre 2026-04-01 y 2026-06-30 muestra un balance de -2880000 COP y una cobertura estimada de 1.54 meses. Este resultado describe el periodo y no a la persona.,train,0.61,84.42,11.89,0.19,1.9,0.79,0.2
VEN_0109_1,PERF_0109,2026-04-30,2026-04-01,2026-04-30,acumulacion_estable,acumulacion_estable,saludable,calculado,97.53,baja,variable,True,alta,balance_no_negativo,sin_factor_dominante,ninguna_relevante_para_el_periodo,La ventana entre 2026-04-01 y 2026-04-30 muestra un balance de 1600000 COP y una cobertura estimada de 8.92 meses. Este resultado describe el periodo y no a la persona.,train,0.0,0.0,0.0,97.53,0.0,2.33,0.14
VEN_0109_2,PERF_0109,2026-05-31,2026-04-01,2026-05-31,deterioro_reciente,deterioro_reciente,en_observacion,calculado,93.95,baja,variable,True,alta,evidencia_temporal_disponible,balance_negativo,ninguna_relevante_para_el_periodo,La ventana entre 2026-04-01 y 2026-05-31 muestra un balance de -1878000 COP y una cobertura estimada de 3.50 meses. Este resultado describe el periodo y no a la persona.,train,0.06,0.92,4.67,0.0,93.95,0.2,0.2
VEN_0109_3,PERF_0109,2026-06-30,2026-04-01,2026-06-30,fragilidad_sostenida,fragilidad_sostenida,en_riesgo,calculado,60.18,media,variable,True,alta,evidencia_temporal_disponible,balance_negativo,ninguna_relevante_para_el_periodo,La ventana entre 2026-04-01 y 2026-06-30 muestra un balance de -5655000 COP y una cobertura estimada de 1.48 meses. Este resultado describe el periodo y no a la persona.,train,0.74,60.18,6.6,0.0,32.44,0.04,0.0
VEN_0110_1,PERF_0110,2026-04-30,2026-04-01,2026-04-30,uso_planificado_reserva,estado_incierto,no_disponible,requiere_confirmacion,97.12,alta,sin_ingresos,False,alta,evidencia_temporal_disponible,balance_negativo,motivo_de_periodos_sin_ingreso,La ventana entre 2026-04-01 y 2026-04-30 muestra un balance de -4825000 COP y una cobertura estimada de 4.02 meses. Este resultado describe el periodo y no a la persona.,train,0.28,2.33,97.12,0.0,0.27,0.0,0.0
VEN_0110_2,PERF_0110,2026-05-31,2026-04-01,2026-05-31,fragilidad_sostenida,fragilidad_sostenida,en_riesgo,calculado,90.71,baja,sin_ingresos,False,alta,evidencia_temporal_disponible,balance_negativo,motivo_de_periodos_sin_ingreso,La ventana entre 2026-04-01 y 2026-05-31 muestra un balance de -9650000 COP y una cobertura estimada de 1.60 meses. Este resultado describe el periodo y no a la persona.,train,1.17,90.71,4.28,0.0,3.69,0.16,0.0
VEN_0110_3,PERF_0110,2026-06-30,2026-04-01,2026-06-30,situacion_critica,situacion_critica,en_riesgo,calculado,99.81,baja,sin_ingresos,False,alta,evidencia_temporal_disponible,balance_negativo,motivo_de_periodos_sin_ingreso,La ventana entre 2026-04-01 y 2026-06-30 muestra un balance de -16406000 COP y una cobertura estimada de 0.00 meses. Este resultado describe el periodo y no a la persona.,train,99.81,0.0,0.0,0.0,0.19,0.0,0.0
VEN_0111_1,PERF_0111,2026-04-30,2026-04-01,2026-04-30,situacion_critica,situacion_critica,en_riesgo,calculado,99.44,baja,mixto,False,alta,evidencia_temporal_disponible,balance_negativo,ninguna_relevante_para_el_periodo,La ventana entre 2026-04-01 y 2026-04-30 muestra un balance de -8524000 COP y una cobertura estimada de 0.00 meses. Este resultado describe el periodo y no a la persona.,train,99.44,0.36,0.07,0.0,0.14,0.0,0.0
VEN_0111_2,PERF_0111,2026-05-31,2026-04-01,2026-05-31,situacion_critica,situacion_critica,en_riesgo,calculado,98.54,baja,mixto,False,alta,evidencia_temporal_disponible,balance_negativo,ninguna_relevante_para_el_periodo,La ventana entre 2026-04-01 y 2026-05-31 muestra un balance de -15150000 COP y una cobertura estimada de 0.00 meses. Este resultado describe el periodo y no a la persona.,train,98.54,1.11,0.17,0.0,0.18,0.0,0.0
VEN_0111_3,PERF_0111,2026-06-30,2026-04-01,2026-06-30,situacion_critica,situacion_critica,en_riesgo,calculado,99.93,baja,mixto,False,alta,evidencia_temporal_disponible,balance_negativo,ninguna_relevante_para_el_periodo,La ventana entre 2026-04-01 y 2026-06-30 muestra un balance de -21771000 COP y una cobertura estimada de 0.00 meses. Este resultado describe el periodo y no a la persona.,train,99.93,0.0,0.07,0.0,0.0,0.0,0.0
VEN_0112_1,PERF_0112,2026-04-30,2026-04-01,2026-04-30,situacion_critica,situacion_critica,en_riesgo,calculado,99.39,baja,mixto,True,alta,evidencia_temporal_disponible,balance_negativo,ninguna_relevante_para_el_periodo,La ventana entre 2026-04-01 y 2026-04-30 muestra un balance de -9987000 COP y una cobertura estimada de 0.00 meses. Este resultado describe el periodo y no a la persona.,train,99.39,0.45,0.15,0.0,0.0,0.0,0.0
VEN_0112_2,PERF_0112,2026-05-31,2026-04-01,2026-05-31,situacion_critica,situacion_critica,en_riesgo,calculado,100.0,baja,mixto,True,alta,evidencia_temporal_disponible,balance_negativo,ninguna_relevante_para_el_periodo,La ventana entre 2026-04-01 y 2026-05-31 muestra un balance de -23301000 COP y una cobertura estimada de 0.00 meses. Este resultado describe el periodo y no a la persona.,train,100.0,0.0,0.0,0.0,0.0,0.0,0.0
VEN_0112_3,PERF_0112,2026-06-30,2026-04-01,2026-06-30,situacion_critica,situacion_critica,en_riesgo,calculado,99.77,baja,mixto,True,alta,evidencia_temporal_disponible,balance_negativo,ninguna_relevante_para_el_periodo,La ventana entre 2026-04-01 y 2026-06-30 muestra un balance de -36121000 COP y una cobertura estimada de 0.00 meses. Este resultado describe el periodo y no a la persona.,train,99.77,0.14,0.09,0.0,0.0,0.0,0.0
VEN_0113_1,PERF_0113,2026-04-30,2026-04-01,2026-04-30,uso_planificado_reserva,estado_incierto,no_disponible,requiere_confirmacion,97.44,alta,apoyo,False,alta,evidencia_temporal_disponible,balance_negativo,motivo_de_periodos_sin_ingreso,La ventana entre 2026-04-01 y 2026-04-30 muestra un balance de -4185000 COP y una cobertura estimada de 3.63 meses. Este resultado describe el periodo y no a la persona.,validation,0.2,1.2,97.44,0.59,0.58,0.0,0.0
VEN_0113_2,PERF_0113,2026-05-31,2026-04-01,2026-05-31,uso_planificado_reserva,estado_incierto,no_disponible,requiere_confirmacion,84.46,alta,apoyo,False,alta,evidencia_temporal_disponible,balance_negativo,motivo_de_periodos_sin_ingreso,La ventana entre 2026-04-01 y 2026-05-31 muestra un balance de -8370000 COP y una cobertura estimada de 2.54 meses. Este resultado describe el periodo y no a la persona.,validation,0.77,14.18,84.46,0.1,0.49,0.0,0.0
VEN_0113_3,PERF_0113,2026-06-30,2026-04-01,2026-06-30,fragilidad_sostenida,fragilidad_sostenida,en_riesgo,calculado,89.69,baja,apoyo,False,alta,evidencia_temporal_disponible,balance_negativo,motivo_de_periodos_sin_ingreso,La ventana entre 2026-04-01 y 2026-06-30 muestra un balance de -12555000 COP y una cobertura estimada de 1.42 meses. Este resultado describe el periodo y no a la persona.,validation,1.63,89.69,2.41,0.0,6.27,0.0,0.0
VEN_0114_1,PERF_0114,2026-04-30,2026-04-01,2026-04-30,situacion_critica,situacion_critica,en_riesgo,calculado,98.22,baja,apoyo,True,alta,evidencia_temporal_disponible,balance_negativo,motivo_de_periodos_sin_ingreso,La ventana entre 2026-04-01 y 2026-04-30 muestra un balance de -2850000 COP y una cobertura estimada de 0.00 meses. Este resultado describe el periodo y no a la persona.,train,98.22,1.47,0.31,0.0,0.0,0.0,0.0
VEN_0114_2,PERF_0114,2026-05-31,2026-04-01,2026-05-31,situacion_critica,situacion_critica,en_riesgo,calculado,99.43,baja,apoyo,True,alta,evidencia_temporal_disponible,balance_negativo,motivo_de_periodos_sin_ingreso,La ventana entre 2026-04-01 y 2026-05-31 muestra un balance de -5700000 COP y una cobertura estimada de 0.00 meses. Este resultado describe el periodo y no a la persona.,train,99.43,0.57,0.0,0.0,0.0,0.0,0.0
VEN_0114_3,PERF_0114,2026-06-30,2026-04-01,2026-06-30,situacion_critica,situacion_critica,en_riesgo,calculado,99.78,baja,apoyo,True,alta,evidencia_temporal_disponible,balance_negativo,motivo_de_periodos_sin_ingreso,La ventana entre 2026-04-01 y 2026-06-30 muestra un balance de -8550000 COP y una cobertura estimada de 0.00 meses. Este resultado describe el periodo y no a la persona.,train,99.78,0.22,0.0,0.0,0.0,0.0,0.0
VEN_0115_1,PERF_0115,2026-04-30,2026-04-01,2026-04-30,situacion_critica,situacion_critica,en_riesgo,calculado,98.98,baja,fijo,False,alta,evidencia_temporal_disponible,balance_negativo,ninguna_relevante_para_el_periodo,La ventana entre 2026-04-01 y 2026-04-30 muestra un balance de -3743000 COP y una cobertura estimada de 0.00 meses. Este resultado describe el periodo y no a la persona.,train,98.98,0.88,0.0,0.0,0.14,0.0,0.0
VEN_0115_2,PERF_0115,2026-05-31,2026-04-01,2026-05-31,situacion_critica,situacion_critica,en_riesgo,calculado,99.36,baja,fijo,False,alta,evidencia_temporal_disponible,balance_negativo,ninguna_relevante_para_el_periodo,La ventana entre 2026-04-01 y 2026-05-31 muestra un balance de -8926000 COP y una cobertura estimada de 0.00 meses. Este resultado describe el periodo y no a la persona.,train,99.36,0.48,0.0,0.0,0.16,0.0,0.0
VEN_0115_3,PERF_0115,2026-06-30,2026-04-01,2026-06-30,situacion_critica,situacion_critica,en_riesgo,calculado,99.7,baja,fijo,False,alta,evidencia_temporal_disponible,balance_negativo,ninguna_relevante_para_el_periodo,La ventana entre 2026-04-01 y 2026-06-30 muestra un balance de -14109000 COP y una cobertura estimada de 0.00 meses. Este resultado describe el periodo y no a la persona.,train,99.7,0.3,0.0,0.0,0.0,0.0,0.0
VEN_0116_1,PERF_0116,2026-04-30,2026-04-01,2026-04-30,uso_planificado_reserva,uso_planificado_reserva,en_observacion,calculado,92.38,baja,fijo,True,alta,evidencia_temporal_disponible,balance_negativo,ninguna_relevante_para_el_periodo,La ventana entre 2026-04-01 y 2026-04-30 muestra un balance de -2684000 COP y una cobertura estimada de 6.14 meses. Este resultado describe el periodo y no a la persona.,train,0.73,5.23,92.38,0.0,1.66,0.0,0.0
VEN_0116_2,PERF_0116,2026-05-31,2026-04-01,2026-05-31,deterioro_reciente,deterioro_reciente,en_observacion,calculado,84.05,baja,fijo,True,alta,evidencia_temporal_disponible,balance_negativo,ninguna_relevante_para_el_periodo,La ventana entre 2026-04-01 y 2026-05-31 muestra un balance de -10559000 COP y una cobertura estimada de 0.83 meses. Este resultado describe el periodo y no a la persona.,train,1.61,14.22,0.11,0.0,84.05,0.0,0.0
VEN_0116_3,PERF_0116,2026-06-30,2026-04-01,2026-06-30,situacion_critica,situacion_critica,en_riesgo,calculado,99.96,baja,fijo,True,alta,evidencia_temporal_disponible,balance_negativo,ninguna_relevante_para_el_periodo,La ventana entre 2026-04-01 y 2026-06-30 muestra un balance de -18434000 COP y una cobertura estimada de 0.00 meses. Este resultado describe el periodo y no a la persona.,train,99.96,0.04,0.0,0.0,0.0,0.0,0.0
VEN_0117_1,PERF_0117,2026-04-30,2026-04-01,2026-04-30,situacion_critica,situacion_critica,en_riesgo,calculado,99.22,baja,sin_ingresos,False,alta,evidencia_temporal_disponible,balance_negativo,motivo_de_periodos_sin_ingreso,La ventana entre 2026-04-01 y 2026-04-30 muestra un balance de -7709000 COP y una cobertura estimada de 0.00 meses. Este resultado describe el periodo y no a la persona.,train,99.22,0.65,0.12,0.0,0.0,0.0,0.0
VEN_0117_2,PERF_0117,2026-05-31,2026-04-01,2026-05-31,situacion_critica,situacion_critica,en_riesgo,calculado,99.88,baja,sin_ingresos,False,alta,evidencia_temporal_disponible,balance_negativo,motivo_de_periodos_sin_ingreso,La ventana entre 2026-04-01 y 2026-05-31 muestra un balance de -15418000 COP y una cobertura estimada de 0.00 meses. Este resultado describe el periodo y no a la persona.,train,99.88,0.0,0.12,0.0,0.0,0.0,0.0
VEN_0117_3,PERF_0117,2026-06-30,2026-04-01,2026-06-30,situacion_critica,situacion_critica,en_riesgo,calculado,100.0,baja,sin_ingresos,False,alta,evidencia_temporal_disponible,balance_negativo,motivo_de_periodos_sin_ingreso,La ventana entre 2026-04-01 y 2026-06-30 muestra un balance de -26615000 COP y una cobertura estimada de 0.00 meses. Este resultado describe el periodo y no a la persona.,train,100.0,0.0,0.0,0.0,0.0,0.0,0.0
VEN_0118_1,PERF_0118,2026-04-30,2026-04-01,2026-04-30,situacion_critica,situacion_critica,en_riesgo,calculado,99.27,baja,variable,True,alta,evidencia_temporal_disponible,balance_negativo,ninguna_relevante_para_el_periodo,La ventana entre 2026-04-01 y 2026-04-30 muestra un balance de -4284000 COP y una cobertura estimada de 0.00 meses. Este resultado describe el periodo y no a la persona.,train,99.27,0.24,0.13,0.0,0.36,0.0,0.0
VEN_0118_2,PERF_0118,2026-05-31,2026-04-01,2026-05-31,situacion_critica,situacion_critica,en_riesgo,calculado,99.85,baja,variable,True,alta,evidencia_temporal_disponible,balance_negativo,ninguna_relevante_para_el_periodo,La ventana entre 2026-04-01 y 2026-05-31 muestra un balance de -12581000 COP y una cobertura estimada de 0.00 meses. Este resultado describe el periodo y no a la persona.,train,99.85,0.15,0.0,0.0,0.0,0.0,0.0
VEN_0118_3,PERF_0118,2026-06-30,2026-04-01,2026-06-30,situacion_critica,situacion_critica,en_riesgo,calculado,99.85,baja,variable,True,alta,evidencia_temporal_disponible,balance_negativo,ninguna_relevante_para_el_periodo,La ventana entre 2026-04-01 y 2026-06-30 muestra un balance de -20610000 COP y una cobertura estimada de 0.00 meses. Este resultado describe el periodo y no a la persona.,train,99.85,0.15,0.0,0.0,0.0,0.0,0.0
VEN_0119_1,PERF_0119,2026-04-30,2026-04-01,2026-04-30,situacion_critica,situacion_critica,en_riesgo,calculado,98.98,baja,sin_ingresos,True,alta,evidencia_temporal_disponible,balance_negativo,motivo_de_periodos_sin_ingreso,La ventana entre 2026-04-01 y 2026-04-30 muestra un balance de -8550000 COP y una cobertura estimada de 0.00 meses. Este resultado describe el periodo y no a la persona.,train,98.98,0.79,0.23,0.0,0.0,0.0,0.0
VEN_0119_2,PERF_0119,2026-05-31,2026-04-01,2026-05-31,situacion_critica,situacion_critica,en_riesgo,calculado,100.0,baja,sin_ingresos,True,alta,evidencia_temporal_disponible,balance_negativo,motivo_de_periodos_sin_ingreso,La ventana entre 2026-04-01 y 2026-05-31 muestra un balance de -19347000 COP y una cobertura estimada de 0.00 meses. Este resultado describe el periodo y no a la persona.,train,100.0,0.0,0.0,0.0,0.0,0.0,0.0
VEN_0119_3,PERF_0119,2026-06-30,2026-04-01,2026-06-30,situacion_critica,situacion_critica,en_riesgo,calculado,100.0,baja,sin_ingresos,True,alta,evidencia_temporal_disponible,balance_negativo,motivo_de_periodos_sin_ingreso,La ventana entre 2026-04-01 y 2026-06-30 muestra un balance de -30144000 COP y una cobertura estimada de 0.00 meses. Este resultado describe el periodo y no a la persona.,train,100.0,0.0,0.0,0.0,0.0,0.0,0.0
VEN_0120_1,PERF_0120,2026-04-30,2026-04-01,2026-04-30,acumulacion_estable,acumulacion_estable,saludable,calculado,90.46,baja,variable,False,alta,balance_no_negativo,sin_factor_dominante,ninguna_relevante_para_el_periodo,La ventana entre 2026-04-01 y 2026-04-30 muestra un balance de 2868000 COP y una cobertura estimada de 8.72 meses. Este resultado describe el periodo y no a la persona.,train,0.0,0.0,1.16,90.46,0.0,8.0,0.38
VEN_0120_2,PERF_0120,2026-05-31,2026-04-01,2026-05-31,acumulacion_estable,acumulacion_estable,saludable,calculado,96.08,baja,variable,False,alta,balance_no_negativo,sin_factor_dominante,ninguna_relevante_para_el_periodo,La ventana entre 2026-04-01 y 2026-05-31 muestra un balance de 5254000 COP y una cobertura estimada de 10.55 meses. Este resultado describe el periodo y no a la persona.,train,0.0,0.0,0.16,96.08,0.0,2.33,1.43
VEN_0120_3,PERF_0120,2026-06-30,2026-04-01,2026-06-30,acumulacion_estable,acumulacion_estable,saludable,calculado,97.23,baja,variable,False,alta,balance_no_negativo,sin_factor_dominante,ninguna_relevante_para_el_periodo,La ventana entre 2026-04-01 y 2026-06-30 muestra un balance de 8087000 COP y una cobertura estimada de 10.25 meses. Este resultado describe el periodo y no a la persona.,train,0.0,0.0,0.0,97.23,0.0,1.72,1.05
VEN_0121_1,PERF_0121,2026-04-30,2026-04-01,2026-04-30,fragilidad_sostenida,fragilidad_sostenida,en_riesgo,calculado,89.6,baja,mixto,False,alta,evidencia_temporal_disponible,balance_negativo,ninguna_relevante_para_el_periodo,La ventana entre 2026-04-01 y 2026-04-30 muestra un balance de -2260000 COP y una cobertura estimada de 0.36 meses. Este resultado describe el periodo y no a la persona.,train,2.08,89.6,3.85,0.0,4.2,0.27,0.0
VEN_0121_2,PERF_0121,2026-05-31,2026-04-01,2026-05-31,variable_resiliente,variable_resiliente,saludable,calculado,89.52,baja,mixto,False,alta,balance_no_negativo,sin_factor_dominante,ninguna_relevante_para_el_periodo,La ventana entre 2026-04-01 y 2026-05-31 muestra un balance de 463000 COP y una cobertura estimada de 1.02 meses. Este resultado describe el periodo y no a la persona.,train,0.0,2.04,0.22,0.1,0.0,8.12,89.52
VEN_0121_3,PERF_0121,2026-06-30,2026-04-01,2026-06-30,variable_resiliente,variable_resiliente,saludable,calculado,91.56,baja,mixto,False,alta,balance_no_negativo,sin_factor_dominante,ninguna_relevante_para_el_periodo,La ventana entre 2026-04-01 y 2026-06-30 muestra un balance de 2019000 COP y una cobertura estimada de 1.43 meses. Este resultado describe el periodo y no a la persona.,train,0.0,0.19,0.06,0.82,0.0,7.37,91.56
VEN_0122_1,PERF_0122,2026-04-30,2026-04-01,2026-04-30,fragilidad_sostenida,fragilidad_sostenida,en_riesgo,calculado,90.92,baja,fijo,True,alta,evidencia_temporal_disponible,balance_negativo,ninguna_relevante_para_el_periodo,La ventana entre 2026-04-01 y 2026-04-30 muestra un balance de -6306000 COP y una cobertura estimada de 0.34 meses. Este resultado describe el periodo y no a la persona.,train,2.03,90.92,2.62,0.0,4.42,0.0,0.0
VEN_0122_2,PERF_0122,2026-05-31,2026-04-01,2026-05-31,situacion_critica,situacion_critica,en_riesgo,calculado,99.74,baja,fijo,True,alta,evidencia_temporal_disponible,balance_negativo,ninguna_relevante_para_el_periodo,La ventana entre 2026-04-01 y 2026-05-31 muestra un balance de -14923000 COP y una cobertura estimada de 0.00 meses. Este resultado describe el periodo y no a la persona.,train,99.74,0.26,0.0,0.0,0.0,0.0,0.0
VEN_0122_3,PERF_0122,2026-06-30,2026-04-01,2026-06-30,situacion_critica,situacion_critica,en_riesgo,calculado,98.25,baja,fijo,True,alta,evidencia_temporal_disponible,balance_negativo,ninguna_relevante_para_el_periodo,La ventana entre 2026-04-01 y 2026-06-30 muestra un balance de -19179000 COP y una cobertura estimada de 0.00 meses. Este resultado describe el periodo y no a la persona.,train,98.25,1.62,0.13,0.0,0.0,0.0,0.0
VEN_0123_1,PERF_0123,2026-04-30,2026-04-01,2026-04-30,acumulacion_estable,acumulacion_estable,saludable,calculado,96.12,baja,variable,True,alta,balance_no_negativo,sin_factor_dominante,ninguna_relevante_para_el_periodo,La ventana entre 2026-04-01 y 2026-04-30 muestra un balance de 1045000 COP y una cobertura estimada de 8.63 meses. Este resultado describe el periodo y no a la persona.,train,0.0,0.0,0.0,96.12,0.0,2.46,1.41
VEN_0123_2,PERF_0123,2026-05-31,2026-04-01,2026-05-31,deterioro_reciente,deterioro_reciente,en_observacion,calculado,83.96,baja,variable,True,alta,evidencia_temporal_disponible,balance_negativo,ninguna_relevante_para_el_periodo,La ventana entre 2026-04-01 y 2026-05-31 muestra un balance de -3586000 COP y una cobertura estimada de 2.65 meses. Este resultado describe el periodo y no a la persona.,train,0.13,2.1,13.61,0.0,83.96,0.2,0.0
VEN_0123_3,PERF_0123,2026-06-30,2026-04-01,2026-06-30,fragilidad_sostenida,fragilidad_sostenida,en_riesgo,calculado,68.29,media,variable,True,alta,evidencia_temporal_disponible,balance_negativo,ninguna_relevante_para_el_periodo,La ventana entre 2026-04-01 y 2026-06-30 muestra un balance de -8803000 COP y una cobertura estimada de 1.10 meses. Este resultado describe el periodo y no a la persona.,train,1.2,68.29,4.29,0.0,26.22,0.0,0.0
VEN_0124_1,PERF_0124,2026-04-30,2026-04-01,2026-04-30,uso_planificado_reserva,uso_planificado_reserva,en_observacion,calculado,84.99,baja,mixto,True,alta,evidencia_temporal_disponible,balance_negativo,ninguna_relevante_para_el_periodo,La ventana entre 2026-04-01 y 2026-04-30 muestra un balance de -1490000 COP y una cobertura estimada de 1.24 meses. Este resultado describe el periodo y no a la persona.,train,0.17,10.95,84.99,0.0,2.19,1.69,0.0
VEN_0124_2,PERF_0124,2026-05-31,2026-04-01,2026-05-31,variable_resiliente,variable_resiliente,saludable,calculado,88.27,baja,mixto,True,alta,balance_no_negativo,sin_factor_dominante,ninguna_relevante_para_el_periodo,La ventana entre 2026-04-01 y 2026-05-31 muestra un balance de 493000 COP y una cobertura estimada de 1.89 meses. Este resultado describe el periodo y no a la persona.,train,0.0,0.51,0.2,0.41,0.0,10.6,88.27
VEN_0124_3,PERF_0124,2026-06-30,2026-04-01,2026-06-30,fragilidad_sostenida,fragilidad_sostenida,en_riesgo,calculado,71.29,media,mixto,True,alta,evidencia_temporal_disponible,balance_negativo,ninguna_relevante_para_el_periodo,La ventana entre 2026-04-01 y 2026-06-30 muestra un balance de -2176000 COP y una cobertura estimada de 0.97 meses. Este resultado describe el periodo y no a la persona.,train,0.35,71.29,21.43,1.05,3.36,1.89,0.63
VEN_0125_1,PERF_0125,2026-04-30,2026-04-01,2026-04-30,situacion_critica,situacion_critica,en_riesgo,calculado,98.89,baja,variable,False,alta,evidencia_temporal_disponible,balance_negativo,ninguna_relevante_para_el_periodo,La ventana entre 2026-04-01 y 2026-04-30 muestra un balance de -3425000 COP y una cobertura estimada de 0.00 meses. Este resultado describe el periodo y no a la persona.,train,98.89,0.58,0.35,0.0,0.18,0.0,0.0
VEN_0125_2,PERF_0125,2026-05-31,2026-04-01,2026-05-31,situacion_critica,situacion_critica,en_riesgo,calculado,98.01,baja,variable,False,alta,evidencia_temporal_disponible,balance_negativo,ninguna_relevante_para_el_periodo,La ventana entre 2026-04-01 y 2026-05-31 muestra un balance de -10811000 COP y una cobertura estimada de 0.00 meses. Este resultado describe el periodo y no a la persona.,train,98.01,1.14,0.34,0.0,0.51,0.0,0.0
VEN_0125_3,PERF_0125,2026-06-30,2026-04-01,2026-06-30,situacion_critica,situacion_critica,en_riesgo,calculado,100.0,baja,variable,False,alta,evidencia_temporal_disponible,balance_negativo,ninguna_relevante_para_el_periodo,La ventana entre 2026-04-01 y 2026-06-30 muestra un balance de -17887000 COP y una cobertura estimada de 0.00 meses. Este resultado describe el periodo y no a la persona.,train,100.0,0.0,0.0,0.0,0.0,0.0,0.0
VEN_0126_1,PERF_0126,2026-04-30,2026-04-01,2026-04-30,situacion_critica,situacion_critica,en_riesgo,calculado,99.58,baja,mixto,False,alta,evidencia_temporal_disponible,balance_negativo,ninguna_relevante_para_el_periodo,La ventana entre 2026-04-01 y 2026-04-30 muestra un balance de -6925000 COP y una cobertura estimada de 0.00 meses. Este resultado describe el periodo y no a la persona.,train,99.58,0.17,0.07,0.0,0.18,0.0,0.0
VEN_0126_2,PERF_0126,2026-05-31,2026-04-01,2026-05-31,situacion_critica,situacion_critica,en_riesgo,calculado,100.0,baja,mixto,False,alta,evidencia_temporal_disponible,balance_negativo,ninguna_relevante_para_el_periodo,La ventana entre 2026-04-01 y 2026-05-31 muestra un balance de -16847000 COP y una cobertura estimada de 0.00 meses. Este resultado describe el periodo y no a la persona.,train,100.0,0.0,0.0,0.0,0.0,0.0,0.0
VEN_0126_3,PERF_0126,2026-06-30,2026-04-01,2026-06-30,situacion_critica,situacion_critica,en_riesgo,calculado,100.0,baja,mixto,False,alta,evidencia_temporal_disponible,balance_negativo,ninguna_relevante_para_el_periodo,La ventana entre 2026-04-01 y 2026-06-30 muestra un balance de -26793000 COP y una cobertura estimada de 0.00 meses. Este resultado describe el periodo y no a la persona.,train,100.0,0.0,0.0,0.0,0.0,0.0,0.0
VEN_0127_1,PERF_0127,2026-04-30,2026-04-01,2026-04-30,acumulacion_estable,acumulacion_estable,saludable,calculado,77.99,baja,mixto,True,alta,balance_no_negativo,sin_factor_dominante,ninguna_relevante_para_el_periodo,La ventana entre 2026-04-01 y 2026-04-30 muestra un balance de 633000 COP y una cobertura estimada de 4.02 meses. Este resultado describe el periodo y no a la persona.,train,0.0,0.0,0.24,77.99,0.0,18.63,3.14
VEN_0127_2,PERF_0127,2026-05-31,2026-04-01,2026-05-31,variable_resiliente,variable_resiliente,saludable,calculado,99.92,baja,mixto,True,alta,balance_no_negativo,sin_factor_dominante,ninguna_relevante_para_el_periodo,La ventana entre 2026-04-01 y 2026-05-31 muestra un balance de 5248000 COP y una cobertura estimada de 6.27 meses. Este resultado describe el periodo y no a la persona.,train,0.0,0.0,0.0,0.03,0.0,0.05,99.92
VEN_0127_3,PERF_0127,2026-06-30,2026-04-01,2026-06-30,variable_resiliente,variable_resiliente,saludable,calculado,83.62,baja,mixto,True,alta,balance_no_negativo,sin_factor_dominante,ninguna_relevante_para_el_periodo,La ventana entre 2026-04-01 y 2026-06-30 muestra un balance de 8678000 COP y una cobertura estimada de 7.45 meses. Este resultado describe el periodo y no a la persona.,train,0.0,0.14,0.36,14.67,0.0,1.21,83.62
VEN_0128_1,PERF_0128,2026-04-30,2026-04-01,2026-04-30,uso_planificado_reserva,estado_incierto,no_disponible,requiere_confirmacion,97.15,alta,fijo,False,alta,evidencia_temporal_disponible,balance_negativo,ninguna_relevante_para_el_periodo,La ventana entre 2026-04-01 y 2026-04-30 muestra un balance de -6945000 COP y una cobertura estimada de 2.79 meses. Este resultado describe el periodo y no a la persona.,train,0.35,2.21,97.15,0.0,0.29,0.0,0.0
VEN_0128_2,PERF_0128,2026-05-31,2026-04-01,2026-05-31,fragilidad_sostenida,fragilidad_sostenida,en_riesgo,calculado,94.62,baja,fijo,False,alta,evidencia_temporal_disponible,balance_negativo,ninguna_relevante_para_el_periodo,La ventana entre 2026-04-01 y 2026-05-31 muestra un balance de -13890000 COP y una cobertura estimada de 0.78 meses. Este resultado describe el periodo y no a la persona.,train,1.07,94.62,1.16,0.0,3.15,0.0,0.0
VEN_0128_3,PERF_0128,2026-06-30,2026-04-01,2026-06-30,situacion_critica,situacion_critica,en_riesgo,calculado,99.31,baja,fijo,False,alta,evidencia_temporal_disponible,balance_negativo,ninguna_relevante_para_el_periodo,La ventana entre 2026-04-01 y 2026-06-30 muestra un balance de -20835000 COP y una cobertura estimada de 0.00 meses. Este resultado describe el periodo y no a la persona.,train,99.31,0.56,0.13,0.0,0.0,0.0,0.0
VEN_0129_1,PERF_0129,2026-04-30,2026-04-01,2026-04-30,acumulacion_estable,acumulacion_estable,saludable,calculado,90.24,baja,variable,True,alta,balance_no_negativo,sin_factor_dominante,ninguna_relevante_para_el_periodo,La ventana entre 2026-04-01 y 2026-04-30 muestra un balance de 547000 COP y una cobertura estimada de 4.62 meses. Este resultado describe el periodo y no a la persona.,train,0.0,0.0,0.08,90.24,0.12,8.12,1.44
VEN_0129_2,PERF_0129,2026-05-31,2026-04-01,2026-05-31,uso_planificado_reserva,uso_planificado_reserva,en_observacion,calculado,60.74,media,variable,True,alta,evidencia_temporal_disponible,balance_negativo,ninguna_relevante_para_el_periodo,La ventana entre 2026-04-01 y 2026-05-31 muestra un balance de -1457000 COP y una cobertura estimada de 2.63 meses. Este resultado describe el periodo y no a la persona.,train,0.08,4.96,60.74,0.62,32.43,0.58,0.59
VEN_0129_3,PERF_0129,2026-06-30,2026-04-01,2026-06-30,uso_planificado_reserva,uso_planificado_reserva,en_observacion,calculado,84.1,baja,variable,True,alta,evidencia_temporal_disponible,balance_negativo,ninguna_relevante_para_el_periodo,La ventana entre 2026-04-01 y 2026-06-30 muestra un balance de -3320000 COP y una cobertura estimada de 2.10 meses. Este resultado describe el periodo y no a la persona.,train,0.38,4.96,84.1,0.0,10.04,0.33,0.2
VEN_0130_1,PERF_0130,2026-04-30,2026-04-01,2026-04-30,uso_planificado_reserva,uso_planificado_reserva,en_observacion,calculado,99.6,baja,fijo,True,alta,evidencia_temporal_disponible,balance_negativo,ninguna_relevante_para_el_periodo,La ventana entre 2026-04-01 y 2026-04-30 muestra un balance de -3358000 COP y una cobertura estimada de 4.70 meses. Este resultado describe el periodo y no a la persona.,train,0.0,0.04,99.6,0.2,0.16,0.0,0.0
VEN_0130_2,PERF_0130,2026-05-31,2026-04-01,2026-05-31,deterioro_reciente,deterioro_reciente,en_observacion,calculado,77.08,baja,fijo,True,alta,evidencia_temporal_disponible,balance_negativo,ninguna_relevante_para_el_periodo,La ventana entre 2026-04-01 y 2026-05-31 muestra un balance de -13331000 COP y una cobertura estimada de 0.72 meses. Este resultado describe el periodo y no a la persona.,train,1.23,21.28,0.42,0.0,77.08,0.0,0.0
VEN_0130_3,PERF_0130,2026-06-30,2026-04-01,2026-06-30,situacion_critica,situacion_critica,en_riesgo,calculado,100.0,baja,fijo,True,alta,evidencia_temporal_disponible,balance_negativo,ninguna_relevante_para_el_periodo,La ventana entre 2026-04-01 y 2026-06-30 muestra un balance de -22840000 COP y una cobertura estimada de 0.00 meses. Este resultado describe el periodo y no a la persona.,train,100.0,0.0,0.0,0.0,0.0,0.0,0.0
VEN_0131_1,PERF_0131,2026-04-30,2026-04-01,2026-04-30,uso_planificado_reserva,uso_planificado_reserva,en_observacion,calculado,99.37,baja,fijo,True,alta,evidencia_temporal_disponible,balance_negativo,ninguna_relevante_para_el_periodo,La ventana entre 2026-04-01 y 2026-04-30 muestra un balance de -7903000 COP y una cobertura estimada de 2.31 meses. Este resultado describe el periodo y no a la persona.,train,0.0,0.43,99.37,0.0,0.2,0.0,0.0
VEN_0131_2,PERF_0131,2026-05-31,2026-04-01,2026-05-31,fragilidad_sostenida,fragilidad_sostenida,en_riesgo,calculado,96.31,baja,fijo,True,alta,evidencia_temporal_disponible,balance_negativo,ninguna_relevante_para_el_periodo,La ventana entre 2026-04-01 y 2026-05-31 muestra un balance de -15141000 COP y una cobertura estimada de 1.17 meses. Este resultado describe el periodo y no a la persona.,train,0.52,96.31,1.88,0.0,1.23,0.06,0.0
VEN_0131_3,PERF_0131,2026-06-30,2026-04-01,2026-06-30,situacion_critica,situacion_critica,en_riesgo,calculado,99.87,baja,fijo,True,alta,evidencia_temporal_disponible,balance_negativo,ninguna_relevante_para_el_periodo,La ventana entre 2026-04-01 y 2026-06-30 muestra un balance de -27526000 COP y una cobertura estimada de 0.00 meses. Este resultado describe el periodo y no a la persona.,train,99.87,0.0,0.13,0.0,0.0,0.0,0.0
VEN_0132_1,PERF_0132,2026-04-30,2026-04-01,2026-04-30,situacion_critica,situacion_critica,en_riesgo,calculado,98.89,baja,sin_ingresos,True,alta,evidencia_temporal_disponible,balance_negativo,motivo_de_periodos_sin_ingreso,La ventana entre 2026-04-01 y 2026-04-30 muestra un balance de -6583000 COP y una cobertura estimada de 0.00 meses. Este resultado describe el periodo y no a la persona.,test,98.89,0.71,0.4,0.0,0.0,0.0,0.0
VEN_0132_2,PERF_0132,2026-05-31,2026-04-01,2026-05-31,situacion_critica,situacion_critica,en_riesgo,calculado,98.94,baja,sin_ingresos,True,alta,evidencia_temporal_disponible,balance_negativo,motivo_de_periodos_sin_ingreso,La ventana entre 2026-04-01 y 2026-05-31 muestra un balance de -15763000 COP y una cobertura estimada de 0.00 meses. Este resultado describe el periodo y no a la persona.,test,98.94,0.23,0.14,0.0,0.69,0.0,0.0
VEN_0132_3,PERF_0132,2026-06-30,2026-04-01,2026-06-30,situacion_critica,situacion_critica,en_riesgo,calculado,99.85,baja,sin_ingresos,True,alta,evidencia_temporal_disponible,balance_negativo,motivo_de_periodos_sin_ingreso,La ventana entre 2026-04-01 y 2026-06-30 muestra un balance de -24590000 COP y una cobertura estimada de 0.00 meses. Este resultado describe el periodo y no a la persona.,test,99.85,0.15,0.0,0.0,0.0,0.0,0.0
VEN_0133_1,PERF_0133,2026-04-30,2026-04-01,2026-04-30,situacion_critica,situacion_critica,en_riesgo,calculado,100.0,baja,estacional,False,alta,evidencia_temporal_disponible,balance_negativo,ninguna_relevante_para_el_periodo,La ventana entre 2026-04-01 y 2026-04-30 muestra un balance de -7689000 COP y una cobertura estimada de 0.00 meses. Este resultado describe el periodo y no a la persona.,test,100.0,0.0,0.0,0.0,0.0,0.0,0.0
VEN_0133_2,PERF_0133,2026-05-31,2026-04-01,2026-05-31,situacion_critica,situacion_critica,en_riesgo,calculado,98.19,baja,estacional,False,alta,evidencia_temporal_disponible,balance_negativo,motivo_de_periodos_sin_ingreso,La ventana entre 2026-04-01 y 2026-05-31 muestra un balance de -21214000 COP y una cobertura estimada de 0.00 meses. Este resultado describe el periodo y no a la persona.,test,98.19,1.32,0.14,0.0,0.35,0.0,0.0
VEN_0133_3,PERF_0133,2026-06-30,2026-04-01,2026-06-30,situacion_critica,situacion_critica,en_riesgo,calculado,99.83,baja,estacional,False,alta,evidencia_temporal_disponible,balance_negativo,motivo_de_periodos_sin_ingreso,La ventana entre 2026-04-01 y 2026-06-30 muestra un balance de -32063000 COP y una cobertura estimada de 0.00 meses. Este resultado describe el periodo y no a la persona.,test,99.83,0.04,0.13,0.0,0.0,0.0,0.0
VEN_0134_1,PERF_0134,2026-04-30,2026-04-01,2026-04-30,equilibrio_sostenible,equilibrio_sostenible,saludable,calculado,72.49,media,variable,True,alta,balance_no_negativo,sin_factor_dominante,ninguna_relevante_para_el_periodo,La ventana entre 2026-04-01 y 2026-04-30 muestra un balance de 1793000 COP y una cobertura estimada de 2.93 meses. Este resultado describe el periodo y no a la persona.,train,0.0,0.0,0.0,27.29,0.11,72.49,0.1
VEN_0134_2,PERF_0134,2026-05-31,2026-04-01,2026-05-31,acumulacion_estable,acumulacion_estable,saludable,calculado,96.39,baja,variable,True,alta,balance_no_negativo,sin_factor_dominante,ninguna_relevante_para_el_periodo,La ventana entre 2026-04-01 y 2026-05-31 muestra un balance de 3804000 COP y una cobertura estimada de 3.98 meses. Este resultado describe el periodo y no a la persona.,train,0.0,0.0,0.0,96.39,0.0,2.03,1.57
VEN_0134_3,PERF_0134,2026-06-30,2026-04-01,2026-06-30,acumulacion_estable,acumulacion_estable,saludable,calculado,99.12,baja,variable,True,alta,balance_no_negativo,sin_factor_dominante,ninguna_relevante_para_el_periodo,La ventana entre 2026-04-01 y 2026-06-30 muestra un balance de 5615000 COP y una cobertura estimada de 5.24 meses. Este resultado describe el periodo y no a la persona.,train,0.0,0.0,0.0,99.12,0.0,0.56,0.31
VEN_0135_1,PERF_0135,2026-04-30,2026-04-01,2026-04-30,uso_planificado_reserva,uso_planificado_reserva,en_observacion,calculado,97.87,baja,sin_ingresos,True,alta,evidencia_temporal_disponible,balance_negativo,motivo_de_periodos_sin_ingreso,La ventana entre 2026-04-01 y 2026-04-30 muestra un balance de -2825000 COP y una cobertura estimada de 2.45 meses. Este resultado describe el periodo y no a la persona.,train,0.08,2.05,97.87,0.0,0.0,0.0,0.0
VEN_0135_2,PERF_0135,2026-05-31,2026-04-01,2026-05-31,fragilidad_sostenida,fragilidad_sostenida,en_riesgo,calculado,94.26,baja,sin_ingresos,True,alta,evidencia_temporal_disponible,balance_negativo,motivo_de_periodos_sin_ingreso,La ventana entre 2026-04-01 y 2026-05-31 muestra un balance de -5650000 COP y una cobertura estimada de 0.81 meses. Este resultado describe el periodo y no a la persona.,train,0.96,94.26,1.32,0.0,3.47,0.0,0.0
VEN_0135_3,PERF_0135,2026-06-30,2026-04-01,2026-06-30,situacion_critica,situacion_critica,en_riesgo,calculado,100.0,baja,sin_ingresos,True,alta,evidencia_temporal_disponible,balance_negativo,motivo_de_periodos_sin_ingreso,La ventana entre 2026-04-01 y 2026-06-30 muestra un balance de -8475000 COP y una cobertura estimada de 0.00 meses. Este resultado describe el periodo y no a la persona.,train,100.0,0.0,0.0,0.0,0.0,0.0,0.0
VEN_0136_1,PERF_0136,2026-04-30,2026-04-01,2026-04-30,equilibrio_sostenible,equilibrio_sostenible,saludable,calculado,88.02,baja,variable,False,alta,balance_no_negativo,sin_factor_dominante,ninguna_relevante_para_el_periodo,La ventana entre 2026-04-01 y 2026-04-30 muestra un balance de 65000 COP y una cobertura estimada de 2.76 meses. Este resultado describe el periodo y no a la persona.,train,0.22,0.24,1.21,7.3,1.13,88.02,1.88
VEN_0136_2,PERF_0136,2026-05-31,2026-04-01,2026-05-31,variable_resiliente,variable_resiliente,saludable,calculado,96.52,baja,variable,False,alta,balance_no_negativo,sin_factor_dominante,ninguna_relevante_para_el_periodo,La ventana entre 2026-04-01 y 2026-05-31 muestra un balance de 2932000 COP y una cobertura estimada de 5.01 meses. Este resultado describe el periodo y no a la persona.,train,0.0,0.43,0.13,2.02,0.0,0.9,96.52
VEN_0136_3,PERF_0136,2026-06-30,2026-04-01,2026-06-30,variable_resiliente,variable_resiliente,saludable,calculado,94.52,baja,variable,False,alta,balance_no_negativo,sin_factor_dominante,ninguna_relevante_para_el_periodo,La ventana entre 2026-04-01 y 2026-06-30 muestra un balance de 5810000 COP y una cobertura estimada de 7.26 meses. Este resultado describe el periodo y no a la persona.,train,0.0,0.47,0.19,3.47,0.0,1.36,94.52
VEN_0137_1,PERF_0137,2026-04-30,2026-04-01,2026-04-30,uso_planificado_reserva,estado_incierto,no_disponible,requiere_confirmacion,99.59,alta,fijo,False,alta,evidencia_temporal_disponible,balance_negativo,ninguna_relevante_para_el_periodo,La ventana entre 2026-04-01 y 2026-04-30 muestra un balance de -1856000 COP y una cobertura estimada de 8.22 meses. Este resultado describe el periodo y no a la persona.,train,0.0,0.04,99.59,0.37,0.0,0.0,0.0
VEN_0137_2,PERF_0137,2026-05-31,2026-04-01,2026-05-31,deterioro_reciente,deterioro_reciente,en_observacion,calculado,86.15,baja,fijo,False,alta,evidencia_temporal_disponible,balance_negativo,ninguna_relevante_para_el_periodo,La ventana entre 2026-04-01 y 2026-05-31 muestra un balance de -7552000 COP y una cobertura estimada de 1.34 meses. Este resultado describe el periodo y no a la persona.,train,1.44,12.07,0.34,0.0,86.15,0.0,0.0
VEN_0137_3,PERF_0137,2026-06-30,2026-04-01,2026-06-30,situacion_critica,situacion_critica,en_riesgo,calculado,99.63,baja,fijo,False,alta,evidencia_temporal_disponible,balance_negativo,ninguna_relevante_para_el_periodo,La ventana entre 2026-04-01 y 2026-06-30 muestra un balance de -13248000 COP y una cobertura estimada de 0.00 meses. Este resultado describe el periodo y no a la persona.,train,99.63,0.04,0.0,0.0,0.33,0.0,0.0
VEN_0138_1,PERF_0138,2026-04-30,2026-04-01,2026-04-30,uso_planificado_reserva,uso_planificado_reserva,en_observacion,calculado,97.95,baja,sin_ingresos,True,alta,evidencia_temporal_disponible,balance_negativo,motivo_de_periodos_sin_ingreso,La ventana entre 2026-04-01 y 2026-04-30 muestra un balance de -3845000 COP y una cobertura estimada de 3.62 meses. Este resultado describe el periodo y no a la persona.,train,0.09,1.38,97.95,0.31,0.14,0.13,0.0
VEN_0138_2,PERF_0138,2026-05-31,2026-04-01,2026-05-31,fragilidad_sostenida,fragilidad_sostenida,en_riesgo,calculado,90.91,baja,sin_ingresos,True,alta,evidencia_temporal_disponible,balance_negativo,motivo_de_periodos_sin_ingreso,La ventana entre 2026-04-01 y 2026-05-31 muestra un balance de -7690000 COP y una cobertura estimada de 1.60 meses. Este resultado describe el periodo y no a la persona.,train,0.78,90.91,3.8,0.0,4.36,0.16,0.0
VEN_0138_3,PERF_0138,2026-06-30,2026-04-01,2026-06-30,situacion_critica,situacion_critica,en_riesgo,calculado,100.0,baja,sin_ingresos,True,alta,evidencia_temporal_disponible,balance_negativo,motivo_de_periodos_sin_ingreso,La ventana entre 2026-04-01 y 2026-06-30 muestra un balance de -13275000 COP y una cobertura estimada de 0.00 meses. Este resultado describe el periodo y no a la persona.,train,100.0,0.0,0.0,0.0,0.0,0.0,0.0
VEN_0139_1,PERF_0139,2026-04-30,2026-04-01,2026-04-30,situacion_critica,situacion_critica,en_riesgo,calculado,98.72,baja,apoyo,False,alta,evidencia_temporal_disponible,balance_negativo,motivo_de_periodos_sin_ingreso,La ventana entre 2026-04-01 y 2026-04-30 muestra un balance de -2038000 COP y una cobertura estimada de 0.00 meses. Este resultado describe el periodo y no a la persona.,train,98.72,0.58,0.7,0.0,0.0,0.0,0.0
VEN_0139_2,PERF_0139,2026-05-31,2026-04-01,2026-05-31,situacion_critica,situacion_critica,en_riesgo,calculado,99.79,baja,apoyo,False,alta,evidencia_temporal_disponible,balance_negativo,motivo_de_periodos_sin_ingreso,La ventana entre 2026-04-01 y 2026-05-31 muestra un balance de -4778000 COP y una cobertura estimada de 0.00 meses. Este resultado describe el periodo y no a la persona.,train,99.79,0.04,0.0,0.0,0.18,0.0,0.0
VEN_0139_3,PERF_0139,2026-06-30,2026-04-01,2026-06-30,situacion_critica,situacion_critica,en_riesgo,calculado,99.96,baja,apoyo,False,alta,evidencia_temporal_disponible,balance_negativo,motivo_de_periodos_sin_ingreso,La ventana entre 2026-04-01 y 2026-06-30 muestra un balance de -7518000 COP y una cobertura estimada de 0.00 meses. Este resultado describe el periodo y no a la persona.,train,99.96,0.04,0.0,0.0,0.0,0.0,0.0
VEN_0140_1,PERF_0140,2026-04-30,2026-04-01,2026-04-30,situacion_critica,situacion_critica,en_riesgo,calculado,99.31,baja,fijo,False,alta,evidencia_temporal_disponible,balance_negativo,ninguna_relevante_para_el_periodo,La ventana entre 2026-04-01 y 2026-04-30 muestra un balance de -4108000 COP y una cobertura estimada de 0.00 meses. Este resultado describe el periodo y no a la persona.,test,99.31,0.37,0.32,0.0,0.0,0.0,0.0
VEN_0140_2,PERF_0140,2026-05-31,2026-04-01,2026-05-31,situacion_critica,situacion_critica,en_riesgo,calculado,99.1,baja,fijo,False,alta,evidencia_temporal_disponible,balance_negativo,ninguna_relevante_para_el_periodo,La ventana entre 2026-04-01 y 2026-05-31 muestra un balance de -9427000 COP y una cobertura estimada de 0.00 meses. Este resultado describe el periodo y no a la persona.,test,99.1,0.2,0.0,0.0,0.7,0.0,0.0
VEN_0140_3,PERF_0140,2026-06-30,2026-04-01,2026-06-30,situacion_critica,situacion_critica,en_riesgo,calculado,99.47,baja,fijo,False,alta,evidencia_temporal_disponible,balance_negativo,ninguna_relevante_para_el_periodo,La ventana entre 2026-04-01 y 2026-06-30 muestra un balance de -14746000 COP y una cobertura estimada de 0.00 meses. Este resultado describe el periodo y no a la persona.,test,99.47,0.2,0.0,0.0,0.33,0.0,0.0
VEN_0141_1,PERF_0141,2026-04-30,2026-04-01,2026-04-30,uso_planificado_reserva,uso_planificado_reserva,en_observacion,calculado,97.23,baja,mixto,True,alta,evidencia_temporal_disponible,balance_negativo,ninguna_relevante_para_el_periodo,La ventana entre 2026-04-01 y 2026-04-30 muestra un balance de -1713000 COP y una cobertura estimada de 4.41 meses. Este resultado describe el periodo y no a la persona.,train,0.16,0.68,97.23,1.0,0.93,0.0,0.0
VEN_0141_2,PERF_0141,2026-05-31,2026-04-01,2026-05-31,variable_resiliente,variable_resiliente,saludable,calculado,97.65,baja,mixto,True,alta,balance_no_negativo,sin_factor_dominante,ninguna_relevante_para_el_periodo,La ventana entre 2026-04-01 y 2026-05-31 muestra un balance de 4890000 COP y una cobertura estimada de 5.81 meses. Este resultado describe el periodo y no a la persona.,train,0.0,0.0,0.17,1.76,0.0,0.43,97.65
VEN_0141_3,PERF_0141,2026-06-30,2026-04-01,2026-06-30,variable_resiliente,variable_resiliente,saludable,calculado,99.28,baja,mixto,True,alta,balance_no_negativo,sin_factor_dominante,ninguna_relevante_para_el_periodo,La ventana entre 2026-04-01 y 2026-06-30 muestra un balance de 11012000 COP y una cobertura estimada de 7.38 meses. Este resultado describe el periodo y no a la persona.,train,0.0,0.04,0.0,0.49,0.0,0.19,99.28
VEN_0142_1,PERF_0142,2026-04-30,2026-04-01,2026-04-30,fragilidad_sostenida,fragilidad_sostenida,en_riesgo,calculado,93.47,baja,sin_ingresos,True,alta,evidencia_temporal_disponible,balance_negativo,motivo_de_periodos_sin_ingreso,La ventana entre 2026-04-01 y 2026-04-30 muestra un balance de -6660000 COP y una cobertura estimada de 0.75 meses. Este resultado describe el periodo y no a la persona.,train,0.97,93.47,2.53,0.0,3.03,0.0,0.0
VEN_0142_2,PERF_0142,2026-05-31,2026-04-01,2026-05-31,situacion_critica,situacion_critica,en_riesgo,calculado,99.76,baja,sin_ingresos,True,alta,evidencia_temporal_disponible,balance_negativo,motivo_de_periodos_sin_ingreso,La ventana entre 2026-04-01 y 2026-05-31 muestra un balance de -13320000 COP y una cobertura estimada de 0.00 meses. Este resultado describe el periodo y no a la persona.,train,99.76,0.24,0.0,0.0,0.0,0.0,0.0
VEN_0142_3,PERF_0142,2026-06-30,2026-04-01,2026-06-30,situacion_critica,situacion_critica,en_riesgo,calculado,100.0,baja,sin_ingresos,True,alta,evidencia_temporal_disponible,balance_negativo,motivo_de_periodos_sin_ingreso,La ventana entre 2026-04-01 y 2026-06-30 muestra un balance de -19980000 COP y una cobertura estimada de 0.00 meses. Este resultado describe el periodo y no a la persona.,train,100.0,0.0,0.0,0.0,0.0,0.0,0.0
VEN_0143_1,PERF_0143,2026-04-30,2026-04-01,2026-04-30,acumulacion_estable,acumulacion_estable,saludable,calculado,90.38,baja,variable,True,alta,balance_no_negativo,sin_factor_dominante,ninguna_relevante_para_el_periodo,La ventana entre 2026-04-01 y 2026-04-30 muestra un balance de 548000 COP y una cobertura estimada de 5.15 meses. Este resultado describe el periodo y no a la persona.,validation,0.0,0.0,0.1,90.38,0.0,7.92,1.6
VEN_0143_2,PERF_0143,2026-05-31,2026-04-01,2026-05-31,uso_planificado_reserva,uso_planificado_reserva,en_observacion,calculado,75.7,baja,variable,True,alta,evidencia_temporal_disponible,balance_negativo,ninguna_relevante_para_el_periodo,La ventana entre 2026-04-01 y 2026-05-31 muestra un balance de -1547000 COP y una cobertura estimada de 4.16 meses. Este resultado describe el periodo y no a la persona.,validation,0.06,6.19,75.7,2.94,13.95,0.14,1.02
VEN_0143_3,PERF_0143,2026-06-30,2026-04-01,2026-06-30,variable_resiliente,variable_resiliente,saludable,calculado,94.4,baja,variable,True,alta,balance_no_negativo,sin_factor_dominante,ninguna_relevante_para_el_periodo,La ventana entre 2026-04-01 y 2026-06-30 muestra un balance de 2246000 COP y una cobertura estimada de 5.96 meses. Este resultado describe el periodo y no a la persona.,validation,0.0,0.06,0.21,4.88,0.0,0.45,94.4
VEN_0144_1,PERF_0144,2026-04-30,2026-04-01,2026-04-30,uso_planificado_reserva,uso_planificado_reserva,en_observacion,calculado,99.65,baja,fijo,True,alta,evidencia_temporal_disponible,balance_negativo,ninguna_relevante_para_el_periodo,La ventana entre 2026-04-01 y 2026-04-30 muestra un balance de -2829000 COP y una cobertura estimada de 2.89 meses. Este resultado describe el periodo y no a la persona.,train,0.0,0.35,99.65,0.0,0.0,0.0,0.0
VEN_0144_2,PERF_0144,2026-05-31,2026-04-01,2026-05-31,situacion_critica,situacion_critica,en_riesgo,calculado,94.74,baja,fijo,True,alta,evidencia_temporal_disponible,balance_negativo,ninguna_relevante_para_el_periodo,La ventana entre 2026-04-01 y 2026-05-31 muestra un balance de -11083000 COP y una cobertura estimada de 0.00 meses. Este resultado describe el periodo y no a la persona.,train,94.74,2.36,0.0,0.0,2.9,0.0,0.0
VEN_0144_3,PERF_0144,2026-06-30,2026-04-01,2026-06-30,situacion_critica,situacion_critica,en_riesgo,calculado,99.52,baja,fijo,True,alta,evidencia_temporal_disponible,balance_negativo,ninguna_relevante_para_el_periodo,La ventana entre 2026-04-01 y 2026-06-30 muestra un balance de -19337000 COP y una cobertura estimada de 0.00 meses. Este resultado describe el periodo y no a la persona.,train,99.52,0.48,0.0,0.0,0.0,0.0,0.0
VEN_0145_1,PERF_0145,2026-04-30,2026-04-01,2026-04-30,fragilidad_sostenida,fragilidad_sostenida,en_riesgo,calculado,86.86,baja,apoyo,True,alta,evidencia_temporal_disponible,balance_negativo,motivo_de_periodos_sin_ingreso,La ventana entre 2026-04-01 y 2026-04-30 muestra un balance de -1461000 COP y una cobertura estimada de 0.64 meses. Este resultado describe el periodo y no a la persona.,test,4.14,86.86,6.51,0.0,2.34,0.16,0.0
VEN_0145_2,PERF_0145,2026-05-31,2026-04-01,2026-05-31,situacion_critica,situacion_critica,en_riesgo,calculado,98.69,baja,apoyo,True,alta,evidencia_temporal_disponible,balance_negativo,motivo_de_periodos_sin_ingreso,La ventana entre 2026-04-01 y 2026-05-31 muestra un balance de -2922000 COP y una cobertura estimada de 0.00 meses. Este resultado describe el periodo y no a la persona.,test,98.69,0.64,0.67,0.0,0.0,0.0,0.0
VEN_0145_3,PERF_0145,2026-06-30,2026-04-01,2026-06-30,situacion_critica,situacion_critica,en_riesgo,calculado,99.7,baja,apoyo,True,alta,evidencia_temporal_disponible,balance_negativo,motivo_de_periodos_sin_ingreso,La ventana entre 2026-04-01 y 2026-06-30 muestra un balance de -5271000 COP y una cobertura estimada de 0.00 meses. Este resultado describe el periodo y no a la persona.,test,99.7,0.3,0.0,0.0,0.0,0.0,0.0
VEN_0146_1,PERF_0146,2026-04-30,2026-04-01,2026-04-30,situacion_critica,situacion_critica,en_riesgo,calculado,99.32,baja,fijo,True,alta,evidencia_temporal_disponible,balance_negativo,ninguna_relevante_para_el_periodo,La ventana entre 2026-04-01 y 2026-04-30 muestra un balance de -9413000 COP y una cobertura estimada de 0.00 meses. Este resultado describe el periodo y no a la persona.,train,99.32,0.68,0.0,0.0,0.0,0.0,0.0
VEN_0146_2,PERF_0146,2026-05-31,2026-04-01,2026-05-31,situacion_critica,situacion_critica,en_riesgo,calculado,99.81,baja,fijo,True,alta,evidencia_temporal_disponible,balance_negativo,ninguna_relevante_para_el_periodo,La ventana entre 2026-04-01 y 2026-05-31 muestra un balance de -21679000 COP y una cobertura estimada de 0.00 meses. Este resultado describe el periodo y no a la persona.,train,99.81,0.0,0.0,0.0,0.19,0.0,0.0
VEN_0146_3,PERF_0146,2026-06-30,2026-04-01,2026-06-30,situacion_critica,situacion_critica,en_riesgo,calculado,99.37,baja,fijo,True,alta,evidencia_temporal_disponible,balance_negativo,ninguna_relevante_para_el_periodo,La ventana entre 2026-04-01 y 2026-06-30 muestra un balance de -33945000 COP y una cobertura estimada de 0.00 meses. Este resultado describe el periodo y no a la persona.,train,99.37,0.16,0.13,0.0,0.33,0.0,0.0
VEN_0147_1,PERF_0147,2026-04-30,2026-04-01,2026-04-30,situacion_critica,situacion_critica,en_riesgo,calculado,99.39,baja,apoyo,False,alta,evidencia_temporal_disponible,balance_negativo,motivo_de_periodos_sin_ingreso,La ventana entre 2026-04-01 y 2026-04-30 muestra un balance de -10858000 COP y una cobertura estimada de 0.00 meses. Este resultado describe el periodo y no a la persona.,train,99.39,0.42,0.0,0.0,0.19,0.0,0.0
VEN_0147_2,PERF_0147,2026-05-31,2026-04-01,2026-05-31,situacion_critica,situacion_critica,en_riesgo,calculado,100.0,baja,apoyo,False,alta,evidencia_temporal_disponible,balance_negativo,motivo_de_periodos_sin_ingreso,La ventana entre 2026-04-01 y 2026-05-31 muestra un balance de -24701000 COP y una cobertura estimada de 0.00 meses. Este resultado describe el periodo y no a la persona.,train,100.0,0.0,0.0,0.0,0.0,0.0,0.0
VEN_0147_3,PERF_0147,2026-06-30,2026-04-01,2026-06-30,situacion_critica,situacion_critica,en_riesgo,calculado,100.0,baja,apoyo,False,alta,evidencia_temporal_disponible,balance_negativo,motivo_de_periodos_sin_ingreso,La ventana entre 2026-04-01 y 2026-06-30 muestra un balance de -38544000 COP y una cobertura estimada de 0.00 meses. Este resultado describe el periodo y no a la persona.,train,100.0,0.0,0.0,0.0,0.0,0.0,0.0
VEN_0148_1,PERF_0148,2026-04-30,2026-04-01,2026-04-30,acumulacion_estable,acumulacion_estable,saludable,calculado,74.89,media,apoyo,True,alta,balance_no_negativo,sin_factor_dominante,motivo_de_periodos_sin_ingreso,La ventana entre 2026-04-01 y 2026-04-30 muestra un balance de 1355000 COP y una cobertura estimada de 3.01 meses. Este resultado describe el periodo y no a la persona.,train,0.0,0.11,1.33,74.89,0.11,22.77,0.79
VEN_0148_2,PERF_0148,2026-05-31,2026-04-01,2026-05-31,acumulacion_estable,acumulacion_estable,saludable,calculado,87.04,baja,apoyo,True,alta,balance_no_negativo,sin_factor_dominante,motivo_de_periodos_sin_ingreso,La ventana entre 2026-04-01 y 2026-05-31 muestra un balance de 2710000 COP y una cobertura estimada de 4.57 meses. Este resultado describe el periodo y no a la persona.,train,0.0,0.0,0.81,87.04,0.13,10.39,1.63
VEN_0148_3,PERF_0148,2026-06-30,2026-04-01,2026-06-30,acumulacion_estable,acumulacion_estable,saludable,calculado,91.87,baja,apoyo,True,alta,balance_no_negativo,sin_factor_dominante,motivo_de_periodos_sin_ingreso,La ventana entre 2026-04-01 y 2026-06-30 muestra un balance de 4065000 COP y una cobertura estimada de 5.78 meses. Este resultado describe el periodo y no a la persona.,train,0.0,0.0,0.31,91.87,0.0,5.75,2.07
VEN_0149_1,PERF_0149,2026-04-30,2026-04-01,2026-04-30,uso_planificado_reserva,uso_planificado_reserva,en_observacion,calculado,98.68,baja,fijo,True,alta,evidencia_temporal_disponible,balance_negativo,ninguna_relevante_para_el_periodo,La ventana entre 2026-04-01 y 2026-04-30 muestra un balance de -2262000 COP y una cobertura estimada de 2.49 meses. Este resultado describe el periodo y no a la persona.,train,0.22,0.69,98.68,0.04,0.31,0.05,0.0
VEN_0149_2,PERF_0149,2026-05-31,2026-04-01,2026-05-31,fragilidad_sostenida,fragilidad_sostenida,en_riesgo,calculado,89.27,baja,fijo,True,alta,evidencia_temporal_disponible,balance_negativo,ninguna_relevante_para_el_periodo,La ventana entre 2026-04-01 y 2026-05-31 muestra un balance de -4524000 COP y una cobertura estimada de 1.60 meses. Este resultado describe el periodo y no a la persona.,train,0.15,89.27,6.48,0.0,4.07,0.04,0.0
VEN_0149_3,PERF_0149,2026-06-30,2026-04-01,2026-06-30,fragilidad_sostenida,fragilidad_sostenida,en_riesgo,calculado,96.83,baja,fijo,True,alta,evidencia_temporal_disponible,balance_negativo,ninguna_relevante_para_el_periodo,La ventana entre 2026-04-01 y 2026-06-30 muestra un balance de -6786000 COP y una cobertura estimada de 0.20 meses. Este resultado describe el periodo y no a la persona.,train,1.67,96.83,1.1,0.0,0.4,0.0,0.0
VEN_0150_1,PERF_0150,2026-04-30,2026-04-01,2026-04-30,uso_planificado_reserva,estado_incierto,no_disponible,requiere_confirmacion,73.86,alta,mixto,False,alta,evidencia_temporal_disponible,balance_negativo,ninguna_relevante_para_el_periodo,La ventana entre 2026-04-01 y 2026-04-30 muestra un balance de -459000 COP y una cobertura estimada de 1.19 meses. Este resultado describe el periodo y no a la persona.,train,0.55,16.48,73.86,0.25,3.61,5.15,0.11
VEN_0150_2,PERF_0150,2026-05-31,2026-04-01,2026-05-31,fragilidad_sostenida,fragilidad_sostenida,en_riesgo,calculado,93.64,baja,mixto,False,alta,evidencia_temporal_disponible,balance_negativo,ninguna_relevante_para_el_periodo,La ventana entre 2026-04-01 y 2026-05-31 muestra un balance de -1526000 COP y una cobertura estimada de 0.56 meses. Este resultado describe el periodo y no a la persona.,train,0.49,93.64,3.73,0.0,1.88,0.25,0.0
VEN_0150_3,PERF_0150,2026-06-30,2026-04-01,2026-06-30,fragilidad_sostenida,fragilidad_sostenida,en_riesgo,calculado,89.37,baja,mixto,False,alta,evidencia_temporal_disponible,balance_negativo,ninguna_relevante_para_el_periodo,La ventana entre 2026-04-01 y 2026-06-30 muestra un balance de -2350000 COP y una cobertura estimada de 0.05 meses. Este resultado describe el periodo y no a la persona.,train,4.58,89.37,3.85,0.0,1.55,0.66,0.0
VEN_0151_1,PERF_0151,2026-04-30,2026-04-01,2026-04-30,acumulacion_estable,acumulacion_estable,saludable,calculado,96.81,baja,estacional,False,alta,balance_no_negativo,sin_factor_dominante,ninguna_relevante_para_el_periodo,La ventana entre 2026-04-01 y 2026-04-30 muestra un balance de 4910000 COP y una cobertura estimada de 6.10 meses. Este resultado describe el periodo y no a la persona.,train,0.0,0.0,0.0,96.81,0.0,2.82,0.37
VEN_0151_2,PERF_0151,2026-05-31,2026-04-01,2026-05-31,deterioro_reciente,deterioro_reciente,en_observacion,calculado,88.08,baja,estacional,False,alta,evidencia_temporal_disponible,balance_negativo,motivo_de_periodos_sin_ingreso,La ventana entre 2026-04-01 y 2026-05-31 muestra un balance de -13338000 COP y una cobertura estimada de 0.97 meses. Este resultado describe el periodo y no a la persona.,train,0.88,10.78,0.26,0.0,88.08,0.0,0.0
VEN_0151_3,PERF_0151,2026-06-30,2026-04-01,2026-06-30,situacion_critica,situacion_critica,en_riesgo,calculado,96.49,baja,estacional,False,alta,evidencia_temporal_disponible,balance_negativo,motivo_de_periodos_sin_ingreso,La ventana entre 2026-04-01 y 2026-06-30 muestra un balance de -24621000 COP y una cobertura estimada de 0.00 meses. Este resultado describe el periodo y no a la persona.,train,96.49,2.94,0.03,0.0,0.53,0.0,0.0
VEN_0152_1,PERF_0152,2026-04-30,2026-04-01,2026-04-30,acumulacion_estable,acumulacion_estable,saludable,calculado,83.9,baja,estacional,True,alta,balance_no_negativo,sin_factor_dominante,ninguna_relevante_para_el_periodo,La ventana entre 2026-04-01 y 2026-04-30 muestra un balance de 488000 COP y una cobertura estimada de 3.50 meses. Este resultado describe el periodo y no a la persona.,train,0.0,0.0,0.27,83.9,0.12,14.05,1.67
VEN_0152_2,PERF_0152,2026-05-31,2026-04-01,2026-05-31,deterioro_reciente,deterioro_reciente,en_observacion,calculado,92.07,baja,estacional,True,alta,evidencia_temporal_disponible,balance_negativo,motivo_de_periodos_sin_ingreso,La ventana entre 2026-04-01 y 2026-05-31 muestra un balance de -4599000 COP y una cobertura estimada de 1.80 meses. Este resultado describe el periodo y no a la persona.,train,1.62,3.55,2.64,0.0,92.07,0.12,0.0
VEN_0152_3,PERF_0152,2026-06-30,2026-04-01,2026-06-30,fragilidad_sostenida,fragilidad_sostenida,en_riesgo,calculado,88.79,baja,estacional,True,alta,evidencia_temporal_disponible,balance_negativo,motivo_de_periodos_sin_ingreso,La ventana entre 2026-04-01 y 2026-06-30 muestra un balance de -7748000 COP y una cobertura estimada de 0.62 meses. Este resultado describe el periodo y no a la persona.,train,2.72,88.79,1.68,0.0,6.81,0.0,0.0
VEN_0153_1,PERF_0153,2026-04-30,2026-04-01,2026-04-30,situacion_critica,situacion_critica,en_riesgo,calculado,98.59,baja,apoyo,False,alta,evidencia_temporal_disponible,balance_negativo,motivo_de_periodos_sin_ingreso,La ventana entre 2026-04-01 y 2026-04-30 muestra un balance de -6438000 COP y una cobertura estimada de 0.00 meses. Este resultado describe el periodo y no a la persona.,validation,98.59,0.83,0.4,0.0,0.19,0.0,0.0
VEN_0153_2,PERF_0153,2026-05-31,2026-04-01,2026-05-31,situacion_critica,situacion_critica,en_riesgo,calculado,100.0,baja,apoyo,False,alta,evidencia_temporal_disponible,balance_negativo,motivo_de_periodos_sin_ingreso,La ventana entre 2026-04-01 y 2026-05-31 muestra un balance de -14794000 COP y una cobertura estimada de 0.00 meses. Este resultado describe el periodo y no a la persona.,validation,100.0,0.0,0.0,0.0,0.0,0.0,0.0
VEN_0153_3,PERF_0153,2026-06-30,2026-04-01,2026-06-30,situacion_critica,situacion_critica,en_riesgo,calculado,100.0,baja,apoyo,False,alta,evidencia_temporal_disponible,balance_negativo,motivo_de_periodos_sin_ingreso,La ventana entre 2026-04-01 y 2026-06-30 muestra un balance de -23150000 COP y una cobertura estimada de 0.00 meses. Este resultado describe el periodo y no a la persona.,validation,100.0,0.0,0.0,0.0,0.0,0.0,0.0
VEN_0154_1,PERF_0154,2026-04-30,2026-04-01,2026-04-30,situacion_critica,situacion_critica,en_riesgo,calculado,100.0,baja,estacional,True,alta,evidencia_temporal_disponible,balance_negativo,ninguna_relevante_para_el_periodo,La ventana entre 2026-04-01 y 2026-04-30 muestra un balance de -9771000 COP y una cobertura estimada de 0.00 meses. Este resultado describe el periodo y no a la persona.,train,100.0,0.0,0.0,0.0,0.0,0.0,0.0
VEN_0154_2,PERF_0154,2026-05-31,2026-04-01,2026-05-31,situacion_critica,situacion_critica,en_riesgo,calculado,98.04,baja,estacional,True,alta,evidencia_temporal_disponible,balance_negativo,motivo_de_periodos_sin_ingreso,La ventana entre 2026-04-01 y 2026-05-31 muestra un balance de -28592000 COP y una cobertura estimada de 0.00 meses. Este resultado describe el periodo y no a la persona.,train,98.04,1.48,0.14,0.0,0.35,0.0,0.0
VEN_0154_3,PERF_0154,2026-06-30,2026-04-01,2026-06-30,situacion_critica,situacion_critica,en_riesgo,calculado,99.67,baja,estacional,True,alta,evidencia_temporal_disponible,balance_negativo,motivo_de_periodos_sin_ingreso,La ventana entre 2026-04-01 y 2026-06-30 muestra un balance de -43555000 COP y una cobertura estimada de 0.00 meses. Este resultado describe el periodo y no a la persona.,train,99.67,0.19,0.13,0.0,0.0,0.0,0.0
VEN_0155_1,PERF_0155,2026-04-30,2026-04-01,2026-04-30,fragilidad_sostenida,fragilidad_sostenida,en_riesgo,calculado,93.1,baja,apoyo,False,alta,evidencia_temporal_disponible,balance_negativo,motivo_de_periodos_sin_ingreso,La ventana entre 2026-04-01 y 2026-04-30 muestra un balance de -2882000 COP y una cobertura estimada de 0.74 meses. Este resultado describe el periodo y no a la persona.,train,1.35,93.1,3.48,0.0,2.07,0.0,0.0
VEN_0155_2,PERF_0155,2026-05-31,2026-04-01,2026-05-31,situacion_critica,situacion_critica,en_riesgo,calculado,99.43,baja,apoyo,False,alta,evidencia_temporal_disponible,balance_negativo,motivo_de_periodos_sin_ingreso,La ventana entre 2026-04-01 y 2026-05-31 muestra un balance de -5764000 COP y una cobertura estimada de 0.00 meses. Este resultado describe el periodo y no a la persona.,train,99.43,0.57,0.0,0.0,0.0,0.0,0.0
VEN_0155_3,PERF_0155,2026-06-30,2026-04-01,2026-06-30,situacion_critica,situacion_critica,en_riesgo,calculado,99.63,baja,apoyo,False,alta,evidencia_temporal_disponible,balance_negativo,motivo_de_periodos_sin_ingreso,La ventana entre 2026-04-01 y 2026-06-30 muestra un balance de -8646000 COP y una cobertura estimada de 0.00 meses. Este resultado describe el periodo y no a la persona.,train,99.63,0.37,0.0,0.0,0.0,0.0,0.0
VEN_0156_1,PERF_0156,2026-04-30,2026-04-01,2026-04-30,equilibrio_sostenible,equilibrio_sostenible,saludable,calculado,93.39,baja,variable,True,alta,balance_no_negativo,sin_factor_dominante,ninguna_relevante_para_el_periodo,La ventana entre 2026-04-01 y 2026-04-30 muestra un balance de 615000 COP y una cobertura estimada de 1.35 meses. Este resultado describe el periodo y no a la persona.,train,0.02,0.76,0.18,3.43,0.0,93.39,2.22
VEN_0156_2,PERF_0156,2026-05-31,2026-04-01,2026-05-31,equilibrio_sostenible,equilibrio_sostenible,saludable,calculado,88.86,baja,variable,True,alta,balance_no_negativo,sin_factor_dominante,ninguna_relevante_para_el_periodo,La ventana entre 2026-04-01 y 2026-05-31 muestra un balance de 780000 COP y una cobertura estimada de 1.46 meses. Este resultado describe el periodo y no a la persona.,train,0.25,0.6,1.22,6.7,0.46,88.86,1.9
VEN_0156_3,PERF_0156,2026-06-30,2026-04-01,2026-06-30,equilibrio_sostenible,equilibrio_sostenible,saludable,calculado,84.73,baja,variable,True,alta,balance_no_negativo,sin_factor_dominante,ninguna_relevante_para_el_periodo,La ventana entre 2026-04-01 y 2026-06-30 muestra un balance de 1239000 COP y una cobertura estimada de 1.89 meses. Este resultado describe el periodo y no a la persona.,train,0.0,0.2,0.34,12.34,0.0,84.73,2.41
VEN_0157_1,PERF_0157,2026-04-30,2026-04-01,2026-04-30,acumulacion_estable,acumulacion_estable,saludable,calculado,86.01,baja,variable,False,alta,balance_no_negativo,sin_factor_dominante,ninguna_relevante_para_el_periodo,La ventana entre 2026-04-01 y 2026-04-30 muestra un balance de 263000 COP y una cobertura estimada de 3.86 meses. Este resultado describe el periodo y no a la persona.,train,0.0,0.0,0.23,86.01,0.0,13.16,0.6
VEN_0157_2,PERF_0157,2026-05-31,2026-04-01,2026-05-31,variable_resiliente,variable_resiliente,saludable,calculado,97.67,baja,variable,False,alta,balance_no_negativo,sin_factor_dominante,ninguna_relevante_para_el_periodo,La ventana entre 2026-04-01 y 2026-05-31 muestra un balance de 4641000 COP y una cobertura estimada de 6.44 meses. Este resultado describe el periodo y no a la persona.,train,0.0,0.46,0.0,1.44,0.0,0.44,97.67
VEN_0157_3,PERF_0157,2026-06-30,2026-04-01,2026-06-30,variable_resiliente,variable_resiliente,saludable,calculado,62.61,media,variable,False,alta,balance_no_negativo,sin_factor_dominante,ninguna_relevante_para_el_periodo,La ventana entre 2026-04-01 y 2026-06-30 muestra un balance de 1748000 COP y una cobertura estimada de 5.15 meses. Este resultado describe el periodo y no a la persona.,train,0.03,0.88,3.88,21.95,1.01,9.65,62.61
VEN_0158_1,PERF_0158,2026-04-30,2026-04-01,2026-04-30,uso_planificado_reserva,estado_incierto,no_disponible,requiere_confirmacion,98.64,alta,sin_ingresos,False,alta,evidencia_temporal_disponible,balance_negativo,motivo_de_periodos_sin_ingreso,La ventana entre 2026-04-01 y 2026-04-30 muestra un balance de -4545000 COP y una cobertura estimada de 3.63 meses. Este resultado describe el periodo y no a la persona.,train,0.07,1.1,98.64,0.04,0.14,0.0,0.0
VEN_0158_2,PERF_0158,2026-05-31,2026-04-01,2026-05-31,situacion_critica,situacion_critica,en_riesgo,calculado,91.89,baja,sin_ingresos,False,alta,evidencia_temporal_disponible,balance_negativo,motivo_de_periodos_sin_ingreso,La ventana entre 2026-04-01 y 2026-05-31 muestra un balance de -16497000 COP y una cobertura estimada de 0.00 meses. Este resultado describe el periodo y no a la persona.,train,91.89,3.58,0.0,0.0,4.53,0.0,0.0
VEN_0158_3,PERF_0158,2026-06-30,2026-04-01,2026-06-30,situacion_critica,situacion_critica,en_riesgo,calculado,99.85,baja,sin_ingresos,False,alta,evidencia_temporal_disponible,balance_negativo,motivo_de_periodos_sin_ingreso,La ventana entre 2026-04-01 y 2026-06-30 muestra un balance de -28449000 COP y una cobertura estimada de 0.00 meses. Este resultado describe el periodo y no a la persona.,train,99.85,0.15,0.0,0.0,0.0,0.0,0.0
VEN_0159_1,PERF_0159,2026-04-30,2026-04-01,2026-04-30,uso_planificado_reserva,uso_planificado_reserva,en_observacion,calculado,59.46,media,fijo,True,alta,evidencia_temporal_disponible,balance_negativo,ninguna_relevante_para_el_periodo,La ventana entre 2026-04-01 y 2026-04-30 muestra un balance de -2943000 COP y una cobertura estimada de 1.10 meses. Este resultado describe el periodo y no a la persona.,train,0.85,35.52,59.46,0.0,3.03,1.14,0.0
VEN_0159_2,PERF_0159,2026-05-31,2026-04-01,2026-05-31,fragilidad_sostenida,fragilidad_sostenida,en_riesgo,calculado,74.45,media,fijo,True,alta,evidencia_temporal_disponible,balance_negativo,ninguna_relevante_para_el_periodo,La ventana entre 2026-04-01 y 2026-05-31 muestra un balance de -5886000 COP y una cobertura estimada de 0.03 meses. Este resultado describe el periodo y no a la persona.,train,21.9,74.45,2.47,0.0,1.18,0.0,0.0
VEN_0159_3,PERF_0159,2026-06-30,2026-04-01,2026-06-30,situacion_critica,situacion_critica,en_riesgo,calculado,99.75,baja,fijo,True,alta,evidencia_temporal_disponible,balance_negativo,ninguna_relevante_para_el_periodo,La ventana entre 2026-04-01 y 2026-06-30 muestra un balance de -10749000 COP y una cobertura estimada de 0.00 meses. Este resultado describe el periodo y no a la persona.,train,99.75,0.17,0.09,0.0,0.0,0.0,0.0
VEN_0160_1,PERF_0160,2026-04-30,2026-04-01,2026-04-30,situacion_critica,situacion_critica,en_riesgo,calculado,95.24,baja,variable,True,alta,evidencia_temporal_disponible,balance_negativo,ninguna_relevante_para_el_periodo,La ventana entre 2026-04-01 y 2026-04-30 muestra un balance de -2266000 COP y una cobertura estimada de 0.00 meses. Este resultado describe el periodo y no a la persona.,test,95.24,2.25,1.45,0.23,0.18,0.65,0.0
VEN_0160_2,PERF_0160,2026-05-31,2026-04-01,2026-05-31,situacion_critica,situacion_critica,en_riesgo,calculado,98.67,baja,variable,True,alta,evidencia_temporal_disponible,balance_negativo,ninguna_relevante_para_el_periodo,La ventana entre 2026-04-01 y 2026-05-31 muestra un balance de -6631000 COP y una cobertura estimada de 0.00 meses. Este resultado describe el periodo y no a la persona.,test,98.67,1.13,0.2,0.0,0.0,0.0,0.0
VEN_0160_3,PERF_0160,2026-06-30,2026-04-01,2026-06-30,situacion_critica,situacion_critica,en_riesgo,calculado,99.65,baja,variable,True,alta,evidencia_temporal_disponible,balance_negativo,ninguna_relevante_para_el_periodo,La ventana entre 2026-04-01 y 2026-06-30 muestra un balance de -11103000 COP y una cobertura estimada de 0.00 meses. Este resultado describe el periodo y no a la persona.,test,99.65,0.35,0.0,0.0,0.0,0.0,0.0
VEN_0161_1,PERF_0161,2026-04-30,2026-04-01,2026-04-30,situacion_critica,situacion_critica,en_riesgo,calculado,98.7,baja,fijo,True,alta,evidencia_temporal_disponible,balance_negativo,ninguna_relevante_para_el_periodo,La ventana entre 2026-04-01 y 2026-04-30 muestra un balance de -8924000 COP y una cobertura estimada de 0.00 meses. Este resultado describe el periodo y no a la persona.,train,98.7,1.3,0.0,0.0,0.0,0.0,0.0
VEN_0161_2,PERF_0161,2026-05-31,2026-04-01,2026-05-31,situacion_critica,situacion_critica,en_riesgo,calculado,99.61,baja,fijo,True,alta,evidencia_temporal_disponible,balance_negativo,ninguna_relevante_para_el_periodo,La ventana entre 2026-04-01 y 2026-05-31 muestra un balance de -20346000 COP y una cobertura estimada de 0.00 meses. Este resultado describe el periodo y no a la persona.,train,99.61,0.0,0.0,0.0,0.39,0.0,0.0
VEN_0161_3,PERF_0161,2026-06-30,2026-04-01,2026-06-30,situacion_critica,situacion_critica,en_riesgo,calculado,100.0,baja,fijo,True,alta,evidencia_temporal_disponible,balance_negativo,ninguna_relevante_para_el_periodo,La ventana entre 2026-04-01 y 2026-06-30 muestra un balance de -31768000 COP y una cobertura estimada de 0.00 meses. Este resultado describe el periodo y no a la persona.,train,100.0,0.0,0.0,0.0,0.0,0.0,0.0
VEN_0162_1,PERF_0162,2026-04-30,2026-04-01,2026-04-30,situacion_critica,situacion_critica,en_riesgo,calculado,99.18,baja,sin_ingresos,True,alta,evidencia_temporal_disponible,balance_negativo,motivo_de_periodos_sin_ingreso,La ventana entre 2026-04-01 y 2026-04-30 muestra un balance de -3580000 COP y una cobertura estimada de 0.00 meses. Este resultado describe el periodo y no a la persona.,validation,99.18,0.78,0.04,0.0,0.0,0.0,0.0
VEN_0162_2,PERF_0162,2026-05-31,2026-04-01,2026-05-31,situacion_critica,situacion_critica,en_riesgo,calculado,99.33,baja,sin_ingresos,True,alta,evidencia_temporal_disponible,balance_negativo,motivo_de_periodos_sin_ingreso,La ventana entre 2026-04-01 y 2026-05-31 muestra un balance de -7160000 COP y una cobertura estimada de 0.00 meses. Este resultado describe el periodo y no a la persona.,validation,99.33,0.63,0.04,0.0,0.0,0.0,0.0
VEN_0162_3,PERF_0162,2026-06-30,2026-04-01,2026-06-30,situacion_critica,situacion_critica,en_riesgo,calculado,99.82,baja,sin_ingresos,True,alta,evidencia_temporal_disponible,balance_negativo,motivo_de_periodos_sin_ingreso,La ventana entre 2026-04-01 y 2026-06-30 muestra un balance de -10740000 COP y una cobertura estimada de 0.00 meses. Este resultado describe el periodo y no a la persona.,validation,99.82,0.14,0.04,0.0,0.0,0.0,0.0
VEN_0163_1,PERF_0163,2026-04-30,2026-04-01,2026-04-30,equilibrio_sostenible,equilibrio_sostenible,saludable,calculado,97.55,baja,variable,False,alta,balance_no_negativo,sin_factor_dominante,ninguna_relevante_para_el_periodo,La ventana entre 2026-04-01 y 2026-04-30 muestra un balance de 374000 COP y una cobertura estimada de 0.84 meses. Este resultado describe el periodo y no a la persona.,test,0.0,0.85,0.04,0.62,0.16,97.55,0.78
VEN_0163_2,PERF_0163,2026-05-31,2026-04-01,2026-05-31,equilibrio_sostenible,equilibrio_sostenible,saludable,calculado,87.93,baja,variable,False,alta,balance_no_negativo,sin_factor_dominante,ninguna_relevante_para_el_periodo,La ventana entre 2026-04-01 y 2026-05-31 muestra un balance de 901000 COP y una cobertura estimada de 0.95 meses. Este resultado describe el periodo y no a la persona.,test,0.0,0.58,0.0,9.65,0.0,87.93,1.84
VEN_0163_3,PERF_0163,2026-06-30,2026-04-01,2026-06-30,equilibrio_sostenible,equilibrio_sostenible,saludable,calculado,86.09,baja,variable,False,alta,balance_no_negativo,sin_factor_dominante,ninguna_relevante_para_el_periodo,La ventana entre 2026-04-01 y 2026-06-30 muestra un balance de 970000 COP y una cobertura estimada de 0.99 meses. Este resultado describe el periodo y no a la persona.,test,0.0,0.71,0.06,11.34,0.0,86.09,1.8
VEN_0164_1,PERF_0164,2026-04-30,2026-04-01,2026-04-30,equilibrio_sostenible,equilibrio_sostenible,saludable,calculado,86.52,baja,variable,False,alta,balance_no_negativo,sin_factor_dominante,ninguna_relevante_para_el_periodo,La ventana entre 2026-04-01 y 2026-04-30 muestra un balance de 1787000 COP y una cobertura estimada de 0.92 meses. Este resultado describe el periodo y no a la persona.,test,0.0,0.98,0.69,11.31,0.2,86.52,0.3
VEN_0164_2,PERF_0164,2026-05-31,2026-04-01,2026-05-31,fragilidad_sostenida,situacion_critica,en_riesgo,calculado,83.12,baja,variable,False,alta,evidencia_temporal_disponible,balance_negativo,ninguna_relevante_para_el_periodo,La ventana entre 2026-04-01 y 2026-05-31 muestra un balance de -2227000 COP y una cobertura estimada de 0.01 meses. Este resultado describe el periodo y no a la persona.,test,83.12,10.17,3.31,0.0,3.11,0.2,0.09
VEN_0164_3,PERF_0164,2026-06-30,2026-04-01,2026-06-30,situacion_critica,situacion_critica,en_riesgo,calculado,83.87,baja,variable,False,alta,evidencia_temporal_disponible,balance_negativo,ninguna_relevante_para_el_periodo,La ventana entre 2026-04-01 y 2026-06-30 muestra un balance de -4915000 COP y una cobertura estimada de 0.00 meses. Este resultado describe el periodo y no a la persona.,test,83.87,13.1,2.33,0.0,0.41,0.15,0.14
VEN_0165_1,PERF_0165,2026-04-30,2026-04-01,2026-04-30,acumulacion_estable,acumulacion_estable,saludable,calculado,98.18,baja,variable,True,alta,balance_no_negativo,sin_factor_dominante,ninguna_relevante_para_el_periodo,La ventana entre 2026-04-01 y 2026-04-30 muestra un balance de 1923000 COP y una cobertura estimada de 11.90 meses. Este resultado describe el periodo y no a la persona.,train,0.0,0.0,0.0,98.18,0.0,1.55,0.27
VEN_0165_2,PERF_0165,2026-05-31,2026-04-01,2026-05-31,deterioro_reciente,deterioro_reciente,en_observacion,calculado,94.38,baja,variable,True,alta,evidencia_temporal_disponible,balance_negativo,ninguna_relevante_para_el_periodo,La ventana entre 2026-04-01 y 2026-05-31 muestra un balance de -2516000 COP y una cobertura estimada de 4.28 meses. Este resultado describe el periodo y no a la persona.,train,0.02,1.27,3.99,0.0,94.38,0.2,0.14
VEN_0165_3,PERF_0165,2026-06-30,2026-04-01,2026-06-30,uso_planificado_reserva,estado_incierto,no_disponible,requiere_confirmacion,48.49,alta,variable,True,alta,evidencia_temporal_disponible,balance_negativo,ninguna_relevante_para_el_periodo,La ventana entre 2026-04-01 y 2026-06-30 muestra un balance de -7184000 COP y una cobertura estimada de 2.18 meses. Este resultado describe el periodo y no a la persona.,train,0.12,16.39,48.49,0.0,34.88,0.12,0.0
VEN_0166_1,PERF_0166,2026-04-30,2026-04-01,2026-04-30,equilibrio_sostenible,equilibrio_sostenible,saludable,calculado,94.02,baja,estacional,False,alta,balance_no_negativo,sin_factor_dominante,ninguna_relevante_para_el_periodo,La ventana entre 2026-04-01 y 2026-04-30 muestra un balance de 881000 COP y una cobertura estimada de 1.36 meses. Este resultado describe el periodo y no a la persona.,train,0.0,0.0,0.11,5.14,0.0,94.02,0.72
VEN_0166_2,PERF_0166,2026-05-31,2026-04-01,2026-05-31,situacion_critica,situacion_critica,en_riesgo,calculado,89.27,baja,estacional,False,alta,evidencia_temporal_disponible,balance_negativo,motivo_de_periodos_sin_ingreso,La ventana entre 2026-04-01 y 2026-05-31 muestra un balance de -4284000 COP y una cobertura estimada de 0.00 meses. Este resultado describe el periodo y no a la persona.,train,89.27,5.48,0.0,0.0,5.25,0.0,0.0
VEN_0166_3,PERF_0166,2026-06-30,2026-04-01,2026-06-30,situacion_critica,situacion_critica,en_riesgo,calculado,96.04,baja,estacional,False,alta,evidencia_temporal_disponible,balance_negativo,motivo_de_periodos_sin_ingreso,La ventana entre 2026-04-01 y 2026-06-30 muestra un balance de -7401000 COP y una cobertura estimada de 0.00 meses. Este resultado describe el periodo y no a la persona.,train,96.04,2.05,0.45,0.0,1.47,0.0,0.0
VEN_0167_1,PERF_0167,2026-04-30,2026-04-01,2026-04-30,situacion_critica,situacion_critica,en_riesgo,calculado,98.18,baja,variable,True,alta,evidencia_temporal_disponible,balance_negativo,ninguna_relevante_para_el_periodo,La ventana entre 2026-04-01 y 2026-04-30 muestra un balance de -1732000 COP y una cobertura estimada de 0.00 meses. Este resultado describe el periodo y no a la persona.,train,98.18,0.87,0.59,0.0,0.35,0.0,0.0
VEN_0167_2,PERF_0167,2026-05-31,2026-04-01,2026-05-31,situacion_critica,situacion_critica,en_riesgo,calculado,99.49,baja,variable,True,alta,evidencia_temporal_disponible,balance_negativo,ninguna_relevante_para_el_periodo,La ventana entre 2026-04-01 y 2026-05-31 muestra un balance de -4936000 COP y una cobertura estimada de 0.00 meses. Este resultado describe el periodo y no a la persona.,train,99.49,0.26,0.08,0.0,0.16,0.0,0.0
VEN_0167_3,PERF_0167,2026-06-30,2026-04-01,2026-06-30,situacion_critica,situacion_critica,en_riesgo,calculado,99.8,baja,variable,True,alta,evidencia_temporal_disponible,balance_negativo,ninguna_relevante_para_el_periodo,La ventana entre 2026-04-01 y 2026-06-30 muestra un balance de -8522000 COP y una cobertura estimada de 0.00 meses. Este resultado describe el periodo y no a la persona.,train,99.8,0.2,0.0,0.0,0.0,0.0,0.0
VEN_0168_1,PERF_0168,2026-04-30,2026-04-01,2026-04-30,situacion_critica,situacion_critica,en_riesgo,calculado,99.34,baja,fijo,True,alta,evidencia_temporal_disponible,balance_negativo,ninguna_relevante_para_el_periodo,La ventana entre 2026-04-01 y 2026-04-30 muestra un balance de -4892000 COP y una cobertura estimada de 0.00 meses. Este resultado describe el periodo y no a la persona.,train,99.34,0.36,0.12,0.0,0.18,0.0,0.0
VEN_0168_2,PERF_0168,2026-05-31,2026-04-01,2026-05-31,situacion_critica,situacion_critica,en_riesgo,calculado,100.0,baja,fijo,True,alta,evidencia_temporal_disponible,balance_negativo,ninguna_relevante_para_el_periodo,La ventana entre 2026-04-01 y 2026-05-31 muestra un balance de -11530000 COP y una cobertura estimada de 0.00 meses. Este resultado describe el periodo y no a la persona.,train,100.0,0.0,0.0,0.0,0.0,0.0,0.0
VEN_0168_3,PERF_0168,2026-06-30,2026-04-01,2026-06-30,situacion_critica,situacion_critica,en_riesgo,calculado,100.0,baja,fijo,True,alta,evidencia_temporal_disponible,balance_negativo,ninguna_relevante_para_el_periodo,La ventana entre 2026-04-01 y 2026-06-30 muestra un balance de -18168000 COP y una cobertura estimada de 0.00 meses. Este resultado describe el periodo y no a la persona.,train,100.0,0.0,0.0,0.0,0.0,0.0,0.0
VEN_0169_1,PERF_0169,2026-04-30,2026-04-01,2026-04-30,uso_planificado_reserva,uso_planificado_reserva,en_observacion,calculado,96.37,baja,fijo,True,alta,evidencia_temporal_disponible,balance_negativo,ninguna_relevante_para_el_periodo,La ventana entre 2026-04-01 y 2026-04-30 muestra un balance de -821000 COP y una cobertura estimada de 2.54 meses. Este resultado describe el periodo y no a la persona.,train,0.33,0.8,96.37,0.16,2.27,0.06,0.0
VEN_0169_2,PERF_0169,2026-05-31,2026-04-01,2026-05-31,uso_planificado_reserva,uso_planificado_reserva,en_observacion,calculado,95.23,baja,fijo,True,alta,evidencia_temporal_disponible,balance_negativo,ninguna_relevante_para_el_periodo,La ventana entre 2026-04-01 y 2026-05-31 muestra un balance de -1642000 COP y una cobertura estimada de 2.21 meses. Este resultado describe el periodo y no a la persona.,train,0.3,2.8,95.23,0.12,1.03,0.53,0.0
VEN_0169_3,PERF_0169,2026-06-30,2026-04-01,2026-06-30,fragilidad_sostenida,fragilidad_sostenida,en_riesgo,calculado,80.64,baja,fijo,True,alta,evidencia_temporal_disponible,balance_negativo,ninguna_relevante_para_el_periodo,La ventana entre 2026-04-01 y 2026-06-30 muestra un balance de -2463000 COP y una cobertura estimada de 1.86 meses. Este resultado describe el periodo y no a la persona.,train,1.2,80.64,14.69,0.12,3.24,0.11,0.0
VEN_0170_1,PERF_0170,2026-04-30,2026-04-01,2026-04-30,equilibrio_sostenible,equilibrio_sostenible,saludable,calculado,87.96,baja,mixto,False,alta,balance_no_negativo,sin_factor_dominante,ninguna_relevante_para_el_periodo,La ventana entre 2026-04-01 y 2026-04-30 muestra un balance de 485000 COP y una cobertura estimada de 1.10 meses. Este resultado describe el periodo y no a la persona.,validation,0.0,0.32,0.41,8.02,0.0,87.96,3.29
VEN_0170_2,PERF_0170,2026-05-31,2026-04-01,2026-05-31,equilibrio_sostenible,equilibrio_sostenible,saludable,calculado,83.61,baja,mixto,False,alta,balance_no_negativo,sin_factor_dominante,ninguna_relevante_para_el_periodo,La ventana entre 2026-04-01 y 2026-05-31 muestra un balance de 1279000 COP y una cobertura estimada de 1.26 meses. Este resultado describe el periodo y no a la persona.,validation,0.0,0.14,0.27,11.72,0.0,83.61,4.26
VEN_0170_3,PERF_0170,2026-06-30,2026-04-01,2026-06-30,equilibrio_sostenible,equilibrio_sostenible,saludable,calculado,84.72,baja,mixto,False,alta,balance_no_negativo,sin_factor_dominante,ninguna_relevante_para_el_periodo,La ventana entre 2026-04-01 y 2026-06-30 muestra un balance de 2555000 COP y una cobertura estimada de 1.70 meses. Este resultado describe el periodo y no a la persona.,validation,0.0,0.02,0.24,10.49,0.0,84.72,4.53
VEN_0171_1,PERF_0171,2026-04-30,2026-04-01,2026-04-30,fragilidad_sostenida,fragilidad_sostenida,en_riesgo,calculado,91.93,baja,mixto,False,alta,evidencia_temporal_disponible,balance_negativo,ninguna_relevante_para_el_periodo,La ventana entre 2026-04-01 y 2026-04-30 muestra un balance de -2423000 COP y una cobertura estimada de 0.23 meses. Este resultado describe el periodo y no a la persona.,test,2.63,91.93,3.42,0.0,1.76,0.26,0.0
VEN_0171_2,PERF_0171,2026-05-31,2026-04-01,2026-05-31,situacion_critica,situacion_critica,en_riesgo,calculado,87.7,baja,mixto,False,alta,evidencia_temporal_disponible,balance_negativo,ninguna_relevante_para_el_periodo,La ventana entre 2026-04-01 y 2026-05-31 muestra un balance de -4196000 COP y una cobertura estimada de 0.00 meses. Este resultado describe el periodo y no a la persona.,test,87.7,7.38,2.87,0.0,0.2,0.3,1.54
VEN_0171_3,PERF_0171,2026-06-30,2026-04-01,2026-06-30,variable_resiliente,variable_resiliente,saludable,calculado,92.07,baja,mixto,False,alta,balance_no_negativo,sin_factor_dominante,ninguna_relevante_para_el_periodo,La ventana entre 2026-04-01 y 2026-06-30 muestra un balance de 4602000 COP y una cobertura estimada de 2.07 meses. Este resultado describe el periodo y no a la persona.,test,0.0,0.43,0.0,0.58,0.0,6.92,92.07
VEN_0172_1,PERF_0172,2026-04-30,2026-04-01,2026-04-30,uso_planificado_reserva,estado_incierto,no_disponible,requiere_confirmacion,97.95,alta,sin_ingresos,False,alta,evidencia_temporal_disponible,balance_negativo,motivo_de_periodos_sin_ingreso,La ventana entre 2026-04-01 y 2026-04-30 muestra un balance de -3998000 COP y una cobertura estimada de 6.52 meses. Este resultado describe el periodo y no a la persona.,train,0.2,0.81,97.95,0.2,0.84,0.0,0.0
VEN_0172_2,PERF_0172,2026-05-31,2026-04-01,2026-05-31,deterioro_reciente,deterioro_reciente,en_observacion,calculado,84.04,baja,sin_ingresos,False,alta,evidencia_temporal_disponible,balance_negativo,motivo_de_periodos_sin_ingreso,La ventana entre 2026-04-01 y 2026-05-31 muestra un balance de -15391000 COP y una cobertura estimada de 1.11 meses. Este resultado describe el periodo y no a la persona.,train,1.34,13.85,0.78,0.0,84.04,0.0,0.0
VEN_0172_3,PERF_0172,2026-06-30,2026-04-01,2026-06-30,situacion_critica,situacion_critica,en_riesgo,calculado,99.85,baja,sin_ingresos,False,alta,evidencia_temporal_disponible,balance_negativo,motivo_de_periodos_sin_ingreso,La ventana entre 2026-04-01 y 2026-06-30 muestra un balance de -26189000 COP y una cobertura estimada de 0.00 meses. Este resultado describe el periodo y no a la persona.,train,99.85,0.15,0.0,0.0,0.0,0.0,0.0
VEN_0173_1,PERF_0173,2026-04-30,2026-04-01,2026-04-30,fragilidad_sostenida,fragilidad_sostenida,en_riesgo,calculado,98.01,baja,apoyo,True,alta,evidencia_temporal_disponible,balance_negativo,motivo_de_periodos_sin_ingreso,La ventana entre 2026-04-01 y 2026-04-30 muestra un balance de -3500000 COP y una cobertura estimada de 0.63 meses. Este resultado describe el periodo y no a la persona.,train,0.53,98.01,1.09,0.0,0.37,0.0,0.0
VEN_0173_2,PERF_0173,2026-05-31,2026-04-01,2026-05-31,situacion_critica,situacion_critica,en_riesgo,calculado,99.38,baja,apoyo,True,alta,evidencia_temporal_disponible,balance_negativo,motivo_de_periodos_sin_ingreso,La ventana entre 2026-04-01 y 2026-05-31 muestra un balance de -7000000 COP y una cobertura estimada de 0.00 meses. Este resultado describe el periodo y no a la persona.,train,99.38,0.48,0.15,0.0,0.0,0.0,0.0
VEN_0173_3,PERF_0173,2026-06-30,2026-04-01,2026-06-30,situacion_critica,situacion_critica,en_riesgo,calculado,99.86,baja,apoyo,True,alta,evidencia_temporal_disponible,balance_negativo,motivo_de_periodos_sin_ingreso,La ventana entre 2026-04-01 y 2026-06-30 muestra un balance de -12310000 COP y una cobertura estimada de 0.00 meses. Este resultado describe el periodo y no a la persona.,train,99.86,0.14,0.0,0.0,0.0,0.0,0.0
VEN_0174_1,PERF_0174,2026-04-30,2026-04-01,2026-04-30,situacion_critica,situacion_critica,en_riesgo,calculado,98.67,baja,estacional,False,alta,evidencia_temporal_disponible,balance_negativo,ninguna_relevante_para_el_periodo,La ventana entre 2026-04-01 y 2026-04-30 muestra un balance de -5587000 COP y una cobertura estimada de 0.00 meses. Este resultado describe el periodo y no a la persona.,train,98.67,0.51,0.15,0.0,0.68,0.0,0.0
VEN_0174_2,PERF_0174,2026-05-31,2026-04-01,2026-05-31,situacion_critica,situacion_critica,en_riesgo,calculado,96.76,baja,estacional,False,alta,evidencia_temporal_disponible,balance_negativo,motivo_de_periodos_sin_ingreso,La ventana entre 2026-04-01 y 2026-05-31 muestra un balance de -21625000 COP y una cobertura estimada de 0.00 meses. Este resultado describe el periodo y no a la persona.,train,96.76,2.16,0.0,0.0,1.08,0.0,0.0
VEN_0174_3,PERF_0174,2026-06-30,2026-04-01,2026-06-30,situacion_critica,situacion_critica,en_riesgo,calculado,98.83,baja,estacional,False,alta,evidencia_temporal_disponible,balance_negativo,motivo_de_periodos_sin_ingreso,La ventana entre 2026-04-01 y 2026-06-30 muestra un balance de -31810000 COP y una cobertura estimada de 0.00 meses. Este resultado describe el periodo y no a la persona.,train,98.83,0.34,0.83,0.0,0.0,0.0,0.0
VEN_0175_1,PERF_0175,2026-04-30,2026-04-01,2026-04-30,situacion_critica,situacion_critica,en_riesgo,calculado,98.98,baja,fijo,True,alta,evidencia_temporal_disponible,balance_negativo,ninguna_relevante_para_el_periodo,La ventana entre 2026-04-01 y 2026-04-30 muestra un balance de -6142000 COP y una cobertura estimada de 0.00 meses. Este resultado describe el periodo y no a la persona.,validation,98.98,1.02,0.0,0.0,0.0,0.0,0.0
VEN_0175_2,PERF_0175,2026-05-31,2026-04-01,2026-05-31,situacion_critica,situacion_critica,en_riesgo,calculado,99.81,baja,fijo,True,alta,evidencia_temporal_disponible,balance_negativo,ninguna_relevante_para_el_periodo,La ventana entre 2026-04-01 y 2026-05-31 muestra un balance de -14030000 COP y una cobertura estimada de 0.00 meses. Este resultado describe el periodo y no a la persona.,validation,99.81,0.19,0.0,0.0,0.0,0.0,0.0
VEN_0175_3,PERF_0175,2026-06-30,2026-04-01,2026-06-30,situacion_critica,situacion_critica,en_riesgo,calculado,99.96,baja,fijo,True,alta,evidencia_temporal_disponible,balance_negativo,ninguna_relevante_para_el_periodo,La ventana entre 2026-04-01 y 2026-06-30 muestra un balance de -21918000 COP y una cobertura estimada de 0.00 meses. Este resultado describe el periodo y no a la persona.,validation,99.96,0.04,0.0,0.0,0.0,0.0,0.0
VEN_0176_1,PERF_0176,2026-04-30,2026-04-01,2026-04-30,uso_planificado_reserva,uso_planificado_reserva,en_observacion,calculado,84.14,baja,fijo,True,alta,evidencia_temporal_disponible,balance_negativo,ninguna_relevante_para_el_periodo,La ventana entre 2026-04-01 y 2026-04-30 muestra un balance de -4054000 COP y una cobertura estimada de 1.82 meses. Este resultado describe el periodo y no a la persona.,train,1.04,12.0,84.14,0.04,2.21,0.57,0.0
VEN_0176_2,PERF_0176,2026-05-31,2026-04-01,2026-05-31,fragilidad_sostenida,fragilidad_sostenida,en_riesgo,calculado,95.06,baja,fijo,True,alta,evidencia_temporal_disponible,balance_negativo,ninguna_relevante_para_el_periodo,La ventana entre 2026-04-01 y 2026-05-31 muestra un balance de -8108000 COP y una cobertura estimada de 0.62 meses. Este resultado describe el periodo y no a la persona.,train,0.93,95.06,2.52,0.0,1.36,0.0,0.13
VEN_0176_3,PERF_0176,2026-06-30,2026-04-01,2026-06-30,situacion_critica,situacion_critica,en_riesgo,calculado,97.76,baja,fijo,True,alta,evidencia_temporal_disponible,balance_negativo,ninguna_relevante_para_el_periodo,La ventana entre 2026-04-01 y 2026-06-30 muestra un balance de -12162000 COP y una cobertura estimada de 0.00 meses. Este resultado describe el periodo y no a la persona.,train,97.76,1.34,0.9,0.0,0.0,0.0,0.0
VEN_0177_1,PERF_0177,2026-04-30,2026-04-01,2026-04-30,fragilidad_sostenida,fragilidad_sostenida,en_riesgo,calculado,86.21,baja,fijo,True,alta,evidencia_temporal_disponible,balance_negativo,ninguna_relevante_para_el_periodo,La ventana entre 2026-04-01 y 2026-04-30 muestra un balance de -2374000 COP y una cobertura estimada de 1.21 meses. Este resultado describe el periodo y no a la persona.,validation,0.59,86.21,9.42,0.0,3.6,0.17,0.0
VEN_0177_2,PERF_0177,2026-05-31,2026-04-01,2026-05-31,situacion_critica,situacion_critica,en_riesgo,calculado,99.29,baja,fijo,True,alta,evidencia_temporal_disponible,balance_negativo,ninguna_relevante_para_el_periodo,La ventana entre 2026-04-01 y 2026-05-31 muestra un balance de -4748000 COP y una cobertura estimada de 0.00 meses. Este resultado describe el periodo y no a la persona.,validation,99.29,0.58,0.0,0.0,0.14,0.0,0.0
VEN_0177_3,PERF_0177,2026-06-30,2026-04-01,2026-06-30,situacion_critica,situacion_critica,en_riesgo,calculado,99.83,baja,fijo,True,alta,evidencia_temporal_disponible,balance_negativo,ninguna_relevante_para_el_periodo,La ventana entre 2026-04-01 y 2026-06-30 muestra un balance de -7122000 COP y una cobertura estimada de 0.00 meses. Este resultado describe el periodo y no a la persona.,validation,99.83,0.04,0.0,0.0,0.14,0.0,0.0
VEN_0178_1,PERF_0178,2026-04-30,2026-04-01,2026-04-30,equilibrio_sostenible,equilibrio_sostenible,saludable,calculado,84.37,baja,estacional,False,alta,balance_no_negativo,sin_factor_dominante,ninguna_relevante_para_el_periodo,La ventana entre 2026-04-01 y 2026-04-30 muestra un balance de 807000 COP y una cobertura estimada de 1.46 meses. Este resultado describe el periodo y no a la persona.,validation,0.01,0.19,0.91,13.53,0.33,84.37,0.67
VEN_0178_2,PERF_0178,2026-05-31,2026-04-01,2026-05-31,situacion_critica,situacion_critica,en_riesgo,calculado,88.42,baja,estacional,False,alta,evidencia_temporal_disponible,balance_negativo,motivo_de_periodos_sin_ingreso,La ventana entre 2026-04-01 y 2026-05-31 muestra un balance de -8388000 COP y una cobertura estimada de 0.00 meses. Este resultado describe el periodo y no a la persona.,validation,88.42,5.23,0.19,0.0,6.15,0.0,0.0
VEN_0178_3,PERF_0178,2026-06-30,2026-04-01,2026-06-30,situacion_critica,situacion_critica,en_riesgo,calculado,97.99,baja,estacional,False,alta,evidencia_temporal_disponible,balance_negativo,motivo_de_periodos_sin_ingreso,La ventana entre 2026-04-01 y 2026-06-30 muestra un balance de -12394000 COP y una cobertura estimada de 0.00 meses. Este resultado describe el periodo y no a la persona.,validation,97.99,1.62,0.21,0.0,0.18,0.0,0.0
VEN_0179_1,PERF_0179,2026-04-30,2026-04-01,2026-04-30,acumulacion_estable,acumulacion_estable,saludable,calculado,93.01,baja,estacional,True,alta,balance_no_negativo,sin_factor_dominante,ninguna_relevante_para_el_periodo,La ventana entre 2026-04-01 y 2026-04-30 muestra un balance de 1888000 COP y una cobertura estimada de 6.77 meses. Este resultado describe el periodo y no a la persona.,train,0.0,0.0,0.46,93.01,0.13,5.78,0.63
VEN_0179_2,PERF_0179,2026-05-31,2026-04-01,2026-05-31,deterioro_reciente,deterioro_reciente,en_observacion,calculado,93.36,baja,estacional,True,alta,evidencia_temporal_disponible,balance_negativo,motivo_de_periodos_sin_ingreso,La ventana entre 2026-04-01 y 2026-05-31 muestra un balance de -5167000 COP y una cobertura estimada de 1.61 meses. Este resultado describe el periodo y no a la persona.,train,1.0,4.3,1.34,0.0,93.36,0.0,0.0
VEN_0179_3,PERF_0179,2026-06-30,2026-04-01,2026-06-30,fragilidad_sostenida,fragilidad_sostenida,en_riesgo,calculado,84.9,baja,estacional,True,alta,evidencia_temporal_disponible,balance_negativo,motivo_de_periodos_sin_ingreso,La ventana entre 2026-04-01 y 2026-06-30 muestra un balance de -9613000 COP y una cobertura estimada de 0.04 meses. Este resultado describe el periodo y no a la persona.,train,10.65,84.9,0.91,0.0,3.53,0.0,0.0
VEN_0180_1,PERF_0180,2026-04-30,2026-04-01,2026-04-30,fragilidad_sostenida,fragilidad_sostenida,en_riesgo,calculado,87.54,baja,fijo,False,alta,evidencia_temporal_disponible,balance_negativo,ninguna_relevante_para_el_periodo,La ventana entre 2026-04-01 y 2026-04-30 muestra un balance de -4898000 COP y una cobertura estimada de 0.03 meses. Este resultado describe el periodo y no a la persona.,train,9.47,87.54,0.49,0.0,2.51,0.0,0.0
VEN_0180_2,PERF_0180,2026-05-31,2026-04-01,2026-05-31,situacion_critica,situacion_critica,en_riesgo,calculado,99.32,baja,fijo,False,alta,evidencia_temporal_disponible,balance_negativo,ninguna_relevante_para_el_periodo,La ventana entre 2026-04-01 y 2026-05-31 muestra un balance de -9796000 COP y una cobertura estimada de 0.00 meses. Este resultado describe el periodo y no a la persona.,train,99.32,0.52,0.16,0.0,0.0,0.0,0.0
VEN_0180_3,PERF_0180,2026-06-30,2026-04-01,2026-06-30,situacion_critica,situacion_critica,en_riesgo,calculado,100.0,baja,fijo,False,alta,evidencia_temporal_disponible,balance_negativo,ninguna_relevante_para_el_periodo,La ventana entre 2026-04-01 y 2026-06-30 muestra un balance de -17137000 COP y una cobertura estimada de 0.00 meses. Este resultado describe el periodo y no a la persona.,train,100.0,0.0,0.0,0.0,0.0,0.0,0.0
VEN_0181_1,PERF_0181,2026-04-30,2026-04-01,2026-04-30,situacion_critica,situacion_critica,en_riesgo,calculado,98.74,baja,sin_ingresos,True,alta,evidencia_temporal_disponible,balance_negativo,motivo_de_periodos_sin_ingreso,La ventana entre 2026-04-01 y 2026-04-30 muestra un balance de -13736000 COP y una cobertura estimada de 0.00 meses. Este resultado describe el periodo y no a la persona.,train,98.74,1.14,0.12,0.0,0.0,0.0,0.0
VEN_0181_2,PERF_0181,2026-05-31,2026-04-01,2026-05-31,situacion_critica,situacion_critica,en_riesgo,calculado,100.0,baja,sin_ingresos,True,alta,evidencia_temporal_disponible,balance_negativo,motivo_de_periodos_sin_ingreso,La ventana entre 2026-04-01 y 2026-05-31 muestra un balance de -31268000 COP y una cobertura estimada de 0.00 meses. Este resultado describe el periodo y no a la persona.,train,100.0,0.0,0.0,0.0,0.0,0.0,0.0
VEN_0181_3,PERF_0181,2026-06-30,2026-04-01,2026-06-30,situacion_critica,situacion_critica,en_riesgo,calculado,99.87,baja,sin_ingresos,True,alta,evidencia_temporal_disponible,balance_negativo,motivo_de_periodos_sin_ingreso,La ventana entre 2026-04-01 y 2026-06-30 muestra un balance de -48800000 COP y una cobertura estimada de 0.00 meses. Este resultado describe el periodo y no a la persona.,train,99.87,0.0,0.13,0.0,0.0,0.0,0.0
VEN_0182_1,PERF_0182,2026-04-30,2026-04-01,2026-04-30,situacion_critica,situacion_critica,en_riesgo,calculado,99.82,baja,variable,True,alta,evidencia_temporal_disponible,balance_negativo,ninguna_relevante_para_el_periodo,La ventana entre 2026-04-01 y 2026-04-30 muestra un balance de -4857000 COP y una cobertura estimada de 0.00 meses. Este resultado describe el periodo y no a la persona.,train,99.82,0.18,0.0,0.0,0.0,0.0,0.0
VEN_0182_2,PERF_0182,2026-05-31,2026-04-01,2026-05-31,situacion_critica,situacion_critica,en_riesgo,calculado,99.82,baja,variable,True,alta,evidencia_temporal_disponible,balance_negativo,ninguna_relevante_para_el_periodo,La ventana entre 2026-04-01 y 2026-05-31 muestra un balance de -12558000 COP y una cobertura estimada de 0.00 meses. Este resultado describe el periodo y no a la persona.,train,99.82,0.18,0.0,0.0,0.0,0.0,0.0
VEN_0182_3,PERF_0182,2026-06-30,2026-04-01,2026-06-30,situacion_critica,situacion_critica,en_riesgo,calculado,100.0,baja,variable,True,alta,evidencia_temporal_disponible,balance_negativo,ninguna_relevante_para_el_periodo,La ventana entre 2026-04-01 y 2026-06-30 muestra un balance de -20004000 COP y una cobertura estimada de 0.00 meses. Este resultado describe el periodo y no a la persona.,train,100.0,0.0,0.0,0.0,0.0,0.0,0.0
VEN_0183_1,PERF_0183,2026-04-30,2026-04-01,2026-04-30,acumulacion_estable,acumulacion_estable,saludable,calculado,83.35,baja,mixto,True,alta,balance_no_negativo,sin_factor_dominante,ninguna_relevante_para_el_periodo,La ventana entre 2026-04-01 y 2026-04-30 muestra un balance de 730000 COP y una cobertura estimada de 5.03 meses. Este resultado describe el periodo y no a la persona.,train,0.0,0.0,0.33,83.35,0.0,10.21,6.11
VEN_0183_2,PERF_0183,2026-05-31,2026-04-01,2026-05-31,variable_resiliente,variable_resiliente,saludable,calculado,99.29,baja,mixto,True,alta,balance_no_negativo,sin_factor_dominante,ninguna_relevante_para_el_periodo,La ventana entre 2026-04-01 y 2026-05-31 muestra un balance de 3041000 COP y una cobertura estimada de 6.85 meses. Este resultado describe el periodo y no a la persona.,train,0.0,0.0,0.0,0.71,0.0,0.0,99.29
VEN_0183_3,PERF_0183,2026-06-30,2026-04-01,2026-06-30,variable_resiliente,variable_resiliente,saludable,calculado,96.76,baja,mixto,True,alta,balance_no_negativo,sin_factor_dominante,ninguna_relevante_para_el_periodo,La ventana entre 2026-04-01 y 2026-06-30 muestra un balance de 5469000 COP y una cobertura estimada de 8.38 meses. Este resultado describe el periodo y no a la persona.,train,0.0,0.12,0.0,2.79,0.0,0.33,96.76
VEN_0184_1,PERF_0184,2026-04-30,2026-04-01,2026-04-30,equilibrio_sostenible,equilibrio_sostenible,saludable,calculado,84.97,baja,variable,True,alta,balance_no_negativo,sin_factor_dominante,ninguna_relevante_para_el_periodo,La ventana entre 2026-04-01 y 2026-04-30 muestra un balance de 907000 COP y una cobertura estimada de 0.88 meses. Este resultado describe el periodo y no a la persona.,test,0.0,6.55,2.34,4.89,0.92,84.97,0.33
VEN_0184_2,PERF_0184,2026-05-31,2026-04-01,2026-05-31,equilibrio_sostenible,equilibrio_sostenible,saludable,calculado,92.54,baja,variable,True,alta,balance_no_negativo,sin_factor_dominante,ninguna_relevante_para_el_periodo,La ventana entre 2026-04-01 y 2026-05-31 muestra un balance de 1643000 COP y una cobertura estimada de 1.38 meses. Este resultado describe el periodo y no a la persona.,test,0.0,1.51,1.82,3.91,0.12,92.54,0.1
VEN_0184_3,PERF_0184,2026-06-30,2026-04-01,2026-06-30,equilibrio_sostenible,equilibrio_sostenible,saludable,calculado,92.02,baja,variable,True,alta,balance_no_negativo,sin_factor_dominante,ninguna_relevante_para_el_periodo,La ventana entre 2026-04-01 y 2026-06-30 muestra un balance de 2269000 COP y una cobertura estimada de 1.40 meses. Este resultado describe el periodo y no a la persona.,test,0.0,1.56,1.67,4.16,0.23,92.02,0.37
VEN_0185_1,PERF_0185,2026-04-30,2026-04-01,2026-04-30,situacion_critica,situacion_critica,en_riesgo,calculado,97.71,baja,fijo,True,alta,evidencia_temporal_disponible,balance_negativo,ninguna_relevante_para_el_periodo,La ventana entre 2026-04-01 y 2026-04-30 muestra un balance de -3490000 COP y una cobertura estimada de 0.00 meses. Este resultado describe el periodo y no a la persona.,test,97.71,2.29,0.0,0.0,0.0,0.0,0.0
VEN_0185_2,PERF_0185,2026-05-31,2026-04-01,2026-05-31,situacion_critica,situacion_critica,en_riesgo,calculado,99.72,baja,fijo,True,alta,evidencia_temporal_disponible,balance_negativo,ninguna_relevante_para_el_periodo,La ventana entre 2026-04-01 y 2026-05-31 muestra un balance de -8335000 COP y una cobertura estimada de 0.00 meses. Este resultado describe el periodo y no a la persona.,test,99.72,0.12,0.0,0.0,0.16,0.0,0.0
VEN_0185_3,PERF_0185,2026-06-30,2026-04-01,2026-06-30,situacion_critica,situacion_critica,en_riesgo,calculado,99.83,baja,fijo,True,alta,evidencia_temporal_disponible,balance_negativo,ninguna_relevante_para_el_periodo,La ventana entre 2026-04-01 y 2026-06-30 muestra un balance de -13180000 COP y una cobertura estimada de 0.00 meses. Este resultado describe el periodo y no a la persona.,test,99.83,0.17,0.0,0.0,0.0,0.0,0.0
VEN_0186_1,PERF_0186,2026-04-30,2026-04-01,2026-04-30,acumulacion_estable,acumulacion_estable,saludable,calculado,70.83,media,mixto,False,alta,balance_no_negativo,sin_factor_dominante,ninguna_relevante_para_el_periodo,La ventana entre 2026-04-01 y 2026-04-30 muestra un balance de 450000 COP y una cobertura estimada de 9.32 meses. Este resultado describe el periodo y no a la persona.,test,0.0,0.0,0.24,70.83,0.0,24.23,4.7
VEN_0186_2,PERF_0186,2026-05-31,2026-04-01,2026-05-31,deterioro_reciente,deterioro_reciente,en_observacion,calculado,67.25,media,mixto,False,alta,evidencia_temporal_disponible,balance_negativo,ninguna_relevante_para_el_periodo,La ventana entre 2026-04-01 y 2026-05-31 muestra un balance de -5483000 COP y una cobertura estimada de 4.18 meses. Este resultado describe el periodo y no a la persona.,test,0.51,2.31,28.31,1.49,67.25,0.14,0.0
VEN_0186_3,PERF_0186,2026-06-30,2026-04-01,2026-06-30,uso_planificado_reserva,estado_incierto,no_disponible,requiere_confirmacion,65.4,alta,mixto,False,alta,evidencia_temporal_disponible,balance_negativo,ninguna_relevante_para_el_periodo,La ventana entre 2026-04-01 y 2026-06-30 muestra un balance de -10781000 COP y una cobertura estimada de 2.48 meses. Este resultado describe el periodo y no a la persona.,test,0.95,23.38,65.4,0.0,9.86,0.39,0.0
VEN_0187_1,PERF_0187,2026-04-30,2026-04-01,2026-04-30,uso_planificado_reserva,estado_incierto,no_disponible,requiere_confirmacion,97.99,alta,sin_ingresos,False,alta,evidencia_temporal_disponible,balance_negativo,motivo_de_periodos_sin_ingreso,La ventana entre 2026-04-01 y 2026-04-30 muestra un balance de -4447000 COP y una cobertura estimada de 2.57 meses. Este resultado describe el periodo y no a la persona.,test,0.08,1.93,97.99,0.0,0.0,0.0,0.0
VEN_0187_2,PERF_0187,2026-05-31,2026-04-01,2026-05-31,fragilidad_sostenida,fragilidad_sostenida,en_riesgo,calculado,91.57,baja,sin_ingresos,False,alta,evidencia_temporal_disponible,balance_negativo,motivo_de_periodos_sin_ingreso,La ventana entre 2026-04-01 y 2026-05-31 muestra un balance de -8894000 COP y una cobertura estimada de 1.37 meses. Este resultado describe el periodo y no a la persona.,test,1.36,91.57,1.91,0.0,5.01,0.16,0.0
VEN_0187_3,PERF_0187,2026-06-30,2026-04-01,2026-06-30,situacion_critica,situacion_critica,en_riesgo,calculado,100.0,baja,sin_ingresos,False,alta,evidencia_temporal_disponible,balance_negativo,motivo_de_periodos_sin_ingreso,La ventana entre 2026-04-01 y 2026-06-30 muestra un balance de -15353000 COP y una cobertura estimada de 0.00 meses. Este resultado describe el periodo y no a la persona.,test,100.0,0.0,0.0,0.0,0.0,0.0,0.0
VEN_0188_1,PERF_0188,2026-04-30,2026-04-01,2026-04-30,situacion_critica,situacion_critica,en_riesgo,calculado,98.96,baja,mixto,True,alta,evidencia_temporal_disponible,balance_negativo,ninguna_relevante_para_el_periodo,La ventana entre 2026-04-01 y 2026-04-30 muestra un balance de -4565000 COP y una cobertura estimada de 0.00 meses. Este resultado describe el periodo y no a la persona.,validation,98.96,0.46,0.58,0.0,0.0,0.0,0.0
VEN_0188_2,PERF_0188,2026-05-31,2026-04-01,2026-05-31,situacion_critica,situacion_critica,en_riesgo,calculado,100.0,baja,mixto,True,alta,evidencia_temporal_disponible,balance_negativo,ninguna_relevante_para_el_periodo,La ventana entre 2026-04-01 y 2026-05-31 muestra un balance de -11433000 COP y una cobertura estimada de 0.00 meses. Este resultado describe el periodo y no a la persona.,validation,100.0,0.0,0.0,0.0,0.0,0.0,0.0
VEN_0188_3,PERF_0188,2026-06-30,2026-04-01,2026-06-30,situacion_critica,situacion_critica,en_riesgo,calculado,97.96,baja,mixto,True,alta,evidencia_temporal_disponible,balance_negativo,ninguna_relevante_para_el_periodo,La ventana entre 2026-04-01 y 2026-06-30 muestra un balance de -13939000 COP y una cobertura estimada de 0.00 meses. Este resultado describe el periodo y no a la persona.,validation,97.96,1.58,0.31,0.0,0.16,0.0,0.0
VEN_0189_1,PERF_0189,2026-04-30,2026-04-01,2026-04-30,situacion_critica,situacion_critica,en_riesgo,calculado,98.92,baja,mixto,True,alta,evidencia_temporal_disponible,balance_negativo,ninguna_relevante_para_el_periodo,La ventana entre 2026-04-01 y 2026-04-30 muestra un balance de -5242000 COP y una cobertura estimada de 0.00 meses. Este resultado describe el periodo y no a la persona.,validation,98.92,0.83,0.25,0.0,0.0,0.0,0.0
VEN_0189_2,PERF_0189,2026-05-31,2026-04-01,2026-05-31,situacion_critica,situacion_critica,en_riesgo,calculado,99.77,baja,mixto,True,alta,evidencia_temporal_disponible,balance_negativo,ninguna_relevante_para_el_periodo,La ventana entre 2026-04-01 y 2026-05-31 muestra un balance de -10454000 COP y una cobertura estimada de 0.00 meses. Este resultado describe el periodo y no a la persona.,validation,99.77,0.16,0.07,0.0,0.0,0.0,0.0
VEN_0189_3,PERF_0189,2026-06-30,2026-04-01,2026-06-30,situacion_critica,situacion_critica,en_riesgo,calculado,99.84,baja,mixto,True,alta,evidencia_temporal_disponible,balance_negativo,ninguna_relevante_para_el_periodo,La ventana entre 2026-04-01 y 2026-06-30 muestra un balance de -15784000 COP y una cobertura estimada de 0.00 meses. Este resultado describe el periodo y no a la persona.,validation,99.84,0.0,0.16,0.0,0.0,0.0,0.0
VEN_0190_1,PERF_0190,2026-04-30,2026-04-01,2026-04-30,equilibrio_sostenible,equilibrio_sostenible,saludable,calculado,91.16,baja,mixto,True,alta,balance_no_negativo,sin_factor_dominante,ninguna_relevante_para_el_periodo,La ventana entre 2026-04-01 y 2026-04-30 muestra un balance de 611000 COP y una cobertura estimada de 2.06 meses. Este resultado describe el periodo y no a la persona.,train,0.0,0.0,0.16,6.07,0.0,91.16,2.61
VEN_0190_2,PERF_0190,2026-05-31,2026-04-01,2026-05-31,variable_resiliente,variable_resiliente,saludable,calculado,98.55,baja,mixto,True,alta,balance_no_negativo,sin_factor_dominante,ninguna_relevante_para_el_periodo,La ventana entre 2026-04-01 y 2026-05-31 muestra un balance de 3972000 COP y una cobertura estimada de 4.02 meses. Este resultado describe el periodo y no a la persona.,train,0.0,0.18,0.0,0.89,0.0,0.38,98.55
VEN_0190_3,PERF_0190,2026-06-30,2026-04-01,2026-06-30,variable_resiliente,variable_resiliente,saludable,calculado,97.76,baja,mixto,True,alta,balance_no_negativo,sin_factor_dominante,ninguna_relevante_para_el_periodo,La ventana entre 2026-04-01 y 2026-06-30 muestra un balance de 7837000 COP y una cobertura estimada de 6.05 meses. Este resultado describe el periodo y no a la persona.,train,0.0,0.17,0.0,1.71,0.0,0.35,97.76
VEN_0191_1,PERF_0191,2026-04-30,2026-04-01,2026-04-30,equilibrio_sostenible,equilibrio_sostenible,saludable,calculado,97.3,baja,variable,False,alta,balance_no_negativo,sin_factor_dominante,ninguna_relevante_para_el_periodo,La ventana entre 2026-04-01 y 2026-04-30 muestra un balance de 710000 COP y una cobertura estimada de 1.52 meses. Este resultado describe el periodo y no a la persona.,validation,0.0,0.2,0.38,2.02,0.0,97.3,0.1
VEN_0191_2,PERF_0191,2026-05-31,2026-04-01,2026-05-31,equilibrio_sostenible,equilibrio_sostenible,saludable,calculado,75.18,baja,variable,False,alta,balance_no_negativo,sin_factor_dominante,ninguna_relevante_para_el_periodo,La ventana entre 2026-04-01 y 2026-05-31 muestra un balance de 2251000 COP y una cobertura estimada de 1.90 meses. Este resultado describe el periodo y no a la persona.,validation,0.0,0.46,0.41,2.43,0.0,75.18,21.52
VEN_0191_3,PERF_0191,2026-06-30,2026-04-01,2026-06-30,equilibrio_sostenible,equilibrio_sostenible,saludable,calculado,93.67,baja,variable,False,alta,balance_no_negativo,sin_factor_dominante,ninguna_relevante_para_el_periodo,La ventana entre 2026-04-01 y 2026-06-30 muestra un balance de 2803000 COP y una cobertura estimada de 1.77 meses. Este resultado describe el periodo y no a la persona.,validation,0.0,0.0,0.19,5.56,0.0,93.67,0.58
VEN_0192_1,PERF_0192,2026-04-30,2026-04-01,2026-04-30,acumulacion_estable,acumulacion_estable,saludable,calculado,82.69,baja,variable,False,alta,balance_no_negativo,sin_factor_dominante,ninguna_relevante_para_el_periodo,La ventana entre 2026-04-01 y 2026-04-30 muestra un balance de 444000 COP y una cobertura estimada de 4.32 meses. Este resultado describe el periodo y no a la persona.,train,0.01,0.09,0.89,82.69,0.0,14.87,1.47
VEN_0192_2,PERF_0192,2026-05-31,2026-04-01,2026-05-31,deterioro_reciente,deterioro_reciente,en_observacion,calculado,57.95,media,variable,False,alta,evidencia_temporal_disponible,balance_negativo,ninguna_relevante_para_el_periodo,La ventana entre 2026-04-01 y 2026-05-31 muestra un balance de -2527000 COP y una cobertura estimada de 2.80 meses. Este resultado describe el periodo y no a la persona.,train,0.21,5.58,35.85,0.08,57.95,0.33,0.0
VEN_0192_3,PERF_0192,2026-06-30,2026-04-01,2026-06-30,uso_planificado_reserva,estado_incierto,no_disponible,requiere_confirmacion,83.67,alta,variable,False,alta,evidencia_temporal_disponible,balance_negativo,ninguna_relevante_para_el_periodo,La ventana entre 2026-04-01 y 2026-06-30 muestra un balance de -5274000 COP y una cobertura estimada de 1.89 meses. Este resultado describe el periodo y no a la persona.,train,0.32,5.95,83.67,0.0,8.91,0.98,0.17
VEN_0193_1,PERF_0193,2026-04-30,2026-04-01,2026-04-30,acumulacion_estable,acumulacion_estable,saludable,calculado,96.54,baja,variable,False,alta,balance_no_negativo,sin_factor_dominante,ninguna_relevante_para_el_periodo,La ventana entre 2026-04-01 y 2026-04-30 muestra un balance de 1765000 COP y una cobertura estimada de 7.00 meses. Este resultado describe el periodo y no a la persona.,train,0.0,0.0,0.0,96.54,0.0,1.77,1.69
VEN_0193_2,PERF_0193,2026-05-31,2026-04-01,2026-05-31,deterioro_reciente,deterioro_reciente,en_observacion,calculado,92.64,baja,variable,False,alta,evidencia_temporal_disponible,balance_negativo,ninguna_relevante_para_el_periodo,La ventana entre 2026-04-01 y 2026-05-31 muestra un balance de -3087000 COP y una cobertura estimada de 2.81 meses. Este resultado describe el periodo y no a la persona.,train,0.15,1.65,5.56,0.0,92.64,0.0,0.0
VEN_0193_3,PERF_0193,2026-06-30,2026-04-01,2026-06-30,fragilidad_sostenida,fragilidad_sostenida,en_riesgo,calculado,75.6,baja,variable,False,alta,evidencia_temporal_disponible,balance_negativo,ninguna_relevante_para_el_periodo,La ventana entre 2026-04-01 y 2026-06-30 muestra un balance de -7833000 COP y una cobertura estimada de 0.98 meses. Este resultado describe el periodo y no a la persona.,train,0.75,75.6,4.27,0.0,19.18,0.21,0.0
VEN_0194_1,PERF_0194,2026-04-30,2026-04-01,2026-04-30,equilibrio_sostenible,equilibrio_sostenible,saludable,calculado,95.52,baja,variable,True,alta,balance_no_negativo,sin_factor_dominante,ninguna_relevante_para_el_periodo,La ventana entre 2026-04-01 y 2026-04-30 muestra un balance de 964000 COP y una cobertura estimada de 1.99 meses. Este resultado describe el periodo y no a la persona.,validation,0.0,0.06,0.28,3.85,0.0,95.52,0.29
VEN_0194_2,PERF_0194,2026-05-31,2026-04-01,2026-05-31,equilibrio_sostenible,equilibrio_sostenible,saludable,calculado,95.3,baja,variable,True,alta,balance_no_negativo,sin_factor_dominante,ninguna_relevante_para_el_periodo,La ventana entre 2026-04-01 y 2026-05-31 muestra un balance de 1459000 COP y una cobertura estimada de 1.75 meses. Este resultado describe el periodo y no a la persona.,validation,0.0,0.2,0.38,3.54,0.15,95.3,0.43
VEN_0194_3,PERF_0194,2026-06-30,2026-04-01,2026-06-30,fragilidad_sostenida,fragilidad_sostenida,en_riesgo,calculado,89.72,baja,variable,True,alta,evidencia_temporal_disponible,balance_negativo,ninguna_relevante_para_el_periodo,La ventana entre 2026-04-01 y 2026-06-30 muestra un balance de -2764000 COP y una cobertura estimada de 0.33 meses. Este resultado describe el periodo y no a la persona.,validation,0.5,89.72,3.97,0.1,5.29,0.18,0.25
VEN_0195_1,PERF_0195,2026-04-30,2026-04-01,2026-04-30,situacion_critica,situacion_critica,en_riesgo,calculado,99.44,baja,estacional,False,alta,evidencia_temporal_disponible,balance_negativo,ninguna_relevante_para_el_periodo,La ventana entre 2026-04-01 y 2026-04-30 muestra un balance de -2029000 COP y una cobertura estimada de 0.00 meses. Este resultado describe el periodo y no a la persona.,validation,99.44,0.38,0.0,0.0,0.17,0.0,0.0
VEN_0195_2,PERF_0195,2026-05-31,2026-04-01,2026-05-31,situacion_critica,situacion_critica,en_riesgo,calculado,97.41,baja,estacional,False,alta,evidencia_temporal_disponible,balance_negativo,motivo_de_periodos_sin_ingreso,La ventana entre 2026-04-01 y 2026-05-31 muestra un balance de -8203000 COP y una cobertura estimada de 0.00 meses. Este resultado describe el periodo y no a la persona.,validation,97.41,1.68,0.0,0.0,0.91,0.0,0.0
VEN_0195_3,PERF_0195,2026-06-30,2026-04-01,2026-06-30,situacion_critica,situacion_critica,en_riesgo,calculado,99.51,baja,estacional,False,alta,evidencia_temporal_disponible,balance_negativo,motivo_de_periodos_sin_ingreso,La ventana entre 2026-04-01 y 2026-06-30 muestra un balance de -12235000 COP y una cobertura estimada de 0.00 meses. Este resultado describe el periodo y no a la persona.,validation,99.51,0.26,0.22,0.0,0.0,0.0,0.0
VEN_0196_1,PERF_0196,2026-04-30,2026-04-01,2026-04-30,situacion_critica,situacion_critica,en_riesgo,calculado,99.77,baja,mixto,False,alta,evidencia_temporal_disponible,balance_negativo,ninguna_relevante_para_el_periodo,La ventana entre 2026-04-01 y 2026-04-30 muestra un balance de -8750000 COP y una cobertura estimada de 0.00 meses. Este resultado describe el periodo y no a la persona.,validation,99.77,0.0,0.23,0.0,0.0,0.0,0.0
VEN_0196_2,PERF_0196,2026-05-31,2026-04-01,2026-05-31,situacion_critica,situacion_critica,en_riesgo,calculado,99.85,baja,mixto,False,alta,evidencia_temporal_disponible,balance_negativo,ninguna_relevante_para_el_periodo,La ventana entre 2026-04-01 y 2026-05-31 muestra un balance de -19355000 COP y una cobertura estimada de 0.00 meses. Este resultado describe el periodo y no a la persona.,validation,99.85,0.0,0.15,0.0,0.0,0.0,0.0
VEN_0196_3,PERF_0196,2026-06-30,2026-04-01,2026-06-30,situacion_critica,situacion_critica,en_riesgo,calculado,100.0,baja,mixto,False,alta,evidencia_temporal_disponible,balance_negativo,ninguna_relevante_para_el_periodo,La ventana entre 2026-04-01 y 2026-06-30 muestra un balance de -29964000 COP y una cobertura estimada de 0.00 meses. Este resultado describe el periodo y no a la persona.,validation,100.0,0.0,0.0,0.0,0.0,0.0,0.0
VEN_0197_1,PERF_0197,2026-04-30,2026-04-01,2026-04-30,uso_planificado_reserva,uso_planificado_reserva,en_observacion,calculado,99.57,baja,fijo,True,alta,evidencia_temporal_disponible,balance_negativo,ninguna_relevante_para_el_periodo,La ventana entre 2026-04-01 y 2026-04-30 muestra un balance de -5684000 COP y una cobertura estimada de 2.61 meses. Este resultado describe el periodo y no a la persona.,validation,0.0,0.43,99.57,0.0,0.0,0.0,0.0
VEN_0197_2,PERF_0197,2026-05-31,2026-04-01,2026-05-31,fragilidad_sostenida,fragilidad_sostenida,en_riesgo,calculado,82.26,baja,fijo,True,alta,evidencia_temporal_disponible,balance_negativo,ninguna_relevante_para_el_periodo,La ventana entre 2026-04-01 y 2026-05-31 muestra un balance de -11368000 COP y una cobertura estimada de 1.84 meses. Este resultado describe el periodo y no a la persona.,validation,0.74,82.26,12.47,0.0,4.4,0.0,0.13
VEN_0197_3,PERF_0197,2026-06-30,2026-04-01,2026-06-30,fragilidad_sostenida,fragilidad_sostenida,en_riesgo,calculado,93.48,baja,fijo,True,alta,evidencia_temporal_disponible,balance_negativo,ninguna_relevante_para_el_periodo,La ventana entre 2026-04-01 y 2026-06-30 muestra un balance de -17052000 COP y una cobertura estimada de 0.37 meses. Este resultado describe el periodo y no a la persona.,validation,2.81,93.48,1.49,0.0,2.21,0.0,0.0
VEN_0198_1,PERF_0198,2026-04-30,2026-04-01,2026-04-30,equilibrio_sostenible,equilibrio_sostenible,saludable,calculado,91.31,baja,variable,False,alta,balance_no_negativo,sin_factor_dominante,ninguna_relevante_para_el_periodo,La ventana entre 2026-04-01 y 2026-04-30 muestra un balance de 341000 COP y una cobertura estimada de 0.62 meses. Este resultado describe el periodo y no a la persona.,train,0.05,0.88,1.12,6.42,0.03,91.31,0.2
VEN_0198_2,PERF_0198,2026-05-31,2026-04-01,2026-05-31,equilibrio_sostenible,equilibrio_sostenible,saludable,calculado,94.69,baja,variable,False,alta,balance_no_negativo,sin_factor_dominante,ninguna_relevante_para_el_periodo,La ventana entre 2026-04-01 y 2026-05-31 muestra un balance de 692000 COP y una cobertura estimada de 0.73 meses. Este resultado describe el periodo y no a la persona.,train,0.01,1.16,0.44,3.36,0.2,94.69,0.14
VEN_0198_3,PERF_0198,2026-06-30,2026-04-01,2026-06-30,equilibrio_sostenible,equilibrio_sostenible,saludable,calculado,93.4,baja,variable,False,alta,balance_no_negativo,sin_factor_dominante,ninguna_relevante_para_el_periodo,La ventana entre 2026-04-01 y 2026-06-30 muestra un balance de 1271000 COP y una cobertura estimada de 1.09 meses. Este resultado describe el periodo y no a la persona.,train,0.0,0.08,0.09,5.78,0.0,93.4,0.65
VEN_0199_1,PERF_0199,2026-04-30,2026-04-01,2026-04-30,acumulacion_estable,acumulacion_estable,saludable,calculado,88.08,baja,variable,True,alta,balance_no_negativo,sin_factor_dominante,ninguna_relevante_para_el_periodo,La ventana entre 2026-04-01 y 2026-04-30 muestra un balance de 286000 COP y una cobertura estimada de 4.12 meses. Este resultado describe el periodo y no a la persona.,validation,0.02,0.0,0.98,88.08,0.03,10.54,0.35
VEN_0199_2,PERF_0199,2026-05-31,2026-04-01,2026-05-31,variable_resiliente,variable_resiliente,saludable,calculado,97.62,baja,variable,True,alta,balance_no_negativo,sin_factor_dominante,ninguna_relevante_para_el_periodo,La ventana entre 2026-04-01 y 2026-05-31 muestra un balance de 3572000 COP y una cobertura estimada de 6.40 meses. Este resultado describe el periodo y no a la persona.,validation,0.0,0.06,0.16,2.04,0.0,0.12,97.62
VEN_0199_3,PERF_0199,2026-06-30,2026-04-01,2026-06-30,variable_resiliente,variable_resiliente,saludable,calculado,94.38,baja,variable,True,alta,balance_no_negativo,sin_factor_dominante,ninguna_relevante_para_el_periodo,La ventana entre 2026-04-01 y 2026-06-30 muestra un balance de 6838000 COP y una cobertura estimada de 8.71 meses. Este resultado describe el periodo y no a la persona.,validation,0.0,0.04,0.21,4.88,0.0,0.49,94.38
VEN_0200_1,PERF_0200,2026-04-30,2026-04-01,2026-04-30,uso_planificado_reserva,uso_planificado_reserva,en_observacion,calculado,98.93,baja,fijo,True,alta,evidencia_temporal_disponible,balance_negativo,ninguna_relevante_para_el_periodo,La ventana entre 2026-04-01 y 2026-04-30 muestra un balance de -2449000 COP y una cobertura estimada de 4.25 meses. Este resultado describe el periodo y no a la persona.,train,0.0,1.07,98.93,0.0,0.0,0.0,0.0
VEN_0200_2,PERF_0200,2026-05-31,2026-04-01,2026-05-31,fragilidad_sostenida,fragilidad_sostenida,en_riesgo,calculado,50.78,media,fijo,True,alta,evidencia_temporal_disponible,balance_negativo,ninguna_relevante_para_el_periodo,La ventana entre 2026-04-01 y 2026-05-31 muestra un balance de -9704000 COP y una cobertura estimada de 0.49 meses. Este resultado describe el periodo y no a la persona.,train,2.44,50.78,0.0,0.0,46.79,0.0,0.0
VEN_0200_3,PERF_0200,2026-06-30,2026-04-01,2026-06-30,situacion_critica,situacion_critica,en_riesgo,calculado,99.82,baja,fijo,True,alta,evidencia_temporal_disponible,balance_negativo,ninguna_relevante_para_el_periodo,La ventana entre 2026-04-01 y 2026-06-30 muestra un balance de -16959000 COP y una cobertura estimada de 0.00 meses. Este resultado describe el periodo y no a la persona.,train,99.82,0.18,0.0,0.0,0.0,0.0,0.0
