perfil_id,ventana_id,periodo_desde,periodo_hasta,estado_trayectoria,estado_motor,recomendacion_id,recomendacion_candidata_modelo,fuente_seleccion,recomendacion,tipo_recomendacion,decision,prioridad,confianza_recomendacion_pct,confianza_candidata_modelo_pct,revision_humana,razon_decision,aspectos_protegidos,hobbies_considerados,meta_relacionada,condiciones_exclusion,riesgo_si_se_aplica,motivos,guardas_aplicadas,porcentajes_recomendacion
PERF_0164,VEN_0164_3,2026-04-01,2026-06-30,variable_resiliente,recomendacion_disponible,REC_PRIORIZAR_COBERTURA,REC_RESERVA_PICOS,guarda_etica,"Priorizar vivienda, alimentación, salud y servicios; revisar opciones de renegociación de deuda sin eliminar automáticamente los hobbies.",proteccion_esencial,aplicar,alta,0.1,98.85,no_requerida,La recomendación REC_PRIORIZAR_COBERTURA se limita al estado variable_resiliente observado entre 2026-04-01 00:00:00 y 2026-06-30 00:00:00. Meta declarada: no_declarada. Guardas: cobertura_esencial_menor_a_un_mes | hobbies_no_eliminados_automaticamente.,necesidades_esenciales | hobbies:musica,musica,,no_declarar_riesgo_solo_por_ingreso_variable | no_eliminar_hobbies_por_defecto | no_tratar_el_estado_como_identidad_permanente,podria_reducir_bienestar_o_desconocer_el_contexto,,cobertura_esencial_menor_a_un_mes | hobbies_no_eliminados_automaticamente,REC_RESERVA_PICOS:98.85 | REC_REVISAR_CAMBIO_RECIENTE:0.68 | REC_VIGILAR_RESERVA:0.23 | REC_PLAN_CONTENCION:0.1 | REC_PRIORIZAR_COBERTURA:0.1 | REC_CREAR_MARGEN:0.05 | REC_MANTENER_ACUMULACION:0.0
PERF_0172,VEN_0172_3,2026-04-01,2026-06-30,uso_planificado_reserva,recomendacion_disponible,REC_VIGILAR_RESERVA,REC_VIGILAR_RESERVA,modelo_restringido,Mantener el gasto alineado con la meta y revisar que la reserva conserve cobertura suficiente durante el siguiente cierre.,seguimiento_meta,sugerir,media,99.56,99.56,no_requerida,La recomendación REC_VIGILAR_RESERVA se limita al estado uso_planificado_reserva observado entre 2026-04-01 00:00:00 y 2026-06-30 00:00:00. Meta declarada: no_declarada. Guardas: hobbies_no_eliminados_automaticamente.,necesidades_esenciales | hobbies:cocina_y_reposteria|videojuegos_y_streaming,cocina_y_reposteria | videojuegos_y_streaming,,no_declarar_riesgo_solo_por_ingreso_variable | no_eliminar_hobbies_por_defecto | no_tratar_el_estado_como_identidad_permanente,bajo,,hobbies_no_eliminados_automaticamente,REC_VIGILAR_RESERVA:99.56 | REC_REVISAR_CAMBIO_RECIENTE:0.37 | REC_RESERVA_PICOS:0.05 | REC_PRIORIZAR_COBERTURA:0.02 | REC_CREAR_MARGEN:0.0 | REC_MANTENER_ACUMULACION:0.0 | REC_PLAN_CONTENCION:0.0
PERF_0167,VEN_0167_3,2026-04-01,2026-06-30,fragilidad_sostenida,recomendacion_disponible,REC_PRIORIZAR_COBERTURA,REC_PRIORIZAR_COBERTURA,modelo_restringido,"Priorizar vivienda, alimentación, salud y servicios; revisar opciones de renegociación de deuda sin eliminar automáticamente los hobbies.",proteccion_esencial,aplicar,alta,99.64,99.64,no_requerida,La recomendación REC_PRIORIZAR_COBERTURA se limita al estado fragilidad_sostenida observado entre 2026-04-01 00:00:00 y 2026-06-30 00:00:00. Meta declarada: comprar_equipo_de_trabajo. Guardas: proteccion_esencial_por_fragilidad | hobbies_no_eliminados_automaticamente.,necesidades_esenciales | responsabilidad:medicamentos_de_un_familiar | meta:comprar_equipo_de_trabajo | hobbies:turismo_y_viajes,turismo_y_viajes,comprar_equipo_de_trabajo,no_declarar_riesgo_solo_por_ingreso_variable | no_eliminar_hobbies_por_defecto | no_tratar_el_estado_como_identidad_permanente,podria_reducir_bienestar_o_desconocer_el_contexto,,proteccion_esencial_por_fragilidad | hobbies_no_eliminados_automaticamente,REC_PRIORIZAR_COBERTURA:99.64 | REC_RESERVA_PICOS:0.2 | REC_VIGILAR_RESERVA:0.12 | REC_CREAR_MARGEN:0.03 | REC_PLAN_CONTENCION:0.01 | REC_MANTENER_ACUMULACION:0.0 | REC_REVISAR_CAMBIO_RECIENTE:0.0
PERF_0196,VEN_0196_3,2026-04-01,2026-06-30,situacion_critica,recomendacion_disponible,REC_PLAN_CONTENCION,REC_PLAN_CONTENCION,modelo_restringido,Activar un plan de contención centrado en necesidades esenciales y solicitar revisión humana para deuda y liquidez.,contencion_y_revision,aplicar,critica,99.88,99.88,requerida,La recomendación REC_PLAN_CONTENCION se limita al estado situacion_critica observado entre 2026-04-01 00:00:00 y 2026-06-30 00:00:00. Meta declarada: no_declarada. Guardas: situacion_critica_con_revision_humana | hobbies_no_eliminados_automaticamente.,necesidades_esenciales | hobbies:videojuegos_y_streaming,videojuegos_y_streaming,,no_declarar_riesgo_solo_por_ingreso_variable | no_eliminar_hobbies_por_defecto | no_tratar_el_estado_como_identidad_permanente,podria_reducir_bienestar_o_desconocer_el_contexto,,situacion_critica_con_revision_humana | hobbies_no_eliminados_automaticamente,REC_PLAN_CONTENCION:99.88 | REC_VIGILAR_RESERVA:0.06 | REC_RESERVA_PICOS:0.04 | REC_MANTENER_ACUMULACION:0.01 | REC_CREAR_MARGEN:0.0 | REC_PRIORIZAR_COBERTURA:0.0 | REC_REVISAR_CAMBIO_RECIENTE:0.0
PERF_0184,VEN_0184_3,2026-04-01,2026-06-30,equilibrio_sostenible,recomendacion_disponible,REC_CREAR_MARGEN,REC_CREAR_MARGEN,modelo_restringido,Crear un margen pequeño y flexible antes de aumentar compromisos fijos.,prevencion,sugerir,media,99.87,99.87,no_requerida,La recomendación REC_CREAR_MARGEN se limita al estado equilibrio_sostenible observado entre 2026-04-01 00:00:00 y 2026-06-30 00:00:00. Meta declarada: ampliar_actividad_economica. Guardas: hobbies_no_eliminados_automaticamente.,necesidades_esenciales | responsabilidad:gastos_de_un_hijo | meta:ampliar_actividad_economica | hobbies:musica,musica,ampliar_actividad_economica,no_declarar_riesgo_solo_por_ingreso_variable | no_eliminar_hobbies_por_defecto | no_tratar_el_estado_como_identidad_permanente,bajo,,hobbies_no_eliminados_automaticamente,REC_CREAR_MARGEN:99.87 | REC_REVISAR_CAMBIO_RECIENTE:0.07 | REC_MANTENER_ACUMULACION:0.07 | REC_PLAN_CONTENCION:0.0 | REC_PRIORIZAR_COBERTURA:0.0 | REC_RESERVA_PICOS:0.0 | REC_VIGILAR_RESERVA:0.0
PERF_0160,VEN_0160_3,2026-04-01,2026-06-30,fragilidad_sostenida,recomendacion_disponible,REC_PRIORIZAR_COBERTURA,REC_PRIORIZAR_COBERTURA,modelo_restringido,"Priorizar vivienda, alimentación, salud y servicios; revisar opciones de renegociación de deuda sin eliminar automáticamente los hobbies.",proteccion_esencial,aplicar,alta,99.97,99.97,no_requerida,La recomendación REC_PRIORIZAR_COBERTURA se limita al estado fragilidad_sostenida observado entre 2026-04-01 00:00:00 y 2026-06-30 00:00:00. Meta declarada: mejorar_vivienda. Guardas: proteccion_esencial_por_fragilidad | hobbies_no_eliminados_automaticamente.,necesidades_esenciales | responsabilidad:aporte_hogar_compartido | meta:mejorar_vivienda | hobbies:ciclismo|turismo_y_viajes,ciclismo | turismo_y_viajes,mejorar_vivienda,no_declarar_riesgo_solo_por_ingreso_variable | no_eliminar_hobbies_por_defecto | no_tratar_el_estado_como_identidad_permanente,podria_reducir_bienestar_o_desconocer_el_contexto,,proteccion_esencial_por_fragilidad | hobbies_no_eliminados_automaticamente,REC_PRIORIZAR_COBERTURA:99.97 | REC_VIGILAR_RESERVA:0.02 | REC_RESERVA_PICOS:0.01 | REC_CREAR_MARGEN:0.0 | REC_MANTENER_ACUMULACION:0.0 | REC_PLAN_CONTENCION:0.0 | REC_REVISAR_CAMBIO_RECIENTE:0.0
PERF_0189,VEN_0189_3,2026-04-01,2026-06-30,situacion_critica,recomendacion_disponible,REC_PLAN_CONTENCION,REC_PLAN_CONTENCION,modelo_restringido,Activar un plan de contención centrado en necesidades esenciales y solicitar revisión humana para deuda y liquidez.,contencion_y_revision,aplicar,critica,99.88,99.88,requerida,La recomendación REC_PLAN_CONTENCION se limita al estado situacion_critica observado entre 2026-04-01 00:00:00 y 2026-06-30 00:00:00. Meta declarada: mejorar_vivienda. Guardas: situacion_critica_con_revision_humana | hobbies_no_eliminados_automaticamente.,necesidades_esenciales | responsabilidad:ninguna_declarada | meta:mejorar_vivienda | hobbies:jardineria_y_agricultura_urbana|cocina_y_reposteria,jardineria_y_agricultura_urbana | cocina_y_reposteria,mejorar_vivienda,no_declarar_riesgo_solo_por_ingreso_variable | no_eliminar_hobbies_por_defecto | no_tratar_el_estado_como_identidad_permanente,podria_reducir_bienestar_o_desconocer_el_contexto,,situacion_critica_con_revision_humana | hobbies_no_eliminados_automaticamente,REC_PLAN_CONTENCION:99.88 | REC_VIGILAR_RESERVA:0.06 | REC_RESERVA_PICOS:0.04 | REC_MANTENER_ACUMULACION:0.01 | REC_CREAR_MARGEN:0.0 | REC_PRIORIZAR_COBERTURA:0.0 | REC_REVISAR_CAMBIO_RECIENTE:0.0
PERF_0152,VEN_0152_3,2026-04-01,2026-06-30,deterioro_reciente,recomendacion_disponible,REC_REVISAR_CAMBIO_RECIENTE,REC_REVISAR_CAMBIO_RECIENTE,modelo_restringido,Revisar el cambio reciente en ingresos y compromisos antes de modificar gastos personales valiosos.,diagnostico,solicitar_contexto,alta,99.59,99.59,requerida,La recomendación REC_REVISAR_CAMBIO_RECIENTE se limita al estado deterioro_reciente observado entre 2026-04-01 00:00:00 y 2026-06-30 00:00:00. Meta declarada: hacer_viaje. Guardas: cambio_reciente_requiere_revision | hobbies_no_eliminados_automaticamente.,necesidades_esenciales | responsabilidad:gastos_de_un_hijo | meta:hacer_viaje | hobbies:cocina_y_reposteria|impresion_3d,cocina_y_reposteria | impresion_3d,hacer_viaje,no_declarar_riesgo_solo_por_ingreso_variable | no_eliminar_hobbies_por_defecto | no_tratar_el_estado_como_identidad_permanente,podria_reducir_bienestar_o_desconocer_el_contexto,,cambio_reciente_requiere_revision | hobbies_no_eliminados_automaticamente,REC_REVISAR_CAMBIO_RECIENTE:99.59 | REC_MANTENER_ACUMULACION:0.16 | REC_VIGILAR_RESERVA:0.13 | REC_CREAR_MARGEN:0.07 | REC_RESERVA_PICOS:0.06 | REC_PLAN_CONTENCION:0.0 | REC_PRIORIZAR_COBERTURA:0.0
PERF_0162,VEN_0162_3,2026-04-01,2026-06-30,acumulacion_estable,recomendacion_disponible,REC_MANTENER_ACUMULACION,REC_MANTENER_ACUMULACION,modelo_restringido,Mantener el patrón actual y separar automáticamente una parte del excedente para la meta declarada.,mantenimiento_y_ahorro,aplicar,media,99.63,99.63,no_requerida,La recomendación REC_MANTENER_ACUMULACION se limita al estado acumulacion_estable observado entre 2026-04-01 00:00:00 y 2026-06-30 00:00:00. Meta declarada: ampliar_actividad_economica. Guardas: hobbies_no_eliminados_automaticamente.,necesidades_esenciales | responsabilidad:gastos_de_un_hijo | meta:ampliar_actividad_economica | hobbies:cocina_y_reposteria|pintura,cocina_y_reposteria | pintura,ampliar_actividad_economica,no_declarar_riesgo_solo_por_ingreso_variable | no_eliminar_hobbies_por_defecto | no_tratar_el_estado_como_identidad_permanente,bajo,,hobbies_no_eliminados_automaticamente,REC_MANTENER_ACUMULACION:99.63 | REC_REVISAR_CAMBIO_RECIENTE:0.2 | REC_VIGILAR_RESERVA:0.1 | REC_CREAR_MARGEN:0.07 | REC_PLAN_CONTENCION:0.0 | REC_PRIORIZAR_COBERTURA:0.0 | REC_RESERVA_PICOS:0.0
PERF_0197,VEN_0197_3,2026-04-01,2026-06-30,acumulacion_estable,recomendacion_disponible,REC_MANTENER_ACUMULACION,REC_MANTENER_ACUMULACION,modelo_restringido,Mantener el patrón actual y separar automáticamente una parte del excedente para la meta declarada.,mantenimiento_y_ahorro,aplicar,media,99.63,99.63,no_requerida,La recomendación REC_MANTENER_ACUMULACION se limita al estado acumulacion_estable observado entre 2026-04-01 00:00:00 y 2026-06-30 00:00:00. Meta declarada: comprar_equipo_de_trabajo. Guardas: hobbies_no_eliminados_automaticamente.,necesidades_esenciales | responsabilidad:ninguna_declarada | meta:comprar_equipo_de_trabajo | hobbies:turismo_y_viajes,turismo_y_viajes,comprar_equipo_de_trabajo,no_declarar_riesgo_solo_por_ingreso_variable | no_eliminar_hobbies_por_defecto | no_tratar_el_estado_como_identidad_permanente,bajo,,hobbies_no_eliminados_automaticamente,REC_MANTENER_ACUMULACION:99.63 | REC_REVISAR_CAMBIO_RECIENTE:0.2 | REC_VIGILAR_RESERVA:0.1 | REC_CREAR_MARGEN:0.07 | REC_PLAN_CONTENCION:0.0 | REC_PRIORIZAR_COBERTURA:0.0 | REC_RESERVA_PICOS:0.0
PERF_0171,VEN_0171_3,2026-04-01,2026-06-30,variable_resiliente,recomendacion_disponible,REC_RESERVA_PICOS,REC_RESERVA_PICOS,modelo_restringido,Reservar parte de los meses altos para cubrir los periodos de menor ingreso sin tratar la variabilidad como falla.,gestion_ingreso_variable,aplicar,alta,99.9,99.9,no_requerida,La recomendación REC_RESERVA_PICOS se limita al estado variable_resiliente observado entre 2026-04-01 00:00:00 y 2026-06-30 00:00:00. Meta declarada: no_declarada. Guardas: hobbies_no_eliminados_automaticamente.,necesidades_esenciales | responsabilidad:apoyo_parcial_a_dos_familiares | hobbies:pintura,pintura,,no_declarar_riesgo_solo_por_ingreso_variable | no_eliminar_hobbies_por_defecto | no_tratar_el_estado_como_identidad_permanente,bajo,,hobbies_no_eliminados_automaticamente,REC_RESERVA_PICOS:99.9 | REC_REVISAR_CAMBIO_RECIENTE:0.07 | REC_CREAR_MARGEN:0.01 | REC_PRIORIZAR_COBERTURA:0.01 | REC_MANTENER_ACUMULACION:0.0 | REC_PLAN_CONTENCION:0.0 | REC_VIGILAR_RESERVA:0.0
PERF_0161,VEN_0161_3,2026-04-01,2026-06-30,situacion_critica,recomendacion_disponible,REC_PLAN_CONTENCION,REC_PLAN_CONTENCION,modelo_restringido,Activar un plan de contención centrado en necesidades esenciales y solicitar revisión humana para deuda y liquidez.,contencion_y_revision,aplicar,critica,99.88,99.88,requerida,La recomendación REC_PLAN_CONTENCION se limita al estado situacion_critica observado entre 2026-04-01 00:00:00 y 2026-06-30 00:00:00. Meta declarada: hacer_certificacion_profesional. Guardas: situacion_critica_con_revision_humana | hobbies_no_eliminados_automaticamente.,necesidades_esenciales | meta:hacer_certificacion_profesional | hobbies:pintura,pintura,hacer_certificacion_profesional,no_declarar_riesgo_solo_por_ingreso_variable | no_eliminar_hobbies_por_defecto | no_tratar_el_estado_como_identidad_permanente,podria_reducir_bienestar_o_desconocer_el_contexto,,situacion_critica_con_revision_humana | hobbies_no_eliminados_automaticamente,REC_PLAN_CONTENCION:99.88 | REC_VIGILAR_RESERVA:0.06 | REC_RESERVA_PICOS:0.04 | REC_MANTENER_ACUMULACION:0.01 | REC_CREAR_MARGEN:0.0 | REC_PRIORIZAR_COBERTURA:0.0 | REC_REVISAR_CAMBIO_RECIENTE:0.0
PERF_0177,VEN_0177_3,2026-04-01,2026-06-30,equilibrio_sostenible,recomendacion_disponible,REC_CREAR_MARGEN,REC_CREAR_MARGEN,modelo_restringido,Crear un margen pequeño y flexible antes de aumentar compromisos fijos.,prevencion,sugerir,media,99.86,99.86,no_requerida,La recomendación REC_CREAR_MARGEN se limita al estado equilibrio_sostenible observado entre 2026-04-01 00:00:00 y 2026-06-30 00:00:00. Meta declarada: crear_fondo_emergencia. Guardas: hobbies_no_eliminados_automaticamente.,necesidades_esenciales | responsabilidad:ninguna_declarada | meta:crear_fondo_emergencia | hobbies:turismo_y_viajes|jardineria_y_agricultura_urbana,turismo_y_viajes | jardineria_y_agricultura_urbana,crear_fondo_emergencia,no_declarar_riesgo_solo_por_ingreso_variable | no_eliminar_hobbies_por_defecto | no_tratar_el_estado_como_identidad_permanente,bajo,,hobbies_no_eliminados_automaticamente,REC_CREAR_MARGEN:99.86 | REC_REVISAR_CAMBIO_RECIENTE:0.07 | REC_MANTENER_ACUMULACION:0.07 | REC_PLAN_CONTENCION:0.0 | REC_PRIORIZAR_COBERTURA:0.0 | REC_RESERVA_PICOS:0.0 | REC_VIGILAR_RESERVA:0.0
PERF_0183,VEN_0183_3,2026-04-01,2026-06-30,acumulacion_estable,recomendacion_disponible,REC_MANTENER_ACUMULACION,REC_MANTENER_ACUMULACION,modelo_restringido,Mantener el patrón actual y separar automáticamente una parte del excedente para la meta declarada.,mantenimiento_y_ahorro,aplicar,media,99.6,99.6,no_requerida,La recomendación REC_MANTENER_ACUMULACION se limita al estado acumulacion_estable observado entre 2026-04-01 00:00:00 y 2026-06-30 00:00:00. Meta declarada: crear_fondo_emergencia. Guardas: hobbies_no_eliminados_automaticamente.,necesidades_esenciales | responsabilidad:medicamentos_de_un_familiar | meta:crear_fondo_emergencia | hobbies:manualidades_y_artesanias|turismo_y_viajes,manualidades_y_artesanias | turismo_y_viajes,crear_fondo_emergencia,no_declarar_riesgo_solo_por_ingreso_variable | no_eliminar_hobbies_por_defecto | no_tratar_el_estado_como_identidad_permanente,bajo,,hobbies_no_eliminados_automaticamente,REC_MANTENER_ACUMULACION:99.6 | REC_REVISAR_CAMBIO_RECIENTE:0.2 | REC_VIGILAR_RESERVA:0.1 | REC_CREAR_MARGEN:0.07 | REC_PRIORIZAR_COBERTURA:0.04 | REC_PLAN_CONTENCION:0.0 | REC_RESERVA_PICOS:0.0
PERF_0198,VEN_0198_3,2026-04-01,2026-06-30,equilibrio_sostenible,recomendacion_disponible,REC_CREAR_MARGEN,REC_CREAR_MARGEN,modelo_restringido,Crear un margen pequeño y flexible antes de aumentar compromisos fijos.,prevencion,sugerir,media,99.85,99.85,no_requerida,La recomendación REC_CREAR_MARGEN se limita al estado equilibrio_sostenible observado entre 2026-04-01 00:00:00 y 2026-06-30 00:00:00. Meta declarada: no_declarada. Guardas: hobbies_no_eliminados_automaticamente.,necesidades_esenciales | responsabilidad:apoyo_mensual_madre_o_padre | hobbies:impresion_3d|turismo_y_viajes,impresion_3d | turismo_y_viajes,,no_declarar_riesgo_solo_por_ingreso_variable | no_eliminar_hobbies_por_defecto | no_tratar_el_estado_como_identidad_permanente,bajo,,hobbies_no_eliminados_automaticamente,REC_CREAR_MARGEN:99.85 | REC_MANTENER_ACUMULACION:0.07 | REC_REVISAR_CAMBIO_RECIENTE:0.07 | REC_PLAN_CONTENCION:0.0 | REC_PRIORIZAR_COBERTURA:0.0 | REC_RESERVA_PICOS:0.0 | REC_VIGILAR_RESERVA:0.0
PERF_0168,VEN_0168_3,2026-04-01,2026-06-30,situacion_critica,recomendacion_disponible,REC_PLAN_CONTENCION,REC_PLAN_CONTENCION,modelo_restringido,Activar un plan de contención centrado en necesidades esenciales y solicitar revisión humana para deuda y liquidez.,contencion_y_revision,aplicar,critica,99.94,99.94,requerida,La recomendación REC_PLAN_CONTENCION se limita al estado situacion_critica observado entre 2026-04-01 00:00:00 y 2026-06-30 00:00:00. Meta declarada: comprar_bicicleta. Guardas: situacion_critica_con_revision_humana | hobbies_no_eliminados_automaticamente.,necesidades_esenciales | meta:comprar_bicicleta | hobbies:impresion_3d|musica,impresion_3d | musica,comprar_bicicleta,no_declarar_riesgo_solo_por_ingreso_variable | no_eliminar_hobbies_por_defecto | no_tratar_el_estado_como_identidad_permanente,podria_reducir_bienestar_o_desconocer_el_contexto,,situacion_critica_con_revision_humana | hobbies_no_eliminados_automaticamente,REC_PLAN_CONTENCION:99.94 | REC_VIGILAR_RESERVA:0.04 | REC_RESERVA_PICOS:0.02 | REC_MANTENER_ACUMULACION:0.0 | REC_CREAR_MARGEN:0.0 | REC_PRIORIZAR_COBERTURA:0.0 | REC_REVISAR_CAMBIO_RECIENTE:0.0
PERF_0151,VEN_0151_3,2026-04-01,2026-06-30,uso_planificado_reserva,recomendacion_disponible,REC_PRIORIZAR_COBERTURA,REC_VIGILAR_RESERVA,guarda_etica,"Priorizar vivienda, alimentación, salud y servicios; revisar opciones de renegociación de deuda sin eliminar automáticamente los hobbies.",proteccion_esencial,aplicar,alta,0.26,99.1,no_requerida,La recomendación REC_PRIORIZAR_COBERTURA se limita al estado uso_planificado_reserva observado entre 2026-04-01 00:00:00 y 2026-06-30 00:00:00. Meta declarada: no_declarada. Guardas: cobertura_esencial_menor_a_un_mes | hobbies_no_eliminados_automaticamente.,necesidades_esenciales | hobbies:pintura|videojuegos_y_streaming,pintura | videojuegos_y_streaming,,no_declarar_riesgo_solo_por_ingreso_variable | no_eliminar_hobbies_por_defecto | no_tratar_el_estado_como_identidad_permanente,podria_reducir_bienestar_o_desconocer_el_contexto,,cobertura_esencial_menor_a_un_mes | hobbies_no_eliminados_automaticamente,REC_VIGILAR_RESERVA:99.1 | REC_PLAN_CONTENCION:0.34 | REC_PRIORIZAR_COBERTURA:0.26 | REC_REVISAR_CAMBIO_RECIENTE:0.22 | REC_MANTENER_ACUMULACION:0.08 | REC_CREAR_MARGEN:0.0 | REC_RESERVA_PICOS:0.0
PERF_0157,VEN_0157_3,2026-04-01,2026-06-30,variable_resiliente,recomendacion_disponible,REC_RESERVA_PICOS,REC_RESERVA_PICOS,modelo_restringido,Reservar parte de los meses altos para cubrir los periodos de menor ingreso sin tratar la variabilidad como falla.,gestion_ingreso_variable,aplicar,alta,99.99,99.99,no_requerida,La recomendación REC_RESERVA_PICOS se limita al estado variable_resiliente observado entre 2026-04-01 00:00:00 y 2026-06-30 00:00:00. Meta declarada: no_declarada. Guardas: hobbies_no_eliminados_automaticamente.,necesidades_esenciales | hobbies:turismo_y_viajes|pintura,turismo_y_viajes | pintura,,no_declarar_riesgo_solo_por_ingreso_variable | no_eliminar_hobbies_por_defecto | no_tratar_el_estado_como_identidad_permanente,bajo,,hobbies_no_eliminados_automaticamente,REC_RESERVA_PICOS:99.99 | REC_PRIORIZAR_COBERTURA:0.01 | REC_CREAR_MARGEN:0.0 | REC_MANTENER_ACUMULACION:0.0 | REC_PLAN_CONTENCION:0.0 | REC_REVISAR_CAMBIO_RECIENTE:0.0 | REC_VIGILAR_RESERVA:0.0
PERF_0170,VEN_0170_3,2026-04-01,2026-06-30,equilibrio_sostenible,recomendacion_disponible,REC_CREAR_MARGEN,REC_CREAR_MARGEN,modelo_restringido,Crear un margen pequeño y flexible antes de aumentar compromisos fijos.,prevencion,sugerir,media,99.85,99.85,no_requerida,La recomendación REC_CREAR_MARGEN se limita al estado equilibrio_sostenible observado entre 2026-04-01 00:00:00 y 2026-06-30 00:00:00. Meta declarada: no_declarada. Guardas: hobbies_no_eliminados_automaticamente.,necesidades_esenciales | hobbies:ciclismo|fotografia_y_video,ciclismo | fotografia_y_video,,no_declarar_riesgo_solo_por_ingreso_variable | no_eliminar_hobbies_por_defecto | no_tratar_el_estado_como_identidad_permanente,bajo,,hobbies_no_eliminados_automaticamente,REC_CREAR_MARGEN:99.85 | REC_MANTENER_ACUMULACION:0.07 | REC_REVISAR_CAMBIO_RECIENTE:0.07 | REC_PLAN_CONTENCION:0.0 | REC_PRIORIZAR_COBERTURA:0.0 | REC_RESERVA_PICOS:0.0 | REC_VIGILAR_RESERVA:0.0
PERF_0178,VEN_0178_3,2026-04-01,2026-06-30,variable_resiliente,recomendacion_disponible,REC_PRIORIZAR_COBERTURA,REC_RESERVA_PICOS,guarda_etica,"Priorizar vivienda, alimentación, salud y servicios; revisar opciones de renegociación de deuda sin eliminar automáticamente los hobbies.",proteccion_esencial,aplicar,alta,0.1,99.21,no_requerida,La recomendación REC_PRIORIZAR_COBERTURA se limita al estado variable_resiliente observado entre 2026-04-01 00:00:00 y 2026-06-30 00:00:00. Meta declarada: no_declarada. Guardas: cobertura_esencial_menor_a_un_mes | hobbies_no_eliminados_automaticamente.,necesidades_esenciales | responsabilidad:aporte_hogar_compartido | hobbies:impresion_3d,impresion_3d,,no_declarar_riesgo_solo_por_ingreso_variable | no_eliminar_hobbies_por_defecto | no_tratar_el_estado_como_identidad_permanente,podria_reducir_bienestar_o_desconocer_el_contexto,,cobertura_esencial_menor_a_un_mes | hobbies_no_eliminados_automaticamente,REC_RESERVA_PICOS:99.21 | REC_REVISAR_CAMBIO_RECIENTE:0.37 | REC_VIGILAR_RESERVA:0.23 | REC_PLAN_CONTENCION:0.1 | REC_PRIORIZAR_COBERTURA:0.1 | REC_CREAR_MARGEN:0.0 | REC_MANTENER_ACUMULACION:0.0
PERF_0199,VEN_0199_3,2026-04-01,2026-06-30,variable_resiliente,recomendacion_disponible,REC_RESERVA_PICOS,REC_RESERVA_PICOS,modelo_restringido,Reservar parte de los meses altos para cubrir los periodos de menor ingreso sin tratar la variabilidad como falla.,gestion_ingreso_variable,aplicar,alta,99.97,99.97,no_requerida,La recomendación REC_RESERVA_PICOS se limita al estado variable_resiliente observado entre 2026-04-01 00:00:00 y 2026-06-30 00:00:00. Meta declarada: comprar_bicicleta. Guardas: hobbies_no_eliminados_automaticamente.,necesidades_esenciales | responsabilidad:aporte_hogar_compartido | meta:comprar_bicicleta | hobbies:jardineria_y_agricultura_urbana|ciclismo,jardineria_y_agricultura_urbana | ciclismo,comprar_bicicleta,no_declarar_riesgo_solo_por_ingreso_variable | no_eliminar_hobbies_por_defecto | no_tratar_el_estado_como_identidad_permanente,bajo,,hobbies_no_eliminados_automaticamente,REC_RESERVA_PICOS:99.97 | REC_REVISAR_CAMBIO_RECIENTE:0.03 | REC_CREAR_MARGEN:0.0 | REC_MANTENER_ACUMULACION:0.0 | REC_PLAN_CONTENCION:0.0 | REC_PRIORIZAR_COBERTURA:0.0 | REC_VIGILAR_RESERVA:0.0
PERF_0181,VEN_0181_3,2026-04-01,2026-06-30,fragilidad_sostenida,recomendacion_disponible,REC_PRIORIZAR_COBERTURA,REC_PRIORIZAR_COBERTURA,modelo_restringido,"Priorizar vivienda, alimentación, salud y servicios; revisar opciones de renegociación de deuda sin eliminar automáticamente los hobbies.",proteccion_esencial,aplicar,alta,99.87,99.87,no_requerida,La recomendación REC_PRIORIZAR_COBERTURA se limita al estado fragilidad_sostenida observado entre 2026-04-01 00:00:00 y 2026-06-30 00:00:00. Meta declarada: hacer_viaje. Guardas: proteccion_esencial_por_fragilidad | hobbies_no_eliminados_automaticamente.,necesidades_esenciales | responsabilidad:apoyo_parcial_a_dos_familiares | meta:hacer_viaje | hobbies:pintura|turismo_y_viajes,pintura | turismo_y_viajes,hacer_viaje,no_declarar_riesgo_solo_por_ingreso_variable | no_eliminar_hobbies_por_defecto | no_tratar_el_estado_como_identidad_permanente,podria_reducir_bienestar_o_desconocer_el_contexto,,proteccion_esencial_por_fragilidad | hobbies_no_eliminados_automaticamente,REC_PRIORIZAR_COBERTURA:99.87 | REC_VIGILAR_RESERVA:0.12 | REC_RESERVA_PICOS:0.01 | REC_PLAN_CONTENCION:0.01 | REC_CREAR_MARGEN:0.0 | REC_MANTENER_ACUMULACION:0.0 | REC_REVISAR_CAMBIO_RECIENTE:0.0
PERF_0176,VEN_0176_3,2026-04-01,2026-06-30,acumulacion_estable,recomendacion_disponible,REC_MANTENER_ACUMULACION,REC_MANTENER_ACUMULACION,modelo_restringido,Mantener el patrón actual y separar automáticamente una parte del excedente para la meta declarada.,mantenimiento_y_ahorro,aplicar,media,99.63,99.63,no_requerida,La recomendación REC_MANTENER_ACUMULACION se limita al estado acumulacion_estable observado entre 2026-04-01 00:00:00 y 2026-06-30 00:00:00. Meta declarada: mejorar_vivienda. Guardas: hobbies_no_eliminados_automaticamente.,necesidades_esenciales | meta:mejorar_vivienda | hobbies:videojuegos_y_streaming,videojuegos_y_streaming,mejorar_vivienda,no_declarar_riesgo_solo_por_ingreso_variable | no_eliminar_hobbies_por_defecto | no_tratar_el_estado_como_identidad_permanente,bajo,,hobbies_no_eliminados_automaticamente,REC_MANTENER_ACUMULACION:99.63 | REC_REVISAR_CAMBIO_RECIENTE:0.2 | REC_VIGILAR_RESERVA:0.1 | REC_CREAR_MARGEN:0.07 | REC_PLAN_CONTENCION:0.0 | REC_PRIORIZAR_COBERTURA:0.0 | REC_RESERVA_PICOS:0.0
PERF_0195,VEN_0195_3,2026-04-01,2026-06-30,fragilidad_sostenida,recomendacion_disponible,REC_PRIORIZAR_COBERTURA,REC_PRIORIZAR_COBERTURA,modelo_restringido,"Priorizar vivienda, alimentación, salud y servicios; revisar opciones de renegociación de deuda sin eliminar automáticamente los hobbies.",proteccion_esencial,aplicar,alta,99.97,99.97,no_requerida,La recomendación REC_PRIORIZAR_COBERTURA se limita al estado fragilidad_sostenida observado entre 2026-04-01 00:00:00 y 2026-06-30 00:00:00. Meta declarada: no_declarada. Guardas: proteccion_esencial_por_fragilidad | hobbies_no_eliminados_automaticamente.,necesidades_esenciales | responsabilidad:apoyo_mensual_madre_o_padre | hobbies:fotografia_y_video|impresion_3d,fotografia_y_video | impresion_3d,,no_declarar_riesgo_solo_por_ingreso_variable | no_eliminar_hobbies_por_defecto | no_tratar_el_estado_como_identidad_permanente,podria_reducir_bienestar_o_desconocer_el_contexto,,proteccion_esencial_por_fragilidad | hobbies_no_eliminados_automaticamente,REC_PRIORIZAR_COBERTURA:99.97 | REC_VIGILAR_RESERVA:0.02 | REC_RESERVA_PICOS:0.01 | REC_CREAR_MARGEN:0.0 | REC_MANTENER_ACUMULACION:0.0 | REC_PLAN_CONTENCION:0.0 | REC_REVISAR_CAMBIO_RECIENTE:0.0
PERF_0165,VEN_0165_3,2026-04-01,2026-06-30,uso_planificado_reserva,recomendacion_disponible,REC_VIGILAR_RESERVA,REC_VIGILAR_RESERVA,modelo_restringido,Mantener el gasto alineado con la meta y revisar que la reserva conserve cobertura suficiente durante el siguiente cierre.,seguimiento_meta,sugerir,media,99.45,99.45,no_requerida,La recomendación REC_VIGILAR_RESERVA se limita al estado uso_planificado_reserva observado entre 2026-04-01 00:00:00 y 2026-06-30 00:00:00. Meta declarada: mejorar_vivienda. Guardas: hobbies_no_eliminados_automaticamente.,necesidades_esenciales | responsabilidad:apoyo_parcial_a_dos_familiares | meta:mejorar_vivienda | hobbies:fotografia_y_video|musica,fotografia_y_video | musica,mejorar_vivienda,no_declarar_riesgo_solo_por_ingreso_variable | no_eliminar_hobbies_por_defecto | no_tratar_el_estado_como_identidad_permanente,bajo,,hobbies_no_eliminados_automaticamente,REC_VIGILAR_RESERVA:99.45 | REC_PLAN_CONTENCION:0.16 | REC_REVISAR_CAMBIO_RECIENTE:0.16 | REC_PRIORIZAR_COBERTURA:0.1 | REC_MANTENER_ACUMULACION:0.08 | REC_RESERVA_PICOS:0.05 | REC_CREAR_MARGEN:0.0
PERF_0182,VEN_0182_3,2026-04-01,2026-06-30,situacion_critica,recomendacion_disponible,REC_PLAN_CONTENCION,REC_PLAN_CONTENCION,modelo_restringido,Activar un plan de contención centrado en necesidades esenciales y solicitar revisión humana para deuda y liquidez.,contencion_y_revision,aplicar,critica,99.94,99.94,requerida,La recomendación REC_PLAN_CONTENCION se limita al estado situacion_critica observado entre 2026-04-01 00:00:00 y 2026-06-30 00:00:00. Meta declarada: comprar_equipo_de_trabajo. Guardas: situacion_critica_con_revision_humana | hobbies_no_eliminados_automaticamente.,necesidades_esenciales | meta:comprar_equipo_de_trabajo | hobbies:cocina_y_reposteria,cocina_y_reposteria,comprar_equipo_de_trabajo,no_declarar_riesgo_solo_por_ingreso_variable | no_eliminar_hobbies_por_defecto | no_tratar_el_estado_como_identidad_permanente,podria_reducir_bienestar_o_desconocer_el_contexto,,situacion_critica_con_revision_humana | hobbies_no_eliminados_automaticamente,REC_PLAN_CONTENCION:99.94 | REC_VIGILAR_RESERVA:0.04 | REC_RESERVA_PICOS:0.02 | REC_MANTENER_ACUMULACION:0.0 | REC_CREAR_MARGEN:0.0 | REC_PRIORIZAR_COBERTURA:0.0 | REC_REVISAR_CAMBIO_RECIENTE:0.0
PERF_0191,VEN_0191_3,2026-04-01,2026-06-30,equilibrio_sostenible,recomendacion_disponible,REC_CREAR_MARGEN,REC_CREAR_MARGEN,modelo_restringido,Crear un margen pequeño y flexible antes de aumentar compromisos fijos.,prevencion,sugerir,media,99.85,99.85,no_requerida,La recomendación REC_CREAR_MARGEN se limita al estado equilibrio_sostenible observado entre 2026-04-01 00:00:00 y 2026-06-30 00:00:00. Meta declarada: no_declarada. Guardas: hobbies_no_eliminados_automaticamente.,necesidades_esenciales | hobbies:pintura|manualidades_y_artesanias,pintura | manualidades_y_artesanias,,no_declarar_riesgo_solo_por_ingreso_variable | no_eliminar_hobbies_por_defecto | no_tratar_el_estado_como_identidad_permanente,bajo,,hobbies_no_eliminados_automaticamente,REC_CREAR_MARGEN:99.85 | REC_MANTENER_ACUMULACION:0.07 | REC_REVISAR_CAMBIO_RECIENTE:0.07 | REC_PLAN_CONTENCION:0.0 | REC_PRIORIZAR_COBERTURA:0.0 | REC_RESERVA_PICOS:0.0 | REC_VIGILAR_RESERVA:0.0
PERF_0179,VEN_0179_3,2026-04-01,2026-06-30,uso_planificado_reserva,recomendacion_disponible,REC_PRIORIZAR_COBERTURA,REC_VIGILAR_RESERVA,guarda_etica,"Priorizar vivienda, alimentación, salud y servicios; revisar opciones de renegociación de deuda sin eliminar automáticamente los hobbies.",proteccion_esencial,aplicar,alta,0.0,99.13,no_requerida,La recomendación REC_PRIORIZAR_COBERTURA se limita al estado uso_planificado_reserva observado entre 2026-04-01 00:00:00 y 2026-06-30 00:00:00. Meta declarada: ampliar_actividad_economica. Guardas: cobertura_esencial_menor_a_un_mes | hobbies_no_eliminados_automaticamente.,necesidades_esenciales | responsabilidad:apoyo_mensual_madre_o_padre | meta:ampliar_actividad_economica | hobbies:jardineria_y_agricultura_urbana,jardineria_y_agricultura_urbana,ampliar_actividad_economica,no_declarar_riesgo_solo_por_ingreso_variable | no_eliminar_hobbies_por_defecto | no_tratar_el_estado_como_identidad_permanente,podria_reducir_bienestar_o_desconocer_el_contexto,,cobertura_esencial_menor_a_un_mes | hobbies_no_eliminados_automaticamente,REC_VIGILAR_RESERVA:99.13 | REC_REVISAR_CAMBIO_RECIENTE:0.43 | REC_RESERVA_PICOS:0.17 | REC_MANTENER_ACUMULACION:0.17 | REC_CREAR_MARGEN:0.09 | REC_PLAN_CONTENCION:0.0 | REC_PRIORIZAR_COBERTURA:0.0
PERF_0163,VEN_0163_3,2026-04-01,2026-06-30,equilibrio_sostenible,recomendacion_disponible,REC_PRIORIZAR_COBERTURA,REC_CREAR_MARGEN,guarda_etica,"Priorizar vivienda, alimentación, salud y servicios; revisar opciones de renegociación de deuda sin eliminar automáticamente los hobbies.",proteccion_esencial,aplicar,alta,0.0,99.85,no_requerida,La recomendación REC_PRIORIZAR_COBERTURA se limita al estado equilibrio_sostenible observado entre 2026-04-01 00:00:00 y 2026-06-30 00:00:00. Meta declarada: no_declarada. Guardas: cobertura_esencial_menor_a_un_mes | hobbies_no_eliminados_automaticamente.,necesidades_esenciales | responsabilidad:apoyo_mensual_madre_o_padre | hobbies:manualidades_y_artesanias|cocina_y_reposteria,manualidades_y_artesanias | cocina_y_reposteria,,no_declarar_riesgo_solo_por_ingreso_variable | no_eliminar_hobbies_por_defecto | no_tratar_el_estado_como_identidad_permanente,podria_reducir_bienestar_o_desconocer_el_contexto,,cobertura_esencial_menor_a_un_mes | hobbies_no_eliminados_automaticamente,REC_CREAR_MARGEN:99.85 | REC_MANTENER_ACUMULACION:0.07 | REC_REVISAR_CAMBIO_RECIENTE:0.07 | REC_PLAN_CONTENCION:0.0 | REC_PRIORIZAR_COBERTURA:0.0 | REC_RESERVA_PICOS:0.0 | REC_VIGILAR_RESERVA:0.0
PERF_0175,VEN_0175_3,2026-04-01,2026-06-30,situacion_critica,recomendacion_disponible,REC_PLAN_CONTENCION,REC_PLAN_CONTENCION,modelo_restringido,Activar un plan de contención centrado en necesidades esenciales y solicitar revisión humana para deuda y liquidez.,contencion_y_revision,aplicar,critica,99.88,99.88,requerida,La recomendación REC_PLAN_CONTENCION se limita al estado situacion_critica observado entre 2026-04-01 00:00:00 y 2026-06-30 00:00:00. Meta declarada: hacer_viaje. Guardas: situacion_critica_con_revision_humana | hobbies_no_eliminados_automaticamente.,necesidades_esenciales | responsabilidad:apoyo_parcial_a_dos_familiares | meta:hacer_viaje | hobbies:fotografia_y_video,fotografia_y_video,hacer_viaje,no_declarar_riesgo_solo_por_ingreso_variable | no_eliminar_hobbies_por_defecto | no_tratar_el_estado_como_identidad_permanente,podria_reducir_bienestar_o_desconocer_el_contexto,,situacion_critica_con_revision_humana | hobbies_no_eliminados_automaticamente,REC_PLAN_CONTENCION:99.88 | REC_VIGILAR_RESERVA:0.06 | REC_RESERVA_PICOS:0.04 | REC_MANTENER_ACUMULACION:0.01 | REC_CREAR_MARGEN:0.0 | REC_PRIORIZAR_COBERTURA:0.0 | REC_REVISAR_CAMBIO_RECIENTE:0.0
PERF_0155,VEN_0155_3,2026-04-01,2026-06-30,acumulacion_estable,recomendacion_disponible,REC_MANTENER_ACUMULACION,REC_MANTENER_ACUMULACION,modelo_restringido,Mantener el patrón actual y separar automáticamente una parte del excedente para la meta declarada.,mantenimiento_y_ahorro,aplicar,media,99.63,99.63,no_requerida,La recomendación REC_MANTENER_ACUMULACION se limita al estado acumulacion_estable observado entre 2026-04-01 00:00:00 y 2026-06-30 00:00:00. Meta declarada: no_declarada. Guardas: hobbies_no_eliminados_automaticamente.,necesidades_esenciales | hobbies:fotografia_y_video|impresion_3d,fotografia_y_video | impresion_3d,,no_declarar_riesgo_solo_por_ingreso_variable | no_eliminar_hobbies_por_defecto | no_tratar_el_estado_como_identidad_permanente,bajo,,hobbies_no_eliminados_automaticamente,REC_MANTENER_ACUMULACION:99.63 | REC_REVISAR_CAMBIO_RECIENTE:0.2 | REC_VIGILAR_RESERVA:0.1 | REC_CREAR_MARGEN:0.07 | REC_PLAN_CONTENCION:0.0 | REC_PRIORIZAR_COBERTURA:0.0 | REC_RESERVA_PICOS:0.0
PERF_0192,VEN_0192_3,2026-04-01,2026-06-30,variable_resiliente,recomendacion_disponible,REC_RESERVA_PICOS,REC_RESERVA_PICOS,modelo_restringido,Reservar parte de los meses altos para cubrir los periodos de menor ingreso sin tratar la variabilidad como falla.,gestion_ingreso_variable,aplicar,alta,99.84,99.84,no_requerida,La recomendación REC_RESERVA_PICOS se limita al estado variable_resiliente observado entre 2026-04-01 00:00:00 y 2026-06-30 00:00:00. Meta declarada: no_declarada. Guardas: hobbies_no_eliminados_automaticamente.,necesidades_esenciales | responsabilidad:apoyo_mensual_madre_o_padre | hobbies:cocina_y_reposteria,cocina_y_reposteria,,no_declarar_riesgo_solo_por_ingreso_variable | no_eliminar_hobbies_por_defecto | no_tratar_el_estado_como_identidad_permanente,bajo,,hobbies_no_eliminados_automaticamente,REC_RESERVA_PICOS:99.84 | REC_REVISAR_CAMBIO_RECIENTE:0.13 | REC_VIGILAR_RESERVA:0.03 | REC_CREAR_MARGEN:0.0 | REC_MANTENER_ACUMULACION:0.0 | REC_PLAN_CONTENCION:0.0 | REC_PRIORIZAR_COBERTURA:0.0
PERF_0186,VEN_0186_3,2026-04-01,2026-06-30,uso_planificado_reserva,recomendacion_disponible,REC_VIGILAR_RESERVA,REC_VIGILAR_RESERVA,modelo_restringido,Mantener el gasto alineado con la meta y revisar que la reserva conserve cobertura suficiente durante el siguiente cierre.,seguimiento_meta,sugerir,media,99.68,99.68,no_requerida,La recomendación REC_VIGILAR_RESERVA se limita al estado uso_planificado_reserva observado entre 2026-04-01 00:00:00 y 2026-06-30 00:00:00. Meta declarada: no_declarada. Guardas: hobbies_no_eliminados_automaticamente.,necesidades_esenciales | hobbies:videojuegos_y_streaming,videojuegos_y_streaming,,no_declarar_riesgo_solo_por_ingreso_variable | no_eliminar_hobbies_por_defecto | no_tratar_el_estado_como_identidad_permanente,bajo,,hobbies_no_eliminados_automaticamente,REC_VIGILAR_RESERVA:99.68 | REC_REVISAR_CAMBIO_RECIENTE:0.16 | REC_MANTENER_ACUMULACION:0.08 | REC_PRIORIZAR_COBERTURA:0.08 | REC_CREAR_MARGEN:0.0 | REC_PLAN_CONTENCION:0.0 | REC_RESERVA_PICOS:0.0
PERF_0190,VEN_0190_3,2026-04-01,2026-06-30,acumulacion_estable,recomendacion_disponible,REC_MANTENER_ACUMULACION,REC_MANTENER_ACUMULACION,modelo_restringido,Mantener el patrón actual y separar automáticamente una parte del excedente para la meta declarada.,mantenimiento_y_ahorro,aplicar,media,99.63,99.63,no_requerida,La recomendación REC_MANTENER_ACUMULACION se limita al estado acumulacion_estable observado entre 2026-04-01 00:00:00 y 2026-06-30 00:00:00. Meta declarada: comprar_equipo_de_trabajo. Guardas: hobbies_no_eliminados_automaticamente.,necesidades_esenciales | responsabilidad:aporte_hogar_compartido | meta:comprar_equipo_de_trabajo | hobbies:ciclismo|pintura,ciclismo | pintura,comprar_equipo_de_trabajo,no_declarar_riesgo_solo_por_ingreso_variable | no_eliminar_hobbies_por_defecto | no_tratar_el_estado_como_identidad_permanente,bajo,,hobbies_no_eliminados_automaticamente,REC_MANTENER_ACUMULACION:99.63 | REC_REVISAR_CAMBIO_RECIENTE:0.2 | REC_VIGILAR_RESERVA:0.1 | REC_CREAR_MARGEN:0.07 | REC_PLAN_CONTENCION:0.0 | REC_PRIORIZAR_COBERTURA:0.0 | REC_RESERVA_PICOS:0.0
PERF_0187,VEN_0187_3,2026-04-01,2026-06-30,deterioro_reciente,recomendacion_disponible,REC_REVISAR_CAMBIO_RECIENTE,REC_REVISAR_CAMBIO_RECIENTE,modelo_restringido,Revisar el cambio reciente en ingresos y compromisos antes de modificar gastos personales valiosos.,diagnostico,solicitar_contexto,alta,99.65,99.65,requerida,La recomendación REC_REVISAR_CAMBIO_RECIENTE se limita al estado deterioro_reciente observado entre 2026-04-01 00:00:00 y 2026-06-30 00:00:00. Meta declarada: no_declarada. Guardas: cambio_reciente_requiere_revision | hobbies_no_eliminados_automaticamente.,necesidades_esenciales | responsabilidad:apoyo_parcial_a_dos_familiares | hobbies:turismo_y_viajes,turismo_y_viajes,,no_declarar_riesgo_solo_por_ingreso_variable | no_eliminar_hobbies_por_defecto | no_tratar_el_estado_como_identidad_permanente,podria_reducir_bienestar_o_desconocer_el_contexto,,cambio_reciente_requiere_revision | hobbies_no_eliminados_automaticamente,REC_REVISAR_CAMBIO_RECIENTE:99.65 | REC_MANTENER_ACUMULACION:0.16 | REC_VIGILAR_RESERVA:0.13 | REC_CREAR_MARGEN:0.07 | REC_PLAN_CONTENCION:0.0 | REC_PRIORIZAR_COBERTURA:0.0 | REC_RESERVA_PICOS:0.0
PERF_0166,VEN_0166_3,2026-04-01,2026-06-30,deterioro_reciente,recomendacion_disponible,REC_PRIORIZAR_COBERTURA,REC_REVISAR_CAMBIO_RECIENTE,guarda_etica,"Priorizar vivienda, alimentación, salud y servicios; revisar opciones de renegociación de deuda sin eliminar automáticamente los hobbies.",proteccion_esencial,aplicar,alta,0.09,99.29,requerida,La recomendación REC_PRIORIZAR_COBERTURA se limita al estado deterioro_reciente observado entre 2026-04-01 00:00:00 y 2026-06-30 00:00:00. Meta declarada: no_declarada. Guardas: cobertura_esencial_menor_a_un_mes | cambio_reciente_requiere_revision | hobbies_no_eliminados_automaticamente.,necesidades_esenciales | responsabilidad:aporte_hogar_compartido | hobbies:videojuegos_y_streaming|jardineria_y_agricultura_urbana,videojuegos_y_streaming | jardineria_y_agricultura_urbana,,no_declarar_riesgo_solo_por_ingreso_variable | no_eliminar_hobbies_por_defecto | no_tratar_el_estado_como_identidad_permanente,podria_reducir_bienestar_o_desconocer_el_contexto,,cobertura_esencial_menor_a_un_mes | cambio_reciente_requiere_revision | hobbies_no_eliminados_automaticamente,REC_REVISAR_CAMBIO_RECIENTE:99.29 | REC_MANTENER_ACUMULACION:0.37 | REC_VIGILAR_RESERVA:0.2 | REC_PRIORIZAR_COBERTURA:0.09 | REC_CREAR_MARGEN:0.07 | REC_PLAN_CONTENCION:0.0 | REC_RESERVA_PICOS:0.0
PERF_0193,VEN_0193_3,2026-04-01,2026-06-30,uso_planificado_reserva,recomendacion_disponible,REC_PRIORIZAR_COBERTURA,REC_VIGILAR_RESERVA,guarda_etica,"Priorizar vivienda, alimentación, salud y servicios; revisar opciones de renegociación de deuda sin eliminar automáticamente los hobbies.",proteccion_esencial,aplicar,alta,0.08,99.68,no_requerida,La recomendación REC_PRIORIZAR_COBERTURA se limita al estado uso_planificado_reserva observado entre 2026-04-01 00:00:00 y 2026-06-30 00:00:00. Meta declarada: no_declarada. Guardas: cobertura_esencial_menor_a_un_mes | hobbies_no_eliminados_automaticamente.,necesidades_esenciales | hobbies:manualidades_y_artesanias|turismo_y_viajes,manualidades_y_artesanias | turismo_y_viajes,,no_declarar_riesgo_solo_por_ingreso_variable | no_eliminar_hobbies_por_defecto | no_tratar_el_estado_como_identidad_permanente,podria_reducir_bienestar_o_desconocer_el_contexto,,cobertura_esencial_menor_a_un_mes | hobbies_no_eliminados_automaticamente,REC_VIGILAR_RESERVA:99.68 | REC_REVISAR_CAMBIO_RECIENTE:0.16 | REC_MANTENER_ACUMULACION:0.08 | REC_PRIORIZAR_COBERTURA:0.08 | REC_CREAR_MARGEN:0.0 | REC_PLAN_CONTENCION:0.0 | REC_RESERVA_PICOS:0.0
PERF_0174,VEN_0174_3,2026-04-01,2026-06-30,fragilidad_sostenida,recomendacion_disponible,REC_PRIORIZAR_COBERTURA,REC_PRIORIZAR_COBERTURA,modelo_restringido,"Priorizar vivienda, alimentación, salud y servicios; revisar opciones de renegociación de deuda sin eliminar automáticamente los hobbies.",proteccion_esencial,aplicar,alta,99.97,99.97,no_requerida,La recomendación REC_PRIORIZAR_COBERTURA se limita al estado fragilidad_sostenida observado entre 2026-04-01 00:00:00 y 2026-06-30 00:00:00. Meta declarada: no_declarada. Guardas: proteccion_esencial_por_fragilidad | hobbies_no_eliminados_automaticamente.,necesidades_esenciales | hobbies:musica,musica,,no_declarar_riesgo_solo_por_ingreso_variable | no_eliminar_hobbies_por_defecto | no_tratar_el_estado_como_identidad_permanente,podria_reducir_bienestar_o_desconocer_el_contexto,,proteccion_esencial_por_fragilidad | hobbies_no_eliminados_automaticamente,REC_PRIORIZAR_COBERTURA:99.97 | REC_VIGILAR_RESERVA:0.02 | REC_RESERVA_PICOS:0.01 | REC_CREAR_MARGEN:0.0 | REC_MANTENER_ACUMULACION:0.0 | REC_PLAN_CONTENCION:0.0 | REC_REVISAR_CAMBIO_RECIENTE:0.0
PERF_0159,VEN_0159_3,2026-04-01,2026-06-30,deterioro_reciente,recomendacion_disponible,REC_REVISAR_CAMBIO_RECIENTE,REC_REVISAR_CAMBIO_RECIENTE,modelo_restringido,Revisar el cambio reciente en ingresos y compromisos antes de modificar gastos personales valiosos.,diagnostico,solicitar_contexto,alta,99.44,99.44,requerida,La recomendación REC_REVISAR_CAMBIO_RECIENTE se limita al estado deterioro_reciente observado entre 2026-04-01 00:00:00 y 2026-06-30 00:00:00. Meta declarada: mejorar_vivienda. Guardas: cambio_reciente_requiere_revision | hobbies_no_eliminados_automaticamente.,necesidades_esenciales | meta:mejorar_vivienda | hobbies:jardineria_y_agricultura_urbana|pintura,jardineria_y_agricultura_urbana | pintura,mejorar_vivienda,no_declarar_riesgo_solo_por_ingreso_variable | no_eliminar_hobbies_por_defecto | no_tratar_el_estado_como_identidad_permanente,podria_reducir_bienestar_o_desconocer_el_contexto,,cambio_reciente_requiere_revision | hobbies_no_eliminados_automaticamente,REC_REVISAR_CAMBIO_RECIENTE:99.44 | REC_RESERVA_PICOS:0.16 | REC_MANTENER_ACUMULACION:0.16 | REC_VIGILAR_RESERVA:0.13 | REC_CREAR_MARGEN:0.12 | REC_PLAN_CONTENCION:0.0 | REC_PRIORIZAR_COBERTURA:0.0
PERF_0154,VEN_0154_3,2026-04-01,2026-06-30,situacion_critica,recomendacion_disponible,REC_PLAN_CONTENCION,REC_PLAN_CONTENCION,modelo_restringido,Activar un plan de contención centrado en necesidades esenciales y solicitar revisión humana para deuda y liquidez.,contencion_y_revision,aplicar,critica,99.88,99.88,requerida,La recomendación REC_PLAN_CONTENCION se limita al estado situacion_critica observado entre 2026-04-01 00:00:00 y 2026-06-30 00:00:00. Meta declarada: ampliar_actividad_economica. Guardas: situacion_critica_con_revision_humana | hobbies_no_eliminados_automaticamente.,necesidades_esenciales | meta:ampliar_actividad_economica | hobbies:musica|cocina_y_reposteria,musica | cocina_y_reposteria,ampliar_actividad_economica,no_declarar_riesgo_solo_por_ingreso_variable | no_eliminar_hobbies_por_defecto | no_tratar_el_estado_como_identidad_permanente,podria_reducir_bienestar_o_desconocer_el_contexto,,situacion_critica_con_revision_humana | hobbies_no_eliminados_automaticamente,REC_PLAN_CONTENCION:99.88 | REC_VIGILAR_RESERVA:0.06 | REC_RESERVA_PICOS:0.04 | REC_MANTENER_ACUMULACION:0.01 | REC_CREAR_MARGEN:0.0 | REC_PRIORIZAR_COBERTURA:0.0 | REC_REVISAR_CAMBIO_RECIENTE:0.0
PERF_0158,VEN_0158_3,2026-04-01,2026-06-30,uso_planificado_reserva,recomendacion_disponible,REC_PRIORIZAR_COBERTURA,REC_VIGILAR_RESERVA,guarda_etica,"Priorizar vivienda, alimentación, salud y servicios; revisar opciones de renegociación de deuda sin eliminar automáticamente los hobbies.",proteccion_esencial,aplicar,alta,0.29,98.19,no_requerida,La recomendación REC_PRIORIZAR_COBERTURA se limita al estado uso_planificado_reserva observado entre 2026-04-01 00:00:00 y 2026-06-30 00:00:00. Meta declarada: no_declarada. Guardas: cobertura_esencial_menor_a_un_mes | hobbies_no_eliminados_automaticamente.,necesidades_esenciales | hobbies:impresion_3d|videojuegos_y_streaming,impresion_3d | videojuegos_y_streaming,,no_declarar_riesgo_solo_por_ingreso_variable | no_eliminar_hobbies_por_defecto | no_tratar_el_estado_como_identidad_permanente,podria_reducir_bienestar_o_desconocer_el_contexto,,cobertura_esencial_menor_a_un_mes | hobbies_no_eliminados_automaticamente,REC_VIGILAR_RESERVA:98.19 | REC_REVISAR_CAMBIO_RECIENTE:1.11 | REC_PRIORIZAR_COBERTURA:0.29 | REC_MANTENER_ACUMULACION:0.17 | REC_RESERVA_PICOS:0.17 | REC_PLAN_CONTENCION:0.07 | REC_CREAR_MARGEN:0.0
PERF_0188,VEN_0188_3,2026-04-01,2026-06-30,fragilidad_sostenida,recomendacion_disponible,REC_PRIORIZAR_COBERTURA,REC_PRIORIZAR_COBERTURA,modelo_restringido,"Priorizar vivienda, alimentación, salud y servicios; revisar opciones de renegociación de deuda sin eliminar automáticamente los hobbies.",proteccion_esencial,aplicar,alta,99.97,99.97,no_requerida,La recomendación REC_PRIORIZAR_COBERTURA se limita al estado fragilidad_sostenida observado entre 2026-04-01 00:00:00 y 2026-06-30 00:00:00. Meta declarada: mejorar_vivienda. Guardas: proteccion_esencial_por_fragilidad | hobbies_no_eliminados_automaticamente.,necesidades_esenciales | meta:mejorar_vivienda | hobbies:impresion_3d|cocina_y_reposteria,impresion_3d | cocina_y_reposteria,mejorar_vivienda,no_declarar_riesgo_solo_por_ingreso_variable | no_eliminar_hobbies_por_defecto | no_tratar_el_estado_como_identidad_permanente,podria_reducir_bienestar_o_desconocer_el_contexto,,proteccion_esencial_por_fragilidad | hobbies_no_eliminados_automaticamente,REC_PRIORIZAR_COBERTURA:99.97 | REC_VIGILAR_RESERVA:0.02 | REC_RESERVA_PICOS:0.01 | REC_CREAR_MARGEN:0.0 | REC_MANTENER_ACUMULACION:0.0 | REC_PLAN_CONTENCION:0.0 | REC_REVISAR_CAMBIO_RECIENTE:0.0
PERF_0194,VEN_0194_3,2026-04-01,2026-06-30,deterioro_reciente,recomendacion_disponible,REC_PRIORIZAR_COBERTURA,REC_REVISAR_CAMBIO_RECIENTE,guarda_etica,"Priorizar vivienda, alimentación, salud y servicios; revisar opciones de renegociación de deuda sin eliminar automáticamente los hobbies.",proteccion_esencial,aplicar,alta,0.0,99.53,requerida,La recomendación REC_PRIORIZAR_COBERTURA se limita al estado deterioro_reciente observado entre 2026-04-01 00:00:00 y 2026-06-30 00:00:00. Meta declarada: ampliar_actividad_economica. Guardas: cobertura_esencial_menor_a_un_mes | cambio_reciente_requiere_revision | hobbies_no_eliminados_automaticamente.,necesidades_esenciales | responsabilidad:gastos_de_un_hijo | meta:ampliar_actividad_economica | hobbies:musica|manualidades_y_artesanias,musica | manualidades_y_artesanias,ampliar_actividad_economica,no_declarar_riesgo_solo_por_ingreso_variable | no_eliminar_hobbies_por_defecto | no_tratar_el_estado_como_identidad_permanente,podria_reducir_bienestar_o_desconocer_el_contexto,,cobertura_esencial_menor_a_un_mes | cambio_reciente_requiere_revision | hobbies_no_eliminados_automaticamente,REC_REVISAR_CAMBIO_RECIENTE:99.53 | REC_VIGILAR_RESERVA:0.24 | REC_MANTENER_ACUMULACION:0.16 | REC_CREAR_MARGEN:0.07 | REC_PLAN_CONTENCION:0.0 | REC_PRIORIZAR_COBERTURA:0.0 | REC_RESERVA_PICOS:0.0
PERF_0185,VEN_0185_3,2026-04-01,2026-06-30,variable_resiliente,recomendacion_disponible,REC_PRIORIZAR_COBERTURA,REC_RESERVA_PICOS,guarda_etica,"Priorizar vivienda, alimentación, salud y servicios; revisar opciones de renegociación de deuda sin eliminar automáticamente los hobbies.",proteccion_esencial,aplicar,alta,0.17,98.77,no_requerida,La recomendación REC_PRIORIZAR_COBERTURA se limita al estado variable_resiliente observado entre 2026-04-01 00:00:00 y 2026-06-30 00:00:00. Meta declarada: ampliar_actividad_economica. Guardas: cobertura_esencial_menor_a_un_mes | hobbies_no_eliminados_automaticamente.,necesidades_esenciales | responsabilidad:medicamentos_de_un_familiar | meta:ampliar_actividad_economica | hobbies:fotografia_y_video|ciclismo,fotografia_y_video | ciclismo,ampliar_actividad_economica,no_declarar_riesgo_solo_por_ingreso_variable | no_eliminar_hobbies_por_defecto | no_tratar_el_estado_como_identidad_permanente,podria_reducir_bienestar_o_desconocer_el_contexto,,cobertura_esencial_menor_a_un_mes | hobbies_no_eliminados_automaticamente,REC_RESERVA_PICOS:98.77 | REC_REVISAR_CAMBIO_RECIENTE:0.8 | REC_PRIORIZAR_COBERTURA:0.17 | REC_VIGILAR_RESERVA:0.11 | REC_PLAN_CONTENCION:0.1 | REC_CREAR_MARGEN:0.05 | REC_MANTENER_ACUMULACION:0.0
PERF_0173,VEN_0173_3,2026-04-01,2026-06-30,deterioro_reciente,recomendacion_disponible,REC_PRIORIZAR_COBERTURA,REC_REVISAR_CAMBIO_RECIENTE,guarda_etica,"Priorizar vivienda, alimentación, salud y servicios; revisar opciones de renegociación de deuda sin eliminar automáticamente los hobbies.",proteccion_esencial,aplicar,alta,0.0,99.5,requerida,La recomendación REC_PRIORIZAR_COBERTURA se limita al estado deterioro_reciente observado entre 2026-04-01 00:00:00 y 2026-06-30 00:00:00. Meta declarada: hacer_certificacion_profesional. Guardas: cobertura_esencial_menor_a_un_mes | cambio_reciente_requiere_revision | hobbies_no_eliminados_automaticamente.,necesidades_esenciales | meta:hacer_certificacion_profesional | hobbies:manualidades_y_artesanias|pintura,manualidades_y_artesanias | pintura,hacer_certificacion_profesional,no_declarar_riesgo_solo_por_ingreso_variable | no_eliminar_hobbies_por_defecto | no_tratar_el_estado_como_identidad_permanente,podria_reducir_bienestar_o_desconocer_el_contexto,,cobertura_esencial_menor_a_un_mes | cambio_reciente_requiere_revision | hobbies_no_eliminados_automaticamente,REC_REVISAR_CAMBIO_RECIENTE:99.5 | REC_VIGILAR_RESERVA:0.2 | REC_MANTENER_ACUMULACION:0.16 | REC_CREAR_MARGEN:0.14 | REC_PLAN_CONTENCION:0.0 | REC_PRIORIZAR_COBERTURA:0.0 | REC_RESERVA_PICOS:0.0
PERF_0180,VEN_0180_3,2026-04-01,2026-06-30,deterioro_reciente,recomendacion_disponible,REC_PRIORIZAR_COBERTURA,REC_REVISAR_CAMBIO_RECIENTE,guarda_etica,"Priorizar vivienda, alimentación, salud y servicios; revisar opciones de renegociación de deuda sin eliminar automáticamente los hobbies.",proteccion_esencial,aplicar,alta,0.0,99.65,requerida,La recomendación REC_PRIORIZAR_COBERTURA se limita al estado deterioro_reciente observado entre 2026-04-01 00:00:00 y 2026-06-30 00:00:00. Meta declarada: no_declarada. Guardas: cobertura_esencial_menor_a_un_mes | cambio_reciente_requiere_revision | hobbies_no_eliminados_automaticamente.,necesidades_esenciales | hobbies:ciclismo|pintura,ciclismo | pintura,,no_declarar_riesgo_solo_por_ingreso_variable | no_eliminar_hobbies_por_defecto | no_tratar_el_estado_como_identidad_permanente,podria_reducir_bienestar_o_desconocer_el_contexto,,cobertura_esencial_menor_a_un_mes | cambio_reciente_requiere_revision | hobbies_no_eliminados_automaticamente,REC_REVISAR_CAMBIO_RECIENTE:99.65 | REC_MANTENER_ACUMULACION:0.16 | REC_VIGILAR_RESERVA:0.13 | REC_CREAR_MARGEN:0.07 | REC_PLAN_CONTENCION:0.0 | REC_PRIORIZAR_COBERTURA:0.0 | REC_RESERVA_PICOS:0.0
PERF_0169,VEN_0169_3,2026-04-01,2026-06-30,acumulacion_estable,recomendacion_disponible,REC_MANTENER_ACUMULACION,REC_MANTENER_ACUMULACION,modelo_restringido,Mantener el patrón actual y separar automáticamente una parte del excedente para la meta declarada.,mantenimiento_y_ahorro,aplicar,media,99.63,99.63,no_requerida,La recomendación REC_MANTENER_ACUMULACION se limita al estado acumulacion_estable observado entre 2026-04-01 00:00:00 y 2026-06-30 00:00:00. Meta declarada: comprar_bicicleta. Guardas: hobbies_no_eliminados_automaticamente.,necesidades_esenciales | responsabilidad:apoyo_parcial_a_dos_familiares | meta:comprar_bicicleta | hobbies:jardineria_y_agricultura_urbana|videojuegos_y_streaming,jardineria_y_agricultura_urbana | videojuegos_y_streaming,comprar_bicicleta,no_declarar_riesgo_solo_por_ingreso_variable | no_eliminar_hobbies_por_defecto | no_tratar_el_estado_como_identidad_permanente,bajo,,hobbies_no_eliminados_automaticamente,REC_MANTENER_ACUMULACION:99.63 | REC_REVISAR_CAMBIO_RECIENTE:0.2 | REC_VIGILAR_RESERVA:0.1 | REC_CREAR_MARGEN:0.07 | REC_PLAN_CONTENCION:0.0 | REC_PRIORIZAR_COBERTURA:0.0 | REC_RESERVA_PICOS:0.0
PERF_0156,VEN_0156_3,2026-04-01,2026-06-30,equilibrio_sostenible,recomendacion_disponible,REC_CREAR_MARGEN,REC_CREAR_MARGEN,modelo_restringido,Crear un margen pequeño y flexible antes de aumentar compromisos fijos.,prevencion,sugerir,media,99.85,99.85,no_requerida,La recomendación REC_CREAR_MARGEN se limita al estado equilibrio_sostenible observado entre 2026-04-01 00:00:00 y 2026-06-30 00:00:00. Meta declarada: crear_fondo_emergencia. Guardas: hobbies_no_eliminados_automaticamente.,necesidades_esenciales | meta:crear_fondo_emergencia | hobbies:videojuegos_y_streaming,videojuegos_y_streaming,crear_fondo_emergencia,no_declarar_riesgo_solo_por_ingreso_variable | no_eliminar_hobbies_por_defecto | no_tratar_el_estado_como_identidad_permanente,bajo,,hobbies_no_eliminados_automaticamente,REC_CREAR_MARGEN:99.85 | REC_MANTENER_ACUMULACION:0.07 | REC_REVISAR_CAMBIO_RECIENTE:0.07 | REC_PLAN_CONTENCION:0.0 | REC_PRIORIZAR_COBERTURA:0.0 | REC_RESERVA_PICOS:0.0 | REC_VIGILAR_RESERVA:0.0
PERF_0153,VEN_0153_3,2026-04-01,2026-06-30,fragilidad_sostenida,recomendacion_disponible,REC_PRIORIZAR_COBERTURA,REC_PRIORIZAR_COBERTURA,modelo_restringido,"Priorizar vivienda, alimentación, salud y servicios; revisar opciones de renegociación de deuda sin eliminar automáticamente los hobbies.",proteccion_esencial,aplicar,alta,99.97,99.97,no_requerida,La recomendación REC_PRIORIZAR_COBERTURA se limita al estado fragilidad_sostenida observado entre 2026-04-01 00:00:00 y 2026-06-30 00:00:00. Meta declarada: no_declarada. Guardas: proteccion_esencial_por_fragilidad | hobbies_no_eliminados_automaticamente.,necesidades_esenciales | responsabilidad:apoyo_mensual_madre_o_padre | hobbies:manualidades_y_artesanias|pintura,manualidades_y_artesanias | pintura,,no_declarar_riesgo_solo_por_ingreso_variable | no_eliminar_hobbies_por_defecto | no_tratar_el_estado_como_identidad_permanente,podria_reducir_bienestar_o_desconocer_el_contexto,,proteccion_esencial_por_fragilidad | hobbies_no_eliminados_automaticamente,REC_PRIORIZAR_COBERTURA:99.97 | REC_VIGILAR_RESERVA:0.02 | REC_RESERVA_PICOS:0.01 | REC_CREAR_MARGEN:0.0 | REC_MANTENER_ACUMULACION:0.0 | REC_PLAN_CONTENCION:0.0 | REC_REVISAR_CAMBIO_RECIENTE:0.0
PERF_0100,VEN_0100_3,2026-04-01,2026-06-30,equilibrio_sostenible,recomendacion_disponible,REC_CREAR_MARGEN,REC_CREAR_MARGEN,modelo_restringido,Crear un margen pequeño y flexible antes de aumentar compromisos fijos.,prevencion,sugerir,media,99.85,99.85,no_requerida,La recomendación REC_CREAR_MARGEN se limita al estado equilibrio_sostenible observado entre 2026-04-01 00:00:00 y 2026-06-30 00:00:00. Meta declarada: comprar_bicicleta. Guardas: hobbies_no_eliminados_automaticamente.,necesidades_esenciales | responsabilidad:gastos_de_un_hijo | meta:comprar_bicicleta | hobbies:ciclismo,ciclismo,comprar_bicicleta,no_declarar_riesgo_solo_por_ingreso_variable | no_eliminar_hobbies_por_defecto | no_tratar_el_estado_como_identidad_permanente,bajo,,hobbies_no_eliminados_automaticamente,REC_CREAR_MARGEN:99.85 | REC_MANTENER_ACUMULACION:0.07 | REC_REVISAR_CAMBIO_RECIENTE:0.07 | REC_PLAN_CONTENCION:0.0 | REC_PRIORIZAR_COBERTURA:0.0 | REC_RESERVA_PICOS:0.0 | REC_VIGILAR_RESERVA:0.0
PERF_0149,VEN_0149_3,2026-04-01,2026-06-30,equilibrio_sostenible,recomendacion_disponible,REC_CREAR_MARGEN,REC_CREAR_MARGEN,modelo_restringido,Crear un margen pequeño y flexible antes de aumentar compromisos fijos.,prevencion,sugerir,media,99.86,99.86,no_requerida,La recomendación REC_CREAR_MARGEN se limita al estado equilibrio_sostenible observado entre 2026-04-01 00:00:00 y 2026-06-30 00:00:00. Meta declarada: comprar_bicicleta. Guardas: hobbies_no_eliminados_automaticamente.,necesidades_esenciales | meta:comprar_bicicleta | hobbies:jardineria_y_agricultura_urbana|fotografia_y_video,jardineria_y_agricultura_urbana | fotografia_y_video,comprar_bicicleta,no_declarar_riesgo_solo_por_ingreso_variable | no_eliminar_hobbies_por_defecto | no_tratar_el_estado_como_identidad_permanente,bajo,,hobbies_no_eliminados_automaticamente,REC_CREAR_MARGEN:99.86 | REC_REVISAR_CAMBIO_RECIENTE:0.07 | REC_MANTENER_ACUMULACION:0.07 | REC_PLAN_CONTENCION:0.0 | REC_PRIORIZAR_COBERTURA:0.0 | REC_RESERVA_PICOS:0.0 | REC_VIGILAR_RESERVA:0.0
PERF_0052,VEN_0052_3,2026-04-01,2026-06-30,variable_resiliente,recomendacion_disponible,REC_RESERVA_PICOS,REC_RESERVA_PICOS,modelo_restringido,Reservar parte de los meses altos para cubrir los periodos de menor ingreso sin tratar la variabilidad como falla.,gestion_ingreso_variable,aplicar,alta,98.18,98.18,no_requerida,La recomendación REC_RESERVA_PICOS se limita al estado variable_resiliente observado entre 2026-04-01 00:00:00 y 2026-06-30 00:00:00. Meta declarada: no_declarada. Guardas: hobbies_no_eliminados_automaticamente.,necesidades_esenciales | responsabilidad:apoyo_mensual_madre_o_padre | hobbies:cocina_y_reposteria,cocina_y_reposteria,,no_declarar_riesgo_solo_por_ingreso_variable | no_eliminar_hobbies_por_defecto | no_tratar_el_estado_como_identidad_permanente,bajo,,hobbies_no_eliminados_automaticamente,REC_RESERVA_PICOS:98.18 | REC_PRIORIZAR_COBERTURA:1.25 | REC_REVISAR_CAMBIO_RECIENTE:0.38 | REC_PLAN_CONTENCION:0.16 | REC_VIGILAR_RESERVA:0.03 | REC_CREAR_MARGEN:0.01 | REC_MANTENER_ACUMULACION:0.0
PERF_0051,VEN_0051_3,2026-04-01,2026-06-30,equilibrio_sostenible,recomendacion_disponible,REC_CREAR_MARGEN,REC_CREAR_MARGEN,modelo_restringido,Crear un margen pequeño y flexible antes de aumentar compromisos fijos.,prevencion,sugerir,media,99.86,99.86,no_requerida,La recomendación REC_CREAR_MARGEN se limita al estado equilibrio_sostenible observado entre 2026-04-01 00:00:00 y 2026-06-30 00:00:00. Meta declarada: mejorar_vivienda. Guardas: hobbies_no_eliminados_automaticamente.,necesidades_esenciales | meta:mejorar_vivienda | hobbies:pintura,pintura,mejorar_vivienda,no_declarar_riesgo_solo_por_ingreso_variable | no_eliminar_hobbies_por_defecto | no_tratar_el_estado_como_identidad_permanente,bajo,,hobbies_no_eliminados_automaticamente,REC_CREAR_MARGEN:99.86 | REC_REVISAR_CAMBIO_RECIENTE:0.07 | REC_MANTENER_ACUMULACION:0.07 | REC_PLAN_CONTENCION:0.0 | REC_PRIORIZAR_COBERTURA:0.0 | REC_RESERVA_PICOS:0.0 | REC_VIGILAR_RESERVA:0.0
PERF_0050,VEN_0050_3,2026-04-01,2026-06-30,acumulacion_estable,recomendacion_disponible,REC_MANTENER_ACUMULACION,REC_MANTENER_ACUMULACION,modelo_restringido,Mantener el patrón actual y separar automáticamente una parte del excedente para la meta declarada.,mantenimiento_y_ahorro,aplicar,media,97.45,97.45,no_requerida,La recomendación REC_MANTENER_ACUMULACION se limita al estado acumulacion_estable observado entre 2026-04-01 00:00:00 y 2026-06-30 00:00:00. Meta declarada: hacer_viaje. Guardas: hobbies_no_eliminados_automaticamente.,necesidades_esenciales | meta:hacer_viaje | hobbies:ciclismo|jardineria_y_agricultura_urbana,ciclismo | jardineria_y_agricultura_urbana,hacer_viaje,no_declarar_riesgo_solo_por_ingreso_variable | no_eliminar_hobbies_por_defecto | no_tratar_el_estado_como_identidad_permanente,bajo,,hobbies_no_eliminados_automaticamente,REC_MANTENER_ACUMULACION:97.45 | REC_PLAN_CONTENCION:1.2 | REC_VIGILAR_RESERVA:0.51 | REC_RESERVA_PICOS:0.39 | REC_REVISAR_CAMBIO_RECIENTE:0.35 | REC_CREAR_MARGEN:0.07 | REC_PRIORIZAR_COBERTURA:0.04
PERF_0049,VEN_0049_3,2026-04-01,2026-06-30,situacion_critica,recomendacion_disponible,REC_PLAN_CONTENCION,REC_PLAN_CONTENCION,modelo_restringido,Activar un plan de contención centrado en necesidades esenciales y solicitar revisión humana para deuda y liquidez.,contencion_y_revision,aplicar,critica,99.94,99.94,requerida,La recomendación REC_PLAN_CONTENCION se limita al estado situacion_critica observado entre 2026-04-01 00:00:00 y 2026-06-30 00:00:00. Meta declarada: comprar_bicicleta. Guardas: situacion_critica_con_revision_humana | hobbies_no_eliminados_automaticamente.,necesidades_esenciales | meta:comprar_bicicleta | hobbies:jardineria_y_agricultura_urbana,jardineria_y_agricultura_urbana,comprar_bicicleta,no_declarar_riesgo_solo_por_ingreso_variable | no_eliminar_hobbies_por_defecto | no_tratar_el_estado_como_identidad_permanente,podria_reducir_bienestar_o_desconocer_el_contexto,,situacion_critica_con_revision_humana | hobbies_no_eliminados_automaticamente,REC_PLAN_CONTENCION:99.94 | REC_VIGILAR_RESERVA:0.04 | REC_RESERVA_PICOS:0.02 | REC_MANTENER_ACUMULACION:0.0 | REC_CREAR_MARGEN:0.0 | REC_PRIORIZAR_COBERTURA:0.0 | REC_REVISAR_CAMBIO_RECIENTE:0.0
PERF_0048,VEN_0048_3,2026-04-01,2026-06-30,fragilidad_sostenida,recomendacion_disponible,REC_PRIORIZAR_COBERTURA,REC_PRIORIZAR_COBERTURA,modelo_restringido,"Priorizar vivienda, alimentación, salud y servicios; revisar opciones de renegociación de deuda sin eliminar automáticamente los hobbies.",proteccion_esencial,aplicar,alta,99.93,99.93,no_requerida,La recomendación REC_PRIORIZAR_COBERTURA se limita al estado fragilidad_sostenida observado entre 2026-04-01 00:00:00 y 2026-06-30 00:00:00. Meta declarada: comprar_equipo_de_trabajo. Guardas: proteccion_esencial_por_fragilidad | hobbies_no_eliminados_automaticamente.,necesidades_esenciales | meta:comprar_equipo_de_trabajo | hobbies:impresion_3d|turismo_y_viajes,impresion_3d | turismo_y_viajes,comprar_equipo_de_trabajo,no_declarar_riesgo_solo_por_ingreso_variable | no_eliminar_hobbies_por_defecto | no_tratar_el_estado_como_identidad_permanente,podria_reducir_bienestar_o_desconocer_el_contexto,,proteccion_esencial_por_fragilidad | hobbies_no_eliminados_automaticamente,REC_PRIORIZAR_COBERTURA:99.93 | REC_PLAN_CONTENCION:0.06 | REC_RESERVA_PICOS:0.01 | REC_CREAR_MARGEN:0.0 | REC_MANTENER_ACUMULACION:0.0 | REC_REVISAR_CAMBIO_RECIENTE:0.0 | REC_VIGILAR_RESERVA:0.0
PERF_0047,VEN_0047_3,2026-04-01,2026-06-30,deterioro_reciente,recomendacion_disponible,REC_REVISAR_CAMBIO_RECIENTE,REC_REVISAR_CAMBIO_RECIENTE,modelo_restringido,Revisar el cambio reciente en ingresos y compromisos antes de modificar gastos personales valiosos.,diagnostico,solicitar_contexto,alta,99.45,99.45,requerida,La recomendación REC_REVISAR_CAMBIO_RECIENTE se limita al estado deterioro_reciente observado entre 2026-04-01 00:00:00 y 2026-06-30 00:00:00. Meta declarada: ampliar_actividad_economica. Guardas: cambio_reciente_requiere_revision | hobbies_no_eliminados_automaticamente.,necesidades_esenciales | responsabilidad:apoyo_parcial_a_dos_familiares | meta:ampliar_actividad_economica | hobbies:turismo_y_viajes|cocina_y_reposteria,turismo_y_viajes | cocina_y_reposteria,ampliar_actividad_economica,no_declarar_riesgo_solo_por_ingreso_variable | no_eliminar_hobbies_por_defecto | no_tratar_el_estado_como_identidad_permanente,podria_reducir_bienestar_o_desconocer_el_contexto,,cambio_reciente_requiere_revision | hobbies_no_eliminados_automaticamente,REC_REVISAR_CAMBIO_RECIENTE:99.45 | REC_CREAR_MARGEN:0.27 | REC_MANTENER_ACUMULACION:0.16 | REC_VIGILAR_RESERVA:0.13 | REC_PLAN_CONTENCION:0.0 | REC_PRIORIZAR_COBERTURA:0.0 | REC_RESERVA_PICOS:0.0
PERF_0053,VEN_0053_3,2026-04-01,2026-06-30,uso_planificado_reserva,recomendacion_disponible,REC_VIGILAR_RESERVA,REC_VIGILAR_RESERVA,modelo_restringido,Mantener el gasto alineado con la meta y revisar que la reserva conserve cobertura suficiente durante el siguiente cierre.,seguimiento_meta,sugerir,media,99.34,99.34,no_requerida,La recomendación REC_VIGILAR_RESERVA se limita al estado uso_planificado_reserva observado entre 2026-04-01 00:00:00 y 2026-06-30 00:00:00. Meta declarada: crear_fondo_emergencia. Guardas: hobbies_no_eliminados_automaticamente.,necesidades_esenciales | responsabilidad:gastos_de_un_hijo | meta:crear_fondo_emergencia | hobbies:manualidades_y_artesanias,manualidades_y_artesanias,crear_fondo_emergencia,no_declarar_riesgo_solo_por_ingreso_variable | no_eliminar_hobbies_por_defecto | no_tratar_el_estado_como_identidad_permanente,bajo,,hobbies_no_eliminados_automaticamente,REC_VIGILAR_RESERVA:99.34 | REC_REVISAR_CAMBIO_RECIENTE:0.31 | REC_MANTENER_ACUMULACION:0.17 | REC_CREAR_MARGEN:0.09 | REC_PRIORIZAR_COBERTURA:0.08 | REC_PLAN_CONTENCION:0.0 | REC_RESERVA_PICOS:0.0
PERF_0046,VEN_0046_3,2026-04-01,2026-06-30,uso_planificado_reserva,recomendacion_disponible,REC_PRIORIZAR_COBERTURA,REC_VIGILAR_RESERVA,guarda_etica,"Priorizar vivienda, alimentación, salud y servicios; revisar opciones de renegociación de deuda sin eliminar automáticamente los hobbies.",proteccion_esencial,aplicar,alta,0.08,99.51,no_requerida,La recomendación REC_PRIORIZAR_COBERTURA se limita al estado uso_planificado_reserva observado entre 2026-04-01 00:00:00 y 2026-06-30 00:00:00. Meta declarada: hacer_certificacion_profesional. Guardas: cobertura_esencial_menor_a_un_mes | hobbies_no_eliminados_automaticamente.,necesidades_esenciales | responsabilidad:ninguna_declarada | meta:hacer_certificacion_profesional | hobbies:videojuegos_y_streaming|jardineria_y_agricultura_urbana,videojuegos_y_streaming | jardineria_y_agricultura_urbana,hacer_certificacion_profesional,no_declarar_riesgo_solo_por_ingreso_variable | no_eliminar_hobbies_por_defecto | no_tratar_el_estado_como_identidad_permanente,podria_reducir_bienestar_o_desconocer_el_contexto,,cobertura_esencial_menor_a_un_mes | hobbies_no_eliminados_automaticamente,REC_VIGILAR_RESERVA:99.51 | REC_PLAN_CONTENCION:0.16 | REC_REVISAR_CAMBIO_RECIENTE:0.16 | REC_MANTENER_ACUMULACION:0.08 | REC_PRIORIZAR_COBERTURA:0.08 | REC_CREAR_MARGEN:0.0 | REC_RESERVA_PICOS:0.0
PERF_0044,VEN_0044_3,2026-04-01,2026-06-30,equilibrio_sostenible,recomendacion_disponible,REC_CREAR_MARGEN,REC_CREAR_MARGEN,modelo_restringido,Crear un margen pequeño y flexible antes de aumentar compromisos fijos.,prevencion,sugerir,media,99.86,99.86,no_requerida,La recomendación REC_CREAR_MARGEN se limita al estado equilibrio_sostenible observado entre 2026-04-01 00:00:00 y 2026-06-30 00:00:00. Meta declarada: pagar_deuda. Guardas: hobbies_no_eliminados_automaticamente.,necesidades_esenciales | meta:pagar_deuda | hobbies:musica|cocina_y_reposteria,musica | cocina_y_reposteria,pagar_deuda,no_declarar_riesgo_solo_por_ingreso_variable | no_eliminar_hobbies_por_defecto | no_tratar_el_estado_como_identidad_permanente,bajo,,hobbies_no_eliminados_automaticamente,REC_CREAR_MARGEN:99.86 | REC_REVISAR_CAMBIO_RECIENTE:0.07 | REC_MANTENER_ACUMULACION:0.07 | REC_PLAN_CONTENCION:0.0 | REC_PRIORIZAR_COBERTURA:0.0 | REC_RESERVA_PICOS:0.0 | REC_VIGILAR_RESERVA:0.0
PERF_0043,VEN_0043_3,2026-04-01,2026-06-30,acumulacion_estable,recomendacion_disponible,REC_MANTENER_ACUMULACION,REC_MANTENER_ACUMULACION,modelo_restringido,Mantener el patrón actual y separar automáticamente una parte del excedente para la meta declarada.,mantenimiento_y_ahorro,aplicar,media,97.38,97.38,no_requerida,La recomendación REC_MANTENER_ACUMULACION se limita al estado acumulacion_estable observado entre 2026-04-01 00:00:00 y 2026-06-30 00:00:00. Meta declarada: hacer_certificacion_profesional. Guardas: hobbies_no_eliminados_automaticamente.,necesidades_esenciales | meta:hacer_certificacion_profesional | hobbies:manualidades_y_artesanias|jardineria_y_agricultura_urbana,manualidades_y_artesanias | jardineria_y_agricultura_urbana,hacer_certificacion_profesional,no_declarar_riesgo_solo_por_ingreso_variable | no_eliminar_hobbies_por_defecto | no_tratar_el_estado_como_identidad_permanente,bajo,,hobbies_no_eliminados_automaticamente,REC_MANTENER_ACUMULACION:97.38 | REC_PLAN_CONTENCION:1.2 | REC_VIGILAR_RESERVA:0.51 | REC_RESERVA_PICOS:0.41 | REC_REVISAR_CAMBIO_RECIENTE:0.35 | REC_PRIORIZAR_COBERTURA:0.09 | REC_CREAR_MARGEN:0.07
PERF_0042,VEN_0042_3,2026-04-01,2026-06-30,situacion_critica,recomendacion_disponible,REC_PLAN_CONTENCION,REC_PLAN_CONTENCION,modelo_restringido,Activar un plan de contención centrado en necesidades esenciales y solicitar revisión humana para deuda y liquidez.,contencion_y_revision,aplicar,critica,99.94,99.94,requerida,La recomendación REC_PLAN_CONTENCION se limita al estado situacion_critica observado entre 2026-04-01 00:00:00 y 2026-06-30 00:00:00. Meta declarada: no_declarada. Guardas: situacion_critica_con_revision_humana | hobbies_no_eliminados_automaticamente.,necesidades_esenciales | responsabilidad:apoyo_mensual_madre_o_padre | hobbies:cocina_y_reposteria|fotografia_y_video,cocina_y_reposteria | fotografia_y_video,,no_declarar_riesgo_solo_por_ingreso_variable | no_eliminar_hobbies_por_defecto | no_tratar_el_estado_como_identidad_permanente,podria_reducir_bienestar_o_desconocer_el_contexto,,situacion_critica_con_revision_humana | hobbies_no_eliminados_automaticamente,REC_PLAN_CONTENCION:99.94 | REC_VIGILAR_RESERVA:0.04 | REC_RESERVA_PICOS:0.02 | REC_MANTENER_ACUMULACION:0.0 | REC_CREAR_MARGEN:0.0 | REC_PRIORIZAR_COBERTURA:0.0 | REC_REVISAR_CAMBIO_RECIENTE:0.0
PERF_0041,VEN_0041_3,2026-04-01,2026-06-30,fragilidad_sostenida,recomendacion_disponible,REC_PRIORIZAR_COBERTURA,REC_PRIORIZAR_COBERTURA,modelo_restringido,"Priorizar vivienda, alimentación, salud y servicios; revisar opciones de renegociación de deuda sin eliminar automáticamente los hobbies.",proteccion_esencial,aplicar,alta,99.87,99.87,no_requerida,La recomendación REC_PRIORIZAR_COBERTURA se limita al estado fragilidad_sostenida observado entre 2026-04-01 00:00:00 y 2026-06-30 00:00:00. Meta declarada: no_declarada. Guardas: proteccion_esencial_por_fragilidad | hobbies_no_eliminados_automaticamente.,necesidades_esenciales | hobbies:pintura|fotografia_y_video,pintura | fotografia_y_video,,no_declarar_riesgo_solo_por_ingreso_variable | no_eliminar_hobbies_por_defecto | no_tratar_el_estado_como_identidad_permanente,podria_reducir_bienestar_o_desconocer_el_contexto,,proteccion_esencial_por_fragilidad | hobbies_no_eliminados_automaticamente,REC_PRIORIZAR_COBERTURA:99.87 | REC_VIGILAR_RESERVA:0.12 | REC_RESERVA_PICOS:0.01 | REC_PLAN_CONTENCION:0.01 | REC_CREAR_MARGEN:0.0 | REC_MANTENER_ACUMULACION:0.0 | REC_REVISAR_CAMBIO_RECIENTE:0.0
PERF_0040,VEN_0040_3,2026-04-01,2026-06-30,deterioro_reciente,recomendacion_disponible,REC_PRIORIZAR_COBERTURA,REC_REVISAR_CAMBIO_RECIENTE,guarda_etica,"Priorizar vivienda, alimentación, salud y servicios; revisar opciones de renegociación de deuda sin eliminar automáticamente los hobbies.",proteccion_esencial,aplicar,alta,0.0,99.65,requerida,La recomendación REC_PRIORIZAR_COBERTURA se limita al estado deterioro_reciente observado entre 2026-04-01 00:00:00 y 2026-06-30 00:00:00. Meta declarada: no_declarada. Guardas: cobertura_esencial_menor_a_un_mes | cambio_reciente_requiere_revision | hobbies_no_eliminados_automaticamente.,necesidades_esenciales | responsabilidad:aporte_hogar_compartido | hobbies:ciclismo,ciclismo,,no_declarar_riesgo_solo_por_ingreso_variable | no_eliminar_hobbies_por_defecto | no_tratar_el_estado_como_identidad_permanente,podria_reducir_bienestar_o_desconocer_el_contexto,,cobertura_esencial_menor_a_un_mes | cambio_reciente_requiere_revision | hobbies_no_eliminados_automaticamente,REC_REVISAR_CAMBIO_RECIENTE:99.65 | REC_MANTENER_ACUMULACION:0.16 | REC_VIGILAR_RESERVA:0.13 | REC_CREAR_MARGEN:0.07 | REC_PLAN_CONTENCION:0.0 | REC_PRIORIZAR_COBERTURA:0.0 | REC_RESERVA_PICOS:0.0
PERF_0039,VEN_0039_3,2026-04-01,2026-06-30,uso_planificado_reserva,recomendacion_disponible,REC_VIGILAR_RESERVA,REC_VIGILAR_RESERVA,modelo_restringido,Mantener el gasto alineado con la meta y revisar que la reserva conserve cobertura suficiente durante el siguiente cierre.,seguimiento_meta,sugerir,media,94.83,94.83,no_requerida,La recomendación REC_VIGILAR_RESERVA se limita al estado uso_planificado_reserva observado entre 2026-04-01 00:00:00 y 2026-06-30 00:00:00. Meta declarada: mejorar_vivienda. Guardas: hobbies_no_eliminados_automaticamente.,necesidades_esenciales | meta:mejorar_vivienda | hobbies:jardineria_y_agricultura_urbana,jardineria_y_agricultura_urbana,mejorar_vivienda,no_declarar_riesgo_solo_por_ingreso_variable | no_eliminar_hobbies_por_defecto | no_tratar_el_estado_como_identidad_permanente,bajo,,hobbies_no_eliminados_automaticamente,REC_VIGILAR_RESERVA:94.83 | REC_REVISAR_CAMBIO_RECIENTE:2.11 | REC_RESERVA_PICOS:1.41 | REC_CREAR_MARGEN:0.99 | REC_PLAN_CONTENCION:0.48 | REC_MANTENER_ACUMULACION:0.18 | REC_PRIORIZAR_COBERTURA:0.0
PERF_0045,VEN_0045_3,2026-04-01,2026-06-30,variable_resiliente,recomendacion_disponible,REC_RESERVA_PICOS,REC_RESERVA_PICOS,modelo_restringido,Reservar parte de los meses altos para cubrir los periodos de menor ingreso sin tratar la variabilidad como falla.,gestion_ingreso_variable,aplicar,alta,99.99,99.99,no_requerida,La recomendación REC_RESERVA_PICOS se limita al estado variable_resiliente observado entre 2026-04-01 00:00:00 y 2026-06-30 00:00:00. Meta declarada: pagar_deuda. Guardas: hobbies_no_eliminados_automaticamente.,necesidades_esenciales | meta:pagar_deuda | hobbies:fotografia_y_video,fotografia_y_video,pagar_deuda,no_declarar_riesgo_solo_por_ingreso_variable | no_eliminar_hobbies_por_defecto | no_tratar_el_estado_como_identidad_permanente,bajo,,hobbies_no_eliminados_automaticamente,REC_RESERVA_PICOS:99.99 | REC_PRIORIZAR_COBERTURA:0.01 | REC_CREAR_MARGEN:0.0 | REC_MANTENER_ACUMULACION:0.0 | REC_PLAN_CONTENCION:0.0 | REC_REVISAR_CAMBIO_RECIENTE:0.0 | REC_VIGILAR_RESERVA:0.0
PERF_0054,VEN_0054_3,2026-04-01,2026-06-30,deterioro_reciente,recomendacion_disponible,REC_PRIORIZAR_COBERTURA,REC_REVISAR_CAMBIO_RECIENTE,guarda_etica,"Priorizar vivienda, alimentación, salud y servicios; revisar opciones de renegociación de deuda sin eliminar automáticamente los hobbies.",proteccion_esencial,aplicar,alta,0.17,99.34,requerida,La recomendación REC_PRIORIZAR_COBERTURA se limita al estado deterioro_reciente observado entre 2026-04-01 00:00:00 y 2026-06-30 00:00:00. Meta declarada: comprar_equipo_de_trabajo. Guardas: cobertura_esencial_menor_a_un_mes | cambio_reciente_requiere_revision | hobbies_no_eliminados_automaticamente.,necesidades_esenciales | meta:comprar_equipo_de_trabajo | hobbies:musica,musica,comprar_equipo_de_trabajo,no_declarar_riesgo_solo_por_ingreso_variable | no_eliminar_hobbies_por_defecto | no_tratar_el_estado_como_identidad_permanente,podria_reducir_bienestar_o_desconocer_el_contexto,,cobertura_esencial_menor_a_un_mes | cambio_reciente_requiere_revision | hobbies_no_eliminados_automaticamente,REC_REVISAR_CAMBIO_RECIENTE:99.34 | REC_VIGILAR_RESERVA:0.27 | REC_PRIORIZAR_COBERTURA:0.17 | REC_MANTENER_ACUMULACION:0.16 | REC_CREAR_MARGEN:0.07 | REC_PLAN_CONTENCION:0.0 | REC_RESERVA_PICOS:0.0
PERF_0055,VEN_0055_3,2026-04-01,2026-06-30,fragilidad_sostenida,recomendacion_disponible,REC_PRIORIZAR_COBERTURA,REC_PRIORIZAR_COBERTURA,modelo_restringido,"Priorizar vivienda, alimentación, salud y servicios; revisar opciones de renegociación de deuda sin eliminar automáticamente los hobbies.",proteccion_esencial,aplicar,alta,99.69,99.69,no_requerida,La recomendación REC_PRIORIZAR_COBERTURA se limita al estado fragilidad_sostenida observado entre 2026-04-01 00:00:00 y 2026-06-30 00:00:00. Meta declarada: ampliar_actividad_economica. Guardas: proteccion_esencial_por_fragilidad | hobbies_no_eliminados_automaticamente.,necesidades_esenciales | responsabilidad:aporte_hogar_compartido | meta:ampliar_actividad_economica | hobbies:fotografia_y_video,fotografia_y_video,ampliar_actividad_economica,no_declarar_riesgo_solo_por_ingreso_variable | no_eliminar_hobbies_por_defecto | no_tratar_el_estado_como_identidad_permanente,podria_reducir_bienestar_o_desconocer_el_contexto,,proteccion_esencial_por_fragilidad | hobbies_no_eliminados_automaticamente,REC_PRIORIZAR_COBERTURA:99.69 | REC_VIGILAR_RESERVA:0.14 | REC_PLAN_CONTENCION:0.11 | REC_RESERVA_PICOS:0.07 | REC_CREAR_MARGEN:0.0 | REC_MANTENER_ACUMULACION:0.0 | REC_REVISAR_CAMBIO_RECIENTE:0.0
PERF_0056,VEN_0056_3,2026-04-01,2026-06-30,situacion_critica,recomendacion_disponible,REC_PLAN_CONTENCION,REC_PLAN_CONTENCION,modelo_restringido,Activar un plan de contención centrado en necesidades esenciales y solicitar revisión humana para deuda y liquidez.,contencion_y_revision,aplicar,critica,99.94,99.94,requerida,La recomendación REC_PLAN_CONTENCION se limita al estado situacion_critica observado entre 2026-04-01 00:00:00 y 2026-06-30 00:00:00. Meta declarada: pagar_deuda. Guardas: situacion_critica_con_revision_humana | hobbies_no_eliminados_automaticamente.,necesidades_esenciales | meta:pagar_deuda | hobbies:videojuegos_y_streaming|turismo_y_viajes,videojuegos_y_streaming | turismo_y_viajes,pagar_deuda,no_declarar_riesgo_solo_por_ingreso_variable | no_eliminar_hobbies_por_defecto | no_tratar_el_estado_como_identidad_permanente,podria_reducir_bienestar_o_desconocer_el_contexto,,situacion_critica_con_revision_humana | hobbies_no_eliminados_automaticamente,REC_PLAN_CONTENCION:99.94 | REC_VIGILAR_RESERVA:0.04 | REC_RESERVA_PICOS:0.02 | REC_MANTENER_ACUMULACION:0.0 | REC_CREAR_MARGEN:0.0 | REC_PRIORIZAR_COBERTURA:0.0 | REC_REVISAR_CAMBIO_RECIENTE:0.0
PERF_0071,VEN_0071_3,2026-04-01,2026-06-30,acumulacion_estable,recomendacion_disponible,REC_MANTENER_ACUMULACION,REC_MANTENER_ACUMULACION,modelo_restringido,Mantener el patrón actual y separar automáticamente una parte del excedente para la meta declarada.,mantenimiento_y_ahorro,aplicar,media,99.63,99.63,no_requerida,La recomendación REC_MANTENER_ACUMULACION se limita al estado acumulacion_estable observado entre 2026-04-01 00:00:00 y 2026-06-30 00:00:00. Meta declarada: mejorar_vivienda. Guardas: hobbies_no_eliminados_automaticamente.,necesidades_esenciales | responsabilidad:aporte_hogar_compartido | meta:mejorar_vivienda | hobbies:pintura,pintura,mejorar_vivienda,no_declarar_riesgo_solo_por_ingreso_variable | no_eliminar_hobbies_por_defecto | no_tratar_el_estado_como_identidad_permanente,bajo,,hobbies_no_eliminados_automaticamente,REC_MANTENER_ACUMULACION:99.63 | REC_REVISAR_CAMBIO_RECIENTE:0.2 | REC_VIGILAR_RESERVA:0.1 | REC_CREAR_MARGEN:0.07 | REC_PLAN_CONTENCION:0.0 | REC_PRIORIZAR_COBERTURA:0.0 | REC_RESERVA_PICOS:0.0
PERF_0070,VEN_0070_3,2026-04-01,2026-06-30,situacion_critica,recomendacion_disponible,REC_PLAN_CONTENCION,REC_PLAN_CONTENCION,modelo_restringido,Activar un plan de contención centrado en necesidades esenciales y solicitar revisión humana para deuda y liquidez.,contencion_y_revision,aplicar,critica,99.88,99.88,requerida,La recomendación REC_PLAN_CONTENCION se limita al estado situacion_critica observado entre 2026-04-01 00:00:00 y 2026-06-30 00:00:00. Meta declarada: no_declarada. Guardas: situacion_critica_con_revision_humana | hobbies_no_eliminados_automaticamente.,necesidades_esenciales | hobbies:ciclismo,ciclismo,,no_declarar_riesgo_solo_por_ingreso_variable | no_eliminar_hobbies_por_defecto | no_tratar_el_estado_como_identidad_permanente,podria_reducir_bienestar_o_desconocer_el_contexto,,situacion_critica_con_revision_humana | hobbies_no_eliminados_automaticamente,REC_PLAN_CONTENCION:99.88 | REC_VIGILAR_RESERVA:0.06 | REC_RESERVA_PICOS:0.04 | REC_MANTENER_ACUMULACION:0.01 | REC_CREAR_MARGEN:0.0 | REC_PRIORIZAR_COBERTURA:0.0 | REC_REVISAR_CAMBIO_RECIENTE:0.0
PERF_0069,VEN_0069_3,2026-04-01,2026-06-30,fragilidad_sostenida,recomendacion_disponible,REC_PRIORIZAR_COBERTURA,REC_PRIORIZAR_COBERTURA,modelo_restringido,"Priorizar vivienda, alimentación, salud y servicios; revisar opciones de renegociación de deuda sin eliminar automáticamente los hobbies.",proteccion_esencial,aplicar,alta,99.66,99.66,no_requerida,La recomendación REC_PRIORIZAR_COBERTURA se limita al estado fragilidad_sostenida observado entre 2026-04-01 00:00:00 y 2026-06-30 00:00:00. Meta declarada: no_declarada. Guardas: proteccion_esencial_por_fragilidad | hobbies_no_eliminados_automaticamente.,necesidades_esenciales | responsabilidad:ninguna_declarada | hobbies:jardineria_y_agricultura_urbana|cocina_y_reposteria,jardineria_y_agricultura_urbana | cocina_y_reposteria,,no_declarar_riesgo_solo_por_ingreso_variable | no_eliminar_hobbies_por_defecto | no_tratar_el_estado_como_identidad_permanente,podria_reducir_bienestar_o_desconocer_el_contexto,,proteccion_esencial_por_fragilidad | hobbies_no_eliminados_automaticamente,REC_PRIORIZAR_COBERTURA:99.66 | REC_VIGILAR_RESERVA:0.23 | REC_CREAR_MARGEN:0.1 | REC_RESERVA_PICOS:0.01 | REC_PLAN_CONTENCION:0.01 | REC_MANTENER_ACUMULACION:0.0 | REC_REVISAR_CAMBIO_RECIENTE:0.0
PERF_0068,VEN_0068_3,2026-04-01,2026-06-30,deterioro_reciente,recomendacion_disponible,REC_PRIORIZAR_COBERTURA,REC_REVISAR_CAMBIO_RECIENTE,guarda_etica,"Priorizar vivienda, alimentación, salud y servicios; revisar opciones de renegociación de deuda sin eliminar automáticamente los hobbies.",proteccion_esencial,aplicar,alta,0.0,97.79,requerida,La recomendación REC_PRIORIZAR_COBERTURA se limita al estado deterioro_reciente observado entre 2026-04-01 00:00:00 y 2026-06-30 00:00:00. Meta declarada: comprar_bicicleta. Guardas: cobertura_esencial_menor_a_un_mes | cambio_reciente_requiere_revision | hobbies_no_eliminados_automaticamente.,necesidades_esenciales | meta:comprar_bicicleta | hobbies:impresion_3d,impresion_3d,comprar_bicicleta,no_declarar_riesgo_solo_por_ingreso_variable | no_eliminar_hobbies_por_defecto | no_tratar_el_estado_como_identidad_permanente,podria_reducir_bienestar_o_desconocer_el_contexto,,cobertura_esencial_menor_a_un_mes | cambio_reciente_requiere_revision | hobbies_no_eliminados_automaticamente,REC_REVISAR_CAMBIO_RECIENTE:97.79 | REC_CREAR_MARGEN:1.09 | REC_RESERVA_PICOS:0.65 | REC_MANTENER_ACUMULACION:0.36 | REC_VIGILAR_RESERVA:0.13 | REC_PLAN_CONTENCION:0.0 | REC_PRIORIZAR_COBERTURA:0.0
PERF_0067,VEN_0067_3,2026-04-01,2026-06-30,uso_planificado_reserva,recomendacion_disponible,REC_VIGILAR_RESERVA,REC_VIGILAR_RESERVA,modelo_restringido,Mantener el gasto alineado con la meta y revisar que la reserva conserve cobertura suficiente durante el siguiente cierre.,seguimiento_meta,sugerir,media,99.68,99.68,no_requerida,La recomendación REC_VIGILAR_RESERVA se limita al estado uso_planificado_reserva observado entre 2026-04-01 00:00:00 y 2026-06-30 00:00:00. Meta declarada: comprar_bicicleta. Guardas: hobbies_no_eliminados_automaticamente.,necesidades_esenciales | responsabilidad:medicamentos_de_un_familiar | meta:comprar_bicicleta | hobbies:turismo_y_viajes|jardineria_y_agricultura_urbana,turismo_y_viajes | jardineria_y_agricultura_urbana,comprar_bicicleta,no_declarar_riesgo_solo_por_ingreso_variable | no_eliminar_hobbies_por_defecto | no_tratar_el_estado_como_identidad_permanente,bajo,,hobbies_no_eliminados_automaticamente,REC_VIGILAR_RESERVA:99.68 | REC_REVISAR_CAMBIO_RECIENTE:0.16 | REC_MANTENER_ACUMULACION:0.08 | REC_PRIORIZAR_COBERTURA:0.08 | REC_CREAR_MARGEN:0.0 | REC_PLAN_CONTENCION:0.0 | REC_RESERVA_PICOS:0.0
PERF_0066,VEN_0066_3,2026-04-01,2026-06-30,variable_resiliente,recomendacion_disponible,REC_RESERVA_PICOS,REC_RESERVA_PICOS,modelo_restringido,Reservar parte de los meses altos para cubrir los periodos de menor ingreso sin tratar la variabilidad como falla.,gestion_ingreso_variable,aplicar,alta,99.88,99.88,no_requerida,La recomendación REC_RESERVA_PICOS se limita al estado variable_resiliente observado entre 2026-04-01 00:00:00 y 2026-06-30 00:00:00. Meta declarada: pagar_deuda. Guardas: hobbies_no_eliminados_automaticamente.,necesidades_esenciales | responsabilidad:apoyo_parcial_a_dos_familiares | meta:pagar_deuda | hobbies:videojuegos_y_streaming|jardineria_y_agricultura_urbana,videojuegos_y_streaming | jardineria_y_agricultura_urbana,pagar_deuda,no_declarar_riesgo_solo_por_ingreso_variable | no_eliminar_hobbies_por_defecto | no_tratar_el_estado_como_identidad_permanente,bajo,,hobbies_no_eliminados_automaticamente,REC_RESERVA_PICOS:99.88 | REC_REVISAR_CAMBIO_RECIENTE:0.11 | REC_PRIORIZAR_COBERTURA:0.01 | REC_CREAR_MARGEN:0.0 | REC_MANTENER_ACUMULACION:0.0 | REC_PLAN_CONTENCION:0.0 | REC_VIGILAR_RESERVA:0.0
PERF_0065,VEN_0065_3,2026-04-01,2026-06-30,equilibrio_sostenible,recomendacion_disponible,REC_PRIORIZAR_COBERTURA,REC_CREAR_MARGEN,guarda_etica,"Priorizar vivienda, alimentación, salud y servicios; revisar opciones de renegociación de deuda sin eliminar automáticamente los hobbies.",proteccion_esencial,aplicar,alta,0.0,99.85,no_requerida,La recomendación REC_PRIORIZAR_COBERTURA se limita al estado equilibrio_sostenible observado entre 2026-04-01 00:00:00 y 2026-06-30 00:00:00. Meta declarada: no_declarada. Guardas: cobertura_esencial_menor_a_un_mes | hobbies_no_eliminados_automaticamente.,necesidades_esenciales | responsabilidad:gastos_de_un_hijo | hobbies:fotografia_y_video,fotografia_y_video,,no_declarar_riesgo_solo_por_ingreso_variable | no_eliminar_hobbies_por_defecto | no_tratar_el_estado_como_identidad_permanente,podria_reducir_bienestar_o_desconocer_el_contexto,,cobertura_esencial_menor_a_un_mes | hobbies_no_eliminados_automaticamente,REC_CREAR_MARGEN:99.85 | REC_MANTENER_ACUMULACION:0.07 | REC_REVISAR_CAMBIO_RECIENTE:0.07 | REC_PLAN_CONTENCION:0.0 | REC_PRIORIZAR_COBERTURA:0.0 | REC_RESERVA_PICOS:0.0 | REC_VIGILAR_RESERVA:0.0
PERF_0064,VEN_0064_3,2026-04-01,2026-06-30,acumulacion_estable,recomendacion_disponible,REC_MANTENER_ACUMULACION,REC_MANTENER_ACUMULACION,modelo_restringido,Mantener el patrón actual y separar automáticamente una parte del excedente para la meta declarada.,mantenimiento_y_ahorro,aplicar,media,99.62,99.62,no_requerida,La recomendación REC_MANTENER_ACUMULACION se limita al estado acumulacion_estable observado entre 2026-04-01 00:00:00 y 2026-06-30 00:00:00. Meta declarada: hacer_certificacion_profesional. Guardas: hobbies_no_eliminados_automaticamente.,necesidades_esenciales | meta:hacer_certificacion_profesional | hobbies:musica|videojuegos_y_streaming,musica | videojuegos_y_streaming,hacer_certificacion_profesional,no_declarar_riesgo_solo_por_ingreso_variable | no_eliminar_hobbies_por_defecto | no_tratar_el_estado_como_identidad_permanente,bajo,,hobbies_no_eliminados_automaticamente,REC_MANTENER_ACUMULACION:99.62 | REC_REVISAR_CAMBIO_RECIENTE:0.2 | REC_VIGILAR_RESERVA:0.07 | REC_CREAR_MARGEN:0.07 | REC_PRIORIZAR_COBERTURA:0.04 | REC_PLAN_CONTENCION:0.0 | REC_RESERVA_PICOS:0.0
PERF_0063,VEN_0063_3,2026-04-01,2026-06-30,situacion_critica,recomendacion_disponible,REC_PLAN_CONTENCION,REC_PLAN_CONTENCION,modelo_restringido,Activar un plan de contención centrado en necesidades esenciales y solicitar revisión humana para deuda y liquidez.,contencion_y_revision,aplicar,critica,99.94,99.94,requerida,La recomendación REC_PLAN_CONTENCION se limita al estado situacion_critica observado entre 2026-04-01 00:00:00 y 2026-06-30 00:00:00. Meta declarada: comprar_bicicleta. Guardas: situacion_critica_con_revision_humana | hobbies_no_eliminados_automaticamente.,necesidades_esenciales | responsabilidad:gastos_de_un_hijo | meta:comprar_bicicleta | hobbies:manualidades_y_artesanias|fotografia_y_video,manualidades_y_artesanias | fotografia_y_video,comprar_bicicleta,no_declarar_riesgo_solo_por_ingreso_variable | no_eliminar_hobbies_por_defecto | no_tratar_el_estado_como_identidad_permanente,podria_reducir_bienestar_o_desconocer_el_contexto,,situacion_critica_con_revision_humana | hobbies_no_eliminados_automaticamente,REC_PLAN_CONTENCION:99.94 | REC_VIGILAR_RESERVA:0.04 | REC_RESERVA_PICOS:0.02 | REC_MANTENER_ACUMULACION:0.0 | REC_CREAR_MARGEN:0.0 | REC_PRIORIZAR_COBERTURA:0.0 | REC_REVISAR_CAMBIO_RECIENTE:0.0
PERF_0062,VEN_0062_3,2026-04-01,2026-06-30,fragilidad_sostenida,recomendacion_disponible,REC_PRIORIZAR_COBERTURA,REC_PRIORIZAR_COBERTURA,modelo_restringido,"Priorizar vivienda, alimentación, salud y servicios; revisar opciones de renegociación de deuda sin eliminar automáticamente los hobbies.",proteccion_esencial,aplicar,alta,99.52,99.52,no_requerida,La recomendación REC_PRIORIZAR_COBERTURA se limita al estado fragilidad_sostenida observado entre 2026-04-01 00:00:00 y 2026-06-30 00:00:00. Meta declarada: mejorar_vivienda. Guardas: proteccion_esencial_por_fragilidad | hobbies_no_eliminados_automaticamente.,necesidades_esenciales | meta:mejorar_vivienda | hobbies:cocina_y_reposteria|ciclismo,cocina_y_reposteria | ciclismo,mejorar_vivienda,no_declarar_riesgo_solo_por_ingreso_variable | no_eliminar_hobbies_por_defecto | no_tratar_el_estado_como_identidad_permanente,podria_reducir_bienestar_o_desconocer_el_contexto,,proteccion_esencial_por_fragilidad | hobbies_no_eliminados_automaticamente,REC_PRIORIZAR_COBERTURA:99.52 | REC_VIGILAR_RESERVA:0.23 | REC_MANTENER_ACUMULACION:0.16 | REC_CREAR_MARGEN:0.06 | REC_PLAN_CONTENCION:0.02 | REC_RESERVA_PICOS:0.0 | REC_REVISAR_CAMBIO_RECIENTE:0.0
PERF_0061,VEN_0061_3,2026-04-01,2026-06-30,deterioro_reciente,recomendacion_disponible,REC_PRIORIZAR_COBERTURA,REC_REVISAR_CAMBIO_RECIENTE,guarda_etica,"Priorizar vivienda, alimentación, salud y servicios; revisar opciones de renegociación de deuda sin eliminar automáticamente los hobbies.",proteccion_esencial,aplicar,alta,0.08,98.98,requerida,La recomendación REC_PRIORIZAR_COBERTURA se limita al estado deterioro_reciente observado entre 2026-04-01 00:00:00 y 2026-06-30 00:00:00. Meta declarada: comprar_equipo_de_trabajo. Guardas: cobertura_esencial_menor_a_un_mes | cambio_reciente_requiere_revision | hobbies_no_eliminados_automaticamente.,necesidades_esenciales | responsabilidad:ninguna_declarada | meta:comprar_equipo_de_trabajo | hobbies:pintura|jardineria_y_agricultura_urbana,pintura | jardineria_y_agricultura_urbana,comprar_equipo_de_trabajo,no_declarar_riesgo_solo_por_ingreso_variable | no_eliminar_hobbies_por_defecto | no_tratar_el_estado_como_identidad_permanente,podria_reducir_bienestar_o_desconocer_el_contexto,,cobertura_esencial_menor_a_un_mes | cambio_reciente_requiere_revision | hobbies_no_eliminados_automaticamente,REC_REVISAR_CAMBIO_RECIENTE:98.98 | REC_RESERVA_PICOS:0.59 | REC_MANTENER_ACUMULACION:0.16 | REC_VIGILAR_RESERVA:0.13 | REC_PRIORIZAR_COBERTURA:0.08 | REC_CREAR_MARGEN:0.07 | REC_PLAN_CONTENCION:0.0
PERF_0060,VEN_0060_3,2026-04-01,2026-06-30,uso_planificado_reserva,recomendacion_disponible,REC_VIGILAR_RESERVA,REC_VIGILAR_RESERVA,modelo_restringido,Mantener el gasto alineado con la meta y revisar que la reserva conserve cobertura suficiente durante el siguiente cierre.,seguimiento_meta,sugerir,media,99.76,99.76,no_requerida,La recomendación REC_VIGILAR_RESERVA se limita al estado uso_planificado_reserva observado entre 2026-04-01 00:00:00 y 2026-06-30 00:00:00. Meta declarada: comprar_equipo_de_trabajo. Guardas: hobbies_no_eliminados_automaticamente.,necesidades_esenciales | responsabilidad:medicamentos_de_un_familiar | meta:comprar_equipo_de_trabajo | hobbies:ciclismo|videojuegos_y_streaming,ciclismo | videojuegos_y_streaming,comprar_equipo_de_trabajo,no_declarar_riesgo_solo_por_ingreso_variable | no_eliminar_hobbies_por_defecto | no_tratar_el_estado_como_identidad_permanente,bajo,,hobbies_no_eliminados_automaticamente,REC_VIGILAR_RESERVA:99.76 | REC_REVISAR_CAMBIO_RECIENTE:0.16 | REC_MANTENER_ACUMULACION:0.08 | REC_CREAR_MARGEN:0.0 | REC_PLAN_CONTENCION:0.0 | REC_PRIORIZAR_COBERTURA:0.0 | REC_RESERVA_PICOS:0.0
PERF_0059,VEN_0059_3,2026-04-01,2026-06-30,variable_resiliente,recomendacion_disponible,REC_RESERVA_PICOS,REC_RESERVA_PICOS,modelo_restringido,Reservar parte de los meses altos para cubrir los periodos de menor ingreso sin tratar la variabilidad como falla.,gestion_ingreso_variable,aplicar,alta,99.97,99.97,no_requerida,La recomendación REC_RESERVA_PICOS se limita al estado variable_resiliente observado entre 2026-04-01 00:00:00 y 2026-06-30 00:00:00. Meta declarada: no_declarada. Guardas: hobbies_no_eliminados_automaticamente.,necesidades_esenciales | responsabilidad:apoyo_mensual_madre_o_padre | hobbies:jardineria_y_agricultura_urbana,jardineria_y_agricultura_urbana,,no_declarar_riesgo_solo_por_ingreso_variable | no_eliminar_hobbies_por_defecto | no_tratar_el_estado_como_identidad_permanente,bajo,,hobbies_no_eliminados_automaticamente,REC_RESERVA_PICOS:99.97 | REC_CREAR_MARGEN:0.01 | REC_PRIORIZAR_COBERTURA:0.01 | REC_MANTENER_ACUMULACION:0.0 | REC_PLAN_CONTENCION:0.0 | REC_REVISAR_CAMBIO_RECIENTE:0.0 | REC_VIGILAR_RESERVA:0.0
PERF_0058,VEN_0058_3,2026-04-01,2026-06-30,equilibrio_sostenible,recomendacion_disponible,REC_CREAR_MARGEN,REC_CREAR_MARGEN,modelo_restringido,Crear un margen pequeño y flexible antes de aumentar compromisos fijos.,prevencion,sugerir,media,99.85,99.85,no_requerida,La recomendación REC_CREAR_MARGEN se limita al estado equilibrio_sostenible observado entre 2026-04-01 00:00:00 y 2026-06-30 00:00:00. Meta declarada: hacer_certificacion_profesional. Guardas: hobbies_no_eliminados_automaticamente.,necesidades_esenciales | responsabilidad:ninguna_declarada | meta:hacer_certificacion_profesional | hobbies:impresion_3d|videojuegos_y_streaming,impresion_3d | videojuegos_y_streaming,hacer_certificacion_profesional,no_declarar_riesgo_solo_por_ingreso_variable | no_eliminar_hobbies_por_defecto | no_tratar_el_estado_como_identidad_permanente,bajo,,hobbies_no_eliminados_automaticamente,REC_CREAR_MARGEN:99.85 | REC_MANTENER_ACUMULACION:0.07 | REC_REVISAR_CAMBIO_RECIENTE:0.07 | REC_PLAN_CONTENCION:0.0 | REC_PRIORIZAR_COBERTURA:0.0 | REC_RESERVA_PICOS:0.0 | REC_VIGILAR_RESERVA:0.0
PERF_0057,VEN_0057_3,2026-04-01,2026-06-30,acumulacion_estable,recomendacion_disponible,REC_MANTENER_ACUMULACION,REC_MANTENER_ACUMULACION,modelo_restringido,Mantener el patrón actual y separar automáticamente una parte del excedente para la meta declarada.,mantenimiento_y_ahorro,aplicar,media,99.63,99.63,no_requerida,La recomendación REC_MANTENER_ACUMULACION se limita al estado acumulacion_estable observado entre 2026-04-01 00:00:00 y 2026-06-30 00:00:00. Meta declarada: ampliar_actividad_economica. Guardas: hobbies_no_eliminados_automaticamente.,necesidades_esenciales | responsabilidad:apoyo_mensual_madre_o_padre | meta:ampliar_actividad_economica | hobbies:turismo_y_viajes|cocina_y_reposteria,turismo_y_viajes | cocina_y_reposteria,ampliar_actividad_economica,no_declarar_riesgo_solo_por_ingreso_variable | no_eliminar_hobbies_por_defecto | no_tratar_el_estado_como_identidad_permanente,bajo,,hobbies_no_eliminados_automaticamente,REC_MANTENER_ACUMULACION:99.63 | REC_REVISAR_CAMBIO_RECIENTE:0.2 | REC_VIGILAR_RESERVA:0.1 | REC_CREAR_MARGEN:0.07 | REC_PLAN_CONTENCION:0.0 | REC_PRIORIZAR_COBERTURA:0.0 | REC_RESERVA_PICOS:0.0
PERF_0038,VEN_0038_3,2026-04-01,2026-06-30,variable_resiliente,recomendacion_disponible,REC_RESERVA_PICOS,REC_RESERVA_PICOS,modelo_restringido,Reservar parte de los meses altos para cubrir los periodos de menor ingreso sin tratar la variabilidad como falla.,gestion_ingreso_variable,aplicar,alta,99.02,99.02,no_requerida,La recomendación REC_RESERVA_PICOS se limita al estado variable_resiliente observado entre 2026-04-01 00:00:00 y 2026-06-30 00:00:00. Meta declarada: no_declarada. Guardas: hobbies_no_eliminados_automaticamente.,necesidades_esenciales | hobbies:impresion_3d|manualidades_y_artesanias,impresion_3d | manualidades_y_artesanias,,no_declarar_riesgo_solo_por_ingreso_variable | no_eliminar_hobbies_por_defecto | no_tratar_el_estado_como_identidad_permanente,bajo,,hobbies_no_eliminados_automaticamente,REC_RESERVA_PICOS:99.02 | REC_REVISAR_CAMBIO_RECIENTE:0.33 | REC_CREAR_MARGEN:0.25 | REC_PLAN_CONTENCION:0.2 | REC_VIGILAR_RESERVA:0.2 | REC_MANTENER_ACUMULACION:0.0 | REC_PRIORIZAR_COBERTURA:0.0
PERF_0037,VEN_0037_3,2026-04-01,2026-06-30,equilibrio_sostenible,recomendacion_disponible,REC_CREAR_MARGEN,REC_CREAR_MARGEN,modelo_restringido,Crear un margen pequeño y flexible antes de aumentar compromisos fijos.,prevencion,sugerir,media,99.85,99.85,no_requerida,La recomendación REC_CREAR_MARGEN se limita al estado equilibrio_sostenible observado entre 2026-04-01 00:00:00 y 2026-06-30 00:00:00. Meta declarada: mejorar_vivienda. Guardas: hobbies_no_eliminados_automaticamente.,necesidades_esenciales | meta:mejorar_vivienda | hobbies:turismo_y_viajes,turismo_y_viajes,mejorar_vivienda,no_declarar_riesgo_solo_por_ingreso_variable | no_eliminar_hobbies_por_defecto | no_tratar_el_estado_como_identidad_permanente,bajo,,hobbies_no_eliminados_automaticamente,REC_CREAR_MARGEN:99.85 | REC_MANTENER_ACUMULACION:0.07 | REC_REVISAR_CAMBIO_RECIENTE:0.07 | REC_PLAN_CONTENCION:0.0 | REC_PRIORIZAR_COBERTURA:0.0 | REC_RESERVA_PICOS:0.0 | REC_VIGILAR_RESERVA:0.0
PERF_0036,VEN_0036_3,2026-04-01,2026-06-30,acumulacion_estable,recomendacion_disponible,REC_MANTENER_ACUMULACION,REC_MANTENER_ACUMULACION,modelo_restringido,Mantener el patrón actual y separar automáticamente una parte del excedente para la meta declarada.,mantenimiento_y_ahorro,aplicar,media,99.63,99.63,no_requerida,La recomendación REC_MANTENER_ACUMULACION se limita al estado acumulacion_estable observado entre 2026-04-01 00:00:00 y 2026-06-30 00:00:00. Meta declarada: comprar_equipo_de_trabajo. Guardas: hobbies_no_eliminados_automaticamente.,necesidades_esenciales | meta:comprar_equipo_de_trabajo | hobbies:videojuegos_y_streaming|fotografia_y_video,videojuegos_y_streaming | fotografia_y_video,comprar_equipo_de_trabajo,no_declarar_riesgo_solo_por_ingreso_variable | no_eliminar_hobbies_por_defecto | no_tratar_el_estado_como_identidad_permanente,bajo,,hobbies_no_eliminados_automaticamente,REC_MANTENER_ACUMULACION:99.63 | REC_REVISAR_CAMBIO_RECIENTE:0.2 | REC_VIGILAR_RESERVA:0.1 | REC_CREAR_MARGEN:0.07 | REC_PLAN_CONTENCION:0.0 | REC_PRIORIZAR_COBERTURA:0.0 | REC_RESERVA_PICOS:0.0
PERF_0035,VEN_0035_3,2026-04-01,2026-06-30,situacion_critica,recomendacion_disponible,REC_PLAN_CONTENCION,REC_PLAN_CONTENCION,modelo_restringido,Activar un plan de contención centrado en necesidades esenciales y solicitar revisión humana para deuda y liquidez.,contencion_y_revision,aplicar,critica,99.94,99.94,requerida,La recomendación REC_PLAN_CONTENCION se limita al estado situacion_critica observado entre 2026-04-01 00:00:00 y 2026-06-30 00:00:00. Meta declarada: hacer_certificacion_profesional. Guardas: situacion_critica_con_revision_humana | hobbies_no_eliminados_automaticamente.,necesidades_esenciales | meta:hacer_certificacion_profesional | hobbies:fotografia_y_video|turismo_y_viajes,fotografia_y_video | turismo_y_viajes,hacer_certificacion_profesional,no_declarar_riesgo_solo_por_ingreso_variable | no_eliminar_hobbies_por_defecto | no_tratar_el_estado_como_identidad_permanente,podria_reducir_bienestar_o_desconocer_el_contexto,,situacion_critica_con_revision_humana | hobbies_no_eliminados_automaticamente,REC_PLAN_CONTENCION:99.94 | REC_VIGILAR_RESERVA:0.04 | REC_RESERVA_PICOS:0.02 | REC_MANTENER_ACUMULACION:0.0 | REC_CREAR_MARGEN:0.0 | REC_PRIORIZAR_COBERTURA:0.0 | REC_REVISAR_CAMBIO_RECIENTE:0.0
PERF_0015,VEN_0015_3,2026-04-01,2026-06-30,acumulacion_estable,recomendacion_disponible,REC_MANTENER_ACUMULACION,REC_MANTENER_ACUMULACION,modelo_restringido,Mantener el patrón actual y separar automáticamente una parte del excedente para la meta declarada.,mantenimiento_y_ahorro,aplicar,media,99.64,99.64,no_requerida,La recomendación REC_MANTENER_ACUMULACION se limita al estado acumulacion_estable observado entre 2026-04-01 00:00:00 y 2026-06-30 00:00:00. Meta declarada: no_declarada. Guardas: hobbies_no_eliminados_automaticamente.,necesidades_esenciales | hobbies:fotografia_y_video|pintura,fotografia_y_video | pintura,,no_declarar_riesgo_solo_por_ingreso_variable | no_eliminar_hobbies_por_defecto | no_tratar_el_estado_como_identidad_permanente,bajo,,hobbies_no_eliminados_automaticamente,REC_MANTENER_ACUMULACION:99.64 | REC_REVISAR_CAMBIO_RECIENTE:0.2 | REC_VIGILAR_RESERVA:0.1 | REC_CREAR_MARGEN:0.07 | REC_PLAN_CONTENCION:0.0 | REC_PRIORIZAR_COBERTURA:0.0 | REC_RESERVA_PICOS:0.0
PERF_0014,VEN_0014_3,2026-04-01,2026-06-30,situacion_critica,recomendacion_disponible,REC_PLAN_CONTENCION,REC_PLAN_CONTENCION,modelo_restringido,Activar un plan de contención centrado en necesidades esenciales y solicitar revisión humana para deuda y liquidez.,contencion_y_revision,aplicar,critica,99.88,99.88,requerida,La recomendación REC_PLAN_CONTENCION se limita al estado situacion_critica observado entre 2026-04-01 00:00:00 y 2026-06-30 00:00:00. Meta declarada: no_declarada. Guardas: situacion_critica_con_revision_humana | hobbies_no_eliminados_automaticamente.,necesidades_esenciales | hobbies:musica,musica,,no_declarar_riesgo_solo_por_ingreso_variable | no_eliminar_hobbies_por_defecto | no_tratar_el_estado_como_identidad_permanente,podria_reducir_bienestar_o_desconocer_el_contexto,,situacion_critica_con_revision_humana | hobbies_no_eliminados_automaticamente,REC_PLAN_CONTENCION:99.88 | REC_VIGILAR_RESERVA:0.06 | REC_RESERVA_PICOS:0.04 | REC_MANTENER_ACUMULACION:0.01 | REC_CREAR_MARGEN:0.0 | REC_PRIORIZAR_COBERTURA:0.0 | REC_REVISAR_CAMBIO_RECIENTE:0.0
PERF_0013,VEN_0013_3,2026-04-01,2026-06-30,fragilidad_sostenida,recomendacion_disponible,REC_PRIORIZAR_COBERTURA,REC_PRIORIZAR_COBERTURA,modelo_restringido,"Priorizar vivienda, alimentación, salud y servicios; revisar opciones de renegociación de deuda sin eliminar automáticamente los hobbies.",proteccion_esencial,aplicar,alta,99.98,99.98,no_requerida,La recomendación REC_PRIORIZAR_COBERTURA se limita al estado fragilidad_sostenida observado entre 2026-04-01 00:00:00 y 2026-06-30 00:00:00. Meta declarada: no_declarada. Guardas: proteccion_esencial_por_fragilidad | hobbies_no_eliminados_automaticamente.,necesidades_esenciales | responsabilidad:medicamentos_de_un_familiar | hobbies:manualidades_y_artesanias|cocina_y_reposteria,manualidades_y_artesanias | cocina_y_reposteria,,no_declarar_riesgo_solo_por_ingreso_variable | no_eliminar_hobbies_por_defecto | no_tratar_el_estado_como_identidad_permanente,podria_reducir_bienestar_o_desconocer_el_contexto,,proteccion_esencial_por_fragilidad | hobbies_no_eliminados_automaticamente,REC_PRIORIZAR_COBERTURA:99.98 | REC_RESERVA_PICOS:0.01 | REC_PLAN_CONTENCION:0.01 | REC_CREAR_MARGEN:0.0 | REC_MANTENER_ACUMULACION:0.0 | REC_REVISAR_CAMBIO_RECIENTE:0.0 | REC_VIGILAR_RESERVA:0.0
PERF_0012,VEN_0012_3,2026-04-01,2026-06-30,deterioro_reciente,recomendacion_disponible,REC_REVISAR_CAMBIO_RECIENTE,REC_REVISAR_CAMBIO_RECIENTE,modelo_restringido,Revisar el cambio reciente en ingresos y compromisos antes de modificar gastos personales valiosos.,diagnostico,solicitar_contexto,alta,99.59,99.59,requerida,La recomendación REC_REVISAR_CAMBIO_RECIENTE se limita al estado deterioro_reciente observado entre 2026-04-01 00:00:00 y 2026-06-30 00:00:00. Meta declarada: no_declarada. Guardas: cambio_reciente_requiere_revision | hobbies_no_eliminados_automaticamente.,necesidades_esenciales | responsabilidad:ninguna_declarada | hobbies:cocina_y_reposteria|fotografia_y_video,cocina_y_reposteria | fotografia_y_video,,no_declarar_riesgo_solo_por_ingreso_variable | no_eliminar_hobbies_por_defecto | no_tratar_el_estado_como_identidad_permanente,podria_reducir_bienestar_o_desconocer_el_contexto,,cambio_reciente_requiere_revision | hobbies_no_eliminados_automaticamente,REC_REVISAR_CAMBIO_RECIENTE:99.59 | REC_MANTENER_ACUMULACION:0.16 | REC_VIGILAR_RESERVA:0.13 | REC_CREAR_MARGEN:0.07 | REC_RESERVA_PICOS:0.06 | REC_PLAN_CONTENCION:0.0 | REC_PRIORIZAR_COBERTURA:0.0
PERF_0011,VEN_0011_3,2026-04-01,2026-06-30,uso_planificado_reserva,recomendacion_disponible,REC_PRIORIZAR_COBERTURA,REC_VIGILAR_RESERVA,guarda_etica,"Priorizar vivienda, alimentación, salud y servicios; revisar opciones de renegociación de deuda sin eliminar automáticamente los hobbies.",proteccion_esencial,aplicar,alta,0.08,99.51,no_requerida,La recomendación REC_PRIORIZAR_COBERTURA se limita al estado uso_planificado_reserva observado entre 2026-04-01 00:00:00 y 2026-06-30 00:00:00. Meta declarada: no_declarada. Guardas: cobertura_esencial_menor_a_un_mes | hobbies_no_eliminados_automaticamente.,necesidades_esenciales | responsabilidad:apoyo_mensual_madre_o_padre | hobbies:pintura|jardineria_y_agricultura_urbana,pintura | jardineria_y_agricultura_urbana,,no_declarar_riesgo_solo_por_ingreso_variable | no_eliminar_hobbies_por_defecto | no_tratar_el_estado_como_identidad_permanente,podria_reducir_bienestar_o_desconocer_el_contexto,,cobertura_esencial_menor_a_un_mes | hobbies_no_eliminados_automaticamente,REC_VIGILAR_RESERVA:99.51 | REC_PLAN_CONTENCION:0.16 | REC_REVISAR_CAMBIO_RECIENTE:0.16 | REC_MANTENER_ACUMULACION:0.08 | REC_PRIORIZAR_COBERTURA:0.08 | REC_CREAR_MARGEN:0.0 | REC_RESERVA_PICOS:0.0
PERF_0010,VEN_0010_3,2026-04-01,2026-06-30,variable_resiliente,recomendacion_disponible,REC_RESERVA_PICOS,REC_RESERVA_PICOS,modelo_restringido,Reservar parte de los meses altos para cubrir los periodos de menor ingreso sin tratar la variabilidad como falla.,gestion_ingreso_variable,aplicar,alta,99.9,99.9,no_requerida,La recomendación REC_RESERVA_PICOS se limita al estado variable_resiliente observado entre 2026-04-01 00:00:00 y 2026-06-30 00:00:00. Meta declarada: mejorar_vivienda. Guardas: hobbies_no_eliminados_automaticamente.,necesidades_esenciales | meta:mejorar_vivienda | hobbies:ciclismo,ciclismo,mejorar_vivienda,no_declarar_riesgo_solo_por_ingreso_variable | no_eliminar_hobbies_por_defecto | no_tratar_el_estado_como_identidad_permanente,bajo,,hobbies_no_eliminados_automaticamente,REC_RESERVA_PICOS:99.9 | REC_REVISAR_CAMBIO_RECIENTE:0.07 | REC_CREAR_MARGEN:0.01 | REC_PRIORIZAR_COBERTURA:0.01 | REC_MANTENER_ACUMULACION:0.0 | REC_PLAN_CONTENCION:0.0 | REC_VIGILAR_RESERVA:0.0
PERF_0009,VEN_0009_3,2026-04-01,2026-06-30,equilibrio_sostenible,recomendacion_disponible,REC_CREAR_MARGEN,REC_CREAR_MARGEN,modelo_restringido,Crear un margen pequeño y flexible antes de aumentar compromisos fijos.,prevencion,sugerir,media,99.86,99.86,no_requerida,La recomendación REC_CREAR_MARGEN se limita al estado equilibrio_sostenible observado entre 2026-04-01 00:00:00 y 2026-06-30 00:00:00. Meta declarada: hacer_viaje. Guardas: hobbies_no_eliminados_automaticamente.,necesidades_esenciales | responsabilidad:aporte_hogar_compartido | meta:hacer_viaje | hobbies:jardineria_y_agricultura_urbana,jardineria_y_agricultura_urbana,hacer_viaje,no_declarar_riesgo_solo_por_ingreso_variable | no_eliminar_hobbies_por_defecto | no_tratar_el_estado_como_identidad_permanente,bajo,,hobbies_no_eliminados_automaticamente,REC_CREAR_MARGEN:99.86 | REC_REVISAR_CAMBIO_RECIENTE:0.07 | REC_MANTENER_ACUMULACION:0.07 | REC_PLAN_CONTENCION:0.0 | REC_PRIORIZAR_COBERTURA:0.0 | REC_RESERVA_PICOS:0.0 | REC_VIGILAR_RESERVA:0.0
PERF_0008,VEN_0008_3,2026-04-01,2026-06-30,acumulacion_estable,recomendacion_disponible,REC_MANTENER_ACUMULACION,REC_MANTENER_ACUMULACION,modelo_restringido,Mantener el patrón actual y separar automáticamente una parte del excedente para la meta declarada.,mantenimiento_y_ahorro,aplicar,media,99.64,99.64,no_requerida,La recomendación REC_MANTENER_ACUMULACION se limita al estado acumulacion_estable observado entre 2026-04-01 00:00:00 y 2026-06-30 00:00:00. Meta declarada: hacer_viaje. Guardas: hobbies_no_eliminados_automaticamente.,necesidades_esenciales | responsabilidad:apoyo_parcial_a_dos_familiares | meta:hacer_viaje | hobbies:impresion_3d|videojuegos_y_streaming,impresion_3d | videojuegos_y_streaming,hacer_viaje,no_declarar_riesgo_solo_por_ingreso_variable | no_eliminar_hobbies_por_defecto | no_tratar_el_estado_como_identidad_permanente,bajo,,hobbies_no_eliminados_automaticamente,REC_MANTENER_ACUMULACION:99.64 | REC_REVISAR_CAMBIO_RECIENTE:0.2 | REC_VIGILAR_RESERVA:0.1 | REC_CREAR_MARGEN:0.07 | REC_PLAN_CONTENCION:0.0 | REC_PRIORIZAR_COBERTURA:0.0 | REC_RESERVA_PICOS:0.0
PERF_0007,VEN_0007_3,2026-04-01,2026-06-30,situacion_critica,recomendacion_disponible,REC_PLAN_CONTENCION,REC_PLAN_CONTENCION,modelo_restringido,Activar un plan de contención centrado en necesidades esenciales y solicitar revisión humana para deuda y liquidez.,contencion_y_revision,aplicar,critica,99.88,99.88,requerida,La recomendación REC_PLAN_CONTENCION se limita al estado situacion_critica observado entre 2026-04-01 00:00:00 y 2026-06-30 00:00:00. Meta declarada: no_declarada. Guardas: situacion_critica_con_revision_humana | hobbies_no_eliminados_automaticamente.,necesidades_esenciales | hobbies:turismo_y_viajes|impresion_3d,turismo_y_viajes | impresion_3d,,no_declarar_riesgo_solo_por_ingreso_variable | no_eliminar_hobbies_por_defecto | no_tratar_el_estado_como_identidad_permanente,podria_reducir_bienestar_o_desconocer_el_contexto,,situacion_critica_con_revision_humana | hobbies_no_eliminados_automaticamente,REC_PLAN_CONTENCION:99.88 | REC_VIGILAR_RESERVA:0.06 | REC_RESERVA_PICOS:0.04 | REC_MANTENER_ACUMULACION:0.01 | REC_CREAR_MARGEN:0.0 | REC_PRIORIZAR_COBERTURA:0.0 | REC_REVISAR_CAMBIO_RECIENTE:0.0
PERF_0006,VEN_0006_3,2026-04-01,2026-06-30,fragilidad_sostenida,recomendacion_disponible,REC_PRIORIZAR_COBERTURA,REC_PRIORIZAR_COBERTURA,modelo_restringido,"Priorizar vivienda, alimentación, salud y servicios; revisar opciones de renegociación de deuda sin eliminar automáticamente los hobbies.",proteccion_esencial,aplicar,alta,99.54,99.54,no_requerida,La recomendación REC_PRIORIZAR_COBERTURA se limita al estado fragilidad_sostenida observado entre 2026-04-01 00:00:00 y 2026-06-30 00:00:00. Meta declarada: no_declarada. Guardas: proteccion_esencial_por_fragilidad | hobbies_no_eliminados_automaticamente.,necesidades_esenciales | hobbies:videojuegos_y_streaming|musica,videojuegos_y_streaming | musica,,no_declarar_riesgo_solo_por_ingreso_variable | no_eliminar_hobbies_por_defecto | no_tratar_el_estado_como_identidad_permanente,podria_reducir_bienestar_o_desconocer_el_contexto,,proteccion_esencial_por_fragilidad | hobbies_no_eliminados_automaticamente,REC_PRIORIZAR_COBERTURA:99.54 | REC_RESERVA_PICOS:0.34 | REC_VIGILAR_RESERVA:0.12 | REC_PLAN_CONTENCION:0.01 | REC_CREAR_MARGEN:0.0 | REC_MANTENER_ACUMULACION:0.0 | REC_REVISAR_CAMBIO_RECIENTE:0.0
PERF_0005,VEN_0005_3,2026-04-01,2026-06-30,deterioro_reciente,recomendacion_disponible,REC_REVISAR_CAMBIO_RECIENTE,REC_REVISAR_CAMBIO_RECIENTE,modelo_restringido,Revisar el cambio reciente en ingresos y compromisos antes de modificar gastos personales valiosos.,diagnostico,solicitar_contexto,alta,99.39,99.39,requerida,La recomendación REC_REVISAR_CAMBIO_RECIENTE se limita al estado deterioro_reciente observado entre 2026-04-01 00:00:00 y 2026-06-30 00:00:00. Meta declarada: no_declarada. Guardas: cambio_reciente_requiere_revision | hobbies_no_eliminados_automaticamente.,necesidades_esenciales | responsabilidad:apoyo_parcial_a_dos_familiares | hobbies:fotografia_y_video|ciclismo,fotografia_y_video | ciclismo,,no_declarar_riesgo_solo_por_ingreso_variable | no_eliminar_hobbies_por_defecto | no_tratar_el_estado_como_identidad_permanente,podria_reducir_bienestar_o_desconocer_el_contexto,,cambio_reciente_requiere_revision | hobbies_no_eliminados_automaticamente,REC_REVISAR_CAMBIO_RECIENTE:99.39 | REC_RESERVA_PICOS:0.27 | REC_MANTENER_ACUMULACION:0.16 | REC_VIGILAR_RESERVA:0.13 | REC_CREAR_MARGEN:0.07 | REC_PLAN_CONTENCION:0.0 | REC_PRIORIZAR_COBERTURA:0.0
PERF_0004,VEN_0004_3,2026-04-01,2026-06-30,uso_planificado_reserva,recomendacion_disponible,REC_VIGILAR_RESERVA,REC_VIGILAR_RESERVA,modelo_restringido,Mantener el gasto alineado con la meta y revisar que la reserva conserve cobertura suficiente durante el siguiente cierre.,seguimiento_meta,sugerir,media,99.76,99.76,no_requerida,La recomendación REC_VIGILAR_RESERVA se limita al estado uso_planificado_reserva observado entre 2026-04-01 00:00:00 y 2026-06-30 00:00:00. Meta declarada: no_declarada. Guardas: hobbies_no_eliminados_automaticamente.,necesidades_esenciales | responsabilidad:gastos_de_un_hijo | hobbies:musica|fotografia_y_video,musica | fotografia_y_video,,no_declarar_riesgo_solo_por_ingreso_variable | no_eliminar_hobbies_por_defecto | no_tratar_el_estado_como_identidad_permanente,bajo,,hobbies_no_eliminados_automaticamente,REC_VIGILAR_RESERVA:99.76 | REC_REVISAR_CAMBIO_RECIENTE:0.16 | REC_MANTENER_ACUMULACION:0.08 | REC_CREAR_MARGEN:0.0 | REC_PLAN_CONTENCION:0.0 | REC_PRIORIZAR_COBERTURA:0.0 | REC_RESERVA_PICOS:0.0
PERF_0003,VEN_0003_3,2026-04-01,2026-06-30,variable_resiliente,recomendacion_disponible,REC_RESERVA_PICOS,REC_RESERVA_PICOS,modelo_restringido,Reservar parte de los meses altos para cubrir los periodos de menor ingreso sin tratar la variabilidad como falla.,gestion_ingreso_variable,aplicar,alta,98.98,98.98,no_requerida,La recomendación REC_RESERVA_PICOS se limita al estado variable_resiliente observado entre 2026-04-01 00:00:00 y 2026-06-30 00:00:00. Meta declarada: no_declarada. Guardas: hobbies_no_eliminados_automaticamente.,necesidades_esenciales | hobbies:manualidades_y_artesanias|impresion_3d,manualidades_y_artesanias | impresion_3d,,no_declarar_riesgo_solo_por_ingreso_variable | no_eliminar_hobbies_por_defecto | no_tratar_el_estado_como_identidad_permanente,bajo,,hobbies_no_eliminados_automaticamente,REC_RESERVA_PICOS:98.98 | REC_PLAN_CONTENCION:0.4 | REC_PRIORIZAR_COBERTURA:0.4 | REC_REVISAR_CAMBIO_RECIENTE:0.15 | REC_MANTENER_ACUMULACION:0.07 | REC_CREAR_MARGEN:0.0 | REC_VIGILAR_RESERVA:0.0
PERF_0002,VEN_0002_3,2026-04-01,2026-06-30,equilibrio_sostenible,recomendacion_disponible,REC_CREAR_MARGEN,REC_CREAR_MARGEN,modelo_restringido,Crear un margen pequeño y flexible antes de aumentar compromisos fijos.,prevencion,sugerir,media,99.85,99.85,no_requerida,La recomendación REC_CREAR_MARGEN se limita al estado equilibrio_sostenible observado entre 2026-04-01 00:00:00 y 2026-06-30 00:00:00. Meta declarada: ampliar_actividad_economica. Guardas: hobbies_no_eliminados_automaticamente.,necesidades_esenciales | responsabilidad:aporte_hogar_compartido | meta:ampliar_actividad_economica | hobbies:cocina_y_reposteria|fotografia_y_video,cocina_y_reposteria | fotografia_y_video,ampliar_actividad_economica,no_declarar_riesgo_solo_por_ingreso_variable | no_eliminar_hobbies_por_defecto | no_tratar_el_estado_como_identidad_permanente,bajo,,hobbies_no_eliminados_automaticamente,REC_CREAR_MARGEN:99.85 | REC_MANTENER_ACUMULACION:0.07 | REC_REVISAR_CAMBIO_RECIENTE:0.07 | REC_PLAN_CONTENCION:0.0 | REC_PRIORIZAR_COBERTURA:0.0 | REC_RESERVA_PICOS:0.0 | REC_VIGILAR_RESERVA:0.0
PERF_0001,VEN_0001_3,2026-04-01,2026-06-30,acumulacion_estable,recomendacion_disponible,REC_MANTENER_ACUMULACION,REC_MANTENER_ACUMULACION,modelo_restringido,Mantener el patrón actual y separar automáticamente una parte del excedente para la meta declarada.,mantenimiento_y_ahorro,aplicar,media,99.63,99.63,no_requerida,La recomendación REC_MANTENER_ACUMULACION se limita al estado acumulacion_estable observado entre 2026-04-01 00:00:00 y 2026-06-30 00:00:00. Meta declarada: crear_fondo_emergencia. Guardas: hobbies_no_eliminados_automaticamente.,necesidades_esenciales | responsabilidad:gastos_de_un_hijo | meta:crear_fondo_emergencia | hobbies:pintura|turismo_y_viajes,pintura | turismo_y_viajes,crear_fondo_emergencia,no_declarar_riesgo_solo_por_ingreso_variable | no_eliminar_hobbies_por_defecto | no_tratar_el_estado_como_identidad_permanente,bajo,,hobbies_no_eliminados_automaticamente,REC_MANTENER_ACUMULACION:99.63 | REC_REVISAR_CAMBIO_RECIENTE:0.2 | REC_VIGILAR_RESERVA:0.1 | REC_CREAR_MARGEN:0.07 | REC_PLAN_CONTENCION:0.0 | REC_PRIORIZAR_COBERTURA:0.0 | REC_RESERVA_PICOS:0.0
PERF_0016,VEN_0016_3,2026-04-01,2026-06-30,equilibrio_sostenible,recomendacion_disponible,REC_CREAR_MARGEN,REC_CREAR_MARGEN,modelo_restringido,Crear un margen pequeño y flexible antes de aumentar compromisos fijos.,prevencion,sugerir,media,99.86,99.86,no_requerida,La recomendación REC_CREAR_MARGEN se limita al estado equilibrio_sostenible observado entre 2026-04-01 00:00:00 y 2026-06-30 00:00:00. Meta declarada: no_declarada. Guardas: hobbies_no_eliminados_automaticamente.,necesidades_esenciales | hobbies:videojuegos_y_streaming,videojuegos_y_streaming,,no_declarar_riesgo_solo_por_ingreso_variable | no_eliminar_hobbies_por_defecto | no_tratar_el_estado_como_identidad_permanente,bajo,,hobbies_no_eliminados_automaticamente,REC_CREAR_MARGEN:99.86 | REC_REVISAR_CAMBIO_RECIENTE:0.07 | REC_MANTENER_ACUMULACION:0.07 | REC_PLAN_CONTENCION:0.0 | REC_PRIORIZAR_COBERTURA:0.0 | REC_RESERVA_PICOS:0.0 | REC_VIGILAR_RESERVA:0.0
PERF_0072,VEN_0072_3,2026-04-01,2026-06-30,equilibrio_sostenible,recomendacion_disponible,REC_CREAR_MARGEN,REC_CREAR_MARGEN,modelo_restringido,Crear un margen pequeño y flexible antes de aumentar compromisos fijos.,prevencion,sugerir,media,99.85,99.85,no_requerida,La recomendación REC_CREAR_MARGEN se limita al estado equilibrio_sostenible observado entre 2026-04-01 00:00:00 y 2026-06-30 00:00:00. Meta declarada: hacer_certificacion_profesional. Guardas: hobbies_no_eliminados_automaticamente.,necesidades_esenciales | meta:hacer_certificacion_profesional | hobbies:cocina_y_reposteria,cocina_y_reposteria,hacer_certificacion_profesional,no_declarar_riesgo_solo_por_ingreso_variable | no_eliminar_hobbies_por_defecto | no_tratar_el_estado_como_identidad_permanente,bajo,,hobbies_no_eliminados_automaticamente,REC_CREAR_MARGEN:99.85 | REC_MANTENER_ACUMULACION:0.07 | REC_REVISAR_CAMBIO_RECIENTE:0.07 | REC_PLAN_CONTENCION:0.0 | REC_PRIORIZAR_COBERTURA:0.0 | REC_RESERVA_PICOS:0.0 | REC_VIGILAR_RESERVA:0.0
PERF_0017,VEN_0017_3,2026-04-01,2026-06-30,variable_resiliente,recomendacion_disponible,REC_RESERVA_PICOS,REC_RESERVA_PICOS,modelo_restringido,Reservar parte de los meses altos para cubrir los periodos de menor ingreso sin tratar la variabilidad como falla.,gestion_ingreso_variable,aplicar,alta,99.97,99.97,no_requerida,La recomendación REC_RESERVA_PICOS se limita al estado variable_resiliente observado entre 2026-04-01 00:00:00 y 2026-06-30 00:00:00. Meta declarada: mejorar_vivienda. Guardas: hobbies_no_eliminados_automaticamente.,necesidades_esenciales | meta:mejorar_vivienda | hobbies:turismo_y_viajes|cocina_y_reposteria,turismo_y_viajes | cocina_y_reposteria,mejorar_vivienda,no_declarar_riesgo_solo_por_ingreso_variable | no_eliminar_hobbies_por_defecto | no_tratar_el_estado_como_identidad_permanente,bajo,,hobbies_no_eliminados_automaticamente,REC_RESERVA_PICOS:99.97 | REC_CREAR_MARGEN:0.01 | REC_PRIORIZAR_COBERTURA:0.01 | REC_MANTENER_ACUMULACION:0.0 | REC_PLAN_CONTENCION:0.0 | REC_REVISAR_CAMBIO_RECIENTE:0.0 | REC_VIGILAR_RESERVA:0.0
PERF_0019,VEN_0019_3,2026-04-01,2026-06-30,deterioro_reciente,recomendacion_disponible,REC_PRIORIZAR_COBERTURA,REC_REVISAR_CAMBIO_RECIENTE,guarda_etica,"Priorizar vivienda, alimentación, salud y servicios; revisar opciones de renegociación de deuda sin eliminar automáticamente los hobbies.",proteccion_esencial,aplicar,alta,0.0,99.31,requerida,La recomendación REC_PRIORIZAR_COBERTURA se limita al estado deterioro_reciente observado entre 2026-04-01 00:00:00 y 2026-06-30 00:00:00. Meta declarada: no_declarada. Guardas: cobertura_esencial_menor_a_un_mes | cambio_reciente_requiere_revision | hobbies_no_eliminados_automaticamente.,necesidades_esenciales | responsabilidad:medicamentos_de_un_familiar | hobbies:jardineria_y_agricultura_urbana|videojuegos_y_streaming,jardineria_y_agricultura_urbana | videojuegos_y_streaming,,no_declarar_riesgo_solo_por_ingreso_variable | no_eliminar_hobbies_por_defecto | no_tratar_el_estado_como_identidad_permanente,podria_reducir_bienestar_o_desconocer_el_contexto,,cobertura_esencial_menor_a_un_mes | cambio_reciente_requiere_revision | hobbies_no_eliminados_automaticamente,REC_REVISAR_CAMBIO_RECIENTE:99.31 | REC_RESERVA_PICOS:0.23 | REC_VIGILAR_RESERVA:0.23 | REC_MANTENER_ACUMULACION:0.16 | REC_CREAR_MARGEN:0.07 | REC_PLAN_CONTENCION:0.0 | REC_PRIORIZAR_COBERTURA:0.0
PERF_0034,VEN_0034_3,2026-04-01,2026-06-30,fragilidad_sostenida,recomendacion_disponible,REC_PRIORIZAR_COBERTURA,REC_PRIORIZAR_COBERTURA,modelo_restringido,"Priorizar vivienda, alimentación, salud y servicios; revisar opciones de renegociación de deuda sin eliminar automáticamente los hobbies.",proteccion_esencial,aplicar,alta,99.24,99.24,no_requerida,La recomendación REC_PRIORIZAR_COBERTURA se limita al estado fragilidad_sostenida observado entre 2026-04-01 00:00:00 y 2026-06-30 00:00:00. Meta declarada: pagar_deuda. Guardas: proteccion_esencial_por_fragilidad | hobbies_no_eliminados_automaticamente.,necesidades_esenciales | responsabilidad:medicamentos_de_un_familiar | meta:pagar_deuda | hobbies:musica|ciclismo,musica | ciclismo,pagar_deuda,no_declarar_riesgo_solo_por_ingreso_variable | no_eliminar_hobbies_por_defecto | no_tratar_el_estado_como_identidad_permanente,podria_reducir_bienestar_o_desconocer_el_contexto,,proteccion_esencial_por_fragilidad | hobbies_no_eliminados_automaticamente,REC_PRIORIZAR_COBERTURA:99.24 | REC_RESERVA_PICOS:0.2 | REC_MANTENER_ACUMULACION:0.16 | REC_CREAR_MARGEN:0.15 | REC_VIGILAR_RESERVA:0.12 | REC_REVISAR_CAMBIO_RECIENTE:0.11 | REC_PLAN_CONTENCION:0.02
PERF_0033,VEN_0033_3,2026-04-01,2026-06-30,deterioro_reciente,recomendacion_disponible,REC_REVISAR_CAMBIO_RECIENTE,REC_REVISAR_CAMBIO_RECIENTE,modelo_restringido,Revisar el cambio reciente en ingresos y compromisos antes de modificar gastos personales valiosos.,diagnostico,solicitar_contexto,alta,99.0,99.0,requerida,La recomendación REC_REVISAR_CAMBIO_RECIENTE se limita al estado deterioro_reciente observado entre 2026-04-01 00:00:00 y 2026-06-30 00:00:00. Meta declarada: crear_fondo_emergencia. Guardas: cambio_reciente_requiere_revision | hobbies_no_eliminados_automaticamente.,necesidades_esenciales | responsabilidad:ninguna_declarada | meta:crear_fondo_emergencia | hobbies:manualidades_y_artesanias,manualidades_y_artesanias,crear_fondo_emergencia,no_declarar_riesgo_solo_por_ingreso_variable | no_eliminar_hobbies_por_defecto | no_tratar_el_estado_como_identidad_permanente,podria_reducir_bienestar_o_desconocer_el_contexto,,cambio_reciente_requiere_revision | hobbies_no_eliminados_automaticamente,REC_REVISAR_CAMBIO_RECIENTE:99.0 | REC_CREAR_MARGEN:0.39 | REC_RESERVA_PICOS:0.33 | REC_MANTENER_ACUMULACION:0.16 | REC_VIGILAR_RESERVA:0.13 | REC_PLAN_CONTENCION:0.0 | REC_PRIORIZAR_COBERTURA:0.0
PERF_0032,VEN_0032_3,2026-04-01,2026-06-30,uso_planificado_reserva,recomendacion_disponible,REC_PRIORIZAR_COBERTURA,REC_VIGILAR_RESERVA,guarda_etica,"Priorizar vivienda, alimentación, salud y servicios; revisar opciones de renegociación de deuda sin eliminar automáticamente los hobbies.",proteccion_esencial,aplicar,alta,0.08,99.12,no_requerida,La recomendación REC_PRIORIZAR_COBERTURA se limita al estado uso_planificado_reserva observado entre 2026-04-01 00:00:00 y 2026-06-30 00:00:00. Meta declarada: hacer_viaje. Guardas: cobertura_esencial_menor_a_un_mes | hobbies_no_eliminados_automaticamente.,necesidades_esenciales | meta:hacer_viaje | hobbies:cocina_y_reposteria,cocina_y_reposteria,hacer_viaje,no_declarar_riesgo_solo_por_ingreso_variable | no_eliminar_hobbies_por_defecto | no_tratar_el_estado_como_identidad_permanente,podria_reducir_bienestar_o_desconocer_el_contexto,,cobertura_esencial_menor_a_un_mes | hobbies_no_eliminados_automaticamente,REC_VIGILAR_RESERVA:99.12 | REC_REVISAR_CAMBIO_RECIENTE:0.43 | REC_MANTENER_ACUMULACION:0.37 | REC_PRIORIZAR_COBERTURA:0.08 | REC_CREAR_MARGEN:0.0 | REC_PLAN_CONTENCION:0.0 | REC_RESERVA_PICOS:0.0
PERF_0031,VEN_0031_3,2026-04-01,2026-06-30,variable_resiliente,recomendacion_disponible,REC_RESERVA_PICOS,REC_RESERVA_PICOS,modelo_restringido,Reservar parte de los meses altos para cubrir los periodos de menor ingreso sin tratar la variabilidad como falla.,gestion_ingreso_variable,aplicar,alta,99.75,99.75,no_requerida,La recomendación REC_RESERVA_PICOS se limita al estado variable_resiliente observado entre 2026-04-01 00:00:00 y 2026-06-30 00:00:00. Meta declarada: mejorar_vivienda. Guardas: hobbies_no_eliminados_automaticamente.,necesidades_esenciales | responsabilidad:ninguna_declarada | meta:mejorar_vivienda | hobbies:pintura|impresion_3d,pintura | impresion_3d,mejorar_vivienda,no_declarar_riesgo_solo_por_ingreso_variable | no_eliminar_hobbies_por_defecto | no_tratar_el_estado_como_identidad_permanente,bajo,,hobbies_no_eliminados_automaticamente,REC_RESERVA_PICOS:99.75 | REC_PRIORIZAR_COBERTURA:0.22 | REC_VIGILAR_RESERVA:0.03 | REC_CREAR_MARGEN:0.0 | REC_MANTENER_ACUMULACION:0.0 | REC_PLAN_CONTENCION:0.0 | REC_REVISAR_CAMBIO_RECIENTE:0.0
PERF_0030,VEN_0030_3,2026-04-01,2026-06-30,equilibrio_sostenible,recomendacion_disponible,REC_CREAR_MARGEN,REC_CREAR_MARGEN,modelo_restringido,Crear un margen pequeño y flexible antes de aumentar compromisos fijos.,prevencion,sugerir,media,99.77,99.77,no_requerida,La recomendación REC_CREAR_MARGEN se limita al estado equilibrio_sostenible observado entre 2026-04-01 00:00:00 y 2026-06-30 00:00:00. Meta declarada: no_declarada. Guardas: hobbies_no_eliminados_automaticamente.,necesidades_esenciales | responsabilidad:ninguna_declarada | hobbies:ciclismo|pintura,ciclismo | pintura,,no_declarar_riesgo_solo_por_ingreso_variable | no_eliminar_hobbies_por_defecto | no_tratar_el_estado_como_identidad_permanente,bajo,,hobbies_no_eliminados_automaticamente,REC_CREAR_MARGEN:99.77 | REC_RESERVA_PICOS:0.09 | REC_REVISAR_CAMBIO_RECIENTE:0.07 | REC_MANTENER_ACUMULACION:0.07 | REC_PLAN_CONTENCION:0.0 | REC_PRIORIZAR_COBERTURA:0.0 | REC_VIGILAR_RESERVA:0.0
PERF_0029,VEN_0029_3,2026-04-01,2026-06-30,acumulacion_estable,recomendacion_disponible,REC_MANTENER_ACUMULACION,REC_MANTENER_ACUMULACION,modelo_restringido,Mantener el patrón actual y separar automáticamente una parte del excedente para la meta declarada.,mantenimiento_y_ahorro,aplicar,media,99.63,99.63,no_requerida,La recomendación REC_MANTENER_ACUMULACION se limita al estado acumulacion_estable observado entre 2026-04-01 00:00:00 y 2026-06-30 00:00:00. Meta declarada: no_declarada. Guardas: hobbies_no_eliminados_automaticamente.,necesidades_esenciales | hobbies:jardineria_y_agricultura_urbana|ciclismo,jardineria_y_agricultura_urbana | ciclismo,,no_declarar_riesgo_solo_por_ingreso_variable | no_eliminar_hobbies_por_defecto | no_tratar_el_estado_como_identidad_permanente,bajo,,hobbies_no_eliminados_automaticamente,REC_MANTENER_ACUMULACION:99.63 | REC_REVISAR_CAMBIO_RECIENTE:0.2 | REC_VIGILAR_RESERVA:0.1 | REC_CREAR_MARGEN:0.07 | REC_PLAN_CONTENCION:0.0 | REC_PRIORIZAR_COBERTURA:0.0 | REC_RESERVA_PICOS:0.0
PERF_0028,VEN_0028_3,2026-04-01,2026-06-30,situacion_critica,recomendacion_disponible,REC_PLAN_CONTENCION,REC_PLAN_CONTENCION,modelo_restringido,Activar un plan de contención centrado en necesidades esenciales y solicitar revisión humana para deuda y liquidez.,contencion_y_revision,aplicar,critica,99.94,99.94,requerida,La recomendación REC_PLAN_CONTENCION se limita al estado situacion_critica observado entre 2026-04-01 00:00:00 y 2026-06-30 00:00:00. Meta declarada: no_declarada. Guardas: situacion_critica_con_revision_humana | hobbies_no_eliminados_automaticamente.,necesidades_esenciales | hobbies:impresion_3d,impresion_3d,,no_declarar_riesgo_solo_por_ingreso_variable | no_eliminar_hobbies_por_defecto | no_tratar_el_estado_como_identidad_permanente,podria_reducir_bienestar_o_desconocer_el_contexto,,situacion_critica_con_revision_humana | hobbies_no_eliminados_automaticamente,REC_PLAN_CONTENCION:99.94 | REC_VIGILAR_RESERVA:0.04 | REC_RESERVA_PICOS:0.02 | REC_MANTENER_ACUMULACION:0.0 | REC_CREAR_MARGEN:0.0 | REC_PRIORIZAR_COBERTURA:0.0 | REC_REVISAR_CAMBIO_RECIENTE:0.0
PERF_0027,VEN_0027_3,2026-04-01,2026-06-30,fragilidad_sostenida,recomendacion_disponible,REC_PRIORIZAR_COBERTURA,REC_PRIORIZAR_COBERTURA,modelo_restringido,"Priorizar vivienda, alimentación, salud y servicios; revisar opciones de renegociación de deuda sin eliminar automáticamente los hobbies.",proteccion_esencial,aplicar,alta,99.86,99.86,no_requerida,La recomendación REC_PRIORIZAR_COBERTURA se limita al estado fragilidad_sostenida observado entre 2026-04-01 00:00:00 y 2026-06-30 00:00:00. Meta declarada: hacer_certificacion_profesional. Guardas: proteccion_esencial_por_fragilidad | hobbies_no_eliminados_automaticamente.,necesidades_esenciales | responsabilidad:aporte_hogar_compartido | meta:hacer_certificacion_profesional | hobbies:turismo_y_viajes|ciclismo,turismo_y_viajes | ciclismo,hacer_certificacion_profesional,no_declarar_riesgo_solo_por_ingreso_variable | no_eliminar_hobbies_por_defecto | no_tratar_el_estado_como_identidad_permanente,podria_reducir_bienestar_o_desconocer_el_contexto,,proteccion_esencial_por_fragilidad | hobbies_no_eliminados_automaticamente,REC_PRIORIZAR_COBERTURA:99.86 | REC_VIGILAR_RESERVA:0.12 | REC_PLAN_CONTENCION:0.02 | REC_RESERVA_PICOS:0.0 | REC_CREAR_MARGEN:0.0 | REC_MANTENER_ACUMULACION:0.0 | REC_REVISAR_CAMBIO_RECIENTE:0.0
PERF_0026,VEN_0026_3,2026-04-01,2026-06-30,deterioro_reciente,recomendacion_disponible,REC_PRIORIZAR_COBERTURA,REC_REVISAR_CAMBIO_RECIENTE,guarda_etica,"Priorizar vivienda, alimentación, salud y servicios; revisar opciones de renegociación de deuda sin eliminar automáticamente los hobbies.",proteccion_esencial,aplicar,alta,0.0,99.26,requerida,La recomendación REC_PRIORIZAR_COBERTURA se limita al estado deterioro_reciente observado entre 2026-04-01 00:00:00 y 2026-06-30 00:00:00. Meta declarada: ampliar_actividad_economica. Guardas: cobertura_esencial_menor_a_un_mes | cambio_reciente_requiere_revision | hobbies_no_eliminados_automaticamente.,necesidades_esenciales | responsabilidad:apoyo_mensual_madre_o_padre | meta:ampliar_actividad_economica | hobbies:videojuegos_y_streaming,videojuegos_y_streaming,ampliar_actividad_economica,no_declarar_riesgo_solo_por_ingreso_variable | no_eliminar_hobbies_por_defecto | no_tratar_el_estado_como_identidad_permanente,podria_reducir_bienestar_o_desconocer_el_contexto,,cobertura_esencial_menor_a_un_mes | cambio_reciente_requiere_revision | hobbies_no_eliminados_automaticamente,REC_REVISAR_CAMBIO_RECIENTE:99.26 | REC_CREAR_MARGEN:0.46 | REC_MANTENER_ACUMULACION:0.16 | REC_VIGILAR_RESERVA:0.13 | REC_PLAN_CONTENCION:0.0 | REC_PRIORIZAR_COBERTURA:0.0 | REC_RESERVA_PICOS:0.0
PERF_0025,VEN_0025_3,2026-04-01,2026-06-30,uso_planificado_reserva,recomendacion_disponible,REC_PRIORIZAR_COBERTURA,REC_VIGILAR_RESERVA,guarda_etica,"Priorizar vivienda, alimentación, salud y servicios; revisar opciones de renegociación de deuda sin eliminar automáticamente los hobbies.",proteccion_esencial,aplicar,alta,0.08,99.51,no_requerida,La recomendación REC_PRIORIZAR_COBERTURA se limita al estado uso_planificado_reserva observado entre 2026-04-01 00:00:00 y 2026-06-30 00:00:00. Meta declarada: comprar_bicicleta. Guardas: cobertura_esencial_menor_a_un_mes | hobbies_no_eliminados_automaticamente.,necesidades_esenciales | meta:comprar_bicicleta | hobbies:fotografia_y_video|pintura,fotografia_y_video | pintura,comprar_bicicleta,no_declarar_riesgo_solo_por_ingreso_variable | no_eliminar_hobbies_por_defecto | no_tratar_el_estado_como_identidad_permanente,podria_reducir_bienestar_o_desconocer_el_contexto,,cobertura_esencial_menor_a_un_mes | hobbies_no_eliminados_automaticamente,REC_VIGILAR_RESERVA:99.51 | REC_PLAN_CONTENCION:0.16 | REC_REVISAR_CAMBIO_RECIENTE:0.16 | REC_MANTENER_ACUMULACION:0.08 | REC_PRIORIZAR_COBERTURA:0.08 | REC_CREAR_MARGEN:0.0 | REC_RESERVA_PICOS:0.0
PERF_0024,VEN_0024_3,2026-04-01,2026-06-30,variable_resiliente,recomendacion_disponible,REC_PRIORIZAR_COBERTURA,REC_RESERVA_PICOS,guarda_etica,"Priorizar vivienda, alimentación, salud y servicios; revisar opciones de renegociación de deuda sin eliminar automáticamente los hobbies.",proteccion_esencial,aplicar,alta,0.21,99.76,no_requerida,La recomendación REC_PRIORIZAR_COBERTURA se limita al estado variable_resiliente observado entre 2026-04-01 00:00:00 y 2026-06-30 00:00:00. Meta declarada: no_declarada. Guardas: cobertura_esencial_menor_a_un_mes | hobbies_no_eliminados_automaticamente.,necesidades_esenciales | hobbies:musica|cocina_y_reposteria,musica | cocina_y_reposteria,,no_declarar_riesgo_solo_por_ingreso_variable | no_eliminar_hobbies_por_defecto | no_tratar_el_estado_como_identidad_permanente,podria_reducir_bienestar_o_desconocer_el_contexto,,cobertura_esencial_menor_a_un_mes | hobbies_no_eliminados_automaticamente,REC_RESERVA_PICOS:99.76 | REC_PRIORIZAR_COBERTURA:0.21 | REC_VIGILAR_RESERVA:0.03 | REC_CREAR_MARGEN:0.0 | REC_MANTENER_ACUMULACION:0.0 | REC_PLAN_CONTENCION:0.0 | REC_REVISAR_CAMBIO_RECIENTE:0.0
PERF_0023,VEN_0023_3,2026-04-01,2026-06-30,equilibrio_sostenible,recomendacion_disponible,REC_CREAR_MARGEN,REC_CREAR_MARGEN,modelo_restringido,Crear un margen pequeño y flexible antes de aumentar compromisos fijos.,prevencion,sugerir,media,99.86,99.86,no_requerida,La recomendación REC_CREAR_MARGEN se limita al estado equilibrio_sostenible observado entre 2026-04-01 00:00:00 y 2026-06-30 00:00:00. Meta declarada: no_declarada. Guardas: hobbies_no_eliminados_automaticamente.,necesidades_esenciales | hobbies:manualidades_y_artesanias,manualidades_y_artesanias,,no_declarar_riesgo_solo_por_ingreso_variable | no_eliminar_hobbies_por_defecto | no_tratar_el_estado_como_identidad_permanente,bajo,,hobbies_no_eliminados_automaticamente,REC_CREAR_MARGEN:99.86 | REC_REVISAR_CAMBIO_RECIENTE:0.07 | REC_MANTENER_ACUMULACION:0.07 | REC_PLAN_CONTENCION:0.0 | REC_PRIORIZAR_COBERTURA:0.0 | REC_RESERVA_PICOS:0.0 | REC_VIGILAR_RESERVA:0.0
PERF_0022,VEN_0022_3,2026-04-01,2026-06-30,acumulacion_estable,recomendacion_disponible,REC_MANTENER_ACUMULACION,REC_MANTENER_ACUMULACION,modelo_restringido,Mantener el patrón actual y separar automáticamente una parte del excedente para la meta declarada.,mantenimiento_y_ahorro,aplicar,media,99.63,99.63,no_requerida,La recomendación REC_MANTENER_ACUMULACION se limita al estado acumulacion_estable observado entre 2026-04-01 00:00:00 y 2026-06-30 00:00:00. Meta declarada: mejorar_vivienda. Guardas: hobbies_no_eliminados_automaticamente.,necesidades_esenciales | responsabilidad:ninguna_declarada | meta:mejorar_vivienda | hobbies:cocina_y_reposteria,cocina_y_reposteria,mejorar_vivienda,no_declarar_riesgo_solo_por_ingreso_variable | no_eliminar_hobbies_por_defecto | no_tratar_el_estado_como_identidad_permanente,bajo,,hobbies_no_eliminados_automaticamente,REC_MANTENER_ACUMULACION:99.63 | REC_REVISAR_CAMBIO_RECIENTE:0.2 | REC_VIGILAR_RESERVA:0.1 | REC_CREAR_MARGEN:0.07 | REC_PLAN_CONTENCION:0.0 | REC_PRIORIZAR_COBERTURA:0.0 | REC_RESERVA_PICOS:0.0
PERF_0021,VEN_0021_3,2026-04-01,2026-06-30,situacion_critica,recomendacion_disponible,REC_PLAN_CONTENCION,REC_PLAN_CONTENCION,modelo_restringido,Activar un plan de contención centrado en necesidades esenciales y solicitar revisión humana para deuda y liquidez.,contencion_y_revision,aplicar,critica,99.94,99.94,requerida,La recomendación REC_PLAN_CONTENCION se limita al estado situacion_critica observado entre 2026-04-01 00:00:00 y 2026-06-30 00:00:00. Meta declarada: mejorar_vivienda. Guardas: situacion_critica_con_revision_humana | hobbies_no_eliminados_automaticamente.,necesidades_esenciales | responsabilidad:gastos_de_un_hijo | meta:mejorar_vivienda | hobbies:pintura,pintura,mejorar_vivienda,no_declarar_riesgo_solo_por_ingreso_variable | no_eliminar_hobbies_por_defecto | no_tratar_el_estado_como_identidad_permanente,podria_reducir_bienestar_o_desconocer_el_contexto,,situacion_critica_con_revision_humana | hobbies_no_eliminados_automaticamente,REC_PLAN_CONTENCION:99.94 | REC_VIGILAR_RESERVA:0.04 | REC_RESERVA_PICOS:0.02 | REC_MANTENER_ACUMULACION:0.0 | REC_CREAR_MARGEN:0.0 | REC_PRIORIZAR_COBERTURA:0.0 | REC_REVISAR_CAMBIO_RECIENTE:0.0
PERF_0020,VEN_0020_3,2026-04-01,2026-06-30,fragilidad_sostenida,recomendacion_disponible,REC_PRIORIZAR_COBERTURA,REC_PRIORIZAR_COBERTURA,modelo_restringido,"Priorizar vivienda, alimentación, salud y servicios; revisar opciones de renegociación de deuda sin eliminar automáticamente los hobbies.",proteccion_esencial,aplicar,alta,99.97,99.97,no_requerida,La recomendación REC_PRIORIZAR_COBERTURA se limita al estado fragilidad_sostenida observado entre 2026-04-01 00:00:00 y 2026-06-30 00:00:00. Meta declarada: hacer_certificacion_profesional. Guardas: proteccion_esencial_por_fragilidad | hobbies_no_eliminados_automaticamente.,necesidades_esenciales | meta:hacer_certificacion_profesional | hobbies:ciclismo|fotografia_y_video,ciclismo | fotografia_y_video,hacer_certificacion_profesional,no_declarar_riesgo_solo_por_ingreso_variable | no_eliminar_hobbies_por_defecto | no_tratar_el_estado_como_identidad_permanente,podria_reducir_bienestar_o_desconocer_el_contexto,,proteccion_esencial_por_fragilidad | hobbies_no_eliminados_automaticamente,REC_PRIORIZAR_COBERTURA:99.97 | REC_VIGILAR_RESERVA:0.02 | REC_RESERVA_PICOS:0.01 | REC_CREAR_MARGEN:0.0 | REC_MANTENER_ACUMULACION:0.0 | REC_PLAN_CONTENCION:0.0 | REC_REVISAR_CAMBIO_RECIENTE:0.0
PERF_0018,VEN_0018_3,2026-04-01,2026-06-30,uso_planificado_reserva,recomendacion_disponible,REC_VIGILAR_RESERVA,REC_VIGILAR_RESERVA,modelo_restringido,Mantener el gasto alineado con la meta y revisar que la reserva conserve cobertura suficiente durante el siguiente cierre.,seguimiento_meta,sugerir,media,99.68,99.68,no_requerida,La recomendación REC_VIGILAR_RESERVA se limita al estado uso_planificado_reserva observado entre 2026-04-01 00:00:00 y 2026-06-30 00:00:00. Meta declarada: comprar_bicicleta. Guardas: hobbies_no_eliminados_automaticamente.,necesidades_esenciales | responsabilidad:apoyo_mensual_madre_o_padre | meta:comprar_bicicleta | hobbies:impresion_3d|fotografia_y_video,impresion_3d | fotografia_y_video,comprar_bicicleta,no_declarar_riesgo_solo_por_ingreso_variable | no_eliminar_hobbies_por_defecto | no_tratar_el_estado_como_identidad_permanente,bajo,,hobbies_no_eliminados_automaticamente,REC_VIGILAR_RESERVA:99.68 | REC_REVISAR_CAMBIO_RECIENTE:0.16 | REC_MANTENER_ACUMULACION:0.08 | REC_PRIORIZAR_COBERTURA:0.08 | REC_CREAR_MARGEN:0.0 | REC_PLAN_CONTENCION:0.0 | REC_RESERVA_PICOS:0.0
PERF_0073,VEN_0073_3,2026-04-01,2026-06-30,variable_resiliente,recomendacion_disponible,REC_PRIORIZAR_COBERTURA,REC_RESERVA_PICOS,guarda_etica,"Priorizar vivienda, alimentación, salud y servicios; revisar opciones de renegociación de deuda sin eliminar automáticamente los hobbies.",proteccion_esencial,aplicar,alta,0.02,99.68,no_requerida,La recomendación REC_PRIORIZAR_COBERTURA se limita al estado variable_resiliente observado entre 2026-04-01 00:00:00 y 2026-06-30 00:00:00. Meta declarada: comprar_bicicleta. Guardas: cobertura_esencial_menor_a_un_mes | hobbies_no_eliminados_automaticamente.,necesidades_esenciales | meta:comprar_bicicleta | hobbies:manualidades_y_artesanias|musica,manualidades_y_artesanias | musica,comprar_bicicleta,no_declarar_riesgo_solo_por_ingreso_variable | no_eliminar_hobbies_por_defecto | no_tratar_el_estado_como_identidad_permanente,podria_reducir_bienestar_o_desconocer_el_contexto,,cobertura_esencial_menor_a_un_mes | hobbies_no_eliminados_automaticamente,REC_RESERVA_PICOS:99.68 | REC_REVISAR_CAMBIO_RECIENTE:0.27 | REC_VIGILAR_RESERVA:0.03 | REC_PRIORIZAR_COBERTURA:0.02 | REC_CREAR_MARGEN:0.0 | REC_MANTENER_ACUMULACION:0.0 | REC_PLAN_CONTENCION:0.0
PERF_0074,VEN_0074_3,2026-04-01,2026-06-30,uso_planificado_reserva,recomendacion_disponible,REC_VIGILAR_RESERVA,REC_VIGILAR_RESERVA,modelo_restringido,Mantener el gasto alineado con la meta y revisar que la reserva conserve cobertura suficiente durante el siguiente cierre.,seguimiento_meta,sugerir,media,99.32,99.32,no_requerida,La recomendación REC_VIGILAR_RESERVA se limita al estado uso_planificado_reserva observado entre 2026-04-01 00:00:00 y 2026-06-30 00:00:00. Meta declarada: no_declarada. Guardas: hobbies_no_eliminados_automaticamente.,necesidades_esenciales | hobbies:musica|jardineria_y_agricultura_urbana,musica | jardineria_y_agricultura_urbana,,no_declarar_riesgo_solo_por_ingreso_variable | no_eliminar_hobbies_por_defecto | no_tratar_el_estado_como_identidad_permanente,bajo,,hobbies_no_eliminados_automaticamente,REC_VIGILAR_RESERVA:99.32 | REC_MANTENER_ACUMULACION:0.37 | REC_REVISAR_CAMBIO_RECIENTE:0.23 | REC_PRIORIZAR_COBERTURA:0.08 | REC_CREAR_MARGEN:0.0 | REC_PLAN_CONTENCION:0.0 | REC_RESERVA_PICOS:0.0
PERF_0075,VEN_0075_3,2026-04-01,2026-06-30,deterioro_reciente,recomendacion_disponible,REC_PRIORIZAR_COBERTURA,REC_REVISAR_CAMBIO_RECIENTE,guarda_etica,"Priorizar vivienda, alimentación, salud y servicios; revisar opciones de renegociación de deuda sin eliminar automáticamente los hobbies.",proteccion_esencial,aplicar,alta,0.0,99.65,requerida,La recomendación REC_PRIORIZAR_COBERTURA se limita al estado deterioro_reciente observado entre 2026-04-01 00:00:00 y 2026-06-30 00:00:00. Meta declarada: comprar_equipo_de_trabajo. Guardas: cobertura_esencial_menor_a_un_mes | cambio_reciente_requiere_revision | hobbies_no_eliminados_automaticamente.,necesidades_esenciales | responsabilidad:apoyo_mensual_madre_o_padre | meta:comprar_equipo_de_trabajo | hobbies:fotografia_y_video|pintura,fotografia_y_video | pintura,comprar_equipo_de_trabajo,no_declarar_riesgo_solo_por_ingreso_variable | no_eliminar_hobbies_por_defecto | no_tratar_el_estado_como_identidad_permanente,podria_reducir_bienestar_o_desconocer_el_contexto,,cobertura_esencial_menor_a_un_mes | cambio_reciente_requiere_revision | hobbies_no_eliminados_automaticamente,REC_REVISAR_CAMBIO_RECIENTE:99.65 | REC_MANTENER_ACUMULACION:0.16 | REC_VIGILAR_RESERVA:0.13 | REC_CREAR_MARGEN:0.07 | REC_PLAN_CONTENCION:0.0 | REC_PRIORIZAR_COBERTURA:0.0 | REC_RESERVA_PICOS:0.0
PERF_0129,VEN_0129_3,2026-04-01,2026-06-30,variable_resiliente,recomendacion_disponible,REC_RESERVA_PICOS,REC_RESERVA_PICOS,modelo_restringido,Reservar parte de los meses altos para cubrir los periodos de menor ingreso sin tratar la variabilidad como falla.,gestion_ingreso_variable,aplicar,alta,99.23,99.23,no_requerida,La recomendación REC_RESERVA_PICOS se limita al estado variable_resiliente observado entre 2026-04-01 00:00:00 y 2026-06-30 00:00:00. Meta declarada: ampliar_actividad_economica. Guardas: hobbies_no_eliminados_automaticamente.,necesidades_esenciales | meta:ampliar_actividad_economica | hobbies:jardineria_y_agricultura_urbana,jardineria_y_agricultura_urbana,ampliar_actividad_economica,no_declarar_riesgo_solo_por_ingreso_variable | no_eliminar_hobbies_por_defecto | no_tratar_el_estado_como_identidad_permanente,bajo,,hobbies_no_eliminados_automaticamente,REC_RESERVA_PICOS:99.23 | REC_PRIORIZAR_COBERTURA:0.42 | REC_PLAN_CONTENCION:0.2 | REC_REVISAR_CAMBIO_RECIENTE:0.13 | REC_VIGILAR_RESERVA:0.03 | REC_CREAR_MARGEN:0.0 | REC_MANTENER_ACUMULACION:0.0
PERF_0128,VEN_0128_3,2026-04-01,2026-06-30,equilibrio_sostenible,recomendacion_disponible,REC_CREAR_MARGEN,REC_CREAR_MARGEN,modelo_restringido,Crear un margen pequeño y flexible antes de aumentar compromisos fijos.,prevencion,sugerir,media,99.86,99.86,no_requerida,La recomendación REC_CREAR_MARGEN se limita al estado equilibrio_sostenible observado entre 2026-04-01 00:00:00 y 2026-06-30 00:00:00. Meta declarada: no_declarada. Guardas: hobbies_no_eliminados_automaticamente.,necesidades_esenciales | hobbies:impresion_3d|cocina_y_reposteria,impresion_3d | cocina_y_reposteria,,no_declarar_riesgo_solo_por_ingreso_variable | no_eliminar_hobbies_por_defecto | no_tratar_el_estado_como_identidad_permanente,bajo,,hobbies_no_eliminados_automaticamente,REC_CREAR_MARGEN:99.86 | REC_REVISAR_CAMBIO_RECIENTE:0.07 | REC_MANTENER_ACUMULACION:0.07 | REC_PLAN_CONTENCION:0.0 | REC_PRIORIZAR_COBERTURA:0.0 | REC_RESERVA_PICOS:0.0 | REC_VIGILAR_RESERVA:0.0
PERF_0127,VEN_0127_3,2026-04-01,2026-06-30,acumulacion_estable,recomendacion_disponible,REC_MANTENER_ACUMULACION,REC_MANTENER_ACUMULACION,modelo_restringido,Mantener el patrón actual y separar automáticamente una parte del excedente para la meta declarada.,mantenimiento_y_ahorro,aplicar,media,99.63,99.63,no_requerida,La recomendación REC_MANTENER_ACUMULACION se limita al estado acumulacion_estable observado entre 2026-04-01 00:00:00 y 2026-06-30 00:00:00. Meta declarada: hacer_certificacion_profesional. Guardas: hobbies_no_eliminados_automaticamente.,necesidades_esenciales | responsabilidad:apoyo_parcial_a_dos_familiares | meta:hacer_certificacion_profesional | hobbies:turismo_y_viajes|impresion_3d,turismo_y_viajes | impresion_3d,hacer_certificacion_profesional,no_declarar_riesgo_solo_por_ingreso_variable | no_eliminar_hobbies_por_defecto | no_tratar_el_estado_como_identidad_permanente,bajo,,hobbies_no_eliminados_automaticamente,REC_MANTENER_ACUMULACION:99.63 | REC_REVISAR_CAMBIO_RECIENTE:0.2 | REC_VIGILAR_RESERVA:0.1 | REC_CREAR_MARGEN:0.07 | REC_PLAN_CONTENCION:0.0 | REC_PRIORIZAR_COBERTURA:0.0 | REC_RESERVA_PICOS:0.0
PERF_0126,VEN_0126_3,2026-04-01,2026-06-30,situacion_critica,recomendacion_disponible,REC_PLAN_CONTENCION,REC_PLAN_CONTENCION,modelo_restringido,Activar un plan de contención centrado en necesidades esenciales y solicitar revisión humana para deuda y liquidez.,contencion_y_revision,aplicar,critica,99.94,99.94,requerida,La recomendación REC_PLAN_CONTENCION se limita al estado situacion_critica observado entre 2026-04-01 00:00:00 y 2026-06-30 00:00:00. Meta declarada: no_declarada. Guardas: situacion_critica_con_revision_humana | hobbies_no_eliminados_automaticamente.,necesidades_esenciales | responsabilidad:medicamentos_de_un_familiar | hobbies:videojuegos_y_streaming|impresion_3d,videojuegos_y_streaming | impresion_3d,,no_declarar_riesgo_solo_por_ingreso_variable | no_eliminar_hobbies_por_defecto | no_tratar_el_estado_como_identidad_permanente,podria_reducir_bienestar_o_desconocer_el_contexto,,situacion_critica_con_revision_humana | hobbies_no_eliminados_automaticamente,REC_PLAN_CONTENCION:99.94 | REC_VIGILAR_RESERVA:0.04 | REC_RESERVA_PICOS:0.02 | REC_MANTENER_ACUMULACION:0.0 | REC_CREAR_MARGEN:0.0 | REC_PRIORIZAR_COBERTURA:0.0 | REC_REVISAR_CAMBIO_RECIENTE:0.0
PERF_0125,VEN_0125_3,2026-04-01,2026-06-30,fragilidad_sostenida,recomendacion_disponible,REC_PRIORIZAR_COBERTURA,REC_PRIORIZAR_COBERTURA,modelo_restringido,"Priorizar vivienda, alimentación, salud y servicios; revisar opciones de renegociación de deuda sin eliminar automáticamente los hobbies.",proteccion_esencial,aplicar,alta,99.76,99.76,no_requerida,La recomendación REC_PRIORIZAR_COBERTURA se limita al estado fragilidad_sostenida observado entre 2026-04-01 00:00:00 y 2026-06-30 00:00:00. Meta declarada: no_declarada. Guardas: proteccion_esencial_por_fragilidad | hobbies_no_eliminados_automaticamente.,necesidades_esenciales | responsabilidad:aporte_hogar_compartido | hobbies:fotografia_y_video|manualidades_y_artesanias,fotografia_y_video | manualidades_y_artesanias,,no_declarar_riesgo_solo_por_ingreso_variable | no_eliminar_hobbies_por_defecto | no_tratar_el_estado_como_identidad_permanente,podria_reducir_bienestar_o_desconocer_el_contexto,,proteccion_esencial_por_fragilidad | hobbies_no_eliminados_automaticamente,REC_PRIORIZAR_COBERTURA:99.76 | REC_VIGILAR_RESERVA:0.12 | REC_CREAR_MARGEN:0.1 | REC_PLAN_CONTENCION:0.02 | REC_RESERVA_PICOS:0.01 | REC_MANTENER_ACUMULACION:0.0 | REC_REVISAR_CAMBIO_RECIENTE:0.0
PERF_0124,VEN_0124_3,2026-04-01,2026-06-30,deterioro_reciente,recomendacion_disponible,REC_PRIORIZAR_COBERTURA,REC_REVISAR_CAMBIO_RECIENTE,guarda_etica,"Priorizar vivienda, alimentación, salud y servicios; revisar opciones de renegociación de deuda sin eliminar automáticamente los hobbies.",proteccion_esencial,aplicar,alta,0.0,99.26,requerida,La recomendación REC_PRIORIZAR_COBERTURA se limita al estado deterioro_reciente observado entre 2026-04-01 00:00:00 y 2026-06-30 00:00:00. Meta declarada: comprar_equipo_de_trabajo. Guardas: cobertura_esencial_menor_a_un_mes | cambio_reciente_requiere_revision | hobbies_no_eliminados_automaticamente.,necesidades_esenciales | responsabilidad:medicamentos_de_un_familiar | meta:comprar_equipo_de_trabajo | hobbies:musica,musica,comprar_equipo_de_trabajo,no_declarar_riesgo_solo_por_ingreso_variable | no_eliminar_hobbies_por_defecto | no_tratar_el_estado_como_identidad_permanente,podria_reducir_bienestar_o_desconocer_el_contexto,,cobertura_esencial_menor_a_un_mes | cambio_reciente_requiere_revision | hobbies_no_eliminados_automaticamente,REC_REVISAR_CAMBIO_RECIENTE:99.26 | REC_CREAR_MARGEN:0.46 | REC_MANTENER_ACUMULACION:0.16 | REC_VIGILAR_RESERVA:0.13 | REC_PLAN_CONTENCION:0.0 | REC_PRIORIZAR_COBERTURA:0.0 | REC_RESERVA_PICOS:0.0
PERF_0123,VEN_0123_3,2026-04-01,2026-06-30,uso_planificado_reserva,recomendacion_disponible,REC_VIGILAR_RESERVA,REC_VIGILAR_RESERVA,modelo_restringido,Mantener el gasto alineado con la meta y revisar que la reserva conserve cobertura suficiente durante el siguiente cierre.,seguimiento_meta,sugerir,media,99.45,99.45,no_requerida,La recomendación REC_VIGILAR_RESERVA se limita al estado uso_planificado_reserva observado entre 2026-04-01 00:00:00 y 2026-06-30 00:00:00. Meta declarada: hacer_viaje. Guardas: hobbies_no_eliminados_automaticamente.,necesidades_esenciales | meta:hacer_viaje | hobbies:manualidades_y_artesanias,manualidades_y_artesanias,hacer_viaje,no_declarar_riesgo_solo_por_ingreso_variable | no_eliminar_hobbies_por_defecto | no_tratar_el_estado_como_identidad_permanente,bajo,,hobbies_no_eliminados_automaticamente,REC_VIGILAR_RESERVA:99.45 | REC_REVISAR_CAMBIO_RECIENTE:0.22 | REC_PLAN_CONTENCION:0.16 | REC_MANTENER_ACUMULACION:0.08 | REC_PRIORIZAR_COBERTURA:0.08 | REC_CREAR_MARGEN:0.0 | REC_RESERVA_PICOS:0.0
PERF_0122,VEN_0122_3,2026-04-01,2026-06-30,variable_resiliente,recomendacion_disponible,REC_RESERVA_PICOS,REC_RESERVA_PICOS,modelo_restringido,Reservar parte de los meses altos para cubrir los periodos de menor ingreso sin tratar la variabilidad como falla.,gestion_ingreso_variable,aplicar,alta,99.99,99.99,no_requerida,La recomendación REC_RESERVA_PICOS se limita al estado variable_resiliente observado entre 2026-04-01 00:00:00 y 2026-06-30 00:00:00. Meta declarada: hacer_certificacion_profesional. Guardas: hobbies_no_eliminados_automaticamente.,necesidades_esenciales | meta:hacer_certificacion_profesional | hobbies:cocina_y_reposteria,cocina_y_reposteria,hacer_certificacion_profesional,no_declarar_riesgo_solo_por_ingreso_variable | no_eliminar_hobbies_por_defecto | no_tratar_el_estado_como_identidad_permanente,bajo,,hobbies_no_eliminados_automaticamente,REC_RESERVA_PICOS:99.99 | REC_PRIORIZAR_COBERTURA:0.01 | REC_CREAR_MARGEN:0.0 | REC_MANTENER_ACUMULACION:0.0 | REC_PLAN_CONTENCION:0.0 | REC_REVISAR_CAMBIO_RECIENTE:0.0 | REC_VIGILAR_RESERVA:0.0
PERF_0121,VEN_0121_3,2026-04-01,2026-06-30,equilibrio_sostenible,recomendacion_disponible,REC_CREAR_MARGEN,REC_CREAR_MARGEN,modelo_restringido,Crear un margen pequeño y flexible antes de aumentar compromisos fijos.,prevencion,sugerir,media,99.85,99.85,no_requerida,La recomendación REC_CREAR_MARGEN se limita al estado equilibrio_sostenible observado entre 2026-04-01 00:00:00 y 2026-06-30 00:00:00. Meta declarada: no_declarada. Guardas: hobbies_no_eliminados_automaticamente.,necesidades_esenciales | hobbies:pintura,pintura,,no_declarar_riesgo_solo_por_ingreso_variable | no_eliminar_hobbies_por_defecto | no_tratar_el_estado_como_identidad_permanente,bajo,,hobbies_no_eliminados_automaticamente,REC_CREAR_MARGEN:99.85 | REC_MANTENER_ACUMULACION:0.07 | REC_REVISAR_CAMBIO_RECIENTE:0.07 | REC_PLAN_CONTENCION:0.0 | REC_PRIORIZAR_COBERTURA:0.0 | REC_RESERVA_PICOS:0.0 | REC_VIGILAR_RESERVA:0.0
PERF_0120,VEN_0120_3,2026-04-01,2026-06-30,acumulacion_estable,recomendacion_disponible,REC_MANTENER_ACUMULACION,REC_MANTENER_ACUMULACION,modelo_restringido,Mantener el patrón actual y separar automáticamente una parte del excedente para la meta declarada.,mantenimiento_y_ahorro,aplicar,media,99.6,99.6,no_requerida,La recomendación REC_MANTENER_ACUMULACION se limita al estado acumulacion_estable observado entre 2026-04-01 00:00:00 y 2026-06-30 00:00:00. Meta declarada: no_declarada. Guardas: hobbies_no_eliminados_automaticamente.,necesidades_esenciales | responsabilidad:gastos_de_un_hijo | hobbies:ciclismo|videojuegos_y_streaming,ciclismo | videojuegos_y_streaming,,no_declarar_riesgo_solo_por_ingreso_variable | no_eliminar_hobbies_por_defecto | no_tratar_el_estado_como_identidad_permanente,bajo,,hobbies_no_eliminados_automaticamente,REC_MANTENER_ACUMULACION:99.6 | REC_REVISAR_CAMBIO_RECIENTE:0.2 | REC_VIGILAR_RESERVA:0.1 | REC_CREAR_MARGEN:0.07 | REC_PRIORIZAR_COBERTURA:0.04 | REC_PLAN_CONTENCION:0.0 | REC_RESERVA_PICOS:0.0
PERF_0119,VEN_0119_3,2026-04-01,2026-06-30,situacion_critica,recomendacion_disponible,REC_PLAN_CONTENCION,REC_PLAN_CONTENCION,modelo_restringido,Activar un plan de contención centrado en necesidades esenciales y solicitar revisión humana para deuda y liquidez.,contencion_y_revision,aplicar,critica,99.94,99.94,requerida,La recomendación REC_PLAN_CONTENCION se limita al estado situacion_critica observado entre 2026-04-01 00:00:00 y 2026-06-30 00:00:00. Meta declarada: mejorar_vivienda. Guardas: situacion_critica_con_revision_humana | hobbies_no_eliminados_automaticamente.,necesidades_esenciales | meta:mejorar_vivienda | hobbies:jardineria_y_agricultura_urbana|manualidades_y_artesanias,jardineria_y_agricultura_urbana | manualidades_y_artesanias,mejorar_vivienda,no_declarar_riesgo_solo_por_ingreso_variable | no_eliminar_hobbies_por_defecto | no_tratar_el_estado_como_identidad_permanente,podria_reducir_bienestar_o_desconocer_el_contexto,,situacion_critica_con_revision_humana | hobbies_no_eliminados_automaticamente,REC_PLAN_CONTENCION:99.94 | REC_VIGILAR_RESERVA:0.04 | REC_RESERVA_PICOS:0.02 | REC_MANTENER_ACUMULACION:0.0 | REC_CREAR_MARGEN:0.0 | REC_PRIORIZAR_COBERTURA:0.0 | REC_REVISAR_CAMBIO_RECIENTE:0.0
PERF_0118,VEN_0118_3,2026-04-01,2026-06-30,fragilidad_sostenida,recomendacion_disponible,REC_PRIORIZAR_COBERTURA,REC_PRIORIZAR_COBERTURA,modelo_restringido,"Priorizar vivienda, alimentación, salud y servicios; revisar opciones de renegociación de deuda sin eliminar automáticamente los hobbies.",proteccion_esencial,aplicar,alta,99.98,99.98,no_requerida,La recomendación REC_PRIORIZAR_COBERTURA se limita al estado fragilidad_sostenida observado entre 2026-04-01 00:00:00 y 2026-06-30 00:00:00. Meta declarada: mejorar_vivienda. Guardas: proteccion_esencial_por_fragilidad | hobbies_no_eliminados_automaticamente.,necesidades_esenciales | meta:mejorar_vivienda | hobbies:impresion_3d|videojuegos_y_streaming,impresion_3d | videojuegos_y_streaming,mejorar_vivienda,no_declarar_riesgo_solo_por_ingreso_variable | no_eliminar_hobbies_por_defecto | no_tratar_el_estado_como_identidad_permanente,podria_reducir_bienestar_o_desconocer_el_contexto,,proteccion_esencial_por_fragilidad | hobbies_no_eliminados_automaticamente,REC_PRIORIZAR_COBERTURA:99.98 | REC_VIGILAR_RESERVA:0.02 | REC_RESERVA_PICOS:0.0 | REC_CREAR_MARGEN:0.0 | REC_MANTENER_ACUMULACION:0.0 | REC_PLAN_CONTENCION:0.0 | REC_REVISAR_CAMBIO_RECIENTE:0.0
PERF_0117,VEN_0117_3,2026-04-01,2026-06-30,deterioro_reciente,recomendacion_disponible,REC_PRIORIZAR_COBERTURA,REC_REVISAR_CAMBIO_RECIENTE,guarda_etica,"Priorizar vivienda, alimentación, salud y servicios; revisar opciones de renegociación de deuda sin eliminar automáticamente los hobbies.",proteccion_esencial,aplicar,alta,0.0,99.45,requerida,La recomendación REC_PRIORIZAR_COBERTURA se limita al estado deterioro_reciente observado entre 2026-04-01 00:00:00 y 2026-06-30 00:00:00. Meta declarada: no_declarada. Guardas: cobertura_esencial_menor_a_un_mes | cambio_reciente_requiere_revision | hobbies_no_eliminados_automaticamente.,necesidades_esenciales | hobbies:turismo_y_viajes,turismo_y_viajes,,no_declarar_riesgo_solo_por_ingreso_variable | no_eliminar_hobbies_por_defecto | no_tratar_el_estado_como_identidad_permanente,podria_reducir_bienestar_o_desconocer_el_contexto,,cobertura_esencial_menor_a_un_mes | cambio_reciente_requiere_revision | hobbies_no_eliminados_automaticamente,REC_REVISAR_CAMBIO_RECIENTE:99.45 | REC_MANTENER_ACUMULACION:0.36 | REC_VIGILAR_RESERVA:0.13 | REC_CREAR_MARGEN:0.07 | REC_PLAN_CONTENCION:0.0 | REC_PRIORIZAR_COBERTURA:0.0 | REC_RESERVA_PICOS:0.0
PERF_0116,VEN_0116_3,2026-04-01,2026-06-30,uso_planificado_reserva,recomendacion_disponible,REC_VIGILAR_RESERVA,REC_VIGILAR_RESERVA,modelo_restringido,Mantener el gasto alineado con la meta y revisar que la reserva conserve cobertura suficiente durante el siguiente cierre.,seguimiento_meta,sugerir,media,99.5,99.5,no_requerida,La recomendación REC_VIGILAR_RESERVA se limita al estado uso_planificado_reserva observado entre 2026-04-01 00:00:00 y 2026-06-30 00:00:00. Meta declarada: hacer_certificacion_profesional. Guardas: hobbies_no_eliminados_automaticamente.,necesidades_esenciales | responsabilidad:apoyo_parcial_a_dos_familiares | meta:hacer_certificacion_profesional | hobbies:videojuegos_y_streaming,videojuegos_y_streaming,hacer_certificacion_profesional,no_declarar_riesgo_solo_por_ingreso_variable | no_eliminar_hobbies_por_defecto | no_tratar_el_estado_como_identidad_permanente,bajo,,hobbies_no_eliminados_automaticamente,REC_VIGILAR_RESERVA:99.5 | REC_PRIORIZAR_COBERTURA:0.26 | REC_REVISAR_CAMBIO_RECIENTE:0.16 | REC_MANTENER_ACUMULACION:0.08 | REC_CREAR_MARGEN:0.0 | REC_PLAN_CONTENCION:0.0 | REC_RESERVA_PICOS:0.0
PERF_0115,VEN_0115_3,2026-04-01,2026-06-30,variable_resiliente,recomendacion_disponible,REC_PRIORIZAR_COBERTURA,REC_RESERVA_PICOS,guarda_etica,"Priorizar vivienda, alimentación, salud y servicios; revisar opciones de renegociación de deuda sin eliminar automáticamente los hobbies.",proteccion_esencial,aplicar,alta,0.21,99.57,no_requerida,La recomendación REC_PRIORIZAR_COBERTURA se limita al estado variable_resiliente observado entre 2026-04-01 00:00:00 y 2026-06-30 00:00:00. Meta declarada: no_declarada. Guardas: cobertura_esencial_menor_a_un_mes | hobbies_no_eliminados_automaticamente.,necesidades_esenciales | responsabilidad:medicamentos_de_un_familiar | hobbies:fotografia_y_video|manualidades_y_artesanias,fotografia_y_video | manualidades_y_artesanias,,no_declarar_riesgo_solo_por_ingreso_variable | no_eliminar_hobbies_por_defecto | no_tratar_el_estado_como_identidad_permanente,podria_reducir_bienestar_o_desconocer_el_contexto,,cobertura_esencial_menor_a_un_mes | hobbies_no_eliminados_automaticamente,REC_RESERVA_PICOS:99.57 | REC_PRIORIZAR_COBERTURA:0.21 | REC_REVISAR_CAMBIO_RECIENTE:0.14 | REC_CREAR_MARGEN:0.06 | REC_VIGILAR_RESERVA:0.03 | REC_MANTENER_ACUMULACION:0.0 | REC_PLAN_CONTENCION:0.0
PERF_0130,VEN_0130_3,2026-04-01,2026-06-30,uso_planificado_reserva,recomendacion_disponible,REC_VIGILAR_RESERVA,REC_VIGILAR_RESERVA,modelo_restringido,Mantener el gasto alineado con la meta y revisar que la reserva conserve cobertura suficiente durante el siguiente cierre.,seguimiento_meta,sugerir,media,99.5,99.5,no_requerida,La recomendación REC_VIGILAR_RESERVA se limita al estado uso_planificado_reserva observado entre 2026-04-01 00:00:00 y 2026-06-30 00:00:00. Meta declarada: mejorar_vivienda. Guardas: hobbies_no_eliminados_automaticamente.,necesidades_esenciales | meta:mejorar_vivienda | hobbies:ciclismo|pintura,ciclismo | pintura,mejorar_vivienda,no_declarar_riesgo_solo_por_ingreso_variable | no_eliminar_hobbies_por_defecto | no_tratar_el_estado_como_identidad_permanente,bajo,,hobbies_no_eliminados_automaticamente,REC_VIGILAR_RESERVA:99.5 | REC_PRIORIZAR_COBERTURA:0.26 | REC_REVISAR_CAMBIO_RECIENTE:0.16 | REC_MANTENER_ACUMULACION:0.08 | REC_CREAR_MARGEN:0.0 | REC_PLAN_CONTENCION:0.0 | REC_RESERVA_PICOS:0.0
PERF_0114,VEN_0114_3,2026-04-01,2026-06-30,equilibrio_sostenible,recomendacion_disponible,REC_CREAR_MARGEN,REC_CREAR_MARGEN,modelo_restringido,Crear un margen pequeño y flexible antes de aumentar compromisos fijos.,prevencion,sugerir,media,99.86,99.86,no_requerida,La recomendación REC_CREAR_MARGEN se limita al estado equilibrio_sostenible observado entre 2026-04-01 00:00:00 y 2026-06-30 00:00:00. Meta declarada: comprar_equipo_de_trabajo. Guardas: hobbies_no_eliminados_automaticamente.,necesidades_esenciales | responsabilidad:aporte_hogar_compartido | meta:comprar_equipo_de_trabajo | hobbies:musica,musica,comprar_equipo_de_trabajo,no_declarar_riesgo_solo_por_ingreso_variable | no_eliminar_hobbies_por_defecto | no_tratar_el_estado_como_identidad_permanente,bajo,,hobbies_no_eliminados_automaticamente,REC_CREAR_MARGEN:99.86 | REC_REVISAR_CAMBIO_RECIENTE:0.07 | REC_MANTENER_ACUMULACION:0.07 | REC_PLAN_CONTENCION:0.0 | REC_PRIORIZAR_COBERTURA:0.0 | REC_RESERVA_PICOS:0.0 | REC_VIGILAR_RESERVA:0.0
PERF_0131,VEN_0131_3,2026-04-01,2026-06-30,deterioro_reciente,recomendacion_disponible,REC_REVISAR_CAMBIO_RECIENTE,REC_REVISAR_CAMBIO_RECIENTE,modelo_restringido,Revisar el cambio reciente en ingresos y compromisos antes de modificar gastos personales valiosos.,diagnostico,solicitar_contexto,alta,99.46,99.46,requerida,La recomendación REC_REVISAR_CAMBIO_RECIENTE se limita al estado deterioro_reciente observado entre 2026-04-01 00:00:00 y 2026-06-30 00:00:00. Meta declarada: crear_fondo_emergencia. Guardas: cambio_reciente_requiere_revision | hobbies_no_eliminados_automaticamente.,necesidades_esenciales | responsabilidad:aporte_hogar_compartido | meta:crear_fondo_emergencia | hobbies:pintura,pintura,crear_fondo_emergencia,no_declarar_riesgo_solo_por_ingreso_variable | no_eliminar_hobbies_por_defecto | no_tratar_el_estado_como_identidad_permanente,podria_reducir_bienestar_o_desconocer_el_contexto,,cambio_reciente_requiere_revision | hobbies_no_eliminados_automaticamente,REC_REVISAR_CAMBIO_RECIENTE:99.46 | REC_CREAR_MARGEN:0.26 | REC_MANTENER_ACUMULACION:0.16 | REC_VIGILAR_RESERVA:0.13 | REC_PLAN_CONTENCION:0.0 | REC_PRIORIZAR_COBERTURA:0.0 | REC_RESERVA_PICOS:0.0
PERF_0133,VEN_0133_3,2026-04-01,2026-06-30,situacion_critica,recomendacion_disponible,REC_PLAN_CONTENCION,REC_PLAN_CONTENCION,modelo_restringido,Activar un plan de contención centrado en necesidades esenciales y solicitar revisión humana para deuda y liquidez.,contencion_y_revision,aplicar,critica,99.94,99.94,requerida,La recomendación REC_PLAN_CONTENCION se limita al estado situacion_critica observado entre 2026-04-01 00:00:00 y 2026-06-30 00:00:00. Meta declarada: no_declarada. Guardas: situacion_critica_con_revision_humana | hobbies_no_eliminados_automaticamente.,necesidades_esenciales | responsabilidad:ninguna_declarada | hobbies:manualidades_y_artesanias,manualidades_y_artesanias,,no_declarar_riesgo_solo_por_ingreso_variable | no_eliminar_hobbies_por_defecto | no_tratar_el_estado_como_identidad_permanente,podria_reducir_bienestar_o_desconocer_el_contexto,,situacion_critica_con_revision_humana | hobbies_no_eliminados_automaticamente,REC_PLAN_CONTENCION:99.94 | REC_VIGILAR_RESERVA:0.04 | REC_RESERVA_PICOS:0.02 | REC_MANTENER_ACUMULACION:0.0 | REC_CREAR_MARGEN:0.0 | REC_PRIORIZAR_COBERTURA:0.0 | REC_REVISAR_CAMBIO_RECIENTE:0.0
PERF_0148,VEN_0148_3,2026-04-01,2026-06-30,acumulacion_estable,recomendacion_disponible,REC_MANTENER_ACUMULACION,REC_MANTENER_ACUMULACION,modelo_restringido,Mantener el patrón actual y separar automáticamente una parte del excedente para la meta declarada.,mantenimiento_y_ahorro,aplicar,media,99.63,99.63,no_requerida,La recomendación REC_MANTENER_ACUMULACION se limita al estado acumulacion_estable observado entre 2026-04-01 00:00:00 y 2026-06-30 00:00:00. Meta declarada: mejorar_vivienda. Guardas: hobbies_no_eliminados_automaticamente.,necesidades_esenciales | responsabilidad:apoyo_parcial_a_dos_familiares | meta:mejorar_vivienda | hobbies:impresion_3d,impresion_3d,mejorar_vivienda,no_declarar_riesgo_solo_por_ingreso_variable | no_eliminar_hobbies_por_defecto | no_tratar_el_estado_como_identidad_permanente,bajo,,hobbies_no_eliminados_automaticamente,REC_MANTENER_ACUMULACION:99.63 | REC_REVISAR_CAMBIO_RECIENTE:0.2 | REC_VIGILAR_RESERVA:0.1 | REC_CREAR_MARGEN:0.07 | REC_PLAN_CONTENCION:0.0 | REC_PRIORIZAR_COBERTURA:0.0 | REC_RESERVA_PICOS:0.0
PERF_0147,VEN_0147_3,2026-04-01,2026-06-30,situacion_critica,recomendacion_disponible,REC_PLAN_CONTENCION,REC_PLAN_CONTENCION,modelo_restringido,Activar un plan de contención centrado en necesidades esenciales y solicitar revisión humana para deuda y liquidez.,contencion_y_revision,aplicar,critica,99.94,99.94,requerida,La recomendación REC_PLAN_CONTENCION se limita al estado situacion_critica observado entre 2026-04-01 00:00:00 y 2026-06-30 00:00:00. Meta declarada: no_declarada. Guardas: situacion_critica_con_revision_humana | hobbies_no_eliminados_automaticamente.,necesidades_esenciales | responsabilidad:ninguna_declarada | hobbies:turismo_y_viajes,turismo_y_viajes,,no_declarar_riesgo_solo_por_ingreso_variable | no_eliminar_hobbies_por_defecto | no_tratar_el_estado_como_identidad_permanente,podria_reducir_bienestar_o_desconocer_el_contexto,,situacion_critica_con_revision_humana | hobbies_no_eliminados_automaticamente,REC_PLAN_CONTENCION:99.94 | REC_VIGILAR_RESERVA:0.04 | REC_RESERVA_PICOS:0.02 | REC_MANTENER_ACUMULACION:0.0 | REC_CREAR_MARGEN:0.0 | REC_PRIORIZAR_COBERTURA:0.0 | REC_REVISAR_CAMBIO_RECIENTE:0.0
PERF_0146,VEN_0146_3,2026-04-01,2026-06-30,fragilidad_sostenida,recomendacion_disponible,REC_PRIORIZAR_COBERTURA,REC_PRIORIZAR_COBERTURA,modelo_restringido,"Priorizar vivienda, alimentación, salud y servicios; revisar opciones de renegociación de deuda sin eliminar automáticamente los hobbies.",proteccion_esencial,aplicar,alta,99.49,99.49,no_requerida,La recomendación REC_PRIORIZAR_COBERTURA se limita al estado fragilidad_sostenida observado entre 2026-04-01 00:00:00 y 2026-06-30 00:00:00. Meta declarada: comprar_equipo_de_trabajo. Guardas: proteccion_esencial_por_fragilidad | hobbies_no_eliminados_automaticamente.,necesidades_esenciales | responsabilidad:gastos_de_un_hijo | meta:comprar_equipo_de_trabajo | hobbies:videojuegos_y_streaming|pintura,videojuegos_y_streaming | pintura,comprar_equipo_de_trabajo,no_declarar_riesgo_solo_por_ingreso_variable | no_eliminar_hobbies_por_defecto | no_tratar_el_estado_como_identidad_permanente,podria_reducir_bienestar_o_desconocer_el_contexto,,proteccion_esencial_por_fragilidad | hobbies_no_eliminados_automaticamente,REC_PRIORIZAR_COBERTURA:99.49 | REC_VIGILAR_RESERVA:0.32 | REC_RESERVA_PICOS:0.19 | REC_PLAN_CONTENCION:0.01 | REC_CREAR_MARGEN:0.0 | REC_MANTENER_ACUMULACION:0.0 | REC_REVISAR_CAMBIO_RECIENTE:0.0
PERF_0145,VEN_0145_3,2026-04-01,2026-06-30,deterioro_reciente,recomendacion_disponible,REC_PRIORIZAR_COBERTURA,REC_REVISAR_CAMBIO_RECIENTE,guarda_etica,"Priorizar vivienda, alimentación, salud y servicios; revisar opciones de renegociación de deuda sin eliminar automáticamente los hobbies.",proteccion_esencial,aplicar,alta,0.0,99.4,requerida,La recomendación REC_PRIORIZAR_COBERTURA se limita al estado deterioro_reciente observado entre 2026-04-01 00:00:00 y 2026-06-30 00:00:00. Meta declarada: pagar_deuda. Guardas: cobertura_esencial_menor_a_un_mes | cambio_reciente_requiere_revision | hobbies_no_eliminados_automaticamente.,necesidades_esenciales | responsabilidad:gastos_de_un_hijo | meta:pagar_deuda | hobbies:fotografia_y_video|manualidades_y_artesanias,fotografia_y_video | manualidades_y_artesanias,pagar_deuda,no_declarar_riesgo_solo_por_ingreso_variable | no_eliminar_hobbies_por_defecto | no_tratar_el_estado_como_identidad_permanente,podria_reducir_bienestar_o_desconocer_el_contexto,,cobertura_esencial_menor_a_un_mes | cambio_reciente_requiere_revision | hobbies_no_eliminados_automaticamente,REC_REVISAR_CAMBIO_RECIENTE:99.4 | REC_RESERVA_PICOS:0.2 | REC_MANTENER_ACUMULACION:0.16 | REC_VIGILAR_RESERVA:0.13 | REC_CREAR_MARGEN:0.12 | REC_PLAN_CONTENCION:0.0 | REC_PRIORIZAR_COBERTURA:0.0
PERF_0144,VEN_0144_3,2026-04-01,2026-06-30,uso_planificado_reserva,recomendacion_disponible,REC_PRIORIZAR_COBERTURA,REC_VIGILAR_RESERVA,guarda_etica,"Priorizar vivienda, alimentación, salud y servicios; revisar opciones de renegociación de deuda sin eliminar automáticamente los hobbies.",proteccion_esencial,aplicar,alta,0.09,99.56,no_requerida,La recomendación REC_PRIORIZAR_COBERTURA se limita al estado uso_planificado_reserva observado entre 2026-04-01 00:00:00 y 2026-06-30 00:00:00. Meta declarada: pagar_deuda. Guardas: cobertura_esencial_menor_a_un_mes | hobbies_no_eliminados_automaticamente.,necesidades_esenciales | responsabilidad:gastos_de_un_hijo | meta:pagar_deuda | hobbies:musica,musica,pagar_deuda,no_declarar_riesgo_solo_por_ingreso_variable | no_eliminar_hobbies_por_defecto | no_tratar_el_estado_como_identidad_permanente,podria_reducir_bienestar_o_desconocer_el_contexto,,cobertura_esencial_menor_a_un_mes | hobbies_no_eliminados_automaticamente,REC_VIGILAR_RESERVA:99.56 | REC_REVISAR_CAMBIO_RECIENTE:0.27 | REC_PRIORIZAR_COBERTURA:0.09 | REC_MANTENER_ACUMULACION:0.08 | REC_CREAR_MARGEN:0.0 | REC_PLAN_CONTENCION:0.0 | REC_RESERVA_PICOS:0.0
PERF_0143,VEN_0143_3,2026-04-01,2026-06-30,variable_resiliente,recomendacion_disponible,REC_RESERVA_PICOS,REC_RESERVA_PICOS,modelo_restringido,Reservar parte de los meses altos para cubrir los periodos de menor ingreso sin tratar la variabilidad como falla.,gestion_ingreso_variable,aplicar,alta,99.7,99.7,no_requerida,La recomendación REC_RESERVA_PICOS se limita al estado variable_resiliente observado entre 2026-04-01 00:00:00 y 2026-06-30 00:00:00. Meta declarada: comprar_bicicleta. Guardas: hobbies_no_eliminados_automaticamente.,necesidades_esenciales | meta:comprar_bicicleta | hobbies:manualidades_y_artesanias,manualidades_y_artesanias,comprar_bicicleta,no_declarar_riesgo_solo_por_ingreso_variable | no_eliminar_hobbies_por_defecto | no_tratar_el_estado_como_identidad_permanente,bajo,,hobbies_no_eliminados_automaticamente,REC_RESERVA_PICOS:99.7 | REC_VIGILAR_RESERVA:0.29 | REC_PRIORIZAR_COBERTURA:0.01 | REC_CREAR_MARGEN:0.0 | REC_MANTENER_ACUMULACION:0.0 | REC_PLAN_CONTENCION:0.0 | REC_REVISAR_CAMBIO_RECIENTE:0.0
PERF_0142,VEN_0142_3,2026-04-01,2026-06-30,equilibrio_sostenible,recomendacion_disponible,REC_CREAR_MARGEN,REC_CREAR_MARGEN,modelo_restringido,Crear un margen pequeño y flexible antes de aumentar compromisos fijos.,prevencion,sugerir,media,99.85,99.85,no_requerida,La recomendación REC_CREAR_MARGEN se limita al estado equilibrio_sostenible observado entre 2026-04-01 00:00:00 y 2026-06-30 00:00:00. Meta declarada: hacer_viaje. Guardas: hobbies_no_eliminados_automaticamente.,necesidades_esenciales | responsabilidad:apoyo_mensual_madre_o_padre | meta:hacer_viaje | hobbies:cocina_y_reposteria,cocina_y_reposteria,hacer_viaje,no_declarar_riesgo_solo_por_ingreso_variable | no_eliminar_hobbies_por_defecto | no_tratar_el_estado_como_identidad_permanente,bajo,,hobbies_no_eliminados_automaticamente,REC_CREAR_MARGEN:99.85 | REC_MANTENER_ACUMULACION:0.07 | REC_REVISAR_CAMBIO_RECIENTE:0.07 | REC_PLAN_CONTENCION:0.0 | REC_PRIORIZAR_COBERTURA:0.0 | REC_RESERVA_PICOS:0.0 | REC_VIGILAR_RESERVA:0.0
PERF_0141,VEN_0141_3,2026-04-01,2026-06-30,acumulacion_estable,recomendacion_disponible,REC_MANTENER_ACUMULACION,REC_MANTENER_ACUMULACION,modelo_restringido,Mantener el patrón actual y separar automáticamente una parte del excedente para la meta declarada.,mantenimiento_y_ahorro,aplicar,media,99.63,99.63,no_requerida,La recomendación REC_MANTENER_ACUMULACION se limita al estado acumulacion_estable observado entre 2026-04-01 00:00:00 y 2026-06-30 00:00:00. Meta declarada: pagar_deuda. Guardas: hobbies_no_eliminados_automaticamente.,necesidades_esenciales | meta:pagar_deuda | hobbies:pintura,pintura,pagar_deuda,no_declarar_riesgo_solo_por_ingreso_variable | no_eliminar_hobbies_por_defecto | no_tratar_el_estado_como_identidad_permanente,bajo,,hobbies_no_eliminados_automaticamente,REC_MANTENER_ACUMULACION:99.63 | REC_REVISAR_CAMBIO_RECIENTE:0.2 | REC_VIGILAR_RESERVA:0.1 | REC_CREAR_MARGEN:0.07 | REC_PLAN_CONTENCION:0.0 | REC_PRIORIZAR_COBERTURA:0.0 | REC_RESERVA_PICOS:0.0
PERF_0140,VEN_0140_3,2026-04-01,2026-06-30,situacion_critica,recomendacion_disponible,REC_PLAN_CONTENCION,REC_PLAN_CONTENCION,modelo_restringido,Activar un plan de contención centrado en necesidades esenciales y solicitar revisión humana para deuda y liquidez.,contencion_y_revision,aplicar,critica,99.94,99.94,requerida,La recomendación REC_PLAN_CONTENCION se limita al estado situacion_critica observado entre 2026-04-01 00:00:00 y 2026-06-30 00:00:00. Meta declarada: no_declarada. Guardas: situacion_critica_con_revision_humana | hobbies_no_eliminados_automaticamente.,necesidades_esenciales | responsabilidad:apoyo_mensual_madre_o_padre | hobbies:ciclismo|manualidades_y_artesanias,ciclismo | manualidades_y_artesanias,,no_declarar_riesgo_solo_por_ingreso_variable | no_eliminar_hobbies_por_defecto | no_tratar_el_estado_como_identidad_permanente,podria_reducir_bienestar_o_desconocer_el_contexto,,situacion_critica_con_revision_humana | hobbies_no_eliminados_automaticamente,REC_PLAN_CONTENCION:99.94 | REC_VIGILAR_RESERVA:0.04 | REC_RESERVA_PICOS:0.02 | REC_MANTENER_ACUMULACION:0.0 | REC_CREAR_MARGEN:0.0 | REC_PRIORIZAR_COBERTURA:0.0 | REC_REVISAR_CAMBIO_RECIENTE:0.0
PERF_0139,VEN_0139_3,2026-04-01,2026-06-30,fragilidad_sostenida,recomendacion_disponible,REC_PRIORIZAR_COBERTURA,REC_PRIORIZAR_COBERTURA,modelo_restringido,"Priorizar vivienda, alimentación, salud y servicios; revisar opciones de renegociación de deuda sin eliminar automáticamente los hobbies.",proteccion_esencial,aplicar,alta,99.98,99.98,no_requerida,La recomendación REC_PRIORIZAR_COBERTURA se limita al estado fragilidad_sostenida observado entre 2026-04-01 00:00:00 y 2026-06-30 00:00:00. Meta declarada: no_declarada. Guardas: proteccion_esencial_por_fragilidad | hobbies_no_eliminados_automaticamente.,necesidades_esenciales | responsabilidad:gastos_de_un_hijo | hobbies:jardineria_y_agricultura_urbana,jardineria_y_agricultura_urbana,,no_declarar_riesgo_solo_por_ingreso_variable | no_eliminar_hobbies_por_defecto | no_tratar_el_estado_como_identidad_permanente,podria_reducir_bienestar_o_desconocer_el_contexto,,proteccion_esencial_por_fragilidad | hobbies_no_eliminados_automaticamente,REC_PRIORIZAR_COBERTURA:99.98 | REC_RESERVA_PICOS:0.01 | REC_PLAN_CONTENCION:0.01 | REC_CREAR_MARGEN:0.0 | REC_MANTENER_ACUMULACION:0.0 | REC_REVISAR_CAMBIO_RECIENTE:0.0 | REC_VIGILAR_RESERVA:0.0
PERF_0138,VEN_0138_3,2026-04-01,2026-06-30,deterioro_reciente,recomendacion_disponible,REC_REVISAR_CAMBIO_RECIENTE,REC_REVISAR_CAMBIO_RECIENTE,modelo_restringido,Revisar el cambio reciente en ingresos y compromisos antes de modificar gastos personales valiosos.,diagnostico,solicitar_contexto,alta,99.46,99.46,requerida,La recomendación REC_REVISAR_CAMBIO_RECIENTE se limita al estado deterioro_reciente observado entre 2026-04-01 00:00:00 y 2026-06-30 00:00:00. Meta declarada: comprar_equipo_de_trabajo. Guardas: cambio_reciente_requiere_revision | hobbies_no_eliminados_automaticamente.,necesidades_esenciales | meta:comprar_equipo_de_trabajo | hobbies:impresion_3d|cocina_y_reposteria,impresion_3d | cocina_y_reposteria,comprar_equipo_de_trabajo,no_declarar_riesgo_solo_por_ingreso_variable | no_eliminar_hobbies_por_defecto | no_tratar_el_estado_como_identidad_permanente,podria_reducir_bienestar_o_desconocer_el_contexto,,cambio_reciente_requiere_revision | hobbies_no_eliminados_automaticamente,REC_REVISAR_CAMBIO_RECIENTE:99.46 | REC_CREAR_MARGEN:0.26 | REC_MANTENER_ACUMULACION:0.16 | REC_VIGILAR_RESERVA:0.13 | REC_PLAN_CONTENCION:0.0 | REC_PRIORIZAR_COBERTURA:0.0 | REC_RESERVA_PICOS:0.0
PERF_0137,VEN_0137_3,2026-04-01,2026-06-30,uso_planificado_reserva,recomendacion_disponible,REC_VIGILAR_RESERVA,REC_VIGILAR_RESERVA,modelo_restringido,Mantener el gasto alineado con la meta y revisar que la reserva conserve cobertura suficiente durante el siguiente cierre.,seguimiento_meta,sugerir,media,99.83,99.83,no_requerida,La recomendación REC_VIGILAR_RESERVA se limita al estado uso_planificado_reserva observado entre 2026-04-01 00:00:00 y 2026-06-30 00:00:00. Meta declarada: no_declarada. Guardas: hobbies_no_eliminados_automaticamente.,necesidades_esenciales | hobbies:turismo_y_viajes|fotografia_y_video,turismo_y_viajes | fotografia_y_video,,no_declarar_riesgo_solo_por_ingreso_variable | no_eliminar_hobbies_por_defecto | no_tratar_el_estado_como_identidad_permanente,bajo,,hobbies_no_eliminados_automaticamente,REC_VIGILAR_RESERVA:99.83 | REC_REVISAR_CAMBIO_RECIENTE:0.17 | REC_CREAR_MARGEN:0.0 | REC_MANTENER_ACUMULACION:0.0 | REC_PLAN_CONTENCION:0.0 | REC_PRIORIZAR_COBERTURA:0.0 | REC_RESERVA_PICOS:0.0
PERF_0136,VEN_0136_3,2026-04-01,2026-06-30,variable_resiliente,recomendacion_disponible,REC_RESERVA_PICOS,REC_RESERVA_PICOS,modelo_restringido,Reservar parte de los meses altos para cubrir los periodos de menor ingreso sin tratar la variabilidad como falla.,gestion_ingreso_variable,aplicar,alta,99.9,99.9,no_requerida,La recomendación REC_RESERVA_PICOS se limita al estado variable_resiliente observado entre 2026-04-01 00:00:00 y 2026-06-30 00:00:00. Meta declarada: no_declarada. Guardas: hobbies_no_eliminados_automaticamente.,necesidades_esenciales | hobbies:videojuegos_y_streaming|turismo_y_viajes,videojuegos_y_streaming | turismo_y_viajes,,no_declarar_riesgo_solo_por_ingreso_variable | no_eliminar_hobbies_por_defecto | no_tratar_el_estado_como_identidad_permanente,bajo,,hobbies_no_eliminados_automaticamente,REC_RESERVA_PICOS:99.9 | REC_MANTENER_ACUMULACION:0.07 | REC_REVISAR_CAMBIO_RECIENTE:0.03 | REC_CREAR_MARGEN:0.0 | REC_PLAN_CONTENCION:0.0 | REC_PRIORIZAR_COBERTURA:0.0 | REC_VIGILAR_RESERVA:0.0
PERF_0135,VEN_0135_3,2026-04-01,2026-06-30,equilibrio_sostenible,recomendacion_disponible,REC_CREAR_MARGEN,REC_CREAR_MARGEN,modelo_restringido,Crear un margen pequeño y flexible antes de aumentar compromisos fijos.,prevencion,sugerir,media,99.8,99.8,no_requerida,La recomendación REC_CREAR_MARGEN se limita al estado equilibrio_sostenible observado entre 2026-04-01 00:00:00 y 2026-06-30 00:00:00. Meta declarada: pagar_deuda. Guardas: hobbies_no_eliminados_automaticamente.,necesidades_esenciales | responsabilidad:apoyo_mensual_madre_o_padre | meta:pagar_deuda | hobbies:fotografia_y_video,fotografia_y_video,pagar_deuda,no_declarar_riesgo_solo_por_ingreso_variable | no_eliminar_hobbies_por_defecto | no_tratar_el_estado_como_identidad_permanente,bajo,,hobbies_no_eliminados_automaticamente,REC_CREAR_MARGEN:99.8 | REC_REVISAR_CAMBIO_RECIENTE:0.07 | REC_MANTENER_ACUMULACION:0.07 | REC_RESERVA_PICOS:0.06 | REC_PLAN_CONTENCION:0.0 | REC_PRIORIZAR_COBERTURA:0.0 | REC_VIGILAR_RESERVA:0.0
PERF_0134,VEN_0134_3,2026-04-01,2026-06-30,acumulacion_estable,recomendacion_disponible,REC_MANTENER_ACUMULACION,REC_MANTENER_ACUMULACION,modelo_restringido,Mantener el patrón actual y separar automáticamente una parte del excedente para la meta declarada.,mantenimiento_y_ahorro,aplicar,media,99.63,99.63,no_requerida,La recomendación REC_MANTENER_ACUMULACION se limita al estado acumulacion_estable observado entre 2026-04-01 00:00:00 y 2026-06-30 00:00:00. Meta declarada: comprar_equipo_de_trabajo. Guardas: hobbies_no_eliminados_automaticamente.,necesidades_esenciales | meta:comprar_equipo_de_trabajo | hobbies:musica|cocina_y_reposteria,musica | cocina_y_reposteria,comprar_equipo_de_trabajo,no_declarar_riesgo_solo_por_ingreso_variable | no_eliminar_hobbies_por_defecto | no_tratar_el_estado_como_identidad_permanente,bajo,,hobbies_no_eliminados_automaticamente,REC_MANTENER_ACUMULACION:99.63 | REC_REVISAR_CAMBIO_RECIENTE:0.2 | REC_VIGILAR_RESERVA:0.1 | REC_CREAR_MARGEN:0.07 | REC_PLAN_CONTENCION:0.0 | REC_PRIORIZAR_COBERTURA:0.0 | REC_RESERVA_PICOS:0.0
PERF_0132,VEN_0132_3,2026-04-01,2026-06-30,fragilidad_sostenida,recomendacion_disponible,REC_PRIORIZAR_COBERTURA,REC_PRIORIZAR_COBERTURA,modelo_restringido,"Priorizar vivienda, alimentación, salud y servicios; revisar opciones de renegociación de deuda sin eliminar automáticamente los hobbies.",proteccion_esencial,aplicar,alta,99.97,99.97,no_requerida,La recomendación REC_PRIORIZAR_COBERTURA se limita al estado fragilidad_sostenida observado entre 2026-04-01 00:00:00 y 2026-06-30 00:00:00. Meta declarada: pagar_deuda. Guardas: proteccion_esencial_por_fragilidad | hobbies_no_eliminados_automaticamente.,necesidades_esenciales | responsabilidad:aporte_hogar_compartido | meta:pagar_deuda | hobbies:cocina_y_reposteria,cocina_y_reposteria,pagar_deuda,no_declarar_riesgo_solo_por_ingreso_variable | no_eliminar_hobbies_por_defecto | no_tratar_el_estado_como_identidad_permanente,podria_reducir_bienestar_o_desconocer_el_contexto,,proteccion_esencial_por_fragilidad | hobbies_no_eliminados_automaticamente,REC_PRIORIZAR_COBERTURA:99.97 | REC_PLAN_CONTENCION:0.02 | REC_RESERVA_PICOS:0.01 | REC_CREAR_MARGEN:0.0 | REC_MANTENER_ACUMULACION:0.0 | REC_REVISAR_CAMBIO_RECIENTE:0.0 | REC_VIGILAR_RESERVA:0.0
PERF_0150,VEN_0150_3,2026-04-01,2026-06-30,variable_resiliente,recomendacion_disponible,REC_PRIORIZAR_COBERTURA,REC_RESERVA_PICOS,guarda_etica,"Priorizar vivienda, alimentación, salud y servicios; revisar opciones de renegociación de deuda sin eliminar automáticamente los hobbies.",proteccion_esencial,aplicar,alta,0.02,99.95,no_requerida,La recomendación REC_PRIORIZAR_COBERTURA se limita al estado variable_resiliente observado entre 2026-04-01 00:00:00 y 2026-06-30 00:00:00. Meta declarada: no_declarada. Guardas: cobertura_esencial_menor_a_un_mes | hobbies_no_eliminados_automaticamente.,necesidades_esenciales | responsabilidad:gastos_de_un_hijo | hobbies:ciclismo,ciclismo,,no_declarar_riesgo_solo_por_ingreso_variable | no_eliminar_hobbies_por_defecto | no_tratar_el_estado_como_identidad_permanente,podria_reducir_bienestar_o_desconocer_el_contexto,,cobertura_esencial_menor_a_un_mes | hobbies_no_eliminados_automaticamente,REC_RESERVA_PICOS:99.95 | REC_VIGILAR_RESERVA:0.03 | REC_PRIORIZAR_COBERTURA:0.02 | REC_CREAR_MARGEN:0.0 | REC_MANTENER_ACUMULACION:0.0 | REC_PLAN_CONTENCION:0.0 | REC_REVISAR_CAMBIO_RECIENTE:0.0
PERF_0113,VEN_0113_3,2026-04-01,2026-06-30,acumulacion_estable,recomendacion_disponible,REC_MANTENER_ACUMULACION,REC_MANTENER_ACUMULACION,modelo_restringido,Mantener el patrón actual y separar automáticamente una parte del excedente para la meta declarada.,mantenimiento_y_ahorro,aplicar,media,99.63,99.63,no_requerida,La recomendación REC_MANTENER_ACUMULACION se limita al estado acumulacion_estable observado entre 2026-04-01 00:00:00 y 2026-06-30 00:00:00. Meta declarada: no_declarada. Guardas: hobbies_no_eliminados_automaticamente.,necesidades_esenciales | hobbies:manualidades_y_artesanias|impresion_3d,manualidades_y_artesanias | impresion_3d,,no_declarar_riesgo_solo_por_ingreso_variable | no_eliminar_hobbies_por_defecto | no_tratar_el_estado_como_identidad_permanente,bajo,,hobbies_no_eliminados_automaticamente,REC_MANTENER_ACUMULACION:99.63 | REC_REVISAR_CAMBIO_RECIENTE:0.2 | REC_VIGILAR_RESERVA:0.1 | REC_CREAR_MARGEN:0.07 | REC_PLAN_CONTENCION:0.0 | REC_PRIORIZAR_COBERTURA:0.0 | REC_RESERVA_PICOS:0.0
PERF_0111,VEN_0111_3,2026-04-01,2026-06-30,fragilidad_sostenida,recomendacion_disponible,REC_PRIORIZAR_COBERTURA,REC_PRIORIZAR_COBERTURA,modelo_restringido,"Priorizar vivienda, alimentación, salud y servicios; revisar opciones de renegociación de deuda sin eliminar automáticamente los hobbies.",proteccion_esencial,aplicar,alta,99.97,99.97,no_requerida,La recomendación REC_PRIORIZAR_COBERTURA se limita al estado fragilidad_sostenida observado entre 2026-04-01 00:00:00 y 2026-06-30 00:00:00. Meta declarada: no_declarada. Guardas: proteccion_esencial_por_fragilidad | hobbies_no_eliminados_automaticamente.,necesidades_esenciales | responsabilidad:ninguna_declarada | hobbies:pintura|cocina_y_reposteria,pintura | cocina_y_reposteria,,no_declarar_riesgo_solo_por_ingreso_variable | no_eliminar_hobbies_por_defecto | no_tratar_el_estado_como_identidad_permanente,podria_reducir_bienestar_o_desconocer_el_contexto,,proteccion_esencial_por_fragilidad | hobbies_no_eliminados_automaticamente,REC_PRIORIZAR_COBERTURA:99.97 | REC_VIGILAR_RESERVA:0.02 | REC_RESERVA_PICOS:0.01 | REC_CREAR_MARGEN:0.0 | REC_MANTENER_ACUMULACION:0.0 | REC_PLAN_CONTENCION:0.0 | REC_REVISAR_CAMBIO_RECIENTE:0.0
PERF_0090,VEN_0090_3,2026-04-01,2026-06-30,fragilidad_sostenida,recomendacion_disponible,REC_PRIORIZAR_COBERTURA,REC_PRIORIZAR_COBERTURA,modelo_restringido,"Priorizar vivienda, alimentación, salud y servicios; revisar opciones de renegociación de deuda sin eliminar automáticamente los hobbies.",proteccion_esencial,aplicar,alta,99.73,99.73,no_requerida,La recomendación REC_PRIORIZAR_COBERTURA se limita al estado fragilidad_sostenida observado entre 2026-04-01 00:00:00 y 2026-06-30 00:00:00. Meta declarada: no_declarada. Guardas: proteccion_esencial_por_fragilidad | hobbies_no_eliminados_automaticamente.,necesidades_esenciales | responsabilidad:aporte_hogar_compartido | hobbies:ciclismo|musica,ciclismo | musica,,no_declarar_riesgo_solo_por_ingreso_variable | no_eliminar_hobbies_por_defecto | no_tratar_el_estado_como_identidad_permanente,podria_reducir_bienestar_o_desconocer_el_contexto,,proteccion_esencial_por_fragilidad | hobbies_no_eliminados_automaticamente,REC_PRIORIZAR_COBERTURA:99.73 | REC_VIGILAR_RESERVA:0.12 | REC_REVISAR_CAMBIO_RECIENTE:0.12 | REC_PLAN_CONTENCION:0.02 | REC_RESERVA_PICOS:0.01 | REC_CREAR_MARGEN:0.0 | REC_MANTENER_ACUMULACION:0.0
PERF_0089,VEN_0089_3,2026-04-01,2026-06-30,deterioro_reciente,recomendacion_disponible,REC_REVISAR_CAMBIO_RECIENTE,REC_REVISAR_CAMBIO_RECIENTE,modelo_restringido,Revisar el cambio reciente en ingresos y compromisos antes de modificar gastos personales valiosos.,diagnostico,solicitar_contexto,alta,99.58,99.58,requerida,La recomendación REC_REVISAR_CAMBIO_RECIENTE se limita al estado deterioro_reciente observado entre 2026-04-01 00:00:00 y 2026-06-30 00:00:00. Meta declarada: hacer_certificacion_profesional. Guardas: cambio_reciente_requiere_revision | hobbies_no_eliminados_automaticamente.,necesidades_esenciales | meta:hacer_certificacion_profesional | hobbies:jardineria_y_agricultura_urbana,jardineria_y_agricultura_urbana,hacer_certificacion_profesional,no_declarar_riesgo_solo_por_ingreso_variable | no_eliminar_hobbies_por_defecto | no_tratar_el_estado_como_identidad_permanente,podria_reducir_bienestar_o_desconocer_el_contexto,,cambio_reciente_requiere_revision | hobbies_no_eliminados_automaticamente,REC_REVISAR_CAMBIO_RECIENTE:99.58 | REC_VIGILAR_RESERVA:0.2 | REC_MANTENER_ACUMULACION:0.16 | REC_CREAR_MARGEN:0.07 | REC_PLAN_CONTENCION:0.0 | REC_PRIORIZAR_COBERTURA:0.0 | REC_RESERVA_PICOS:0.0
PERF_0088,VEN_0088_3,2026-04-01,2026-06-30,uso_planificado_reserva,recomendacion_disponible,REC_VIGILAR_RESERVA,REC_VIGILAR_RESERVA,modelo_restringido,Mantener el gasto alineado con la meta y revisar que la reserva conserve cobertura suficiente durante el siguiente cierre.,seguimiento_meta,sugerir,media,99.59,99.59,no_requerida,La recomendación REC_VIGILAR_RESERVA se limita al estado uso_planificado_reserva observado entre 2026-04-01 00:00:00 y 2026-06-30 00:00:00. Meta declarada: crear_fondo_emergencia. Guardas: hobbies_no_eliminados_automaticamente.,necesidades_esenciales | meta:crear_fondo_emergencia | hobbies:impresion_3d|turismo_y_viajes,impresion_3d | turismo_y_viajes,crear_fondo_emergencia,no_declarar_riesgo_solo_por_ingreso_variable | no_eliminar_hobbies_por_defecto | no_tratar_el_estado_como_identidad_permanente,bajo,,hobbies_no_eliminados_automaticamente,REC_VIGILAR_RESERVA:99.59 | REC_PRIORIZAR_COBERTURA:0.17 | REC_REVISAR_CAMBIO_RECIENTE:0.16 | REC_MANTENER_ACUMULACION:0.08 | REC_CREAR_MARGEN:0.0 | REC_PLAN_CONTENCION:0.0 | REC_RESERVA_PICOS:0.0
PERF_0087,VEN_0087_3,2026-04-01,2026-06-30,variable_resiliente,recomendacion_disponible,REC_RESERVA_PICOS,REC_RESERVA_PICOS,modelo_restringido,Reservar parte de los meses altos para cubrir los periodos de menor ingreso sin tratar la variabilidad como falla.,gestion_ingreso_variable,aplicar,alta,99.99,99.99,no_requerida,La recomendación REC_RESERVA_PICOS se limita al estado variable_resiliente observado entre 2026-04-01 00:00:00 y 2026-06-30 00:00:00. Meta declarada: no_declarada. Guardas: hobbies_no_eliminados_automaticamente.,necesidades_esenciales | responsabilidad:medicamentos_de_un_familiar | hobbies:turismo_y_viajes,turismo_y_viajes,,no_declarar_riesgo_solo_por_ingreso_variable | no_eliminar_hobbies_por_defecto | no_tratar_el_estado_como_identidad_permanente,bajo,,hobbies_no_eliminados_automaticamente,REC_RESERVA_PICOS:99.99 | REC_PRIORIZAR_COBERTURA:0.01 | REC_CREAR_MARGEN:0.0 | REC_MANTENER_ACUMULACION:0.0 | REC_PLAN_CONTENCION:0.0 | REC_REVISAR_CAMBIO_RECIENTE:0.0 | REC_VIGILAR_RESERVA:0.0
PERF_0086,VEN_0086_3,2026-04-01,2026-06-30,equilibrio_sostenible,recomendacion_disponible,REC_CREAR_MARGEN,REC_CREAR_MARGEN,modelo_restringido,Crear un margen pequeño y flexible antes de aumentar compromisos fijos.,prevencion,sugerir,media,99.85,99.85,no_requerida,La recomendación REC_CREAR_MARGEN se limita al estado equilibrio_sostenible observado entre 2026-04-01 00:00:00 y 2026-06-30 00:00:00. Meta declarada: mejorar_vivienda. Guardas: hobbies_no_eliminados_automaticamente.,necesidades_esenciales | meta:mejorar_vivienda | hobbies:videojuegos_y_streaming|manualidades_y_artesanias,videojuegos_y_streaming | manualidades_y_artesanias,mejorar_vivienda,no_declarar_riesgo_solo_por_ingreso_variable | no_eliminar_hobbies_por_defecto | no_tratar_el_estado_como_identidad_permanente,bajo,,hobbies_no_eliminados_automaticamente,REC_CREAR_MARGEN:99.85 | REC_MANTENER_ACUMULACION:0.07 | REC_REVISAR_CAMBIO_RECIENTE:0.07 | REC_PLAN_CONTENCION:0.0 | REC_PRIORIZAR_COBERTURA:0.0 | REC_RESERVA_PICOS:0.0 | REC_VIGILAR_RESERVA:0.0
PERF_0085,VEN_0085_3,2026-04-01,2026-06-30,acumulacion_estable,recomendacion_disponible,REC_MANTENER_ACUMULACION,REC_MANTENER_ACUMULACION,modelo_restringido,Mantener el patrón actual y separar automáticamente una parte del excedente para la meta declarada.,mantenimiento_y_ahorro,aplicar,media,99.36,99.36,no_requerida,La recomendación REC_MANTENER_ACUMULACION se limita al estado acumulacion_estable observado entre 2026-04-01 00:00:00 y 2026-06-30 00:00:00. Meta declarada: hacer_certificacion_profesional. Guardas: hobbies_no_eliminados_automaticamente.,necesidades_esenciales | responsabilidad:apoyo_mensual_madre_o_padre | meta:hacer_certificacion_profesional | hobbies:fotografia_y_video,fotografia_y_video,hacer_certificacion_profesional,no_declarar_riesgo_solo_por_ingreso_variable | no_eliminar_hobbies_por_defecto | no_tratar_el_estado_como_identidad_permanente,bajo,,hobbies_no_eliminados_automaticamente,REC_MANTENER_ACUMULACION:99.36 | REC_REVISAR_CAMBIO_RECIENTE:0.2 | REC_PLAN_CONTENCION:0.14 | REC_RESERVA_PICOS:0.13 | REC_VIGILAR_RESERVA:0.07 | REC_CREAR_MARGEN:0.07 | REC_PRIORIZAR_COBERTURA:0.04
PERF_0084,VEN_0084_3,2026-04-01,2026-06-30,situacion_critica,recomendacion_disponible,REC_PLAN_CONTENCION,REC_PLAN_CONTENCION,modelo_restringido,Activar un plan de contención centrado en necesidades esenciales y solicitar revisión humana para deuda y liquidez.,contencion_y_revision,aplicar,critica,99.63,99.63,requerida,La recomendación REC_PLAN_CONTENCION se limita al estado situacion_critica observado entre 2026-04-01 00:00:00 y 2026-06-30 00:00:00. Meta declarada: ampliar_actividad_economica. Guardas: situacion_critica_con_revision_humana | hobbies_no_eliminados_automaticamente.,necesidades_esenciales | responsabilidad:apoyo_parcial_a_dos_familiares | meta:ampliar_actividad_economica | hobbies:musica,musica,ampliar_actividad_economica,no_declarar_riesgo_solo_por_ingreso_variable | no_eliminar_hobbies_por_defecto | no_tratar_el_estado_como_identidad_permanente,podria_reducir_bienestar_o_desconocer_el_contexto,,situacion_critica_con_revision_humana | hobbies_no_eliminados_automaticamente,REC_PLAN_CONTENCION:99.63 | REC_VIGILAR_RESERVA:0.29 | REC_CREAR_MARGEN:0.05 | REC_RESERVA_PICOS:0.02 | REC_MANTENER_ACUMULACION:0.0 | REC_PRIORIZAR_COBERTURA:0.0 | REC_REVISAR_CAMBIO_RECIENTE:0.0
PERF_0083,VEN_0083_3,2026-04-01,2026-06-30,fragilidad_sostenida,recomendacion_disponible,REC_PRIORIZAR_COBERTURA,REC_PRIORIZAR_COBERTURA,modelo_restringido,"Priorizar vivienda, alimentación, salud y servicios; revisar opciones de renegociación de deuda sin eliminar automáticamente los hobbies.",proteccion_esencial,aplicar,alta,99.97,99.97,no_requerida,La recomendación REC_PRIORIZAR_COBERTURA se limita al estado fragilidad_sostenida observado entre 2026-04-01 00:00:00 y 2026-06-30 00:00:00. Meta declarada: no_declarada. Guardas: proteccion_esencial_por_fragilidad | hobbies_no_eliminados_automaticamente.,necesidades_esenciales | responsabilidad:medicamentos_de_un_familiar | hobbies:manualidades_y_artesanias,manualidades_y_artesanias,,no_declarar_riesgo_solo_por_ingreso_variable | no_eliminar_hobbies_por_defecto | no_tratar_el_estado_como_identidad_permanente,podria_reducir_bienestar_o_desconocer_el_contexto,,proteccion_esencial_por_fragilidad | hobbies_no_eliminados_automaticamente,REC_PRIORIZAR_COBERTURA:99.97 | REC_VIGILAR_RESERVA:0.02 | REC_RESERVA_PICOS:0.01 | REC_CREAR_MARGEN:0.0 | REC_MANTENER_ACUMULACION:0.0 | REC_PLAN_CONTENCION:0.0 | REC_REVISAR_CAMBIO_RECIENTE:0.0
PERF_0082,VEN_0082_3,2026-04-01,2026-06-30,deterioro_reciente,recomendacion_disponible,REC_REVISAR_CAMBIO_RECIENTE,REC_REVISAR_CAMBIO_RECIENTE,modelo_restringido,Revisar el cambio reciente en ingresos y compromisos antes de modificar gastos personales valiosos.,diagnostico,solicitar_contexto,alta,98.56,98.56,requerida,La recomendación REC_REVISAR_CAMBIO_RECIENTE se limita al estado deterioro_reciente observado entre 2026-04-01 00:00:00 y 2026-06-30 00:00:00. Meta declarada: pagar_deuda. Guardas: cambio_reciente_requiere_revision | hobbies_no_eliminados_automaticamente.,necesidades_esenciales | responsabilidad:aporte_hogar_compartido | meta:pagar_deuda | hobbies:cocina_y_reposteria,cocina_y_reposteria,pagar_deuda,no_declarar_riesgo_solo_por_ingreso_variable | no_eliminar_hobbies_por_defecto | no_tratar_el_estado_como_identidad_permanente,podria_reducir_bienestar_o_desconocer_el_contexto,,cambio_reciente_requiere_revision | hobbies_no_eliminados_automaticamente,REC_REVISAR_CAMBIO_RECIENTE:98.56 | REC_CREAR_MARGEN:0.63 | REC_RESERVA_PICOS:0.53 | REC_MANTENER_ACUMULACION:0.16 | REC_VIGILAR_RESERVA:0.13 | REC_PLAN_CONTENCION:0.0 | REC_PRIORIZAR_COBERTURA:0.0
PERF_0081,VEN_0081_3,2026-04-01,2026-06-30,uso_planificado_reserva,recomendacion_disponible,REC_VIGILAR_RESERVA,REC_VIGILAR_RESERVA,modelo_restringido,Mantener el gasto alineado con la meta y revisar que la reserva conserve cobertura suficiente durante el siguiente cierre.,seguimiento_meta,sugerir,media,99.6,99.6,no_requerida,La recomendación REC_VIGILAR_RESERVA se limita al estado uso_planificado_reserva observado entre 2026-04-01 00:00:00 y 2026-06-30 00:00:00. Meta declarada: hacer_viaje. Guardas: hobbies_no_eliminados_automaticamente.,necesidades_esenciales | responsabilidad:gastos_de_un_hijo | meta:hacer_viaje | hobbies:pintura|jardineria_y_agricultura_urbana,pintura | jardineria_y_agricultura_urbana,hacer_viaje,no_declarar_riesgo_solo_por_ingreso_variable | no_eliminar_hobbies_por_defecto | no_tratar_el_estado_como_identidad_permanente,bajo,,hobbies_no_eliminados_automaticamente,REC_VIGILAR_RESERVA:99.6 | REC_REVISAR_CAMBIO_RECIENTE:0.23 | REC_MANTENER_ACUMULACION:0.17 | REC_CREAR_MARGEN:0.0 | REC_PLAN_CONTENCION:0.0 | REC_PRIORIZAR_COBERTURA:0.0 | REC_RESERVA_PICOS:0.0
PERF_0080,VEN_0080_3,2026-04-01,2026-06-30,variable_resiliente,recomendacion_disponible,REC_RESERVA_PICOS,REC_RESERVA_PICOS,modelo_restringido,Reservar parte de los meses altos para cubrir los periodos de menor ingreso sin tratar la variabilidad como falla.,gestion_ingreso_variable,aplicar,alta,96.62,96.62,no_requerida,La recomendación REC_RESERVA_PICOS se limita al estado variable_resiliente observado entre 2026-04-01 00:00:00 y 2026-06-30 00:00:00. Meta declarada: crear_fondo_emergencia. Guardas: hobbies_no_eliminados_automaticamente.,necesidades_esenciales | responsabilidad:aporte_hogar_compartido | meta:crear_fondo_emergencia | hobbies:ciclismo,ciclismo,crear_fondo_emergencia,no_declarar_riesgo_solo_por_ingreso_variable | no_eliminar_hobbies_por_defecto | no_tratar_el_estado_como_identidad_permanente,bajo,,hobbies_no_eliminados_automaticamente,REC_RESERVA_PICOS:96.62 | REC_PLAN_CONTENCION:1.53 | REC_MANTENER_ACUMULACION:0.69 | REC_VIGILAR_RESERVA:0.67 | REC_PRIORIZAR_COBERTURA:0.23 | REC_REVISAR_CAMBIO_RECIENTE:0.15 | REC_CREAR_MARGEN:0.11
PERF_0079,VEN_0079_3,2026-04-01,2026-06-30,equilibrio_sostenible,recomendacion_disponible,REC_CREAR_MARGEN,REC_CREAR_MARGEN,modelo_restringido,Crear un margen pequeño y flexible antes de aumentar compromisos fijos.,prevencion,sugerir,media,99.85,99.85,no_requerida,La recomendación REC_CREAR_MARGEN se limita al estado equilibrio_sostenible observado entre 2026-04-01 00:00:00 y 2026-06-30 00:00:00. Meta declarada: comprar_bicicleta. Guardas: hobbies_no_eliminados_automaticamente.,necesidades_esenciales | responsabilidad:ninguna_declarada | meta:comprar_bicicleta | hobbies:jardineria_y_agricultura_urbana|manualidades_y_artesanias,jardineria_y_agricultura_urbana | manualidades_y_artesanias,comprar_bicicleta,no_declarar_riesgo_solo_por_ingreso_variable | no_eliminar_hobbies_por_defecto | no_tratar_el_estado_como_identidad_permanente,bajo,,hobbies_no_eliminados_automaticamente,REC_CREAR_MARGEN:99.85 | REC_MANTENER_ACUMULACION:0.07 | REC_REVISAR_CAMBIO_RECIENTE:0.07 | REC_PLAN_CONTENCION:0.0 | REC_PRIORIZAR_COBERTURA:0.0 | REC_RESERVA_PICOS:0.0 | REC_VIGILAR_RESERVA:0.0
PERF_0078,VEN_0078_3,2026-04-01,2026-06-30,acumulacion_estable,recomendacion_disponible,REC_MANTENER_ACUMULACION,REC_MANTENER_ACUMULACION,modelo_restringido,Mantener el patrón actual y separar automáticamente una parte del excedente para la meta declarada.,mantenimiento_y_ahorro,aplicar,media,99.63,99.63,no_requerida,La recomendación REC_MANTENER_ACUMULACION se limita al estado acumulacion_estable observado entre 2026-04-01 00:00:00 y 2026-06-30 00:00:00. Meta declarada: no_declarada. Guardas: hobbies_no_eliminados_automaticamente.,necesidades_esenciales | hobbies:impresion_3d|manualidades_y_artesanias,impresion_3d | manualidades_y_artesanias,,no_declarar_riesgo_solo_por_ingreso_variable | no_eliminar_hobbies_por_defecto | no_tratar_el_estado_como_identidad_permanente,bajo,,hobbies_no_eliminados_automaticamente,REC_MANTENER_ACUMULACION:99.63 | REC_REVISAR_CAMBIO_RECIENTE:0.2 | REC_VIGILAR_RESERVA:0.1 | REC_CREAR_MARGEN:0.07 | REC_PLAN_CONTENCION:0.0 | REC_PRIORIZAR_COBERTURA:0.0 | REC_RESERVA_PICOS:0.0
PERF_0077,VEN_0077_3,2026-04-01,2026-06-30,situacion_critica,recomendacion_disponible,REC_PLAN_CONTENCION,REC_PLAN_CONTENCION,modelo_restringido,Activar un plan de contención centrado en necesidades esenciales y solicitar revisión humana para deuda y liquidez.,contencion_y_revision,aplicar,critica,99.94,99.94,requerida,La recomendación REC_PLAN_CONTENCION se limita al estado situacion_critica observado entre 2026-04-01 00:00:00 y 2026-06-30 00:00:00. Meta declarada: hacer_viaje. Guardas: situacion_critica_con_revision_humana | hobbies_no_eliminados_automaticamente.,necesidades_esenciales | responsabilidad:gastos_de_un_hijo | meta:hacer_viaje | hobbies:turismo_y_viajes|impresion_3d,turismo_y_viajes | impresion_3d,hacer_viaje,no_declarar_riesgo_solo_por_ingreso_variable | no_eliminar_hobbies_por_defecto | no_tratar_el_estado_como_identidad_permanente,podria_reducir_bienestar_o_desconocer_el_contexto,,situacion_critica_con_revision_humana | hobbies_no_eliminados_automaticamente,REC_PLAN_CONTENCION:99.94 | REC_VIGILAR_RESERVA:0.04 | REC_RESERVA_PICOS:0.02 | REC_MANTENER_ACUMULACION:0.0 | REC_CREAR_MARGEN:0.0 | REC_PRIORIZAR_COBERTURA:0.0 | REC_REVISAR_CAMBIO_RECIENTE:0.0
PERF_0076,VEN_0076_3,2026-04-01,2026-06-30,fragilidad_sostenida,recomendacion_disponible,REC_PRIORIZAR_COBERTURA,REC_PRIORIZAR_COBERTURA,modelo_restringido,"Priorizar vivienda, alimentación, salud y servicios; revisar opciones de renegociación de deuda sin eliminar automáticamente los hobbies.",proteccion_esencial,aplicar,alta,99.83,99.83,no_requerida,La recomendación REC_PRIORIZAR_COBERTURA se limita al estado fragilidad_sostenida observado entre 2026-04-01 00:00:00 y 2026-06-30 00:00:00. Meta declarada: mejorar_vivienda. Guardas: proteccion_esencial_por_fragilidad | hobbies_no_eliminados_automaticamente.,necesidades_esenciales | responsabilidad:ninguna_declarada | meta:mejorar_vivienda | hobbies:videojuegos_y_streaming|musica,videojuegos_y_streaming | musica,mejorar_vivienda,no_declarar_riesgo_solo_por_ingreso_variable | no_eliminar_hobbies_por_defecto | no_tratar_el_estado_como_identidad_permanente,podria_reducir_bienestar_o_desconocer_el_contexto,,proteccion_esencial_por_fragilidad | hobbies_no_eliminados_automaticamente,REC_PRIORIZAR_COBERTURA:99.83 | REC_PLAN_CONTENCION:0.16 | REC_RESERVA_PICOS:0.01 | REC_CREAR_MARGEN:0.0 | REC_MANTENER_ACUMULACION:0.0 | REC_REVISAR_CAMBIO_RECIENTE:0.0 | REC_VIGILAR_RESERVA:0.0
PERF_0091,VEN_0091_3,2026-04-01,2026-06-30,situacion_critica,recomendacion_disponible,REC_PLAN_CONTENCION,REC_PLAN_CONTENCION,modelo_restringido,Activar un plan de contención centrado en necesidades esenciales y solicitar revisión humana para deuda y liquidez.,contencion_y_revision,aplicar,critica,99.94,99.94,requerida,La recomendación REC_PLAN_CONTENCION se limita al estado situacion_critica observado entre 2026-04-01 00:00:00 y 2026-06-30 00:00:00. Meta declarada: no_declarada. Guardas: situacion_critica_con_revision_humana | hobbies_no_eliminados_automaticamente.,necesidades_esenciales | hobbies:pintura|fotografia_y_video,pintura | fotografia_y_video,,no_declarar_riesgo_solo_por_ingreso_variable | no_eliminar_hobbies_por_defecto | no_tratar_el_estado_como_identidad_permanente,podria_reducir_bienestar_o_desconocer_el_contexto,,situacion_critica_con_revision_humana | hobbies_no_eliminados_automaticamente,REC_PLAN_CONTENCION:99.94 | REC_VIGILAR_RESERVA:0.04 | REC_RESERVA_PICOS:0.02 | REC_MANTENER_ACUMULACION:0.0 | REC_CREAR_MARGEN:0.0 | REC_PRIORIZAR_COBERTURA:0.0 | REC_REVISAR_CAMBIO_RECIENTE:0.0
PERF_0112,VEN_0112_3,2026-04-01,2026-06-30,situacion_critica,recomendacion_disponible,REC_PLAN_CONTENCION,REC_PLAN_CONTENCION,modelo_restringido,Activar un plan de contención centrado en necesidades esenciales y solicitar revisión humana para deuda y liquidez.,contencion_y_revision,aplicar,critica,99.94,99.94,requerida,La recomendación REC_PLAN_CONTENCION se limita al estado situacion_critica observado entre 2026-04-01 00:00:00 y 2026-06-30 00:00:00. Meta declarada: comprar_bicicleta. Guardas: situacion_critica_con_revision_humana | hobbies_no_eliminados_automaticamente.,necesidades_esenciales | meta:comprar_bicicleta | hobbies:cocina_y_reposteria|fotografia_y_video,cocina_y_reposteria | fotografia_y_video,comprar_bicicleta,no_declarar_riesgo_solo_por_ingreso_variable | no_eliminar_hobbies_por_defecto | no_tratar_el_estado_como_identidad_permanente,podria_reducir_bienestar_o_desconocer_el_contexto,,situacion_critica_con_revision_humana | hobbies_no_eliminados_automaticamente,REC_PLAN_CONTENCION:99.94 | REC_VIGILAR_RESERVA:0.04 | REC_RESERVA_PICOS:0.02 | REC_MANTENER_ACUMULACION:0.0 | REC_CREAR_MARGEN:0.0 | REC_PRIORIZAR_COBERTURA:0.0 | REC_REVISAR_CAMBIO_RECIENTE:0.0
PERF_0092,VEN_0092_3,2026-04-01,2026-06-30,acumulacion_estable,recomendacion_disponible,REC_MANTENER_ACUMULACION,REC_MANTENER_ACUMULACION,modelo_restringido,Mantener el patrón actual y separar automáticamente una parte del excedente para la meta declarada.,mantenimiento_y_ahorro,aplicar,media,99.44,99.44,no_requerida,La recomendación REC_MANTENER_ACUMULACION se limita al estado acumulacion_estable observado entre 2026-04-01 00:00:00 y 2026-06-30 00:00:00. Meta declarada: no_declarada. Guardas: hobbies_no_eliminados_automaticamente.,necesidades_esenciales | hobbies:cocina_y_reposteria,cocina_y_reposteria,,no_declarar_riesgo_solo_por_ingreso_variable | no_eliminar_hobbies_por_defecto | no_tratar_el_estado_como_identidad_permanente,bajo,,hobbies_no_eliminados_automaticamente,REC_MANTENER_ACUMULACION:99.44 | REC_VIGILAR_RESERVA:0.3 | REC_REVISAR_CAMBIO_RECIENTE:0.2 | REC_CREAR_MARGEN:0.07 | REC_PLAN_CONTENCION:0.0 | REC_PRIORIZAR_COBERTURA:0.0 | REC_RESERVA_PICOS:0.0
PERF_0094,VEN_0094_3,2026-04-01,2026-06-30,variable_resiliente,recomendacion_disponible,REC_RESERVA_PICOS,REC_RESERVA_PICOS,modelo_restringido,Reservar parte de los meses altos para cubrir los periodos de menor ingreso sin tratar la variabilidad como falla.,gestion_ingreso_variable,aplicar,alta,99.99,99.99,no_requerida,La recomendación REC_RESERVA_PICOS se limita al estado variable_resiliente observado entre 2026-04-01 00:00:00 y 2026-06-30 00:00:00. Meta declarada: no_declarada. Guardas: hobbies_no_eliminados_automaticamente.,necesidades_esenciales | hobbies:musica|turismo_y_viajes,musica | turismo_y_viajes,,no_declarar_riesgo_solo_por_ingreso_variable | no_eliminar_hobbies_por_defecto | no_tratar_el_estado_como_identidad_permanente,bajo,,hobbies_no_eliminados_automaticamente,REC_RESERVA_PICOS:99.99 | REC_PRIORIZAR_COBERTURA:0.01 | REC_CREAR_MARGEN:0.0 | REC_MANTENER_ACUMULACION:0.0 | REC_PLAN_CONTENCION:0.0 | REC_REVISAR_CAMBIO_RECIENTE:0.0 | REC_VIGILAR_RESERVA:0.0
PERF_0110,VEN_0110_3,2026-04-01,2026-06-30,deterioro_reciente,recomendacion_disponible,REC_REVISAR_CAMBIO_RECIENTE,REC_REVISAR_CAMBIO_RECIENTE,modelo_restringido,Revisar el cambio reciente en ingresos y compromisos antes de modificar gastos personales valiosos.,diagnostico,solicitar_contexto,alta,98.97,98.97,requerida,La recomendación REC_REVISAR_CAMBIO_RECIENTE se limita al estado deterioro_reciente observado entre 2026-04-01 00:00:00 y 2026-06-30 00:00:00. Meta declarada: no_declarada. Guardas: cambio_reciente_requiere_revision | hobbies_no_eliminados_automaticamente.,necesidades_esenciales | hobbies:ciclismo,ciclismo,,no_declarar_riesgo_solo_por_ingreso_variable | no_eliminar_hobbies_por_defecto | no_tratar_el_estado_como_identidad_permanente,podria_reducir_bienestar_o_desconocer_el_contexto,,cambio_reciente_requiere_revision | hobbies_no_eliminados_automaticamente,REC_REVISAR_CAMBIO_RECIENTE:98.97 | REC_VIGILAR_RESERVA:0.43 | REC_RESERVA_PICOS:0.26 | REC_MANTENER_ACUMULACION:0.18 | REC_PRIORIZAR_COBERTURA:0.09 | REC_CREAR_MARGEN:0.07 | REC_PLAN_CONTENCION:0.0
PERF_0109,VEN_0109_3,2026-04-01,2026-06-30,uso_planificado_reserva,recomendacion_disponible,REC_VIGILAR_RESERVA,REC_VIGILAR_RESERVA,modelo_restringido,Mantener el gasto alineado con la meta y revisar que la reserva conserve cobertura suficiente durante el siguiente cierre.,seguimiento_meta,sugerir,media,99.61,99.61,no_requerida,La recomendación REC_VIGILAR_RESERVA se limita al estado uso_planificado_reserva observado entre 2026-04-01 00:00:00 y 2026-06-30 00:00:00. Meta declarada: ampliar_actividad_economica. Guardas: hobbies_no_eliminados_automaticamente.,necesidades_esenciales | responsabilidad:medicamentos_de_un_familiar | meta:ampliar_actividad_economica | hobbies:jardineria_y_agricultura_urbana,jardineria_y_agricultura_urbana,ampliar_actividad_economica,no_declarar_riesgo_solo_por_ingreso_variable | no_eliminar_hobbies_por_defecto | no_tratar_el_estado_como_identidad_permanente,bajo,,hobbies_no_eliminados_automaticamente,REC_VIGILAR_RESERVA:99.61 | REC_REVISAR_CAMBIO_RECIENTE:0.16 | REC_PRIORIZAR_COBERTURA:0.1 | REC_MANTENER_ACUMULACION:0.08 | REC_RESERVA_PICOS:0.05 | REC_CREAR_MARGEN:0.0 | REC_PLAN_CONTENCION:0.0
PERF_0108,VEN_0108_3,2026-04-01,2026-06-30,variable_resiliente,recomendacion_disponible,REC_RESERVA_PICOS,REC_RESERVA_PICOS,modelo_restringido,Reservar parte de los meses altos para cubrir los periodos de menor ingreso sin tratar la variabilidad como falla.,gestion_ingreso_variable,aplicar,alta,99.92,99.92,no_requerida,La recomendación REC_RESERVA_PICOS se limita al estado variable_resiliente observado entre 2026-04-01 00:00:00 y 2026-06-30 00:00:00. Meta declarada: crear_fondo_emergencia. Guardas: hobbies_no_eliminados_automaticamente.,necesidades_esenciales | responsabilidad:medicamentos_de_un_familiar | meta:crear_fondo_emergencia | hobbies:impresion_3d|cocina_y_reposteria,impresion_3d | cocina_y_reposteria,crear_fondo_emergencia,no_declarar_riesgo_solo_por_ingreso_variable | no_eliminar_hobbies_por_defecto | no_tratar_el_estado_como_identidad_permanente,bajo,,hobbies_no_eliminados_automaticamente,REC_RESERVA_PICOS:99.92 | REC_REVISAR_CAMBIO_RECIENTE:0.07 | REC_PRIORIZAR_COBERTURA:0.01 | REC_CREAR_MARGEN:0.0 | REC_MANTENER_ACUMULACION:0.0 | REC_PLAN_CONTENCION:0.0 | REC_VIGILAR_RESERVA:0.0
PERF_0107,VEN_0107_3,2026-04-01,2026-06-30,equilibrio_sostenible,recomendacion_disponible,REC_CREAR_MARGEN,REC_CREAR_MARGEN,modelo_restringido,Crear un margen pequeño y flexible antes de aumentar compromisos fijos.,prevencion,sugerir,media,99.86,99.86,no_requerida,La recomendación REC_CREAR_MARGEN se limita al estado equilibrio_sostenible observado entre 2026-04-01 00:00:00 y 2026-06-30 00:00:00. Meta declarada: no_declarada. Guardas: hobbies_no_eliminados_automaticamente.,necesidades_esenciales | hobbies:turismo_y_viajes,turismo_y_viajes,,no_declarar_riesgo_solo_por_ingreso_variable | no_eliminar_hobbies_por_defecto | no_tratar_el_estado_como_identidad_permanente,bajo,,hobbies_no_eliminados_automaticamente,REC_CREAR_MARGEN:99.86 | REC_REVISAR_CAMBIO_RECIENTE:0.07 | REC_MANTENER_ACUMULACION:0.07 | REC_PLAN_CONTENCION:0.0 | REC_PRIORIZAR_COBERTURA:0.0 | REC_RESERVA_PICOS:0.0 | REC_VIGILAR_RESERVA:0.0
PERF_0106,VEN_0106_3,2026-04-01,2026-06-30,acumulacion_estable,recomendacion_disponible,REC_MANTENER_ACUMULACION,REC_MANTENER_ACUMULACION,modelo_restringido,Mantener el patrón actual y separar automáticamente una parte del excedente para la meta declarada.,mantenimiento_y_ahorro,aplicar,media,99.63,99.63,no_requerida,La recomendación REC_MANTENER_ACUMULACION se limita al estado acumulacion_estable observado entre 2026-04-01 00:00:00 y 2026-06-30 00:00:00. Meta declarada: mejorar_vivienda. Guardas: hobbies_no_eliminados_automaticamente.,necesidades_esenciales | responsabilidad:apoyo_parcial_a_dos_familiares | meta:mejorar_vivienda | hobbies:videojuegos_y_streaming|turismo_y_viajes,videojuegos_y_streaming | turismo_y_viajes,mejorar_vivienda,no_declarar_riesgo_solo_por_ingreso_variable | no_eliminar_hobbies_por_defecto | no_tratar_el_estado_como_identidad_permanente,bajo,,hobbies_no_eliminados_automaticamente,REC_MANTENER_ACUMULACION:99.63 | REC_REVISAR_CAMBIO_RECIENTE:0.2 | REC_VIGILAR_RESERVA:0.1 | REC_CREAR_MARGEN:0.07 | REC_PLAN_CONTENCION:0.0 | REC_PRIORIZAR_COBERTURA:0.0 | REC_RESERVA_PICOS:0.0
PERF_0105,VEN_0105_3,2026-04-01,2026-06-30,situacion_critica,recomendacion_disponible,REC_PLAN_CONTENCION,REC_PLAN_CONTENCION,modelo_restringido,Activar un plan de contención centrado en necesidades esenciales y solicitar revisión humana para deuda y liquidez.,contencion_y_revision,aplicar,critica,99.94,99.94,requerida,La recomendación REC_PLAN_CONTENCION se limita al estado situacion_critica observado entre 2026-04-01 00:00:00 y 2026-06-30 00:00:00. Meta declarada: hacer_certificacion_profesional. Guardas: situacion_critica_con_revision_humana | hobbies_no_eliminados_automaticamente.,necesidades_esenciales | responsabilidad:aporte_hogar_compartido | meta:hacer_certificacion_profesional | hobbies:fotografia_y_video,fotografia_y_video,hacer_certificacion_profesional,no_declarar_riesgo_solo_por_ingreso_variable | no_eliminar_hobbies_por_defecto | no_tratar_el_estado_como_identidad_permanente,podria_reducir_bienestar_o_desconocer_el_contexto,,situacion_critica_con_revision_humana | hobbies_no_eliminados_automaticamente,REC_PLAN_CONTENCION:99.94 | REC_VIGILAR_RESERVA:0.04 | REC_RESERVA_PICOS:0.02 | REC_MANTENER_ACUMULACION:0.0 | REC_CREAR_MARGEN:0.0 | REC_PRIORIZAR_COBERTURA:0.0 | REC_REVISAR_CAMBIO_RECIENTE:0.0
PERF_0104,VEN_0104_3,2026-04-01,2026-06-30,fragilidad_sostenida,recomendacion_disponible,REC_PRIORIZAR_COBERTURA,REC_PRIORIZAR_COBERTURA,modelo_restringido,"Priorizar vivienda, alimentación, salud y servicios; revisar opciones de renegociación de deuda sin eliminar automáticamente los hobbies.",proteccion_esencial,aplicar,alta,99.87,99.87,no_requerida,La recomendación REC_PRIORIZAR_COBERTURA se limita al estado fragilidad_sostenida observado entre 2026-04-01 00:00:00 y 2026-06-30 00:00:00. Meta declarada: mejorar_vivienda. Guardas: proteccion_esencial_por_fragilidad | hobbies_no_eliminados_automaticamente.,necesidades_esenciales | responsabilidad:medicamentos_de_un_familiar | meta:mejorar_vivienda | hobbies:musica|turismo_y_viajes,musica | turismo_y_viajes,mejorar_vivienda,no_declarar_riesgo_solo_por_ingreso_variable | no_eliminar_hobbies_por_defecto | no_tratar_el_estado_como_identidad_permanente,podria_reducir_bienestar_o_desconocer_el_contexto,,proteccion_esencial_por_fragilidad | hobbies_no_eliminados_automaticamente,REC_PRIORIZAR_COBERTURA:99.87 | REC_VIGILAR_RESERVA:0.12 | REC_RESERVA_PICOS:0.01 | REC_PLAN_CONTENCION:0.01 | REC_CREAR_MARGEN:0.0 | REC_MANTENER_ACUMULACION:0.0 | REC_REVISAR_CAMBIO_RECIENTE:0.0
PERF_0103,VEN_0103_3,2026-04-01,2026-06-30,deterioro_reciente,recomendacion_disponible,REC_REVISAR_CAMBIO_RECIENTE,REC_REVISAR_CAMBIO_RECIENTE,modelo_restringido,Revisar el cambio reciente en ingresos y compromisos antes de modificar gastos personales valiosos.,diagnostico,solicitar_contexto,alta,99.65,99.65,requerida,La recomendación REC_REVISAR_CAMBIO_RECIENTE se limita al estado deterioro_reciente observado entre 2026-04-01 00:00:00 y 2026-06-30 00:00:00. Meta declarada: no_declarada. Guardas: cambio_reciente_requiere_revision | hobbies_no_eliminados_automaticamente.,necesidades_esenciales | responsabilidad:apoyo_parcial_a_dos_familiares | hobbies:manualidades_y_artesanias|ciclismo,manualidades_y_artesanias | ciclismo,,no_declarar_riesgo_solo_por_ingreso_variable | no_eliminar_hobbies_por_defecto | no_tratar_el_estado_como_identidad_permanente,podria_reducir_bienestar_o_desconocer_el_contexto,,cambio_reciente_requiere_revision | hobbies_no_eliminados_automaticamente,REC_REVISAR_CAMBIO_RECIENTE:99.65 | REC_MANTENER_ACUMULACION:0.16 | REC_VIGILAR_RESERVA:0.13 | REC_CREAR_MARGEN:0.07 | REC_PLAN_CONTENCION:0.0 | REC_PRIORIZAR_COBERTURA:0.0 | REC_RESERVA_PICOS:0.0
PERF_0102,VEN_0102_3,2026-04-01,2026-06-30,uso_planificado_reserva,recomendacion_disponible,REC_VIGILAR_RESERVA,REC_VIGILAR_RESERVA,modelo_restringido,Mantener el gasto alineado con la meta y revisar que la reserva conserve cobertura suficiente durante el siguiente cierre.,seguimiento_meta,sugerir,media,99.68,99.68,no_requerida,La recomendación REC_VIGILAR_RESERVA se limita al estado uso_planificado_reserva observado entre 2026-04-01 00:00:00 y 2026-06-30 00:00:00. Meta declarada: hacer_viaje. Guardas: hobbies_no_eliminados_automaticamente.,necesidades_esenciales | meta:hacer_viaje | hobbies:cocina_y_reposteria|turismo_y_viajes,cocina_y_reposteria | turismo_y_viajes,hacer_viaje,no_declarar_riesgo_solo_por_ingreso_variable | no_eliminar_hobbies_por_defecto | no_tratar_el_estado_como_identidad_permanente,bajo,,hobbies_no_eliminados_automaticamente,REC_VIGILAR_RESERVA:99.68 | REC_REVISAR_CAMBIO_RECIENTE:0.16 | REC_MANTENER_ACUMULACION:0.08 | REC_PRIORIZAR_COBERTURA:0.08 | REC_CREAR_MARGEN:0.0 | REC_PLAN_CONTENCION:0.0 | REC_RESERVA_PICOS:0.0
PERF_0101,VEN_0101_3,2026-04-01,2026-06-30,variable_resiliente,recomendacion_disponible,REC_RESERVA_PICOS,REC_RESERVA_PICOS,modelo_restringido,Reservar parte de los meses altos para cubrir los periodos de menor ingreso sin tratar la variabilidad como falla.,gestion_ingreso_variable,aplicar,alta,99.93,99.93,no_requerida,La recomendación REC_RESERVA_PICOS se limita al estado variable_resiliente observado entre 2026-04-01 00:00:00 y 2026-06-30 00:00:00. Meta declarada: pagar_deuda. Guardas: hobbies_no_eliminados_automaticamente.,necesidades_esenciales | meta:pagar_deuda | hobbies:pintura|videojuegos_y_streaming,pintura | videojuegos_y_streaming,pagar_deuda,no_declarar_riesgo_solo_por_ingreso_variable | no_eliminar_hobbies_por_defecto | no_tratar_el_estado_como_identidad_permanente,bajo,,hobbies_no_eliminados_automaticamente,REC_RESERVA_PICOS:99.93 | REC_CREAR_MARGEN:0.06 | REC_PRIORIZAR_COBERTURA:0.01 | REC_MANTENER_ACUMULACION:0.0 | REC_PLAN_CONTENCION:0.0 | REC_REVISAR_CAMBIO_RECIENTE:0.0 | REC_VIGILAR_RESERVA:0.0
PERF_0099,VEN_0099_3,2026-04-01,2026-06-30,acumulacion_estable,recomendacion_disponible,REC_MANTENER_ACUMULACION,REC_MANTENER_ACUMULACION,modelo_restringido,Mantener el patrón actual y separar automáticamente una parte del excedente para la meta declarada.,mantenimiento_y_ahorro,aplicar,media,99.63,99.63,no_requerida,La recomendación REC_MANTENER_ACUMULACION se limita al estado acumulacion_estable observado entre 2026-04-01 00:00:00 y 2026-06-30 00:00:00. Meta declarada: comprar_equipo_de_trabajo. Guardas: hobbies_no_eliminados_automaticamente.,necesidades_esenciales | meta:comprar_equipo_de_trabajo | hobbies:jardineria_y_agricultura_urbana|impresion_3d,jardineria_y_agricultura_urbana | impresion_3d,comprar_equipo_de_trabajo,no_declarar_riesgo_solo_por_ingreso_variable | no_eliminar_hobbies_por_defecto | no_tratar_el_estado_como_identidad_permanente,bajo,,hobbies_no_eliminados_automaticamente,REC_MANTENER_ACUMULACION:99.63 | REC_REVISAR_CAMBIO_RECIENTE:0.2 | REC_VIGILAR_RESERVA:0.1 | REC_CREAR_MARGEN:0.07 | REC_PLAN_CONTENCION:0.0 | REC_PRIORIZAR_COBERTURA:0.0 | REC_RESERVA_PICOS:0.0
PERF_0098,VEN_0098_3,2026-04-01,2026-06-30,situacion_critica,recomendacion_disponible,REC_PLAN_CONTENCION,REC_PLAN_CONTENCION,modelo_restringido,Activar un plan de contención centrado en necesidades esenciales y solicitar revisión humana para deuda y liquidez.,contencion_y_revision,aplicar,critica,99.94,99.94,requerida,La recomendación REC_PLAN_CONTENCION se limita al estado situacion_critica observado entre 2026-04-01 00:00:00 y 2026-06-30 00:00:00. Meta declarada: comprar_equipo_de_trabajo. Guardas: situacion_critica_con_revision_humana | hobbies_no_eliminados_automaticamente.,necesidades_esenciales | meta:comprar_equipo_de_trabajo | hobbies:impresion_3d|cocina_y_reposteria,impresion_3d | cocina_y_reposteria,comprar_equipo_de_trabajo,no_declarar_riesgo_solo_por_ingreso_variable | no_eliminar_hobbies_por_defecto | no_tratar_el_estado_como_identidad_permanente,podria_reducir_bienestar_o_desconocer_el_contexto,,situacion_critica_con_revision_humana | hobbies_no_eliminados_automaticamente,REC_PLAN_CONTENCION:99.94 | REC_VIGILAR_RESERVA:0.04 | REC_RESERVA_PICOS:0.02 | REC_MANTENER_ACUMULACION:0.0 | REC_CREAR_MARGEN:0.0 | REC_PRIORIZAR_COBERTURA:0.0 | REC_REVISAR_CAMBIO_RECIENTE:0.0
PERF_0097,VEN_0097_3,2026-04-01,2026-06-30,fragilidad_sostenida,recomendacion_disponible,REC_PRIORIZAR_COBERTURA,REC_PRIORIZAR_COBERTURA,modelo_restringido,"Priorizar vivienda, alimentación, salud y servicios; revisar opciones de renegociación de deuda sin eliminar automáticamente los hobbies.",proteccion_esencial,aplicar,alta,98.23,98.23,no_requerida,La recomendación REC_PRIORIZAR_COBERTURA se limita al estado fragilidad_sostenida observado entre 2026-04-01 00:00:00 y 2026-06-30 00:00:00. Meta declarada: mejorar_vivienda. Guardas: proteccion_esencial_por_fragilidad | hobbies_no_eliminados_automaticamente.,necesidades_esenciales | responsabilidad:apoyo_parcial_a_dos_familiares | meta:mejorar_vivienda | hobbies:turismo_y_viajes,turismo_y_viajes,mejorar_vivienda,no_declarar_riesgo_solo_por_ingreso_variable | no_eliminar_hobbies_por_defecto | no_tratar_el_estado_como_identidad_permanente,podria_reducir_bienestar_o_desconocer_el_contexto,,proteccion_esencial_por_fragilidad | hobbies_no_eliminados_automaticamente,REC_PRIORIZAR_COBERTURA:98.23 | REC_RESERVA_PICOS:0.65 | REC_MANTENER_ACUMULACION:0.4 | REC_PLAN_CONTENCION:0.32 | REC_VIGILAR_RESERVA:0.2 | REC_REVISAR_CAMBIO_RECIENTE:0.2 | REC_CREAR_MARGEN:0.0
PERF_0096,VEN_0096_3,2026-04-01,2026-06-30,deterioro_reciente,recomendacion_disponible,REC_PRIORIZAR_COBERTURA,REC_REVISAR_CAMBIO_RECIENTE,guarda_etica,"Priorizar vivienda, alimentación, salud y servicios; revisar opciones de renegociación de deuda sin eliminar automáticamente los hobbies.",proteccion_esencial,aplicar,alta,0.18,98.55,requerida,La recomendación REC_PRIORIZAR_COBERTURA se limita al estado deterioro_reciente observado entre 2026-04-01 00:00:00 y 2026-06-30 00:00:00. Meta declarada: ampliar_actividad_economica. Guardas: cobertura_esencial_menor_a_un_mes | cambio_reciente_requiere_revision | hobbies_no_eliminados_automaticamente.,necesidades_esenciales | meta:ampliar_actividad_economica | hobbies:videojuegos_y_streaming,videojuegos_y_streaming,ampliar_actividad_economica,no_declarar_riesgo_solo_por_ingreso_variable | no_eliminar_hobbies_por_defecto | no_tratar_el_estado_como_identidad_permanente,podria_reducir_bienestar_o_desconocer_el_contexto,,cobertura_esencial_menor_a_un_mes | cambio_reciente_requiere_revision | hobbies_no_eliminados_automaticamente,REC_REVISAR_CAMBIO_RECIENTE:98.55 | REC_RESERVA_PICOS:0.73 | REC_VIGILAR_RESERVA:0.23 | REC_PRIORIZAR_COBERTURA:0.18 | REC_MANTENER_ACUMULACION:0.16 | REC_CREAR_MARGEN:0.15 | REC_PLAN_CONTENCION:0.0
PERF_0095,VEN_0095_3,2026-04-01,2026-06-30,uso_planificado_reserva,recomendacion_disponible,REC_VIGILAR_RESERVA,REC_VIGILAR_RESERVA,modelo_restringido,Mantener el gasto alineado con la meta y revisar que la reserva conserve cobertura suficiente durante el siguiente cierre.,seguimiento_meta,sugerir,media,99.68,99.68,no_requerida,La recomendación REC_VIGILAR_RESERVA se limita al estado uso_planificado_reserva observado entre 2026-04-01 00:00:00 y 2026-06-30 00:00:00. Meta declarada: ampliar_actividad_economica. Guardas: hobbies_no_eliminados_automaticamente.,necesidades_esenciales | responsabilidad:medicamentos_de_un_familiar | meta:ampliar_actividad_economica | hobbies:fotografia_y_video,fotografia_y_video,ampliar_actividad_economica,no_declarar_riesgo_solo_por_ingreso_variable | no_eliminar_hobbies_por_defecto | no_tratar_el_estado_como_identidad_permanente,bajo,,hobbies_no_eliminados_automaticamente,REC_VIGILAR_RESERVA:99.68 | REC_REVISAR_CAMBIO_RECIENTE:0.16 | REC_MANTENER_ACUMULACION:0.08 | REC_PRIORIZAR_COBERTURA:0.08 | REC_CREAR_MARGEN:0.0 | REC_PLAN_CONTENCION:0.0 | REC_RESERVA_PICOS:0.0
PERF_0093,VEN_0093_3,2026-04-01,2026-06-30,equilibrio_sostenible,recomendacion_disponible,REC_CREAR_MARGEN,REC_CREAR_MARGEN,modelo_restringido,Crear un margen pequeño y flexible antes de aumentar compromisos fijos.,prevencion,sugerir,media,99.86,99.86,no_requerida,La recomendación REC_CREAR_MARGEN se limita al estado equilibrio_sostenible observado entre 2026-04-01 00:00:00 y 2026-06-30 00:00:00. Meta declarada: comprar_equipo_de_trabajo. Guardas: hobbies_no_eliminados_automaticamente.,necesidades_esenciales | responsabilidad:apoyo_parcial_a_dos_familiares | meta:comprar_equipo_de_trabajo | hobbies:manualidades_y_artesanias|pintura,manualidades_y_artesanias | pintura,comprar_equipo_de_trabajo,no_declarar_riesgo_solo_por_ingreso_variable | no_eliminar_hobbies_por_defecto | no_tratar_el_estado_como_identidad_permanente,bajo,,hobbies_no_eliminados_automaticamente,REC_CREAR_MARGEN:99.86 | REC_REVISAR_CAMBIO_RECIENTE:0.07 | REC_MANTENER_ACUMULACION:0.07 | REC_PLAN_CONTENCION:0.0 | REC_PRIORIZAR_COBERTURA:0.0 | REC_RESERVA_PICOS:0.0 | REC_VIGILAR_RESERVA:0.0
PERF_0200,VEN_0200_3,2026-04-01,2026-06-30,uso_planificado_reserva,recomendacion_disponible,REC_PRIORIZAR_COBERTURA,REC_VIGILAR_RESERVA,guarda_etica,"Priorizar vivienda, alimentación, salud y servicios; revisar opciones de renegociación de deuda sin eliminar automáticamente los hobbies.",proteccion_esencial,aplicar,alta,0.2,98.73,no_requerida,La recomendación REC_PRIORIZAR_COBERTURA se limita al estado uso_planificado_reserva observado entre 2026-04-01 00:00:00 y 2026-06-30 00:00:00. Meta declarada: hacer_viaje. Guardas: cobertura_esencial_menor_a_un_mes | hobbies_no_eliminados_automaticamente.,necesidades_esenciales | meta:hacer_viaje | hobbies:ciclismo,ciclismo,hacer_viaje,no_declarar_riesgo_solo_por_ingreso_variable | no_eliminar_hobbies_por_defecto | no_tratar_el_estado_como_identidad_permanente,podria_reducir_bienestar_o_desconocer_el_contexto,,cobertura_esencial_menor_a_un_mes | hobbies_no_eliminados_automaticamente,REC_VIGILAR_RESERVA:98.73 | REC_MANTENER_ACUMULACION:0.48 | REC_PLAN_CONTENCION:0.36 | REC_REVISAR_CAMBIO_RECIENTE:0.22 | REC_PRIORIZAR_COBERTURA:0.2 | REC_CREAR_MARGEN:0.0 | REC_RESERVA_PICOS:0.0
