perfil_id,descripcion_visible,actividad_1_familia,alcance_perfil,particion_perfil,es_sintetico,ventana_id,periodo_desde,periodo_hasta,estado_modelo,estado_calculo_modelo,confianza_pct,particion_estado,ventana_recomendacion,periodo_desde_recomendacion,periodo_hasta_recomendacion,estado_trayectoria,estado_motor,recomendacion_id,decision,fuente_seleccion,revision_humana,guardas_aplicadas,transacciones_disponibles,regularidades_observadas,eventos_inusuales_observados,estado_coherente,ventana_coherente,periodo_coherente,particion_coherente,recorrido_completo
PERF_0001,Trabajo como ingeniero de software. En mi tiempo libre disfruto pintura y turismo y viajes. Quiero crear fondo emergencia. Tengo como responsabilidad gastos de un hijo.,ingenieria_y_desarrollo_de_software,dentro_del_mvp,train,si,VEN_0001_3,2026-04-01,2026-06-30,acumulacion_estable,calculado,98.36,train,VEN_0001_3,2026-04-01,2026-06-30,acumulacion_estable,recomendacion_disponible,REC_MANTENER_ACUMULACION,aplicar,modelo_restringido,no_requerida,hobbies_no_eliminados_automaticamente,96,3,6,True,True,True,True,True
PERF_0002,Trabajo como nutricionista dietista. Quiero ampliar actividad economica. Tengo como responsabilidad aporte hogar compartido.,nutricion_y_dietetica,dentro_del_mvp,train,si,VEN_0002_3,2026-04-01,2026-06-30,equilibrio_sostenible,calculado,93.71,train,VEN_0002_3,2026-04-01,2026-06-30,equilibrio_sostenible,recomendacion_disponible,REC_CREAR_MARGEN,sugerir,modelo_restringido,no_requerida,hobbies_no_eliminados_automaticamente,96,1,0,True,True,True,True,True
PERF_0003,Trabajo como disc jockey. También genero ingresos con editor de video. En mi tiempo libre disfruto manualidades y artesanias y impresion 3d.,musica_y_entretenimiento_dj,dentro_del_mvp,train,si,VEN_0003_3,2026-04-01,2026-06-30,variable_resiliente,calculado,85.85,train,VEN_0003_3,2026-04-01,2026-06-30,variable_resiliente,recomendacion_disponible,REC_RESERVA_PICOS,aplicar,modelo_restringido,no_requerida,hobbies_no_eliminados_automaticamente,99,1,3,True,True,True,True,True
PERF_0004,Trabajo como ciclista. También genero ingresos con nutricionista dietista. En mi tiempo libre disfruto musica y fotografia y video. Tengo como responsabilidad gastos de un hijo.,deporte_competitivo_ciclismo,dentro_del_mvp,train,si,VEN_0004_3,2026-04-01,2026-06-30,uso_planificado_reserva,calculado,96.21,train,VEN_0004_3,2026-04-01,2026-06-30,uso_planificado_reserva,recomendacion_disponible,REC_VIGILAR_RESERVA,sugerir,modelo_restringido,no_requerida,hobbies_no_eliminados_automaticamente,98,1,8,True,True,True,True,True
PERF_0005,Trabajo como repartidor de domicilios. También genero ingresos con vendedor de tienda. En mi tiempo libre disfruto fotografia y video y ciclismo. Tengo como responsabilidad apoyo parcial a dos familiares.,domicilios_mensajeria_y_reparto,dentro_del_mvp,train,si,VEN_0005_3,2026-04-01,2026-06-30,deterioro_reciente,calculado,69.68,train,VEN_0005_3,2026-04-01,2026-06-30,deterioro_reciente,recomendacion_disponible,REC_REVISAR_CAMBIO_RECIENTE,solicitar_contexto,modelo_restringido,requerida,cambio_reciente_requiere_revision | hobbies_no_eliminados_automaticamente,90,2,5,True,True,True,True,True
PERF_0006,Trabajo como vendedor de tienda. También genero ingresos con repartidor de domicilios. En mi tiempo libre disfruto videojuegos y streaming y musica.,ventas_al_por_menor,dentro_del_mvp,train,si,VEN_0006_3,2026-04-01,2026-06-30,fragilidad_sostenida,calculado,99.41,train,VEN_0006_3,2026-04-01,2026-06-30,fragilidad_sostenida,recomendacion_disponible,REC_PRIORIZAR_COBERTURA,aplicar,modelo_restringido,no_requerida,proteccion_esencial_por_fragilidad | hobbies_no_eliminados_automaticamente,100,2,6,True,True,True,True,True
PERF_0007,Trabajo como editor de video. También genero ingresos con nutricionista dietista. En mi tiempo libre disfruto turismo y viajes y impresion 3d.,diseno_audiovisual_y_edicion_de_video,dentro_del_mvp,train,si,VEN_0007_3,2026-04-01,2026-06-30,situacion_critica,calculado,100.0,train,VEN_0007_3,2026-04-01,2026-06-30,situacion_critica,recomendacion_disponible,REC_PLAN_CONTENCION,aplicar,modelo_restringido,requerida,situacion_critica_con_revision_humana | hobbies_no_eliminados_automaticamente,94,3,2,True,True,True,True,True
PERF_0008,Trabajo como docente de educación básica secundaria. Quiero hacer viaje. Tengo como responsabilidad apoyo parcial a dos familiares.,docencia_y_formacion,dentro_del_mvp,train,si,VEN_0008_3,2026-04-01,2026-06-30,acumulacion_estable,calculado,93.67,train,VEN_0008_3,2026-04-01,2026-06-30,acumulacion_estable,recomendacion_disponible,REC_MANTENER_ACUMULACION,aplicar,modelo_restringido,no_requerida,hobbies_no_eliminados_automaticamente,90,1,2,True,True,True,True,True
PERF_0009,Trabajo como horticultor. En mi tiempo libre disfruto jardineria y agricultura urbana. Quiero hacer viaje. Tengo como responsabilidad aporte hogar compartido.,agricultura,dentro_del_mvp,train,si,VEN_0009_3,2026-04-01,2026-06-30,equilibrio_sostenible,calculado,97.91,train,VEN_0009_3,2026-04-01,2026-06-30,equilibrio_sostenible,recomendacion_disponible,REC_CREAR_MARGEN,sugerir,modelo_restringido,no_requerida,hobbies_no_eliminados_automaticamente,97,2,6,True,True,True,True,True
PERF_0010,Trabajo como barbero. En mi tiempo libre disfruto ciclismo. Quiero mejorar vivienda.,peluqueria_y_barberia,dentro_del_mvp,train,si,VEN_0010_3,2026-04-01,2026-06-30,variable_resiliente,calculado,83.86,train,VEN_0010_3,2026-04-01,2026-06-30,variable_resiliente,recomendacion_disponible,REC_RESERVA_PICOS,aplicar,modelo_restringido,no_requerida,hobbies_no_eliminados_automaticamente,95,2,3,True,True,True,True,True
PERF_0011,Trabajo como ingeniero de software. En mi tiempo libre disfruto pintura y jardineria y agricultura urbana. Tengo como responsabilidad apoyo mensual madre o padre.,ingenieria_y_desarrollo_de_software,dentro_del_mvp,train,si,VEN_0011_3,2026-04-01,2026-06-30,uso_planificado_reserva,calculado,99.09,train,VEN_0011_3,2026-04-01,2026-06-30,uso_planificado_reserva,recomendacion_disponible,REC_PRIORIZAR_COBERTURA,aplicar,guarda_etica,no_requerida,cobertura_esencial_menor_a_un_mes | hobbies_no_eliminados_automaticamente,90,2,6,True,True,True,True,True
PERF_0012,Trabajo como nutricionista dietista. En mi tiempo libre disfruto cocina y reposteria y fotografia y video. Tengo como responsabilidad ninguna declarada.,nutricion_y_dietetica,dentro_del_mvp,validation,si,VEN_0012_3,2026-04-01,2026-06-30,deterioro_reciente,calculado,76.03,validation,VEN_0012_3,2026-04-01,2026-06-30,deterioro_reciente,recomendacion_disponible,REC_REVISAR_CAMBIO_RECIENTE,solicitar_contexto,modelo_restringido,requerida,cambio_reciente_requiere_revision | hobbies_no_eliminados_automaticamente,93,2,4,True,True,True,True,True
PERF_0013,Trabajo como disc jockey. También genero ingresos con nutricionista dietista. Tengo como responsabilidad medicamentos de un familiar.,musica_y_entretenimiento_dj,dentro_del_mvp,train,si,VEN_0013_3,2026-04-01,2026-06-30,fragilidad_sostenida,calculado,99.3,train,VEN_0013_3,2026-04-01,2026-06-30,fragilidad_sostenida,recomendacion_disponible,REC_PRIORIZAR_COBERTURA,aplicar,modelo_restringido,no_requerida,proteccion_esencial_por_fragilidad | hobbies_no_eliminados_automaticamente,100,1,0,True,True,True,True,True
PERF_0014,Trabajo como ciclista. En mi tiempo libre disfruto musica.,deporte_competitivo_ciclismo,dentro_del_mvp,train,si,VEN_0014_3,2026-04-01,2026-06-30,situacion_critica,calculado,100.0,train,VEN_0014_3,2026-04-01,2026-06-30,situacion_critica,recomendacion_disponible,REC_PLAN_CONTENCION,aplicar,modelo_restringido,requerida,situacion_critica_con_revision_humana | hobbies_no_eliminados_automaticamente,95,2,3,True,True,True,True,True
PERF_0015,Trabajo como repartidor de domicilios. En mi tiempo libre disfruto fotografia y video y pintura.,domicilios_mensajeria_y_reparto,dentro_del_mvp,train,si,VEN_0015_3,2026-04-01,2026-06-30,acumulacion_estable,calculado,98.95,train,VEN_0015_3,2026-04-01,2026-06-30,acumulacion_estable,recomendacion_disponible,REC_MANTENER_ACUMULACION,aplicar,modelo_restringido,no_requerida,hobbies_no_eliminados_automaticamente,96,4,1,True,True,True,True,True
PERF_0016,Trabajo como vendedor de tienda.,ventas_al_por_menor,dentro_del_mvp,test,si,VEN_0016_3,2026-04-01,2026-06-30,equilibrio_sostenible,calculado,92.89,test,VEN_0016_3,2026-04-01,2026-06-30,equilibrio_sostenible,recomendacion_disponible,REC_CREAR_MARGEN,sugerir,modelo_restringido,no_requerida,hobbies_no_eliminados_automaticamente,96,2,1,True,True,True,True,True
PERF_0017,Trabajo como editor de video. En mi tiempo libre disfruto turismo y viajes y cocina y reposteria. Quiero mejorar vivienda.,diseno_audiovisual_y_edicion_de_video,dentro_del_mvp,train,si,VEN_0017_3,2026-04-01,2026-06-30,variable_resiliente,calculado,85.21,train,VEN_0017_3,2026-04-01,2026-06-30,variable_resiliente,recomendacion_disponible,REC_RESERVA_PICOS,aplicar,modelo_restringido,no_requerida,hobbies_no_eliminados_automaticamente,91,2,2,True,True,True,True,True
PERF_0018,Trabajo como docente de educación básica secundaria. En mi tiempo libre disfruto impresion 3d y fotografia y video. Quiero comprar bicicleta. Tengo como responsabilidad apoyo mensual madre o padre.,docencia_y_formacion,dentro_del_mvp,test,si,VEN_0018_3,2026-04-01,2026-06-30,uso_planificado_reserva,calculado,97.11,test,VEN_0018_3,2026-04-01,2026-06-30,uso_planificado_reserva,recomendacion_disponible,REC_VIGILAR_RESERVA,sugerir,modelo_restringido,no_requerida,hobbies_no_eliminados_automaticamente,93,3,12,True,True,True,True,True
PERF_0019,Trabajo como horticultor. En mi tiempo libre disfruto jardineria y agricultura urbana y videojuegos y streaming. Tengo como responsabilidad medicamentos de un familiar.,agricultura,dentro_del_mvp,test,si,VEN_0019_3,2026-04-01,2026-06-30,deterioro_reciente,calculado,64.09,test,VEN_0019_3,2026-04-01,2026-06-30,deterioro_reciente,recomendacion_disponible,REC_PRIORIZAR_COBERTURA,aplicar,guarda_etica,requerida,cobertura_esencial_menor_a_un_mes | cambio_reciente_requiere_revision | hobbies_no_eliminados_automaticamente,100,3,6,True,True,True,True,True
PERF_0020,Trabajo como barbero. En mi tiempo libre disfruto ciclismo y fotografia y video. Quiero hacer certificacion profesional.,peluqueria_y_barberia,dentro_del_mvp,train,si,VEN_0020_3,2026-04-01,2026-06-30,fragilidad_sostenida,calculado,99.21,train,VEN_0020_3,2026-04-01,2026-06-30,fragilidad_sostenida,recomendacion_disponible,REC_PRIORIZAR_COBERTURA,aplicar,modelo_restringido,no_requerida,proteccion_esencial_por_fragilidad | hobbies_no_eliminados_automaticamente,97,2,0,True,True,True,True,True
PERF_0021,Trabajo como ingeniero de software. En mi tiempo libre disfruto pintura. Quiero mejorar vivienda. Tengo como responsabilidad gastos de un hijo.,ingenieria_y_desarrollo_de_software,dentro_del_mvp,train,si,VEN_0021_3,2026-04-01,2026-06-30,situacion_critica,calculado,99.92,train,VEN_0021_3,2026-04-01,2026-06-30,situacion_critica,recomendacion_disponible,REC_PLAN_CONTENCION,aplicar,modelo_restringido,requerida,situacion_critica_con_revision_humana | hobbies_no_eliminados_automaticamente,91,1,5,True,True,True,True,True
PERF_0022,Trabajo como nutricionista dietista. También genero ingresos con docente de educación básica secundaria. En mi tiempo libre disfruto cocina y reposteria. Quiero mejorar vivienda. Tengo como responsabilidad ninguna declarada.,nutricion_y_dietetica,dentro_del_mvp,train,si,VEN_0022_3,2026-04-01,2026-06-30,acumulacion_estable,calculado,97.88,train,VEN_0022_3,2026-04-01,2026-06-30,acumulacion_estable,recomendacion_disponible,REC_MANTENER_ACUMULACION,aplicar,modelo_restringido,no_requerida,hobbies_no_eliminados_automaticamente,95,1,2,True,True,True,True,True
PERF_0023,Trabajo como disc jockey. En mi tiempo libre disfruto manualidades y artesanias.,musica_y_entretenimiento_dj,dentro_del_mvp,train,si,VEN_0023_3,2026-04-01,2026-06-30,equilibrio_sostenible,calculado,98.28,train,VEN_0023_3,2026-04-01,2026-06-30,equilibrio_sostenible,recomendacion_disponible,REC_CREAR_MARGEN,sugerir,modelo_restringido,no_requerida,hobbies_no_eliminados_automaticamente,94,1,0,True,True,True,True,True
PERF_0024,Trabajo como ciclista. En mi tiempo libre disfruto musica y cocina y reposteria.,deporte_competitivo_ciclismo,dentro_del_mvp,train,si,VEN_0024_3,2026-04-01,2026-06-30,variable_resiliente,calculado,84.04,train,VEN_0024_3,2026-04-01,2026-06-30,variable_resiliente,recomendacion_disponible,REC_PRIORIZAR_COBERTURA,aplicar,guarda_etica,no_requerida,cobertura_esencial_menor_a_un_mes | hobbies_no_eliminados_automaticamente,94,1,3,True,True,True,True,True
PERF_0025,Trabajo como repartidor de domicilios. También genero ingresos con nutricionista dietista. En mi tiempo libre disfruto fotografia y video y pintura. Quiero comprar bicicleta.,domicilios_mensajeria_y_reparto,dentro_del_mvp,validation,si,VEN_0025_3,2026-04-01,2026-06-30,uso_planificado_reserva,calculado,97.32,validation,VEN_0025_3,2026-04-01,2026-06-30,uso_planificado_reserva,recomendacion_disponible,REC_PRIORIZAR_COBERTURA,aplicar,guarda_etica,no_requerida,cobertura_esencial_menor_a_un_mes | hobbies_no_eliminados_automaticamente,93,3,4,True,True,True,True,True
PERF_0026,Trabajo como vendedor de tienda. También genero ingresos con docente de educación básica secundaria. En mi tiempo libre disfruto videojuegos y streaming. Quiero ampliar actividad economica. Tengo como responsabilidad apoyo mensual madre o padre.,ventas_al_por_menor,dentro_del_mvp,test,si,VEN_0026_3,2026-04-01,2026-06-30,deterioro_reciente,calculado,75.47,test,VEN_0026_3,2026-04-01,2026-06-30,deterioro_reciente,recomendacion_disponible,REC_PRIORIZAR_COBERTURA,aplicar,guarda_etica,requerida,cobertura_esencial_menor_a_un_mes | cambio_reciente_requiere_revision | hobbies_no_eliminados_automaticamente,96,2,8,True,True,True,True,True
PERF_0027,Trabajo como editor de video. En mi tiempo libre disfruto turismo y viajes y ciclismo. Quiero hacer certificacion profesional. Tengo como responsabilidad aporte hogar compartido.,diseno_audiovisual_y_edicion_de_video,dentro_del_mvp,train,si,VEN_0027_3,2026-04-01,2026-06-30,fragilidad_sostenida,calculado,98.08,train,VEN_0027_3,2026-04-01,2026-06-30,fragilidad_sostenida,recomendacion_disponible,REC_PRIORIZAR_COBERTURA,aplicar,modelo_restringido,no_requerida,proteccion_esencial_por_fragilidad | hobbies_no_eliminados_automaticamente,92,1,3,True,True,True,True,True
PERF_0028,Trabajo como docente de educación básica secundaria. También genero ingresos con barbero. En mi tiempo libre disfruto impresion 3d.,docencia_y_formacion,dentro_del_mvp,train,si,VEN_0028_3,2026-04-01,2026-06-30,situacion_critica,calculado,99.45,train,VEN_0028_3,2026-04-01,2026-06-30,situacion_critica,recomendacion_disponible,REC_PLAN_CONTENCION,aplicar,modelo_restringido,requerida,situacion_critica_con_revision_humana | hobbies_no_eliminados_automaticamente,97,2,5,True,True,True,True,True
PERF_0029,Trabajo como horticultor. En mi tiempo libre disfruto jardineria y agricultura urbana y ciclismo.,agricultura,dentro_del_mvp,train,si,VEN_0029_3,2026-04-01,2026-06-30,acumulacion_estable,calculado,98.81,train,VEN_0029_3,2026-04-01,2026-06-30,acumulacion_estable,recomendacion_disponible,REC_MANTENER_ACUMULACION,aplicar,modelo_restringido,no_requerida,hobbies_no_eliminados_automaticamente,91,2,3,True,True,True,True,True
PERF_0030,Trabajo como barbero. En mi tiempo libre disfruto ciclismo y pintura. Tengo como responsabilidad ninguna declarada.,peluqueria_y_barberia,dentro_del_mvp,train,si,VEN_0030_3,2026-04-01,2026-06-30,equilibrio_sostenible,calculado,89.96,train,VEN_0030_3,2026-04-01,2026-06-30,equilibrio_sostenible,recomendacion_disponible,REC_CREAR_MARGEN,sugerir,modelo_restringido,no_requerida,hobbies_no_eliminados_automaticamente,99,2,4,True,True,True,True,True
PERF_0031,Trabajo como ingeniero de software. En mi tiempo libre disfruto pintura y impresion 3d. Quiero mejorar vivienda. Tengo como responsabilidad ninguna declarada.,ingenieria_y_desarrollo_de_software,dentro_del_mvp,train,si,VEN_0031_3,2026-04-01,2026-06-30,variable_resiliente,calculado,86.51,train,VEN_0031_3,2026-04-01,2026-06-30,variable_resiliente,recomendacion_disponible,REC_RESERVA_PICOS,aplicar,modelo_restringido,no_requerida,hobbies_no_eliminados_automaticamente,99,3,3,True,True,True,True,True
PERF_0032,Trabajo como nutricionista dietista. En mi tiempo libre disfruto cocina y reposteria. Quiero hacer viaje.,nutricion_y_dietetica,dentro_del_mvp,test,si,VEN_0032_3,2026-04-01,2026-06-30,uso_planificado_reserva,calculado,96.49,test,VEN_0032_3,2026-04-01,2026-06-30,uso_planificado_reserva,recomendacion_disponible,REC_PRIORIZAR_COBERTURA,aplicar,guarda_etica,no_requerida,cobertura_esencial_menor_a_un_mes | hobbies_no_eliminados_automaticamente,90,1,7,True,True,True,True,True
PERF_0033,Trabajo como disc jockey. En mi tiempo libre disfruto manualidades y artesanias. Quiero crear fondo emergencia. Tengo como responsabilidad ninguna declarada.,musica_y_entretenimiento_dj,dentro_del_mvp,train,si,VEN_0033_3,2026-04-01,2026-06-30,deterioro_reciente,calculado,74.91,train,VEN_0033_3,2026-04-01,2026-06-30,deterioro_reciente,recomendacion_disponible,REC_REVISAR_CAMBIO_RECIENTE,solicitar_contexto,modelo_restringido,requerida,cambio_reciente_requiere_revision | hobbies_no_eliminados_automaticamente,98,2,7,True,True,True,True,True
PERF_0034,Trabajo como ciclista. En mi tiempo libre disfruto musica y ciclismo. Quiero pagar deuda. Tengo como responsabilidad medicamentos de un familiar.,deporte_competitivo_ciclismo,dentro_del_mvp,train,si,VEN_0034_3,2026-04-01,2026-06-30,fragilidad_sostenida,calculado,93.65,train,VEN_0034_3,2026-04-01,2026-06-30,fragilidad_sostenida,recomendacion_disponible,REC_PRIORIZAR_COBERTURA,aplicar,modelo_restringido,no_requerida,proteccion_esencial_por_fragilidad | hobbies_no_eliminados_automaticamente,90,1,3,True,True,True,True,True
PERF_0035,Trabajo como repartidor de domicilios. En mi tiempo libre disfruto fotografia y video y turismo y viajes. Quiero hacer certificacion profesional.,domicilios_mensajeria_y_reparto,dentro_del_mvp,train,si,VEN_0035_3,2026-04-01,2026-06-30,situacion_critica,calculado,99.93,train,VEN_0035_3,2026-04-01,2026-06-30,situacion_critica,recomendacion_disponible,REC_PLAN_CONTENCION,aplicar,modelo_restringido,requerida,situacion_critica_con_revision_humana | hobbies_no_eliminados_automaticamente,96,1,2,True,True,True,True,True
PERF_0036,Trabajo como vendedor de tienda. En mi tiempo libre disfruto videojuegos y streaming y fotografia y video. Quiero comprar equipo de trabajo.,ventas_al_por_menor,dentro_del_mvp,train,si,VEN_0036_3,2026-04-01,2026-06-30,acumulacion_estable,calculado,97.58,train,VEN_0036_3,2026-04-01,2026-06-30,acumulacion_estable,recomendacion_disponible,REC_MANTENER_ACUMULACION,aplicar,modelo_restringido,no_requerida,hobbies_no_eliminados_automaticamente,97,3,2,True,True,True,True,True
PERF_0037,Trabajo como editor de video. Quiero mejorar vivienda.,diseno_audiovisual_y_edicion_de_video,dentro_del_mvp,train,si,VEN_0037_3,2026-04-01,2026-06-30,equilibrio_sostenible,calculado,95.14,train,VEN_0037_3,2026-04-01,2026-06-30,equilibrio_sostenible,recomendacion_disponible,REC_CREAR_MARGEN,sugerir,modelo_restringido,no_requerida,hobbies_no_eliminados_automaticamente,93,2,1,True,True,True,True,True
PERF_0038,Trabajo como docente de educación básica secundaria. En mi tiempo libre disfruto impresion 3d y manualidades y artesanias.,docencia_y_formacion,dentro_del_mvp,train,si,VEN_0038_3,2026-04-01,2026-06-30,variable_resiliente,calculado,64.95,train,VEN_0038_3,2026-04-01,2026-06-30,variable_resiliente,recomendacion_disponible,REC_RESERVA_PICOS,aplicar,modelo_restringido,no_requerida,hobbies_no_eliminados_automaticamente,100,3,4,True,True,True,True,True
PERF_0039,Trabajo como horticultor. En mi tiempo libre disfruto jardineria y agricultura urbana. Quiero mejorar vivienda.,agricultura,dentro_del_mvp,test,si,VEN_0039_3,2026-04-01,2026-06-30,uso_planificado_reserva,calculado,53.42,test,VEN_0039_3,2026-04-01,2026-06-30,uso_planificado_reserva,recomendacion_disponible,REC_VIGILAR_RESERVA,sugerir,modelo_restringido,no_requerida,hobbies_no_eliminados_automaticamente,99,2,6,True,True,True,True,True
PERF_0040,Trabajo como barbero. En mi tiempo libre disfruto ciclismo. Tengo como responsabilidad aporte hogar compartido.,peluqueria_y_barberia,dentro_del_mvp,validation,si,VEN_0040_3,2026-04-01,2026-06-30,deterioro_reciente,calculado,80.24,validation,VEN_0040_3,2026-04-01,2026-06-30,deterioro_reciente,recomendacion_disponible,REC_PRIORIZAR_COBERTURA,aplicar,guarda_etica,requerida,cobertura_esencial_menor_a_un_mes | cambio_reciente_requiere_revision | hobbies_no_eliminados_automaticamente,96,1,4,True,True,True,True,True
PERF_0041,Trabajo como ingeniero de software. En mi tiempo libre disfruto pintura y fotografia y video.,ingenieria_y_desarrollo_de_software,dentro_del_mvp,test,si,VEN_0041_3,2026-04-01,2026-06-30,fragilidad_sostenida,calculado,99.09,test,VEN_0041_3,2026-04-01,2026-06-30,fragilidad_sostenida,recomendacion_disponible,REC_PRIORIZAR_COBERTURA,aplicar,modelo_restringido,no_requerida,proteccion_esencial_por_fragilidad | hobbies_no_eliminados_automaticamente,100,2,2,True,True,True,True,True
PERF_0042,Trabajo como nutricionista dietista. En mi tiempo libre disfruto cocina y reposteria y fotografia y video. Tengo como responsabilidad apoyo mensual madre o padre.,nutricion_y_dietetica,dentro_del_mvp,train,si,VEN_0042_3,2026-04-01,2026-06-30,situacion_critica,calculado,99.87,train,VEN_0042_3,2026-04-01,2026-06-30,situacion_critica,recomendacion_disponible,REC_PLAN_CONTENCION,aplicar,modelo_restringido,requerida,situacion_critica_con_revision_humana | hobbies_no_eliminados_automaticamente,98,7,4,True,True,True,True,True
PERF_0043,Trabajo como disc jockey. También genero ingresos con horticultor. En mi tiempo libre disfruto manualidades y artesanias y jardineria y agricultura urbana. Quiero hacer certificacion profesional.,musica_y_entretenimiento_dj,dentro_del_mvp,test,si,VEN_0043_3,2026-04-01,2026-06-30,acumulacion_estable,calculado,99.41,test,VEN_0043_3,2026-04-01,2026-06-30,acumulacion_estable,recomendacion_disponible,REC_MANTENER_ACUMULACION,aplicar,modelo_restringido,no_requerida,hobbies_no_eliminados_automaticamente,100,2,1,True,True,True,True,True
PERF_0044,Trabajo como ciclista. También genero ingresos con vendedor de tienda. En mi tiempo libre disfruto musica y cocina y reposteria. Quiero pagar deuda.,deporte_competitivo_ciclismo,dentro_del_mvp,test,si,VEN_0044_3,2026-04-01,2026-06-30,equilibrio_sostenible,calculado,94.45,test,VEN_0044_3,2026-04-01,2026-06-30,equilibrio_sostenible,recomendacion_disponible,REC_CREAR_MARGEN,sugerir,modelo_restringido,no_requerida,hobbies_no_eliminados_automaticamente,93,3,4,True,True,True,True,True
PERF_0045,Trabajo como repartidor de domicilios. En mi tiempo libre disfruto fotografia y video. Quiero pagar deuda.,domicilios_mensajeria_y_reparto,dentro_del_mvp,train,si,VEN_0045_3,2026-04-01,2026-06-30,variable_resiliente,calculado,93.13,train,VEN_0045_3,2026-04-01,2026-06-30,variable_resiliente,recomendacion_disponible,REC_RESERVA_PICOS,aplicar,modelo_restringido,no_requerida,hobbies_no_eliminados_automaticamente,94,2,3,True,True,True,True,True
PERF_0046,Trabajo como vendedor de tienda. En mi tiempo libre disfruto videojuegos y streaming y jardineria y agricultura urbana. Quiero hacer certificacion profesional. Tengo como responsabilidad ninguna declarada.,ventas_al_por_menor,dentro_del_mvp,train,si,VEN_0046_3,2026-04-01,2026-06-30,uso_planificado_reserva,calculado,99.01,train,VEN_0046_3,2026-04-01,2026-06-30,uso_planificado_reserva,recomendacion_disponible,REC_PRIORIZAR_COBERTURA,aplicar,guarda_etica,no_requerida,cobertura_esencial_menor_a_un_mes | hobbies_no_eliminados_automaticamente,100,1,9,True,True,True,True,True
PERF_0047,Trabajo como editor de video. En mi tiempo libre disfruto turismo y viajes y cocina y reposteria. Quiero ampliar actividad economica. Tengo como responsabilidad apoyo parcial a dos familiares.,diseno_audiovisual_y_edicion_de_video,dentro_del_mvp,train,si,VEN_0047_3,2026-04-01,2026-06-30,deterioro_reciente,calculado,77.98,train,VEN_0047_3,2026-04-01,2026-06-30,deterioro_reciente,recomendacion_disponible,REC_REVISAR_CAMBIO_RECIENTE,solicitar_contexto,modelo_restringido,requerida,cambio_reciente_requiere_revision | hobbies_no_eliminados_automaticamente,98,1,6,True,True,True,True,True
PERF_0048,Trabajo como docente de educación básica secundaria. En mi tiempo libre disfruto impresion 3d y turismo y viajes. Quiero comprar equipo de trabajo.,docencia_y_formacion,dentro_del_mvp,train,si,VEN_0048_3,2026-04-01,2026-06-30,fragilidad_sostenida,calculado,98.02,train,VEN_0048_3,2026-04-01,2026-06-30,fragilidad_sostenida,recomendacion_disponible,REC_PRIORIZAR_COBERTURA,aplicar,modelo_restringido,no_requerida,proteccion_esencial_por_fragilidad | hobbies_no_eliminados_automaticamente,95,2,5,True,True,True,True,True
PERF_0049,Trabajo como horticultor. En mi tiempo libre disfruto jardineria y agricultura urbana. Quiero comprar bicicleta.,agricultura,dentro_del_mvp,train,si,VEN_0049_3,2026-04-01,2026-06-30,situacion_critica,calculado,99.93,train,VEN_0049_3,2026-04-01,2026-06-30,situacion_critica,recomendacion_disponible,REC_PLAN_CONTENCION,aplicar,modelo_restringido,requerida,situacion_critica_con_revision_humana | hobbies_no_eliminados_automaticamente,97,2,4,True,True,True,True,True
PERF_0050,Trabajo como barbero. Quiero hacer viaje.,peluqueria_y_barberia,dentro_del_mvp,test,si,VEN_0050_3,2026-04-01,2026-06-30,acumulacion_estable,calculado,99.63,test,VEN_0050_3,2026-04-01,2026-06-30,acumulacion_estable,recomendacion_disponible,REC_MANTENER_ACUMULACION,aplicar,modelo_restringido,no_requerida,hobbies_no_eliminados_automaticamente,90,2,2,True,True,True,True,True
PERF_0051,Trabajo como ingeniero de software. En mi tiempo libre disfruto pintura. Quiero mejorar vivienda.,ingenieria_y_desarrollo_de_software,dentro_del_mvp,test,si,VEN_0051_3,2026-04-01,2026-06-30,equilibrio_sostenible,calculado,91.64,test,VEN_0051_3,2026-04-01,2026-06-30,equilibrio_sostenible,recomendacion_disponible,REC_CREAR_MARGEN,sugerir,modelo_restringido,no_requerida,hobbies_no_eliminados_automaticamente,91,3,2,True,True,True,True,True
PERF_0052,Trabajo como nutricionista dietista. En mi tiempo libre disfruto cocina y reposteria. Tengo como responsabilidad apoyo mensual madre o padre.,nutricion_y_dietetica,dentro_del_mvp,train,si,VEN_0052_3,2026-04-01,2026-06-30,variable_resiliente,calculado,82.11,train,VEN_0052_3,2026-04-01,2026-06-30,variable_resiliente,recomendacion_disponible,REC_RESERVA_PICOS,aplicar,modelo_restringido,no_requerida,hobbies_no_eliminados_automaticamente,100,3,3,True,True,True,True,True
PERF_0053,Trabajo como disc jockey. En mi tiempo libre disfruto manualidades y artesanias. Quiero crear fondo emergencia. Tengo como responsabilidad gastos de un hijo.,musica_y_entretenimiento_dj,dentro_del_mvp,train,si,VEN_0053_3,2026-04-01,2026-06-30,uso_planificado_reserva,calculado,97.72,train,VEN_0053_3,2026-04-01,2026-06-30,uso_planificado_reserva,recomendacion_disponible,REC_VIGILAR_RESERVA,sugerir,modelo_restringido,no_requerida,hobbies_no_eliminados_automaticamente,97,1,10,True,True,True,True,True
PERF_0054,Trabajo como ciclista. También genero ingresos con disc jockey. Quiero comprar equipo de trabajo.,deporte_competitivo_ciclismo,dentro_del_mvp,train,si,VEN_0054_3,2026-04-01,2026-06-30,deterioro_reciente,calculado,79.19,train,VEN_0054_3,2026-04-01,2026-06-30,deterioro_reciente,recomendacion_disponible,REC_PRIORIZAR_COBERTURA,aplicar,guarda_etica,requerida,cobertura_esencial_menor_a_un_mes | cambio_reciente_requiere_revision | hobbies_no_eliminados_automaticamente,96,2,1,True,True,True,True,True
PERF_0055,Trabajo como repartidor de domicilios. En mi tiempo libre disfruto fotografia y video. Quiero ampliar actividad economica. Tengo como responsabilidad aporte hogar compartido.,domicilios_mensajeria_y_reparto,dentro_del_mvp,train,si,VEN_0055_3,2026-04-01,2026-06-30,fragilidad_sostenida,calculado,99.37,train,VEN_0055_3,2026-04-01,2026-06-30,fragilidad_sostenida,recomendacion_disponible,REC_PRIORIZAR_COBERTURA,aplicar,modelo_restringido,no_requerida,proteccion_esencial_por_fragilidad | hobbies_no_eliminados_automaticamente,99,2,2,True,True,True,True,True
PERF_0056,Trabajo como vendedor de tienda. Quiero pagar deuda.,ventas_al_por_menor,dentro_del_mvp,train,si,VEN_0056_3,2026-04-01,2026-06-30,situacion_critica,calculado,99.62,train,VEN_0056_3,2026-04-01,2026-06-30,situacion_critica,recomendacion_disponible,REC_PLAN_CONTENCION,aplicar,modelo_restringido,requerida,situacion_critica_con_revision_humana | hobbies_no_eliminados_automaticamente,94,2,1,True,True,True,True,True
PERF_0057,Trabajo como editor de video. En mi tiempo libre disfruto turismo y viajes y cocina y reposteria. Quiero ampliar actividad economica. Tengo como responsabilidad apoyo mensual madre o padre.,diseno_audiovisual_y_edicion_de_video,dentro_del_mvp,train,si,VEN_0057_3,2026-04-01,2026-06-30,acumulacion_estable,calculado,98.2,train,VEN_0057_3,2026-04-01,2026-06-30,acumulacion_estable,recomendacion_disponible,REC_MANTENER_ACUMULACION,aplicar,modelo_restringido,no_requerida,hobbies_no_eliminados_automaticamente,92,2,2,True,True,True,True,True
PERF_0058,Trabajo como docente de educación básica secundaria. En mi tiempo libre disfruto impresion 3d y videojuegos y streaming. Quiero hacer certificacion profesional. Tengo como responsabilidad ninguna declarada.,docencia_y_formacion,dentro_del_mvp,validation,si,VEN_0058_3,2026-04-01,2026-06-30,equilibrio_sostenible,calculado,94.99,validation,VEN_0058_3,2026-04-01,2026-06-30,equilibrio_sostenible,recomendacion_disponible,REC_CREAR_MARGEN,sugerir,modelo_restringido,no_requerida,hobbies_no_eliminados_automaticamente,92,2,0,True,True,True,True,True
PERF_0059,Trabajo como horticultor. En mi tiempo libre disfruto jardineria y agricultura urbana. Tengo como responsabilidad apoyo mensual madre o padre.,agricultura,dentro_del_mvp,test,si,VEN_0059_3,2026-04-01,2026-06-30,variable_resiliente,calculado,75.76,test,VEN_0059_3,2026-04-01,2026-06-30,variable_resiliente,recomendacion_disponible,REC_RESERVA_PICOS,aplicar,modelo_restringido,no_requerida,hobbies_no_eliminados_automaticamente,98,4,6,True,True,True,True,True
PERF_0060,Trabajo como barbero. También genero ingresos con docente de educación básica secundaria. En mi tiempo libre disfruto ciclismo y videojuegos y streaming. Quiero comprar equipo de trabajo. Tengo como responsabilidad medicamentos de un familiar.,peluqueria_y_barberia,dentro_del_mvp,validation,si,VEN_0060_3,2026-04-01,2026-06-30,uso_planificado_reserva,calculado,94.47,validation,VEN_0060_3,2026-04-01,2026-06-30,uso_planificado_reserva,recomendacion_disponible,REC_VIGILAR_RESERVA,sugerir,modelo_restringido,no_requerida,hobbies_no_eliminados_automaticamente,98,2,2,True,True,True,True,True
PERF_0061,Trabajo como ingeniero de software. En mi tiempo libre disfruto pintura y jardineria y agricultura urbana. Quiero comprar equipo de trabajo. Tengo como responsabilidad ninguna declarada.,ingenieria_y_desarrollo_de_software,dentro_del_mvp,train,si,VEN_0061_3,2026-04-01,2026-06-30,deterioro_reciente,calculado,57.13,train,VEN_0061_3,2026-04-01,2026-06-30,deterioro_reciente,recomendacion_disponible,REC_PRIORIZAR_COBERTURA,aplicar,guarda_etica,requerida,cobertura_esencial_menor_a_un_mes | cambio_reciente_requiere_revision | hobbies_no_eliminados_automaticamente,90,2,3,True,True,True,True,True
PERF_0062,Trabajo como nutricionista dietista. En mi tiempo libre disfruto cocina y reposteria y ciclismo. Quiero mejorar vivienda.,nutricion_y_dietetica,dentro_del_mvp,train,si,VEN_0062_3,2026-04-01,2026-06-30,fragilidad_sostenida,calculado,97.65,train,VEN_0062_3,2026-04-01,2026-06-30,fragilidad_sostenida,recomendacion_disponible,REC_PRIORIZAR_COBERTURA,aplicar,modelo_restringido,no_requerida,proteccion_esencial_por_fragilidad | hobbies_no_eliminados_automaticamente,97,1,3,True,True,True,True,True
PERF_0063,Trabajo como disc jockey. En mi tiempo libre disfruto manualidades y artesanias y fotografia y video. Quiero comprar bicicleta. Tengo como responsabilidad gastos de un hijo.,musica_y_entretenimiento_dj,dentro_del_mvp,train,si,VEN_0063_3,2026-04-01,2026-06-30,situacion_critica,calculado,99.48,train,VEN_0063_3,2026-04-01,2026-06-30,situacion_critica,recomendacion_disponible,REC_PLAN_CONTENCION,aplicar,modelo_restringido,requerida,situacion_critica_con_revision_humana | hobbies_no_eliminados_automaticamente,90,4,1,True,True,True,True,True
PERF_0064,Trabajo como ciclista. En mi tiempo libre disfruto musica y videojuegos y streaming. Quiero hacer certificacion profesional.,deporte_competitivo_ciclismo,dentro_del_mvp,validation,si,VEN_0064_3,2026-04-01,2026-06-30,acumulacion_estable,calculado,99.48,validation,VEN_0064_3,2026-04-01,2026-06-30,acumulacion_estable,recomendacion_disponible,REC_MANTENER_ACUMULACION,aplicar,modelo_restringido,no_requerida,hobbies_no_eliminados_automaticamente,100,1,4,True,True,True,True,True
PERF_0065,Trabajo como repartidor de domicilios. Tengo como responsabilidad gastos de un hijo.,domicilios_mensajeria_y_reparto,dentro_del_mvp,train,si,VEN_0065_3,2026-04-01,2026-06-30,equilibrio_sostenible,calculado,95.71,train,VEN_0065_3,2026-04-01,2026-06-30,equilibrio_sostenible,recomendacion_disponible,REC_PRIORIZAR_COBERTURA,aplicar,guarda_etica,no_requerida,cobertura_esencial_menor_a_un_mes | hobbies_no_eliminados_automaticamente,91,3,0,True,True,True,True,True
PERF_0066,Trabajo como vendedor de tienda. Quiero pagar deuda. Tengo como responsabilidad apoyo parcial a dos familiares.,ventas_al_por_menor,dentro_del_mvp,validation,si,VEN_0066_3,2026-04-01,2026-06-30,variable_resiliente,calculado,79.16,validation,VEN_0066_3,2026-04-01,2026-06-30,variable_resiliente,recomendacion_disponible,REC_RESERVA_PICOS,aplicar,modelo_restringido,no_requerida,hobbies_no_eliminados_automaticamente,97,2,2,True,True,True,True,True
PERF_0067,Trabajo como editor de video. En mi tiempo libre disfruto turismo y viajes y jardineria y agricultura urbana. Quiero comprar bicicleta. Tengo como responsabilidad medicamentos de un familiar.,diseno_audiovisual_y_edicion_de_video,dentro_del_mvp,validation,si,VEN_0067_3,2026-04-01,2026-06-30,uso_planificado_reserva,calculado,98.63,validation,VEN_0067_3,2026-04-01,2026-06-30,uso_planificado_reserva,recomendacion_disponible,REC_VIGILAR_RESERVA,sugerir,modelo_restringido,no_requerida,hobbies_no_eliminados_automaticamente,92,1,4,True,True,True,True,True
PERF_0068,Trabajo como docente de educación básica secundaria. En mi tiempo libre disfruto impresion 3d. Quiero comprar bicicleta.,docencia_y_formacion,dentro_del_mvp,train,si,VEN_0068_3,2026-04-01,2026-06-30,deterioro_reciente,calculado,68.88,train,VEN_0068_3,2026-04-01,2026-06-30,deterioro_reciente,recomendacion_disponible,REC_PRIORIZAR_COBERTURA,aplicar,guarda_etica,requerida,cobertura_esencial_menor_a_un_mes | cambio_reciente_requiere_revision | hobbies_no_eliminados_automaticamente,95,2,6,True,True,True,True,True
PERF_0069,Trabajo como horticultor. En mi tiempo libre disfruto jardineria y agricultura urbana y cocina y reposteria. Tengo como responsabilidad ninguna declarada.,agricultura,dentro_del_mvp,validation,si,VEN_0069_3,2026-04-01,2026-06-30,fragilidad_sostenida,calculado,97.18,validation,VEN_0069_3,2026-04-01,2026-06-30,fragilidad_sostenida,recomendacion_disponible,REC_PRIORIZAR_COBERTURA,aplicar,modelo_restringido,no_requerida,proteccion_esencial_por_fragilidad | hobbies_no_eliminados_automaticamente,99,2,7,True,True,True,True,True
PERF_0070,Trabajo como barbero. En mi tiempo libre disfruto ciclismo.,peluqueria_y_barberia,dentro_del_mvp,train,si,VEN_0070_3,2026-04-01,2026-06-30,situacion_critica,calculado,100.0,train,VEN_0070_3,2026-04-01,2026-06-30,situacion_critica,recomendacion_disponible,REC_PLAN_CONTENCION,aplicar,modelo_restringido,requerida,situacion_critica_con_revision_humana | hobbies_no_eliminados_automaticamente,97,3,1,True,True,True,True,True
PERF_0071,Trabajo como ingeniero de software. Quiero mejorar vivienda. Tengo como responsabilidad aporte hogar compartido.,ingenieria_y_desarrollo_de_software,dentro_del_mvp,validation,si,VEN_0071_3,2026-04-01,2026-06-30,acumulacion_estable,calculado,96.66,validation,VEN_0071_3,2026-04-01,2026-06-30,acumulacion_estable,recomendacion_disponible,REC_MANTENER_ACUMULACION,aplicar,modelo_restringido,no_requerida,hobbies_no_eliminados_automaticamente,94,1,5,True,True,True,True,True
PERF_0072,Trabajo como nutricionista dietista. También genero ingresos con editor de video. En mi tiempo libre disfruto cocina y reposteria. Quiero hacer certificacion profesional.,nutricion_y_dietetica,dentro_del_mvp,train,si,VEN_0072_3,2026-04-01,2026-06-30,equilibrio_sostenible,calculado,93.85,train,VEN_0072_3,2026-04-01,2026-06-30,equilibrio_sostenible,recomendacion_disponible,REC_CREAR_MARGEN,sugerir,modelo_restringido,no_requerida,hobbies_no_eliminados_automaticamente,100,3,7,True,True,True,True,True
PERF_0073,Trabajo como disc jockey. En mi tiempo libre disfruto manualidades y artesanias y musica. Quiero comprar bicicleta.,musica_y_entretenimiento_dj,dentro_del_mvp,train,si,VEN_0073_3,2026-04-01,2026-06-30,variable_resiliente,calculado,87.83,train,VEN_0073_3,2026-04-01,2026-06-30,variable_resiliente,recomendacion_disponible,REC_PRIORIZAR_COBERTURA,aplicar,guarda_etica,no_requerida,cobertura_esencial_menor_a_un_mes | hobbies_no_eliminados_automaticamente,97,1,2,True,True,True,True,True
PERF_0074,Trabajo como ciclista. En mi tiempo libre disfruto musica y jardineria y agricultura urbana.,deporte_competitivo_ciclismo,dentro_del_mvp,train,si,VEN_0074_3,2026-04-01,2026-06-30,uso_planificado_reserva,calculado,97.0,train,VEN_0074_3,2026-04-01,2026-06-30,uso_planificado_reserva,recomendacion_disponible,REC_VIGILAR_RESERVA,sugerir,modelo_restringido,no_requerida,hobbies_no_eliminados_automaticamente,94,1,7,True,True,True,True,True
PERF_0075,Trabajo como repartidor de domicilios. En mi tiempo libre disfruto fotografia y video y pintura. Quiero comprar equipo de trabajo. Tengo como responsabilidad apoyo mensual madre o padre.,domicilios_mensajeria_y_reparto,dentro_del_mvp,train,si,VEN_0075_3,2026-04-01,2026-06-30,deterioro_reciente,calculado,85.33,train,VEN_0075_3,2026-04-01,2026-06-30,deterioro_reciente,recomendacion_disponible,REC_PRIORIZAR_COBERTURA,aplicar,guarda_etica,requerida,cobertura_esencial_menor_a_un_mes | cambio_reciente_requiere_revision | hobbies_no_eliminados_automaticamente,91,2,6,True,True,True,True,True
PERF_0076,Trabajo como vendedor de tienda. En mi tiempo libre disfruto videojuegos y streaming y musica. Quiero mejorar vivienda. Tengo como responsabilidad ninguna declarada.,ventas_al_por_menor,dentro_del_mvp,train,si,VEN_0076_3,2026-04-01,2026-06-30,fragilidad_sostenida,calculado,89.11,train,VEN_0076_3,2026-04-01,2026-06-30,fragilidad_sostenida,recomendacion_disponible,REC_PRIORIZAR_COBERTURA,aplicar,modelo_restringido,no_requerida,proteccion_esencial_por_fragilidad | hobbies_no_eliminados_automaticamente,91,3,3,True,True,True,True,True
PERF_0077,Trabajo como editor de video. Quiero hacer viaje. Tengo como responsabilidad gastos de un hijo.,diseno_audiovisual_y_edicion_de_video,dentro_del_mvp,test,si,VEN_0077_3,2026-04-01,2026-06-30,situacion_critica,calculado,99.87,test,VEN_0077_3,2026-04-01,2026-06-30,situacion_critica,recomendacion_disponible,REC_PLAN_CONTENCION,aplicar,modelo_restringido,requerida,situacion_critica_con_revision_humana | hobbies_no_eliminados_automaticamente,91,1,1,True,True,True,True,True
PERF_0078,Trabajo como docente de educación básica secundaria. En mi tiempo libre disfruto impresion 3d y manualidades y artesanias.,docencia_y_formacion,dentro_del_mvp,test,si,VEN_0078_3,2026-04-01,2026-06-30,acumulacion_estable,calculado,97.53,test,VEN_0078_3,2026-04-01,2026-06-30,acumulacion_estable,recomendacion_disponible,REC_MANTENER_ACUMULACION,aplicar,modelo_restringido,no_requerida,hobbies_no_eliminados_automaticamente,94,2,3,True,True,True,True,True
PERF_0079,Trabajo como horticultor. También genero ingresos con repartidor de domicilios. En mi tiempo libre disfruto jardineria y agricultura urbana y manualidades y artesanias. Quiero comprar bicicleta. Tengo como responsabilidad ninguna declarada.,agricultura,dentro_del_mvp,train,si,VEN_0079_3,2026-04-01,2026-06-30,equilibrio_sostenible,calculado,98.26,train,VEN_0079_3,2026-04-01,2026-06-30,equilibrio_sostenible,recomendacion_disponible,REC_CREAR_MARGEN,sugerir,modelo_restringido,no_requerida,hobbies_no_eliminados_automaticamente,99,2,5,True,True,True,True,True
PERF_0080,Trabajo como barbero. Quiero crear fondo emergencia. Tengo como responsabilidad aporte hogar compartido.,peluqueria_y_barberia,dentro_del_mvp,train,si,VEN_0080_3,2026-04-01,2026-06-30,variable_resiliente,calculado,90.56,train,VEN_0080_3,2026-04-01,2026-06-30,variable_resiliente,recomendacion_disponible,REC_RESERVA_PICOS,aplicar,modelo_restringido,no_requerida,hobbies_no_eliminados_automaticamente,97,1,5,True,True,True,True,True
PERF_0081,Trabajo como ingeniero de software. En mi tiempo libre disfruto pintura y jardineria y agricultura urbana. Quiero hacer viaje. Tengo como responsabilidad gastos de un hijo.,ingenieria_y_desarrollo_de_software,dentro_del_mvp,train,si,VEN_0081_3,2026-04-01,2026-06-30,uso_planificado_reserva,calculado,94.45,train,VEN_0081_3,2026-04-01,2026-06-30,uso_planificado_reserva,recomendacion_disponible,REC_VIGILAR_RESERVA,sugerir,modelo_restringido,no_requerida,hobbies_no_eliminados_automaticamente,100,3,8,True,True,True,True,True
PERF_0082,Trabajo como nutricionista dietista. Quiero pagar deuda. Tengo como responsabilidad aporte hogar compartido.,nutricion_y_dietetica,dentro_del_mvp,train,si,VEN_0082_3,2026-04-01,2026-06-30,deterioro_reciente,calculado,74.37,train,VEN_0082_3,2026-04-01,2026-06-30,deterioro_reciente,recomendacion_disponible,REC_REVISAR_CAMBIO_RECIENTE,solicitar_contexto,modelo_restringido,requerida,cambio_reciente_requiere_revision | hobbies_no_eliminados_automaticamente,97,1,2,True,True,True,True,True
PERF_0083,Trabajo como disc jockey. En mi tiempo libre disfruto manualidades y artesanias. Tengo como responsabilidad medicamentos de un familiar.,musica_y_entretenimiento_dj,dentro_del_mvp,train,si,VEN_0083_3,2026-04-01,2026-06-30,fragilidad_sostenida,calculado,99.29,train,VEN_0083_3,2026-04-01,2026-06-30,fragilidad_sostenida,recomendacion_disponible,REC_PRIORIZAR_COBERTURA,aplicar,modelo_restringido,no_requerida,proteccion_esencial_por_fragilidad | hobbies_no_eliminados_automaticamente,95,1,4,True,True,True,True,True
PERF_0084,Trabajo como ciclista. En mi tiempo libre disfruto musica. Quiero ampliar actividad economica. Tengo como responsabilidad apoyo parcial a dos familiares.,deporte_competitivo_ciclismo,dentro_del_mvp,validation,si,VEN_0084_3,2026-04-01,2026-06-30,situacion_critica,calculado,97.77,validation,VEN_0084_3,2026-04-01,2026-06-30,situacion_critica,recomendacion_disponible,REC_PLAN_CONTENCION,aplicar,modelo_restringido,requerida,situacion_critica_con_revision_humana | hobbies_no_eliminados_automaticamente,100,2,4,True,True,True,True,True
PERF_0085,Trabajo como repartidor de domicilios. También genero ingresos con ingeniero de software. En mi tiempo libre disfruto fotografia y video. Quiero hacer certificacion profesional. Tengo como responsabilidad apoyo mensual madre o padre.,domicilios_mensajeria_y_reparto,dentro_del_mvp,train,si,VEN_0085_3,2026-04-01,2026-06-30,acumulacion_estable,calculado,97.99,train,VEN_0085_3,2026-04-01,2026-06-30,acumulacion_estable,recomendacion_disponible,REC_MANTENER_ACUMULACION,aplicar,modelo_restringido,no_requerida,hobbies_no_eliminados_automaticamente,96,2,5,True,True,True,True,True
PERF_0086,Trabajo como vendedor de tienda. En mi tiempo libre disfruto videojuegos y streaming y manualidades y artesanias. Quiero mejorar vivienda.,ventas_al_por_menor,dentro_del_mvp,validation,si,VEN_0086_3,2026-04-01,2026-06-30,equilibrio_sostenible,calculado,86.24,validation,VEN_0086_3,2026-04-01,2026-06-30,equilibrio_sostenible,recomendacion_disponible,REC_CREAR_MARGEN,sugerir,modelo_restringido,no_requerida,hobbies_no_eliminados_automaticamente,96,3,3,True,True,True,True,True
PERF_0087,Trabajo como editor de video. En mi tiempo libre disfruto turismo y viajes. Tengo como responsabilidad medicamentos de un familiar.,diseno_audiovisual_y_edicion_de_video,dentro_del_mvp,train,si,VEN_0087_3,2026-04-01,2026-06-30,variable_resiliente,calculado,88.28,train,VEN_0087_3,2026-04-01,2026-06-30,variable_resiliente,recomendacion_disponible,REC_RESERVA_PICOS,aplicar,modelo_restringido,no_requerida,hobbies_no_eliminados_automaticamente,96,3,8,True,True,True,True,True
PERF_0088,Trabajo como docente de educación básica secundaria. En mi tiempo libre disfruto impresion 3d y turismo y viajes. Quiero crear fondo emergencia.,docencia_y_formacion,dentro_del_mvp,train,si,VEN_0088_3,2026-04-01,2026-06-30,uso_planificado_reserva,calculado,96.14,train,VEN_0088_3,2026-04-01,2026-06-30,uso_planificado_reserva,recomendacion_disponible,REC_VIGILAR_RESERVA,sugerir,modelo_restringido,no_requerida,hobbies_no_eliminados_automaticamente,93,1,13,True,True,True,True,True
PERF_0089,Trabajo como horticultor. También genero ingresos con nutricionista dietista. Quiero hacer certificacion profesional.,agricultura,dentro_del_mvp,train,si,VEN_0089_3,2026-04-01,2026-06-30,deterioro_reciente,calculado,89.35,train,VEN_0089_3,2026-04-01,2026-06-30,deterioro_reciente,recomendacion_disponible,REC_REVISAR_CAMBIO_RECIENTE,solicitar_contexto,modelo_restringido,requerida,cambio_reciente_requiere_revision | hobbies_no_eliminados_automaticamente,98,5,4,True,True,True,True,True
PERF_0090,Trabajo como barbero. En mi tiempo libre disfruto ciclismo y musica. Tengo como responsabilidad aporte hogar compartido.,peluqueria_y_barberia,dentro_del_mvp,train,si,VEN_0090_3,2026-04-01,2026-06-30,fragilidad_sostenida,calculado,97.7,train,VEN_0090_3,2026-04-01,2026-06-30,fragilidad_sostenida,recomendacion_disponible,REC_PRIORIZAR_COBERTURA,aplicar,modelo_restringido,no_requerida,proteccion_esencial_por_fragilidad | hobbies_no_eliminados_automaticamente,90,1,2,True,True,True,True,True
PERF_0091,Trabajo como ingeniero de software. También genero ingresos con docente de educación básica secundaria. En mi tiempo libre disfruto pintura y fotografia y video.,ingenieria_y_desarrollo_de_software,dentro_del_mvp,validation,si,VEN_0091_3,2026-04-01,2026-06-30,situacion_critica,calculado,99.57,validation,VEN_0091_3,2026-04-01,2026-06-30,situacion_critica,recomendacion_disponible,REC_PLAN_CONTENCION,aplicar,modelo_restringido,requerida,situacion_critica_con_revision_humana | hobbies_no_eliminados_automaticamente,93,2,2,True,True,True,True,True
PERF_0092,Trabajo como nutricionista dietista.,nutricion_y_dietetica,dentro_del_mvp,test,si,VEN_0092_3,2026-04-01,2026-06-30,acumulacion_estable,calculado,93.92,test,VEN_0092_3,2026-04-01,2026-06-30,acumulacion_estable,recomendacion_disponible,REC_MANTENER_ACUMULACION,aplicar,modelo_restringido,no_requerida,hobbies_no_eliminados_automaticamente,100,1,4,True,True,True,True,True
PERF_0093,Trabajo como disc jockey. También genero ingresos con ciclista. En mi tiempo libre disfruto manualidades y artesanias y pintura. Quiero comprar equipo de trabajo. Tengo como responsabilidad apoyo parcial a dos familiares.,musica_y_entretenimiento_dj,dentro_del_mvp,train,si,VEN_0093_3,2026-04-01,2026-06-30,equilibrio_sostenible,calculado,93.69,train,VEN_0093_3,2026-04-01,2026-06-30,equilibrio_sostenible,recomendacion_disponible,REC_CREAR_MARGEN,sugerir,modelo_restringido,no_requerida,hobbies_no_eliminados_automaticamente,92,2,3,True,True,True,True,True
PERF_0094,Trabajo como ciclista. En mi tiempo libre disfruto musica y turismo y viajes.,deporte_competitivo_ciclismo,dentro_del_mvp,train,si,VEN_0094_3,2026-04-01,2026-06-30,variable_resiliente,calculado,95.76,train,VEN_0094_3,2026-04-01,2026-06-30,variable_resiliente,recomendacion_disponible,REC_RESERVA_PICOS,aplicar,modelo_restringido,no_requerida,hobbies_no_eliminados_automaticamente,93,3,5,True,True,True,True,True
PERF_0095,Trabajo como repartidor de domicilios. En mi tiempo libre disfruto fotografia y video. Quiero ampliar actividad economica. Tengo como responsabilidad medicamentos de un familiar.,domicilios_mensajeria_y_reparto,dentro_del_mvp,test,si,VEN_0095_3,2026-04-01,2026-06-30,uso_planificado_reserva,calculado,99.04,test,VEN_0095_3,2026-04-01,2026-06-30,uso_planificado_reserva,recomendacion_disponible,REC_VIGILAR_RESERVA,sugerir,modelo_restringido,no_requerida,hobbies_no_eliminados_automaticamente,100,1,6,True,True,True,True,True
PERF_0096,Trabajo como vendedor de tienda. En mi tiempo libre disfruto videojuegos y streaming. Quiero ampliar actividad economica.,ventas_al_por_menor,dentro_del_mvp,train,si,VEN_0096_3,2026-04-01,2026-06-30,deterioro_reciente,calculado,78.7,train,VEN_0096_3,2026-04-01,2026-06-30,deterioro_reciente,recomendacion_disponible,REC_PRIORIZAR_COBERTURA,aplicar,guarda_etica,requerida,cobertura_esencial_menor_a_un_mes | cambio_reciente_requiere_revision | hobbies_no_eliminados_automaticamente,97,3,4,True,True,True,True,True
PERF_0097,Trabajo como editor de video. En mi tiempo libre disfruto turismo y viajes. Quiero mejorar vivienda. Tengo como responsabilidad apoyo parcial a dos familiares.,diseno_audiovisual_y_edicion_de_video,dentro_del_mvp,test,si,VEN_0097_3,2026-04-01,2026-06-30,fragilidad_sostenida,calculado,90.61,test,VEN_0097_3,2026-04-01,2026-06-30,fragilidad_sostenida,recomendacion_disponible,REC_PRIORIZAR_COBERTURA,aplicar,modelo_restringido,no_requerida,proteccion_esencial_por_fragilidad | hobbies_no_eliminados_automaticamente,90,2,1,True,True,True,True,True
PERF_0098,Trabajo como docente de educación básica secundaria. Quiero comprar equipo de trabajo.,docencia_y_formacion,dentro_del_mvp,test,si,VEN_0098_3,2026-04-01,2026-06-30,situacion_critica,calculado,97.63,test,VEN_0098_3,2026-04-01,2026-06-30,situacion_critica,recomendacion_disponible,REC_PLAN_CONTENCION,aplicar,modelo_restringido,requerida,situacion_critica_con_revision_humana | hobbies_no_eliminados_automaticamente,95,4,1,True,True,True,True,True
PERF_0099,Trabajo como horticultor. En mi tiempo libre disfruto jardineria y agricultura urbana y impresion 3d. Quiero comprar equipo de trabajo.,agricultura,dentro_del_mvp,train,si,VEN_0099_3,2026-04-01,2026-06-30,acumulacion_estable,calculado,97.82,train,VEN_0099_3,2026-04-01,2026-06-30,acumulacion_estable,recomendacion_disponible,REC_MANTENER_ACUMULACION,aplicar,modelo_restringido,no_requerida,hobbies_no_eliminados_automaticamente,96,2,2,True,True,True,True,True
PERF_0100,Trabajo como barbero. Quiero comprar bicicleta. Tengo como responsabilidad gastos de un hijo.,peluqueria_y_barberia,dentro_del_mvp,train,si,VEN_0100_3,2026-04-01,2026-06-30,equilibrio_sostenible,calculado,97.6,train,VEN_0100_3,2026-04-01,2026-06-30,equilibrio_sostenible,recomendacion_disponible,REC_CREAR_MARGEN,sugerir,modelo_restringido,no_requerida,hobbies_no_eliminados_automaticamente,99,1,7,True,True,True,True,True
PERF_0101,Trabajo como ingeniero de software. También genero ingresos con editor de video. Quiero pagar deuda.,ingenieria_y_desarrollo_de_software,dentro_del_mvp,train,si,VEN_0101_3,2026-04-01,2026-06-30,variable_resiliente,calculado,94.07,train,VEN_0101_3,2026-04-01,2026-06-30,variable_resiliente,recomendacion_disponible,REC_RESERVA_PICOS,aplicar,modelo_restringido,no_requerida,hobbies_no_eliminados_automaticamente,98,1,8,True,True,True,True,True
PERF_0102,Trabajo como nutricionista dietista. También genero ingresos con horticultor. En mi tiempo libre disfruto cocina y reposteria y turismo y viajes. Quiero hacer viaje.,nutricion_y_dietetica,dentro_del_mvp,validation,si,VEN_0102_3,2026-04-01,2026-06-30,uso_planificado_reserva,calculado,97.66,validation,VEN_0102_3,2026-04-01,2026-06-30,uso_planificado_reserva,recomendacion_disponible,REC_VIGILAR_RESERVA,sugerir,modelo_restringido,no_requerida,hobbies_no_eliminados_automaticamente,99,2,7,True,True,True,True,True
PERF_0103,Trabajo como disc jockey. También genero ingresos con docente de educación básica secundaria. Tengo como responsabilidad apoyo parcial a dos familiares.,musica_y_entretenimiento_dj,dentro_del_mvp,train,si,VEN_0103_3,2026-04-01,2026-06-30,deterioro_reciente,calculado,73.46,train,VEN_0103_3,2026-04-01,2026-06-30,deterioro_reciente,recomendacion_disponible,REC_REVISAR_CAMBIO_RECIENTE,solicitar_contexto,modelo_restringido,requerida,cambio_reciente_requiere_revision | hobbies_no_eliminados_automaticamente,98,3,7,True,True,True,True,True
PERF_0104,Trabajo como ciclista. En mi tiempo libre disfruto musica y turismo y viajes. Quiero mejorar vivienda. Tengo como responsabilidad medicamentos de un familiar.,deporte_competitivo_ciclismo,dentro_del_mvp,train,si,VEN_0104_3,2026-04-01,2026-06-30,fragilidad_sostenida,calculado,98.61,train,VEN_0104_3,2026-04-01,2026-06-30,fragilidad_sostenida,recomendacion_disponible,REC_PRIORIZAR_COBERTURA,aplicar,modelo_restringido,no_requerida,proteccion_esencial_por_fragilidad | hobbies_no_eliminados_automaticamente,90,5,2,True,True,True,True,True
PERF_0105,Trabajo como repartidor de domicilios. Quiero hacer certificacion profesional. Tengo como responsabilidad aporte hogar compartido.,domicilios_mensajeria_y_reparto,dentro_del_mvp,train,si,VEN_0105_3,2026-04-01,2026-06-30,situacion_critica,calculado,99.27,train,VEN_0105_3,2026-04-01,2026-06-30,situacion_critica,recomendacion_disponible,REC_PLAN_CONTENCION,aplicar,modelo_restringido,requerida,situacion_critica_con_revision_humana | hobbies_no_eliminados_automaticamente,96,3,2,True,True,True,True,True
PERF_0106,Trabajo como vendedor de tienda. También genero ingresos con disc jockey. Quiero mejorar vivienda. Tengo como responsabilidad apoyo parcial a dos familiares.,ventas_al_por_menor,dentro_del_mvp,train,si,VEN_0106_3,2026-04-01,2026-06-30,acumulacion_estable,calculado,96.39,train,VEN_0106_3,2026-04-01,2026-06-30,acumulacion_estable,recomendacion_disponible,REC_MANTENER_ACUMULACION,aplicar,modelo_restringido,no_requerida,hobbies_no_eliminados_automaticamente,90,4,3,True,True,True,True,True
PERF_0107,Trabajo como editor de video. En mi tiempo libre disfruto turismo y viajes.,diseno_audiovisual_y_edicion_de_video,dentro_del_mvp,train,si,VEN_0107_3,2026-04-01,2026-06-30,equilibrio_sostenible,calculado,98.11,train,VEN_0107_3,2026-04-01,2026-06-30,equilibrio_sostenible,recomendacion_disponible,REC_CREAR_MARGEN,sugerir,modelo_restringido,no_requerida,hobbies_no_eliminados_automaticamente,93,1,2,True,True,True,True,True
PERF_0108,Trabajo como docente de educación básica secundaria. En mi tiempo libre disfruto impresion 3d y cocina y reposteria. Quiero crear fondo emergencia. Tengo como responsabilidad medicamentos de un familiar.,docencia_y_formacion,dentro_del_mvp,train,si,VEN_0108_3,2026-04-01,2026-06-30,variable_resiliente,calculado,91.84,train,VEN_0108_3,2026-04-01,2026-06-30,variable_resiliente,recomendacion_disponible,REC_RESERVA_PICOS,aplicar,modelo_restringido,no_requerida,hobbies_no_eliminados_automaticamente,95,3,1,True,True,True,True,True
PERF_0109,Trabajo como horticultor. Quiero ampliar actividad economica. Tengo como responsabilidad medicamentos de un familiar.,agricultura,dentro_del_mvp,train,si,VEN_0109_3,2026-04-01,2026-06-30,uso_planificado_reserva,calculado,99.11,train,VEN_0109_3,2026-04-01,2026-06-30,uso_planificado_reserva,recomendacion_disponible,REC_VIGILAR_RESERVA,sugerir,modelo_restringido,no_requerida,hobbies_no_eliminados_automaticamente,95,3,8,True,True,True,True,True
PERF_0110,Trabajo como barbero. También genero ingresos con horticultor. En mi tiempo libre disfruto ciclismo.,peluqueria_y_barberia,dentro_del_mvp,train,si,VEN_0110_3,2026-04-01,2026-06-30,deterioro_reciente,calculado,80.44,train,VEN_0110_3,2026-04-01,2026-06-30,deterioro_reciente,recomendacion_disponible,REC_REVISAR_CAMBIO_RECIENTE,solicitar_contexto,modelo_restringido,requerida,cambio_reciente_requiere_revision | hobbies_no_eliminados_automaticamente,91,2,4,True,True,True,True,True
PERF_0111,Trabajo como ingeniero de software. En mi tiempo libre disfruto pintura y cocina y reposteria. Tengo como responsabilidad ninguna declarada.,ingenieria_y_desarrollo_de_software,dentro_del_mvp,train,si,VEN_0111_3,2026-04-01,2026-06-30,fragilidad_sostenida,calculado,98.37,train,VEN_0111_3,2026-04-01,2026-06-30,fragilidad_sostenida,recomendacion_disponible,REC_PRIORIZAR_COBERTURA,aplicar,modelo_restringido,no_requerida,proteccion_esencial_por_fragilidad | hobbies_no_eliminados_automaticamente,100,3,4,True,True,True,True,True
PERF_0112,Trabajo como nutricionista dietista. También genero ingresos con docente de educación básica secundaria. En mi tiempo libre disfruto cocina y reposteria y fotografia y video. Quiero comprar bicicleta.,nutricion_y_dietetica,dentro_del_mvp,train,si,VEN_0112_3,2026-04-01,2026-06-30,situacion_critica,calculado,98.32,train,VEN_0112_3,2026-04-01,2026-06-30,situacion_critica,recomendacion_disponible,REC_PLAN_CONTENCION,aplicar,modelo_restringido,requerida,situacion_critica_con_revision_humana | hobbies_no_eliminados_automaticamente,94,2,5,True,True,True,True,True
PERF_0113,Trabajo como disc jockey. También genero ingresos con repartidor de domicilios.,musica_y_entretenimiento_dj,dentro_del_mvp,validation,si,VEN_0113_3,2026-04-01,2026-06-30,acumulacion_estable,calculado,97.32,validation,VEN_0113_3,2026-04-01,2026-06-30,acumulacion_estable,recomendacion_disponible,REC_MANTENER_ACUMULACION,aplicar,modelo_restringido,no_requerida,hobbies_no_eliminados_automaticamente,93,1,3,True,True,True,True,True
PERF_0114,Trabajo como ciclista. También genero ingresos con nutricionista dietista. En mi tiempo libre disfruto musica. Quiero comprar equipo de trabajo. Tengo como responsabilidad aporte hogar compartido.,deporte_competitivo_ciclismo,dentro_del_mvp,train,si,VEN_0114_3,2026-04-01,2026-06-30,equilibrio_sostenible,calculado,98.64,train,VEN_0114_3,2026-04-01,2026-06-30,equilibrio_sostenible,recomendacion_disponible,REC_CREAR_MARGEN,sugerir,modelo_restringido,no_requerida,hobbies_no_eliminados_automaticamente,94,2,6,True,True,True,True,True
PERF_0115,Trabajo como repartidor de domicilios. En mi tiempo libre disfruto fotografia y video y manualidades y artesanias. Tengo como responsabilidad medicamentos de un familiar.,domicilios_mensajeria_y_reparto,dentro_del_mvp,train,si,VEN_0115_3,2026-04-01,2026-06-30,variable_resiliente,calculado,66.74,train,VEN_0115_3,2026-04-01,2026-06-30,variable_resiliente,recomendacion_disponible,REC_PRIORIZAR_COBERTURA,aplicar,guarda_etica,no_requerida,cobertura_esencial_menor_a_un_mes | hobbies_no_eliminados_automaticamente,99,3,5,True,True,True,True,True
PERF_0116,Trabajo como vendedor de tienda. En mi tiempo libre disfruto videojuegos y streaming. Quiero hacer certificacion profesional. Tengo como responsabilidad apoyo parcial a dos familiares.,ventas_al_por_menor,dentro_del_mvp,train,si,VEN_0116_3,2026-04-01,2026-06-30,uso_planificado_reserva,calculado,98.07,train,VEN_0116_3,2026-04-01,2026-06-30,uso_planificado_reserva,recomendacion_disponible,REC_VIGILAR_RESERVA,sugerir,modelo_restringido,no_requerida,hobbies_no_eliminados_automaticamente,96,1,2,True,True,True,True,True
PERF_0117,Trabajo como editor de video. También genero ingresos con barbero. En mi tiempo libre disfruto turismo y viajes.,diseno_audiovisual_y_edicion_de_video,dentro_del_mvp,train,si,VEN_0117_3,2026-04-01,2026-06-30,deterioro_reciente,calculado,68.6,train,VEN_0117_3,2026-04-01,2026-06-30,deterioro_reciente,recomendacion_disponible,REC_PRIORIZAR_COBERTURA,aplicar,guarda_etica,requerida,cobertura_esencial_menor_a_un_mes | cambio_reciente_requiere_revision | hobbies_no_eliminados_automaticamente,100,2,4,True,True,True,True,True
PERF_0118,Trabajo como docente de educación básica secundaria. También genero ingresos con ciclista. En mi tiempo libre disfruto impresion 3d y videojuegos y streaming. Quiero mejorar vivienda.,docencia_y_formacion,dentro_del_mvp,train,si,VEN_0118_3,2026-04-01,2026-06-30,fragilidad_sostenida,calculado,100.0,train,VEN_0118_3,2026-04-01,2026-06-30,fragilidad_sostenida,recomendacion_disponible,REC_PRIORIZAR_COBERTURA,aplicar,modelo_restringido,no_requerida,proteccion_esencial_por_fragilidad | hobbies_no_eliminados_automaticamente,90,3,5,True,True,True,True,True
PERF_0119,Trabajo como horticultor. También genero ingresos con editor de video. En mi tiempo libre disfruto jardineria y agricultura urbana y manualidades y artesanias. Quiero mejorar vivienda.,agricultura,dentro_del_mvp,train,si,VEN_0119_3,2026-04-01,2026-06-30,situacion_critica,calculado,97.78,train,VEN_0119_3,2026-04-01,2026-06-30,situacion_critica,recomendacion_disponible,REC_PLAN_CONTENCION,aplicar,modelo_restringido,requerida,situacion_critica_con_revision_humana | hobbies_no_eliminados_automaticamente,99,2,4,True,True,True,True,True
PERF_0120,Trabajo como barbero. En mi tiempo libre disfruto ciclismo y videojuegos y streaming. Tengo como responsabilidad gastos de un hijo.,peluqueria_y_barberia,dentro_del_mvp,train,si,VEN_0120_3,2026-04-01,2026-06-30,acumulacion_estable,calculado,98.42,train,VEN_0120_3,2026-04-01,2026-06-30,acumulacion_estable,recomendacion_disponible,REC_MANTENER_ACUMULACION,aplicar,modelo_restringido,no_requerida,hobbies_no_eliminados_automaticamente,98,2,1,True,True,True,True,True
PERF_0121,Trabajo como ingeniero de software. En mi tiempo libre disfruto pintura.,ingenieria_y_desarrollo_de_software,dentro_del_mvp,train,si,VEN_0121_3,2026-04-01,2026-06-30,equilibrio_sostenible,calculado,94.96,train,VEN_0121_3,2026-04-01,2026-06-30,equilibrio_sostenible,recomendacion_disponible,REC_CREAR_MARGEN,sugerir,modelo_restringido,no_requerida,hobbies_no_eliminados_automaticamente,90,2,4,True,True,True,True,True
PERF_0122,Trabajo como nutricionista dietista. También genero ingresos con disc jockey. En mi tiempo libre disfruto cocina y reposteria. Quiero hacer certificacion profesional.,nutricion_y_dietetica,dentro_del_mvp,train,si,VEN_0122_3,2026-04-01,2026-06-30,variable_resiliente,calculado,94.45,train,VEN_0122_3,2026-04-01,2026-06-30,variable_resiliente,recomendacion_disponible,REC_RESERVA_PICOS,aplicar,modelo_restringido,no_requerida,hobbies_no_eliminados_automaticamente,95,2,8,True,True,True,True,True
PERF_0123,Trabajo como disc jockey. También genero ingresos con editor de video. Quiero hacer viaje.,musica_y_entretenimiento_dj,dentro_del_mvp,train,si,VEN_0123_3,2026-04-01,2026-06-30,uso_planificado_reserva,calculado,99.48,train,VEN_0123_3,2026-04-01,2026-06-30,uso_planificado_reserva,recomendacion_disponible,REC_VIGILAR_RESERVA,sugerir,modelo_restringido,no_requerida,hobbies_no_eliminados_automaticamente,90,2,3,True,True,True,True,True
PERF_0124,Trabajo como ciclista. En mi tiempo libre disfruto musica. Quiero comprar equipo de trabajo. Tengo como responsabilidad medicamentos de un familiar.,deporte_competitivo_ciclismo,dentro_del_mvp,train,si,VEN_0124_3,2026-04-01,2026-06-30,deterioro_reciente,calculado,87.65,train,VEN_0124_3,2026-04-01,2026-06-30,deterioro_reciente,recomendacion_disponible,REC_PRIORIZAR_COBERTURA,aplicar,guarda_etica,requerida,cobertura_esencial_menor_a_un_mes | cambio_reciente_requiere_revision | hobbies_no_eliminados_automaticamente,95,1,4,True,True,True,True,True
PERF_0125,Trabajo como repartidor de domicilios. En mi tiempo libre disfruto fotografia y video y manualidades y artesanias. Tengo como responsabilidad aporte hogar compartido.,domicilios_mensajeria_y_reparto,dentro_del_mvp,train,si,VEN_0125_3,2026-04-01,2026-06-30,fragilidad_sostenida,calculado,97.41,train,VEN_0125_3,2026-04-01,2026-06-30,fragilidad_sostenida,recomendacion_disponible,REC_PRIORIZAR_COBERTURA,aplicar,modelo_restringido,no_requerida,proteccion_esencial_por_fragilidad | hobbies_no_eliminados_automaticamente,90,2,1,True,True,True,True,True
PERF_0126,Trabajo como vendedor de tienda. Tengo como responsabilidad medicamentos de un familiar.,ventas_al_por_menor,dentro_del_mvp,train,si,VEN_0126_3,2026-04-01,2026-06-30,situacion_critica,calculado,98.66,train,VEN_0126_3,2026-04-01,2026-06-30,situacion_critica,recomendacion_disponible,REC_PLAN_CONTENCION,aplicar,modelo_restringido,requerida,situacion_critica_con_revision_humana | hobbies_no_eliminados_automaticamente,94,4,1,True,True,True,True,True
PERF_0127,Trabajo como editor de video. En mi tiempo libre disfruto turismo y viajes y impresion 3d. Quiero hacer certificacion profesional. Tengo como responsabilidad apoyo parcial a dos familiares.,diseno_audiovisual_y_edicion_de_video,dentro_del_mvp,train,si,VEN_0127_3,2026-04-01,2026-06-30,acumulacion_estable,calculado,98.49,train,VEN_0127_3,2026-04-01,2026-06-30,acumulacion_estable,recomendacion_disponible,REC_MANTENER_ACUMULACION,aplicar,modelo_restringido,no_requerida,hobbies_no_eliminados_automaticamente,95,2,5,True,True,True,True,True
PERF_0128,Trabajo como docente de educación básica secundaria. En mi tiempo libre disfruto impresion 3d y cocina y reposteria.,docencia_y_formacion,dentro_del_mvp,train,si,VEN_0128_3,2026-04-01,2026-06-30,equilibrio_sostenible,calculado,94.57,train,VEN_0128_3,2026-04-01,2026-06-30,equilibrio_sostenible,recomendacion_disponible,REC_CREAR_MARGEN,sugerir,modelo_restringido,no_requerida,hobbies_no_eliminados_automaticamente,98,2,2,True,True,True,True,True
PERF_0129,Trabajo como horticultor. Quiero ampliar actividad economica.,agricultura,dentro_del_mvp,train,si,VEN_0129_3,2026-04-01,2026-06-30,variable_resiliente,calculado,86.25,train,VEN_0129_3,2026-04-01,2026-06-30,variable_resiliente,recomendacion_disponible,REC_RESERVA_PICOS,aplicar,modelo_restringido,no_requerida,hobbies_no_eliminados_automaticamente,100,2,7,True,True,True,True,True
PERF_0130,Trabajo como barbero. Quiero mejorar vivienda.,peluqueria_y_barberia,dentro_del_mvp,train,si,VEN_0130_3,2026-04-01,2026-06-30,uso_planificado_reserva,calculado,99.2,train,VEN_0130_3,2026-04-01,2026-06-30,uso_planificado_reserva,recomendacion_disponible,REC_VIGILAR_RESERVA,sugerir,modelo_restringido,no_requerida,hobbies_no_eliminados_automaticamente,95,1,2,True,True,True,True,True
PERF_0131,Trabajo como ingeniero de software. En mi tiempo libre disfruto pintura. Quiero crear fondo emergencia. Tengo como responsabilidad aporte hogar compartido.,ingenieria_y_desarrollo_de_software,dentro_del_mvp,train,si,VEN_0131_3,2026-04-01,2026-06-30,deterioro_reciente,calculado,82.03,train,VEN_0131_3,2026-04-01,2026-06-30,deterioro_reciente,recomendacion_disponible,REC_REVISAR_CAMBIO_RECIENTE,solicitar_contexto,modelo_restringido,requerida,cambio_reciente_requiere_revision | hobbies_no_eliminados_automaticamente,93,2,6,True,True,True,True,True
PERF_0132,Trabajo como nutricionista dietista. En mi tiempo libre disfruto cocina y reposteria. Quiero pagar deuda. Tengo como responsabilidad aporte hogar compartido.,nutricion_y_dietetica,dentro_del_mvp,test,si,VEN_0132_3,2026-04-01,2026-06-30,fragilidad_sostenida,calculado,92.69,test,VEN_0132_3,2026-04-01,2026-06-30,fragilidad_sostenida,recomendacion_disponible,REC_PRIORIZAR_COBERTURA,aplicar,modelo_restringido,no_requerida,proteccion_esencial_por_fragilidad | hobbies_no_eliminados_automaticamente,91,3,3,True,True,True,True,True
PERF_0133,Trabajo como disc jockey. También genero ingresos con barbero. En mi tiempo libre disfruto manualidades y artesanias. Tengo como responsabilidad ninguna declarada.,musica_y_entretenimiento_dj,dentro_del_mvp,test,si,VEN_0133_3,2026-04-01,2026-06-30,situacion_critica,calculado,98.99,test,VEN_0133_3,2026-04-01,2026-06-30,situacion_critica,recomendacion_disponible,REC_PLAN_CONTENCION,aplicar,modelo_restringido,requerida,situacion_critica_con_revision_humana | hobbies_no_eliminados_automaticamente,97,2,4,True,True,True,True,True
PERF_0134,Trabajo como ciclista. En mi tiempo libre disfruto musica y cocina y reposteria. Quiero comprar equipo de trabajo.,deporte_competitivo_ciclismo,dentro_del_mvp,train,si,VEN_0134_3,2026-04-01,2026-06-30,acumulacion_estable,calculado,98.8,train,VEN_0134_3,2026-04-01,2026-06-30,acumulacion_estable,recomendacion_disponible,REC_MANTENER_ACUMULACION,aplicar,modelo_restringido,no_requerida,hobbies_no_eliminados_automaticamente,98,2,5,True,True,True,True,True
PERF_0135,Trabajo como repartidor de domicilios. También genero ingresos con editor de video. Quiero pagar deuda. Tengo como responsabilidad apoyo mensual madre o padre.,domicilios_mensajeria_y_reparto,dentro_del_mvp,train,si,VEN_0135_3,2026-04-01,2026-06-30,equilibrio_sostenible,calculado,95.02,train,VEN_0135_3,2026-04-01,2026-06-30,equilibrio_sostenible,recomendacion_disponible,REC_CREAR_MARGEN,sugerir,modelo_restringido,no_requerida,hobbies_no_eliminados_automaticamente,92,2,0,True,True,True,True,True
PERF_0136,Trabajo como vendedor de tienda.,ventas_al_por_menor,dentro_del_mvp,train,si,VEN_0136_3,2026-04-01,2026-06-30,variable_resiliente,calculado,87.2,train,VEN_0136_3,2026-04-01,2026-06-30,variable_resiliente,recomendacion_disponible,REC_RESERVA_PICOS,aplicar,modelo_restringido,no_requerida,hobbies_no_eliminados_automaticamente,99,2,6,True,True,True,True,True
PERF_0137,Trabajo como editor de video. En mi tiempo libre disfruto turismo y viajes y fotografia y video.,diseno_audiovisual_y_edicion_de_video,dentro_del_mvp,train,si,VEN_0137_3,2026-04-01,2026-06-30,uso_planificado_reserva,calculado,91.67,train,VEN_0137_3,2026-04-01,2026-06-30,uso_planificado_reserva,recomendacion_disponible,REC_VIGILAR_RESERVA,sugerir,modelo_restringido,no_requerida,hobbies_no_eliminados_automaticamente,90,3,4,True,True,True,True,True
PERF_0138,Trabajo como docente de educación básica secundaria. También genero ingresos con ciclista. En mi tiempo libre disfruto impresion 3d y cocina y reposteria. Quiero comprar equipo de trabajo.,docencia_y_formacion,dentro_del_mvp,train,si,VEN_0138_3,2026-04-01,2026-06-30,deterioro_reciente,calculado,73.65,train,VEN_0138_3,2026-04-01,2026-06-30,deterioro_reciente,recomendacion_disponible,REC_REVISAR_CAMBIO_RECIENTE,solicitar_contexto,modelo_restringido,requerida,cambio_reciente_requiere_revision | hobbies_no_eliminados_automaticamente,94,3,5,True,True,True,True,True
PERF_0139,Trabajo como horticultor. Tengo como responsabilidad gastos de un hijo.,agricultura,dentro_del_mvp,train,si,VEN_0139_3,2026-04-01,2026-06-30,fragilidad_sostenida,calculado,95.24,train,VEN_0139_3,2026-04-01,2026-06-30,fragilidad_sostenida,recomendacion_disponible,REC_PRIORIZAR_COBERTURA,aplicar,modelo_restringido,no_requerida,proteccion_esencial_por_fragilidad | hobbies_no_eliminados_automaticamente,99,2,5,True,True,True,True,True
PERF_0140,Trabajo como barbero. En mi tiempo libre disfruto ciclismo y manualidades y artesanias. Tengo como responsabilidad apoyo mensual madre o padre.,peluqueria_y_barberia,dentro_del_mvp,test,si,VEN_0140_3,2026-04-01,2026-06-30,situacion_critica,calculado,99.42,test,VEN_0140_3,2026-04-01,2026-06-30,situacion_critica,recomendacion_disponible,REC_PLAN_CONTENCION,aplicar,modelo_restringido,requerida,situacion_critica_con_revision_humana | hobbies_no_eliminados_automaticamente,93,1,2,True,True,True,True,True
PERF_0141,Trabajo como ingeniero de software. También genero ingresos con nutricionista dietista. En mi tiempo libre disfruto pintura. Quiero pagar deuda.,ingenieria_y_desarrollo_de_software,dentro_del_mvp,train,si,VEN_0141_3,2026-04-01,2026-06-30,acumulacion_estable,calculado,97.54,train,VEN_0141_3,2026-04-01,2026-06-30,acumulacion_estable,recomendacion_disponible,REC_MANTENER_ACUMULACION,aplicar,modelo_restringido,no_requerida,hobbies_no_eliminados_automaticamente,93,3,0,True,True,True,True,True
PERF_0142,Trabajo como nutricionista dietista. Quiero hacer viaje. Tengo como responsabilidad apoyo mensual madre o padre.,nutricion_y_dietetica,dentro_del_mvp,train,si,VEN_0142_3,2026-04-01,2026-06-30,equilibrio_sostenible,calculado,97.47,train,VEN_0142_3,2026-04-01,2026-06-30,equilibrio_sostenible,recomendacion_disponible,REC_CREAR_MARGEN,sugerir,modelo_restringido,no_requerida,hobbies_no_eliminados_automaticamente,98,2,4,True,True,True,True,True
PERF_0143,Trabajo como disc jockey. En mi tiempo libre disfruto manualidades y artesanias. Quiero comprar bicicleta.,musica_y_entretenimiento_dj,dentro_del_mvp,validation,si,VEN_0143_3,2026-04-01,2026-06-30,variable_resiliente,calculado,95.92,validation,VEN_0143_3,2026-04-01,2026-06-30,variable_resiliente,recomendacion_disponible,REC_RESERVA_PICOS,aplicar,modelo_restringido,no_requerida,hobbies_no_eliminados_automaticamente,95,1,5,True,True,True,True,True
PERF_0144,Trabajo como ciclista. También genero ingresos con barbero. En mi tiempo libre disfruto musica. Quiero pagar deuda. Tengo como responsabilidad gastos de un hijo.,deporte_competitivo_ciclismo,dentro_del_mvp,train,si,VEN_0144_3,2026-04-01,2026-06-30,uso_planificado_reserva,calculado,93.06,train,VEN_0144_3,2026-04-01,2026-06-30,uso_planificado_reserva,recomendacion_disponible,REC_PRIORIZAR_COBERTURA,aplicar,guarda_etica,no_requerida,cobertura_esencial_menor_a_un_mes | hobbies_no_eliminados_automaticamente,96,3,6,True,True,True,True,True
PERF_0145,Trabajo como repartidor de domicilios. En mi tiempo libre disfruto fotografia y video y manualidades y artesanias. Quiero pagar deuda. Tengo como responsabilidad gastos de un hijo.,domicilios_mensajeria_y_reparto,dentro_del_mvp,test,si,VEN_0145_3,2026-04-01,2026-06-30,deterioro_reciente,calculado,66.36,test,VEN_0145_3,2026-04-01,2026-06-30,deterioro_reciente,recomendacion_disponible,REC_PRIORIZAR_COBERTURA,aplicar,guarda_etica,requerida,cobertura_esencial_menor_a_un_mes | cambio_reciente_requiere_revision | hobbies_no_eliminados_automaticamente,91,1,4,True,True,True,True,True
PERF_0146,Trabajo como vendedor de tienda. Quiero comprar equipo de trabajo. Tengo como responsabilidad gastos de un hijo.,ventas_al_por_menor,dentro_del_mvp,train,si,VEN_0146_3,2026-04-01,2026-06-30,fragilidad_sostenida,calculado,96.62,train,VEN_0146_3,2026-04-01,2026-06-30,fragilidad_sostenida,recomendacion_disponible,REC_PRIORIZAR_COBERTURA,aplicar,modelo_restringido,no_requerida,proteccion_esencial_por_fragilidad | hobbies_no_eliminados_automaticamente,98,4,1,True,True,True,True,True
PERF_0147,Trabajo como editor de video. En mi tiempo libre disfruto turismo y viajes. Tengo como responsabilidad ninguna declarada.,diseno_audiovisual_y_edicion_de_video,dentro_del_mvp,train,si,VEN_0147_3,2026-04-01,2026-06-30,situacion_critica,calculado,99.88,train,VEN_0147_3,2026-04-01,2026-06-30,situacion_critica,recomendacion_disponible,REC_PLAN_CONTENCION,aplicar,modelo_restringido,requerida,situacion_critica_con_revision_humana | hobbies_no_eliminados_automaticamente,99,3,0,True,True,True,True,True
PERF_0148,Trabajo como docente de educación básica secundaria. Quiero mejorar vivienda. Tengo como responsabilidad apoyo parcial a dos familiares.,docencia_y_formacion,dentro_del_mvp,train,si,VEN_0148_3,2026-04-01,2026-06-30,acumulacion_estable,calculado,98.69,train,VEN_0148_3,2026-04-01,2026-06-30,acumulacion_estable,recomendacion_disponible,REC_MANTENER_ACUMULACION,aplicar,modelo_restringido,no_requerida,hobbies_no_eliminados_automaticamente,92,1,3,True,True,True,True,True
PERF_0149,Trabajo como horticultor. En mi tiempo libre disfruto jardineria y agricultura urbana y fotografia y video. Quiero comprar bicicleta.,agricultura,dentro_del_mvp,train,si,VEN_0149_3,2026-04-01,2026-06-30,equilibrio_sostenible,calculado,96.1,train,VEN_0149_3,2026-04-01,2026-06-30,equilibrio_sostenible,recomendacion_disponible,REC_CREAR_MARGEN,sugerir,modelo_restringido,no_requerida,hobbies_no_eliminados_automaticamente,99,2,4,True,True,True,True,True
PERF_0150,Trabajo como barbero. En mi tiempo libre disfruto ciclismo. Tengo como responsabilidad gastos de un hijo.,peluqueria_y_barberia,dentro_del_mvp,train,si,VEN_0150_3,2026-04-01,2026-06-30,variable_resiliente,calculado,79.92,train,VEN_0150_3,2026-04-01,2026-06-30,variable_resiliente,recomendacion_disponible,REC_PRIORIZAR_COBERTURA,aplicar,guarda_etica,no_requerida,cobertura_esencial_menor_a_un_mes | hobbies_no_eliminados_automaticamente,100,1,2,True,True,True,True,True
PERF_0151,Trabajo como ingeniero de software. En mi tiempo libre disfruto pintura y videojuegos y streaming.,ingenieria_y_desarrollo_de_software,dentro_del_mvp,train,si,VEN_0151_3,2026-04-01,2026-06-30,uso_planificado_reserva,calculado,99.92,train,VEN_0151_3,2026-04-01,2026-06-30,uso_planificado_reserva,recomendacion_disponible,REC_PRIORIZAR_COBERTURA,aplicar,guarda_etica,no_requerida,cobertura_esencial_menor_a_un_mes | hobbies_no_eliminados_automaticamente,94,2,7,True,True,True,True,True
PERF_0152,Trabajo como nutricionista dietista. También genero ingresos con docente de educación básica secundaria. En mi tiempo libre disfruto cocina y reposteria y impresion 3d. Quiero hacer viaje. Tengo como responsabilidad gastos de un hijo.,nutricion_y_dietetica,dentro_del_mvp,train,si,VEN_0152_3,2026-04-01,2026-06-30,deterioro_reciente,calculado,76.12,train,VEN_0152_3,2026-04-01,2026-06-30,deterioro_reciente,recomendacion_disponible,REC_REVISAR_CAMBIO_RECIENTE,solicitar_contexto,modelo_restringido,requerida,cambio_reciente_requiere_revision | hobbies_no_eliminados_automaticamente,100,2,6,True,True,True,True,True
PERF_0153,Trabajo como disc jockey. También genero ingresos con editor de video. Tengo como responsabilidad apoyo mensual madre o padre.,musica_y_entretenimiento_dj,dentro_del_mvp,validation,si,VEN_0153_3,2026-04-01,2026-06-30,fragilidad_sostenida,calculado,98.43,validation,VEN_0153_3,2026-04-01,2026-06-30,fragilidad_sostenida,recomendacion_disponible,REC_PRIORIZAR_COBERTURA,aplicar,modelo_restringido,no_requerida,proteccion_esencial_por_fragilidad | hobbies_no_eliminados_automaticamente,94,2,3,True,True,True,True,True
PERF_0154,Trabajo como ciclista. También genero ingresos con barbero. Quiero ampliar actividad economica.,deporte_competitivo_ciclismo,dentro_del_mvp,train,si,VEN_0154_3,2026-04-01,2026-06-30,situacion_critica,calculado,100.0,train,VEN_0154_3,2026-04-01,2026-06-30,situacion_critica,recomendacion_disponible,REC_PLAN_CONTENCION,aplicar,modelo_restringido,requerida,situacion_critica_con_revision_humana | hobbies_no_eliminados_automaticamente,96,4,4,True,True,True,True,True
PERF_0155,Trabajo como repartidor de domicilios. También genero ingresos con disc jockey.,domicilios_mensajeria_y_reparto,dentro_del_mvp,train,si,VEN_0155_3,2026-04-01,2026-06-30,acumulacion_estable,calculado,97.94,train,VEN_0155_3,2026-04-01,2026-06-30,acumulacion_estable,recomendacion_disponible,REC_MANTENER_ACUMULACION,aplicar,modelo_restringido,no_requerida,hobbies_no_eliminados_automaticamente,92,1,2,True,True,True,True,True
PERF_0156,Trabajo como vendedor de tienda. En mi tiempo libre disfruto videojuegos y streaming. Quiero crear fondo emergencia.,ventas_al_por_menor,dentro_del_mvp,train,si,VEN_0156_3,2026-04-01,2026-06-30,equilibrio_sostenible,calculado,96.33,train,VEN_0156_3,2026-04-01,2026-06-30,equilibrio_sostenible,recomendacion_disponible,REC_CREAR_MARGEN,sugerir,modelo_restringido,no_requerida,hobbies_no_eliminados_automaticamente,96,3,3,True,True,True,True,True
PERF_0157,Trabajo como editor de video. En mi tiempo libre disfruto turismo y viajes y pintura.,diseno_audiovisual_y_edicion_de_video,dentro_del_mvp,train,si,VEN_0157_3,2026-04-01,2026-06-30,variable_resiliente,calculado,86.53,train,VEN_0157_3,2026-04-01,2026-06-30,variable_resiliente,recomendacion_disponible,REC_RESERVA_PICOS,aplicar,modelo_restringido,no_requerida,hobbies_no_eliminados_automaticamente,93,2,2,True,True,True,True,True
PERF_0158,Trabajo como docente de educación básica secundaria.,docencia_y_formacion,dentro_del_mvp,train,si,VEN_0158_3,2026-04-01,2026-06-30,uso_planificado_reserva,calculado,94.21,train,VEN_0158_3,2026-04-01,2026-06-30,uso_planificado_reserva,recomendacion_disponible,REC_PRIORIZAR_COBERTURA,aplicar,guarda_etica,no_requerida,cobertura_esencial_menor_a_un_mes | hobbies_no_eliminados_automaticamente,95,3,8,True,True,True,True,True
PERF_0159,Trabajo como horticultor. En mi tiempo libre disfruto jardineria y agricultura urbana y pintura. Quiero mejorar vivienda.,agricultura,dentro_del_mvp,train,si,VEN_0159_3,2026-04-01,2026-06-30,deterioro_reciente,calculado,65.54,train,VEN_0159_3,2026-04-01,2026-06-30,deterioro_reciente,recomendacion_disponible,REC_REVISAR_CAMBIO_RECIENTE,solicitar_contexto,modelo_restringido,requerida,cambio_reciente_requiere_revision | hobbies_no_eliminados_automaticamente,95,1,4,True,True,True,True,True
PERF_0160,Trabajo como barbero. También genero ingresos con ingeniero de software. En mi tiempo libre disfruto ciclismo y turismo y viajes. Quiero mejorar vivienda. Tengo como responsabilidad aporte hogar compartido.,peluqueria_y_barberia,dentro_del_mvp,test,si,VEN_0160_3,2026-04-01,2026-06-30,fragilidad_sostenida,calculado,99.85,test,VEN_0160_3,2026-04-01,2026-06-30,fragilidad_sostenida,recomendacion_disponible,REC_PRIORIZAR_COBERTURA,aplicar,modelo_restringido,no_requerida,proteccion_esencial_por_fragilidad | hobbies_no_eliminados_automaticamente,96,2,2,True,True,True,True,True
PERF_0161,Trabajo como ingeniero de software. En mi tiempo libre disfruto pintura. Quiero hacer certificacion profesional.,ingenieria_y_desarrollo_de_software,dentro_del_mvp,train,si,VEN_0161_3,2026-04-01,2026-06-30,situacion_critica,calculado,100.0,train,VEN_0161_3,2026-04-01,2026-06-30,situacion_critica,recomendacion_disponible,REC_PLAN_CONTENCION,aplicar,modelo_restringido,requerida,situacion_critica_con_revision_humana | hobbies_no_eliminados_automaticamente,98,2,2,True,True,True,True,True
PERF_0162,Trabajo como nutricionista dietista. Quiero ampliar actividad economica. Tengo como responsabilidad gastos de un hijo.,nutricion_y_dietetica,dentro_del_mvp,validation,si,VEN_0162_3,2026-04-01,2026-06-30,acumulacion_estable,calculado,98.85,validation,VEN_0162_3,2026-04-01,2026-06-30,acumulacion_estable,recomendacion_disponible,REC_MANTENER_ACUMULACION,aplicar,modelo_restringido,no_requerida,hobbies_no_eliminados_automaticamente,100,1,2,True,True,True,True,True
PERF_0163,Trabajo como disc jockey. En mi tiempo libre disfruto manualidades y artesanias y cocina y reposteria. Tengo como responsabilidad apoyo mensual madre o padre.,musica_y_entretenimiento_dj,dentro_del_mvp,test,si,VEN_0163_3,2026-04-01,2026-06-30,equilibrio_sostenible,calculado,88.79,test,VEN_0163_3,2026-04-01,2026-06-30,equilibrio_sostenible,recomendacion_disponible,REC_PRIORIZAR_COBERTURA,aplicar,guarda_etica,no_requerida,cobertura_esencial_menor_a_un_mes | hobbies_no_eliminados_automaticamente,91,2,1,True,True,True,True,True
PERF_0164,Trabajo como ciclista. En mi tiempo libre disfruto musica.,deporte_competitivo_ciclismo,dentro_del_mvp,test,si,VEN_0164_3,2026-04-01,2026-06-30,variable_resiliente,calculado,64.19,test,VEN_0164_3,2026-04-01,2026-06-30,variable_resiliente,recomendacion_disponible,REC_PRIORIZAR_COBERTURA,aplicar,guarda_etica,no_requerida,cobertura_esencial_menor_a_un_mes | hobbies_no_eliminados_automaticamente,98,2,4,True,True,True,True,True
PERF_0165,Trabajo como repartidor de domicilios. En mi tiempo libre disfruto fotografia y video y musica. Quiero mejorar vivienda. Tengo como responsabilidad apoyo parcial a dos familiares.,domicilios_mensajeria_y_reparto,dentro_del_mvp,train,si,VEN_0165_3,2026-04-01,2026-06-30,uso_planificado_reserva,calculado,98.44,train,VEN_0165_3,2026-04-01,2026-06-30,uso_planificado_reserva,recomendacion_disponible,REC_VIGILAR_RESERVA,sugerir,modelo_restringido,no_requerida,hobbies_no_eliminados_automaticamente,99,1,11,True,True,True,True,True
PERF_0166,Trabajo como vendedor de tienda. En mi tiempo libre disfruto videojuegos y streaming y jardineria y agricultura urbana. Tengo como responsabilidad aporte hogar compartido.,ventas_al_por_menor,dentro_del_mvp,train,si,VEN_0166_3,2026-04-01,2026-06-30,deterioro_reciente,calculado,93.33,train,VEN_0166_3,2026-04-01,2026-06-30,deterioro_reciente,recomendacion_disponible,REC_PRIORIZAR_COBERTURA,aplicar,guarda_etica,requerida,cobertura_esencial_menor_a_un_mes | cambio_reciente_requiere_revision | hobbies_no_eliminados_automaticamente,99,2,5,True,True,True,True,True
PERF_0167,Trabajo como editor de video. En mi tiempo libre disfruto turismo y viajes. Quiero comprar equipo de trabajo. Tengo como responsabilidad medicamentos de un familiar.,diseno_audiovisual_y_edicion_de_video,dentro_del_mvp,train,si,VEN_0167_3,2026-04-01,2026-06-30,fragilidad_sostenida,calculado,96.79,train,VEN_0167_3,2026-04-01,2026-06-30,fragilidad_sostenida,recomendacion_disponible,REC_PRIORIZAR_COBERTURA,aplicar,modelo_restringido,no_requerida,proteccion_esencial_por_fragilidad | hobbies_no_eliminados_automaticamente,98,3,2,True,True,True,True,True
PERF_0168,Trabajo como docente de educación básica secundaria. En mi tiempo libre disfruto impresion 3d y musica. Quiero comprar bicicleta.,docencia_y_formacion,dentro_del_mvp,train,si,VEN_0168_3,2026-04-01,2026-06-30,situacion_critica,calculado,96.61,train,VEN_0168_3,2026-04-01,2026-06-30,situacion_critica,recomendacion_disponible,REC_PLAN_CONTENCION,aplicar,modelo_restringido,requerida,situacion_critica_con_revision_humana | hobbies_no_eliminados_automaticamente,99,1,3,True,True,True,True,True
PERF_0169,Trabajo como horticultor. En mi tiempo libre disfruto jardineria y agricultura urbana y videojuegos y streaming. Quiero comprar bicicleta. Tengo como responsabilidad apoyo parcial a dos familiares.,agricultura,dentro_del_mvp,train,si,VEN_0169_3,2026-04-01,2026-06-30,acumulacion_estable,calculado,89.48,train,VEN_0169_3,2026-04-01,2026-06-30,acumulacion_estable,recomendacion_disponible,REC_MANTENER_ACUMULACION,aplicar,modelo_restringido,no_requerida,hobbies_no_eliminados_automaticamente,96,1,1,True,True,True,True,True
PERF_0170,Trabajo como barbero. También genero ingresos con editor de video. En mi tiempo libre disfruto ciclismo y fotografia y video.,peluqueria_y_barberia,dentro_del_mvp,validation,si,VEN_0170_3,2026-04-01,2026-06-30,equilibrio_sostenible,calculado,93.11,validation,VEN_0170_3,2026-04-01,2026-06-30,equilibrio_sostenible,recomendacion_disponible,REC_CREAR_MARGEN,sugerir,modelo_restringido,no_requerida,hobbies_no_eliminados_automaticamente,95,1,1,True,True,True,True,True
PERF_0171,Trabajo como ingeniero de software. En mi tiempo libre disfruto pintura. Tengo como responsabilidad apoyo parcial a dos familiares.,ingenieria_y_desarrollo_de_software,dentro_del_mvp,test,si,VEN_0171_3,2026-04-01,2026-06-30,variable_resiliente,calculado,83.11,test,VEN_0171_3,2026-04-01,2026-06-30,variable_resiliente,recomendacion_disponible,REC_RESERVA_PICOS,aplicar,modelo_restringido,no_requerida,hobbies_no_eliminados_automaticamente,93,2,3,True,True,True,True,True
PERF_0172,Trabajo como nutricionista dietista. También genero ingresos con ciclista. En mi tiempo libre disfruto cocina y reposteria y videojuegos y streaming.,nutricion_y_dietetica,dentro_del_mvp,train,si,VEN_0172_3,2026-04-01,2026-06-30,uso_planificado_reserva,calculado,87.05,train,VEN_0172_3,2026-04-01,2026-06-30,uso_planificado_reserva,recomendacion_disponible,REC_VIGILAR_RESERVA,sugerir,modelo_restringido,no_requerida,hobbies_no_eliminados_automaticamente,98,2,4,True,True,True,True,True
PERF_0173,Trabajo como disc jockey. En mi tiempo libre disfruto manualidades y artesanias y pintura. Quiero hacer certificacion profesional.,musica_y_entretenimiento_dj,dentro_del_mvp,train,si,VEN_0173_3,2026-04-01,2026-06-30,deterioro_reciente,calculado,91.09,train,VEN_0173_3,2026-04-01,2026-06-30,deterioro_reciente,recomendacion_disponible,REC_PRIORIZAR_COBERTURA,aplicar,guarda_etica,requerida,cobertura_esencial_menor_a_un_mes | cambio_reciente_requiere_revision | hobbies_no_eliminados_automaticamente,97,1,2,True,True,True,True,True
PERF_0174,Trabajo como ciclista.,deporte_competitivo_ciclismo,dentro_del_mvp,train,si,VEN_0174_3,2026-04-01,2026-06-30,fragilidad_sostenida,calculado,99.6,train,VEN_0174_3,2026-04-01,2026-06-30,fragilidad_sostenida,recomendacion_disponible,REC_PRIORIZAR_COBERTURA,aplicar,modelo_restringido,no_requerida,proteccion_esencial_por_fragilidad | hobbies_no_eliminados_automaticamente,97,2,2,True,True,True,True,True
PERF_0175,Trabajo como repartidor de domicilios. En mi tiempo libre disfruto fotografia y video. Quiero hacer viaje. Tengo como responsabilidad apoyo parcial a dos familiares.,domicilios_mensajeria_y_reparto,dentro_del_mvp,validation,si,VEN_0175_3,2026-04-01,2026-06-30,situacion_critica,calculado,100.0,validation,VEN_0175_3,2026-04-01,2026-06-30,situacion_critica,recomendacion_disponible,REC_PLAN_CONTENCION,aplicar,modelo_restringido,requerida,situacion_critica_con_revision_humana | hobbies_no_eliminados_automaticamente,94,2,2,True,True,True,True,True
PERF_0176,Trabajo como vendedor de tienda. También genero ingresos con ingeniero de software. En mi tiempo libre disfruto videojuegos y streaming. Quiero mejorar vivienda.,ventas_al_por_menor,dentro_del_mvp,train,si,VEN_0176_3,2026-04-01,2026-06-30,acumulacion_estable,calculado,96.63,train,VEN_0176_3,2026-04-01,2026-06-30,acumulacion_estable,recomendacion_disponible,REC_MANTENER_ACUMULACION,aplicar,modelo_restringido,no_requerida,hobbies_no_eliminados_automaticamente,97,2,3,True,True,True,True,True
PERF_0177,Trabajo como editor de video. En mi tiempo libre disfruto turismo y viajes y jardineria y agricultura urbana. Quiero crear fondo emergencia. Tengo como responsabilidad ninguna declarada.,diseno_audiovisual_y_edicion_de_video,dentro_del_mvp,validation,si,VEN_0177_3,2026-04-01,2026-06-30,equilibrio_sostenible,calculado,98.31,validation,VEN_0177_3,2026-04-01,2026-06-30,equilibrio_sostenible,recomendacion_disponible,REC_CREAR_MARGEN,sugerir,modelo_restringido,no_requerida,hobbies_no_eliminados_automaticamente,92,1,1,True,True,True,True,True
PERF_0178,Trabajo como docente de educación básica secundaria. En mi tiempo libre disfruto impresion 3d. Tengo como responsabilidad aporte hogar compartido.,docencia_y_formacion,dentro_del_mvp,validation,si,VEN_0178_3,2026-04-01,2026-06-30,variable_resiliente,calculado,83.74,validation,VEN_0178_3,2026-04-01,2026-06-30,variable_resiliente,recomendacion_disponible,REC_PRIORIZAR_COBERTURA,aplicar,guarda_etica,no_requerida,cobertura_esencial_menor_a_un_mes | hobbies_no_eliminados_automaticamente,98,2,5,True,True,True,True,True
PERF_0179,Trabajo como horticultor. En mi tiempo libre disfruto jardineria y agricultura urbana. Quiero ampliar actividad economica. Tengo como responsabilidad apoyo mensual madre o padre.,agricultura,dentro_del_mvp,train,si,VEN_0179_3,2026-04-01,2026-06-30,uso_planificado_reserva,calculado,89.94,train,VEN_0179_3,2026-04-01,2026-06-30,uso_planificado_reserva,recomendacion_disponible,REC_PRIORIZAR_COBERTURA,aplicar,guarda_etica,no_requerida,cobertura_esencial_menor_a_un_mes | hobbies_no_eliminados_automaticamente,97,3,5,True,True,True,True,True
PERF_0180,Trabajo como barbero. También genero ingresos con repartidor de domicilios. En mi tiempo libre disfruto ciclismo y pintura.,peluqueria_y_barberia,dentro_del_mvp,train,si,VEN_0180_3,2026-04-01,2026-06-30,deterioro_reciente,calculado,78.6,train,VEN_0180_3,2026-04-01,2026-06-30,deterioro_reciente,recomendacion_disponible,REC_PRIORIZAR_COBERTURA,aplicar,guarda_etica,requerida,cobertura_esencial_menor_a_un_mes | cambio_reciente_requiere_revision | hobbies_no_eliminados_automaticamente,99,3,1,True,True,True,True,True
PERF_0181,Trabajo como ingeniero de software. En mi tiempo libre disfruto pintura y turismo y viajes. Quiero hacer viaje. Tengo como responsabilidad apoyo parcial a dos familiares.,ingenieria_y_desarrollo_de_software,dentro_del_mvp,train,si,VEN_0181_3,2026-04-01,2026-06-30,fragilidad_sostenida,calculado,99.1,train,VEN_0181_3,2026-04-01,2026-06-30,fragilidad_sostenida,recomendacion_disponible,REC_PRIORIZAR_COBERTURA,aplicar,modelo_restringido,no_requerida,proteccion_esencial_por_fragilidad | hobbies_no_eliminados_automaticamente,93,2,5,True,True,True,True,True
PERF_0182,Trabajo como nutricionista dietista. También genero ingresos con editor de video. Quiero comprar equipo de trabajo.,nutricion_y_dietetica,dentro_del_mvp,train,si,VEN_0182_3,2026-04-01,2026-06-30,situacion_critica,calculado,99.59,train,VEN_0182_3,2026-04-01,2026-06-30,situacion_critica,recomendacion_disponible,REC_PLAN_CONTENCION,aplicar,modelo_restringido,requerida,situacion_critica_con_revision_humana | hobbies_no_eliminados_automaticamente,92,4,5,True,True,True,True,True
PERF_0183,Trabajo como disc jockey. También genero ingresos con horticultor. En mi tiempo libre disfruto manualidades y artesanias y turismo y viajes. Quiero crear fondo emergencia. Tengo como responsabilidad medicamentos de un familiar.,musica_y_entretenimiento_dj,dentro_del_mvp,train,si,VEN_0183_3,2026-04-01,2026-06-30,acumulacion_estable,calculado,99.36,train,VEN_0183_3,2026-04-01,2026-06-30,acumulacion_estable,recomendacion_disponible,REC_MANTENER_ACUMULACION,aplicar,modelo_restringido,no_requerida,hobbies_no_eliminados_automaticamente,98,3,2,True,True,True,True,True
PERF_0184,Trabajo como ciclista. En mi tiempo libre disfruto musica. Quiero ampliar actividad economica. Tengo como responsabilidad gastos de un hijo.,deporte_competitivo_ciclismo,dentro_del_mvp,test,si,VEN_0184_3,2026-04-01,2026-06-30,equilibrio_sostenible,calculado,93.4,test,VEN_0184_3,2026-04-01,2026-06-30,equilibrio_sostenible,recomendacion_disponible,REC_CREAR_MARGEN,sugerir,modelo_restringido,no_requerida,hobbies_no_eliminados_automaticamente,98,2,4,True,True,True,True,True
PERF_0185,Trabajo como repartidor de domicilios. En mi tiempo libre disfruto fotografia y video y ciclismo. Quiero ampliar actividad economica. Tengo como responsabilidad medicamentos de un familiar.,domicilios_mensajeria_y_reparto,dentro_del_mvp,test,si,VEN_0185_3,2026-04-01,2026-06-30,variable_resiliente,calculado,56.36,test,VEN_0185_3,2026-04-01,2026-06-30,variable_resiliente,recomendacion_disponible,REC_PRIORIZAR_COBERTURA,aplicar,guarda_etica,no_requerida,cobertura_esencial_menor_a_un_mes | hobbies_no_eliminados_automaticamente,92,4,0,True,True,True,True,True
PERF_0186,Trabajo como vendedor de tienda.,ventas_al_por_menor,dentro_del_mvp,test,si,VEN_0186_3,2026-04-01,2026-06-30,uso_planificado_reserva,calculado,96.44,test,VEN_0186_3,2026-04-01,2026-06-30,uso_planificado_reserva,recomendacion_disponible,REC_VIGILAR_RESERVA,sugerir,modelo_restringido,no_requerida,hobbies_no_eliminados_automaticamente,100,3,7,True,True,True,True,True
PERF_0187,Trabajo como editor de video. En mi tiempo libre disfruto turismo y viajes. Tengo como responsabilidad apoyo parcial a dos familiares.,diseno_audiovisual_y_edicion_de_video,dentro_del_mvp,test,si,VEN_0187_3,2026-04-01,2026-06-30,deterioro_reciente,calculado,76.04,test,VEN_0187_3,2026-04-01,2026-06-30,deterioro_reciente,recomendacion_disponible,REC_REVISAR_CAMBIO_RECIENTE,solicitar_contexto,modelo_restringido,requerida,cambio_reciente_requiere_revision | hobbies_no_eliminados_automaticamente,94,1,2,True,True,True,True,True
PERF_0188,Trabajo como docente de educación básica secundaria. En mi tiempo libre disfruto impresion 3d y cocina y reposteria. Quiero mejorar vivienda.,docencia_y_formacion,dentro_del_mvp,validation,si,VEN_0188_3,2026-04-01,2026-06-30,fragilidad_sostenida,calculado,99.66,validation,VEN_0188_3,2026-04-01,2026-06-30,fragilidad_sostenida,recomendacion_disponible,REC_PRIORIZAR_COBERTURA,aplicar,modelo_restringido,no_requerida,proteccion_esencial_por_fragilidad | hobbies_no_eliminados_automaticamente,93,1,4,True,True,True,True,True
PERF_0189,Trabajo como horticultor. En mi tiempo libre disfruto jardineria y agricultura urbana y cocina y reposteria. Quiero mejorar vivienda. Tengo como responsabilidad ninguna declarada.,agricultura,dentro_del_mvp,validation,si,VEN_0189_3,2026-04-01,2026-06-30,situacion_critica,calculado,100.0,validation,VEN_0189_3,2026-04-01,2026-06-30,situacion_critica,recomendacion_disponible,REC_PLAN_CONTENCION,aplicar,modelo_restringido,requerida,situacion_critica_con_revision_humana | hobbies_no_eliminados_automaticamente,90,2,2,True,True,True,True,True
PERF_0190,Trabajo como barbero. En mi tiempo libre disfruto ciclismo y pintura. Quiero comprar equipo de trabajo. Tengo como responsabilidad aporte hogar compartido.,peluqueria_y_barberia,dentro_del_mvp,train,si,VEN_0190_3,2026-04-01,2026-06-30,acumulacion_estable,calculado,98.71,train,VEN_0190_3,2026-04-01,2026-06-30,acumulacion_estable,recomendacion_disponible,REC_MANTENER_ACUMULACION,aplicar,modelo_restringido,no_requerida,hobbies_no_eliminados_automaticamente,96,2,5,True,True,True,True,True
PERF_0191,Trabajo como ingeniero de software. En mi tiempo libre disfruto pintura y manualidades y artesanias.,ingenieria_y_desarrollo_de_software,dentro_del_mvp,validation,si,VEN_0191_3,2026-04-01,2026-06-30,equilibrio_sostenible,calculado,96.2,validation,VEN_0191_3,2026-04-01,2026-06-30,equilibrio_sostenible,recomendacion_disponible,REC_CREAR_MARGEN,sugerir,modelo_restringido,no_requerida,hobbies_no_eliminados_automaticamente,92,1,2,True,True,True,True,True
PERF_0192,Trabajo como nutricionista dietista. También genero ingresos con vendedor de tienda. En mi tiempo libre disfruto cocina y reposteria. Tengo como responsabilidad apoyo mensual madre o padre.,nutricion_y_dietetica,dentro_del_mvp,train,si,VEN_0192_3,2026-04-01,2026-06-30,variable_resiliente,calculado,74.66,train,VEN_0192_3,2026-04-01,2026-06-30,variable_resiliente,recomendacion_disponible,REC_RESERVA_PICOS,aplicar,modelo_restringido,no_requerida,hobbies_no_eliminados_automaticamente,98,2,1,True,True,True,True,True
PERF_0193,Trabajo como disc jockey. También genero ingresos con horticultor. En mi tiempo libre disfruto manualidades y artesanias y turismo y viajes.,musica_y_entretenimiento_dj,dentro_del_mvp,train,si,VEN_0193_3,2026-04-01,2026-06-30,uso_planificado_reserva,calculado,97.36,train,VEN_0193_3,2026-04-01,2026-06-30,uso_planificado_reserva,recomendacion_disponible,REC_PRIORIZAR_COBERTURA,aplicar,guarda_etica,no_requerida,cobertura_esencial_menor_a_un_mes | hobbies_no_eliminados_automaticamente,91,2,1,True,True,True,True,True
PERF_0194,Trabajo como ciclista. En mi tiempo libre disfruto musica y manualidades y artesanias. Quiero ampliar actividad economica. Tengo como responsabilidad gastos de un hijo.,deporte_competitivo_ciclismo,dentro_del_mvp,validation,si,VEN_0194_3,2026-04-01,2026-06-30,deterioro_reciente,calculado,92.59,validation,VEN_0194_3,2026-04-01,2026-06-30,deterioro_reciente,recomendacion_disponible,REC_PRIORIZAR_COBERTURA,aplicar,guarda_etica,requerida,cobertura_esencial_menor_a_un_mes | cambio_reciente_requiere_revision | hobbies_no_eliminados_automaticamente,100,3,6,True,True,True,True,True
PERF_0195,Trabajo como repartidor de domicilios. En mi tiempo libre disfruto fotografia y video y impresion 3d. Tengo como responsabilidad apoyo mensual madre o padre.,domicilios_mensajeria_y_reparto,dentro_del_mvp,validation,si,VEN_0195_3,2026-04-01,2026-06-30,fragilidad_sostenida,calculado,99.59,validation,VEN_0195_3,2026-04-01,2026-06-30,fragilidad_sostenida,recomendacion_disponible,REC_PRIORIZAR_COBERTURA,aplicar,modelo_restringido,no_requerida,proteccion_esencial_por_fragilidad | hobbies_no_eliminados_automaticamente,91,2,0,True,True,True,True,True
PERF_0196,Trabajo como vendedor de tienda. En mi tiempo libre disfruto videojuegos y streaming.,ventas_al_por_menor,dentro_del_mvp,validation,si,VEN_0196_3,2026-04-01,2026-06-30,situacion_critica,calculado,100.0,validation,VEN_0196_3,2026-04-01,2026-06-30,situacion_critica,recomendacion_disponible,REC_PLAN_CONTENCION,aplicar,modelo_restringido,requerida,situacion_critica_con_revision_humana | hobbies_no_eliminados_automaticamente,100,3,0,True,True,True,True,True
PERF_0197,Trabajo como editor de video. También genero ingresos con nutricionista dietista. En mi tiempo libre disfruto turismo y viajes. Quiero comprar equipo de trabajo. Tengo como responsabilidad ninguna declarada.,diseno_audiovisual_y_edicion_de_video,dentro_del_mvp,validation,si,VEN_0197_3,2026-04-01,2026-06-30,acumulacion_estable,calculado,96.71,validation,VEN_0197_3,2026-04-01,2026-06-30,acumulacion_estable,recomendacion_disponible,REC_MANTENER_ACUMULACION,aplicar,modelo_restringido,no_requerida,hobbies_no_eliminados_automaticamente,96,1,2,True,True,True,True,True
PERF_0198,Trabajo como docente de educación básica secundaria. Tengo como responsabilidad apoyo mensual madre o padre.,docencia_y_formacion,dentro_del_mvp,train,si,VEN_0198_3,2026-04-01,2026-06-30,equilibrio_sostenible,calculado,97.67,train,VEN_0198_3,2026-04-01,2026-06-30,equilibrio_sostenible,recomendacion_disponible,REC_CREAR_MARGEN,sugerir,modelo_restringido,no_requerida,hobbies_no_eliminados_automaticamente,96,1,4,True,True,True,True,True
PERF_0199,Trabajo como horticultor. En mi tiempo libre disfruto jardineria y agricultura urbana y ciclismo. Quiero comprar bicicleta. Tengo como responsabilidad aporte hogar compartido.,agricultura,dentro_del_mvp,validation,si,VEN_0199_3,2026-04-01,2026-06-30,variable_resiliente,calculado,91.46,validation,VEN_0199_3,2026-04-01,2026-06-30,variable_resiliente,recomendacion_disponible,REC_RESERVA_PICOS,aplicar,modelo_restringido,no_requerida,hobbies_no_eliminados_automaticamente,92,2,5,True,True,True,True,True
PERF_0200,Trabajo como barbero. También genero ingresos con disc jockey. Quiero hacer viaje.,peluqueria_y_barberia,dentro_del_mvp,train,si,VEN_0200_3,2026-04-01,2026-06-30,uso_planificado_reserva,calculado,99.23,train,VEN_0200_3,2026-04-01,2026-06-30,uso_planificado_reserva,recomendacion_disponible,REC_PRIORIZAR_COBERTURA,aplicar,guarda_etica,no_requerida,cobertura_esencial_menor_a_un_mes | hobbies_no_eliminados_automaticamente,92,2,3,True,True,True,True,True
